x	y	clickSelects
-0.122882919489031	0.294955401827452	17
0.036763659308689	0.534219950381499	17
0.09095314980477	0.935945003048252	17
-0.07737395173155	0.618687623696823	17
-0.067472542117294	0.616915787979122	17
-0.116803569388739	0.200485458666901	14
-0.022414705370615	0.398872715367801	333
0.084829506275376	0.648195397537939	333
-0.058210554044253	0.85858596252825	251
0.10849975771343	0.909979971859297	251
0.109743743430277	0.869950438596673	2
-0.11221146144475	0.393621807390903	2
0.087907198807007	0.452484514390341	49
-0.100289824760317	0.512240439258521	2
-0.12007848735221	0.204453168240212	5
-0.027053304918071	0.420165971043685	5
-0.116803569388739	0.200485458666901	5
0.092626124335063	0.683952123844607	471
0.036236451984303	0.553322056275288	110
0.088237444261981	0.453695468975854	46
-0.027237639279708	0.41400620010272	46
-0.113373320249311	0.197295776672265	46
-0.114276718414551	0.193049284343688	46
-0.025738274435842	0.642046515907497	46
-0.107456003811005	0.400733307570758	46
-0.12007848735221	0.204453168240212	46
0.084522008704454	0.446394414578797	60
0.014135151573097	0.321977938256475	60
-0.12136535375548	0.200390435746801	60
-0.120721862288512	0.2046467358426	260
-0.119826751233896	0.20033713359998	44
-0.122191097904116	0.292287171637766	44
-0.12007848735221	0.204453168240212	44
0.00715127867185295	0.323114916793462	44
-0.120973052059038	0.200123508811535	1
-0.120973052059038	0.200123508811535	1
0.025502942601691	0.652540370049536	17
0.014135151573097	0.321977938256475	17
0.00840616347674605	0.327834638337436	17
-0.116803569388739	0.200485458666901	17
-0.117311514131807	0.200095400279662	17
0.00847335321216702	0.318893072256514	17
-0.120805100279719	0.288715238081528	17
0.00840616347674605	0.327834638337436	17
-0.121614503829135	0.289881126074392	14
-0.12007848735221	0.204453168240212	251
-0.120199888649241	0.300925411916508	158
-0.114020497214434	0.197062250716419	9
-0.119687673750916	0.195889657045268	9
-0.116412291088309	0.201494267434819	9
-0.116666934287201	0.197204402740103	2
0.00943901268285097	0.32818137286167	2
-0.114276718414551	0.193049284343688	732
-0.12007848735221	0.204453168240212	105
-0.12007848735221	0.204453168240212	5
-0.120721862288512	0.2046467358426	110
0.00840616347674605	0.327834638337436	46
-0.12136535375548	0.200390435746801	46
-0.117449528248709	0.19750558552597	46
-0.117057501300934	0.204573630547874	44
-0.113116547603606	0.193640062978391	17
-0.117311514131807	0.200095400279662	732
0.00742174301786902	0.317804686004059	17
-0.122206858831591	0.194925786052955	17
-0.122589808095553	0.197875007571458	17
-0.117449528248709	0.19750558552597	17
-0.120721862288512	0.2046467358426	2
-0.122589808095553	0.197875007571458	46
0.03045532954132	0.760027649678869	17
-0.031882444287757	0.525529586012345	17
-0.043061553995114	0.368031688727339	17
0.077322504677795	0.764285780035426	17
-0.020487983806755	0.636773126728574	17
0.030351190558776	0.742338288356864	17
0.013437485960316	0.328612410677434	17
-0.120721862288512	0.2046467358426	17
-0.098027433791826	0.515283168116219	158
0.017107848296269	0.320630992133186	158
0.098491511205961	1.0953725405884	9
0.084797077780245	0.450073896007232	9
-0.037836863595348	0.51076932730364	9
-0.039048813453474	0.528949049891404	2
-0.024757382116618	0.42498249991298	2
-0.12007848735221	0.204453168240212	2
-0.028285284997428	0.415248578638507	2
0.00384177621152604	0.317256639268976	2
-0.120973052059038	0.200123508811535	105
-0.12136535375548	0.200390435746801	105
0.080389637692842	0.659557713276143	5
-0.116803569388739	0.200485458666901	46
-0.120721862288512	0.2046467358426	46
-0.117057501300934	0.204573630547874	46
-0.115769312169604	0.29455749951646	46
0.00816441998532302	0.317535095866525	46
0.0792858103540099	0.438844242156347	9
-0.124970425385114	0.193742464728766	9
-0.119435230457575	0.200132268237845	260
-0.117956214245167	0.197127918381344	18
0.017457082715139	0.321052209534861	18
-0.117057501300934	0.204573630547874	44
-0.117057501300934	0.204573630547874	44
-0.116412291088309	0.201494267434819	1
-0.120973052059038	0.200123508811535	1
-0.116412291088309	0.201494267434819	1
-0.120973052059038	0.200123508811535	1
-0.119826751233896	0.20033713359998	1
-0.12007848735221	0.204453168240212	1
-0.059843886577779	0.631472828845771	17
0.073384236837623	1.1429842620456	17
-0.085412757508503	0.707528177871744	17
0.039976039789398	0.54462336831159	17
-0.101122020705086	0.779347952275097	17
-0.124223573352334	0.601775551428337	17
-0.030017053798483	0.423030758685342	17
-0.118108515473762	0.768901502047029	17
-0.099475185082221	0.499504723080599	333
-0.077931926557403	1.00051995565314	251
-0.039973837991823	0.888093088690162	158
0.056369914145346	0.963177648604549	158
0.022104861197322	1.02371133533126	158
0.00812291252661501	0.325881568855884	9
0.062962365646659	0.872919387802489	2
0.018284423149635	0.739520002549559	2
-0.084574902950954	0.511491346282827	2
0.037162911529855	0.538713194362556	2
-0.122848200924527	0.197765865607588	2
-0.033533245960683	0.413204159895102	2
0.032652894076305	0.761251892935213	2
0.078905432493158	0.429804015896962	2
0.0904538401241179	0.678138777438076	5
-0.123243834950934	0.296094674641304	5
-0.031301961319713	0.408517117879687	46
0.007772375811258	0.325438977521151	46
-0.0292883931190761	0.423026542946313	46
0.097081704772937	0.432518719119234	46
0.012080788240963	0.315875499322088	46
-0.123482629277117	0.293096756769324	60
-0.117602966647127	0.3927539949401	60
0.092209664436227	0.426458601359178	44
-0.026750753868819	0.420836375801509	44
0.085939719827861	0.443971281728221	1
-0.119826751233896	0.20033713359998	1
-0.029127093547709	0.41747307734589	1
-0.120721862288512	0.2046467358426	1
-0.120330303455051	0.199948663374727	1
-0.119435230457575	0.200132268237845	1
-0.119687673750916	0.195889657045268	1
-0.119435230457575	0.200132268237845	1
-0.06515838516856	0.922695899829104	17
-0.056642866608928	0.963894190237991	17
-0.0738414050698319	0.793297927863286	17
0.00840616347674605	0.327834638337436	17
-0.057765904589745	0.626982877584543	17
-0.123935389068659	0.296923126019998	14
-0.088026819430312	0.791859267866138	17
0.075179384009501	0.786401444640114	17
0.12277381142015	1.10083797086458	333
0.071689171255985	0.803334320473735	158
0.014135151573097	0.321977938256475	158
-0.017428138321599	0.414438569756734	9
0.00840616347674605	0.327834638337436	9
0.079057738799586	0.791186182327954	2
-0.104613612010169	0.400798949910118	9
0.031262205313365	0.850053557543156	9
0.014407308611782	0.653950261448294	2
0.088946658035357	0.454988490771852	2
0.036236451984303	0.553322056275288	2
-0.12007848735221	0.204453168240212	2
-0.116803569388739	0.200485458666901	2
-0.109268426249999	0.400858105480947	2
0.089217237550092	0.441476550225025	105
0.011383759233383	0.322188322068593	5
-0.117311514131807	0.200095400279662	46
0.083189155832297	0.65928094006688	46
-0.119507930225573	0.300966095117367	46
-0.028132007064095	0.419255591760066	46
-0.120721862288512	0.2046467358426	46
-0.12007848735221	0.204453168240212	299
0.088237444261981	0.453695468975854	302
-0.124174173814431	0.295153809512105	44
-0.121947828535533	0.195032713326623	13
-0.116412291088309	0.201494267434819	13
-0.117702830916985	0.201427292338264	1
-0.117449528248709	0.19750558552597	1
-0.117311514131807	0.200095400279662	1
-0.12007848735221	0.204453168240212	1
-0.119826751233896	0.20033713359998	1
-0.11615772906775	0.197583163682632	1
-0.12007848735221	0.204453168240212	33
-0.120721862288512	0.2046467358426	257
-0.117057501300934	0.204573630547874	126
-0.118909175258417	0.191179039390635	17
0.090035982617906	0.4567775112976	26
-0.117057501300934	0.204573630547874	17
0.0856082068062241	0.449424236114679	17
-0.0298528182182311	0.416575687439777	17
-0.120721862288512	0.2046467358426	251
-0.12136535375548	0.200390435746801	158
-0.119193918396829	0.38585275752554	9
-0.120973052059038	0.200123508811535	2
-0.120721862288512	0.2046467358426	2
-0.11615772906775	0.197583163682632	5
0.089276848515942	0.442318767590875	5
-0.116803569388739	0.200485458666901	46
-0.120973052059038	0.200123508811535	46
-0.120330303455051	0.199948663374727	46
-0.121615918050108	0.196112820989389	46
-0.120470752247048	0.200512290479624	454
-0.11615772906775	0.197583163682632	13
-0.120721862288512	0.2046467358426	17
0.046549796547071	1.00520371079224	17
-0.100044730410982	0.491758054214369	17
0.018828356115917	0.75373153680271	26
-0.025051782542348	0.418155561890746	17
-0.123243834950934	0.296094674641304	17
0.0147981507684199	0.739074613940069	17
-0.12136535375548	0.200390435746801	158
0.00875447218836301	0.328282494069353	158
-0.10476524727401	0.493441680074932	2
0.012753322642864	0.330192537114287	2
0.00783335463891899	0.32456687202062	2
0.017121727931121	0.314455114670718	195
0.016772687467053	0.321027945067643	195
-0.023143063850918	0.398771220786583	2
0.00875447218836301	0.328282494069353	105
-0.116666934287201	0.197204402740103	5
-0.117702830916985	0.201427292338264	46
0.00805776798109403	0.320063088118638	46
-0.120330303455051	0.199948663374727	46
0.00349184752111897	0.322232072938103	46
-0.025905990207987	0.42576602131958	9
0.010123145971097	0.325605140765547	9
-0.12007848735221	0.204453168240212	9
-0.120973052059038	0.200123508811535	9
-0.120973052059038	0.200123508811535	9
-0.117702830916985	0.201427292338264	44
-0.121114868935319	0.196485095929906	44
-0.025299618211528	0.423011994204244	17
-0.11613164991459	0.292683200032962	17
0.012753322642864	0.330192537114287	17
0.00783335463891899	0.32456687202062	26
-0.120973052059038	0.200123508811535	17
0.026522540244168	0.77219804475534	17
-0.119826751233896	0.20033713359998	17
-0.12136535375548	0.200390435746801	17
0.00315929994742603	0.315000589336867	17
-0.121830106278872	0.286351306548892	17
0.089545401546315	0.437775363879818	251
-0.117311514131807	0.200095400279662	2
0.00812291252661501	0.325881568855884	2
-0.119838486971052	0.299741119212167	2
-0.119687673750916	0.195889657045268	2
-0.117702830916985	0.201427292338264	195
0.00942601895775297	0.317584667311285	2
0.00783335463891899	0.32456687202062	5
-0.117449528248709	0.19750558552597	46
-0.120330303455051	0.199948663374727	46
-0.114020497214434	0.197062250716419	9
0.00954685165681002	0.31223858983506	17
0.025855241485639	0.231437465530101	17
0.00840616347674605	0.327834638337436	17
0.038000244673032	0.548633980044962	17
-0.12007848735221	0.204453168240212	17
0.00910269415722298	0.321162374326109	17
-0.116412291088309	0.201494267434819	9
-0.117702830916985	0.201427292338264	2
-0.120721862288512	0.2046467358426	9
0.08037593805343	0.441533453087551	9
-0.120721862288512	0.2046467358426	2
-0.12136535375548	0.200390435746801	5
-0.0485147302441	1.20785272796821	17
0.024513146550331	0.937757435547691	17
-0.066492969490635	1.24303133300846	17
0.061136043385568	0.979435307837725	17
0.093901840032839	1.91550281008025	2
-0.066918985385093	1.03655569182434	2
-0.117893573669321	0.393363534034004	5
-0.064986344298972	0.961555415152565	5
0.030678920280714	1.56909429003267	5
-0.029011968269826	0.414359709030938	5
-0.099585491182042	0.780021449769499	46
-0.113696545683844	0.395124614332337	46
-0.115990925487675	0.760274023418335	9
0.014494647346452	0.654463726478045	302
-0.081541062389057	0.772308204836472	9
-0.107456003811005	0.400733307570758	9
0.076789008865445	0.792844953616196	9
-0.077066632643928	0.613612012378912	9
0.03521849476961	0.550215980531875	9
-0.110565199517272	0.386573521535966	9
-0.044606200980816	0.728977445580034	44
0.017309172411841	0.644039963047734	44
-0.101444737851848	0.615689788073977	44
-0.116461658278738	0.293214439417179	18
-0.081289727360538	0.726179949001395	44
0.095729579409811	0.952741996978617	44
-0.0451787297923441	0.815234905764869	44
0.0238202986445299	0.868318302837333	13
-0.064044987970573	0.814161744257595	13
-0.012323244763335	0.764563204673082	1
-0.119838486971052	0.299741119212167	1
-0.119146354347207	0.299784133614005	6
0.081797500230221	0.439178785898389	374
0.00280947771833695	0.319884864543397	1
-0.118909175258417	0.191179039390635	128
0.010123145971097	0.325605140765547	128
0.088616189751573	0.456925526868453	257
-0.121614503829135	0.289881126074392	28
-0.119838486971052	0.299741119212167	28
-0.116412291088309	0.201494267434819	57
-0.119838486971052	0.299741119212167	1
-0.0361389557794281	0.40178344019411	163
0.022151937690745	1.40852210742639	17
-0.065382808501725	0.633135465848171	17
-0.091183931954356	0.513734784084972	17
0.086285457934821	0.677696124488437	26
-0.031171093464135	0.418011364642456	26
0.042708624587758	0.548165802748786	17
-0.05933215124223	0.810319974735359	17
0.022277576585876	0.931708004122513	17
-0.114438496801935	0.393510583965143	14
-0.120973052059038	0.200123508811535	2
-0.116461658278738	0.293214439417179	2
-0.123231915020964	0.194954623237847	2
-0.102930341888744	0.398673492426802	2
-0.121620921455371	0.368600123319184	2
-0.047837765825255	0.507553603091601	2
0.087736738260209	0.431961142616682	2
-0.113373320249311	0.197295776672265	2
0.013102092693751	0.33064391436923	5
0.00840616347674605	0.327834638337436	196
-0.114020497214434	0.197062250716419	5
-0.12007848735221	0.204453168240212	46
-0.109268426249999	0.400858105480947	46
-0.12007848735221	0.204453168240212	9
-0.110318189495269	0.189214708148377	9
-0.119838486971052	0.299741119212167	302
-0.119146354347207	0.299784133614005	44
-0.120721862288512	0.2046467358426	44
-0.119826751233896	0.20033713359998	44
0.012417410319734	0.329143753734825	44
-0.117311514131807	0.200095400279662	13
-0.12007848735221	0.204453168240212	1
-0.116412291088309	0.201494267434819	1
-0.117702830916985	0.201427292338264	1
-0.120973052059038	0.200123508811535	17
0.081034571839348	0.429657100540527	17
-0.120973052059038	0.200123508811535	17
0.091950234716642	0.442840015490109	17
-0.11615772906775	0.197583163682632	245
-0.12007848735221	0.204453168240212	245
-0.12136535375548	0.200390435746801	245
-0.027673486026122	0.413700358274345	14
-0.0304434781019119	0.420206427354875	17
-0.117449528248709	0.19750558552597	17
-0.121615918050108	0.196112820989389	9
-0.121615918050108	0.196112820989389	2
-0.117057501300934	0.204573630547874	2
-0.124987514854299	0.294108270656176	2
-0.119826751233896	0.20033713359998	2
-0.117057501300934	0.204573630547874	2
-0.120721862288512	0.2046467358426	2
0.012765987318851	0.322034822754662	9
-0.116412291088309	0.201494267434819	46
-0.117057501300934	0.204573630547874	549
-0.120330303455051	0.199948663374727	90
-0.123231915020964	0.194954623237847	44
-0.12136535375548	0.200390435746801	13
-0.018054468524269	0.904322461397264	245
-0.116666934287201	0.197204402740103	17
-0.064675916765963	0.954599128515514	17
-0.124174173814431	0.295153809512105	158
-0.070324301572981	0.597592924928584	2
0.01218213137086	0.315374733043265	2
-0.06047435841414	0.721960721760785	2
-0.113709166103456	0.578204882645851	2
0.123332589924463	0.781922702896695	2
-0.11715391627713	0.287810286343189	5
-0.117057501300934	0.204573630547874	5
-0.121615918050108	0.196112820989389	5
-0.038106406726755	0.52081481712993	5
0.084899274863649	0.44951558752831	46
-0.120076321837526	0.284214547550647	46
0.088994815642282	0.454932127149402	701
-0.096854938845879	0.511493149579142	9
0.013102092693751	0.33064391436923	9
0.018358398720064	0.662040504361709	46
-0.122823448299444	0.373880766484102	9
0.038179569405179	0.54464951568023	9
0.081609502421741	0.68093461835727	9
-0.029174844826706	0.520532276496521	9
-0.047487278824548	0.514113875067669	549
-0.117057501300934	0.204573630547874	9
0.092660083201946	0.446088246323542	44
-0.124174173814431	0.295153809512105	68
0.011732317175234	0.322617805268175	13
-0.124987514854299	0.294108270656176	13
0.077503147109422	0.667805989748468	13
0.092330466408585	0.44585330414547	1
0.013102092693751	0.33064391436923	1
-0.120721862288512	0.2046467358426	91
-0.114020497214434	0.197062250716419	66
-0.123489671262306	0.194848034708994	1
-0.120973052059038	0.200123508811535	1
-0.119182867405107	0.196262216603294	1
-0.120721862288512	0.2046467358426	57
-0.119435230457575	0.200132268237845	17
-0.116461658278738	0.293214439417179	17
0.087793150145186	0.43828060439644	17
-0.081711673779738	0.79686602649364	17
0.0273967007195221	0.537457821831067	235
-0.024321881018922	0.414198978908176	17
0.00875447218836301	0.328282494069353	9
0.089930188363553	0.438301886540134	2
-0.120721862288512	0.2046467358426	2
-0.12007848735221	0.204453168240212	2
-0.120721862288512	0.2046467358426	90
-0.015901610387085	1.07117574242208	26
-0.089339625923311	0.902686876501791	17
0.087579329994981	0.683123678869607	17
-0.107213295260119	0.398167450800246	17
-0.107014875857688	0.614075040821343	17
-0.010992997141177	0.739011303061465	17
-0.00209944669143403	0.9171479191052	17
-0.112072497439033	0.825877894751356	17
-0.028392198467145	0.402006751248759	158
-0.090740870147816	0.691455178940987	2
-0.055129703098063	1.04740193617472	2
0.00840616347674605	0.327834638337436	5
0.085508806586936	0.448682357348646	5
-0.109268426249999	0.400858105480947	5
0.08397038379143	1.00568963454698	196
-0.015116882615382	0.757202479195758	9
-0.016703573364595	0.81509975249703	46
-0.0781868577823021	0.609504665032991	9
0.0220957994447	0.512121061834763	9
-0.090412569460884	0.699067931065682	9
0.084414562963317	0.44951721000434	90
-0.117057501300934	0.204573630547874	9
-0.119507930225573	0.300966095117367	68
0.0327041003740151	0.537884520932579	13
0.08932578411326	0.4582379329993	13
-0.119838486971052	0.299741119212167	197
-0.124626848833241	0.296052996581659	1
-0.117893573669321	0.393363534034004	1
-0.033862437382716	0.526785132467592	1
-0.120721862288512	0.2046467358426	28
-0.120330303455051	0.199948663374727	57
-0.120973052059038	0.200123508811535	57
0.032935571443179	1.10772600835471	17
-0.109303823408468	0.997337487276186	17
-0.00306995612900096	1.21803196472982	17
-0.120721862288512	0.2046467358426	158
-0.120199888649241	0.300925411916508	158
0.023528602087949	0.845311595037925	2
-0.120330303455051	0.199948663374727	2
0.084085954980099	0.448795142168311	2
-0.039038938781371	0.535838310811112	2
-0.12007848735221	0.204453168240212	2
-0.06272517550644	0.69901008660858	185
-0.12136535375548	0.200390435746801	5
-0.115291218989859	0.400505603624498	5
0.012417410319734	0.329143753734825	5
0.037480485426047	0.544538147706605	76
0.00805776798109403	0.320063088118638	9
0.00783335463891899	0.32456687202062	37
0.00417380424795399	0.32214223099419	68
-0.120721862288512	0.2046467358426	68
0.00909059836539905	0.327734281589941	44
-0.120891755803397	0.298662128853916	10
-0.030621627677185	0.406082713689756	13
0.00886551183397699	0.318098239885646	197
0.00875447218836301	0.328282494069353	1
0.00417380424795399	0.32214223099419	1
-0.120721862288512	0.2046467358426	66
-0.119435230457575	0.200132268237845	1
0.080705394149255	0.440922559180256	1
-0.12007848735221	0.204453168240212	1
-0.116412291088309	0.201494267434819	128
-0.120973052059038	0.200123508811535	57
-0.123489671262306	0.194848034708994	57
0.057309715669964	1.13237123155154	17
0.0304063989558731	0.643707313153304	17
-0.049198520549871	0.488554281402277	17
-0.108196609852126	0.396013255243892	17
0.00943901268285097	0.32818137286167	17
0.120288821868368	1.19197308284074	235
0.016453608067876	0.750279614666253	17
-0.076154431226786	0.620561979419759	17
-0.111920115902973	0.388525924219799	17
-0.105452157606148	0.623508135713911	17
-0.120721862288512	0.2046467358426	158
-0.121114868935319	0.196485095929906	2
-0.115168788871359	0.389748711053254	2
-0.052755496634187	0.725638368392612	2
0.117789475011636	0.775674125062135	185
0.084085954980099	0.448795142168311	5
0.010123145971097	0.325605140765547	331
-0.11459885490893	0.388514449462762	9
0.013437485960316	0.328612410677434	9
-0.120470752247048	0.200512290479624	9
0.011149529504489	0.310209455985186	9
0.038276289602068	0.549864359649029	9
0.00417380424795399	0.32214223099419	9
0.076175836711629	0.422925712781066	9
0.0856082068062241	0.449424236114679	9
-0.117311514131807	0.200095400279662	37
-0.121583531193453	0.292336955031564	13
0.013102092693751	0.33064391436923	1
-0.00111118893159801	0.306329461805697	91
-0.120721862288512	0.2046467358426	6
-0.123935389068659	0.296923126019998	431
-0.12136535375548	0.200390435746801	69
-0.117057501300934	0.204573630547874	1
-0.12007848735221	0.204453168240212	57
-0.115470992085245	0.384142963622753	17
-0.101710146157216	0.625782741966989	26
-0.037512797342325	0.523908309141914	17
0.00874209721419605	0.31998123347016	17
-0.112975861843987	0.779751081083902	17
-0.104359852165364	0.597049570310612	17
-0.119826751233896	0.20033713359998	158
-0.023725935052473	0.425709803205483	9
0.065671085189695	0.783283610555516	2
-0.116803569388739	0.200485458666901	9
-0.11615772906775	0.197583163682632	298
0.089217237550092	0.441476550225025	2
0.00943901268285097	0.32818137286167	2
-0.097503495312549	0.379753712643193	185
-0.120805100279719	0.288715238081528	2
-0.101340840851741	0.608073176520125	5
0.01384503747101	0.629249288515469	5
0.012417410319734	0.329143753734825	5
-0.124957818002538	0.29214491437946	46
0.087027888527696	0.441977573845466	46
-0.11615772906775	0.197583163682632	289
-0.025299618211528	0.423011994204244	9
-0.119826751233896	0.20033713359998	9
0.097846568144314	0.433632829210218	9
0.011383759233383	0.322188322068593	9
0.012068746394606	0.328696223914444	76
-0.119177729118156	0.296854760211614	9
0.00942601895775297	0.317584667311285	9
-0.114020497214434	0.197062250716419	9
-0.122848200924527	0.197765865607588	37
-0.120973052059038	0.200123508811535	37
-0.120470752247048	0.200512290479624	37
0.00417380424795399	0.32214223099419	37
-0.120330303455051	0.199948663374727	44
0.085276422229502	0.44759440520637	44
-0.117057501300934	0.204573630547874	13
-0.120721862288512	0.2046467358426	13
0.011851129511472	0.310747415681377	13
-0.12007848735221	0.204453168240212	91
-0.121947828535533	0.195032713326623	1
-0.120721862288512	0.2046467358426	431
-0.12007848735221	0.204453168240212	57
-0.065669142891752	0.962241619016641	17
0.08687534320325	0.948791822075443	17
-0.065710296079757	0.865853609951441	17
0.045702175963632	1.02720929423919	9
-0.114547634604199	0.403476236485433	2
-0.114729593271215	0.389616861855228	5
-0.120199888649241	0.300925411916508	5
-0.030146844683718	0.648260699090133	5
0.084522008704454	0.446394414578797	46
-0.12007848735221	0.204453168240212	9
0.07964021597595	0.657779258358192	76
0.066239311563204	0.766791024610705	9
0.00875447218836301	0.328282494069353	90
-0.117057501300934	0.204573630547874	13
-0.119435230457575	0.200132268237845	13
-0.120470752247048	0.200512290479624	13
-0.117057501300934	0.204573630547874	841
-0.12007848735221	0.204453168240212	6
-0.117702830916985	0.201427292338264	66
-0.117702830916985	0.201427292338264	6
-0.120721862288512	0.2046467358426	57
0.048547621331723	1.31667781181693	17
0.119624318206697	0.933205523463963	2
-0.018299361101981	0.742663434715092	2
0.00943901268285097	0.32818137286167	9
-0.120330303455051	0.199948663374727	9
-0.124987514854299	0.294108270656176	90
-0.019373920406763	0.640067863059219	37
-0.0105120694124	1.02288999252878	37
-0.122589808095553	0.197875007571458	10
-0.023725935052473	0.425709803205483	10
0.076503167140649	0.414857719336258	268
-0.119182867405107	0.196262216603294	268
-0.120973052059038	0.200123508811535	10
-0.120721862288512	0.2046467358426	13
-0.042292975302187	0.804163519888995	13
-0.120470752247048	0.200512290479624	91
-0.120721862288512	0.2046467358426	6
-0.117311514131807	0.200095400279662	841
0.00840616347674605	0.327834638337436	66
-0.12136535375548	0.200390435746801	1
-0.120973052059038	0.200123508811535	1
-0.124987514854299	0.294108270656176	57
-0.120973052059038	0.200123508811535	57
-0.117311514131807	0.200095400279662	57
0.00567379317696204	2.01516179594594	17
-0.042317384898191	0.951831655125732	235
0.054918201855252	1.04786685917279	2
-0.100584724197747	0.61284498743592	2
-0.120721862288512	0.2046467358426	9
-0.116315893147367	0.693027591678976	331
0.012080788240963	0.315875499322088	90
-0.124296228414601	0.294967233357828	37
-0.119177729118156	0.296854760211614	37
-0.122589808095553	0.197875007571458	37
0.00942601895775297	0.317584667311285	37
-0.120470752247048	0.200512290479624	268
-0.117311514131807	0.200095400279662	10
0.007772375811258	0.325438977521151	13
0.037717286139145	0.545576694293829	13
-0.120973052059038	0.200123508811535	66
0.093040697019455	0.449154529550233	69
0.013102092693751	0.33064391436923	57
-0.120470752247048	0.200512290479624	57
-0.119826751233896	0.20033713359998	57
-0.059905065819385	1.64487004221512	17
-0.049243333900982	1.30598431518265	235
-0.083247547550124	0.874087381075482	2
-0.080284557369373	0.597924505202497	17
0.085133015424967	1.59234471309155	17
-0.00316862506639903	1.05257719511049	9
-0.084072890976031	0.848258866479722	9
0.070236827399931	1.25820355882788	331
0.018063196120747	1.53776885700964	5
-0.111208071445614	1.12217218356573	9
-0.084096059911521	0.511202853550409	9
0.07555144708316	1.20279041589394	9
0.0141212343235519	0.322270556407028	90
0.078956803475609	0.43456227656002	90
-0.120330303455051	0.199948663374727	37
-0.030157754380931	0.414370626957019	68
-0.050208441190719	0.720529639044291	37
0.090083676896034	0.445777181066513	37
0.035034843826281	0.550590306995333	268
-0.025905990207987	0.42576602131958	268
0.00840616347674605	0.327834638337436	13
-0.110924008805168	0.402758400025852	13
0.00384177621152604	0.317256639268976	91
-0.12007848735221	0.204453168240212	1
-0.119826751233896	0.20033713359998	83
-0.12136535375548	0.200390435746801	57
0.017457082715139	0.321052209534861	57
0.084467964664381	0.440189588473156	57
0.00874209721419605	0.31998123347016	57
-0.124266280020454	0.294908739994208	57
-0.058615641170172	0.706339883860808	17
0.114571997385519	1.04969425668241	17
-0.094711285800562	0.519846348105006	2
0.0646624978047921	0.89666396613836	5
0.103212475614932	1.12824546797819	5
0.106650699334362	0.901576761878697	5
0.021166033046123	0.922033896002706	9
-0.089655266731172	0.667137732336754	9
0.088209368133612	1.14046857378384	76
-0.041419749867523	0.81831435525658	76
-0.031171093464135	0.418011364642456	76
-0.120330303455051	0.199948663374727	76
-0.07440670601735	0.628612788590069	9
-0.035008408067692	0.531205745617033	9
-0.038106406726755	0.52081481712993	9
0.038276289602068	0.549864359649029	37
-0.023421868116559	0.420138002724329	37
0.033263638083403	0.531821971034704	37
0.034186018166615	0.533601793603718	68
-0.026209468235704	0.41662028428003	37
-0.039829125854933	0.527963194682935	10
0.00382368131763999	0.316615107804623	10
0.036514470720735	0.547913005959978	10
0.013246224581507	0.642425593023275	13
0.00840616347674605	0.327834638337436	13
0.0802639707959551	0.425231774601033	841
-0.030157754380931	0.414370626957019	66
-0.12007848735221	0.204453168240212	66
-0.12136535375548	0.200390435746801	535
-0.119826751233896	0.20033713359998	69
-0.12136535375548	0.200390435746801	69
-0.12136535375548	0.200390435746801	57
-0.121615918050108	0.196112820989389	57
-0.121615918050108	0.196112820989389	57
0.00875447218836301	0.328282494069353	57
-0.120721862288512	0.2046467358426	57
-0.120973052059038	0.200123508811535	146
-0.119687673750916	0.195889657045268	57
-0.120721862288512	0.2046467358426	57
-0.100665457380997	1.3440721231482	17
-0.086447481481353	1.09221262601628	17
-0.090915382564801	0.602760004910678	2
-0.064393172920988	0.861700293313929	239
0.031520112725906	1.1165845856564	5
0.092013574133997	1.06256374444535	5
-0.066329948634211	0.679071033660609	9
-0.109906048309446	0.708559167948731	76
0.016830985952862	0.641171762504993	76
-0.120440661468521	0.289069193339511	76
0.1060833523499	0.995831850771885	9
-0.020981099923064	0.702061658868759	9
0.046327706006437	0.520001025996858	75
-0.075091777116878	0.607957565155033	90
-0.102930341888744	0.398673492426802	37
-0.113803658005813	0.404455320801665	268
0.03185081996345	0.549272454118196	13
-0.120530528142238	0.297501718308396	91
-0.119435230457575	0.200132268237845	66
0.010123145971097	0.325605140765547	535
-0.120973052059038	0.200123508811535	57
0.00280947771833695	0.319884864543397	57
-0.120721862288512	0.2046467358426	57
0.00909059836539905	0.327734281589941	57
-0.120470752247048	0.200512290479624	57
-0.12007848735221	0.204453168240212	57
-0.064164162359056	0.705717619339275	235
-0.049238326326096	0.464947225567356	190
-0.035079358787353	1.24482417173971	17
0.070040398752652	0.777043910154168	17
-0.00633434927013699	0.912077718959431	2
-0.106399702748969	0.398653970021843	5
0.064454138781564	0.889266544402559	331
0.090924324802189	0.678707189415633	331
0.06806359079189	0.847638973201623	331
0.0340404992615581	1.3224446685525	9
-0.119146354347207	0.299784133614005	9
0.073120120303611	0.88715236197283	9
0.039201535037683	0.551752912787097	75
-0.109968244742117	0.674185116311628	75
-0.023046010318421	0.707675047517308	90
-0.109633381324072	0.68379601947458	90
0.114791815503108	0.889303846520211	90
0.124200678268724	0.782878097683946	68
-0.056388551613298	0.702965644274351	37
-0.104431411588295	0.746886947881994	10
0.030367258772926	0.542054650737187	268
-0.069192819626445	0.636721614188013	13
-0.039991842046422	0.523880796561498	13
-0.066239065705278	0.630643094438032	91
-0.119834648257642	0.387716416259474	841
0.012068746394606	0.328696223914444	69
-0.120440661468521	0.289069193339511	69
0.00280947771833695	0.319884864543397	69
-0.120721862288512	0.2046467358426	69
0.00943901268285097	0.32818137286167	57
-0.0292883931190761	0.423026542946313	57
-0.117057501300934	0.204573630547874	57
-0.120470752247048	0.200512290479624	57
0.00280947771833695	0.319884864543397	407
-0.034564721843758	0.408031264636317	407
-0.120973052059038	0.200123508811535	57
0.012417410319734	0.329143753734825	57
-0.12007848735221	0.204453168240212	57
-0.120721862288512	0.2046467358426	57
-0.08991071898003	1.40199365583539	17
0.080813463650689	0.787116308728851	17
-0.00292801391814701	0.965423645947338	235
-0.027523542632643	1.36753554554475	9
-0.00799693065955898	1.00434849291788	5
-0.119306030416351	0.688710985160066	331
-0.03194148195683	0.981403404428462	331
0.018407650322701	0.932899071545886	331
0.122944251415076	0.777948166684642	331
-0.0313453275385081	0.404463177628606	46
-0.105831886630007	0.857477453237919	76
0.063179929660644	0.961829522776874	76
-0.121372342558918	0.759525293433024	76
0.074753130252035	0.42100235919553	75
-0.092705878356931	0.519079905293617	75
-0.077030474023967	0.713768006955848	90
0.027617893437985	0.779880744281566	90
0.108530596449162	0.872528713551258	90
0.064323088399926	0.779722667768499	37
-0.12039668849548	0.380706454434601	37
0.018859814096331	0.66020485641805	37
-0.12007848735221	0.204453168240212	13
0.077868649862995	0.423841143985153	13
-0.115002290672908	0.402782387677439	173
-0.121114868935319	0.196485095929906	13
0.013638857497601	0.645146106767067	91
0.016487342029213	0.747016719248276	91
0.0837038237955941	0.448241482069095	535
-0.122913373505279	0.291503043583673	69
-0.019055652498749	0.41596898022036	69
0.017107848296269	0.320630992133186	69
-0.039357995716774	0.525780575070999	69
-0.032661682450788	0.396553950277186	69
0.090415369594655	0.454793894645718	69
0.012404465574554	0.322350857399061	57
-0.120721862288512	0.2046467358426	407
-0.12007848735221	0.204453168240212	407
-0.12136535375548	0.200390435746801	146
-0.117702830916985	0.201427292338264	57
0.00943901268285097	0.32818137286167	57
-0.00273708051829902	1.28271553074512	17
-0.107291191580705	0.397371117792251	17
-0.055843348394777	0.875488683827382	235
0.022949682156608	0.844261070237037	17
0.037054002186741	0.535757891185327	17
-0.0598470085956	1.28071435412309	17
-0.09461759314198	0.742727829837059	17
0.0278987244439139	1.0389705769209	9
-0.04151634258126	0.825012291678413	5
0.0745409829686819	1.39464510689145	331
0.01854294434639	0.93004763661054	331
-0.109800417910128	0.844041929187023	331
-0.041101672550329	0.593043234761466	331
-0.111211516915984	0.401214313373444	9
-0.090989895090375	0.699259208542797	46
0.04658731597737	1.23029655492584	46
0.022076853653889	0.950131428559812	76
0.0699551955942081	0.763573685724348	76
-0.105630973567996	0.602479766617383	9
0.020449990812287	0.81862656576748	90
-0.024580173448291	0.628103695140094	90
0.021883495152898	0.855815179132041	90
-0.034261252788903	0.412302922510803	37
0.084567716733892	0.445393732326038	37
-0.018016000371592	0.731274823389341	268
0.034543693066605	0.52909291091395	91
0.0273967007195221	0.537457821831067	91
-0.035156090903439	0.40123399514404	91
-0.115407072506395	0.29346359294168	69
0.084944367068754	0.435473708398314	69
0.015738852799944	0.315416318977669	57
0.013437485960316	0.328612410677434	57
0.085985733022128	0.447508020675186	57
-0.116823820939601	0.291358702487406	397
-0.120330303455051	0.199948663374727	204
-0.029061479835823	1.14329705861774	17
-0.110178042537958	0.981327149984535	17
0.036295088797847	0.537062683010743	239
0.031108849344664	0.546976301724079	118
-0.123214002227227	0.289613236860664	5
-0.120561387970762	0.298921264523275	5
-0.05998571490241	1.19416177415608	331
-0.00121611965263302	0.837177259496465	331
-0.069450618878014	0.809747384528445	9
-0.00581808368661696	0.915966032460608	76
0.063177962083408	0.829528986572342	75
0.029581652808456	0.949487632857812	75
-0.026611037280566	0.640957226385289	37
-0.093480376143004	0.605875139299679	37
-0.107168422753937	0.398032172024997	13
0.013450775768673	0.323458173640263	13
0.089704790378171	0.45623215537365	91
-0.118454130767009	0.297661791677546	91
-0.028435180264163	0.412780231297042	6
-0.120721862288512	0.2046467358426	69
0.032243441601999	0.538792268204207	69
-0.120721862288512	0.2046467358426	69
-0.121114868935319	0.196485095929906	57
-0.119435230457575	0.200132268237845	57
0.00382368131763999	0.316615107804623	407
0.012404465574554	0.322350857399061	57
-0.120973052059038	0.200123508811535	57
-0.088247723839682	1.21017772616282	17
-0.033302113372362	0.98192867791693	2
-0.024996880090569	0.410253218946016	239
-0.119826751233896	0.20033713359998	5
-0.04279253917393	0.826506605462916	331
0.089679561702273	0.668028501245014	331
-0.00393967925878302	1.00748217919662	331
-0.047391159145507	0.722466050457699	331
0.055461317491587	0.940127069532445	331
-0.085289676575384	0.718121801733696	9
0.065260259483668	0.968506159921635	76
0.012412269986947	0.723096954763084	9
0.079081074419674	0.790721041340631	75
-0.031374807064418	0.631577590918121	37
0.012679771229207	0.638786032223337	37
-0.064533300838402	0.634636365163335	10
-0.113627244654018	0.384411588148036	13
-0.103889272140078	0.614667199720816	13
0.038338304624735	0.859682330728112	13
0.084144969177212	0.688844778930134	13
-0.108860948783154	0.405174000887372	91
-0.120891755803397	0.298662128853916	91
0.088616189751573	0.456925526868453	69
-0.123574647022214	0.295771445848541	69
0.097793362507839	0.430767315520729	69
-0.113373320249311	0.197295776672265	69
0.0888328366025441	0.440942443718814	57
0.010123145971097	0.325605140765547	57
-0.12007848735221	0.204453168240212	57
-0.120973052059038	0.200123508811535	57
0.056131684825114	1.06241462394067	235
-0.012890870462389	0.829607030426537	17
-0.1092410411541	0.72457194165683	17
-0.063368770021825	1.4497522372985	559
-0.031237237962236	0.781163499405581	559
-0.015427138106904	1.03930327365511	17
-0.015199158091028	0.719711430438726	9
-0.115036966238648	0.920071589180675	9
-0.041080205466396	0.523841020415733	5
0.015102954514944	0.632402206035351	239
-0.121253081016135	0.296692996016929	239
0.0883982538092301	0.684353565292258	331
0.085985733022128	0.447508020675186	46
0.076736830763164	0.890564980420255	76
0.063022893473946	0.881100107002875	76
-0.072979910656294	0.622891869553034	76
-0.028396919846483	0.652967083267631	75
0.042708624587758	0.548165802748786	75
-0.118347258430918	0.392698836022763	75
-0.038241995100702	0.613830351192055	37
-0.10190801284184	0.612547587118135	13
0.023184869926036	0.666378858493187	13
0.028602351176956	0.534626220208477	10
0.080926480522833	0.628959149095878	10
0.043172345602211	0.547239628540609	13
-0.124296228414601	0.294967233357828	13
-0.06283438246485	0.630016316616584	91
-0.030577773818835	0.413737578372259	69
-0.120721862288512	0.2046467358426	204
-0.120470752247048	0.200512290479624	204
0.110097347929206	1.58733914871352	17
-0.018802537399139	0.752915288481709	777
0.107997840296815	0.999732522027895	777
-0.0422673346175479	0.805213374501792	559
0.085508806586936	0.448682357348646	17
-0.065912604906338	0.793528081162741	5
0.020687029115995	0.930571200883581	5
0.084190947882805	0.447291625950574	331
-0.093570053456171	0.617028741034755	331
0.028219005340512	0.874928203746783	331
0.080590928386734	0.429628335094488	76
-0.038915777066148	0.529797299889608	76
-0.096139958510336	0.510363907929667	76
0.026206942002786	0.761323196901179	76
-0.048474949385421	0.513330923357149	75
-0.103217087136408	0.394176015955674	37
-0.114547634604199	0.403476236485433	37
-0.110797005237636	0.403107698481888	37
-0.078206031318407	0.583389717557352	10
-0.111667147342602	0.400531689792912	10
0.00910269415722298	0.321162374326109	10
0.034899103405506	0.553066447484318	10
-0.042787288301681	0.513035002154817	10
0.034295594211766	0.548328324733994	13
-0.122552186963528	0.293392631905457	13
0.089704790378171	0.45623215537365	13
-0.028285284997428	0.415248578638507	1
0.010123145971097	0.325605140765547	6
0.08523056158441	0.446308720541009	69
-0.111086377723269	0.402194527372819	6
0.0117199955020471	0.320936124445103	69
0.00805776798109403	0.320063088118638	69
0.00349184752111897	0.322232072938103	57
-0.121615918050108	0.196112820989389	57
0.013102092693751	0.33064391436923	57
-0.023165665852908	1.13477875025521	235
0.107060641632891	1.49468231867022	777
-0.114024216887117	1.14490038956484	17
0.007772375811258	0.325438977521151	239
-0.041475530032449	0.528308363072293	118
0.018960550591093	0.644885418003952	46
0.032500670655326	0.765460594620842	9
-0.030230720147284	0.649256157954704	75
-0.021238762350554	0.419877150474004	37
-0.110797005237636	0.403107698481888	37
0.098558994379402	0.431872153034768	37
0.066494212728661	0.767403090442642	13
-0.107743825961425	0.397946344931309	13
0.017107848296269	0.320630992133186	13
-0.114889341420594	0.391597854260817	13
-0.025905990207987	0.42576602131958	91
-0.119193918396829	0.38585275752554	91
-0.033836965097785	0.410815596911718	91
0.01447021705444	0.322698480824584	69
0.0780326097274831	0.66024131945331	69
-0.116803569388739	0.200485458666901	69
-0.124266280020454	0.294908739994208	57
0.00314183124562195	0.316692107109419	57
-0.000759430441004017	0.306472475327186	57
0.00840616347674605	0.327834638337436	57
-0.02517994708759	0.428015722207691	259
0.0837038237955941	0.448241482069095	204
-0.112081341311368	1.39331492552026	17
0.108936605898987	1.95820781329424	17
-0.016522178957708	1.0190718698176	17
-0.09493461740241	0.79070733614849	17
-0.097647011222408	0.928099991819643	17
-0.046846269705327	1.26610246419091	17
0.072495108978211	1.5575726691873	17
-0.072089423492456	1.28602441595947	17
-0.107260235447737	0.481419637681292	17
-0.124266712946092	0.754263672187195	9
-0.114347965303463	1.18666031359473	9
-0.045764489051613	1.00672641102513	239
-0.035412644138844	0.406860308999805	239
-0.100722866170103	0.604516450948701	239
-0.052238923175462	0.733233611918766	373
-0.0847704021375541	0.86401960458376	118
-0.0264449329501431	0.989372025400623	46
-0.03500364252125	0.634156068927619	76
-0.012323244763335	0.764563204673082	9
0.040403496077619	0.54767101953633	75
-0.10053906924372	0.394896668378425	10
-0.027888727515222	0.627270083624554	13
-0.113245613921669	0.39454887612056	13
0.082563881442317	0.683394456432865	10
-0.114889341420594	0.391597854260817	13
0.037373716444799	0.544391939985851	13
0.104424787140831	0.96795311662811	13
-0.043877281484056	0.512217659345899	91
-0.111086377723269	0.402194527372819	91
0.025920771369057	0.514013537462249	91
-0.110344956336497	0.405139528307051	6
0.011732317175234	0.322617805268175	69
0.00943901268285097	0.32818137286167	69
0.028881967118768	0.537289738830169	69
-0.118815881028966	0.298815730314913	57
-0.031171093464135	0.418011364642456	57
0.08523056158441	0.446308720541009	57
0.00840616347674605	0.327834638337436	57
-0.120330303455051	0.199948663374727	57
0.012765987318851	0.322034822754662	57
-0.0820329173055781	0.589325846508117	777
0.017614512287161	1.40789788126626	17
-0.067373777970237	1.31575340732453	559
-0.113356902325975	1.31803201655967	17
-0.079880647104049	1.23668065335807	17
-0.122127607200124	1.20512352869861	17
-0.109603146708022	0.406095402309846	17
-0.00669122691255397	0.828228955559056	239
-0.109436573010705	0.400725902445098	239
0.11138646390663	0.925770691059715	239
0.0920005672737521	0.434766989867778	118
-0.022511652178376	0.417976422331383	373
-0.02959077491368	0.421447022688986	373
-0.105964776819703	0.932094611549683	331
-0.014016119343717	0.744686981966665	331
0.066542659092495	0.789650658925108	9
0.087198810554281	0.441963108566447	46
-0.091042772963485	0.918778545214082	9
-0.110490807394482	0.584453869515845	9
-0.013549519423074	0.729512515024897	76
0.010471579193837	0.318664847942797	76
0.00711866519037396	0.607460912598842	76
0.115360649164201	0.914873207946382	75
0.03555326406313	0.5358716779066	75
0.007772375811258	0.325438977521151	37
0.0117199955020471	0.320936124445103	37
0.00875447218836301	0.328282494069353	37
-0.04007074538884	0.611078763677656	13
-0.107743825961425	0.397946344931309	13
-0.123604847803692	0.294156375567445	13
-0.110344956336497	0.405139528307051	13
-0.11353725265719	0.389564471920332	13
0.036698280109924	0.552345681959834	91
-0.113059289133618	0.403553936302001	91
-0.110924008805168	0.402758400025852	1
-0.090821138391968	0.50480705053075	91
0.00910269415722298	0.321162374326109	69
0.087907198807007	0.452484514390341	69
-0.119477182887918	0.293422487341692	57
-0.12007848735221	0.204453168240212	57
-0.124626848833241	0.296052996581659	57
-0.12136535375548	0.200390435746801	57
-0.12007848735221	0.204453168240212	204
-0.104321784253044	1.35270440689247	17
-0.037216194435756	1.13579840544719	235
0.111316515280257	1.92996691563963	17
-0.095190809817462	0.522040560839641	17
-0.1098930565303	0.404519158702405	17
-0.087398410302111	0.513990163068671	17
-0.108813054356319	0.607948512777077	17
-0.064297270233125	0.702924012923453	239
-0.019892698072733	1.07058728731507	239
-0.032567449347789	0.61552229854038	5
-0.111691141147236	1.17887740017654	331
0.027107342731323	0.871627979156049	331
-0.0406834917843289	0.533407523411471	46
0.122312640373327	0.912263253557456	46
-0.102189375194874	0.399943733847399	46
-0.02370050080223	1.1372851326959	46
0.020309413495341	0.650208827880177	9
0.021855935249304	0.66706163835377	9
0.115407190856335	0.910995311708868	76
0.026666462645922	0.780763538883365	76
-0.040602126885065	0.614675323450471	75
0.077342472490367	0.888233607360994	75
-0.117602966647127	0.3927539949401	37
-0.0361389557794281	0.40178344019411	37
-0.112447493256094	0.594645717523138	37
-0.014006148788858	0.752364512054529	37
0.0316642513381	0.552242225896585	37
-0.116099593607215	0.292133013641435	37
0.041232337796739	0.538597105650116	10
0.08037593805343	0.441533453087551	13
-0.040334513635946	0.532990678113132	91
0.013102092693751	0.33064391436923	69
-0.117449528248709	0.19750558552597	69
0.00417380424795399	0.32214223099419	6
0.083859615797514	0.440467589824791	57
0.013786362279702	0.329058759499435	57
0.00840616347674605	0.327834638337436	57
0.012753322642864	0.330192537114287	57
0.000890061325427016	1.58033718588891	17
-0.07519827718776	0.797679747120942	17
0.010855731638077	1.32979502880822	17
0.014581754303809	0.635033088212033	17
-0.0513842971770641	0.73346198729092	17
-0.081923144907714	1.06796580410122	239
-0.00316851784348005	0.748453285361936	239
0.1032541327664	1.01842375636953	118
-0.026750753868819	0.420836375801509	373
0.084698858061634	0.676701602060253	46
0.023742100644063	1.18246452792429	9
-0.063935618410955	0.815417240578321	76
-0.115407072506395	0.29346359294168	76
-0.05755868211731	0.636564223318594	76
-0.020137545557811	0.706921018859596	75
0.085879401033215	0.664769215980389	75
-0.119435230457575	0.200132268237845	37
-0.094231919976705	0.513830301434935	37
0.079097350247324	0.653500983278032	37
0.032818222504427	0.535286983617158	37
-0.017620300924261	0.639964646906226	10
0.021741802885623	0.730059822865185	13
0.035163986344401	0.759458857352939	13
0.084522008704454	0.446394414578797	13
0.012417410319734	0.329143753734825	1
0.092660083201946	0.446088246323542	13
-0.0390469125412199	0.511607169338219	1
-0.0453624091034131	0.510748832114588	1
-0.041597219103667	0.515775821114327	91
-0.116461658278738	0.293214439417179	69
-0.120721862288512	0.2046467358426	69
-0.114020497214434	0.197062250716419	178
0.084190947882805	0.447291625950574	6
0.013450775768673	0.323458173640263	6
0.007772375811258	0.325438977521151	57
-0.12007848735221	0.204453168240212	57
-0.11615772906775	0.197583163682632	57
0.00840616347674605	0.327834638337436	57
0.00349184752111897	0.322232072938103	34
-0.039973332772455	0.899684272422878	777
-0.0730842554786551	0.949394256720392	17
0.033417195924306	0.547668878981527	17
0.124274316613517	1.04033484842664	17
-0.102806388824405	1.80972716888384	17
-0.040521858452516	1.33489242052246	17
-0.118648175503811	1.14505109994929	9
-0.118696699808787	0.826417698035426	239
0.026092094785134	0.488808141310689	118
0.0766035693419001	0.664448015987911	46
0.0856082068062241	0.449424236114679	76
-0.046658746563908	0.781741756090391	76
-0.119015667195696	0.669252036297418	76
0.05717965783823	0.9719857056359	75
0.031683761512061	0.529074574891319	37
-0.090228403764071	0.510358047712505	37
-0.106856785817527	0.397984782343763	37
-0.122989814243843	0.374202818684482	37
0.086681334801413	0.671265742337301	10
0.101384899945709	0.967371908098091	371
-0.0351593940278711	0.533121141934021	13
-0.055146541214488	0.72600151489165	13
0.011732317175234	0.322617805268175	13
0.014135151573097	0.321977938256475	1
0.00875447218836301	0.328282494069353	1
-0.031766377855094	0.628613842526161	1
-0.098506461043504	0.517444694780572	91
0.084797077780245	0.450073896007232	91
-0.033836965097785	0.410815596911718	578
-0.032141482662573	0.394927730249032	69
0.018358398720064	0.662040504361709	6
-0.045208392398709	0.526202642210802	6
-0.117702830916985	0.201427292338264	50
0.017457082715139	0.321052209534861	57
0.013102092693751	0.33064391436923	57
0.00942601895775297	0.317584667311285	57
-0.032804589885528	0.412306777617654	57
0.097134743655366	0.431759258243381	57
-0.119826751233896	0.20033713359998	57
-0.071380273260629	1.24165996686231	17
-0.060045334571696	0.705138614618034	17
-0.077863220216307	1.39553421944224	17
-0.066470493404754	0.849572227222216	239
0.0921824011290619	1.15941605719636	118
-0.120891755803397	0.298662128853916	373
0.098672535600526	1.51933886054606	5
-0.099238423456858	0.618722012426454	331
-0.109945079299847	0.609189951742794	9
0.123826945180693	0.538360181488522	9
0.070417509436673	0.943949809131825	76
-0.0832963238255861	0.697298026639632	75
0.020575893247411	0.942767794799053	75
0.065367603293685	0.769202923648908	37
-0.067570794773221	0.624152858220183	37
0.037777278792329	0.850303311776798	371
-0.000328288745417016	0.735004333275514	371
0.078580510352073	0.789692844268634	13
0.018248764629855	0.705867493446608	13
0.00315929994742603	0.315000589336867	1
0.092330466408585	0.44585330414547	13
-0.043097072062885	0.513987897419252	1
-0.100035786448939	0.490754736721328	1
-0.115769312169604	0.29455749951646	91
0.089545401546315	0.437775363879818	69
0.077769976872037	0.651033083018905	178
-0.120470752247048	0.200512290479624	57
0.090035982617906	0.4567775112976	57
-0.12136535375548	0.200390435746801	57
-0.120330303455051	0.199948663374727	57
0.00943901268285097	0.32818137286167	57
0.00698706077802602	0.893757587619665	17
0.00996232581558099	1.75772648567204	17
-0.0440661491480731	0.729041788385122	17
0.047932452734903	1.04332796231685	17
0.087579329994981	0.683123678869607	17
-0.112278987501354	0.394878610848167	17
0.120693124492246	1.04984313574817	239
0.026869984046511	1.27215127561879	239
-0.123810504113871	0.289952831860002	239
-0.103954681996576	0.500534947907496	118
0.084414562963317	0.44951721000434	373
-0.056542142024219	1.1434654044517	87
0.10138990265089	1.22733915622742	87
0.101588954585783	0.851183205167944	9
-0.033883307014023	1.18527314234985	9
0.024853719126291	0.845304217330852	76
-0.119177729118156	0.296854760211614	76
0.02705438794066	0.764785882588051	76
-0.038599340371688	0.514965582328059	75
-0.101098081296402	0.492599067499892	75
0.063584055857701	0.864285626241296	10
-0.099620506242464	0.625743005461225	371
-0.033171358477053	0.645988347771378	371
0.085445233545737	0.690964635517538	13
-0.075678615145622	0.62181687918986	10
-0.050333653525636	0.725784690786805	13
0.00942601895775297	0.317584667311285	1
-0.105520150674666	0.404965141643064	91
0.088237444261981	0.453695468975854	578
-0.096841142951576	0.502942580334816	6
-0.027557830974336	0.414339888301099	57
0.011732317175234	0.322617805268175	57
-0.106451320973077	1.06747474296924	17
0.072516028493544	0.888542280051434	775
0.071215757803955	0.765633798061299	775
0.047067251224891	1.41673414163236	17
-0.101604415357411	0.85607829813533	87
0.029769170636412	0.665409172515078	331
0.052830455557032	0.946815728200996	9
0.084567716733892	0.445393732326038	46
-0.102853565212988	0.602925846055934	46
0.062124786079326	0.977753227176901	9
-0.027557830974336	0.414339888301099	76
0.121465818615286	0.796553458373314	76
0.086285457934821	0.677696124488437	76
0.06721325601341	0.746255280614185	76
-0.117057501300934	0.204573630547874	75
-0.034341882316677	0.814023807709198	75
-0.108403968325643	0.687342616863258	75
0.118887653793535	0.910482004403274	37
-0.118057037872392	0.388950128041419	371
-0.073056278317983	0.630866496344642	371
-0.024876368469254	0.427318967428229	371
-0.022511652178376	0.417976422331383	578
0.035958199458225	0.552491899201461	6
-0.121615918050108	0.196112820989389	100
-0.122848200924527	0.197765865607588	136
0.00840616347674605	0.327834638337436	57
-0.123935389068659	0.296923126019998	57
0.090035982617906	0.4567775112976	57
-0.121114868935319	0.196485095929906	57
-0.111698441440047	0.282531374564497	57
-0.119507930225573	0.300966095117367	57
0.049732153823448	1.27436089689466	9
-0.081278123126907	0.864233742632632	239
0.069649331960112	0.736903628415447	331
-0.102686714447714	0.856297473108355	9
-0.121132486933725	0.287766397766942	46
-0.0689938495186691	0.62543523877962	76
-0.019349084509203	0.740520535207295	76
0.0197273316529319	0.758854540514484	76
-0.0197839943699341	0.419929022822451	76
0.075492188622234	0.802584795718875	75
-0.051343092891746	0.71450077275758	37
0.0130885225734499	0.320881786570503	37
-0.087933364932444	0.517898743011453	371
-0.072105299118935	0.623852584555434	10
0.03555326406313	0.5358716779066	13
-0.038739721072951	0.526863927593964	1
-0.116241654797934	0.382577259215586	1
-0.096840984625909	0.517574221135515	1
-0.03485567621095	0.402705213722238	578
0.00417380424795399	0.32214223099419	578
-0.025602655239353	0.427343291168706	69
-0.117057501300934	0.204573630547874	100
-0.120973052059038	0.200123508811535	6
-0.024453262232451	0.427991047924053	50
0.00851500984598697	0.323047734886302	57
0.03951107917707	0.548474342680832	67
-0.120973052059038	0.200123508811535	67
0.016087873774331	0.315824142923231	57
0.062167895192809	1.82930574241648	17
0.088166228055076	2.32315841136253	17
-0.095329883156346	1.32568409111295	17
-0.025676101040356	0.389351772521073	17
0.00642840080825802	1.01028948169111	9
-0.012350551932382	1.14838058816185	87
0.028377045261235	0.762136402438495	75
-0.042006487429025	0.511227292139395	37
-0.094711285800562	0.519846348105006	37
0.086417957846622	0.668518756619942	10
0.036698280109924	0.552345681959834	371
-0.098506461043504	0.517444694780572	371
0.022514265276943	0.657677422701492	371
-0.115457097523325	0.398755152585505	371
0.065845941353865	0.764144266678878	371
0.0426216651274151	0.520165830405721	13
-0.088565292747729	0.508594445672966	1
-0.030882420617465	0.409134712927434	1
-0.020936249083591	0.424059948076632	1
-0.025602655239353	0.427343291168706	1
-0.112954200590882	0.395158484601291	1
-0.116666934287201	0.197204402740103	375
0.036514470720735	0.547913005959978	578
-0.047219373087476	0.517834856726074	69
0.00943901268285097	0.32818137286167	6
-0.120721862288512	0.2046467358426	6
-0.12136535375548	0.200390435746801	136
-0.117057501300934	0.204573630547874	136
0.007772375811258	0.325438977521151	150
-0.121615918050108	0.196112820989389	150
0.00943901268285097	0.32818137286167	57
-0.016072285848274	0.830865922999131	17
0.068867908140738	0.967611167370403	775
0.021921125326508	0.768663719349188	17
-0.070354359938599	0.619996331413605	17
-0.088392148140482	1.57172196347634	17
-0.051546626457032	1.01347690802411	239
-0.024864931099614	0.640844248646795	239
-0.032375019200966	0.986082646183231	685
0.094132405549487	0.447264141314347	5
-0.00476518002827697	1.13881076998185	87
-0.036729507941671	0.956683985546273	9
-0.02185296405825	0.408694479278206	46
0.105421418342044	0.856149546266629	9
0.081195954112862	0.720357281236383	76
-0.0432582402295389	0.509189867401329	76
0.111622009003026	0.909085392863029	76
0.021997933652341	0.859843630946111	37
0.109450811400967	0.918236866853469	37
-0.124266280020454	0.294908739994208	37
-0.037017433169755	0.610680957960003	37
0.032243441601999	0.538792268204207	371
-0.033114376910016	0.620928740087329	371
0.062277321989668	0.7636241982106	70
0.029903559919794	0.545952588062975	13
-0.124266280020454	0.294908739994208	1
-0.048436074064568	0.507965919938951	1
-0.028559086856891	0.420807014068394	1
0.090035982617906	0.4567775112976	375
0.00783335463891899	0.32456687202062	578
-0.0313579201563891	0.398565298643236	69
0.012068746394606	0.328696223914444	50
0.00349184752111897	0.322232072938103	416
0.00875447218836301	0.328282494069353	43
-0.120330303455051	0.199948663374727	150
-0.123231915020964	0.194954623237847	743
-0.105930815539796	0.604437969221901	775
0.00451463054072099	0.930594324991813	235
-0.10399390171657	0.767566570016248	235
-0.030111472887547	0.629383928812186	17
0.026523081858338	1.58397588172377	17
-0.115577778553217	0.383712588808844	17
0.106378871401773	1.17199509089976	239
0.085058292756189	1.15737381360442	685
0.087579329994981	0.683123678869607	5
-0.083320370360537	0.711359399347841	5
0.12312492536362	1.1086131841463	9
-0.093494538581727	0.791718405116194	46
0.019043403752424	0.852435785752809	152
-0.069627287507863	0.712387146881593	152
0.028851508791522	0.754654355301497	76
-0.0978183918669851	0.618430112515944	76
0.00919624224791404	0.316925757246294	75
-0.063302394179299	0.635053043368124	37
-0.023537833285433	0.408408492815621	37
-0.028861713904316	0.42144673789524	37
-0.069535201386251	0.632639184429553	10
0.113983422160968	0.887008253538222	371
-0.02474586811792	0.732226758537929	70
-0.122552186963528	0.293392631905457	58
-0.118347258430918	0.392698836022763	375
0.013450775768673	0.323458173640263	6
0.08332157104351	0.438778960070313	69
0.080046204545483	0.431165182263965	69
0.08523056158441	0.446308720541009	69
0.086363140297406	0.437494133011741	43
-0.0301952672295011	0.400274688136718	67
-0.117702830916985	0.201427292338264	150
-0.119435230457575	0.200132268237845	150
-0.123489671262306	0.194848034708994	150
-0.121615918050108	0.196112820989389	150
0.00805776798109403	0.320063088118638	57
-0.117449528248709	0.19750558552597	57
0.01080687005159	0.318665358521175	57
0.026933562312637	0.536568390315127	775
0.083800501921049	0.691379806822877	235
-0.110468141287089	0.403447535955763	239
0.036125622146719	0.552550731284356	239
-0.117702830916985	0.201427292338264	239
-0.122882919489031	0.294955401827452	5
-0.03031919068163	0.419240017421484	5
0.021596284158709	0.946302372921561	5
0.063398028952299	0.741149305306162	87
-0.032379504351586	0.410826767707317	46
-0.106646482915451	0.488488715900734	46
-0.079087624208907	0.599444157678263	46
-0.115769312169604	0.29455749951646	46
-0.029127093547709	0.41747307734589	46
-0.120440661468521	0.289069193339511	76
0.00153737024414202	0.301850540697706	152
-0.106294376098139	0.606937439384823	75
-0.124308403135435	0.730985562970123	75
-0.028435180264163	0.412780231297042	37
-0.101995516025683	0.489626579005837	10
0.115782239180178	1.07495124783515	10
0.016846395697782	0.652499743171798	312
-0.060800920473335	0.624582395757057	371
0.071388140216769	0.779512790385825	371
0.035312332023555	0.543345629083475	70
-0.0395430555631749	0.503892617451771	10
-0.041064747343122	0.510139457440969	1
-0.113514418453469	0.402861275144703	1
-0.119838486971052	0.299741119212167	6
-0.120470752247048	0.200512290479624	6
-0.102022327521442	0.394727463447267	69
-0.028706115572267	0.418117135943481	6
-0.116803569388739	0.200485458666901	50
-0.113856981452859	0.388559596745888	50
-0.123574647022214	0.295771445848541	43
-0.117449528248709	0.19750558552597	34
-0.119177729118156	0.296854760211614	34
-0.121132486933725	0.287766397766942	57
-0.119435230457575	0.200132268237845	57
-0.070714278764843	1.25049519700488	17
-0.0781868577823021	0.609504665032991	17
-0.115569361566615	1.18777481899155	17
-0.069228245112139	1.36314708539222	17
0.022342541435874	0.862448932285371	239
0.097481050427457	0.658163767366593	239
-0.036847872357355	0.873088557725948	87
-0.035008408067692	0.531205745617033	87
-0.021254721968831	0.40483573811516	46
0.106851157026922	0.89792509361197	76
-0.025905990207987	0.42576602131958	76
-0.043251947917634	0.59846963526239	37
-0.120330303455051	0.199948663374727	37
0.012417410319734	0.329143753734825	37
-0.025299618211528	0.423011994204244	37
0.083405818366001	0.677334636525158	37
0.014697395771466	0.640145729803036	70
0.079915006157393	0.654445462225397	10
-0.095841732795414	0.612248690757043	10
-0.124626848833241	0.296052996581659	58
0.08338677917103	0.677750602693438	1
-0.110756037743418	0.398595017758098	1
-0.117243817607898	0.38479531800784	1
-0.107168422753937	0.398032172024997	375
0.00943901268285097	0.32818137286167	375
0.089656475613682	0.453558448724604	6
0.00909059836539905	0.327734281589941	50
0.0837038237955941	0.448241482069095	50
0.00716492603889596	0.318417479052015	50
-0.033482217720511	0.522953088495714	50
-0.120973052059038	0.200123508811535	43
-0.118909175258417	0.191179039390635	34
-0.12007848735221	0.204453168240212	34
-0.119838486971052	0.299741119212167	34
-0.00179053992241096	0.306386391242937	34
0.0347571216193731	0.551185374420023	775
-0.042918249742856	0.528382989423353	17
-0.106547798246723	1.09900827751777	17
-0.0557021623937	0.625702407404977	9
0.039045965119348	0.547564496056123	9
0.114410419204696	0.926121596346284	9
0.080864112601498	0.660729862228035	5
-0.014987466093293	0.742505375420002	9
0.082975843613101	0.653256088162696	76
-0.105925810144873	0.620838277366116	76
-0.047225755588291	0.736414642571878	605
-0.043406941579594	0.510195820080442	10
0.017523022317036	0.725750311955422	371
-0.096961117841701	0.508460206100258	371
0.033740213169175	0.537089941406564	70
-0.0304434781019119	0.420206427354875	70
-0.036018291163371	0.392964718064856	70
-0.120470752247048	0.200512290479624	58
-0.120973052059038	0.200123508811535	58
0.080705394149255	0.440922559180256	311
0.016436807638336	0.30952827003094	311
-0.121947828535533	0.195032713326623	311
0.085939719827861	0.443971281728221	6
0.092279348691614	0.435389159402158	6
-0.118454130767009	0.297661791677546	69
0.012417410319734	0.329143753734825	69
-0.115076878459728	0.293391797954707	69
-0.12007848735221	0.204453168240212	6
-0.122589808095553	0.197875007571458	50
-0.119826751233896	0.20033713359998	50
0.00909059836539905	0.327734281589941	50
-0.120470752247048	0.200512290479624	50
-0.121615918050108	0.196112820989389	43
-0.12136535375548	0.200390435746801	67
0.016074345015476	0.313414262972915	34
-0.119826751233896	0.20033713359998	34
0.0117199955020471	0.320936124445103	34
0.083757064071778	0.436102308409119	34
0.073547505046374	1.10852405750906	235
-0.092523182034808	1.64503122085031	17
0.047512338260278	1.85266956158432	559
-0.00290173351531498	1.64121148263612	17
-0.10299792159253	0.499502216211523	9
-0.108499501602434	1.06387458890462	87
-0.016274357640501	0.411807334732915	46
-0.113072892381073	0.824538143957789	9
0.080821361844211	0.657657868024262	76
-0.12007848735221	0.204453168240212	76
-0.103803260711987	0.502596967836564	76
0.040957443964651	0.548155057560336	75
-0.06796978426682	0.624637808577848	75
-0.069535201386251	0.632639184429553	37
-0.105066806415671	0.404358917205356	37
0.119628780448912	0.777127541639014	37
-0.123243834950934	0.296094674641304	37
0.079440217900253	0.644762097516946	10
-0.03310855947214	0.41171079070078	312
0.0195255061027521	0.652846429882752	312
-0.114547634604199	0.403476236485433	70
0.022136958042678	0.649099959975978	70
0.0202954610221761	0.641456826345931	70
0.031386665982394	0.553301550622185	70
-0.045127463862392	0.507643998072878	70
-0.109313470266961	0.403148939981894	10
-0.117702830916985	0.201427292338264	58
0.03104269719857	0.535178796704756	1
-0.0345239912277741	0.640832254819271	1
-0.124957818002538	0.29214491437946	1
0.016423559842371	0.320606360180199	311
-0.0376317842248231	0.393017136898202	311
-0.025602655239353	0.427343291168706	6
0.00783335463891899	0.32456687202062	50
-0.120721862288512	0.2046467358426	50
-0.120721862288512	0.2046467358426	43
-0.122589808095553	0.197875007571458	43
0.00909059836539905	0.327734281589941	34
-0.116666934287201	0.197204402740103	34
-0.073354284068776	1.70067698984755	17
-0.01441035185555	0.962882056803754	96
-0.009940410090581	0.749449421276024	239
-0.108799750086193	0.587596200885621	87
0.115183929552982	1.38026272474758	87
-0.051216597965202	1.24337173788004	87
0.030800443843823	0.782011213117985	76
0.00281044838790001	0.914877054374593	76
0.116628949843642	0.903677062087175	605
0.080520408018401	0.656959830525824	75
0.082930942339445	0.676108056654973	37
-0.099331525346828	0.51743499427214	10
-0.040138091799874	0.522652332840345	70
0.063843523921197	0.77319507734768	766
0.010123145971097	0.325605140765547	58
0.036236451984303	0.553322056275288	58
0.034110870226556	0.52834051088497	1
0.084092270219981	0.672867397343046	1
-0.124626848833241	0.296052996581659	311
0.00943901268285097	0.32818137286167	6
-0.115076878459728	0.293391797954707	6
-0.117057501300934	0.204573630547874	50
-0.119507930225573	0.300966095117367	50
-0.123574647022214	0.295771445848541	43
0.007772375811258	0.325438977521151	43
-0.072576804828465	1.43305592658912	17
-0.110949935154323	1.06900714669996	17
-0.120231375236809	0.292040477249447	9
0.0293483061737581	0.507435043956675	9
0.045283761987358	1.66058762135414	9
0.013786362279702	0.329058759499435	9
0.00466802605791805	1.15825326680008	87
-0.071317441438626	0.784082675190573	9
-0.0580810526816971	0.685831514669796	76
0.033611292124698	1.01467756115242	30
-0.052491678493498	0.733052350422111	76
0.00711866519037396	0.607460912598842	605
-0.018280867801577	0.409909182218307	37
0.010471579193837	0.318664847942797	37
0.00943901268285097	0.32818137286167	70
-0.102189375194874	0.399943733847399	70
-0.024876368469254	0.427318967428229	766
-0.124174173814431	0.295153809512105	1
-0.114147625983363	0.393196320481186	1
-0.021662914832056	0.42277732895996	1
-0.116371590890141	0.382853466807169	6
0.012765987318851	0.322034822754662	219
-0.119477182887918	0.293422487341692	50
-0.117702830916985	0.201427292338264	50
-0.12007848735221	0.204453168240212	43
-0.123489671262306	0.194848034708994	34
-0.116803569388739	0.200485458666901	34
0.00943901268285097	0.32818137286167	34
-0.091195725595136	1.11800929538583	17
-0.070445228774513	0.881786774705329	17
-0.061969582687425	0.959186959657999	17
0.010715316276634	1.20526478064583	96
-0.105940848817852	0.849764648478912	239
0.068964479409342	0.9027031593352	239
-0.013658212575923	0.912234457401229	239
-0.048474949385421	0.513330923357149	87
0.074389932143367	0.783317563097459	87
0.0856082068062241	0.449424236114679	76
-0.119711782235074	0.895112209037601	30
-0.118866801971146	0.882326249633455	30
0.088994815642282	0.454932127149402	605
-0.117453100550169	0.687445760267182	37
-0.120891755803397	0.298662128853916	10
-0.027979141059565	0.417183999398403	379
-0.122882919489031	0.294955401827452	371
-0.120199888649241	0.300925411916508	70
0.00943901268285097	0.32818137286167	766
-0.024030299415859	0.424964882495467	766
-0.112794830608133	0.391140897689565	10
-0.028046437346759	0.627964788844846	58
-0.044310165626418	0.740895735763761	58
0.00978734020788396	0.321078859102827	284
0.087198810554281	0.441963108566447	50
-0.0454365879611131	0.502760102560472	50
-0.12007848735221	0.204453168240212	50
-0.117449528248709	0.19750558552597	43
0.094132405549487	0.447264141314347	67
-0.116461658278738	0.293214439417179	34
-0.035597730876862	0.897640821546461	235
-0.097311452790804	1.60969483071046	17
-0.102930341888744	0.398673492426802	96
0.124776762784692	0.804766985294351	5
0.087019457019911	0.677602670486905	5
-0.092369833983481	0.902679082645696	87
0.068316164585567	0.963026829112857	76
-0.094496269707763	0.508520719325569	30
0.107000405026011	0.834062939477607	76
-0.039289990982219	0.613824113381798	605
-0.118637703548881	0.391727974684149	37
-0.0292883931190761	0.423026542946313	37
-0.043406941579594	0.510195820080442	379
0.021065582151505	0.668249259039489	70
-0.096139958510336	0.510363907929667	70
-0.109603146708022	0.406095402309846	10
-0.120891755803397	0.298662128853916	58
0.024171645436818	0.647855574610745	1
-0.114020497214434	0.197062250716419	58
-0.117440039037513	0.390835005748524	219
-0.119838486971052	0.299741119212167	219
-0.119826751233896	0.20033713359998	6
0.0888328366025441	0.440942443718814	50
0.0117199955020471	0.320936124445103	50
0.084899274863649	0.44951558752831	67
-0.120470752247048	0.200512290479624	43
-0.120470752247048	0.200512290479624	34
-0.045409985564863	0.860971499290534	235
0.026681595638646	0.757720613659473	235
-0.102794895226323	0.483236806498264	17
-0.01328169138709	0.840864519879736	17
-0.095464465917241	1.13354888828063	17
-0.028022275734782	1.07878259291011	96
-0.012462272323314	0.739080783681309	9
0.122647456410747	0.528063163909356	5
0.019430547459249	1.24825875095004	87
-0.08545455058801	0.880035385266882	87
0.101585122558836	0.989108199353212	9
-0.050807388152124	0.723017429762736	76
0.010346407967751	0.889656212458873	76
-0.113374319107067	0.702621547619839	76
0.012417410319734	0.329143753734825	30
-0.0849601551624381	0.702342122603505	76
0.018838148295816	0.663306595567805	605
0.029161358997487	0.533222453255808	37
-0.024453262232451	0.427991047924053	37
-0.117311514131807	0.200095400279662	37
0.082776105856691	0.431720568167149	70
0.00909059836539905	0.327734281589941	58
0.086317744448249	0.447041041176617	1
0.011035114374024	0.314817165586746	6
-0.121615918050108	0.196112820989389	50
0.079666067682627	0.439376932667069	43
-0.119826751233896	0.20033713359998	43
-0.120330303455051	0.199948663374727	142
0.021484826135212	0.303081852456098	142
0.00227229481275704	1.29106035129573	17
0.024854627359482	0.948781077917473	17
0.03030314719685	0.532213728744725	17
-0.020645843621947	1.11989694586199	87
-0.031701082142559	1.10544911144382	76
0.108530596449162	0.872528713551258	76
-0.079963919962481	0.601043878593928	76
-0.105198993543396	0.608471286357858	76
0.091586461823987	0.965091668058072	76
-0.075738110522111	0.713333339189336	76
0.032128789063974	0.553178039035913	37
0.00452383954276803	0.317178896767676	37
-0.121253081016135	0.296692996016929	37
-0.115002290672908	0.402782387677439	37
0.085809900788305	0.672300703324712	10
-0.02281284063843	0.418012406279811	227
-0.029011968269826	0.414359709030938	6
-0.120530528142238	0.297501718308396	6
0.00942601895775297	0.317584667311285	50
-0.120973052059038	0.200123508811535	50
0.00886551183397699	0.318098239885646	43
0.00384177621152604	0.317256639268976	67
0.092330466408585	0.44585330414547	142
0.00909059836539905	0.327734281589941	168
-0.119435230457575	0.200132268237845	34
0.067524669611988	1.56852377390378	17
0.016173144254041	1.78099821812821	17
-0.054086920975587	1.34277019393009	17
-0.069389618340589	1.31674784041407	17
-0.124626848833241	0.296052996581659	17
-0.118637703548881	0.391727974684149	96
0.111092588876209	1.51592411960242	96
-0.037591441027499	1.29825509284802	96
-0.063764834938048	0.61611004090017	5
-0.105062390154302	0.88083670711919	87
-0.0892196369991261	1.08054412429422	87
-0.078623973349215	1.08666454830432	87
0.070136684760387	0.890866374808121	9
0.060309796093322	0.880675257770227	76
-0.024876368469254	0.427318967428229	76
0.0195255061027521	0.652846429882752	151
-0.014095976816463	0.760482867194287	151
0.038462562023864	0.547689807314722	37
0.124036875216986	0.818402475564934	10
-0.09367373933664	0.504707732239544	379
-0.120891755803397	0.298662128853916	379
-0.1098930565303	0.404519158702405	70
-0.115168788871359	0.389748711053254	70
-0.024573087942062	0.420803322266567	766
-0.0294323196892951	0.417217167384954	64
-0.119435230457575	0.200132268237845	58
-0.109151010786622	0.405471973547302	58
-0.022388943184294	0.418653872429264	58
0.00875447218836301	0.328282494069353	58
0.033724905190636	0.534480807771385	58
0.00840616347674605	0.327834638337436	227
0.00750156625204601	0.318146131517506	1
-0.120891755803397	0.298662128853916	6
-0.121947828535533	0.195032713326623	6
-0.116412291088309	0.201494267434819	50
-0.12007848735221	0.204453168240212	50
-0.117311514131807	0.200095400279662	43
-0.117057501300934	0.204573630547874	43
0.0546263825555769	0.96978747272548	17
-0.0621684079434121	1.40946411599392	17
-0.101329827712588	0.627996537252025	17
0.038276289602068	0.549864359649029	17
0.087967186304578	1.08110594418353	87
0.104952373781609	0.902388428088936	9
-0.021623017450747	0.650814568439076	76
0.073047252048847	0.761364138182914	76
-0.07995738968525	0.758448224181636	76
0.034004715505779	0.526422852576849	76
-0.036097018318902	0.526775644774195	76
0.093040697019455	0.449154529550233	151
-0.045353523949265	0.508851069184788	37
0.013450775768673	0.323458173640263	37
-0.11615772906775	0.197583163682632	37
0.086649484172459	0.438999182206593	37
-0.114438496801935	0.393510583965143	379
0.039478104713508	0.553940322435415	379
-0.047363887229005	0.496269503691042	379
-0.03181836412373	0.645433794293171	379
-0.113348916176925	0.401752089955301	379
0.00909059836539905	0.327734281589941	766
0.00840616347674605	0.327834638337436	64
0.00382368131763999	0.316615107804623	58
-0.026750753868819	0.420836375801509	1
0.00840616347674605	0.327834638337436	58
-0.120721862288512	0.2046467358426	1
-0.120721862288512	0.2046467358426	227
-0.123574647022214	0.295771445848541	227
-0.119146354347207	0.299784133614005	227
-0.121615918050108	0.196112820989389	227
-0.119826751233896	0.20033713359998	6
-0.12007848735221	0.204453168240212	6
-0.121114868935319	0.196485095929906	50
-0.11615772906775	0.197583163682632	94
-0.12007848735221	0.204453168240212	43
-0.117956214245167	0.197127918381344	43
-0.097684483744904	0.772310767854064	235
0.061625921850034	1.00629523139703	235
0.00585784172652903	1.79064749911046	17
-0.024007609201587	1.72235403936253	17
-0.092884131938726	1.37403863812945	17
0.024565283395282	0.632117540500633	17
-0.015183333623476	1.24922678057473	17
0.11703519300348	1.71094354366919	96
0.042771512621727	1.35666098647572	9
-0.03898088310919	1.20730415926048	87
0.023083017167156	1.01460968657922	87
-0.077736938757189	0.897499707336589	76
0.098785670333548	1.25485514790316	76
-0.120594244080866	0.686962486330052	76
-0.00161766875156499	0.847955657719243	76
-0.10460027193625	0.624473728290772	76
0.116311801671282	1.04128386592697	76
-0.10629503797682	0.595720021757164	76
0.08932578411326	0.4582379329993	151
-0.098736052853456	0.497489184503649	151
0.114085538585685	0.904905676503138	536
0.087082012132214	0.429238274567886	37
-0.107504280273282	0.391569163703446	70
-0.106261758127565	0.404925978426033	766
0.00314183124562195	0.316692107109419	64
0.0141212343235519	0.322270556407028	58
-0.119507930225573	0.300966095117367	58
0.085508806586936	0.448682357348646	58
0.013786362279702	0.329058759499435	58
-0.120721862288512	0.2046467358426	50
0.00812291252661501	0.325881568855884	50
0.013450775768673	0.323458173640263	94
-0.121615918050108	0.196112820989389	34
0.012843628740705	1.32812349475918	17
-0.028718299787973	1.53121444003791	17
-0.022412826673095	1.5027220554192	17
-0.029929492725619	0.893148111828595	17
-0.099331525346828	0.51743499427214	17
-0.0707717383158319	1.04030555471702	96
-0.051258350096418	0.738968673256909	87
-0.0774214224067969	1.02031869543917	87
-0.025635224832572	0.988928450363737	9
-0.112954200590882	0.395158484601291	76
0.100306760812829	0.983147163514945	76
0.016152685205259	0.658515596599307	76
0.083667141839899	0.679386454179384	76
-0.018802537399139	0.752915288481709	30
0.112235406743394	0.928223331774918	30
0.067414806448876	0.793294098791785	536
0.0339056002424391	0.531803671695941	37
0.043635911073618	0.542129810476632	37
-0.032804589885528	0.412306777617654	37
-0.123935389068659	0.296923126019998	10
-0.038689295183198	0.530546952827761	10
0.00875447218836301	0.328282494069353	379
0.083040833671678	0.676465559553566	379
-0.048002243243722	0.515999228799134	379
-0.05726441752984	0.689824986475855	379
-0.032379504351586	0.410826767707317	58
-0.12007848735221	0.204453168240212	58
-0.029737881761886	0.411561836670157	58
0.00875447218836301	0.328282494069353	58
-0.123574647022214	0.295771445848541	58
0.00943901268285097	0.32818137286167	1
-0.026025506656963	0.423028670491374	58
-0.124626848833241	0.296052996581659	6
-0.120721862288512	0.2046467358426	50
-0.119826751233896	0.20033713359998	43
-0.12007848735221	0.204453168240212	34
0.00750156625204601	0.318146131517506	132
-0.124970425385114	0.193742464728766	132
-0.046212376134612	0.741086608820753	17
0.0420914319874171	2.219534599132	17
0.124874140965031	1.23968567105114	17
-0.101805444931414	1.13059821968374	17
0.045605335903491	1.67368557094228	17
-0.102657158021583	0.623188262883781	17
-0.115002290672908	0.402782387677439	17
0.041780715549306	0.538551719346418	17
0.085939719827861	0.443971281728221	17
-0.097438271027712	0.506194254227297	17
0.098453268981699	0.986219376961973	96
-0.113692556949462	0.909486924541342	55
-0.117311514131807	0.200095400279662	55
0.013102092693751	0.33064391436923	87
-0.11065495570833	0.602954946317187	87
-0.02487699350828	0.738053886037681	87
-0.113854538156897	0.697081525573346	87
0.049716134874545	1.04459059576842	87
-0.064839799688642	0.926959363076448	9
-0.028344031281607	0.833903023457354	76
0.031150767919217	1.27519206385641	76
-0.053261890061328	0.729154467376859	76
-0.064533300838402	0.634636365163335	76
-0.021090069936367	0.806581363894266	76
0.020123895382825	0.94455254377009	76
0.124776762784692	0.804766985294351	30
-0.115630663028911	0.388293612519781	151
-0.114093129226505	0.400785176469662	37
-0.117702830916985	0.201427292338264	37
0.013102092693751	0.33064391436923	37
0.0888328366025441	0.440942443718814	37
0.029345404610864	0.533551379158349	37
-0.034044489259398	0.643862338384011	37
0.094132405549487	0.447264141314347	37
0.041506651283596	0.54245039333699	379
-0.119193918396829	0.38585275752554	234
0.03577446932024	0.550446568306255	58
-0.123482629277117	0.293096756769324	58
-0.030157754380931	0.414370626957019	58
-0.035110261013837	0.400487381032752	1
0.00847335321216702	0.318893072256514	1
0.076503167140649	0.414857719336258	58
-0.118909175258417	0.191179039390635	58
-0.024030299415859	0.424964882495467	58
-0.12136535375548	0.200390435746801	50
-0.117956214245167	0.197127918381344	50
0.00978734020788396	0.321078859102827	50
-0.120470752247048	0.200512290479624	43
-0.116666934287201	0.197204402740103	34
0.021042339084426	0.735027748485974	17
0.0327078156681599	1.76785013184859	17
0.039627402313848	1.45188605726838	17
-0.057494918601942	1.09216756119651	17
0.012765987318851	0.322034822754662	17
0.09096821410142	1.02711888890126	96
-0.053353783018622	0.958930496224029	55
0.018087079561023	1.15556835692404	55
-0.00448345796333405	1.16623436459301	55
-0.00111118893159801	0.306329461805697	5
0.028190521767465	0.847755642535085	87
0.114932746797135	0.907248476898323	76
-0.101435451589643	0.613790090126278	76
-0.049860065301283	0.725932977117036	76
0.031503282643582	0.537890287179584	151
0.00943901268285097	0.32818137286167	37
0.00943901268285097	0.32818137286167	37
0.00875447218836301	0.328282494069353	37
-0.117449528248709	0.19750558552597	37
0.00716492603889596	0.318417479052015	37
0.00943901268285097	0.32818137286167	37
-0.122305931275982	0.284018900470343	37
0.084414562963317	0.44951721000434	731
0.079228766236857	0.656563154106508	731
-0.112663013302528	0.391717950607679	10
0.035958199458225	0.552491899201461	10
-0.124957818002538	0.29214491437946	70
0.00751520121738802	0.318840421689198	58
0.0117199955020471	0.320936124445103	58
-0.032075283949149	0.409526939072634	58
-0.023302574140362	0.422735424838194	58
-0.024757382116618	0.42498249991298	58
0.00977462590618905	0.325165886576976	58
-0.119826751233896	0.20033713359998	58
-0.120973052059038	0.200123508811535	43
-0.12136535375548	0.200390435746801	43
-0.116412291088309	0.201494267434819	43
-0.116412291088309	0.201494267434819	132
-0.032238214707122	1.20631921262827	17
-0.014484278580572	1.72063196273122	17
0.034828158186184	1.89966429294809	17
-0.088091412557772	1.14437706231425	17
0.082667018462811	1.5948914174299	17
-0.018090824125707	1.54739723017679	17
0.059013880521002	1.16133944745108	17
0.034169764411964	0.843707300949184	17
0.013102092693751	0.33064391436923	9
-0.015337573014553	0.738253285303977	87
-0.00150968063067503	1.04476722683629	87
-0.087640271447051	0.912304088371256	76
-0.035389001558353	0.970364159524909	76
0.10021017150429	1.01099113915241	76
0.0838140604505771	0.444205507315429	30
0.088237444261981	0.453695468975854	30
0.034479166016355	0.545299188991328	151
-0.114279280679164	0.386312573811066	151
-0.0129030840811371	0.400939652743185	37
0.012404465574554	0.322350857399061	37
0.016423559842371	0.320606360180199	37
0.00909059836539905	0.327734281589941	37
-0.117449528248709	0.19750558552597	10
0.088946658035357	0.454988490771852	379
0.032593170663559	0.549159446906205	379
-0.021238762350554	0.419877150474004	10
-0.0933058730791551	0.511410160049718	234
-0.119507930225573	0.300966095117367	234
-0.123905808367963	0.288787317827683	234
-0.104300078509706	0.498911044513776	64
0.012080788240963	0.315875499322088	58
-0.114438496801935	0.393510583965143	58
0.00384177621152604	0.317256639268976	58
-0.117057501300934	0.204573630547874	50
-0.12007848735221	0.204453168240212	43
-0.12136535375548	0.200390435746801	43
-0.123231915020964	0.194954623237847	43
-0.117057501300934	0.204573630547874	34
-0.055838415347862	1.11037466416053	17
0.024723166599911	1.71675685236222	17
-0.110212655828052	1.00551795250218	17
0.063964070953446	1.15956474191399	17
-0.124328946999196	1.31547564377599	17
-0.077710974698108	0.775213243562868	17
-0.040617488247676	1.36692209998775	17
0.095276030428352	1.21476466717235	17
0.00639453155144798	1.16733440667102	9
0.058345338964801	0.970354330696632	55
-0.116412291088309	0.201494267434819	9
0.051792687697598	0.947002519267641	87
0.108501445242362	1.16610979292863	87
-0.098748724524507	0.762687295511613	87
-0.06027985657031	1.08354074293138	76
0.10844045705494	1.2756458196838	76
-0.108571120379589	0.400301391754334	30
0.083189155832297	0.65928094006688	30
-0.101170947627871	0.782450658519214	76
-0.105452157606148	0.623508135713911	76
-0.115457097523325	0.398755152585505	76
0.031963714378086	0.536985042868476	76
-0.119838486971052	0.299741119212167	37
0.012765987318851	0.322034822754662	37
-0.091746223320292	0.511060561378184	37
-0.024876368469254	0.427318967428229	731
0.079666067682627	0.439376932667069	379
-0.120891755803397	0.298662128853916	234
0.00851500984598697	0.323047734886302	10
0.092279348691614	0.435389159402158	64
-0.023421868116559	0.420138002724329	58
-0.12007848735221	0.204453168240212	58
-0.122882919489031	0.294955401827452	58
-0.119826751233896	0.20033713359998	58
0.03030314719685	0.532213728744725	58
-0.120721862288512	0.2046467358426	58
0.016423559842371	0.320606360180199	50
-0.119826751233896	0.20033713359998	50
-0.116803569388739	0.200485458666901	43
-0.09436502887972	0.520951277973949	34
-0.119838486971052	0.299741119212167	34
-0.045127463862392	0.507643998072878	132
-0.064572894485217	1.54362648581806	17
0.026427834505148	1.71261128462735	17
-0.056657243268487	1.08664134104401	17
0.049273331256575	1.0281681735243	17
-0.111667147342602	0.400531689792912	17
0.061877651190552	0.86632927812161	9
-0.069897856776705	1.37792298912341	55
0.109625691316545	1.14546628079558	9
-0.096576078390994	0.757248059602493	9
-0.0535366690536721	0.734995461131283	87
-0.047016474447058	1.01731312446764	87
-0.07194507244214	0.937703368446085	9
-0.082846838707168	0.942823358437368	76
-0.042102119191935	1.04943461135828	76
-0.074882596163016	0.624271351112917	30
0.116032511889267	1.05168777197607	76
0.085942837150909	0.671430842556215	76
0.00382368131763999	0.316615107804623	37
-0.124987514854299	0.294108270656176	731
-0.117956214245167	0.197127918381344	10
0.012068746394606	0.328696223914444	379
0.020450809086489	0.305460533543014	10
-0.121830106278872	0.286351306548892	64
0.00245956795448898	0.314442676995216	58
0.085276422229502	0.44759440520637	58
-0.120470752247048	0.200512290479624	58
0.09140577594957	0.67638772286643	58
-0.120470752247048	0.200512290479624	58
-0.120721862288512	0.2046467358426	58
-0.119687673750916	0.195889657045268	58
-0.12136535375548	0.200390435746801	34
0.00977462590618905	0.325165886576976	132
-0.120470752247048	0.200512290479624	132
-0.121615918050108	0.196112820989389	132
0.0747858411624071	1.43888418809255	17
-0.00550335281195702	1.917391700759	17
-0.021859651078301	1.46745041005285	17
-0.078318787090341	0.936839925580271	17
0.030654881799759	1.51360071165299	17
-0.100922880571089	1.08691150809451	17
0.090118805551	1.57270670840054	308
-0.025043603045907	1.29417452203197	308
-0.036566757388389	1.2134619239669	308
-0.12396595809587	0.287453784733605	17
-0.055466207886858	0.86081701876563	9
0.027722562312137	1.02389928687449	96
-0.078443736713639	0.71718791173424	87
-0.020153461130298	0.91733767189943	30
0.074666665420795	1.11438092146622	30
-0.122191097904116	0.292287171637766	30
-0.04372934744601	0.501952671646648	76
0.080176757512554	0.646317370867503	76
-0.043169460840908	0.533317916403513	37
0.091950234716642	0.442840015490109	37
-0.111665154367173	0.28312278154235	37
0.012417410319734	0.329143753734825	37
-0.124502136149213	0.289895082898837	37
0.03521849476961	0.550215980531875	37
-0.124174173814431	0.295153809512105	37
-0.117702830916985	0.201427292338264	37
-0.114258550670621	0.403758994891612	37
0.007772375811258	0.325438977521151	731
-0.113373320249311	0.197295776672265	64
-0.12136535375548	0.200390435746801	58
0.094462966389456	0.445831640151708	58
0.00977462590618905	0.325165886576976	7
-0.120721862288512	0.2046467358426	58
-0.117449528248709	0.19750558552597	58
-0.110344956336497	0.405139528307051	58
-0.119435230457575	0.200132268237845	58
-0.12007848735221	0.204453168240212	58
-0.12007848735221	0.204453168240212	50
-0.117057501300934	0.204573630547874	43
-0.114276718414551	0.193049284343688	43
-0.120470752247048	0.200512290479624	132
0.070595369887122	0.775483862227629	17
-0.039521829119102	1.61440608909321	17
0.012765987318851	0.322034822754662	9
-0.094231919976705	0.513830301434935	87
-0.00473511103192703	0.904138036815597	9
0.028201040014727	1.19287723911907	9
-0.0402416463527679	0.964227203545956	76
-0.024030299415859	0.424964882495467	76
-0.041778652189552	0.803401075879714	76
-0.058399844024607	0.687097453482263	30
-0.070876202342564	0.618291592031249	30
-0.110507866357244	0.399090386093842	37
0.081304428495323	0.425735837032051	37
0.0406805905893159	0.551502787427048	37
-0.114438496801935	0.393510583965143	731
0.092660083201946	0.446088246323542	10
0.0792858103540099	0.438844242156347	10
-0.114889341420594	0.391597854260817	10
-0.119826751233896	0.20033713359998	10
-0.123935389068659	0.296923126019998	64
-0.119507930225573	0.300966095117367	64
-0.116461658278738	0.293214439417179	64
0.090643744865441	0.429443209052746	58
0.0347571216193731	0.551185374420023	58
0.00875447218836301	0.328282494069353	58
0.00417380424795399	0.32214223099419	58
0.00417380424795399	0.32214223099419	58
-0.120721862288512	0.2046467358426	58
0.010123145971097	0.325605140765547	602
-0.116412291088309	0.201494267434819	50
-0.117057501300934	0.204573630547874	43
-0.120721862288512	0.2046467358426	34
-0.10659980660032	0.878607891716681	17
-0.094234829539182	0.911745925456222	9
-0.123876823649449	0.897930714405967	96
0.00864704250808202	1.38840266684783	96
-0.076206200655593	0.783514706327536	55
-0.117702830916985	0.201427292338264	9
0.055913181476976	1.26254297854286	9
-0.00156373610161198	1.04373022338369	87
0.081979265540343	1.15028653748436	9
0.022561269788279	0.510383969857361	37
-0.123243834950934	0.296094674641304	37
0.012404465574554	0.322350857399061	37
-0.044509474842184	0.501956428134973	37
-0.030157754380931	0.414370626957019	37
-0.106261758127565	0.404925978426033	37
-0.124957818002538	0.29214491437946	10
0.00875447218836301	0.328282494069353	10
-0.102476259569975	0.398106767264552	10
0.080324252010484	0.431797828882733	64
-0.12007848735221	0.204453168240212	58
-0.12007848735221	0.204453168240212	58
-0.12007848735221	0.204453168240212	58
0.00485534588120895	0.319668607887165	58
-0.121114868935319	0.196485095929906	50
0.00680090332046401	0.317581852739925	43
0.029251703536666	1.22347017383447	17
-0.053478645490988	0.880212490195475	17
-0.033694569664551	0.403282179261626	17
-0.028574189195412	0.975357685891231	17
0.030300126902559	1.53725402709801	17
0.045994007779	1.58104294511865	308
-0.066586434636006	0.875165627971906	308
-0.117311514131807	0.200095400279662	308
-0.119838486971052	0.299741119212167	308
-0.118347258430918	0.392698836022763	96
0.083291062058852	1.15158256430226	96
-0.118784876155715	0.29347590039026	9
-0.103871148802566	0.398757162030153	87
0.012080788240963	0.315875499322088	87
0.023845398389746	0.640550176805962	9
0.076610981470512	0.778933057721357	76
0.088285444660843	0.450542101930708	30
0.022008127908057	0.70088062000419	76
-0.041080205466396	0.523841020415733	151
-0.119826751233896	0.20033713359998	27
-0.12007848735221	0.204453168240212	37
-0.023236882036874	0.413961117847218	37
0.00910269415722298	0.321162374326109	10
0.00840616347674605	0.327834638337436	7
0.090366897722405	0.449116847389436	7
-0.025483822832559	0.422771113204543	7
0.013102092693751	0.33064391436923	58
0.00812291252661501	0.325881568855884	58
-0.119826751233896	0.20033713359998	58
-0.116412291088309	0.201494267434819	50
-0.120721862288512	0.2046467358426	43
-0.117311514131807	0.200095400279662	43
0.088604313806963	1.47915648187114	17
-0.081819512532351	1.44272397161416	17
-0.037088612494763	1.38894361550014	17
-0.026399213736151	0.89986455824741	17
-0.103242775132761	1.2286266193748	17
-0.090824451300449	1.00729161581831	17
-0.094846890948142	0.998356849355437	308
0.114303076482147	1.3652322415139	96
0.02488282220819	1.0219800703029	55
0.030550411451973	0.963897964960712	9
-0.051625994315309	0.897210301019398	9
0.082450573247252	1.15087538290931	87
-0.077725289386984	0.913816027874738	87
-0.106662268701303	0.691085067705998	9
-0.015807616426584	0.905417794726081	9
0.085125907797154	0.448129152533497	76
-0.095318342615632	0.510380636346732	30
0.02059739902991	0.771271654067536	76
-0.117440039037513	0.390835005748524	151
-0.120891755803397	0.298662128853916	37
-0.115769312169604	0.29455749951646	37
-0.00143888909964796	0.306529488382908	37
-0.124901809750946	0.288986491419187	37
-0.120530528142238	0.297501718308396	37
0.013786362279702	0.329058759499435	149
-0.121947828535533	0.195032713326623	149
-0.124266280020454	0.294908739994208	10
0.018960550591093	0.644885418003952	10
0.090746785991264	0.452251540116945	149
-0.112278987501354	0.394878610848167	64
0.00349184752111897	0.322232072938103	64
0.012417410319734	0.329143753734825	64
0.00812291252661501	0.325881568855884	7
-0.12007848735221	0.204453168240212	58
-0.122848200924527	0.197765865607588	58
-0.12007848735221	0.204453168240212	6
-0.12007848735221	0.204453168240212	132
-0.050054239925699	1.02475467553915	17
0.058187966379981	2.08718046974701	17
0.065776644526086	1.80711519606172	17
-0.085114121340677	1.42723636866078	17
-0.121614804235048	1.03925769421563	17
0.015823711763495	1.23752447367914	308
-0.118723585662351	1.08137603645528	308
-0.023236882036874	0.413961117847218	308
0.00840616347674605	0.327834638337436	308
0.00384177621152604	0.317256639268976	308
0.054597785381322	1.02940884516402	55
-0.040719472547275	0.78189963752628	9
0.066174753918744	0.887389626573761	30
0.020865797372095	0.752247017809367	30
-0.045208392398709	0.526202642210802	30
-0.035396576177523	0.63647957446431	30
-0.027005015856126	0.635746859705244	151
0.083322954552746	0.687568172961316	151
-0.041080205466396	0.523841020415733	37
-0.026209468235704	0.41662028428003	37
0.083026704451998	0.625253482874072	36
-0.113405516636928	0.393233218808741	27
0.087579329994981	0.683123678869607	37
0.088054695104005	0.680079087261601	37
0.00875447218836301	0.328282494069353	37
-0.030157754380931	0.414370626957019	149
0.081034571839348	0.429657100540527	10
0.084235888164219	0.430822014336374	64
-0.024876368469254	0.427318967428229	58
-0.101735055678586	0.399372442262574	58
0.00280947771833695	0.319884864543397	7
-0.124987514854299	0.294108270656176	7
0.00909059836539905	0.327734281589941	58
-0.124987514854299	0.294108270656176	58
-0.119687673750916	0.195889657045268	58
-0.12007848735221	0.204453168240212	6
0.00750156625204601	0.318146131517506	58
0.00805776798109403	0.320063088118638	50
0.026465866755241	1.01708357132083	17
-0.058714927262033	1.38421183937354	17
-0.121065513560272	0.946630772184487	9
0.068316245773877	1.37893309721041	308
-0.114006438964009	1.06083195453857	308
-0.021965189588817	0.415826986229192	308
-0.113334456668824	1.13197767039749	96
-0.100375067622578	0.782231882120709	96
-0.00674848356811297	1.04944561548813	9
0.02143596192416	0.646644061687991	9
-0.004401856973828	0.742992923458459	9
-0.072163620984626	0.777695133323467	76
0.022691414748394	0.726691620644566	30
0.026309621817085	0.860384086183299	30
-0.027658582061039	0.51585871175414	30
-0.110507866357244	0.399090386093842	30
0.088237444261981	0.453695468975854	151
0.019339379538054	0.657282685443155	37
0.07294984371656	0.401781349979778	149
0.00851500984598697	0.323047734886302	10
-0.124266280020454	0.294908739994208	10
-0.121615918050108	0.196112820989389	294
-0.119826751233896	0.20033713359998	58
-0.120973052059038	0.200123508811535	58
-0.12007848735221	0.204453168240212	58
-0.119435230457575	0.200132268237845	58
-0.120330303455051	0.199948663374727	6
-0.120470752247048	0.200512290479624	43
-0.12007848735221	0.204453168240212	132
0.089743953856531	2.30305617100017	678
0.117777439987285	0.923626380508796	17
-0.084369213060054	1.03501915579571	17
0.0317682956401349	0.9480090957211	308
0.026937853078832	0.870649816907264	9
-0.118784876155715	0.29347590039026	308
-0.010690921440682	0.919408994595542	308
0.112712545306467	1.58789421064377	96
-0.058667366239344	0.861800413772355	9
0.105272358507053	1.0077174242666	55
-0.105520150674666	0.404965141643064	76
-0.086624255348858	0.652613009487272	30
0.110165814364267	0.913455593860385	30
-0.103251087330197	0.6144590847247	30
-0.042316491568846	0.513960453611456	30
0.079144307083337	0.681505690586732	151
-0.023892797776904	0.412739138286606	151
-0.021059281213773	0.418029310820203	151
-0.109603146708022	0.406095402309846	151
0.00909059836539905	0.327734281589941	36
-0.119507930225573	0.300966095117367	27
0.0141212343235519	0.322270556407028	27
0.00875447218836301	0.328282494069353	37
0.084190947882805	0.447291625950574	149
0.00715127867185295	0.323114916793462	10
0.00715127867185295	0.323114916793462	10
-0.122882919489031	0.294955401827452	10
0.00847335321216702	0.318893072256514	58
-0.119507930225573	0.300966095117367	7
-0.120330303455051	0.199948663374727	58
-0.120973052059038	0.200123508811535	58
-0.120721862288512	0.2046467358426	58
-0.114276718414551	0.193049284343688	50
-0.119435230457575	0.200132268237845	50
-0.110318189495269	0.189214708148377	43
-0.12007848735221	0.204453168240212	43
-0.114020497214434	0.197062250716419	43
-0.120973052059038	0.200123508811535	43
-0.12007848735221	0.204453168240212	34
0.111915085326543	1.50574218254393	17
0.00639344636042505	1.09879511185962	17
0.038529784787553	0.940017788898817	308
0.020390682252868	0.947339521521296	308
-0.026130092128645	1.22825809985841	308
-0.098417503554193	1.06114271078619	9
-0.024030299415859	0.424964882495467	308
-0.081305796887724	1.06508084997283	96
-0.0392327917136101	0.811925851335025	9
-0.010715888554213	0.843261022418977	30
-0.032075283949149	0.409526939072634	30
0.081207871548436	0.658315841163695	30
-0.122407076239396	0.839228607447134	30
0.0838140604505771	0.444205507315429	151
0.013437485960316	0.328612410677434	37
-0.120721862288512	0.2046467358426	37
0.030484087933119	0.528700743466639	36
-0.117702830916985	0.201427292338264	36
-0.119826751233896	0.20033713359998	36
-0.053484104809264	0.628515599550742	37
-0.060361740950719	0.919132487935223	37
-0.124987514854299	0.294108270656176	37
0.026081781811246	0.527370573390652	37
0.0856082068062241	0.449424236114679	149
0.093636138096485	0.426588876530564	10
-0.115406253614903	0.382897375531714	58
0.062832769428658	0.872126396693711	58
-0.12007848735221	0.204453168240212	309
-0.116803569388739	0.200485458666901	294
-0.12007848735221	0.204453168240212	7
-0.120330303455051	0.199948663374727	827
-0.122589808095553	0.197875007571458	313
-0.121830106278872	0.286351306548892	58
-0.028706115572267	0.418117135943481	58
-0.120470752247048	0.200512290479624	50
0.015525991363853	0.296368112541444	43
-0.0326566062050651	1.04440461280793	87
-0.037312903073536	0.875069375204172	9
0.068605527385515	0.789633302985851	76
-0.114713594262173	0.399714929758057	30
-0.098423148235268	0.474846624899611	30
-0.0950574670791941	0.512755826892394	30
0.091838344373809	0.440058363931423	37
0.007772375811258	0.325438977521151	37
-0.029737881761886	0.411561836670157	149
-0.112954200590882	0.395158484601291	149
0.088285444660843	0.450542101930708	149
-0.117057501300934	0.204573630547874	58
-0.12007848735221	0.204453168240212	58
0.012404465574554	0.322350857399061	352
0.00909059836539905	0.327734281589941	309
-0.124626848833241	0.296052996581659	7
-0.120721862288512	0.2046467358426	58
-0.117702830916985	0.201427292338264	58
-0.119826751233896	0.20033713359998	50
-0.120721862288512	0.2046467358426	43
0.00520548792377495	0.314817758863257	132
0.124062567131678	1.90558584042976	17
0.017808874009404	0.654945886698069	144
-0.0130418743094261	0.840077921896329	9
0.116646630838704	1.56299412194259	9
0.109683599731979	1.23685249225021	9
-0.068316059530523	0.636685135887667	9
0.03811756060504	0.76624682834319	9
0.00978734020788396	0.321078859102827	71
0.093421190210658	0.447278685660217	36
-0.123243834950934	0.296094674641304	27
-0.114714463620054	0.292313535621729	37
-0.037512797342325	0.523908309141914	149
-0.095662846531262	0.510056993264582	149
0.08037593805343	0.441533453087551	58
-0.123810504113871	0.289952831860002	58
0.012417410319734	0.329143753734825	7
-0.117311514131807	0.200095400279662	7
0.088616189751573	0.456925526868453	58
-0.116666934287201	0.197204402740103	502
0.02010132202979	0.305082702809124	43
-0.117057501300934	0.204573630547874	43
-0.119435230457575	0.200132268237845	132
-0.034461291970689	0.97444668326098	17
-0.0418534591493011	0.893099144358755	17
-0.05193165755939	1.10162230722354	17
-0.057395631177849	0.996206637423778	166
-0.080444499719304	0.93587810297061	96
0.119654056841352	1.29097002500343	9
0.076847403067554	0.804581336147306	9
-0.119435230457575	0.200132268237845	9
0.011732317175234	0.322617805268175	9
0.03577446932024	0.550446568306255	144
-0.039038938781371	0.535838310811112	9
0.042952939936885	1.01290398622776	603
0.022335834449389	0.66833861228306	9
0.031397040289993	1.02223358317995	30
0.021460603466487	0.67116433619918	30
0.028025239891426	0.732766468583306	30
0.08660430307338	0.435998783246536	30
0.120702569336088	1.1539829054648	30
-0.119507930225573	0.300966095117367	30
-0.100277648040826	0.495088925953339	30
0.080389637692842	0.659557713276143	30
0.036909283624736	0.548264478962537	30
-0.01472069668654	0.725592575482658	30
0.087091805375409	0.678114068744382	30
0.073435244847613	0.784192744021562	37
-0.048428861898312	0.495452792084111	37
-0.118815881028966	0.298815730314913	36
-0.034227672154805	0.528772534703147	37
-0.110924704103271	0.392808911251458	10
-0.035283576250559	0.529861980983946	149
-0.115630663028911	0.388293612519781	149
-0.120199888649241	0.300925411916508	58
0.00840616347674605	0.327834638337436	58
-0.046274129007967	0.512218554395531	58
0.012417410319734	0.329143753734825	7
-0.12007848735221	0.204453168240212	58
-0.123604847803692	0.294156375567445	58
-0.114276718414551	0.193049284343688	58
-0.086860427959169	0.499482924333723	98
0.012753322642864	0.330192537114287	502
-0.117057501300934	0.204573630547874	273
0.088663571195093	0.440398087812529	705
-0.12007848735221	0.204453168240212	705
-0.120721862288512	0.2046467358426	43
-0.120721862288512	0.2046467358426	43
-0.054399735567185	0.474456767115588	17
0.000591970271862974	1.05242786647753	166
-0.0430484552203561	1.2001802641524	9
0.060984856190823	0.981501061669013	96
-0.058299880552436	0.816251955477122	96
0.00317429312275097	1.23043162804534	9
-0.077138815821402	1.03278770982623	9
0.110504257743329	0.993072045658051	9
0.03045788996945	0.546538988369657	9
-0.039991842046422	0.523880796561498	144
-0.047462352601334	1.21577316290438	9
-0.0345239912277741	0.640832254819271	9
0.073351819162524	0.77190189229786	603
-0.081834154678936	0.707524375877713	603
0.074307028105572	0.786644805507397	9
0.080324252010484	0.431797828882733	9
-0.0386645140217931	0.393470121512152	9
-0.028367205113416	0.623196936929472	9
0.089704790378171	0.45623215537365	30
-0.041388649066847	0.519228868141133	37
-0.114276718414551	0.193049284343688	36
-0.109441305729829	0.400900683534201	27
0.081609502421741	0.68093461835727	10
0.040957775743234	0.523902033999449	149
0.079228766236857	0.656563154106508	10
0.085276422229502	0.44759440520637	58
-0.023607479934284	0.415225371494163	58
0.088567412078597	0.443640317167302	58
0.088994815642282	0.454932127149402	58
-0.0470131163306891	0.510626978796012	58
0.089373321999868	0.444539623564822	58
-0.120721862288512	0.2046467358426	58
0.086317744448249	0.447041041176617	58
-0.124266280020454	0.294908739994208	58
-0.119435230457575	0.200132268237845	58
-0.117956214245167	0.197127918381344	58
0.0130885225734499	0.320881786570503	58
-0.116803569388739	0.200485458666901	98
-0.117057501300934	0.204573630547874	98
0.007772375811258	0.325438977521151	502
-0.119687673750916	0.195889657045268	34
-0.115407072506395	0.29346359294168	17
0.097846568144314	0.433632829210218	17
0.0888737410442	0.681300080190497	17
-0.093649507791545	0.51048682592501	9
-0.102280924407595	0.769931115864586	96
-0.025299618211528	0.423011994204244	9
0.024056410509443	0.744487429045825	9
0.02010132202979	0.305082702809124	9
-0.076216036871233	0.612671573576397	9
-0.017428138321599	0.414438569756734	144
-0.025602655239353	0.427343291168706	144
-0.011087108097584	0.726532267273491	603
0.12451761657343	0.814515455705253	603
0.080705394149255	0.440922559180256	603
-0.124174173814431	0.295153809512105	76
0.086317744448249	0.447041041176617	30
-0.032500913752086	0.406910939906899	30
0.031963714378086	0.536985042868476	30
0.034079012436623	0.541565890583879	30
0.115650021484371	0.769581222446316	30
-0.111659322507878	0.7030426380195	30
-0.075600319913639	0.607894813754154	37
0.03644469765727	0.547351575812685	27
-0.095190809817462	0.522040560839641	27
0.00875447218836301	0.328282494069353	37
-0.028198175375125	0.628004463479808	149
-0.040300411367066	0.526992065460816	149
-0.030273463945198	0.412494186939865	149
0.084852797291494	0.435428328860835	58
-0.121860445591903	0.287107752008804	7
0.00812291252661501	0.325881568855884	58
-0.117057501300934	0.204573630547874	273
0.088285444660843	0.450542101930708	17
0.026131336965437	0.646588359632213	17
-0.070157239531276	0.867758358546621	17
-0.04051471046077	0.610549930785305	678
-0.120721862288512	0.2046467358426	17
0.08932578411326	0.4582379329993	17
-0.013661090651273	0.819091786539476	17
0.121848077216898	1.10797989939124	386
0.098245008321547	0.956400892948681	386
0.08126445652189	0.687562930684353	9
0.010123145971097	0.325605140765547	9
0.023584547924423	0.515838191696823	96
-0.12136535375548	0.200390435746801	9
0.084522008704454	0.446394414578797	9
0.00978734020788396	0.321078859102827	9
-0.123574647022214	0.295771445848541	9
-0.124266280020454	0.294908739994208	9
-0.121615918050108	0.196112820989389	144
0.00978734020788396	0.321078859102827	144
0.03185081996345	0.549272454118196	9
-0.120721862288512	0.2046467358426	603
-0.116412291088309	0.201494267434819	603
0.012068746394606	0.328696223914444	9
0.085276422229502	0.44759440520637	9
-0.119826751233896	0.20033713359998	76
-0.124865630154043	0.295104441970439	30
0.013450775768673	0.323458173640263	71
-0.119826751233896	0.20033713359998	30
0.012068746394606	0.328696223914444	30
-0.119826751233896	0.20033713359998	30
-0.120199888649241	0.300925411916508	151
-0.121114868935319	0.196485095929906	37
-0.120973052059038	0.200123508811535	36
-0.122589808095553	0.197875007571458	37
-0.12136535375548	0.200390435746801	37
-0.119826751233896	0.20033713359998	149
-0.12007848735221	0.204453168240212	58
-0.120470752247048	0.200512290479624	58
-0.031401452518918	2.26745719607891	678
0.036355590579346	1.35616343827333	17
-0.064292323599996	0.939060641983375	30
-0.077609969728942	0.96563967590729	30
-0.084938291139221	0.836341117323564	30
-0.093025799331807	0.693164773848545	151
-0.037096046077118	0.626541285091308	36
0.021266778357542	0.727209169065987	37
0.119829485388889	0.762835732445084	149
-0.108860948783154	0.405174000887372	149
0.0339676627658601	0.53290719781073	10
-0.124296228414601	0.294967233357828	10
-0.119177729118156	0.296854760211614	58
0.0356612026055509	0.55162292506609	58
-0.049257292055403	0.5095854956058	58
0.087907198807007	0.452484514390341	7
-0.124987514854299	0.294108270656176	58
0.08523056158441	0.446308720541009	58
0.013437485960316	0.328612410677434	58
0.00805776798109403	0.320063088118638	58
-0.123905808367963	0.288787317827683	58
0.00978734020788396	0.321078859102827	98
0.074947726097178	0.404562741497885	58
-0.123231915020964	0.194954623237847	58
0.013102092693751	0.33064391436923	125
-0.120330303455051	0.199948663374727	125
-0.117057501300934	0.204573630547874	208
0.00280947771833695	0.319884864543397	34
-0.120721862288512	0.2046467358426	213
-0.038318973245954	1.62994540079487	17
-0.036698929304646	1.61609279097113	17
-0.00316199351550694	0.851251946641582	17
-0.079077752913376	0.766193315991409	17
-0.113373320249311	0.197295776672265	9
0.102961425058372	1.60655444171832	96
-0.011899619375306	0.911915747684335	9
-0.089186363926128	1.15695729161076	30
0.010123145971097	0.325605140765547	112
-0.030944104458242	0.643190741957822	36
0.0933705338255399	0.446073984604609	36
0.092660083201946	0.446088246323542	27
0.00812291252661501	0.325881568855884	37
0.00812291252661501	0.325881568855884	149
-0.119146354347207	0.299784133614005	149
-0.114147625983363	0.393196320481186	58
-0.038127716294852	0.515891439178333	58
-0.116099593607215	0.292133013641435	58
0.082086771057695	0.68467196209786	58
-0.117311514131807	0.200095400279662	58
0.00680090332046401	0.317581852739925	58
-0.120721862288512	0.2046467358426	58
-0.120721862288512	0.2046467358426	58
-0.117057501300934	0.204573630547874	58
-0.120470752247048	0.200512290479624	58
-0.120721862288512	0.2046467358426	208
0.03104269719857	0.535178796704756	213
0.084190947882805	0.447291625950574	34
-0.106423893266509	1.5340765640567	17
0.064921837443618	1.3560360951854	17
-0.042144320094689	1.10587522173477	17
-0.096724615017076	0.628746737312065	17
-0.011849058863845	0.760787599996388	144
-0.00425863955279304	0.908665566060749	71
-0.038887020858895	0.519852665197401	30
0.089704790378171	0.45623215537365	36
-0.120530528142238	0.297501718308396	36
0.00818374935076405	0.319544659896984	36
0.014135151573097	0.321977938256475	25
-0.11205201445311	0.391183906751533	274
0.013102092693751	0.33064391436923	149
0.0130885225734499	0.320881786570503	58
0.084522008704454	0.446394414578797	58
0.086317744448249	0.447041041176617	58
-0.124901809750946	0.288986491419187	58
-0.119826751233896	0.20033713359998	7
-0.116666934287201	0.197204402740103	45
-0.122882919489031	0.294955401827452	7
-0.12007848735221	0.204453168240212	58
-0.114276718414551	0.193049284343688	58
-0.120330303455051	0.199948663374727	7
-0.120973052059038	0.200123508811535	58
-0.120470752247048	0.200512290479624	11
-0.117702830916985	0.201427292338264	34
0.00384177621152604	0.317256639268976	34
-0.072554256294587	1.18611944087738	398
-0.07796548540218	1.02232763221964	398
-0.027128192636466	0.917803644908419	386
0.01218213137086	0.315374733043265	9
-0.10006750868561	0.754786372498731	9
-0.103417867698146	0.38961864774021	9
-0.098781229731449	0.776743305574239	603
0.028874665854319	0.879402337309566	30
0.117679287146758	0.933011077310087	30
0.017148907301237	1.08877178509748	30
0.013786362279702	0.329058759499435	36
0.0856082068062241	0.449424236114679	36
0.00783335463891899	0.32456687202062	27
-0.114020497214434	0.197062250716419	25
0.013102092693751	0.33064391436923	25
-0.029969492055728	0.403180387879316	149
0.00349184752111897	0.322232072938103	149
0.010123145971097	0.325605140765547	149
-0.117057501300934	0.204573630547874	58
-0.12007848735221	0.204453168240212	58
-0.117449528248709	0.19750558552597	58
-0.035412644138844	0.406860308999805	58
0.068779232691806	0.768982416873553	58
-0.122882919489031	0.294955401827452	58
-0.055350812671699	0.729853301897633	58
-0.11986960383917	0.298964910099743	58
-0.120721862288512	0.2046467358426	7
-0.12007848735221	0.204453168240212	7
-0.120973052059038	0.200123508811535	58
-0.12007848735221	0.204453168240212	34
0.090035982617906	0.4567775112976	34
0.061906268419722	2.33060795371144	398
0.100875647845918	1.42179533645196	398
-0.020357074633176	1.07102159323341	398
-0.102843730066398	0.71042128156544	17
-0.108463898552373	0.459403211734661	17
-0.0882210555479061	0.513967567725407	17
-0.032880518430717	0.64065065926885	17
0.045937425129479	1.19756300870303	166
0.033190356560031	0.968861081659168	166
-0.050780398169796	1.28612559878689	17
-0.081766763091618	0.726003621834546	17
0.119865631520966	1.33372563824147	386
-0.0635225653992491	0.617622837728475	17
-0.052187745242738	0.780384219205063	17
-0.089945283415107	0.68415007805943	17
0.068351953724393	1.80636138682261	606
-0.096727917322418	0.786188730884331	606
0.085276422229502	0.44759440520637	9
0.035895107435774	0.778711840178537	9
0.011831179502329	0.310246305451142	30
0.013786362279702	0.329058759499435	30
0.018151346448237	0.702301662915439	30
-0.0294323196892951	0.417217167384954	30
-0.071020105025822	0.635122924605016	30
-0.05570051658307	1.28066402936288	30
-0.091279125576325	0.819606199323798	71
-0.12007848735221	0.204453168240212	30
-0.115407072506395	0.29346359294168	30
-0.119838486971052	0.299741119212167	112
0.082284159564772	0.433827531334852	36
-0.124266280020454	0.294908739994208	36
-0.122848200924527	0.197765865607588	25
0.013437485960316	0.328612410677434	149
-0.117057501300934	0.204573630547874	149
-0.10597364487711	0.402959280095297	25
-0.109151010786622	0.405471973547302	7
-0.106767451729758	0.599207718764205	58
-0.120721862288512	0.2046467358426	58
-0.117057501300934	0.204573630547874	58
-0.117449528248709	0.19750558552597	7
0.079502932435838	1.78308576440189	398
0.022181543621412	1.04381141992922	398
0.0555865976237761	1.03037417946286	398
-0.061296746296547	0.688000044369999	17
-0.062783965814304	1.07875678218868	678
-0.033316291411288	0.523902128947079	17
0.088663571195093	0.440398087812529	17
-0.089009833821192	0.851341407942587	17
0.071046066532956	0.971916214351911	166
-0.109214298806261	0.989604480635264	17
0.054499559817342	0.856737828977275	17
-0.017728991745421	0.408717486193745	17
-0.031046961798901	0.414412559124827	17
-0.106760985703084	0.388976535567037	9
-0.044899493475965	0.51080043923087	386
-0.115239688003345	0.3615234240232	17
-0.050659193246554	1.09016211746344	9
-0.100635081800788	0.514433555727702	9
-0.096847025909209	1.22602931348318	9
-0.122255241146827	0.604333512556323	606
-0.040123454022734	0.386289165735895	606
-0.036455791986355	0.532647873253525	9
-0.108408576682566	0.404557763796762	275
-0.049254430382235	0.498849665440849	144
-0.102282663250701	0.504023988697209	30
-0.118184404810987	0.389223539374605	71
0.095782633258366	1.00109835415183	30
0.08932578411326	0.4582379329993	30
0.013102092693751	0.33064391436923	30
-0.120470752247048	0.200512290479624	112
-0.116034411225498	0.395101876312582	36
-0.119826751233896	0.20033713359998	25
-0.120470752247048	0.200512290479624	25
-0.117057501300934	0.204573630547874	25
-0.117702830916985	0.201427292338264	31
0.00322380453700499	0.307282646902689	34
0.072126685592423	1.27135451490847	398
-0.124740943085075	0.813718810617326	398
0.092737470099606	1.04551678326544	398
0.067837558306184	0.967964103583072	17
-0.098413638228429	0.391279179231885	17
0.031814389885191	0.52955226183929	17
0.0656924179463499	0.872166692402973	17
0.013623228683231	0.645318399816369	17
-0.037934065828057	0.394307434030709	9
0.078839235950206	0.420328875656726	386
-0.102876633334529	0.48851311729014	17
-0.076471607701996	0.720860940549935	17
-0.040020576856568	1.63585605806908	17
-0.039394309881157	0.390928547150854	9
-0.0837713025342141	0.698170555860755	9
0.026952781251687	0.762834975251842	606
-0.120470752247048	0.200512290479624	606
0.09259506410519	0.41909106136611	606
0.03185081996345	0.549272454118196	144
-0.029127093547709	0.41747307734589	144
-0.037278146324945	0.528441376938949	603
-0.030216339143217	0.888506596359072	30
-0.124174173814431	0.295153809512105	30
-0.032399051674899	0.607544034048604	30
0.101642421855811	1.01103297797404	71
-0.102608871689406	1.22321430931273	30
0.016074345015476	0.313414262972915	30
-0.101221697418241	0.712283678931916	36
0.0578501810148761	0.874650466266397	36
0.00715127867185295	0.323114916793462	25
-0.123231915020964	0.194954623237847	37
0.01218213137086	0.315374733043265	10
-0.119182867405107	0.196262216603294	10
-0.120470752247048	0.200512290479624	25
-0.116803569388739	0.200485458666901	58
-0.118637703548881	0.391727974684149	155
0.023017981123353	0.776548061509741	155
-0.117702830916985	0.201427292338264	169
0.00452383954276803	0.317178896767676	16
0.00646878398419104	0.316820506575704	34
-0.122206858831591	0.194925786052955	34
-0.095432061823579	2.40396508409829	398
-0.049022299469596	1.25693768027014	398
-0.012776443160247	0.94860243200803	398
0.108987375400325	1.25800738894	398
-0.105808650557656	0.404317842805861	17
0.083933201968408	0.678735926723776	17
0.024752293663223	2.41087470729922	166
-0.114279280679164	0.386312573811066	166
-0.123831179670209	0.363449360460906	9
-0.111760058411812	0.393058015843434	9
0.081665595929847	0.771749417254752	386
-0.057059436034525	1.55589046769885	9
-0.0163220082097379	0.735029435885903	9
0.072974024004922	0.78943828077398	603
0.030644922945958	0.550966395926464	30
-0.119435230457575	0.200132268237845	30
0.00314183124562195	0.316692107109419	112
0.013102092693751	0.33064391436923	37
-0.12007848735221	0.204453168240212	37
-0.119687673750916	0.195889657045268	10
-0.12007848735221	0.204453168240212	25
-0.122848200924527	0.197765865607588	31
-0.107956353875738	0.400955442250865	45
-0.12136535375548	0.200390435746801	7
-0.092571540172872	0.50614367857199	58
0.084190947882805	0.447291625950574	58
-0.12007848735221	0.204453168240212	16
-0.124957818002538	0.29214491437946	34
-0.124626848833241	0.296052996581659	34
-0.06883655986654	1.01891028620072	17
-0.0878535425182641	0.515401205280599	17
0.088237444261981	0.453695468975854	9
-0.038209353275044	1.04660922903753	17
-0.096139958510336	0.510363907929667	606
-0.031282679394635	0.527046278715201	9
-0.024030299415859	0.424964882495467	30
-0.124533935444621	0.838101861256538	71
0.00919624224791404	0.316925757246294	30
-0.119146354347207	0.299784133614005	36
-0.12136535375548	0.200390435746801	36
0.057448614093119	0.947523883919331	25
-0.121253081016135	0.296692996016929	25
0.00450511615265004	0.314261887757353	37
0.018141057473455	0.316070501738581	37
-0.123604847803692	0.294156375567445	25
-0.117449528248709	0.19750558552597	58
0.08932578411326	0.4582379329993	58
-0.119435230457575	0.200132268237845	58
-0.112061721362219	0.276708005750575	58
-0.117311514131807	0.200095400279662	125
0.106560983623431	0.999641893001795	17
-0.119826751233896	0.20033713359998	17
0.019231973885237	0.667440882394427	9
-0.102823621423742	1.08421787262211	9
-0.123935389068659	0.296923126019998	30
0.084085954980099	0.448795142168311	30
-0.047326908561894	0.723319777506251	71
0.041420673130219	0.547223858986176	36
-0.00749264562383101	0.832118537099003	25
-0.116412291088309	0.201494267434819	37
0.085730447771812	0.664816364986751	691
0.028112125426021	1.10146134385225	58
-0.120470752247048	0.200512290479624	7
-0.12136535375548	0.200390435746801	16
-0.119976539420989	1.30552167416177	398
0.108128261057472	0.915574377082377	17
-0.019888037127184	0.749491134553597	166
-0.120530528142238	0.297501718308396	9
-0.0497369899318461	0.613769455603692	9
-0.00151144063545094	0.928219042022609	17
-0.031500202710512	0.642531141007184	9
-0.108722347987525	0.852466768350913	9
0.01025892266323	0.627830855397874	9
-0.119146354347207	0.299784133614005	9
-0.067889535815685	1.14423973968461	30
0.0802639707959551	0.425231774601033	30
-0.122882919489031	0.294955401827452	30
-0.124502136149213	0.289895082898837	30
-0.123604847803692	0.294156375567445	111
0.00322380453700499	0.307282646902689	111
-0.013561068296741	0.836338570479098	27
-0.117449528248709	0.19750558552597	25
-0.120561387970762	0.298921264523275	37
-0.120721862288512	0.2046467358426	21
-0.120470752247048	0.200512290479624	25
0.00874209721419605	0.31998123347016	31
-0.120470752247048	0.200512290479624	58
0.017107848296269	0.320630992133186	58
-0.12136535375548	0.200390435746801	58
0.012765987318851	0.322034822754662	155
-0.109149006747975	0.392312607178025	155
-0.121114868935319	0.196485095929906	34
-0.026216557519406	0.64079833741099	34
-0.024030299415859	0.424964882495467	34
0.022797666708903	1.1615182718697	9
0.00520548792377495	0.314817758863257	9
-0.033915625479132	0.615233285561883	30
0.017806229923077	0.314488698266658	36
-0.115702175409895	0.360991593828989	37
-0.106261758127565	0.404925978426033	25
0.00875447218836301	0.328282494069353	25
-0.124174173814431	0.295153809512105	58
0.084414562963317	0.44951721000434	58
-0.120721862288512	0.2046467358426	58
-0.123243834950934	0.296094674641304	7
0.089601515733658	0.433336385258911	7
0.00943901268285097	0.32818137286167	7
0.094462966389456	0.445831640151708	58
-0.117702830916985	0.201427292338264	7
-0.119182867405107	0.196262216603294	7
-0.120721862288512	0.2046467358426	297
-0.121114868935319	0.196485095929906	16
-0.00647363261329204	1.73034284003208	9
-0.113696545683844	0.395124614332337	275
-0.078656612035193	1.02751589603083	9
-0.057537853166442	0.856092167294845	9
-0.046311400083213	0.513316177238834	36
0.020980741596526	0.669874787816055	36
0.067329350510561	0.869140912458632	37
-0.116488594280855	0.394433664972118	25
-0.088565292747729	0.508594445672966	25
-0.113803658005813	0.404455320801665	25
-0.123279509517082	0.375022730631919	25
-0.119826751233896	0.20033713359998	31
-0.123574647022214	0.295771445848541	25
0.083375437462661	0.444502792789568	58
0.080756456454708	0.433226673748434	7
-0.121114868935319	0.196485095929906	7
0.00943901268285097	0.32818137286167	7
-0.118447938811591	0.386781752043444	34
0.025398831013128	0.931084946707318	166
-0.103580328936705	1.13771174830038	9
-0.115859626229754	1.19760052037292	385
0.069440398589085	0.90660450842775	9
0.00669797813491602	1.24050907391728	9
-0.106306022675666	0.694575047327174	9
0.00000970339492400996	1.2960153607189	71
0.014487937874851	0.624702848254995	36
0.088504891714233	0.441480139695413	25
0.088504891714233	0.441480139695413	58
-0.109766141223431	0.398222066815536	58
-0.038430718641515	0.519613142804453	58
-0.11615772906775	0.197583163682632	7
0.00742174301786902	0.317804686004059	16
-0.120721862288512	0.2046467358426	34
-0.120721862288512	0.2046467358426	34
0.014135151573097	0.321977938256475	34
-0.08611895825514	0.70883017198021	385
-0.103669692764412	0.493408909431942	9
-0.023899995530834	0.993317289962221	30
-0.038268133587105	0.527832293605286	36
-0.068732632637883	0.615567196127015	36
0.064893738503518	0.822734978810692	25
-0.00731058382015903	0.826537767506463	25
-0.103703757957398	0.601994868751747	25
0.062455214924822	0.964118486549746	25
-0.00919709512496902	0.849322075907907	25
0.020980741596526	0.669874787816055	25
0.06736921719218	0.98487055033338	25
0.016772687467053	0.321027945067643	25
0.085837859020543	0.443794023593376	25
0.033444868287109	0.536772271173411	25
0.08044260343183	0.687767827642283	25
-0.117440039037513	0.390835005748524	7
-0.117396804392266	0.274956446286482	7
0.01080687005159	0.318665358521175	7
-0.0365042699411861	0.374044019286378	16
-0.033533245960683	0.413204159895102	34
-0.124266280020454	0.294908739994208	47
0.031955078731189	1.40649504920976	166
-0.059667291486232	1.3540628798469	17
-0.101452407906916	0.937593578630092	17
-0.052453066367437	1.66516611315432	17
-0.054555827062001	0.895876195443193	9
-0.088709423140751	1.07755413429974	9
-0.0267813187782719	0.969068556561684	30
0.019536314546834	0.98229773199564	25
-0.070544482919665	0.636420059200972	25
-0.0661736613306499	0.787048822087138	25
0.059335085606975	0.941444719160559	25
-0.119838486971052	0.299741119212167	25
-0.021360945041539	0.423402597857627	25
-0.0476406779776391	0.816403791023384	25
0.012068746394606	0.328696223914444	58
0.085861774326415	0.676737983464507	7
0.00909059836539905	0.327734281589941	155
-0.024334960241455	0.415223428306775	34
0.084797077780245	0.450073896007232	34
0.00909059836539905	0.327734281589941	224
0.013102092693751	0.33064391436923	224
-0.108289692315882	1.28382501498105	17
0.083456092608893	0.685713286947036	17
-0.020717494972203	1.61693795256019	17
0.085889694224348	1.07395259870788	385
-0.025738274435842	0.642046515907497	9
0.025109988878849	0.64807588017592	347
-0.056642866608928	0.963894190237991	30
0.014064345656876	1.43882999771176	30
-0.074369244043621	0.794372272528629	36
-0.122191097904116	0.292287171637766	27
-0.116793757801554	0.691532145291718	25
0.015092380190356	0.644870247704055	25
0.0261905278839	0.775279899584143	25
-0.061840638395346	0.879591454962666	25
0.114972718410575	1.31152048294726	25
-0.083260950582417	0.688805858885849	25
0.01218213137086	0.315374733043265	25
0.0888328366025441	0.440942443718814	25
0.084567547812617	0.678293806582667	25
0.031503282643582	0.537890287179584	25
0.0668524343864631	0.781742243815471	25
-0.114142082026559	0.591413920595185	73
-0.098144718178766	0.510710045939793	7
0.028139140893417	0.538393560627834	7
-0.114147625983363	0.393196320481186	7
0.097134743655366	0.431759258243381	34
-0.066526838734412	0.685324590057992	17
-0.06283692261777	0.856203817343634	17
-0.064492985319733	0.791507011170315	17
0.00437635921652202	1.47615702227054	385
-0.086845233594347	0.841376381374915	347
-0.102494366379969	0.503766773064597	25
0.117749422324812	1.32352937141365	25
-0.100219095231677	0.763891946035328	25
-0.122505141557529	0.762622482899646	25
-0.014507435264872	0.795416377534852	25
-0.072074829154115	0.795541315993036	25
-0.117231158014621	0.384000670176198	58
0.023788290212269	0.756255271016702	7
0.0733224930938961	0.645840047265729	193
-0.046274129007967	0.512218554395531	193
-0.12007848735221	0.204453168240212	7
0.00688728029972097	0.300607855603459	342
0.122853177201476	0.778453006805547	342
0.01798570243794	0.66397072111463	297
-0.114258550670621	0.403758994891612	7
0.0904538401241179	0.678138777438076	7
-0.025781042384482	0.419357683551158	7
0.083859615797514	0.440467589824791	16
-0.117057501300934	0.204573630547874	7
0.01447021705444	0.322698480824584	34
0.084899274863649	0.44951558752831	34
0.062780573746959	1.6892301723946	17
-0.022581697258374	1.84309795524744	17
-0.060759365669588	0.882748082344626	17
0.0841148133123521	1.1342095193006	385
-0.093499257354818	0.774749770581809	385
0.00896399527187097	1.05552593783114	347
-0.028093542746642	1.16333169844019	347
-0.03364607679544	0.983017309785325	9
0.083405818366001	0.677334636525158	30
-0.076684090089022	0.775447084349227	36
-0.10636497106893	0.697383245741117	25
-0.093201311516547	0.755271275734948	21
-0.117709562843976	0.690391153083301	25
0.018984283063799	0.725283790835658	25
-0.060941318248023	0.69435689111085	25
0.015409901235202	0.998149118835124	25
0.0837038237955941	0.448241482069095	342
0.087793150145186	0.43828060439644	7
0.00840616347674605	0.327834638337436	7
0.011732317175234	0.322617805268175	34
-0.031042433953677	0.640210259868157	40
-0.023275196710422	0.638246809803951	40
-0.110926008599808	1.3892300477075	17
-0.118310589825871	0.849088905347175	17
-0.070777044973752	1.04142044543743	17
-0.091807670965968	0.781878055475165	385
0.00322380453700499	0.307282646902689	9
0.108952208474322	0.99444297412525	9
-0.11745969042705	0.978797105093397	347
0.053828251087218	0.918626036995932	25
-0.005475083855774	0.994089464327856	21
-0.099585491182042	0.780021449769499	21
-0.114512713020108	0.671846258308298	25
-0.124987514854299	0.294108270656176	25
-0.017127598112332	0.413884820716201	25
0.016906324496839	0.817734977253323	25
-0.030230720147284	0.649256157954704	58
-0.103871148802566	0.398757162030153	7
-0.116803569388739	0.200485458666901	7
0.00875447218836301	0.328282494069353	34
0.007772375811258	0.325438977521151	34
0.013450775768673	0.323458173640263	224
0.012753322642864	0.330192537114287	40
-0.119193918396829	0.38585275752554	40
-0.121253081016135	0.296692996016929	40
-0.016089775730988	0.744836112712021	17
-0.033095966546061	0.611187251817882	17
0.033148841411314	1.23857670695343	385
0.020612699625816	1.09875474190603	30
0.062767727632047	0.857593665523836	30
-0.112954200590882	0.395158484601291	30
-0.078014081787776	0.874105631993138	30
0.084190947882805	0.447291625950574	36
-0.070507976343209	1.01971039898995	25
-0.042386106939716	0.532173498611512	25
-0.106255190873349	0.841458814697703	21
0.096805002646157	0.415553055118386	25
0.027212253926254	0.53202232519653	25
-0.039561492251836	0.809680838558526	25
-0.108860948783154	0.405174000887372	58
-0.108860948783154	0.405174000887372	58
-0.0332833813337931	0.520756597045371	7
0.020003461881433	0.648677534217164	193
-0.024453262232451	0.427991047924053	7
-0.020332138977699	0.414104747894455	7
-0.033919102663783	0.52283989489582	7
0.034295594211766	0.548328324733994	297
-0.113405516636928	0.393233218808741	34
-0.12007848735221	0.204453168240212	224
-0.115168788871359	0.389748711053254	40
-0.055699291147002	0.734260641399696	17
-0.000301266142695988	0.990618621037902	385
0.02909693323175	0.490146602688131	385
0.084944367068754	0.435473708398314	9
-0.027665261651257	0.411347307725951	30
-0.069742708693767	0.63281923314318	36
0.093748082487761	0.984570106332341	25
0.041442957347023	1.14329655653008	21
-0.114547634604199	0.403476236485433	25
0.032871292223847	0.550611681624698	25
-0.0581410516336161	0.704995755245699	25
-0.124450645808666	0.506735730239738	58
-0.04831180096606	0.510989401498976	58
-0.026328064919427	0.652606790150512	58
-0.110180484039714	0.402819148243416	58
-0.094151354582429	0.502498205640116	7
-0.124266280020454	0.294908739994208	34
-0.000432261002408008	0.304166709336598	34
0.017457082715139	0.321052209534861	34
-0.03598233499241	0.531772994051885	34
0.01798570243794	0.66397072111463	40
-0.120922984984385	0.291986122476937	40
0.00977462590618905	0.325165886576976	40
-0.00690339587025202	0.710461688992133	17
0.010123145971097	0.325605140765547	385
-0.095190809817462	0.522040560839641	9
0.006715388666237	1.40573292486233	347
-0.0299943993143	0.514077450709101	30
-0.098387035510325	0.758458071173121	30
0.073903128620626	1.21913141379612	30
-0.113348916176925	0.401752089955301	36
0.03577446932024	0.550446568306255	25
-0.101480666197465	0.498176273915892	25
-0.108813018671073	0.665920385668734	21
-0.03237374434444	0.633353453396966	21
0.065756704012653	0.858072609806816	25
-0.107488558045229	0.611484867335049	101
-0.107085255541316	0.385017208619166	25
0.118426555438661	0.901111787177305	7
-0.105429738344571	0.482569028347516	58
0.0794149022052601	0.636918146099878	7
-0.113696545683844	0.395124614332337	7
-0.025781042384482	0.419357683551158	193
0.00874209721419605	0.31998123347016	193
-0.124970425385114	0.193742464728766	342
0.00875447218836301	0.328282494069353	7
-0.124266280020454	0.294908739994208	34
-0.12110571688679	0.826766683511781	17
0.021517648963325	0.744981162115843	385
-0.115042578063698	1.24288324719793	385
-0.067916919558043	0.958800867625141	385
0.058838218944388	1.04519141454623	9
-0.0631436011636169	0.635425576628592	30
-0.083450007943592	0.992818286327157	30
0.024261299960073	1.36373344133907	30
-0.063752742845907	1.10334452402197	71
0.091458194959298	0.441854620715546	36
0.112473910395685	0.895901824181059	21
-0.00774117840237698	0.738166972646096	25
-0.0706432493831301	0.627843937617915	25
0.084224016563815	0.679729985034344	25
-0.033256656675751	0.636180418218171	7
0.083800501921049	0.691379806822877	58
0.031782628979292	0.536073756339002	58
0.089373321999868	0.444539623564822	7
-0.123604847803692	0.294156375567445	7
-0.117956214245167	0.197127918381344	7
0.012753322642864	0.330192537114287	40
0.119818562358054	1.75357000902555	17
0.0194699097886381	1.54088051375013	385
-0.119802134091915	1.23554454426739	385
-0.106409589017374	1.08215142558256	9
-0.068085498802177	1.72046378514211	30
-0.11710474594059	0.915673091493015	71
-0.080140081840366	1.05575991675209	36
0.075261644893983	0.785760131977316	25
-0.025781042384482	0.419357683551158	25
-0.09200624552978	0.514766716191613	101
-0.105642399522846	0.600819998950666	418
0.020165172967311	1.26776266748286	418
-0.111698441440047	0.282531374564497	25
0.030581957949632	0.52849506493954	25
0.013786362279702	0.329058759499435	7
-0.120721862288512	0.2046467358426	7
-0.103098465834511	0.39333109155539	7
0.00943901268285097	0.32818137286167	7
0.011732317175234	0.322617805268175	7
-0.121615918050108	0.196112820989389	34
0.08932578411326	0.4582379329993	40
-0.120891755803397	0.298662128853916	40
0.080556270501812	0.780383539569092	17
0.042296096571727	1.26433760995979	17
0.121526330606385	0.772379885831835	17
-0.014135989802751	0.977846723716822	17
-0.086975859117908	0.516799410016922	17
-0.072958479562733	0.74789022932961	385
0.039974777798377	1.09066122543141	385
0.051546358373976	1.30103945602594	385
0.00812291252661501	0.325881568855884	9
-0.11112552326682	0.596361283247916	347
-0.052655674283427	0.726047167798662	347
-0.052737375732865	0.847791944957026	30
-0.061285353998807	0.818208113962925	9
0.08233795475474	1.1346597553879	30
-0.090063720177849	0.928691121733039	30
-0.120241486718737	0.84480441936576	30
0.040957443964651	0.548155057560336	71
0.029223449238207	0.77995351066055	36
-0.0508533198425431	1.03236481236361	36
-0.122552186963528	0.293392631905457	36
-0.0185863559221811	0.82431038319678	25
0.119148966781506	0.926596593127124	21
0.036052105592829	0.540905539549964	25
-0.10123111079189	0.488280399687747	25
-0.12007848735221	0.204453168240212	31
0.088285444660843	0.450542101930708	25
-0.117602966647127	0.3927539949401	7
0.037621473122097	0.533287352996979	7
-0.120721862288512	0.2046467358426	438
0.013437485960316	0.328612410677434	40
0.00875447218836301	0.328282494069353	24
0.079391346985406	1.46973095323889	17
-0.11715391627713	0.287810286343189	17
-0.047505875685979	0.794104665232058	347
0.049451878922302	1.29731370910872	347
-0.057837212884491	1.11918747448088	71
-0.09778182105926	0.504572439014241	71
-0.010123928325358	0.761951537466085	36
0.119044002390472	0.912188846819616	25
-0.0318777526251161	0.522930499496234	25
0.030922356016221	0.552364587684202	25
0.039192782868978	0.544646747912458	31
-0.123574647022214	0.295771445848541	7
0.03577446932024	0.550446568306255	438
0.024624572281336	1.96169071708788	17
0.106661229645124	1.55027642218509	385
-0.097038805431397	1.07417899885563	385
-0.010187608204542	1.3003269627676	179
-0.120169397984437	0.291299483246016	9
0.016856480225238	1.5648435814667	9
0.00121572662568703	1.23539116988576	30
-0.0282311397160639	0.512963959146092	30
0.075038164075821	1.61066099131462	71
-0.069796363362761	0.797246617189199	36
-0.044789546714753	1.06986305429284	36
-0.036547738357433	0.903655311880111	36
0.083749018231254	0.678496201387652	25
0.0184652304423401	0.660993392348437	25
0.025763569730499	0.952991942257563	21
-0.089180257933958	0.67280322679883	25
-0.00877486946364903	0.830446962143667	101
-0.124957818002538	0.29214491437946	25
-0.119435230457575	0.200132268237845	807
-0.048436074064568	0.507965919938951	25
0.08523056158441	0.446308720541009	7
0.00875447218836301	0.328282494069353	40
-0.120561387970762	0.298921264523275	40
0.032983982434441	0.537671292988971	40
0.027675775174842	0.537501825176176	40
-0.074462588686727	1.31772763163133	9
0.00731665064607401	1.32357460940424	17
0.00212669685171296	0.313054558549248	179
-0.105684747761141	0.847999735710944	9
-0.03298319851425	0.973596558010184	30
-0.053301128191983	0.953499701831718	30
0.088684328398869	1.29507380609351	30
-0.00782567739217399	0.930355170990893	36
0.029321852113341	0.782120738740152	71
0.034079012436623	0.541565890583879	71
0.089246576107458	1.08015785027709	25
0.106484316364116	0.869329229604736	25
-0.096039403915021	0.78153477128052	25
0.084190947882805	0.447291625950574	31
-0.115950113214612	0.389412024245144	807
0.00757191065523899	0.608668143018291	25
-0.044484275432278	0.714923468034562	7
-0.0372697906789941	0.52741992478811	58
-0.022879356802807	0.413150567159076	140
-0.120721862288512	0.2046467358426	40
0.00909059836539905	0.327734281589941	40
-0.119177729118156	0.296854760211614	40
0.012753322642864	0.330192537114287	40
0.049188455946384	1.35374219744459	17
0.0223741238363691	0.511599671695128	9
-0.12417056276346	1.21841781336148	385
0.07689986933036	1.31779024403295	385
0.067835783613534	1.53358625931848	347
0.015971714075514	0.632361857184488	36
0.068682344773959	0.78902096756448	25
0.016737235857501	0.629650114325966	25
0.06827002102393	0.89856069269858	25
-0.050681835073074	0.723048278751026	25
-0.100404558712268	0.89088222228179	25
0.026288386975068	0.874443917888662	25
-0.041629527584512	0.523629765552303	25
0.025675342413794	0.85536250576343	25
-0.077899875344503	0.603367391291054	807
0.028526424323291	0.647547315066161	7
0.0888328366025441	0.440942443718814	180
0.031223710248558	0.534001756415114	180
-0.117057501300934	0.204573630547874	7
0.0331416036372429	0.540913352841457	140
-0.124266280020454	0.294908739994208	140
0.012404465574554	0.322350857399061	7
-0.123243834950934	0.296094674641304	438
-0.114714463620054	0.292313535621729	438
0.013786362279702	0.329058759499435	40
0.107943837745884	0.895876449876294	40
-0.114093129226505	0.400785176469662	40
-0.119435230457575	0.200132268237845	40
0.00909059836539905	0.327734281589941	9
0.021557219518243	0.648108529106764	25
-0.0442339679368841	0.498147575000388	25
-0.093783799360567	0.506403566353769	25
-0.111760058411812	0.393058015843434	25
-0.023302574140362	0.422735424838194	7
-0.12136535375548	0.200390435746801	58
-0.120199888649241	0.300925411916508	7
0.013102092693751	0.33064391436923	180
0.076175836711629	0.422925712781066	180
-0.120478081544221	0.282243481399676	140
-0.028861713904316	0.42144673789524	140
-0.123231915020964	0.194954623237847	140
0.090415369594655	0.454793894645718	7
-0.120973052059038	0.200123508811535	438
-0.119826751233896	0.20033713359998	7
-0.065491264458066	1.30414495095168	17
-0.0208147538824151	0.410514661935447	17
0.087647127758202	1.08402670291664	385
0.0888328366025441	0.440942443718814	179
-0.032548026606658	0.606767587627623	179
0.053507565743618	0.940424015195063	347
-0.101371387625702	0.912021403345616	347
-0.020167995343076	0.730372182693649	30
-0.098258858572658	0.502342070675179	30
-0.091317550701131	0.503413811928367	71
-0.032379504351586	0.410826767707317	71
-0.105066806415671	0.404358917205356	71
-0.110797005237636	0.403107698481888	25
-0.123243834950934	0.296094674641304	25
-0.0284792285441861	0.51870516478007	25
-0.12007848735221	0.204453168240212	101
-0.029893456968512	0.410662318122494	101
-0.107885530729842	0.39337720618766	31
-0.119507930225573	0.300966095117367	7
0.00875447218836301	0.328282494069353	7
-0.121615918050108	0.196112820989389	58
-0.120721862288512	0.2046467358426	180
-0.120721862288512	0.2046467358426	7
-0.120330303455051	0.199948663374727	40
-0.119435230457575	0.200132268237845	40
-0.013384241130557	1.74055800617173	17
0.04531912912629	0.998010087982831	17
-0.116412291088309	0.201494267434819	706
0.016663845238741	0.749762383088567	179
-0.005110391961755	0.96181748408235	347
-0.0998011514014761	0.49481893496166	71
0.0856082068062241	0.449424236114679	71
-0.024876368469254	0.427318967428229	25
-0.120470752247048	0.200512290479624	25
-0.029548219012575	0.413375658663099	25
0.00805776798109403	0.320063088118638	25
0.026081781811246	0.527370573390652	101
0.00840616347674605	0.327834638337436	101
-0.119435230457575	0.200132268237845	25
-0.114276718414551	0.193049284343688	7
-0.123118783695475	0.288006248781463	7
-0.120973052059038	0.200123508811535	203
0.00417380424795399	0.32214223099419	40
0.012417410319734	0.329143753734825	40
-0.00683973870080201	0.990615429156882	17
0.124909216480356	0.820951162630403	9
0.0856082068062241	0.449424236114679	385
0.068682344773959	0.78902096756448	179
0.028683282781094	0.656247899215623	347
0.027529019291871	0.761145623835867	30
0.09309056862696	0.434351298091899	71
-0.095536718601779	0.518752414864088	71
-0.123574647022214	0.295771445848541	25
-0.124266280020454	0.294908739994208	25
0.012080788240963	0.315875499322088	25
0.088616189751573	0.456925526868453	21
-0.108699024014935	0.401838018874364	25
-0.029548219012575	0.413375658663099	25
-0.05655858811398	1.2726991512198	25
-0.117057501300934	0.204573630547874	25
-0.113373320249311	0.197295776672265	120
-0.117449528248709	0.19750558552597	7
0.023120743904431	0.76125976886517	40
0.044443143120512	1.98804842433165	17
0.00602664046366597	1.36221565309427	17
-0.0989462486386859	0.826608197705343	166
0.085748001158809	1.03224986620194	9
0.0331569350194521	0.937708892526188	9
-0.107912900167399	0.854695973733827	9
-0.108325405423589	1.07798787318269	9
0.059299791159705	0.841246450931622	71
-0.0792284234499	0.93822670075618	71
0.00358431948730398	1.213546660198	71
0.021065582151505	0.668249259039489	71
-0.112794830608133	0.391140897689565	25
-0.0376317842248231	0.393017136898202	25
0.0904538401241179	0.678138777438076	25
0.013102092693751	0.33064391436923	25
-0.040300411367066	0.526992065460816	25
0.0115003735127009	0.31534461699379	25
0.0339676627658601	0.53290719781073	25
-0.112954200590882	0.395158484601291	25
-0.122823448299444	0.373880766484102	25
0.00715127867185295	0.323114916793462	25
0.017791716116264	0.315663265450272	25
-0.018024581793567	0.639773616362144	25
-0.116412291088309	0.201494267434819	25
-0.12007848735221	0.204453168240212	180
-0.12007848735221	0.204453168240212	209
-0.119687673750916	0.195889657045268	7
0.013102092693751	0.33064391436923	203
-0.120973052059038	0.200123508811535	40
-0.021662914832056	0.42277732895996	40
-0.124626848833241	0.296052996581659	40
-0.094719405657354	1.57761037209406	17
0.101842441547191	1.34449970649141	166
-0.059735032351486	0.715469678805942	17
-0.04780813235941	0.770697945004785	17
0.018361428940518	0.756168747535996	17
-0.111193705699175	0.915986474183453	9
0.00757205588061705	1.96305764957939	9
0.085417411213545	1.16359470459725	9
0.00631329350708898	1.2625015569581	385
0.021921125326508	0.768663719349188	347
0.078723715503239	1.33843868015401	30
-0.107204162001715	0.576690231707631	71
-0.00687574937262703	0.919878300145097	71
0.050588819352009	1.00541085204986	25
-0.108380226934967	0.841363861303854	25
0.090746785991264	0.452251540116945	25
0.073665772306855	0.645881392532531	25
-0.01172419003614	0.816244573591735	174
0.021265939948608	0.652655878305114	174
-0.099360855123289	0.487610861402585	25
0.094081587300304	0.44283029968928	25
0.0821787827217611	0.431016903520867	7
-0.119146354347207	0.299784133614005	7
0.088994815642282	0.454932127149402	209
0.093421190210658	0.447278685660217	209
0.00417380424795399	0.32214223099419	7
-0.027777862594202	0.409787327103379	7
-0.120330303455051	0.199948663374727	7
-0.117057501300934	0.204573630547874	40
-0.120470752247048	0.200512290479624	81
-0.120721862288512	0.2046467358426	40
-0.018975907899341	0.97295462295913	17
0.053455793263048	1.12449846865704	17
-0.123574647022214	0.295771445848541	706
0.07511968231898	1.29792961142869	347
-0.096315301795164	1.29233259159903	32
0.0743154464402011	0.793884273374192	71
0.112710785685541	0.93003565361	71
0.070432991979445	0.772814933827477	71
-0.098027433791826	0.515283168116219	71
-0.099331525346828	0.51743499427214	25
0.084899274863649	0.44951558752831	25
0.0339056002424391	0.531803671695941	25
0.087907198807007	0.452484514390341	25
-0.024030299415859	0.424964882495467	25
-0.120440661468521	0.289069193339511	25
0.012765987318851	0.322034822754662	209
-0.120470752247048	0.200512290479624	209
-0.12136535375548	0.200390435746801	7
-0.120973052059038	0.200123508811535	7
-0.121947828535533	0.195032713326623	7
0.012068746394606	0.328696223914444	7
0.00942601895775297	0.317584667311285	40
0.084797077780245	0.450073896007232	40
-0.00628978251281698	0.855477202398614	17
0.0684087523388141	1.21484459748099	17
0.03410061474451	0.907564287150555	9
-0.061574840482973	1.16395096811829	347
-0.010235680145443	1.01419386623888	30
0.062355756419394	0.8888355511141	71
0.088741863220097	0.681475049730926	71
-0.037015503286818	0.522440097151762	25
0.111244689554277	0.915481677920134	25
-0.102643845216667	0.398013393054184	25
0.013450775768673	0.323458173640263	25
-0.123243834950934	0.296094674641304	25
-0.073301775299263	0.799344908220783	25
-0.0445494881384611	0.514696424926647	25
-0.123243834950934	0.296094674641304	25
-0.116803569388739	0.200485458666901	25
0.012068746394606	0.328696223914444	7
-0.120561387970762	0.298921264523275	209
0.016772687467053	0.321027945067643	209
-0.11376435787943	0.193412028518999	7
-0.120973052059038	0.200123508811535	7
0.00840616347674605	0.327834638337436	761
-0.116666934287201	0.197204402740103	40
-0.015569807148064	0.730768488966601	40
-0.120721862288512	0.2046467358426	24
0.03055900649578	1.11084341285135	17
0.00953473532635796	1.04586433735609	17
-0.114020497214434	0.197062250716419	706
-0.120721862288512	0.2046467358426	706
-0.121578004039915	0.733167864985697	30
-0.118388846912224	0.844967398018462	71
0.073524794659508	0.766376516294359	71
0.0789019015514471	0.800867829639864	71
-0.038887020858895	0.519852665197401	71
-0.037040715199268	0.527978742738724	71
0.088341130614969	0.655856346443653	71
-0.0316045194926871	0.635289502229365	71
-0.092624808105488	0.848329567565562	25
-0.100881687116343	0.657621405710036	25
-0.037576316483392	0.629242938821222	25
-0.00862867909068898	0.923347703602425	25
-0.029434754336766	0.624019292271582	25
-0.109603146708022	0.406095402309846	25
0.00805776798109403	0.320063088118638	25
0.00805776798109403	0.320063088118638	25
0.036419645771341	0.547150299977616	25
-0.041859632469136	0.518286399889601	174
0.035312332023555	0.543345629083475	25
-0.075847003632041	1.17893443458196	25
0.00840616347674605	0.327834638337436	7
-0.116404119815535	0.391900944812689	25
0.088616189751573	0.456925526868453	25
-0.00710006068837399	0.855857077448244	25
-0.123935389068659	0.296923126019998	25
0.014135151573097	0.321977938256475	7
0.093751530108679	0.449136011538768	209
0.00245956795448898	0.314442676995216	25
-0.043877281484056	0.512217659345899	40
-0.098144718178766	0.510710045939793	9
-0.110468141287089	0.403447535955763	179
-0.052142622199798	0.706886611386327	9
-0.07076793093302	0.936797616767841	9
-0.101046454061004	0.888686542345687	9
-0.049586674660319	0.497229555843061	32
-0.07575678015232	0.621329410104707	32
0.094245952729098	1.0392316717442	30
0.0571844460687701	0.852730755283167	686
-0.124808522847611	0.492564172863422	25
-0.035715321167374	0.404336881380002	25
0.00805776798109403	0.320063088118638	174
-0.108980231137235	0.401407053157079	25
0.022251578039261	0.656090152903956	25
-0.020757924346797	0.404087439349846	25
-0.044735047808401	0.529013381592479	25
-0.111667147342602	0.400531689792912	209
-0.114147625983363	0.393196320481186	209
-0.115044930876358	0.287579666346968	7
0.00384177621152604	0.317256639268976	7
-0.119826751233896	0.20033713359998	7
-0.123935389068659	0.296923126019998	25
0.094844224419856	0.444002699011843	761
0.087576676708264	0.440143747280381	40
-0.121253081016135	0.296692996016929	81
0.062142026534401	0.890570598060524	385
-0.00726063757125295	0.95542666894271	9
-0.00128776271480502	1.14892012220749	71
-0.035892157512302	0.891741403391016	71
-0.058544238074799	0.931264666624866	25
-0.108536755232353	0.690447947982357	21
0.018225770880807	0.932689555119329	686
-0.0435032744891251	0.798747655576955	686
-0.0573680073260831	0.957001882201982	686
-0.109603146708022	0.406095402309846	25
-0.022817080837064	0.646855328040884	25
-0.102183580211667	0.625857425638508	25
0.0879759972715251	0.690700205348301	25
-0.114438496801935	0.393510583965143	25
0.015358788698895	0.7313709647655	25
0.012753322642864	0.330192537114287	7
0.080324252010484	0.431797828882733	40
0.00943901268285097	0.32818137286167	40
-0.045179500048374	0.515142497564329	24
-0.00303065050436901	0.934515119510653	17
-0.122533364851875	0.376543014972895	63
-0.059191874432253	0.61135463060844	63
-0.031009642854581	0.937347756794434	63
-0.105072746279593	0.604434226258744	63
-0.118928372606546	0.385917925054944	179
-0.064632202123074	0.640554010793367	347
-0.073839325911364	0.851577071057516	9
0.033866144276261	1.15868937885151	32
-0.058006579206958	0.721492296105035	30
-0.00123969751775499	1.31571035973101	30
-0.035467041569894	1.32451659216076	71
0.124688478991446	0.806098972442262	25
0.026753717244645	1.00582581530762	25
-0.0646712978381641	0.964357922956129	21
-0.066468846767533	0.959324311220863	686
-0.058999744319401	0.859813799193538	25
0.08655041735708	0.433806897420315	25
-0.0386645140217931	0.393470121512152	25
-0.113245613921669	0.39454887612056	25
-0.101378568443137	0.767887377455514	25
0.02059739902991	0.771271654067536	25
-0.056791632035601	0.684961880149347	209
0.03402453657261	0.879290425879996	25
0.084522008704454	0.446394414578797	25
-0.117311514131807	0.200095400279662	7
-0.103803260711987	0.502596967836564	40
-0.123935389068659	0.296923126019998	40
-0.085053903805057	0.509262331650937	40
0.034940157718896	0.540125368294329	40
0.072924139445177	1.30713618586998	9
-0.049198520549871	0.488554281402277	63
-0.044261859865505	0.528132626995169	63
-0.124597519311119	0.286168053792383	179
0.094462966389456	0.445831640151708	32
0.094886002003195	0.931159999269185	32
-0.073568033909712	0.600655921566921	30
-0.07810990357217	0.856615973665787	12
-0.109084244865511	0.383574048934293	12
0.020421005615862	1.09462201044742	71
0.106540266827324	1.15716786524894	25
0.084024469889367	1.14242746928657	25
-0.10883326358205	0.848691827343571	25
0.0981762393843491	0.433543261448201	25
0.098990680224773	1.0386653061154	25
-0.051690771806883	0.713994343094351	25
0.088529903170921	0.671952146564912	25
-0.072105299118935	0.623852584555434	25
0.123093930911702	0.538445656450126	7
0.078280149445243	0.650351716985569	40
0.081207871548436	0.658315841163695	40
-0.112339153103506	0.843389693094114	63
-0.035001967962128	1.51791310198807	9
0.068552789979479	0.885063869256918	9
-0.070659527474699	0.803968030734971	179
-0.124266280020454	0.294908739994208	179
-0.007122133889232	1.41615702916348	9
-0.03182037414392	1.13613919400776	347
-0.022283584653934	1.06649520802053	347
-0.053585298265233	0.722269506496398	32
-0.103745697483985	1.04513752313673	71
-0.024194747861796	1.27027891195975	71
-0.066324374941236	0.787929979292453	71
0.020413327953745	1.09422209102818	25
0.080314834654143	1.02117878970349	101
-0.039667267795078	0.516807404753488	25
0.060555389535692	1.13897136600409	25
-0.028615899924106	0.895418147325618	25
-0.06283438246485	0.630016316616584	25
-0.119246639047742	0.773184072863113	25
0.038276289602068	0.549864359649029	25
0.031135686094822	0.839609543242971	209
-0.021356761286314	0.712838173182062	209
-0.051735146672218	0.739101993089651	25
-0.025051782542348	0.418155561890746	25
-0.03181836412373	0.645433794293171	40
-0.045127463862392	0.507643998072878	40
-0.114438496801935	0.393510583965143	40
-0.108408576682566	0.404557763796762	40
-0.100501579120468	0.509283874182072	9
-0.094127161363137	0.508218373524504	63
-0.036320450964221	1.0091114185754	63
0.0678109409823841	0.779636699083018	9
0.0121505011172059	1.05308701554289	9
0.026121720803494	0.861585986392048	9
-0.10115395098137	0.695293398120971	9
0.062614387533682	0.985373367496632	179
0.078956803475609	0.43456227656002	179
-0.027557830974336	0.414339888301099	9
0.032336809474421	1.3089539311963	9
-0.09955705059648	0.508200609288992	9
0.084399435834711	1.14822745967359	347
-0.0224225000781429	0.647706141044015	30
-0.110502467387987	0.952582445413522	30
0.022189869411351	0.861243111641417	12
0.087548739759986	1.74949727998369	71
-0.041225315024609	0.507562751965232	25
0.022483399730449	0.709694481086359	25
-0.00905057370578299	0.975301510019496	71
-0.096524456706314	0.780080800287504	71
0.08578215865744	1.13562472686083	25
-0.071365476921304	0.859394047864877	25
-0.086376993308541	0.867860382495296	21
-0.072163620984626	0.777695133323467	25
-0.074043758000786	0.603197440253939	25
-0.110443393417024	0.684679068974653	25
0.103554846975946	0.880188700320473	25
0.036419645771341	0.547150299977616	25
0.036698280109924	0.552345681959834	40
-0.124626848833241	0.296052996581659	40
0.091615940898321	0.675551964416111	81
-0.108408576682566	0.404557763796762	40
-0.072626970509257	1.31295192656561	17
-0.029678564876778	1.56794357387708	17
-0.124205469581997	1.31883368156263	63
-0.080332777012323	1.14423003321048	9
0.013459685200461	0.722200316618289	9
-0.0102353542403369	0.848602547821493	63
0.0234706951714651	0.652966499112321	63
-0.099956776574705	1.03635694674532	9
-0.11898650603544	0.676963703679516	32
-0.12225574733048	0.914532212854342	12
0.07926611695605	1.10062048962886	71
0.106791834190132	1.24773194865514	71
0.10318649480948	0.88187635817932	21
-0.119503442537798	0.745585886589876	25
0.022664431884056	0.937444631668204	25
0.098941627560645	0.423015811790145	25
-0.122713894780199	0.660085407032751	25
-0.10766707936223	0.469568653432344	25
0.03644469765727	0.547351575812685	25
-0.077710974698108	0.775213243562868	25
-0.09436502887972	0.520951277973949	25
0.022342541435874	0.862448932285371	25
-0.025821575834162	0.635362340734987	25
-0.119091152272117	0.391067793028081	25
-0.038268133587105	0.527832293605286	25
-0.101918057063538	0.488368797602362	25
0.019083981392071	0.653400711010219	40
-0.099112291681996	0.493060329712978	40
0.090746785991264	0.452251540116945	40
0.030581957949632	0.52849506493954	40
-0.0284005988370381	0.416542911920855	172
-0.114373387429398	0.386258096543972	172
-0.090496728968998	0.845000779733192	17
0.039776130666331	1.87868718689166	17
0.029473241173084	0.655079086803711	63
-0.109944418086133	0.848998362802231	63
0.065078936598959	0.955084354655095	63
-0.097788587444364	0.615983520353803	179
-0.0442339679368841	0.498147575000388	179
0.029903559919794	0.545952588062975	9
0.066570022996409	1.09810519471919	347
-0.08147575058334	0.701281947059283	32
0.030083586003771	1.20704194398169	32
-0.049004394413748	0.728984766251502	30
0.0205843420026089	0.850032452442998	22
0.080046204545483	0.431165182263965	12
-0.091042136011145	0.514156077229763	71
-0.045564509705239	0.821090411383967	71
0.058719796587745	1.00949965537751	71
-0.060253993300304	0.706552753080858	25
0.010576513251315	0.721398326731546	25
0.018350483846262	0.752265110288293	25
-0.09754856444979	0.509351005825036	25
-0.040522697767002	0.698496854133047	25
0.013786362279702	0.329058759499435	25
0.087793150145186	0.43828060439644	25
-0.120973052059038	0.200123508811535	40
0.087091805375409	0.678114068744382	40
-0.028861713904316	0.42144673789524	40
0.084742887004048	0.438700575899714	172
0.032128789063974	0.553178039035913	9
0.052440324921838	1.54993081514439	63
0.035196629926634	0.54587802990057	63
0.080046204545483	0.431165182263965	179
-0.111667147342602	0.400531689792912	179
-0.085292798121148	0.833776478312829	9
0.0348118132666621	0.532022669135202	9
-0.060743307810293	1.24269314010904	32
-0.0346961347315869	0.611167703137199	32
0.029463295395178	0.935267033604268	12
0.089217629816446	0.682710810460603	71
-0.032841625015542	1.16857002990562	71
0.019584741949322	0.75862498656853	25
0.094849403806474	1.57372115157161	25
-0.109747576272284	0.767255914887405	25
-0.00558735759472995	0.982198340114346	21
0.016317639967695	0.924400714912047	25
0.031683761512061	0.529074574891319	25
-0.094841115161194	0.510075313919361	25
-0.096301162060227	0.784741031075426	25
0.019564529983534	0.931239719473573	25
0.013159391718547	0.643935440640341	25
0.066372957371329	0.775211358584036	25
-0.01848809414224	0.732719954422736	7
0.124909216480356	0.820951162630403	25
0.074701888932438	0.781091619543605	25
0.081741445572809	0.686264825788084	25
-0.117449528248709	0.19750558552597	40
-0.116461658278738	0.293214439417179	8
-0.027475360438775	0.416020710331839	172
-0.052332698767686	1.86356260915711	17
-0.00698320779319706	0.986245699345662	9
0.115591897663035	1.15347737586042	63
-0.045713864494823	0.500192519857576	63
0.026837881146217	0.513676371830757	179
0.00173877126956001	1.54448452114233	9
0.10390499658843	1.75362265063143	32
0.118747276083522	0.916540514938598	32
0.051038707519086	1.12986768043672	30
0.061031603128467	0.838111553987953	12
-0.095226788443336	1.16984309441208	143
-0.021616498908637	1.14227600187631	71
-0.108856349110689	0.586010982549405	71
0.124428284927706	0.819399824563938	25
0.084186212804283	1.13930432262934	25
-0.0584830999150771	0.718410294921437	21
-0.045415841247016	0.772154625357517	21
-0.020929313969282	0.880927471562295	25
-0.107488558045229	0.611484867335049	25
-0.040138091799874	0.522652332840345	7
-0.0771456300965	0.792188580211343	25
0.0309778655899841	0.746772610527365	25
-0.124266280020454	0.294908739994208	25
0.014322887396331	0.628815342159797	40
-0.11205201445311	0.391183906751533	172
-0.032016554072939	2.36988652766357	17
-0.124402616104337	1.42780822097776	17
0.117645147914626	1.46094386216135	17
0.04869358576991	1.51826368988188	9
-0.054321702864062	1.44431600500555	63
0.029874062920191	0.947464225102019	63
-0.059898124625721	1.48515954024454	9
0.022579093959914	1.19824762776029	9
-0.064986344298972	0.961555415152565	32
-0.0950543957547469	1.14752869623424	22
-0.053976466257996	0.957889162922101	71
-0.02599759764596	0.920127613813444	25
-0.00587951160453304	0.831521142643864	25
-0.056047412283164	0.73326854247003	25
-0.018740535526828	0.828027635231301	21
0.088616189751573	0.456925526868453	25
0.08523056158441	0.446308720541009	25
0.0809194710907491	0.686465085610143	7
-0.0284400747846	0.632073400637088	25
0.028697382730825	0.527869002067604	7
-0.028861713904316	0.42144673789524	7
-0.095318342615632	0.510380636346732	25
0.013786362279702	0.329058759499435	25
-0.116412291088309	0.201494267434819	25
-0.116823820939601	0.291358702487406	7
0.011732317175234	0.322617805268175	40
-0.02517994708759	0.428015722207691	40
-0.119146354347207	0.299784133614005	40
0.00715127867185295	0.323114916793462	40
-0.029011968269826	0.414359709030938	40
0.036612363407929	0.524174926460887	8
0.086317744448249	0.447041041176617	172
0.039201535037683	0.551752912787097	172
-0.120721862288512	0.2046467358426	63
-0.116287947573179	1.1900328397003	9
-0.099733364459216	0.768432244487786	12
-0.020419142663629	0.996305940068639	143
0.071607155337367	0.790650466666106	71
0.067166870181622	0.745903258453317	25
0.0962957715823169	0.96466481675277	25
-0.113014206129215	0.597129145255245	25
-0.034238199880996	0.631911370006412	25
-0.103476223005603	0.501505071002936	25
0.013756531874379	0.624354840184986	25
-0.048910707000678	0.495039952366086	25
-0.097915581052907	0.501259189127789	25
0.022942703467729	0.754230863017198	25
-0.114729593271215	0.389616861855228	25
0.093421190210658	0.447278685660217	25
-0.098280605943329	0.505700437777711	40
-0.119177729118156	0.296854760211614	81
-0.116792026412788	0.286785887335564	81
-0.026209468235704	0.41662028428003	40
0.085891583441105	0.440110392046932	40
0.094081587300304	0.44283029968928	40
-0.109131669812608	0.581414416852142	8
-0.043417385992775	0.49451636326555	8
0.030421583473901	1.46610968775232	17
0.02899446068311	0.652174024358892	9
0.093467777118113	1.18496968556326	22
-0.0442466871638	0.736647513161094	143
0.017914134358093	0.843625224431975	71
-0.056315096923595	0.729773317110359	71
0.074892289559971	0.883857041113152	71
0.110565303099083	0.884774213649658	25
0.00909059836539905	0.327734281589941	25
0.038580697523121	0.541967234047808	25
0.013535427806062	0.647899289465391	25
-0.108860948783154	0.405174000887372	25
-0.108860948783154	0.405174000887372	25
0.047854275183338	0.530041588616748	25
-0.123574647022214	0.295771445848541	25
-0.117057501300934	0.204573630547874	7
0.00840616347674605	0.327834638337436	81
0.0130885225734499	0.320881786570503	81
0.088237444261981	0.453695468975854	81
-0.099810596039434	0.516412828632825	40
-0.077104315520011	1.77141448603025	17
-0.099456756841542	0.495943946910397	9
-0.061657139024184	1.18951745489976	9
-0.117152603188769	1.0674981298678	63
-0.042596685414627	1.31890554417485	63
-0.021289294792731	1.44850338048967	842
-0.031042531682605	1.26991466705961	9
-0.014977305892223	1.31331679037511	22
-0.114285695595068	0.674248676189912	143
-0.113210407854343	0.602894306392697	71
0.077310585187143	0.785769535373761	71
-0.049860065301283	0.725932977117036	25
-0.101098081296402	0.492599067499892	25
-0.036097018318902	0.526775644774195	25
-0.096961117841701	0.508460206100258	25
0.015971714075514	0.632361857184488	25
0.00245956795448898	0.314442676995216	7
-0.09886893610862	0.391801463841819	25
-0.123574647022214	0.295771445848541	201
0.00742174301786902	0.317804686004059	201
-0.11615772906775	0.197583163682632	25
0.08932578411326	0.4582379329993	25
-0.122848200924527	0.197765865607588	712
0.08932578411326	0.4582379329993	712
-0.116803569388739	0.200485458666901	40
0.007772375811258	0.325438977521151	8
0.012417410319734	0.329143753734825	40
-0.123935389068659	0.296923126019998	8
-0.121615918050108	0.196112820989389	77
-0.121743513473639	0.955679685707051	17
0.099676564096867	0.978533176946494	17
0.111177200393943	0.86869616124953	17
-0.11863465683922	0.775801428423477	63
-0.020342230032137	0.638381331244654	12
-0.112503033225882	0.394584614681427	143
-0.119838486971052	0.299741119212167	367
-0.011287570843319	1.18899432776489	25
0.08592286509147	0.689663090988644	25
-0.032974198092387	0.521696657472569	25
-0.109313470266961	0.403148939981894	25
0.012068746394606	0.328696223914444	25
0.077855575665871	0.654834999269136	25
0.096440942998701	1.71873372816634	25
0.0856082068062241	0.449424236114679	25
-0.116666934287201	0.197204402740103	25
-0.117057501300934	0.204573630547874	207
0.012753322642864	0.330192537114287	25
0.081797500230221	0.439178785898389	201
-0.124266280020454	0.294908739994208	25
-0.124741829947624	0.183316554013769	712
-0.12136535375548	0.200390435746801	40
-0.0316391838865659	0.596499236205295	40
0.031814389885191	0.52955226183929	8
-0.00866060749350595	0.84155079550502	17
-0.042626581278896	0.511950392060716	17
-0.096515175845606	1.15524706854159	17
-0.119299641450154	0.364615679934053	17
0.011035114374024	0.314817165586746	17
0.011851129511472	0.310747415681377	63
-0.0197839943699341	0.419929022822451	63
-0.119482467082929	0.38192647483551	9
-0.088285312399039	1.63485254709075	9
-0.017855634703424	1.05783895422779	9
0.066879899577837	0.967498107630163	63
-0.028861713904316	0.42144673789524	842
-0.030146844683718	0.648260699090133	32
0.012068746394606	0.328696223914444	127
0.00840616347674605	0.327834638337436	127
0.011991016303352	0.720066161188026	12
-0.108935177864796	1.06552115759259	12
-0.0470068299745871	0.977599922335578	12
-0.056512976841761	1.25499087602561	666
0.090746785991264	0.452251540116945	367
-0.116412291088309	0.201494267434819	71
0.087359855356126	0.428728287067054	25
0.00977462590618905	0.325165886576976	25
-0.11613164991459	0.292683200032962	25
-0.11613164991459	0.292683200032962	25
-0.017469924229647	0.900476534689696	25
-0.120805100279719	0.288715238081528	25
-0.119687673750916	0.195889657045268	7
-0.119826751233896	0.20033713359998	25
-0.118637703548881	0.391727974684149	207
-0.119826751233896	0.20033713359998	7
-0.121583531193453	0.292336955031564	25
-0.099154150527972	0.38833573819936	25
-0.120169397984437	0.291299483246016	25
0.090035982617906	0.4567775112976	25
-0.120973052059038	0.200123508811535	7
-0.12007848735221	0.204453168240212	40
-0.121947828535533	0.195032713326623	8
-0.0496456648713151	0.808389203838858	8
-0.112503033225882	0.394584614681427	8
-0.117311514131807	0.200095400279662	77
0.0727887995841831	1.17710750542861	17
0.118367543854542	0.903640909751664	17
0.124254507557522	0.781863553794249	17
0.116253073847841	0.912856844862427	17
-0.059867677494746	1.00419144066485	32
-0.081278123126907	0.864233742632632	127
0.080234497934641	0.778919659921414	30
-0.00972870765877698	0.824307880060019	12
0.034079012436623	0.541565890583879	12
0.081086415323925	0.441460047451927	71
0.036698280109924	0.552345681959834	71
-0.115439391473739	0.291539890515929	25
0.0951750065750559	0.436644080303862	25
0.069981922178131	1.3867305490313	25
-0.116803569388739	0.200485458666901	138
0.022009784371809	0.771118194500892	25
0.011168837487348	0.305912688353768	25
-0.116412291088309	0.201494267434819	25
-0.0292883931190761	0.423026542946313	7
-0.119435230457575	0.200132268237845	387
-0.0292883931190761	0.423026542946313	8
-0.120470752247048	0.200512290479624	77
-0.113562078063671	0.697764348919566	17
-0.034564721843758	0.408031264636317	17
-0.02343107749234	0.624708664416368	9
0.088946658035357	0.454988490771852	63
0.022136958042678	0.649099959975978	63
-0.110225485491203	0.600797774000322	9
-0.033278302165915	1.54319526091733	63
-0.03031919068163	0.419240017421484	63
-0.115407072506395	0.29346359294168	63
-0.020338676236026	0.639410109090876	842
0.096752756600458	0.433435919223307	842
0.095445399649825	0.922959097465582	32
-0.042288442879968	0.586480830921461	32
0.00384177621152604	0.317256639268976	12
-0.122191097904116	0.292287171637766	12
0.096047678158828	0.987890514494314	12
-0.123482629277117	0.293096756769324	12
0.094141368088382	0.668988385350479	12
0.00840616347674605	0.327834638337436	143
-0.119748751042869	0.2879563455603	25
-0.113373320249311	0.197295776672265	25
-0.120721862288512	0.2046467358426	148
0.00943901268285097	0.32818137286167	207
-0.117311514131807	0.200095400279662	25
-0.119826751233896	0.20033713359998	25
-0.117057501300934	0.204573630547874	7
-0.072979910656294	0.622891869553034	40
-0.123231915020964	0.194954623237847	40
-0.117702830916985	0.201427292338264	8
0.016918852967185	0.634864736572049	77
0.0831384680790011	1.71163381327521	17
-0.099036547740896	1.04534374095242	17
0.065367603293685	0.769202923648908	9
0.065988755286953	1.07351710396714	63
0.069092792731659	0.9039053468403	63
-0.122505141557529	0.762622482899646	63
0.05670279603166	0.961814078364092	63
0.014974025104836	0.651578219645242	63
0.093421190210658	0.447278685660217	63
-0.108993322674034	0.601743411266257	842
0.0774398938142981	1.45429702639918	32
-0.083857029181874	0.842605427017885	32
-0.102072407514455	1.41452119877192	32
-0.032379504351586	0.410826767707317	127
-0.09436502887972	0.520951277973949	12
-0.017262562095815	0.9948530725455	12
0.062333220514425	1.05907357964621	12
-0.023670209080079	0.723583701604286	12
-0.105586192251327	1.40801330174766	12
0.074753130252035	0.42100235919553	12
-0.120973052059038	0.200123508811535	71
-0.02517994708759	0.428015722207691	367
-0.121583531193453	0.292336955031564	25
-0.119435230457575	0.200132268237845	25
-0.120805100279719	0.288715238081528	25
0.00783335463891899	0.32456687202062	25
-0.122913373505279	0.291503043583673	71
-0.123604847803692	0.294156375567445	25
0.023863612991067	0.659630031986061	25
0.079666067682627	0.439376932667069	21
-0.119826751233896	0.20033713359998	25
0.0856082068062241	0.449424236114679	138
-0.120973052059038	0.200123508811535	25
0.00245956795448898	0.314442676995216	148
0.013102092693751	0.33064391436923	25
0.079995298970839	0.440995699981677	7
0.077463403289742	0.644853191372735	40
0.027326453520288	0.754943737624705	40
-0.117702830916985	0.201427292338264	40
-0.120470752247048	0.200512290479624	8
0.026852387366352	0.529562354821676	8
-0.020577034742576	0.746300555208984	77
-0.109151010786622	0.405471973547302	77
-0.084336668300633	1.92938820389721	17
0.017143732741006	0.916073203441175	17
-0.0260160805348399	1.34401746664972	17
-0.123735722415709	0.372701387387705	9
-0.124223573352334	0.601775551428337	63
-0.120124769645446	0.382846383720035	63
-0.0174289471517169	1.70012716528925	63
-0.121844430717971	0.969546307107394	63
-0.114093129226505	0.400785176469662	63
0.055842942226515	0.920089483651441	63
0.031112671839191	0.871680614401396	59
0.121049497313023	0.923627216748017	9
-0.05607898692435	1.32298180272844	32
-0.037865993869705	0.525508383821652	127
0.089373321999868	0.444539623564822	127
-0.082912752019482	0.849070071922597	30
-0.017033271006361	1.22479211545396	12
-0.044188496560904	0.825077838754863	666
-0.124174173814431	0.295153809512105	25
-0.0396833630976819	0.515138993481123	25
-0.120561387970762	0.298921264523275	21
0.00875447218836301	0.328282494069353	25
0.089545401546315	0.437775363879818	25
0.01080687005159	0.318665358521175	148
-0.116461658278738	0.293214439417179	7
-0.12136535375548	0.200390435746801	613
-0.12136535375548	0.200390435746801	25
-0.124174173814431	0.295153809512105	77
0.108664833208775	1.41759852918263	17
-0.121620921455371	0.368600123319184	17
0.084944367068754	0.435473708398314	63
0.035088320097484	0.548754861425598	63
0.043820744790558	0.524717542851369	63
0.033127669221968	0.764333695614454	63
0.06693625548731	0.789527573212693	63
-0.071617267163979	0.613827550009868	63
0.020106087992962	0.670006971935	9
0.031276134066397	0.783551337859386	32
0.013102092693751	0.33064391436923	127
-0.042587041301991	0.744200234154097	12
0.085179470879438	0.44141658961987	71
0.00840616347674605	0.327834638337436	25
0.08523056158441	0.446308720541009	25
0.011383759233383	0.322188322068593	25
0.02377831209406	0.657038062695467	25
-0.107607163287931	0.486648008971645	25
-0.120973052059038	0.200123508811535	148
-0.067446842482371	0.634464486081644	148
0.013102092693751	0.33064391436923	201
-0.116803569388739	0.200485458666901	7
-0.104625017669585	1.16469158950108	63
-0.081289727360538	0.726179949001395	63
-0.103733886212456	0.853187229864373	63
-0.065246813309949	1.19133316280397	32
-0.107820886014983	0.477574616462393	127
-0.103064219726914	1.11328889164901	30
-0.026108427323545	0.727944133278091	12
-0.11580200271123	0.28514278628214	71
-0.036929405211532	0.529846182280882	666
-0.050531204171562	0.741822294145927	25
-0.028876082619877	0.653469140321718	71
-0.04599047540053	0.520505700007182	71
-0.044347776304827	0.511296071797219	71
-0.092705878356931	0.519079905293617	25
-0.11221146144475	0.393621807390903	25
-0.116412291088309	0.201494267434819	148
-0.117702830916985	0.201427292338264	25
-0.12007848735221	0.204453168240212	25
0.00212669685171296	0.313054558549248	25
-0.120721862288512	0.2046467358426	25
0.089986889144987	0.438175895449971	25
-0.120721862288512	0.2046467358426	40
-0.065261472500972	0.803502450845997	17
-0.12136535375548	0.200390435746801	280
-0.034056719433826	1.14094264642994	63
-0.066291692015506	0.80062045767834	59
0.102864148966876	0.988616612132375	842
0.0575348969762151	0.973301077024145	842
-0.041438985934092	0.526190767510252	9
-0.109182095552254	0.831256487299517	9
0.039508103420235	1.43291240286243	32
0.013102092693751	0.33064391436923	12
-0.027053304918071	0.420165971043685	71
-0.024757382116618	0.42498249991298	25
-0.0255645827384851	0.724858662787832	25
-0.115076878459728	0.293391797954707	148
-0.00307936361765004	1.07342022574136	148
-0.120470752247048	0.200512290479624	148
-0.12007848735221	0.204453168240212	7
0.012417410319734	0.329143753734825	7
-0.116322903099647	0.381679825412682	7
-0.120721862288512	0.2046467358426	147
-0.117057501300934	0.204573630547874	147
-0.11534033452155	0.386955339803011	77
-0.114783456239163	0.836393710991548	77
-0.124987514854299	0.294108270656176	77
-0.119182867405107	0.196262216603294	77
-0.12136535375548	0.200390435746801	77
-0.113630175023125	0.193276052622165	280
0.020319151009638	2.01577818825777	63
-0.124481827228918	1.61631044092329	63
-0.106100378734979	0.750093726315431	63
-0.121250686344782	1.04106433866242	32
-0.07148706710481	1.23816836430306	127
-0.027917906101964	0.648643350267612	127
0.015535125125999	0.740530383971175	127
-0.047741190031252	0.723102029965292	12
0.119578326199826	0.785770110812699	71
0.066542659092495	0.789650658925108	71
-0.05415021772901	0.70885225630126	666
0.024981360404868	1.17658783367172	71
-0.119785357510535	0.688489896430988	25
0.0327041003740151	0.537884520932579	25
-0.025602655239353	0.427343291168706	25
0.084567716733892	0.445393732326038	148
0.012753322642864	0.330192537114287	25
0.034018020290607	0.546242984635318	25
0.00349184752111897	0.322232072938103	25
-0.116412291088309	0.201494267434819	25
-0.119687673750916	0.195889657045268	25
-0.119182867405107	0.196262216603294	8
-0.120721862288512	0.2046467358426	8
-0.117057501300934	0.204573630547874	77
0.054022950098374	1.53913001862098	9
0.01558103533651	0.63519036683145	9
-0.071365114582424	1.50995579909116	63
0.070902592161923	1.20597819527735	63
0.064012094981963	1.25146191953401	9
0.100536178528312	1.01133937476594	9
0.066571383617512	1.51651553023817	12
0.092924343915124	0.971061786334434	12
0.025192720676486	0.778765172183534	71
0.110671337268985	0.910239609640341	71
0.034433461520926	0.547273066878585	25
-0.089791700226208	0.484076550970884	25
-0.014668946404067	0.632912230567158	25
-0.098639690036963	0.510362190102532	25
0.012404465574554	0.322350857399061	25
0.088616189751573	0.456925526868453	25
-0.09200624552978	0.514766716191613	25
-0.047179929822752	1.17719709871188	25
-0.023421868116559	0.420138002724329	25
-0.119748751042869	0.2879563455603	25
0.031782628979292	0.536073756339002	148
0.087907198807007	0.452484514390341	148
0.00417380424795399	0.32214223099419	148
0.00390239215272303	0.301886840865084	25
0.00943901268285097	0.32818137286167	25
0.00875447218836301	0.328282494069353	25
0.016772687467053	0.321027945067643	25
-0.119687673750916	0.195889657045268	8
-0.09521672904678	1.29372543394474	63
0.121514019889383	1.12900075972348	666
-0.067668538959116	0.776847618099512	25
-0.015474125777007	0.733893971328986	25
-0.036097018318902	0.526775644774195	25
-0.0295474374018641	0.633075924111129	25
-0.043643106306378	0.530462433360956	25
-0.067570794773221	0.624152858220183	25
-0.095795726958713	0.50810389520724	25
0.084144623686898	0.435492622665452	25
-0.099944491205699	0.504455011683168	25
0.097134743655366	0.431759258243381	25
0.012753322642864	0.330192537114287	25
0.00805776798109403	0.320063088118638	8
-0.030997940163862	0.409720370948281	8
-0.0194810031402241	0.418773736501318	8
0.090415369594655	0.454793894645718	147
-0.119838486971052	0.299741119212167	147
0.00382368131763999	0.316615107804623	77
-0.00574440241867102	1.22802857650988	63
-0.030228253649178	1.2817911367867	63
-0.050703332717423	0.963229529234652	59
-0.060790330415797	1.33841121370375	32
-0.0371535127092431	1.30439020002037	127
0.0448190451941251	1.49216949637456	12
-0.021645786547049	0.746139390663544	666
-0.024257008465023	0.642527362991932	21
0.107386747462256	0.904474500658277	25
0.060475473836171	0.947645554586119	25
-0.00987147627609397	0.817750116868695	25
-0.0740078407093691	0.625236560140461	148
-0.119539675083507	0.29007247089431	25
-0.098027433791826	0.515283168116219	25
-0.033045962811336	0.614354902099082	25
-0.114747046129337	0.286524087905884	25
-0.024623101416977	0.416649861080534	25
-0.11060919291466	0.277987868364696	8
0.088946658035357	0.454988490771852	8
0.0838140604505771	0.444205507315429	147
-0.120922984984385	0.291986122476937	147
-0.120721862288512	0.2046467358426	147
-0.067447589161548	0.626002624162687	9
-0.107530626862723	0.607996054970843	9
0.062505354494603	0.969855035293614	59
-0.061617862113502	0.622106073718537	9
0.082665524504552	0.434346877969047	9
-0.034499612102773	0.73593101944925	9
0.028283535820956	0.816232400837147	22
-0.117342718579931	0.763869105488209	71
-0.050773473027672	0.78980235045174	71
0.094145409035156	1.0680334733275	25
-0.119358053302922	0.752408192151073	25
-0.108339205864892	0.613282283532944	25
-0.100980262689498	0.511388847155289	21
-0.093659607770924	0.615810760930603	25
-0.036733090921075	0.526185411552496	148
0.022483051230177	0.639385492890632	25
0.012417410319734	0.329143753734825	25
0.00943901268285097	0.32818137286167	25
-0.091795980850817	0.495335164395068	25
0.034186018166615	0.533601793603718	25
0.089656475613682	0.453558448724604	25
0.019439006394585	0.651436805912857	25
-0.025299618211528	0.423011994204244	147
-0.12136535375548	0.200390435746801	77
0.00875447218836301	0.328282494069353	59
-0.061655973101391	1.20185328406359	22
-0.096314433565253	0.606253302399235	25
0.00908355377945103	1.04410935580582	25
0.076175836711629	0.422925712781066	25
-0.082390001074662	0.709786919761686	25
0.056500821361692	0.843627325871952	25
0.063994940866349	0.885558719039854	25
-0.0432582402295389	0.509189867401329	148
0.0617481166499641	0.864355717447442	148
-0.046125658020045	0.513300067029199	25
0.084190947882805	0.447291625950574	25
-0.124657165108546	0.288202300578319	25
0.00943901268285097	0.32818137286167	25
0.00280947771833695	0.319884864543397	25
-0.027979141059565	0.417183999398403	25
-0.096150332811023	0.516791329796558	25
0.012765987318851	0.322034822754662	25
-0.114547634604199	0.403476236485433	25
0.0838140604505771	0.444205507315429	25
-0.124865630154043	0.295104441970439	147
-0.112954200590882	0.395158484601291	147
0.013786362279702	0.329058759499435	77
-0.088011900152426	0.776005341351762	59
-0.0660549720595101	1.25091748274068	32
-0.00491013641323201	1.17513660420855	32
-0.043006466730694	1.17789005948945	12
-0.035545763561996	1.25240168854586	12
-0.025650586982805	1.20728718204537	12
-0.083496599330862	0.989434631642768	12
0.062699553338577	0.884630535114546	12
0.059565151252833	0.976947059152024	25
0.033840528207999	0.778187998577185	25
0.053356905653109	0.831886301205406	456
0.075787390312724	0.883582404411813	25
-0.109754116354319	0.833456867293216	25
0.094056907990655	1.09506848246345	148
-0.042626581278896	0.511950392060716	25
-0.0298528182182311	0.416575687439777	25
-0.09661722730642	0.50808276936788	25
0.093751530108679	0.449136011538768	25
-0.116609473637288	0.379714387430648	25
-0.107693200587938	0.757559912883394	59
-0.109701390759922	0.690744999206335	59
0.025381026656497	0.841669816265697	59
0.088994815642282	0.454932127149402	59
-0.06548054658317	0.623601840858036	9
0.055921362343293	1.04707451843926	842
-0.036681890803386	0.825471449498682	9
0.021321351749645	0.760914148044922	32
-0.092715011289954	0.615922071085373	32
0.058809518598698	1.4934596068091	32
-0.022672235684212	1.10819481404915	22
0.011366349429728	0.894054589926597	32
-0.025976729822301	0.721791481070953	127
-0.05432391584984	0.721975391122452	12
-0.118806952978069	0.673436570710223	12
-0.097109878703846	0.918527251228974	12
-0.115689970957183	1.38604521490384	71
-0.090021775698105	0.898493969173912	71
-0.034564721843758	0.408031264636317	71
-0.068694825773265	0.863167414203187	25
0.066593248084575	1.33127150500923	12
0.0413382041864681	1.16333567956165	71
-0.026981023669358	1.04575828092223	456
0.029124319766305	0.851669214082035	25
0.123969475387962	1.24580070987357	148
0.065101654101689	0.761445473196341	148
0.039754433056078	0.549618828853428	25
0.021265939948608	0.652655878305114	77
0.067891417988639	1.70935177441976	63
0.061480942550414	1.45286353881338	63
0.083910069449219	1.05924337870256	59
0.032630637951926	1.19457325534196	32
-0.070834352369312	0.764985833813108	22
0.064672497711462	0.860697802153214	12
-0.033541160204196	0.902803104354686	12
0.059857924600828	1.13598095258614	12
0.112662593606631	1.54360531132512	12
0.103256435391332	0.892663793081942	71
-0.00355068988473295	0.997948598108472	71
-0.020567807066009	0.733614119783542	12
-0.018019388227381	0.642604320507891	12
-0.054327293959444	0.955102751882801	71
-0.06283920143083	0.69436289175819	25
-0.00297108641350197	0.842678188033934	148
-0.00782000144456396	0.745699179926088	148
-0.099712054793879	0.61341160197462	25
0.014494647346452	0.654463726478045	25
-0.116822112540968	0.378454658016915	25
-0.122552186963528	0.293392631905457	25
0.089217237550092	0.441476550225025	25
-0.032379504351586	0.410826767707317	147
-0.099379993922288	1.06054190935345	9
0.014611355381199	1.41001622120828	59
-0.079555341500286	0.891808769916178	59
-0.011849058863845	0.760787599996388	59
-0.04994365585065	0.915326026618998	32
-0.101814427333182	1.08575643013962	32
0.020013849420623	0.636964526983296	22
0.106556518859102	1.26869632612281	71
0.11291244419941	1.51190715539568	71
0.03644469765727	0.547351575812685	71
-0.018877491101833	0.75025061573256	71
0.037900293526283	0.947740010135748	71
0.0989707362114201	1.09759013550924	12
-0.122622658258417	0.762259612402992	12
-0.067062017279086	0.797286388984488	71
-0.094291996098831	0.792855964814201	71
-0.029562518512164	0.881780915511722	25
0.119986239709145	1.16742701580343	25
-0.102170755139335	0.767289074242153	25
-0.113608682346962	0.588393444845359	25
-0.083260950582417	0.688805858885849	148
-0.10712674370577	0.48918636146486	148
-0.121860445591903	0.287107752008804	148
0.090312647948828	0.656460967256009	148
-0.11353725265719	0.389564471920332	148
-0.021662914832056	0.42277732895996	25
-0.113405516636928	0.393233218808741	25
-0.035172587043054	0.523762413834785	25
0.037717286139145	0.545576694293829	25
-0.120330303455051	0.199948663374727	25
-0.024453262232451	0.427991047924053	25
-0.090361162824109	0.510564211914239	25
-0.110183199074148	0.398034693912464	25
0.017121727931121	0.314455114670718	9
-0.076842933200728	0.877094049388798	59
0.016632485252756	0.664019664921361	12
-0.118318544117723	1.14248248217307	22
-0.066716346651085	0.627688266339366	12
-0.111249203322901	0.39816244794357	71
-0.01877232406893	0.746259301940256	12
-0.033836965097785	0.410815596911718	71
-0.113969698845158	0.398847975710487	71
0.026493525722706	0.844698580044895	25
-0.114175617645079	1.22640227769504	25
-0.119182867405107	0.196262216603294	148
0.085985733022128	0.447508020675186	148
-0.023661067465353	0.403883463162543	148
-0.120199888649241	0.300925411916508	148
-0.120530528142238	0.297501718308396	148
0.031108849344664	0.546976301724079	148
-0.124626848833241	0.296052996581659	25
-0.024996880090569	0.410253218946016	25
-0.119826751233896	0.20033713359998	89
-0.119435230457575	0.200132268237845	25
-0.080772134118812	0.700639642566145	25
-0.024453262232451	0.427991047924053	25
0.017808874009404	0.654945886698069	8
-0.086908447693049	1.08360402847507	59
0.054254326486487	0.848887151860957	12
-0.096643323367747	1.0640476587796	12
-0.049355251365395	0.739099875801462	71
-0.080001846633704	0.76889773724896	12
-0.061336075873616	0.641028377335451	12
-0.0256838629867751	0.772463392200804	12
0.012337818032969	0.72720234346916	71
0.00875447218836301	0.328282494069353	148
-0.023845915259699	0.416027008858805	148
0.01558103533651	0.63519036683145	148
0.0130885225734499	0.320881786570503	25
0.032983982434441	0.537671292988971	25
-0.024876368469254	0.427318967428229	8
-0.120721862288512	0.2046467358426	301
-0.109151010786622	0.405471973547302	77
0.010471579193837	0.318664847942797	77
0.00978734020788396	0.321078859102827	77
0.100461769886505	0.412054494404544	77
0.00750156625204601	0.318146131517506	63
-0.054563863137517	0.725858805534095	63
-0.027463674055155	1.42982644759886	22
0.082978825020547	0.687001379324483	12
0.030763505507888	0.534892892427636	71
-0.050684459004831	0.484763498966846	12
0.084899274863649	0.44951558752831	25
-0.11111392279801	0.392918486216963	25
0.037537772516388	0.545827099343788	25
-0.094364044501504	0.507022596066215	25
-0.113116547603606	0.193640062978391	25
0.0316642513381	0.552242225896585	25
0.018490311569343	0.309791907256335	148
-0.117702830916985	0.201427292338264	25
-0.120199888649241	0.300925411916508	148
-0.029011968269826	0.414359709030938	148
0.0117199955020471	0.320936124445103	148
-0.120470752247048	0.200512290479624	148
0.011851129511472	0.310747415681377	25
0.00280947771833695	0.319884864543397	148
-0.114276718414551	0.193049284343688	25
-0.120199888649241	0.300925411916508	25
-0.120973052059038	0.200123508811535	25
-0.094709092648857	0.500567173942219	25
-0.12007848735221	0.204453168240212	301
-0.12007848735221	0.204453168240212	301
-0.118108515473762	0.768901502047029	59
-0.053028119095756	1.3459064738438	32
0.085587812350613	1.06569105379242	12
-0.030157754380931	0.414370626957019	22
0.094770522153275	1.40587283056565	12
-0.044172666604398	0.857844667712481	71
-0.124916896801869	0.730394850724234	71
0.011426791304822	0.989850701902852	12
-0.00870907355135997	0.894738938318411	71
0.058493780492516	0.891692843751194	25
-0.02517994708759	0.428015722207691	25
-0.110180484039714	0.402819148243416	25
-0.103322506091379	0.501838558490921	25
0.00943901268285097	0.32818137286167	25
-0.115769312169604	0.29455749951646	25
0.013102092693751	0.33064391436923	25
0.010123145971097	0.325605140765547	25
-0.044899587988894	0.52248237963551	8
0.0141212343235519	0.322270556407028	8
-0.123243834950934	0.296094674641304	301
-0.112028061216454	0.284090429212898	56
0.00910269415722298	0.321162374326109	77
-0.004579940128704	1.10259521698886	59
-0.020245277283416	1.1398348401831	59
0.089373321999868	0.444539623564822	59
-0.01082619934814	0.757290210345192	32
0.00680781291801003	1.17612478638614	12
0.07010270064516	1.22730007204382	12
-0.01334798590291	0.89601140681749	22
-0.113625029271535	1.22638621486265	71
0.037426313097909	1.47851464017265	71
-0.041278761475847	0.376754631387844	25
0.017808874009404	0.654945886698069	148
-0.094973769534254	0.506267730706665	148
0.105484370695271	0.888050110025886	148
-0.11669527520018	0.390894934383983	25
0.013437485960316	0.328612410677434	25
0.00349184752111897	0.322232072938103	25
-0.093328481652314	0.496576847819798	25
-0.032075283949149	0.409526939072634	8
-0.0294323196892951	0.417217167384954	301
-0.027565296198579	1.37498998946258	63
-0.00570559038380702	0.929573167581002	63
0.018686772056178	0.654881768708962	63
0.058943384501847	1.51171812642237	59
-0.062569508523139	0.636754935083719	59
0.03102863442211	0.530778379697706	9
-0.041438370139528	1.10502204265838	32
0.095844715081745	0.969769362405482	32
-0.070459245465895	0.961871786559658	32
-0.0157070958858	0.838629244282379	32
0.021548836908921	0.762267500963633	32
-0.025602655239353	0.427343291168706	12
-0.096786162697268	0.913930285620354	12
-0.097320808996631	0.507642402301554	12
0.091171125288898	1.07341499301549	12
0.120500569027424	1.18906388513309	71
-0.0802188860747241	0.857411720359673	25
0.084899274863649	0.44951558752831	25
0.06956836519017	0.899265495262541	25
0.036698280109924	0.552345681959834	25
-0.073543474752075	0.927108524127382	25
0.083667141839899	0.679386454179384	89
0.117892214487104	0.77820022515617	301
0.090083676896034	0.445777181066513	77
-0.123292413250886	1.94275843289533	9
0.079359521713281	0.640919515073532	63
-0.020025165619204	0.819206670533227	63
-0.083382902548904	0.713022094665749	59
-0.119146354347207	0.299784133614005	9
0.087833869840189	1.08809904495152	32
0.088634070697693	1.11135458181766	32
-0.046187997588183	0.511670069929108	32
0.026654646539007	0.534410434152331	32
-0.034550049307333	0.620840603777249	32
-0.09689632500598	0.841685411962114	12
-0.119384234728213	0.283163412141848	12
-0.0139394895969021	0.841529081646637	12
0.079962506272739	1.52198297272538	71
-0.02902253260093	0.904484530916995	25
-0.051968123738107	0.974313558461753	25
-0.101574618633985	0.490472476537417	25
-0.000819295730533964	0.919669449008188	25
0.001081141545344	1.0151965377559	25
0.121810859926798	1.08785578943056	25
0.011966374773954	0.625579455315844	148
-0.103130475997635	0.50141962821125	25
-0.105073902023045	0.621800642161699	25
0.020701725346002	0.858723794776115	8
-0.035788780249753	0.531268879698627	8
-0.111291533971299	1.60891048050163	9
-0.101415299158745	1.25933938023947	63
0.026727477421856	0.832818129564509	63
-0.00519441231054096	0.845225933286122	9
0.030709526211276	0.527664653185031	9
-0.00797695350814298	0.974191629583876	32
-0.08561906799147	0.509833654027476	32
-0.073608477238701	0.616682633267842	12
-0.093744288289509	0.831931194563899	12
0.006360767574903	1.23096941471614	12
-0.091231737581239	1.02482544471127	12
-0.09436502887972	0.520951277973949	12
0.075281044520867	1.22648480704007	25
-0.014190937276769	0.636996829422308	25
0.086533186238179	0.959085241826773	25
-0.117893573669321	0.393363534034004	25
0.0984356461639631	0.664315822081052	25
-0.09282810399429	0.513707422040335	89
-0.098736052853456	0.497489184503649	8
0.074002189210397	0.767798577394893	25
-0.105520150674666	0.404965141643064	25
-0.029751372464198	0.652346686598532	8
-0.076497329282372	0.621628359389939	8
-0.12007848735221	0.204453168240212	595
0.00818374935076405	0.319544659896984	595
-0.106550112269305	0.402120953387735	63
-0.089134327760848	1.00252182246681	63
0.067426877038677	0.992403146600669	63
0.078502061094157	0.801580316870289	59
-0.021541579766414	0.406688037730821	59
-0.052729602961036	0.486442625272194	9
0.00349184752111897	0.322232072938103	9
0.04653631385087	1.11261677055871	32
0.077342472490367	0.888233607360994	12
0.022994087108871	0.8599187167027	12
0.060229580372292	0.867068064343988	12
0.062831054347375	0.888555161728061	12
-0.095402327130922	1.14453829486994	12
0.101388217583571	1.11208838664036	25
-0.066549734800888	0.873690728470948	25
-0.11808963724061	0.891001532290331	25
-0.041721378027108	0.505156084784078	25
-0.096139958510336	0.510363907929667	25
0.019711760942798	0.668725264623206	25
-0.056789994228731	0.728266072838283	25
0.010545399980971	0.637813790798834	25
0.12123880939071	0.798926618839797	25
-0.012235952934058	0.845305444691405	25
0.0812028396301841	0.666479003701781	25
-0.071719452598548	0.620197754720956	8
0.074307028105572	0.786644805507397	8
-0.081389909955318	0.599886662925885	8
-0.108434310573054	0.484162571299283	301
-0.113245613921669	0.39454887612056	287
-0.098736052853456	0.497489184503649	77
-0.00782708876867899	0.817142067289262	63
-0.116808738260152	0.661860438753969	63
0.111282946894407	1.50709362698931	63
0.018502967203477	0.757343178789015	59
-0.00514600078222305	0.847522455807676	32
-0.016497267566331	1.14422226823875	32
-0.12337113110359	0.363995005714713	32
-0.110468141287089	0.403447535955763	32
0.071865492238253	0.777188489842909	32
-0.116510367069049	0.828189452318915	12
0.084070083641538	0.887831213538567	12
-0.035771755186954	1.08260566767812	12
-0.11100810048171	0.676940678185473	12
-0.0568751175579451	1.14398705480771	12
-0.102937287079021	0.86147249632757	71
-0.079610270315829	1.09909647843208	25
-0.057868094754773	0.864139164341182	25
0.089656475613682	0.453558448724604	25
-0.115180054024978	0.390170728440219	25
-0.03677429205303	0.387316284247322	25
-0.0136039861045369	0.910182017881049	25
-0.077223084626305	0.784820729623318	25
-0.023256235504084	0.712375656710614	25
-0.117057501300934	0.204573630547874	25
-0.101114195818105	0.510291252307369	8
0.013102092693751	0.33064391436923	59
-0.035412644138844	0.406860308999805	9
-0.119025584653466	0.374863635343192	9
0.033678497233209	1.77248614197325	32
0.02005212976239	1.25564169390235	32
-0.033523021283014	0.866120256182469	32
0.0246313989749271	0.645215299497881	32
-0.032692041275693	0.645501850701487	32
-0.044395347210733	0.511381944987838	32
-0.024149439624542	0.425045053426831	32
-0.022282849759225	0.410102890936358	32
-0.111514719123989	0.6996827344584	12
-0.086929274784061	0.935561824498959	12
-0.121205251557333	0.740722429661985	12
-0.119394246480275	0.742422466577508	12
0.075485071427279	0.63077544086735	12
0.088504891714233	0.441480139695413	12
0.113781298526452	0.901499650988637	12
-0.101387473910754	0.966535003431749	12
-0.045465884977679	1.13252749662972	71
0.052319725854473	1.38011203530538	71
-0.03636086810516	0.990736191076614	25
-0.114531753112566	0.823319289490134	25
-0.041627809464159	0.825802644019368	25
-0.120156298178884	0.839010323721601	25
0.114410419204696	0.926121596346284	148
0.102387203980773	0.992380864420983	25
-0.010622024562761	0.849002314765912	25
0.023863197916995	0.511577741664139	8
0.0856082068062241	0.449424236114679	77
-0.124865630154043	0.295104441970439	77
0.067445390127905	0.59665997180904	77
-0.027372916569282	1.62731714280764	9
-0.011439925716335	1.45000223997762	63
-0.097125818944034	0.968529573643752	63
-0.00555690729764902	1.0041944695828	63
0.033508700763162	1.27258749860713	63
-0.018580629498534	0.410757438413464	9
-0.076412906751654	0.694303541838625	32
0.031097160215001	0.859936940814694	32
0.022379037830047	0.921094748447202	32
-0.0511205324044231	0.697254283853487	12
-0.020170289405784	0.634726197378033	12
0.027726336241277	0.660957525889781	12
-0.072105554398876	0.951172265888848	71
-0.00176933907461796	1.3290276800664	71
-0.115002290672908	0.402782387677439	25
0.00136247408507995	0.82944718767298	25
0.024329507707244	0.51490049434181	25
-0.123849668795802	0.649846292775827	148
0.00875447218836301	0.328282494069353	89
-0.107014875857688	0.614075040821343	8
0.111676315678904	0.896057119624492	8
0.0354965988411951	0.55347180722867	8
-0.033026301265171	0.611399943837532	8
0.089217237550092	0.441476550225025	8
-0.032064059760416	0.525791484091626	8
-0.118847885023595	0.284492855590465	77
0.00978734020788396	0.321078859102827	77
-0.120891755803397	0.298662128853916	77
-0.024030299415859	0.424964882495467	77
-0.094018926841513	0.508222570220596	77
0.0209084836226	0.861204522574368	63
-0.032172324275863	1.10138001186749	63
-0.069627287507863	0.712387146881593	9
-0.023725935052473	0.425709803205483	9
-0.111181221409546	0.702134516808264	32
0.122823843630185	1.10258019856544	32
0.060974254060887	0.84857339489675	32
-0.099078990391079	0.496287204381296	32
-0.085690098491512	0.870366373965944	32
0.04552123288718	1.42620648720492	12
0.0390807776827951	1.15870050895748	12
-0.0441169086991911	0.523482775231773	12
-0.115393668511728	0.975695680148504	12
-0.044877832369905	0.871034014772892	12
-0.109291813701999	1.13038879454248	71
-0.035621240897494	1.03137194638977	25
-0.06283438246485	0.630016316616584	25
-0.050162925389433	0.775277534046772	25
-0.040294569190453	0.89955667893272	25
-0.111252711485374	0.683924670954461	25
0.100057339453393	1.00931844377323	25
0.034295594211766	0.548328324733994	8
0.074211444204599	0.649145343218114	8
0.085276422229502	0.44759440520637	56
0.0887672819481981	1.07796807997185	63
-0.066239303030577	1.21187778999609	63
-0.061650880947993	1.22117796685649	63
0.00150772362505003	1.06025908308347	63
0.114615862311704	0.916907070851472	9
0.075253626084785	1.43198881882644	32
0.075782257075827	1.71205263256209	32
-0.103563319965227	0.898378437240467	32
0.081978748698181	1.14853986827105	12
-0.004419768204037	1.13577037465844	12
-0.111659322507878	0.7030426380195	12
-0.123087547197058	0.654903075400491	71
-0.036588000236211	0.626653441989206	25
0.082455909459544	0.670705928062496	25
0.098092991620497	0.653280860445015	25
-0.105829909696712	0.620444022300725	25
-0.033009342140358	0.526965469152201	25
-0.038577532403728	0.526759844889909	25
-0.124502136149213	0.289895082898837	8
-0.021360945041539	0.423402597857627	77
-0.116858276835368	0.391242276035937	77
0.01490099207676	0.884375562724265	9
-0.089662930355105	1.03366302323713	32
0.076353603071976	1.1035017020052	32
-0.077005657262347	1.04825789807653	12
-0.077040365964823	0.8204462085032	12
-0.098867245501201	0.834794368960598	12
-0.053627340020987	0.963004959059407	71
-0.00617009483144604	0.73054745821619	25
0.097599287717784	0.973554340477107	25
0.079995298970839	0.440995699981677	25
-0.04707949364085	0.722933081298895	25
0.016423559842371	0.320606360180199	8
0.123540249004262	0.539159233725399	8
-0.044735047808401	0.529013381592479	8
-0.023671247361162	0.64004896922391	56
-0.067570794773221	0.624152858220183	63
-0.124577748755071	0.764391917792793	59
-0.123243834950934	0.296094674641304	9
0.0851001482274451	0.691351927286564	32
0.077229199176866	0.783169399111386	32
0.056243683713035	0.97603687027143	32
0.0739126624827861	0.785680263783044	22
-0.124296228414601	0.294967233357828	32
0.070995320957591	0.776193512450162	12
-0.084099636976392	1.01861571129837	12
-0.0200847210635891	1.12813226518117	12
-0.0961585273029451	0.756389797828232	12
0.016795931883731	1.05925271769128	12
-0.078045112977873	1.10855018547067	71
0.056645261371626	0.919726730756492	25
-0.108278383486605	0.70639493477188	25
0.036063874884104	0.760413973841137	25
0.074867053913904	0.776750728088755	25
-0.018113586368562	0.734186917254659	89
-0.010639091705311	0.82455729351389	25
-0.024573744843202	0.655087891822329	8
0.00805776798109403	0.320063088118638	77
0.069239634128748	0.588855478788161	77
-0.022087211412705	0.422123631903883	77
0.00104403715258194	1.23568820623661	63
-0.0718545421533871	1.03616467305716	63
-0.071081395664924	1.17635053316354	9
-0.091309519802683	0.844355652707104	59
0.010123145971097	0.325605140765547	434
-0.032379242201602	0.683670202757929	32
0.094535896195729	1.08911428036907	32
-0.072700070419123	0.749628912977087	32
0.042046622049398	1.08467988022723	12
-0.052912316406427	0.737096831717494	12
-0.091421846167711	0.69485662300597	12
-0.089611093580856	1.11878142572034	12
0.020395456151412	0.653896710880322	12
0.045680996538479	1.00314234069414	12
0.064026974154612	0.981713378621617	12
0.024497342265837	1.49012025586623	71
0.050163767402903	1.59307184148255	71
0.055773279187901	1.12731077584858	25
-0.123628091180101	0.831505114227375	25
0.107775048190895	1.01383325604853	25
-0.10583845980224	0.608942707891601	25
-0.029127093547709	0.41747307734589	25
-0.041064747343122	0.510139457440969	25
-0.0873200561895841	0.715072781757066	8
0.00816441998532302	0.317535095866525	8
0.086268289201663	0.68620960368788	77
0.00485534588120895	0.319668607887165	77
-0.050077505726687	0.7985311141294	59
0.015356835661127	0.927744502826751	59
-0.012462272323314	0.739080783681309	9
-0.085794121663154	1.04449941826842	32
-0.121050966257169	0.692287539269024	32
-0.066258167732874	0.964306992084981	32
-0.016101689534082	0.984623964464175	32
-0.042626581278896	0.511950392060716	12
0.10422554541232	1.33792410621934	12
-0.021915745847916	0.978802942690277	12
0.025200066984477	1.22060415995249	12
0.062699553338577	0.884630535114546	12
0.09882692970495	1.00845849431987	12
-0.119507930225573	0.300966095117367	25
0.115790169438851	1.13985214390447	25
0.103350476580687	1.25556970658806	25
-0.106550112269305	0.402120953387735	148
-0.034523569519785	0.90397076122025	25
0.0140317993293519	0.641808406395501	25
-0.046662287385499	0.515168618640906	25
-0.026209468235704	0.41662028428003	25
-0.101448032233587	0.398827399077279	25
0.034572934319443	0.543473173588586	25
0.024634477100582	0.756062728770621	8
-0.084483020222335	0.717950959618277	8
-0.072256613124202	0.621324341307155	8
-0.097094653013423	0.503112774612243	77
-0.120199888649241	0.300925411916508	56
-0.110507866357244	0.399090386093842	77
0.074615751467036	0.801341201069194	77
0.117478170039769	1.06336813382844	63
-0.0305484719822831	0.639188132069067	59
0.047630796131402	1.1874685034419	32
0.105497507588689	0.859636873313597	32
0.069244112164276	0.788152794763113	32
-0.0606066114984199	0.625367274494303	32
-0.061856022138235	0.974211179155308	12
0.115170969926205	1.26162118923792	12
-0.086695902260321	0.946248399922207	12
-0.014297801136694	0.733743804249281	12
-0.0525820865693331	1.00601580975743	12
0.033646924545055	1.37949775354088	12
0.0277815989850539	0.954754787740913	12
-0.066674070077395	1.16456262964475	12
-0.110583333127811	0.928680470911047	71
-0.0707632882891081	0.957001012024761	25
-0.026475976835904	1.1840509873094	25
-0.0000863288385689609	0.908663106347668	148
0.020868989977071	1.00822633155467	25
-0.023302574140362	0.422735424838194	25
-0.0505366387674861	0.499618679009835	8
-0.101813137882452	0.611712535497997	8
0.018070956896072	0.654229449490172	8
0.017988946206706	0.743524072730592	8
0.0271422511366169	0.782311660381096	8
0.015759490020079	0.662932285839206	29
0.084567716733892	0.445393732326038	8
0.024735202837207	0.659520044571899	77
0.01865608925441	0.649452731031161	77
-0.070787282217856	0.792092972191216	63
-0.105421238901768	0.707904414752232	434
0.020785724769693	0.308551777638723	434
-0.037934065828057	0.394307434030709	9
-0.109603146708022	0.406095402309846	9
-0.106856962746492	0.710788910993081	32
-0.00638332526237595	1.00537780346961	32
-0.023882657690868	1.06447694743485	71
0.023017981123353	0.776548061509741	12
-0.030111472887547	0.629383928812186	12
0.083923158942084	1.8739342520349	12
-0.00577353055202901	1.34139636429376	25
-0.098159531455291	0.777951977384195	25
-0.048474949385421	0.513330923357149	25
0.030180840703233	0.550036408042258	77
0.043187019261167	1.41090510804618	9
-0.036202863088967	0.818002066626791	63
-0.110055431868449	0.404055580353186	63
-0.114144717248843	0.830150180481101	63
0.049009726779695	1.11671699967419	59
-0.12200715928451	0.66625318598326	9
-0.022087211412705	0.422123631903883	9
-0.00364375210546797	0.839339890747588	434
-0.024757382116618	0.42498249991298	9
-0.086002274394667	0.69577745012334	32
0.028261219642904	1.17565685420079	32
0.069832272410405	1.11655330580485	32
-0.019692228346491	0.63593611771421	32
0.120964404741298	1.08206238499988	32
0.028457931004791	1.94706732274506	22
-0.00000434281597905262	1.16665363397928	12
-0.00357504354239102	1.3117054669516	71
-0.114428968258466	1.011637922782	12
-0.060556797848709	0.987069583837387	12
-0.122051567949626	0.982770468651075	12
0.0209821110135	0.842717557790291	12
0.00346350644251503	1.44851873071626	25
-0.034536335592814	0.529016615767135	25
-0.038577532403728	0.526759844889909	25
-0.108807684727315	0.84249436984014	25
-0.079615000047235	0.597127069058591	25
-0.026331656224193	0.642186429298952	25
0.065005072436954	0.858659040321167	25
-0.041300167638106	0.806309104643898	89
0.079666067682627	0.439376932667069	25
0.124940975829826	0.786703049555419	29
-0.092225971635985	0.516940427398325	8
0.030484087933119	0.528700743466639	77
-0.030584020007882	0.525232120212504	77
0.028152955475874	0.753839735791055	77
0.080574545806686	0.676991506291749	77
-0.012252053737509	1.90269141215545	59
-0.044632439481206	0.805845462395483	59
0.089601515733658	0.433336385258911	9
-0.108033047469347	1.01018651780807	12
0.016923392154657	1.08690524245434	71
-0.091050947890871	0.511359362469327	12
0.018125934871793	1.14960874462915	12
0.110548109510835	1.4001624559628	12
-0.00806855726692901	1.12858988778555	12
-0.027221647580707	1.21932928691513	12
-0.121820547510036	0.979695683787523	12
0.071878503155399	1.58548787872351	25
-0.0314871933768081	1.13321620050298	25
0.091224368980216	1.04858768499678	25
-0.062947750600665	0.887354090241463	25
-0.0120619973045381	0.902145043512899	25
-0.047867850410001	0.736619750529303	25
-0.07433330000827	0.598300898499681	25
0.124113103158409	0.915250935485523	25
-0.0175415221536051	0.64083479017536	8
-0.037205480239859	0.518448397073108	8
0.124688478991446	0.806098972442262	77
-0.108638805486921	1.03569017759111	63
0.062142026534401	0.890570598060524	63
-0.105066806415671	0.404358917205356	63
-0.119826751233896	0.20033713359998	9
0.085802730319865	1.43741943250563	22
-0.119358053302922	0.752408192151073	71
0.037272890935943	1.08303794899596	12
-0.114713594262173	0.399714929758057	12
0.112581920977678	1.54774557814497	12
0.123048405552061	1.76606546317282	12
0.017029401759149	1.34436901763126	167
0.12362135484541	0.51946426782463	25
0.083040833671678	0.676465559553566	25
-0.077888528767735	0.751034306369384	25
0.028370512426156	0.783008835464761	25
-0.028037447787008	0.890366735618383	25
-0.07433330000827	0.598300898499681	8
-0.119826751233896	0.20033713359998	8
-0.072656695142658	0.628577125321053	77
-0.109151010786622	0.405471973547302	77
-0.06122013239747	0.95579109728235	63
-0.054168019686577	0.890566774221017	63
-0.078587088657043	0.704529854300899	59
0.065232038590105	0.931808946929507	434
0.064133817699107	0.879088734962169	32
-0.076886863857812	1.08991670874587	32
-0.023302574140362	0.422735424838194	32
0.0963120455383491	0.994973681931858	32
0.015738852799944	0.315416318977669	32
-0.110703267488853	0.698706141890523	22
0.019456817079761	0.760318108619182	12
0.085128314524587	1.27605550110826	12
-0.00507458857014098	0.991774983304884	71
-0.027713082519208	0.892664637969136	12
0.00176908496871597	0.977711901888593	12
-0.090930754198756	1.09297868101311	12
0.013856988886556	1.24435924632341	12
-0.00518377111717405	1.00490103098135	12
0.063092918609917	1.46158214973014	12
-0.121713800076531	0.919541763060412	167
0.027902436215519	0.765781507933514	25
0.043911262633755	0.547151030765321	116
0.104868645990893	1.01425324383855	25
0.048464348713118	0.5323679761299	25
-0.118123741558048	0.292764498836345	25
0.012753322642864	0.330192537114287	77
0.00315929994742603	0.315000589336867	77
0.028881967118768	0.537289738830169	77
-0.113696545683844	0.395124614332337	77
0.081551685148169	0.649846610882752	9
-0.091748474274006	1.07308154945333	63
-0.108699024014935	0.401838018874364	434
-0.030811322816546	0.52121044035241	434
-0.12007848735221	0.204453168240212	434
-0.111665154367173	0.28312278154235	32
-0.106097390890338	0.398599806612929	32
-0.06495966333504	0.799189255660972	32
-0.063689862253657	0.799298214199272	32
-0.114020497214434	0.197062250716419	32
-0.062826491333461	0.629864755871759	22
0.069296142966533	0.972093211017316	22
0.081680302374802	0.675538159472914	12
-0.124502136149213	0.289895082898837	12
0.10796482537862	1.17765354063791	12
0.00783335463891899	0.32456687202062	71
-0.025483822832559	0.422771113204543	12
-0.019806485569512	0.726304589556717	12
-0.014168689767714	0.753329855792897	12
0.029904730070497	0.527753785071091	12
0.027369644338245	0.766518487644974	12
-0.024757382116618	0.42498249991298	12
0.065189740258399	0.983254875164347	12
0.021013877858433	0.821329439736508	12
-0.086094975492046	0.70719885820198	12
-0.038418944725937	0.616585276067359	71
-0.066144167766838	0.810756771842703	25
-0.09282810399429	0.513707422040335	25
-0.062924067745792	0.63064726527802	829
0.026933562312637	0.536568390315127	25
-0.039048813453474	0.528949049891404	25
-0.024194567042647	0.408339083813226	89
0.007772375811258	0.325438977521151	25
0.00875447218836301	0.328282494069353	25
-0.123243834950934	0.296094674641304	25
-0.113514418453469	0.402861275144703	29
0.00910269415722298	0.321162374326109	77
-0.092653390427143	0.596994932217273	63
0.055434687423726	0.974150848014967	63
0.034623219691002	0.552738696283221	9
0.066975607632237	1.03586480355653	32
0.051277787349165	1.27535537969599	32
0.062085638346062	0.961999790858357	22
-0.107530626862723	0.607996054970843	22
0.027534718004557	0.665325511384144	22
-0.081398426797082	0.869601249266317	71
-0.111338214495866	0.780727798233	12
-0.103777276662586	1.09652644804637	12
-0.101797140595045	0.977881416350145	12
-0.120785741549484	0.882062752083876	12
-0.10381222382879	0.910205556800414	12
-0.00226373423075099	1.2283657635203	71
-0.0918381860352731	0.521580015302526	25
0.093856537174297	1.065945284832	25
0.052785283798366	1.03708196670347	829
0.087223636157438	0.678038327440923	8
-0.027888727515222	0.627270083624554	29
-0.0288222043958331	0.412475363207871	29
0.093040697019455	0.449154529550233	77
0.03104269719857	0.535178796704756	77
0.029851018130598	0.767108174500029	63
0.113801074958016	1.78098872539592	63
-0.113606766484378	1.2956435860607	59
0.082437772575036	1.09745145404152	59
-0.067040070489056	0.876749436717437	59
-0.071273159069245	0.61270921585825	32
-0.110995708249682	0.699995034708176	22
-0.099513679324185	0.748211821085157	22
0.0266620931848049	1.4597902242788	22
0.064632307342292	0.943016112040672	12
-0.039359057814689	1.03461049680667	12
-0.094112132286063	0.8420738641493	12
-0.040802328692611	0.714972634406402	12
-0.116846740058888	0.85268322616549	12
-0.091367266653993	0.922284043247705	12
-0.0588404916670821	1.10614784216586	12
-0.013666211515748	0.976868257230729	12
-0.10842443477419	1.00826870806027	12
-0.020160411840486	1.20627096255287	71
0.060741940928882	1.30679319183478	25
0.00744231799674999	1.10110277381211	25
-0.119660657663217	0.682832198766954	25
0.041057282144276	1.01252445840452	25
-0.075993698046376	0.59550662390683	25
-0.10244236817137	0.777991202418474	829
-0.065549406014847	0.815980920524007	829
-0.0802195317397541	0.879680807487403	108
-0.060325675141543	0.627105771938237	25
0.077670093386733	0.79260208185783	25
0.020003461881433	0.648677534217164	25
-0.045681893731244	0.519336525259712	25
0.00909059836539905	0.327734281589941	25
0.088616189751573	0.456925526868453	25
0.019134006629458	0.645333918509071	25
-0.030644065662805	0.641820060150561	8
0.113560303404464	0.929542298730085	29
-0.100635081800788	0.514433555727702	77
-0.124957818002538	0.29214491437946	77
-0.027979141059565	0.417183999398403	77
0.075513845151141	0.65823862215522	77
-0.00386358640431805	1.23075217010511	63
0.04991206225362	1.4673069052337	63
-0.119678145774064	0.867671420227291	32
-0.027339481348247	1.56536120787805	22
0.023591221450217	0.936502934281127	32
-0.057739192596927	1.03520962092228	32
-0.017455240187463	0.831442769018234	32
0.107332110650925	1.16363454182589	12
-0.031301961319713	0.408517117879687	12
-0.094982457685988	0.780518588866311	12
0.0254116665076221	0.870281884711195	71
0.047484593307825	1.03023171539711	12
-0.077734263811249	0.946344189680828	12
-0.080166300849174	1.01639090605553	12
-0.05260228859885	0.954368807053549	12
0.109269174938674	0.866533695635095	12
0.072736234744993	0.775768303837818	12
-0.041124312658253	0.882804339864552	12
-0.111385895870054	0.697981803699894	12
-0.0805728015685691	0.853282510677119	71
-0.088556542758557	0.984628227276542	12
-0.11122592143263	0.896142965222236	12
0.0952168502512249	1.50018809644564	12
-0.00981707054340297	1.04722257766663	71
-0.00321818180457201	1.26812352062833	71
0.112728795890886	1.32118978147515	25
-0.0703967451112581	0.945993886775165	25
-0.064483452726869	0.859263244592441	25
0.026531909224256	1.02835363623776	108
-0.051343092891746	0.71450077275758	829
-0.035701627279881	0.618782595166077	108
-0.0175440495054811	0.726794882708765	108
-0.104221390780679	0.62078655720779	108
0.084489494698737	0.67778576192155	25
0.083880537634235	0.674329798255622	25
0.010818189152176	0.310317181459683	25
0.036698280109924	0.552345681959834	8
-0.027673486026122	0.413700358274345	8
-0.124657165108546	0.288202300578319	29
-0.120561387970762	0.298921264523275	29
-0.043205292286392	0.510676198557554	77
-0.030577773818835	0.413737578372259	77
-0.083276327525728	0.711884617031281	63
0.033379217212352	0.949628763753132	63
-0.053975170681571	1.42795305967599	63
-0.036576705095655	0.883749286134631	9
-0.07570238061726	1.25097277918509	32
-0.03625160428243	1.34204132675134	32
-0.047182906625724	1.12468005774401	32
0.090020744045521	1.32218757922979	12
-0.022319867400317	1.1289910479743	12
-0.015558321625967	1.06357454359421	12
-0.032347083984604	0.820877839441285	12
-0.112243871118638	1.08192807400162	12
0.093498048519524	0.947730971414532	25
0.051421242648977	1.25522543540584	108
-0.024304315933059	0.625790563145397	108
-0.081960615014543	0.872311745265785	108
-0.101710146157216	0.625782741966989	25
-0.120768323799688	0.282962426033607	25
0.073607549065148	0.771924942490104	25
-0.026829788956101	0.411549585039236	8
0.033430667580435	1.71169300044096	63
-0.034217421536535	0.911456953728688	63
-0.080095543544253	0.782967242601565	63
-0.0205373995811809	1.26410481612309	63
-0.098644388047838	1.08728117342171	63
0.031495069742207	0.52889510235909	63
-0.0918875686344121	1.14788421712933	63
-0.12007848735221	0.204453168240212	59
-0.096707176016861	0.503881874476903	59
-0.016840733472678	0.827669783204208	59
-0.072862198540789	1.03886826116691	59
-0.102134849503547	0.905596023748804	32
-0.060253993300304	0.706552753080858	22
-0.067088901202546	0.624087990078913	12
0.045619203009014	1.16886816038364	12
-0.115929130166118	0.778828729977658	12
-0.086964594059824	0.867511979607193	12
-0.017209429620724	0.856631024602109	12
-0.038911661227309	0.820659069365009	12
0.114129215135841	1.17734324173866	12
-0.026999765420302	1.11505887104864	25
0.099077460372467	1.0732905827958	25
0.121693561620145	0.908780837481434	108
-0.096139958510336	0.510363907929667	108
0.120363300385631	0.796454785415524	25
0.072167416679518	0.802605374959421	25
-0.029548219012575	0.413375658663099	25
0.085985733022128	0.447508020675186	25
0.035829916947912	0.549999843900154	25
-0.038853344097756	0.614722390506058	29
0.083062670337975	0.669256518199912	77
-0.02959077491368	0.421447022688986	77
0.00783335463891899	0.32456687202062	77
0.03577446932024	0.550446568306255	77
0.085912499733814	0.791620596741123	59
0.033081217926791	0.775620969390799	59
-0.058794619526199	1.27620731326403	32
-0.085981181653974	0.705948695164902	32
0.064296810360483	1.19748998483447	22
-0.061411475655381	0.621205748283181	41
0.107794425988419	1.53986484531875	12
0.056661776384434	0.963590961710619	71
0.070982331888905	1.10130938167748	12
0.086309850469353	1.14290146979102	12
0.015928252480423	1.14852136256642	71
0.0732627554708451	1.31481172691403	25
-0.115334633113639	0.759626772355814	25
-0.081872159478891	0.827586507793022	25
-0.042588637413488	0.828722485636254	25
-0.111722621465005	0.838685147626158	25
-0.018895870608547	0.641295417386169	108
-0.102871056504935	0.481754017772965	108
-0.120577746475927	0.382212747802577	25
-0.069051242773629	0.612236449234896	25
0.041767179829321	0.765667243279917	25
-0.046311400083213	0.513316177238834	25
-0.123994349647959	0.494832536369182	8
0.00681896457695597	0.312106424517934	29
0.0809772496837	0.424055534705893	77
-0.121944682480424	0.290470061481408	56
0.088946658035357	0.454988490771852	77
-0.028435180264163	0.412780231297042	77
0.109349698444912	1.48895000211346	63
-0.118252690344111	1.05123068988636	63
-0.044395347210733	0.511381944987838	59
0.090586931948913	0.669975497287186	12
-0.00918344296880003	1.14723112895111	12
0.099634888266221	1.0078190443845	12
0.058248509386163	1.06220673631649	12
0.054479387660943	1.51406654470906	12
-0.097594770371539	0.86812669006171	12
-0.0551072239227129	0.891918299918704	12
0.024432898893812	1.30585754832464	12
0.103338359467415	1.34425397505701	71
0.026330847697563	0.844961121423544	25
0.070910640158721	0.778040928237211	25
-0.09636014430008	0.785581161610841	504
-0.075887562042674	0.59600533893833	25
0.0658178388572081	0.963068545378493	829
0.031801667565683	0.754121184309541	108
-0.1098930565303	0.404519158702405	25
0.086317744448249	0.447041041176617	25
0.090366897722405	0.449116847389436	25
-0.030577773818835	0.413737578372259	8
0.033724905190636	0.534480807771385	8
-0.115912055246225	0.388830385478295	8
0.122361548101737	0.53645452830433	29
-0.113696545683844	0.395124614332337	77
-0.122038461573965	1.03025977926028	63
-0.079761800274683	0.87145802712695	63
0.017130644309567	1.61725229014113	63
-0.037420805303678	1.036656447817	63
0.098696858727479	1.23524986212627	63
0.0717814528869331	0.776610496256717	59
-0.025998000294658	0.801381893772089	22
-0.105536188777687	1.06231329095863	32
0.11845402085621	1.46571522865352	22
-0.013813495795023	0.910910503135088	12
-0.036130253939068	0.893279613643144	12
0.109631384603339	1.32864599176582	12
0.026810364464342	0.952818972530102	12
0.0317267125981791	0.960536005923496	25
-0.042127481041592	0.715526771005751	25
-0.108408576682566	0.404557763796762	116
-0.105818635197822	0.489381453211196	25
-0.122823448299444	0.373880766484102	25
0.0838140604505771	0.444205507315429	29
0.0875976875651761	0.406039577949796	77
0.00748287210517895	0.31897645815663	77
-0.0292883931190761	0.423026542946313	77
-0.00111118893159801	0.306329461805697	77
-0.066372472463837	1.33806070294112	22
-0.076761675544731	1.96602378902371	12
-0.068906889253861	1.03027251556922	71
-0.092650216206109	0.791488098420183	71
-0.010807295318791	0.719066734884391	71
0.083696167266663	1.10611350675528	25
-0.000737188207110995	0.827689443276441	25
0.024717026015753	0.781202671712754	25
0.087808262605337	1.0619200284948	25
0.09358299723802	0.659726946344463	25
0.064502318008591	0.748358519084567	116
0.0905131897881219	0.675170705461109	25
0.093040697019455	0.449154529550233	25
-0.124957818002538	0.29214491437946	25
-0.120891755803397	0.298662128853916	8
-0.102476259569975	0.398106767264552	29
-0.111665154367173	0.28312278154235	29
-0.109874373143106	1.13308200769112	29
0.00646878398419104	0.316820506575704	77
-0.089226936290108	1.37289289646636	22
-0.078761209983122	1.45076673957976	22
0.0543576883731221	1.48115847182058	12
-0.089851963065673	0.61395846829103	12
0.049374825679631	1.12464494258813	71
-0.00928989194301499	0.842253706274993	217
-0.104133040895932	1.15596326211695	504
-0.00447909515670497	0.820740666816127	108
-0.024757382116618	0.42498249991298	116
-0.044425936106188	0.529441837189777	25
-0.104778160825409	0.402849633571226	25
0.093040697019455	0.449154529550233	8
-0.110344956336497	0.405139528307051	29
-0.114547634604199	0.403476236485433	29
-0.124987514854299	0.294108270656176	29
-0.0294323196892951	0.417217167384954	77
-0.029461386904056	0.957511208133599	77
-0.124626848833241	0.296052996581659	77
-0.050872370924692	1.2519051323642	59
0.07970284001689	0.653781701417036	63
-0.101459104049411	0.510386436262089	59
0.019272694232068	0.842781985517449	22
-0.08854422096018	0.818668017156264	32
0.0225663324106929	0.65573667820537	32
0.011568704056412	0.622275876431957	237
-0.020208945374629	0.42281745193588	237
0.067499386805558	0.783559452226707	22
0.0770067886302051	0.782619192410712	12
-0.026509661109126	0.418077861431272	12
-0.058299880552436	0.816251955477122	12
-0.120721862288512	0.2046467358426	12
-0.086148083917727	0.61185717670537	12
0.033263638083403	0.531821971034704	71
-0.123935389068659	0.296923126019998	12
-0.117425144679251	0.273844089065314	12
-0.0950574670791941	0.512755826892394	25
0.078454074749264	0.425794643208485	25
0.00840616347674605	0.327834638337436	108
-0.033958076942156	0.410520569489989	108
-0.023725935052473	0.425709803205483	25
0.00978734020788396	0.321078859102827	89
-0.122522101369882	0.288856425839017	29
0.081086415323925	0.441460047451927	29
-0.12136535375548	0.200390435746801	77
-0.000432261002408008	0.304166709336598	77
0.034347097150679	0.544677981574641	59
0.012417410319734	0.329143753734825	22
-0.075091777116878	0.607957565155033	22
-0.12007848735221	0.204453168240212	32
-0.120470752247048	0.200512290479624	22
-0.117186081638843	0.284947551947973	237
0.039940877892035	0.5529712154854	12
-0.122589808095553	0.197875007571458	71
-0.022282849759225	0.410102890936358	71
0.029345404610864	0.533551379158349	12
-0.066337871732972	0.640713205527151	12
-0.124266280020454	0.294908739994208	71
-0.117702830916985	0.201427292338264	167
0.010123145971097	0.325605140765547	25
0.00314183124562195	0.316692107109419	108
-0.025483822832559	0.422771113204543	108
0.00212669685171296	0.313054558549248	25
-0.120973052059038	0.200123508811535	25
0.00875447218836301	0.328282494069353	25
-0.12007848735221	0.204453168240212	8
0.013437485960316	0.328612410677434	8
-0.022087211412705	0.422123631903883	29
0.010471579193837	0.318664847942797	77
-0.120721862288512	0.2046467358426	77
-0.079739732317499	0.856880191649286	59
-0.115769312169604	0.29455749951646	63
0.03873898979319	0.552717669792579	63
0.013102092693751	0.33064391436923	63
-0.12136535375548	0.200390435746801	63
-0.034335994010841	0.531783859322333	63
0.016087873774331	0.315824142923231	59
-0.119182867405107	0.196262216603294	22
-0.119146354347207	0.299784133614005	22
-0.035788780249753	0.531268879698627	32
0.089704790378171	0.45623215537365	32
-0.117449528248709	0.19750558552597	32
-0.120470752247048	0.200512290479624	22
0.012068746394606	0.328696223914444	237
-0.103871148802566	0.398757162030153	22
0.00919624224791404	0.316925757246294	65
0.010123145971097	0.325605140765547	12
0.017107848296269	0.320630992133186	71
-0.12136535375548	0.200390435746801	71
0.00221735236331699	0.307440811222399	12
-0.120470752247048	0.200512290479624	71
-0.024876368469254	0.427318967428229	71
0.089930188363553	0.438301886540134	71
-0.124626848833241	0.296052996581659	217
0.00840616347674605	0.327834638337436	217
0.00909059836539905	0.327734281589941	25
0.012417410319734	0.329143753734825	25
-0.12007848735221	0.204453168240212	135
-0.11615772906775	0.197583163682632	108
0.00357603472213897	0.307425544882691	108
-0.113116547603606	0.193640062978391	108
-0.12007848735221	0.204453168240212	108
-0.124987514854299	0.294108270656176	25
-0.119507930225573	0.300966095117367	29
0.012417410319734	0.329143753734825	77
-0.022879356802807	0.413150567159076	59
0.086695649849788	0.445157579941614	63
-0.11615772906775	0.197583163682632	63
-0.120721862288512	0.2046467358426	184
-0.122848200924527	0.197765865607588	131
0.00349184752111897	0.322232072938103	131
-0.120470752247048	0.200512290479624	22
-0.044038518751056	0.509208450152407	237
0.093388752886646	0.678801654513273	237
-0.0155460895584369	0.408966057432555	12
-0.025483822832559	0.422771113204543	12
0.00875447218836301	0.328282494069353	71
-0.120470752247048	0.200512290479624	295
0.033724905190636	0.534480807771385	12
-0.030745069484749	0.420802883253128	12
-0.119435230457575	0.200132268237845	114
-0.117956214245167	0.197127918381344	71
-0.026209468235704	0.41662028428003	71
0.084190947882805	0.447291625950574	71
-0.122913373505279	0.291503043583673	217
-0.111538190429666	0.400194676979732	25
-0.0294136842437041	0.408523706394365	25
-0.106550112269305	0.402120953387735	25
0.013786362279702	0.329058759499435	108
0.090083676896034	0.445777181066513	25
-0.12007848735221	0.204453168240212	29
-0.117702830916985	0.201427292338264	56
-0.031405802188225	0.526925806700591	59
0.0356612026055509	0.55162292506609	63
0.089986889144987	0.438175895449971	22
-0.120199888649241	0.300925411916508	184
-0.120076321837526	0.284214547550647	131
-0.121114868935319	0.196485095929906	237
-0.119182867405107	0.196262216603294	65
0.0125329951788929	0.310783916524266	12
-0.120199888649241	0.300925411916508	12
-0.117031968688086	0.27077224428511	12
-0.117057501300934	0.204573630547874	295
-0.117057501300934	0.204573630547874	71
-0.116412291088309	0.201494267434819	71
-0.047219373087476	0.517834856726074	114
-0.12007848735221	0.204453168240212	114
-0.120199888649241	0.300925411916508	71
0.0792858103540099	0.438844242156347	71
0.093751530108679	0.449136011538768	3
0.00978734020788396	0.321078859102827	25
0.013437485960316	0.328612410677434	25
0.085276422229502	0.44759440520637	25
-0.120721862288512	0.2046467358426	108
-0.12136535375548	0.200390435746801	3
-0.121615918050108	0.196112820989389	25
-0.119507930225573	0.300966095117367	63
-0.0294323196892951	0.417217167384954	63
-0.120330303455051	0.199948663374727	59
-0.035632979011582	0.534000831807711	22
-0.119826751233896	0.20033713359998	184
0.00452383954276803	0.317178896767676	184
0.00978734020788396	0.321078859102827	22
-0.117311514131807	0.200095400279662	22
0.011155409113829	0.312132052584023	159
-0.124537942343602	0.294783247808303	159
0.034295594211766	0.548328324733994	159
0.037813434369778	0.542821614345044	159
-0.039829125854933	0.527963194682935	71
-0.121947828535533	0.195032713326623	114
-0.11063471396779	0.401588021495178	71
0.020191483085641	0.486088245723621	71
0.081086415323925	0.441460047451927	71
0.084797077780245	0.450073896007232	71
-0.120891755803397	0.298662128853916	217
-0.119435230457575	0.200132268237845	25
0.084085954980099	0.448795142168311	25
-0.030745069484749	0.420802883253128	25
-0.024876368469254	0.427318967428229	25
0.040957443964651	0.548155057560336	25
0.016423559842371	0.320606360180199	25
0.00417380424795399	0.32214223099419	25
-0.124537942343602	0.294783247808303	25
-0.122206858831591	0.194925786052955	8
-0.12136535375548	0.200390435746801	77
-0.046248167865526	1.47057077020627	59
-0.095451426415036	0.501363468314039	59
-0.03779670166035	0.525662017093757	59
0.013786362279702	0.329058759499435	63
-0.117702830916985	0.201427292338264	22
-0.036701253335074	0.63352345937507	22
-0.123489671262306	0.194848034708994	184
0.0882659392383151	0.676033585738072	237
0.124428284927706	0.819399824563938	237
-0.124266280020454	0.294908739994208	41
-0.123569427189249	0.370829977904133	12
0.00349184752111897	0.322232072938103	12
0.00909059836539905	0.327734281589941	159
-0.023725935052473	0.425709803205483	159
-0.0505366387674861	0.499618679009835	71
-0.042787288301681	0.513035002154817	71
-0.120721862288512	0.2046467358426	71
-0.097336755447456	0.492578539364461	114
-0.124657165108546	0.288202300578319	393
-0.118454130767009	0.297661791677546	217
-0.024149439624542	0.425045053426831	167
-0.11615772906775	0.197583163682632	3
-0.030745069484749	0.420802883253128	25
0.081086415323925	0.441460047451927	25
-0.124626848833241	0.296052996581659	3
0.00943901268285097	0.32818137286167	25
-0.124502136149213	0.289895082898837	25
-0.12007848735221	0.204453168240212	25
0.013102092693751	0.33064391436923	8
-0.119435230457575	0.200132268237845	29
-0.12007848735221	0.204453168240212	29
-0.120470752247048	0.200512290479624	29
-0.117057501300934	0.204573630547874	77
-0.120721862288512	0.2046467358426	77
0.087907198807007	0.452484514390341	63
0.026970499517312	0.65153102441042	63
0.00783335463891899	0.32456687202062	63
-0.095190809817462	0.522040560839641	22
-0.016700905122276	0.414510626408326	22
-0.115737626876511	0.286310571492888	12
-0.120721862288512	0.2046467358426	71
0.013437485960316	0.328612410677434	71
-0.112663013302528	0.391717950607679	25
0.00874209721419605	0.31998123347016	25
0.00943901268285097	0.32818137286167	108
-0.114020497214434	0.197062250716419	77
-0.091661931870437	0.511446388573336	59
-0.120973052059038	0.200123508811535	22
0.093040697019455	0.449154529550233	22
0.038462562023864	0.547689807314722	22
-0.116823820939601	0.291358702487406	12
0.077403092392186	0.779286983143233	12
-0.030745069484749	0.420802883253128	159
-0.100156125740462	0.515449742474659	393
-0.040316240117778	0.514409712308926	167
0.100849183207705	0.873745968714772	217
0.0834008488939491	0.665075354772306	217
-0.070587581678548	0.604699690675484	217
-0.103609207476577	0.497504064759083	25
0.090746785991264	0.452251540116945	108
0.097081704772937	0.432518719119234	3
-0.117990430514751	0.385545946541687	25
-0.113514418453469	0.402861275144703	25
-0.12007848735221	0.204453168240212	25
0.015174872190053	0.300348738781603	29
-0.120470752247048	0.200512290479624	115
-0.119826751233896	0.20033713359998	115
0.013543585936566	1.28942299899075	63
0.016772687467053	0.321027945067643	22
0.023017981123353	0.776548061509741	22
0.031286662051498	0.997058333619848	22
0.107626201841609	0.864415590928171	22
-0.016761344133963	0.760044253582585	12
0.026530634785931	1.09273936078109	12
-0.096937632816779	0.697481447289701	12
0.106411763264132	0.985048970192201	71
0.12399417325218	0.767994812770074	114
0.016643283411978	0.926626592485997	71
-0.06428092533098	0.690901268306664	167
-0.043966842134227	0.801638836569217	3
-0.09987755210246	0.623106068429531	3
-0.032804589885528	0.412306777617654	25
-0.02517994708759	0.428015722207691	25
0.124036875216986	0.818402475564934	29
-0.118447938811591	0.386781752043444	29
0.011035114374024	0.314817165586746	77
-0.124266280020454	0.294908739994208	77
0.091569882547698	0.432326403873192	77
0.033263638083403	0.531821971034704	77
-0.089883204907961	0.510267892367004	77
-0.037532564991511	0.996179858637946	63
-0.00868397011498401	1.24263167981292	22
0.022418892925136	1.09611638674274	22
0.0243440831446891	1.07983699903181	12
-0.118255572258752	0.841441560377208	12
0.080508806454626	1.29902867423086	217
0.041563564478073	1.6396140547219	217
-0.111507375976343	0.604682041287673	3
0.040680442231974	1.18330849174011	3
0.102683973179275	1.3230521813742	25
0.065483201287871	0.900224105425775	25
0.071693393922497	0.770735045484657	29
0.0130885225734499	0.320881786570503	29
0.077001719672337	0.970003984832807	29
-0.096961117841701	0.508460206100258	29
-0.035008408067692	0.531205745617033	29
-0.124626848833241	0.296052996581659	77
0.084806670192489	1.3752909432535	63
-0.101735055678586	0.399372442262574	22
-0.0000697937579979824	0.936735262424981	22
-0.111123678216642	0.757483450868716	22
-0.108658501940781	0.769702128697912	54
0.0193791289294299	0.762319747695933	22
0.00328686071130702	0.919444123885581	41
-0.055840931502861	0.686165441225438	41
0.078490436855687	1.1242315807982	12
-0.100249669623119	0.863236591482348	12
-0.00707889061768197	0.986713348320866	12
-0.075404225487146	0.711463494327153	12
0.121478617906902	0.893708843809108	12
-0.00240432286701298	0.92191151923068	159
0.066304506612136	0.901088475275912	71
0.024262994741529	0.752696247633474	217
0.068687124355533	0.784963531784057	71
-0.059375622059389	0.624256518182041	71
-0.01499132399101	0.755864817301636	217
-0.090706089283648	0.513427435867819	217
0.019828139995868	0.734285475378326	3
-0.110413774641931	0.610428987191416	3
-0.03470005154337	0.527807105632637	25
0.00943901268285097	0.32818137286167	25
-0.0310594875175479	0.392430131144825	25
-0.04124584996651	0.510236172173957	29
-0.119146354347207	0.299784133614005	29
-0.03310855947214	0.41171079070078	29
0.085985733022128	0.447508020675186	29
-0.02517994708759	0.428015722207691	115
0.0900374584653451	0.67813360764244	77
0.068418823301064	1.6693918151503	54
-0.021493577367782	1.21850505917141	22
-0.021187066868402	1.05697097925144	22
0.106541477662879	0.895243350233297	159
0.072564019575081	0.803041622551879	159
-0.0706432493831301	0.627843937617915	71
-0.043406941579594	0.510195820080442	114
0.014181621213666	1.33103396340372	71
-0.0647753289177641	0.694263853566572	71
-0.07353198657383	0.629583831954359	3
0.115025190237405	0.925553534673277	3
-0.096139958510336	0.510363907929667	25
-0.046125658020045	0.513300067029199	3
-0.103607709610819	0.608746493929033	3
0.036698280109924	0.552345681959834	3
0.030763505507888	0.534892892427636	25
-0.112954200590882	0.395158484601291	25
-0.118815881028966	0.298815730314913	25
0.00715127867185295	0.323114916793462	29
-0.123935389068659	0.296923126019998	29
0.047537209732758	0.538024136088809	29
0.00943901268285097	0.32818137286167	29
0.00750156625204601	0.318146131517506	29
0.017121727931121	0.314455114670718	77
-0.114258550670621	0.403758994891612	77
-0.108927122279647	1.15924785326561	59
-0.099348822989713	0.481304120779481	22
-0.052818938918945	0.890033384739902	54
0.030151285561084	1.08459052089026	22
-0.10460027193625	0.624473728290772	22
-0.108524040953875	0.398803430883574	22
-0.022031462648308	1.18461578838601	12
-0.064839799688642	0.926959363076448	12
0.057295352844123	0.968295764933498	159
0.084622637940811	0.692667080726857	71
-0.115291218989859	0.400505603624498	114
-0.10650637929675	0.703088319830118	114
0.039671173348156	0.859648670807816	71
0.028152955475874	0.753839735791055	71
0.018752031941125	0.661901259157266	3
-0.112480731303337	0.390970701922547	3
0.01798570243794	0.66397072111463	3
-0.0922429275792041	0.612318109170909	3
-0.101448032233587	0.398827399077279	3
0.089930188363553	0.438301886540134	3
-0.113696545683844	0.395124614332337	29
-0.120530528142238	0.297501718308396	29
0.00954685165681002	0.31223858983506	29
-0.0292883931190761	0.423026542946313	29
0.079995298970839	0.440995699981677	115
-0.032684017390891	0.403482560387438	77
0.085276422229502	0.44759440520637	77
-0.121114868935319	0.196485095929906	77
0.123986410784841	0.529963667619736	77
-0.124296228414601	0.294967233357828	77
-0.063196280163289	0.88435357948536	63
-0.123187526917828	0.9173427802874	59
0.049169528269796	1.25493255205918	59
0.054330375055387	1.04954970743428	22
-0.044513934845522	1.21134152250226	54
-0.048214728051029	0.725626892815022	22
-0.104793485132989	0.599164055625973	226
-0.018753755596196	0.877928162632362	217
-0.030152333440486	0.629479558136404	71
-0.00546360746213603	0.891519313526712	71
0.095091350325234	0.996857920382423	217
-0.019058372613376	0.715880882541198	217
0.082086771057695	0.68467196209786	217
0.00314183124562195	0.316692107109419	3
-0.037512797342325	0.523908309141914	3
-0.029154526939234	0.634804112947392	3
-0.044199427218713	0.511735407064764	25
-0.117123642173594	0.691494744079747	25
-0.042316491568846	0.513960453611456	3
0.037705438516057	0.505936152545344	3
0.123826945180693	0.538360181488522	25
-0.120530528142238	0.297501718308396	29
0.00680090332046401	0.317581852739925	29
-0.0341249940942801	0.402736575984576	77
-0.089035684222771	0.790819576775677	63
-0.020324196151013	0.749003743584897	63
0.00320297622768895	1.22053842986141	63
-0.118237272079451	0.879287872853726	59
-0.01448838237656	0.740280511286097	22
-0.108143162082032	0.591243755036202	22
-0.122913373505279	0.291503043583673	22
-0.114279280679164	0.386312573811066	22
0.040126161064487	0.532860123883348	22
-0.036929405211532	0.529846182280882	22
-0.105811275128119	0.773486993617494	22
-0.029641650062153	0.805707815443285	12
0.00448555559473596	0.601734282348821	71
-0.00997026495633702	0.740059016004775	71
-0.0282827526023151	0.632694560246239	71
-0.051356056534144	0.737384560452383	71
-0.043479102750264	0.531392554960491	3
0.011702014509561	0.638583420281404	3
-0.11613164991459	0.292683200032962	29
-0.121114868935319	0.196485095929906	29
0.08740951990895	0.437753889809806	29
0.092710577689884	0.444013067742739	29
-0.025905990207987	0.42576602131958	29
-0.120530528142238	0.297501718308396	77
-0.100621700346568	0.49233467706868	77
-0.123905808367963	0.288787317827683	77
-0.120721862288512	0.2046467358426	77
0.0792858103540099	0.438844242156347	77
0.061128073341417	1.86971139928434	63
-0.030944104458242	0.643190741957822	22
-0.035995821332137	0.976014322137885	22
-0.0286556465007189	0.955473173965977	226
-0.083448739771564	0.847416082976128	41
0.037219143995647	1.5095477506306	12
-0.03481469463279	0.903720037720423	217
-0.079203459359405	0.611244306985033	217
0.101490102793966	1.01650702349604	71
0.029500836458429	0.872518330998662	71
0.066935335687548	0.771289523204136	71
-0.036588885163047	0.873332423463377	217
-0.074444566620099	0.695622322816364	217
-0.087927821094797	0.752194238713756	217
-0.061231184718222	0.846892911610677	217
0.095050557031758	0.948826460494594	217
0.030700955946426	0.769531468130903	3
-0.117834182288103	0.680685951330098	3
-0.0315224730750721	0.643035397186457	3
0.068203716980151	0.780658956617362	3
-0.066337871732972	0.640713205527151	3
0.019830919305337	0.643701097320974	3
-0.110986629775845	0.59789360620821	25
-0.044657120045406	0.508553998496657	714
-0.086097011174047	0.508696509863715	29
-0.123905808367963	0.288787317827683	29
0.084522008704454	0.446394414578797	29
-0.04247759035669	0.507422537285535	77
-0.046746672907658	0.517008308188025	77
-0.059262747311392	1.19832839698194	22
-0.084574902950954	0.511491346282827	22
-0.085320578505856	1.10862748093956	54
0.038911612866783	1.26880178595668	22
-0.023379346171613	1.32412825087076	12
-0.02636914422396	1.03106542135808	12
-0.116040723178971	1.00824666270806	217
-0.051191686795263	0.734230609485488	71
-0.089480215514227	0.943615282190399	71
0.010479557586778	1.40621557687699	217
-0.115217245718242	0.911134526681188	217
0.023867201284132	0.78018380428275	3
-0.121017899219886	0.760344976703527	3
0.120602087811739	0.916726965671607	3
0.066457555792522	0.781119105825153	3
0.010624518375958	0.964441921429089	3
-0.121759769059186	0.498205668336475	3
0.016449833421527	0.63514421840803	25
-0.02959077491368	0.421447022688986	25
-0.041276456690435	0.520311770342901	29
0.084622637940811	0.692667080726857	29
0.084567716733892	0.445393732326038	77
0.015759490020079	0.662932285839206	77
-0.024573087942062	0.420803322266567	77
-0.077649930347599	1.8940295040489	63
-0.084170556309087	0.951356743040086	217
-0.079451841238531	0.705204499940842	71
0.066361658727199	0.925527425647192	71
0.109129365862349	0.986702763972646	71
0.010606903861327	1.24390248640505	217
-0.102584304958015	0.861449833658257	217
-0.121154880846488	0.769895636301146	3
-0.072732541016176	0.613855949144103	3
-0.069450618878014	0.809747384528445	3
-0.100277648040826	0.495088925953339	25
0.0838140604505771	0.444205507315429	29
0.070419519440326	0.794535555173516	77
-0.100621700346568	0.49233467706868	77
0.060171112523557	1.28903401784641	59
-0.103984030772078	0.605115518358403	59
0.018594059386568	1.16195675317069	226
0.1097943837662	0.865584787021451	71
-0.047514021843766	0.807006497478072	71
0.018960550591093	0.644885418003952	217
-0.00990386432472801	0.840614272742751	217
0.019274083659353	0.767641565126386	217
0.086268289201663	0.68620960368788	3
0.032314818054761	0.536257102081156	3
-0.051322646791223	0.499568975156667	3
0.016436807638336	0.30952827003094	29
-0.120561387970762	0.298921264523275	29
-0.029318155873478	0.402491373872691	77
0.00840616347674605	0.327834638337436	113
0.037666606970937	1.24545805416362	59
-0.105254229064586	1.28552996604105	59
-0.109940146888653	0.61037184717959	59
-0.10613490459604	1.06562419431433	54
0.000269108930055051	0.972429049373753	226
-0.0416721131553	0.800836720198598	226
0.00520366507104397	1.10075974769412	41
-0.069267013225301	0.63724339352458	217
-0.041438985934092	0.526190767510252	217
-0.041096663259656	0.828428106895716	71
-0.104161519549774	0.48642618417522	217
-0.055501313376611	0.965810574113953	217
-0.0373484341749361	0.524033069729564	217
0.115305983002109	0.898981939824917	217
0.060775821187579	1.10689438647545	217
0.027846571215835	0.935655924610381	217
0.021777194720446	1.19930048886116	217
-0.042859902782123	0.529337682009265	252
0.00805776798109403	0.320063088118638	25
-0.037480986195799	0.804564480404349	29
-0.108196609852126	0.396013255243892	29
0.00977462590618905	0.325165886576976	29
-0.0280823798587601	0.638731853797351	77
-0.122848200924527	0.197765865607588	77
-0.096342591154485	1.98970282462867	59
0.0238090865071841	1.13627170370801	59
0.116832712126695	1.3049560146818	41
0.02963298727728	0.958788288129577	217
0.084414562963317	0.44951721000434	607
-0.038919591601462	0.822405849425215	217
0.114085538585685	0.904905676503138	217
-0.059939007481835	0.69889037929897	217
0.105933490813407	1.21728019022144	217
-0.028761116422427	0.631474711077939	3
-0.066783634146564	0.865379539940228	3
-0.02548061050655	0.415441944646838	252
0.088616189751573	0.456925526868453	252
0.067126422512274	0.756372246799412	3
-0.111380027813905	0.398775816089268	427
0.08932578411326	0.4582379329993	29
-0.115769312169604	0.29455749951646	29
-0.025891795830679	0.903244035301715	77
0.117059231291632	1.07111706703114	54
-0.069859447594433	1.18663569449864	54
-0.00350586017661902	1.28000538938633	12
-0.120930993325839	0.768454552647716	217
0.019306080981798	0.750346618904056	71
0.043008386812216	1.24061439267099	607
-0.07629753691609	0.599889762644186	217
-0.036108565123102	0.626221666004615	217
-0.011286730577873	0.868673773968701	217
-0.0577402303889	0.716282823243944	3
-0.010005215798777	0.842424313122631	3
0.113324154511738	0.913785724723723	3
-0.111572979922353	0.679847529142483	3
-0.103230887988841	0.608014003688814	3
-0.116978407925336	0.832935732288424	3
0.062999458999788	0.754741639694848	252
0.02545029439345	0.52815235596944	25
-0.105818635197822	0.489381453211196	29
0.0837038237955941	0.448241482069095	250
0.078103133969776	0.784370300829605	250
-0.09436502887972	0.520951277973949	77
0.040030519430306	0.538504693319182	29
0.084414562963317	0.44951721000434	77
0.060975903873447	0.882584526510527	77
-0.058527699844229	0.898097965373225	59
-0.052418900166754	0.495115778756743	54
-0.10365997229383	0.886456557599854	54
-0.060272520340241	1.3657341460902	12
-0.012235952934058	0.845305444691405	71
0.016982317878763	0.922614929375973	71
-0.050124543941608	0.863475040675809	167
-0.0468527700060371	0.728768302808727	3
0.032128789063974	0.553178039035913	252
-0.107665754165525	0.401689714279973	29
0.014819112709234	0.315995472008595	29
0.0151906587188591	0.632803651299834	29
-0.11063471396779	0.401588021495178	19
0.00384177621152604	0.317256639268976	29
-0.085683752946829	1.01644933893247	59
-0.109427593260625	0.710102019227501	54
-0.028092237400712	0.644852865758449	54
-0.023026138870933	1.18980132999586	54
-0.122928418576913	1.15550827401138	54
-0.035781015586298	0.816077608596655	226
-0.00751420172129802	1.45137312832657	12
0.0894046684262611	1.07573566505292	4
0.05961782137122	0.870507920456563	71
-0.0449380331220099	0.866378379410339	71
-0.103230887988841	0.608014003688814	71
0.02519558158074	0.632382655450794	607
-0.03466286909162	0.817748169375638	217
-0.044254360287485	0.729206716637217	217
-0.112079553249325	0.705358329261362	217
-0.042222640311901	0.527284371515947	217
0.063625905900059	0.767344551498274	3
-0.039872538968278	0.802870059338323	3
-0.031171093464135	0.418011364642456	3
-0.0296329255728081	0.633574150382464	3
-0.104695142253318	0.615356960165818	252
-0.115769312169604	0.29455749951646	29
0.090415369594655	0.454793894645718	29
-0.025602655239353	0.427343291168706	29
-0.096961117841701	0.508460206100258	29
-0.120530528142238	0.297501718308396	29
-0.0277050730887199	0.410726440479798	77
-0.111016689403195	0.389843858966608	77
0.079292978768969	0.658189607674081	77
0.025804724728774	0.520959116097948	77
-0.119146354347207	0.299784133614005	77
0.049483419501636	1.63590865361584	59
0.0329035795300841	1.39917575701709	54
0.00195620312839195	1.56946622521697	54
0.052886386676285	1.98527455502117	54
0.061209145073994	0.944681939059079	226
-0.080210005736904	0.857347544034342	226
-0.035042261914165	1.27662646598858	12
0.111481465745884	0.91461213771489	607
0.048379385046794	1.03062407658388	217
0.094779205556142	0.964223083855305	3
0.118868768335236	0.92265001058388	29
0.024341789238634	0.65538983451996	29
-0.022388943184294	0.418653872429264	29
-0.124296228414601	0.294967233357828	29
-0.0284005988370381	0.416542911920855	250
0.00382368131763999	0.316615107804623	250
0.085031287331312	0.797355773449546	77
-0.120156334115786	1.33822213690329	54
-0.12163088042503	1.06986431969241	54
-0.115763724712738	1.31086333245085	22
-0.071394577135627	0.6173921694932	226
-0.061784236788611	0.962767154837717	41
0.062277321989668	0.7636241982106	217
0.010154459304747	0.632518898106473	217
-0.020208945374629	0.42281745193588	607
-0.100735552521622	0.621979690567456	607
-0.052618811034151	0.718838593314706	607
-0.068580737605291	0.601189428366083	607
0.020896850821594	0.733079046511859	217
-0.103803260711987	0.502596967836564	167
-0.079671022585425	0.725800619369067	217
-0.049705748612244	0.743908137984466	217
-0.024094737693523	0.65458948410284	3
-0.0319027456293129	0.64065761429869	3
-0.117893573669321	0.393363534034004	252
-0.110055431868449	0.404055580353186	25
-0.029164641361016	0.412763806728802	25
-0.121169638320946	0.283287725903897	25
0.00715127867185295	0.323114916793462	29
0.100405676380829	0.406860641315621	29
-0.031046961798901	0.414412559124827	29
-0.027692270323196	0.643540268914329	19
-0.099620491026434	0.99994522826153	54
0.010570768265553	1.89796543759274	22
-0.071019170706616	0.62592804580546	217
0.023960213755845	0.77293188919452	217
-0.0589868837737479	0.632787549235865	607
-0.045904932777078	0.73170492917732	217
-0.003456867468414	0.831483277810483	217
0.028747582888182	0.774516305238243	217
0.042572220867685	0.534941850017018	3
0.080787309295677	0.683781893250551	3
0.060849161574303	1.44834205842444	3
-0.11063471396779	0.401588021495178	25
0.00943901268285097	0.32818137286167	29
-0.124266280020454	0.294908739994208	29
0.03002411014211	0.529565153916964	42
0.013772164475053	0.31494046707331	77
-0.008996813118057	0.754777931285427	226
-0.026025506656963	0.423028670491374	607
0.026518653810146	0.770496847876422	607
-0.0359101439696879	0.629131309965571	607
0.070125720316343	0.772741977707668	607
-0.083794283960934	0.715422050004644	217
-0.098076107904207	0.610407488267236	217
-0.124106251784963	0.606254770684889	3
-0.011655105775361	0.825178701001789	217
-0.073200518767449	0.627976443642745	3
0.007772375811258	0.325438977521151	25
-0.124901809750946	0.288986491419187	29
0.00875447218836301	0.328282494069353	29
0.011383759233383	0.322188322068593	29
0.030763505507888	0.534892892427636	77
-0.12007848735221	0.204453168240212	77
-0.118454130767009	0.297661791677546	77
-0.121064146307103	0.769168576390327	59
-0.124719877432518	0.761551469474557	54
0.092279666069214	1.16043821980851	41
-0.113686969942762	0.690906939761711	4
-0.0206340409604741	0.422164148540706	41
0.119962247780804	1.44849312290972	607
-0.102476259569975	0.398106767264552	217
-0.109603146708022	0.406095402309846	217
-0.092225971635985	0.516940427398325	217
0.124023976910553	1.50237141958249	3
0.08932578411326	0.4582379329993	3
-0.025061798314067	0.413129393062679	3
-0.00143888909964796	0.306529488382908	252
0.024717337882759	0.636209435351368	29
-0.025451197564585	0.655180508699371	19
-0.123935389068659	0.296923126019998	19
-0.119826751233896	0.20033713359998	29
-0.124626848833241	0.296052996581659	29
-0.117956214245167	0.197127918381344	29
-0.120470752247048	0.200512290479624	29
-0.085289676575384	0.718121801733696	77
-0.00390403087462898	0.82733611811007	59
-0.011600895630858	1.10775699487129	59
-0.037218189656658	1.50466665646762	226
-0.076822554294983	0.78728111772694	4
-0.119177729118156	0.296854760211614	4
-0.114020497214434	0.197062250716419	217
0.00452383954276803	0.317178896767676	217
0.014606064166116	0.824217763967441	607
-0.123604847803692	0.294156375567445	607
-0.036260857622452	0.530292295634517	71
-0.030188435885688	0.393351018286769	217
-0.028559086856891	0.420807014068394	217
-0.040138091799874	0.522652332840345	217
0.010458244097365	0.318245993741588	217
-0.12007848735221	0.204453168240212	3
-0.120805100279719	0.288715238081528	25
-0.120076321837526	0.284214547550647	25
0.014819112709234	0.315995472008595	25
0.00349184752111897	0.322232072938103	25
-0.116412291088309	0.201494267434819	29
0.01080687005159	0.318665358521175	29
-0.099974983957647	1.49006505885871	29
0.016446936893366	1.3624247081966	29
-0.117702830916985	0.201427292338264	29
-0.121114868935319	0.196485095929906	29
-0.120973052059038	0.200123508811535	77
0.00254478604039998	0.308601459390314	77
-0.044472929933186	0.940452717206223	59
-0.013496576791305	0.756274447149603	226
-0.036547738357433	0.903655311880111	226
-0.0950989696558791	0.615450999408578	41
-0.109800417910128	0.844041929187023	4
0.011982994140325	0.628924334532728	71
-0.035509034135121	0.526751165388351	217
0.086820825228476	0.438987122687718	217
-0.124957818002538	0.29214491437946	217
-0.0284005988370381	0.416542911920855	217
-0.024573087942062	0.420803322266567	3
-0.117057501300934	0.204573630547874	217
-0.118454130767009	0.297661791677546	192
-0.0304434781019119	0.420206427354875	252
-0.119826751233896	0.20033713359998	252
-0.118815881028966	0.298815730314913	25
0.086317744448249	0.447041041176617	25
0.00384177621152604	0.317256639268976	29
0.00943901268285097	0.32818137286167	19
-0.120721862288512	0.2046467358426	29
-0.12136535375548	0.200390435746801	29
0.0809194710907491	0.686465085610143	54
-0.025924325872132	0.82957153906984	226
-0.118736266802169	0.818849857347669	4
-0.09174656809469	0.850938308800167	217
0.018838148295816	0.663306595567805	217
0.104875229426946	0.88821846507383	217
-0.030225541489282	0.899391773621839	217
-0.0142762501282609	0.867002322666368	3
0.023663305194636	0.748247663195329	3
0.101252917604914	0.998092398267274	217
-0.0434281688178479	0.724693809606679	192
0.032945702108878	0.936943364055259	192
-0.028833211760957	0.630387724575698	252
0.06519836382384	0.78075352055873	252
0.031495069742207	0.52889510235909	25
0.0141212343235519	0.322270556407028	29
-0.114147625983363	0.393196320481186	29
0.023863612991067	0.659630031986061	29
-0.108571120379589	0.400301391754334	29
0.02059739902991	0.771271654067536	29
-0.0294323196892951	0.417217167384954	29
-0.056561123782188	1.49928970876072	54
-0.05749008999772	1.2615552854258	226
-0.097278032687043	0.999063684809564	226
-0.0729701690211521	1.06016184539143	226
0.080490474096695	0.958942169935586	217
-0.0745290464922	0.624087549866949	217
0.021347254177237	1.03135049128122	217
-0.085860520516208	0.794331295644287	217
-0.070181375219468	0.796629176395098	217
-0.031331820537754	0.972477218297587	217
0.049757835032232	0.968297909255813	3
0.021789827909254	0.835451049151218	192
-0.050459044828196	0.718461321755778	192
-0.045904932777078	0.73170492917732	252
0.028697382730825	0.527869002067604	252
-0.02301492935879	0.896315990048341	25
0.0809194710907491	0.686465085610143	25
0.025257197791474	0.758399928486554	29
-0.096840984625909	0.517574221135515	29
-0.122608715966764	0.499641929141136	42
0.014991128559228	1.6072289825755	226
-0.065153597649808	1.16936853211136	226
-0.09158412219039	0.943155830397889	4
-0.101398304683459	0.770596945071783	4
-0.106183181011152	0.851940874369799	217
-0.00943980220685103	0.977219379266624	217
0.026641157881717	0.754613093797187	217
-0.096139958510336	0.510363907929667	217
0.122318951016376	0.908767980199504	217
0.063897237685022	0.987653902451792	217
-0.03672999732705	0.966416719538392	217
-0.095932498838018	0.784278548904084	217
-0.108768363068641	0.80266494418333	217
0.035240895383601	0.93847110896717	192
-0.089867096731455	0.857410985389758	3
0.022335834449389	0.66833861228306	252
0.105386633391152	1.15372365528376	252
0.068864322328698	0.753947548274217	19
-0.115745638521914	0.399820703421018	29
-0.037620285877826	0.516486187017964	29
-0.096273268284428	0.503144348742579	29
-0.044676490437234	1.43708988815443	54
-0.119196250864016	0.886770763767116	54
-0.011854877367646	1.63350277403607	54
-0.065311192563752	1.84248281463319	54
-0.081509011173474	0.944047219572758	226
-0.0743885205003511	1.03003587728401	4
-0.029970576771861	1.02441537016283	4
-0.089363217348807	0.701321150595559	217
-0.0902764249735471	0.78762344916937	217
-0.097908758268596	0.614570786381097	217
-0.0205683066644849	0.641117652267521	217
0.0539645208492801	1.05063268440968	217
-0.025183684447792	0.971937987818726	217
-0.114792409221757	0.692921160415124	217
0.079165752235023	0.429683389780564	3
0.098599990600805	1.68741597931627	192
0.084224016563815	0.679729985034344	252
-0.03470005154337	0.527807105632637	25
-0.096139958510336	0.510363907929667	19
0.020773830153176	0.644305950746272	29
-0.022511652178376	0.417976422331383	29
-0.04372934744601	0.501952671646648	29
-0.122882919489031	0.294955401827452	29
-0.114147625983363	0.393196320481186	79
-0.120891755803397	0.298662128853916	29
0.088237444261981	0.453695468975854	29
0.115637159107349	0.908625736359567	54
0.032617462168389	1.75275019976484	54
-0.121962881814458	1.37068894618967	54
-0.027012079718143	1.55138685176798	226
-0.063014116089675	0.943537074774807	217
0.028210666704541	0.955201106669119	217
0.081741445572809	0.686264825788084	217
0.016081621088515	0.756255640313076	217
0.088370685362415	1.07155740163084	217
0.104712061827853	1.07662147749527	217
0.0231457059381131	0.931226952637479	217
-0.118079400177574	0.686170279999414	217
-0.038329147823295	0.889367125077431	3
-0.086571388094866	0.709697325473352	3
-0.00588766847892497	0.851986952761526	252
0.084031926361132	0.439998777507792	252
-0.123482629277117	0.293096756769324	19
-0.022511652178376	0.417976422331383	19
-0.113803658005813	0.404455320801665	19
-0.038362483850077	0.393782102442394	29
-0.098128291553733	0.391917051349615	54
-0.043769926659728	1.4413976564486	54
-0.062263939850592	1.8703797667737	54
-0.081774625900624	1.05005559418462	226
0.020065605527091	1.07575011084578	217
0.101642421855811	1.01103297797404	217
-0.0458148139925521	1.20630094480279	217
0.00929824595706197	0.888304001609054	3
-0.057097077871734	0.871112542900377	252
-0.037851025685376	0.622462205647429	192
0.012863543324102	0.9874669226093	192
0.017207359917361	0.922392902282612	192
-0.05432391584984	0.721975391122452	3
-0.072371595669432	0.626345773627997	19
0.124979244680807	0.766736466522138	25
0.079621211315582	0.68526907546013	29
-0.0470131163306891	0.510626978796012	29
0.0780326097274831	0.66024131945331	62
0.029744847377063	0.520457138485681	29
-0.111195145795498	1.69258904301355	59
-0.035236698197168	0.836778293177126	226
0.084986331393266	1.76894386245978	226
-0.0406662225440561	1.80960924902382	4
-0.058685670144689	1.75402239020649	4
-0.046582748093162	0.802739725347853	4
0.041224952332047	1.00327374895198	4
-0.016496240201778	0.82429984490481	217
-0.102634033021362	0.597427881960301	217
-0.077903262109482	0.728912081722163	217
0.030009882859008	0.867958966790064	217
0.0382255551294251	0.867649175846712	217
0.013623228683231	0.645318399816369	217
0.075890855818987	0.792251113652574	217
-0.00654382515663698	0.827818285597282	217
-0.058615641170172	0.706339883860808	217
-0.042373872348121	0.818684528506977	217
0.066760892830939	0.978837218771926	3
0.020701725346002	0.858723794776115	252
-0.027600895052278	0.638279450876383	192
-0.013111769146847	1.35889629062805	252
-0.0248563839628551	0.610016781986815	252
-0.112604310794662	0.4008746657335	252
-0.114547634604199	0.403476236485433	19
0.00314183124562195	0.316692107109419	19
0.013638857497601	0.645146106767067	29
0.075306066453464	0.654682388654865	29
0.026470268516687	0.531103881194011	29
0.0273967007195221	0.537457821831067	19
0.00377505412395096	1.14853140517594	62
-0.0294323196892951	0.417217167384954	77
0.013786362279702	0.329058759499435	77
-0.105438137302534	0.84005342838832	22
-0.072956561921647	0.999499771203658	54
0.056126638975193	1.04646627344942	226
-0.040448521891324	0.725028170684111	226
-0.090122694268846	1.33113034297866	226
-0.0719029465121061	1.31200173814882	4
0.022636888722712	1.22612421223811	4
-0.101815560325148	1.08783731954298	217
0.070316382899907	1.36656214026782	3
-0.00471618904223803	0.75921691927418	3
-0.101072922763892	0.939613337272021	3
-0.027599660041019	0.989010213393754	252
-0.066803099430099	0.844280021772641	19
0.106228223908106	1.01400251736255	25
0.012766951085079	0.645209234031727	19
-0.057386569533995	0.619475338466108	29
0.092064582538413	0.966970776464008	19
0.065651921379947	0.988942699348828	62
0.11069244406312	0.865664686818261	77
-0.077311467507257	0.786642704536432	77
-0.0206340409604741	0.422164148540706	77
0.025257197791474	0.758399928486554	77
0.015389744673629	0.308518400375478	54
0.040440847049369	0.53213900243033	54
0.056001699539639	1.13610304554005	54
0.01049542682074	0.88997942262139	226
-0.033278937669376	0.867638844935491	226
0.050300452490142	1.2170305265674	226
0.022581108216712	1.29492215965002	3
-0.073378421282522	0.801181799023429	252
-0.064365878192518	0.686179958452338	25
-0.117449528248709	0.19750558552597	77
-0.122730743236557	0.675215091066084	77
-0.098728966210997	1.08736570758277	59
-0.091577521610803	0.930470000971344	54
-0.0845504686616449	0.962757898045291	226
0.021839812183537	1.29653962758678	226
-0.09473235729771	0.902990738262086	41
0.07398878897503	1.31413473161151	41
-0.053629643428961	1.12274864013432	4
-0.059606895829732	1.08552309319264	217
0.063146854166838	1.28433889344801	217
-0.039498233327494	0.801194301110561	217
-0.123155735219976	1.05136252770136	217
-0.0534099690643191	0.964470229049814	252
0.028002443786582	1.50339404066875	3
0.020585912482006	0.671299031310874	29
-0.096039403915021	0.78153477128052	29
-0.082464498295284	0.745835874851742	29
0.042044585657502	0.997636438185837	29
-0.0297643342956651	0.515582049099739	79
0.026654646539007	0.534410434152331	79
0.019102213822749	0.72527970754233	62
-0.02517994708759	0.428015722207691	77
0.025213417274723	0.655291735801189	77
-0.066221739681894	0.626705165231567	77
-0.044344251561357	0.80348738601347	54
0.094132405549487	0.447264141314347	54
0.06062561029074	1.27661023164236	54
0.066909283039623	0.885891350350593	22
-0.00881164451858796	1.05966509149115	226
-0.032075283949149	0.409526939072634	226
-0.108421350789596	0.69998304836407	4
-0.076810547325573	1.09739326919445	217
0.069100959065024	1.44589460152594	217
0.0171121304891571	0.665297223110082	3
0.104372281696403	1.54679373070163	3
0.056554820712633	0.865983850918449	252
-0.035412840595983	1.13023621232867	19
-0.109489336957339	0.738146661159979	29
0.036538559914257	0.763464415437911	79
0.091890473147776	1.09216824402992	79
-0.045597962596328	0.503876573782208	77
-0.108699024014935	0.401838018874364	77
0.060975488660032	1.96430848288546	59
-0.115769312169604	0.29455749951646	54
-0.028706115572267	0.418117135943481	54
-0.00934599748269804	0.843620461534255	54
0.025782719224455	0.756191111087784	22
-0.00285075959172298	1.45427931504005	226
0.024804649064889	1.10378226276565	226
-0.102223054325751	0.859512472854216	226
-0.00427103020203301	0.903245958496632	226
0.088529903170921	0.671952146564912	226
-0.088368034972755	1.0251949316211	4
0.055406055352786	0.947003944018874	4
-0.090155188698224	1.02222656685911	217
0.020926423360335	0.743988711825616	217
-0.0787443030342771	0.596445335648817	217
-0.042949593643122	1.09994768056734	217
-0.050654790237505	1.17180900239233	217
-0.091975386431032	1.060993425338	3
-0.09754856444979	0.509351005825036	3
0.06106166579029	0.883049291002286	3
-0.030631806389499	0.623161776659119	252
-0.060458159886144	0.963674548470393	19
-0.104347562117803	0.766059445968819	19
-0.097401608348949	0.502691785443616	77
-0.110344956336497	0.405139528307051	54
-0.041276350756816	0.717359535963809	54
0.046735545993878	1.20585831464116	54
0.062425441665394	0.981675885655285	226
-0.096463824888932	0.99722445747348	226
-0.113940302718281	0.991823064020604	217
0.092894952367641	1.47913171236304	217
0.00666402923448795	0.932286598525763	217
-0.04674445273267	1.3354834931008	217
0.011735248907117	1.32695782148782	217
-0.088708587410571	1.22320897871598	3
-0.12152221207366	0.680371885661521	252
0.00582180072948202	1.13261069439243	19
0.016939864810901	1.14608332841987	19
-0.071973551918164	0.63047344731273	77
0.094408996736611	0.650413281248788	54
0.101596839430875	1.57214593390046	54
-0.043961942733889	0.969660712573813	226
0.063101772404965	1.27752566715591	226
-0.045132301726352	0.981920980354146	226
0.074838061467	1.47293641258274	41
-0.108943211195408	0.820353675995155	217
0.052538151680527	1.54723253354299	217
-0.039618873583766	1.04264748118158	217
-0.026210202696685	1.05578163229162	252
0.030706092248879	0.96368118792708	252
0.00184668922775699	1.15736345055101	19
0.087406173450757	0.440158365563324	19
-0.027761391470334	0.624374907713923	19
0.0260020940083	0.837343881569507	19
-0.105072746279593	0.604434226258744	62
0.088616189751573	0.456925526868453	77
-0.114889341420594	0.391597854260817	77
0.02453998099985	0.667755132904254	77
0.025103599438318	0.985787023227715	54
-0.103296252864953	1.1608475895038	54
-0.0360318122108581	1.17068353008256	226
-0.0967094606405911	0.96809573482224	226
-0.052201836936782	1.03517542822836	217
0.033094436723898	0.862490903306246	252
0.026328654066771	0.749051997104738	19
-0.066146987034597	0.623804456558391	79
0.028525588050722	0.510515338883147	77
0.088616189751573	0.456925526868453	77
-0.120117356269296	0.837875365520646	54
0.080012956850839	1.71011142160123	54
0.0847066189745121	0.66920535950893	226
-0.086025648347946	1.14290720630188	226
0.011531159945021	0.928510521239345	226
-0.030577773818835	0.413737578372259	4
0.017872464089836	0.745998231603612	217
-0.10299792159253	0.499502216211523	217
-0.0359101439696879	0.629131309965571	217
-0.076025679191214	0.614388133354862	217
-0.120583098517515	0.374181527662225	3
-0.00796940286953896	0.833287323870484	252
-0.105942771790675	0.396122507023866	19
-0.0877107012406531	1.1577947318199	19
0.033417195924306	0.547668878981527	77
-0.057171964434899	1.26229059985995	54
-0.020220683215993	1.91001927028474	226
-0.00570559038380702	0.929573167581002	226
0.044032815125466	1.42916790507523	226
-0.045721265217738	1.31088467258768	4
-0.039974451360022	0.72257161727268	217
-0.078015248940552	0.700282752341435	217
-0.121075093407747	0.75989674105577	217
0.039511612853348	0.939212096535318	217
-0.0783137240030199	0.713851466676559	217
-0.00842122631536302	0.992176571445533	217
0.06043323667045	1.54913401536993	3
-0.067348722084997	0.63208279447872	3
0.076258990210674	0.667008140764068	19
0.020701527562703	0.760204663254497	530
0.039940877892035	0.5529712154854	79
-0.120199888649241	0.300925411916508	79
0.013102092693751	0.33064391436923	79
0.079551299792015	0.424090014064704	79
0.0599818519791691	1.30088452213636	77
0.0626700787164291	0.961021987967545	54
0.00961653353530101	1.05985062407036	54
0.0804000430315051	1.15802429949587	54
-0.0838745856852901	1.35758652057867	22
0.073320734896421	1.20964183374458	22
0.035613822563658	0.868945611036355	226
0.107460573195817	1.16141405715945	226
-0.034523569519785	0.90397076122025	4
0.099349067143912	1.12913229568353	217
-0.027567821981192	0.635450005511637	4
-0.072094547699148	0.61422239885365	217
-0.111413896103221	0.784366259234813	217
-0.097197928829506	0.628821024352916	217
-0.051048432365698	1.12976905652049	217
-0.072054771184669	0.871715738484696	217
-0.014808749176902	0.816738321916295	217
0.088258017308833	1.04677996932684	217
-0.102190322911576	0.605259399491618	252
-0.022566854216778	0.738253326640604	3
-0.110344956336497	0.405139528307051	19
0.073435244847613	0.784192744021562	19
-0.101574618633985	0.490472476537417	19
-0.041225315024609	0.507562751965232	19
0.124381448041021	0.785947629792726	530
-0.0260817834724421	0.416565576066363	79
-0.0376317842248231	0.393017136898202	79
0.124072929488594	0.778696175727014	79
0.018358398720064	0.662040504361709	79
0.074344824329912	0.634133639246554	77
-0.00889124814223097	1.12995133950437	22
-0.048370072727234	0.806080096472797	226
0.011202318222364	0.888138137406185	217
-0.020349597873825	0.818521489864684	217
-0.09491561885692	0.784802045867401	217
-0.113039963099097	0.696969066495007	217
0.065543079006452	0.853125345118867	3
-0.019820832868094	0.731144947836219	3
-0.108327164545542	0.586590342602611	252
-0.10597364487711	0.402959280095297	252
0.073439444440681	0.79990887554678	19
-0.095662846531262	0.510056993264582	19
0.031199557390331	0.546429222542561	19
-0.0292883931190761	0.423026542946313	19
-0.100501579120468	0.509283874182072	530
-0.025723011544614	0.412299212076371	530
0.03577446932024	0.550446568306255	79
0.016087873774331	0.315824142923231	79
-0.014016119343717	0.744686981966665	79
0.032952010622307	0.541997937507213	79
-0.041980994915773	1.47217448174183	54
-0.043170724305061	0.811351482617573	54
0.075489914152548	0.886248550786664	54
-0.031449664205274	0.728270090319534	54
-0.124764722053945	0.839430061014169	54
-0.057408387149971	1.12402895066499	22
-0.109009385077754	1.06041362031156	22
-0.032191476963524	0.94380160210815	22
-0.104150149010102	0.484345855705135	226
-0.11669527520018	0.390894934383983	226
0.064046085216967	0.742449572836678	226
0.089008967353434	1.08423891629822	4
-0.048755163743026	0.743908634618923	4
0.027637924551057	0.529552943216101	4
0.027247631839259	0.657980364829216	4
0.030644922945958	0.550966395926464	217
0.078323497052486	0.6762276655483	217
-0.019373920406763	0.640067863059219	217
-0.107779269247194	0.394262090744417	217
-0.089785460376307	0.703112000121089	3
0.0884540291811901	0.689410127645089	3
0.032522942590819	0.534970257696551	252
-0.022087211412705	0.422123631903883	3
-0.032064059760416	0.525791484091626	252
0.075464179225549	0.422969159661843	252
0.086695649849788	0.445157579941614	19
0.0882659392383151	0.676033585738072	19
0.021119911779288	0.299143627671825	19
-0.029164641361016	0.412763806728802	79
-0.11398780057699	0.39294130315175	77
-0.105953598940607	1.40085248721778	54
-0.109496442537399	0.961142458201938	54
-0.04983105526513	1.33860947774354	22
-0.037262653086385	0.502425768761152	4
0.076735146545842	1.20592397457488	4
0.026681595638646	0.757720613659473	4
0.018889098895557	0.93089394553291	217
0.084144969177212	0.688844778930134	217
0.064400786144465	0.857954866137415	4
0.104143841018505	0.981483627675247	217
-0.005416774531247	1.05508455809116	252
0.110298480779562	0.916446948974041	252
-0.043169460840908	0.533317916403513	19
-0.039211464211807	0.52279793424496	19
-0.045652500754284	0.515953562713283	19
-0.042386106939716	0.532173498611512	19
0.074962107484116	0.660151342730944	19
0.087232252273608	0.657807096197946	19
0.00978734020788396	0.321078859102827	19
-0.117893573669321	0.393363534034004	530
-0.120721862288512	0.2046467358426	19
0.08932578411326	0.4582379329993	77
0.0141212343235519	0.322270556407028	77
0.017507912989726	0.602440894399307	54
-0.035935726377495	1.3195304402108	54
-0.065242397692338	1.10958221935313	15
-0.032654349992	0.607809074643497	15
-0.048939170046383	0.96482682862866	4
0.082776105856691	0.431720568167149	4
0.00856511071246102	0.59126938191493	4
0.027172027557984	0.526019287017583	4
0.087103807748561	0.681883700257177	4
0.00783335463891899	0.32456687202062	4
0.0838140604505771	0.444205507315429	217
-0.030745069484749	0.420802883253128	3
0.074389932143367	0.783317563097459	3
-0.004950217055808	1.06937285620708	3
-0.114258550670621	0.403758994891612	252
-0.047219373087476	0.517834856726074	199
0.082978825020547	0.687001379324483	19
0.00875447218836301	0.328282494069353	530
0.012404465574554	0.322350857399061	79
-0.0632091843907	0.697878436615429	62
0.053899956037107	1.04503071676923	77
-0.050193064885172	0.881812417057199	54
-0.025442586539244	0.785754306457407	54
0.031536691154796	1.73329661876564	54
0.118158991776478	0.772741299765377	54
0.033361939777696	0.875161707402267	54
0.044419546435708	1.40945923446495	22
0.124998202625796	0.804205649404065	22
-0.079443254417589	0.775907707771517	4
-0.120199888649241	0.300925411916508	4
-0.01392924298376	0.401265094263988	217
-0.0850578347054301	0.798438637368494	252
0.010471579193837	0.318664847942797	3
-0.084328654962985	1.023681763805	19
0.08126445652189	0.687562930684353	199
-0.120478081544221	0.282243481399676	19
0.011732317175234	0.322617805268175	19
-0.02517994708759	0.428015722207691	19
-0.120470752247048	0.200512290479624	19
-0.119687673750916	0.195889657045268	79
-0.119826751233896	0.20033713359998	79
0.085985733022128	0.447508020675186	79
-0.099456756841542	0.495943946910397	79
0.017457082715139	0.321052209534861	77
0.066163332973095	1.89179550935564	54
0.098810893011617	2.40506195684242	54
-0.010563189761578	1.15847008568028	226
0.08144978236857	1.0120636573264	22
0.059619697706843	1.66952162017942	226
0.048503990324595	1.26700110723628	15
0.091411332009128	1.09394983511807	4
-0.023775397725653	0.637312680930509	109
0.102343014652386	0.875054981248405	217
-0.067570794773221	0.624152858220183	217
-0.121680864856935	0.908841814343832	252
0.00237966570116899	0.986391488497833	252
0.0171121304891571	0.665297223110082	19
0.028546618277188	0.880344107052638	19
0.067404906006359	0.898231278622448	199
-0.076528411555587	0.497077994503096	19
0.020773830153176	0.644305950746272	19
-0.024149439624542	0.425045053426831	79
-0.124537942343602	0.294783247808303	79
-0.0351133884602149	0.903773323033775	54
0.035777734814037	1.46617526897247	226
0.030438423728367	1.24681626584049	226
-0.02154743095426	0.737178611727068	4
-0.042899991090343	0.793111949223699	109
-0.015485645415811	0.905962643543378	3
-0.0306947759155241	0.695123174223679	217
0.0178656760060461	1.16876094690189	3
0.115975943711479	0.934020606367591	199
-0.029969492055728	0.403180387879316	19
-0.0288222043958331	0.412475363207871	77
0.036514470720735	0.547913005959978	77
0.067827669509127	1.6587131294719	54
-0.116412291088309	0.201494267434819	54
-0.02517994708759	0.428015722207691	22
0.084899274863649	0.44951558752831	22
-0.120440661468521	0.289069193339511	22
-0.124626848833241	0.296052996581659	22
0.041970299438119	0.545193215940043	15
0.0792858103540099	0.438844242156347	4
-0.117449528248709	0.19750558552597	109
-0.121114868935319	0.196485095929906	217
-0.114020497214434	0.197062250716419	252
-0.12136535375548	0.200390435746801	252
-0.120330303455051	0.199948663374727	252
-0.120721862288512	0.2046467358426	175
-0.113373320249311	0.197295776672265	199
0.056170792019055	1.97023123372972	54
0.063087644899979	1.17539152342139	54
-0.043479102750264	0.531392554960491	15
-0.024757382116618	0.42498249991298	4
0.013437485960316	0.328612410677434	4
-0.118801093412505	0.388888741976662	4
0.013437485960316	0.328612410677434	109
0.096041916612443	0.425618703110166	3
-0.0307686333549	0.388140698391179	3
-0.119826751233896	0.20033713359998	217
-0.119146354347207	0.299784133614005	3
-0.029127093547709	0.41747307734589	252
0.015738852799944	0.315416318977669	252
0.00875447218836301	0.328282494069353	252
0.007772375811258	0.325438977521151	252
-0.119826751233896	0.20033713359998	53
0.085179470879438	0.44141658961987	121
-0.119826751233896	0.20033713359998	121
-0.120721862288512	0.2046467358426	79
-0.122848200924527	0.197765865607588	79
-0.117702830916985	0.201427292338264	77
-0.11615772906775	0.197583163682632	77
-0.109724379372514	0.403507773105861	54
0.0831067160856031	0.439305715033453	54
0.00943901268285097	0.32818137286167	54
0.00553647039767702	0.312987117166793	54
-0.122848200924527	0.197765865607588	22
0.090746785991264	0.452251540116945	22
0.00978734020788396	0.321078859102827	22
-0.121947828535533	0.195032713326623	22
-0.110059194458575	0.185992521946701	4
-0.119826751233896	0.20033713359998	4
0.00417380424795399	0.32214223099419	109
-0.11917044342196	0.191074925101413	3
-0.117702830916985	0.201427292338264	3
-0.12007848735221	0.204453168240212	217
-0.119435230457575	0.200132268237845	217
0.093308386250897	0.420859594651009	217
0.00742174301786902	0.317804686004059	217
0.0117199955020471	0.320936124445103	3
-0.12007848735221	0.204453168240212	35
-0.119182867405107	0.196262216603294	3
-0.120721862288512	0.2046467358426	252
-0.120721862288512	0.2046467358426	19
-0.120973052059038	0.200123508811535	79
-0.042472524560171	0.798958517213679	54
-0.103553417640039	0.932609488488113	54
0.063452157142942	1.26343714882682	54
0.025629619911787	0.755329743129411	22
-0.110101558678009	0.76622065741846	22
-0.085470943482774	0.71311654694529	22
-0.044446692538068	0.811253464647475	22
0.068786047542053	0.766876452035081	41
-0.016794058292477	0.736490426160326	252
-0.038577532403728	0.526759844889909	19
-0.028559086856891	0.420807014068394	77
0.08976522617156	1.48344677190204	54
0.010952544834881	1.67824190453788	54
-0.123969317139926	0.832014884587716	54
-0.119015457316494	0.889644319719498	54
-0.113059289133618	0.403553936302001	22
-0.075489470260551	0.782670216017492	498
0.023483338071051	0.769243183747847	22
0.0992527647582579	1.01129290783763	22
-0.0998560753859829	0.783069662919067	15
0.075736793391048	1.14140277171019	4
0.070775025602021	0.990552779864158	41
-0.091050947890871	0.511359362469327	41
-0.109441305729829	0.400900683534201	41
-0.095966049628912	0.496660416291329	4
0.094132405549487	0.447264141314347	3
0.015659343195144	0.63296086205246	3
0.021992812932348	0.751341282726905	252
-0.021059281213773	0.418029310820203	53
0.084414562963317	0.44951721000434	19
0.00977462590618905	0.325165886576976	283
-0.093697562959787	1.55958290624765	54
-0.04156758844922	1.23678224582271	22
-0.069001262228486	1.00315873277994	15
0.048405198072793	1.44976051308202	15
0.047329981046326	1.03228474633482	41
-0.101808463691069	0.776061041140738	4
0.10998617205472	0.891777401192355	3
-0.0217413516880131	0.815981330581586	3
0.03810924826671	0.860127233881259	252
-0.016216457122388	0.744158870319977	199
-0.108860948783154	0.405174000887372	19
-0.0257676516586099	0.641674522748	19
0.026853686326369	0.659662944331611	79
-0.047406638950421	0.732688110966924	22
0.03873898979319	0.552717669792579	109
-0.105777800725444	0.593496216721972	109
-0.015713864121957	0.738329700482537	3
-0.0670960469856991	0.626715318819828	35
0.013452824931155	0.647911198658297	199
-0.030745069484749	0.420802883253128	199
0.017884694051765	0.76131659965844	199
-0.062725508390828	0.88478601505388	19
-0.048011347662363	0.898889690989977	19
-0.027062199927682	0.521472545367851	79
-0.030017053798483	0.423030758685342	79
-0.017428138321599	0.414438569756734	19
0.046323000516152	1.26799071038456	54
0.00189351117269998	1.05328931629689	15
0.029716602521163	0.544262823940941	15
0.118271307602916	0.923023134554923	109
-0.049257292055403	0.5095854956058	4
-0.114547634604199	0.403476236485433	3
0.085125907797154	0.448129152533497	53
-0.117311514131807	0.200095400279662	53
0.087736738260209	0.431961142616682	19
0.088994815642282	0.454932127149402	79
0.017121727931121	0.314455114670718	79
-0.123810504113871	0.289952831860002	79
-0.075296111040232	1.32275170386179	79
0.012753322642864	0.330192537114287	414
0.0884540291811901	0.689410127645089	54
0.08252263549802	0.663676306075858	498
-0.101827115809549	0.501607590721891	22
0.084848895955887	1.39275401187136	109
-0.123905808367963	0.288787317827683	553
0.093308386250897	0.420859594651009	252
0.0882659392383151	0.676033585738072	93
0.122685523845362	0.79359957910075	252
0.013786362279702	0.329058759499435	199
-0.114258550670621	0.403758994891612	199
-0.123935389068659	0.296923126019998	199
-0.043005921087091	0.526274499810471	53
0.0354965988411951	0.55347180722867	53
0.0141212343235519	0.322270556407028	19
-0.025180488843033	0.402518953556121	19
-0.119838486971052	0.299741119212167	20
-0.12007848735221	0.204453168240212	414
-0.027119241296435	1.50803849256998	54
0.088120876293589	0.440945941985771	498
-0.115737626876511	0.286310571492888	498
0.00786538049614605	0.312246623331538	498
-0.0533890151994419	0.737229368861061	22
-0.021360945041539	0.423402597857627	22
-0.107035342484593	0.688606037861038	15
-0.113989343797325	0.58865059551329	15
0.00280947771833695	0.319884864543397	109
-0.117057501300934	0.204573630547874	109
0.088946658035357	0.454988490771852	109
0.00417380424795399	0.32214223099419	3
-0.0314724407688169	0.415925720633105	3
-0.054302375105624	0.920985022196916	252
0.012765987318851	0.322034822754662	252
-0.120721862288512	0.2046467358426	252
0.011732317175234	0.322617805268175	252
-0.08345799299795	0.755274474115401	252
-0.024030299415859	0.424964882495467	199
0.00875447218836301	0.328282494069353	199
-0.059656398181595	0.773179962362823	19
0.076735215459675	0.665810779611861	498
-0.028829058767462	1.0442651313701	22
-0.083462407019921	0.720886270792173	41
0.007772375811258	0.325438977521151	41
-0.038362483850077	0.393782102442394	109
0.038000244673032	0.548633980044962	3
-0.107002983212957	0.402719366305578	3
0.04021758943692	0.552460832738107	3
0.085276422229502	0.44759440520637	35
0.08932578411326	0.4582379329993	78
-0.033229820153672	0.409641916751031	199
-0.114425130399732	0.388958111556889	199
0.00886551183397699	0.318098239885646	199
0.00840616347674605	0.327834638337436	19
0.00452383954276803	0.317178896767676	19
-0.024453262232451	0.427991047924053	79
-0.079199859129283	2.35245858451743	54
0.112434134351663	0.918148462908485	22
-0.004804070260927	1.13107348797709	41
-0.037576316483392	0.629242938821222	41
0.025527439281563	0.50349285773317	41
0.084797077780245	0.450073896007232	109
-0.097813598789242	0.492837604734771	109
-0.0288984710942271	0.713690344163154	109
-0.046455057459298	0.784866167411411	4
-0.118784876155715	0.29347590039026	109
0.027859683832183	0.533701138657017	109
-0.044717874509442	1.08901197482255	109
-0.121132486933725	0.287766397766942	3
0.088994815642282	0.454932127149402	3
0.00978734020788396	0.321078859102827	252
-0.1008564161822	0.6279190853537	252
-0.0294323196892951	0.417217167384954	78
-0.03253662285183	0.527924977588781	252
-0.123935389068659	0.296923126019998	252
-0.033229820153672	0.409641916751031	199
-0.11398780057699	0.39294130315175	53
-0.123243834950934	0.296094674641304	53
0.073213403734403	0.769343611317429	19
-0.122848200924527	0.197765865607588	19
0.007772375811258	0.325438977521151	79
-0.114276718414551	0.193049284343688	378
0.093751530108679	0.449136011538768	378
-0.119826751233896	0.20033713359998	20
-0.07204452731621	1.00655011764008	54
0.036127021541671	1.70318841024829	22
0.022035571558909	0.837598278750655	22
-0.120922247435781	1.12480543427618	41
-0.039829125854933	0.527963194682935	15
-0.099324811128184	0.491975895287872	15
-0.120470752247048	0.200512290479624	109
0.044730247665154	1.10659388738881	109
-0.00749041614523804	1.01957890188415	109
-0.036455791986355	0.532647873253525	3
-0.122522101369882	0.288856425839017	3
0.084899274863649	0.44951558752831	252
-0.112954200590882	0.395158484601291	252
-0.037958824475653	0.523610158387976	199
-0.104912354247429	0.393788869530451	19
0.097410363682307	0.421099134209054	19
-0.120721862288512	0.2046467358426	19
-0.120721862288512	0.2046467358426	378
0.0856082068062241	0.449424236114679	378
-0.116241654797934	0.382577259215586	378
0.024818489799572	0.770972763559107	54
0.116967472563732	0.905870084728122	54
-0.108699024014935	0.401838018874364	22
0.00750156625204601	0.318146131517506	22
0.01411816865816	0.642370148483688	22
0.097134743655366	0.431759258243381	109
-0.016437213157489	0.73231993627959	109
-0.019851203348223	0.745354213124264	109
0.026783688844049	0.732524006956623	4
-0.034261252788903	0.412302922510803	109
0.00943901268285097	0.32818137286167	109
0.086695649849788	0.445157579941614	3
0.089373321999868	0.444539623564822	3
0.00812291252661501	0.325881568855884	3
-0.116099593607215	0.292133013641435	93
0.00942601895775297	0.317584667311285	199
0.021265939948608	0.652655878305114	79
-0.12007848735221	0.204453168240212	378
0.00909059836539905	0.327734281589941	378
0.109004918077052	0.868432385835419	19
-0.119435230457575	0.200132268237845	130
-0.017060553480453	1.9470034548949	54
-0.027838149975028	0.70215632863668	54
-0.072141892918098	0.597238932241069	54
-0.063907253718959	0.694443005256815	54
-0.113630175023125	0.193276052622165	22
0.012417410319734	0.329143753734825	22
0.112337120907444	0.924534816428923	22
-0.118279527870211	0.377438918987698	15
0.082220389700097	1.17113443827831	41
0.019584741949322	0.75862498656853	15
-0.120891755803397	0.298662128853916	15
-0.119826751233896	0.20033713359998	15
-0.10477671982786	0.60899770230712	109
0.00452383954276803	0.317178896767676	109
-0.025061798314067	0.413129393062679	109
-0.120721862288512	0.2046467358426	3
-0.119182867405107	0.196262216603294	3
0.079780470746068	0.800585691382173	252
-0.123574647022214	0.295771445848541	252
-0.120470752247048	0.200512290479624	252
-0.120721862288512	0.2046467358426	252
-0.074309856529806	0.924758653382403	93
0.011732317175234	0.322617805268175	199
-0.117057501300934	0.204573630547874	19
0.03679962518532	0.538341118577211	79
-0.067783475794423	0.612802982536213	79
-0.119435230457575	0.200132268237845	378
0.017974949215518	0.752722122686721	15
-0.038381340633842	0.820071149155803	15
-0.124626848833241	0.296052996581659	265
-0.124957818002538	0.29214491437946	109
0.089864648498325	1.07444828780621	109
0.092660083201946	0.446088246323542	3
0.085179470879438	0.44141658961987	3
-0.100349115318152	0.380742446717612	3
0.088616189751573	0.456925526868453	252
0.016772687467053	0.321027945067643	252
-0.123905808367963	0.288787317827683	19
-0.123935389068659	0.296923126019998	414
-0.111954506295973	0.396409655309511	15
0.06693625548731	0.789527573212693	3
0.020003461881433	0.648677534217164	3
-0.032379504351586	0.410826767707317	3
-0.042316491568846	0.513960453611456	93
0.084085954980099	0.448795142168311	199
-0.058415615544429	0.635241523487492	19
0.024650360143	0.654400053225796	19
-0.071747805569309	0.615437592853413	19
-0.122191097904116	0.292287171637766	378
0.012075773970129	1.75122103102723	22
0.00861938385733296	0.628777689159767	109
0.086359693068408	0.665911974178335	109
0.017878494282764	0.65659816182449	109
-0.077314283873549	0.611263704125346	3
-0.02343107749234	0.624708664416368	3
-0.100963033521685	0.61265520736748	3
0.024994276866247	0.926678177888759	252
0.077509247352241	0.664407133516049	93
-0.045127463862392	0.507643998072878	716
-0.06796978426682	0.624637808577848	716
-0.10412678563963	0.624398779832314	93
0.033614175493625	0.545414563208207	186
-0.026209622154827	0.417912973999017	19
0.085125907797154	0.448129152533497	378
-0.011139790470766	0.746498151043954	378
-0.022069678914942	0.732158149740636	19
-0.106399702748969	0.398653970021843	19
0.089163788789878	1.8385093254476	15
0.0966729988369091	1.60966746960901	3
0.069244112164276	0.788152794763113	3
-0.0447854969513219	0.745680240786705	93
0.078378088582866	0.665531822003996	186
-0.111920115902973	0.388525924219799	79
-0.092484130062984	0.512463030759045	79
-0.114438496801935	0.393510583965143	19
-0.092296816800234	1.19137347183333	15
-0.065592581091241	1.39722945749159	15
-0.101599667536758	0.38809298115982	15
0.028889752429805	0.525479330195568	109
-0.0294323196892951	0.417217167384954	3
-0.114889341420594	0.391597854260817	3
-0.10123111079189	0.488280399687747	93
-0.026328300525129	0.425100287697521	79
-0.098767755591157	0.486146887600615	79
0.080394801760984	2.32579476586327	15
-0.00343335991993099	1.51562097062656	15
0.06119231660076	1.61739175426296	15
-0.03779670166035	0.525662017093757	15
-0.100980262689498	0.511388847155289	15
-0.071487670523377	1.37324458144025	109
-0.119091152272117	0.391067793028081	15
0.034347097150679	0.544677981574641	109
-0.031522616619881	1.48668954521577	109
0.020631959353878	0.817462777110365	3
0.088529903170921	0.671952146564912	3
0.027300945797615	0.947165692046155	252
0.121986764603228	1.35230184797412	93
-0.100980262689498	0.511388847155289	19
-0.124970425385114	0.193742464728766	378
0.00742174301786902	0.317804686004059	19
0.027601325876635	1.27696101662088	15
-0.0632390333151121	1.187901067054	22
0.078653415609113	1.34826836407681	15
-0.015770551888161	0.972217971591726	15
-0.03194148195683	0.981403404428462	109
0.059350016099882	0.957350232415282	109
-0.056353459615446	1.03856588996679	3
-0.070085122327751	0.863638434232321	3
0.041848111954455	1.01603887589674	3
-0.083214580777392	0.858192621527698	93
-0.109092566112378	0.70842287158265	93
-0.070629079324196	0.8673199482498	716
0.07871908101488	1.14971438285649	199
-0.014137324538276	0.832691832227085	199
0.084092270219981	0.672867397343046	199
0.079915006157393	0.654445462225397	52
0.04021758943692	0.552460832738107	19
0.073774451176248	0.791115987141819	19
0.018734415360686	0.761107091085182	378
0.011572474305851	0.681458845243841	378
0.028697382730825	0.527869002067604	19
-0.095185891275355	0.506996397152764	19
-0.102924981153959	0.907245142119519	15
-0.115141665755338	0.817382680235694	15
-0.08372185385631	0.772812922159755	15
-0.045547143389026	0.88181116940097	109
-0.114034307891177	0.977351994929023	109
-0.019272640640258	1.13255227981938	109
-0.03970283625772	0.818294386522964	109
-0.010490022032844	0.868416480654922	3
-0.053921059951343	0.729346478819927	3
-0.087687544374308	0.854306936239038	199
-0.097678618564289	0.780432224043472	199
0.082175905602813	0.669162122037857	199
-0.114147625983363	0.393196320481186	52
-0.00250201996587196	0.837653534207428	19
-0.09731335914373	0.808774691285835	79
0.030717300453258	0.654588675262321	19
-0.030230720147284	0.649256157954704	378
-0.00926199068313005	0.924461558472804	19
0.034357438903023	0.53696677600419	19
-0.018225388125035	0.826192717685697	22
-0.037039816615087	1.58830022785617	22
0.098000742306264	1.94151205186102	15
-0.100870202661315	1.00423640079487	15
0.044801432351757	1.4161033873278	15
-0.102210319925492	0.615286259474707	15
-0.069131290937867	0.618312757178347	109
-0.023037485570313	1.20363329825949	15
0.061263118268009	0.870189055567681	109
0.070117336348028	0.78664981572787	3
-0.015245861221033	0.812760450338769	3
-0.112735585443323	0.607103742920274	252
0.057650397467696	0.842126646694546	199
-0.09778182105926	0.504572439014241	199
0.091959040807685	0.662186590582787	199
-0.010897038995089	0.846954939758313	52
0.017506019689302	0.662700113483977	19
-0.0292883931190761	0.423026542946313	19
0.101490102793966	1.01650702349604	378
-0.0355857099760321	0.400693057924627	378
-0.025483822832559	0.422771113204543	378
0.090415369594655	0.454793894645718	378
-0.122191097904116	0.292287171637766	19
-0.024782153727625	0.635094534074715	15
-0.100351932694661	0.621818848568782	109
0.00708957620358097	0.607597499913027	109
-0.038565898610374	0.534936994706783	109
0.0197273316529319	0.758854540514484	3
0.084698858061634	0.676701602060253	716
0.080705394149255	0.440922559180256	199
-0.110180484039714	0.402819148243416	19
0.069166117268165	0.775189508476327	52
-0.054364131886664	0.952137513558154	52
-0.098423148235268	0.474846624899611	19
0.012417410319734	0.329143753734825	378
-0.071943354056653	0.775968739058214	378
-0.084673971939837	1.50271086849326	15
0.025713956325037	0.856146425634043	109
0.118664411674009	0.774352687163813	109
0.024342918618862	0.777749708676479	3
-0.106378240597545	0.712330813728552	3
0.043431823379131	1.01693526254734	3
-0.043646350473709	0.805033843720281	3
0.031551499012502	0.769300449282765	35
0.034551121397027	0.753252116284722	35
-0.102543807320217	0.831444449806068	252
0.088082079964805	1.17086316819203	93
-0.060544580801644	0.704815535240508	252
0.073042228869509	0.802315855081629	199
0.076215670204195	0.767282584637828	199
0.0646624978047921	0.89666396613836	52
-0.110273602534217	1.3529775251178	19
-0.119507930225573	0.300966095117367	19
-0.000885050710461965	0.923927528814767	22
-0.069499158576657	0.782832684544112	109
0.054708468255186	1.18728597585974	109
-0.124733126175297	0.916022241562035	3
-0.084889931095287	0.884552217514576	3
-0.10150728393895	0.998485173806609	199
-0.01149132739315	1.05615470393427	199
-0.004979137896583	0.990494486610681	19
0.102206558053443	1.00174242631369	378
0.064496468268835	0.769392497693084	19
-0.115133488042877	1.07748795904867	15
0.023120743904431	0.76125976886517	15
-0.0633836174689471	1.10567563815361	109
0.098012142589375	1.08921827902066	109
0.000541159553451021	1.06996061143984	3
-0.064961340666174	1.30717149618559	3
-0.073560740619004	1.03406236131155	252
-0.049443615279728	1.03227354745207	199
-0.102962910959523	0.763227691488004	199
0.078576927563202	0.434040893157636	52
0.038570054534821	1.04339442773358	19
-0.080480728355712	0.727031981187269	19
-0.092953689129786	0.914960908598298	52
0.0996715644320501	1.32249539242113	19
0.026783688844049	0.732524006956623	19
0.0959367398980801	1.20849887554631	19
-0.00166907132941097	0.937704662733552	19
-0.05913718694521	0.853181140542723	378
0.057923567814629	1.02629624487392	378
0.020409537197785	0.734034897587887	153
-0.068732632637883	0.615567196127015	153
0.082540356521147	0.777874039065794	153
0.045825232013326	1.0294863651402	153
-0.026409731086302	0.645275508775595	153
0.079697483840219	1.55499872425098	15
-0.077363021983144	0.709517194965204	15
0.026719104326008	1.81687290074634	15
0.101251257392589	2.25421373060885	15
-0.053416117262819	1.41011020849998	109
0.031318786775019	0.854275616367431	252
0.109831682729863	1.21179033425735	252
-0.062617315622878	1.17937431561608	252
-0.114975500223206	0.58916015212992	93
-0.097793625335718	0.997670170178167	199
-0.089289912709148	0.512441255534826	52
-0.057669142985173	0.923746299966025	19
0.074292745874469	0.873075293785819	153
-0.0757522615406701	0.607581166859967	153
-0.0320021270516691	0.82005255757504	153
-0.028690095629656	1.41529350344312	15
-0.082684457653162	1.01426237986132	15
-0.101114195818105	0.510291252307369	109
-0.062876356552691	0.862690051219518	252
0.00399322287625503	1.35027059029998	199
-0.117377999176602	0.682925739707952	52
-0.031285749904738	1.14281017850599	52
-0.11015757175759	1.50395360795662	15
0.121580724558383	1.31701994495363	15
0.075436585200909	1.77508794416954	109
-0.051773423021227	1.07048377731492	716
-0.051667029229881	1.02685241319256	199
-0.070829704640853	0.625077140769996	52
0.066935515883474	1.45816624747707	52
0.026917010315107	1.10961554335902	52
-0.010144852222987	1.52844452683274	15
-0.051827323262309	1.48964994597303	15
-0.099890939312591	1.14860223970388	109
-0.069727341343978	0.797777917748276	109
0.04147006093715	1.18972440400203	109
0.015783265121917	1.30691726953794	109
-0.113270501462759	1.19004400419749	579
0.011221139492656	0.639661861584748	35
-0.056216549049454	1.18915262176555	93
-0.097141179565995	0.891244576491328	199
-0.02249240242784	1.26040290917949	199
0.058138166601202	1.03803216941598	199
-0.0522363368770991	0.958213696917799	52
0.00299121940471603	0.826446273471081	19
-0.065893313728021	0.920482534869378	153
0.01192393706143	0.897116527880565	153
-0.074866622844712	1.16999648854573	15
-0.049004394413748	0.728984766251502	109
-0.109182564897065	0.850622003839819	109
0.093699978829657	1.07181714414491	109
-0.098378099089761	1.07061274549027	109
-0.013041405582135	1.15691734675868	3
0.123044836689427	1.24536461940713	3
-0.071415153182774	1.09937271694934	3
-0.00178657541527505	1.45262405152507	252
0.067564431985476	1.01959702022334	252
0.064645489905119	1.12480035536313	93
0.044796440661435	1.3049669132155	199
-0.116844363282501	0.587175818776685	199
-0.095673086109136	0.790158116854544	52
0.020865797372095	0.752247017809367	52
-0.044818426135257	0.507468694871069	19
0.08126445652189	0.687562930684353	153
0.031386665982394	0.553301550622185	153
-0.069921728611402	1.4562663124868	22
-0.090834612875213	2.08373955139094	15
-0.079510355912	0.767893805718666	109
0.00253693016953505	0.935611348417535	109
0.062889809027608	0.877009100988958	109
-0.113332727364763	0.6812255929741	109
-0.110182748815426	0.705014128773507	109
0.0277815989850539	0.954754787740913	109
-0.016842486403447	0.79721084726607	3
0.021337412357021	0.883006581648701	3
-0.079994319351381	0.711902514637505	3
-0.111192474457442	0.968767488148381	3
0.051106101411989	1.04080231642918	35
-0.122758901171477	0.716813917501054	35
0.029829304641392	0.879252308036966	93
-0.111786373944786	0.606659609076202	93
-0.04643612566707	0.517816233218038	93
-0.073169718544995	0.615450265216682	93
0.071303839849059	0.77141741612433	199
-0.080284557369373	0.597924505202497	93
-0.0157872549777141	1.4392294169887	52
0.031399140508912	0.743525757684447	52
0.089231086317118	0.661665460676984	19
-0.109313470266961	0.403148939981894	19
0.020756342613123	1.38174958446744	52
0.114962555444822	1.42567042140183	109
-0.029038326507742	0.98598730477807	109
-0.07278257040894	0.842209341683607	3
0.00620503488158197	0.999785698875658	3
-0.026459376166431	1.05490879136358	3
0.00466699234749202	1.31455318164488	3
0.05531128826517	1.13610947302123	93
-0.077686034685109	0.790408201966968	199
0.114932746797135	0.907248476898323	93
0.026701208297116	0.929096226205564	52
-0.035217376470645	0.881619274668319	19
0.022850293919204	0.93828793202295	19
-0.072572925653312	0.751797805425666	153
-0.060781008626669	1.02207032067635	15
-0.072245211273557	1.70590856347342	15
-0.061621633186895	0.942151835679278	3
0.0695212454247231	1.45795087338261	579
-0.082871920196023	0.864592913094312	3
-0.110032138125157	0.912907559474518	3
0.077943574617779	1.21170714218009	3
-0.074347096601965	1.08912908353476	3
-0.023395393261365	0.84985594065834	252
-0.083044270867245	0.768151217872866	252
-0.019599596823907	0.997105928289304	252
0.04496106466089	1.38140761086876	252
0.0769450141017231	1.47852932424318	199
-0.060613367471499	0.885865917767431	93
-0.07396822570146	0.701637982134156	52
0.06295518073004	0.96469426077852	52
-0.109414411051689	0.362962759703193	19
0.052205607451346	0.941104589496241	19
-0.041912468022114	0.531283003197959	153
-0.0891776680682071	0.511991886536057	153
-0.086095630519753	0.716365013504932	153
0.037939779464102	1.6420823824489	15
-0.119771948376291	1.07456088976333	109
-0.109838517477253	1.13153989834083	109
-0.094169429572183	0.849237115272798	109
-0.051319324464202	1.33524182883938	3
0.030017068422039	1.22272188131983	3
0.000252820238181961	0.930650503486429	252
0.049874560391857	0.984131467249666	199
-0.071336894663825	0.993487272742816	199
-0.063829079521297	0.795221319825021	52
-0.08433599447253	0.721182005153225	52
-0.09453724558513	0.621138924674988	52
0.05676304854879	1.03646182874722	52
0.021073191069658	0.768896321384398	52
-0.030710217051086	0.642438087514883	153
-0.043877281484056	0.512217659345899	153
0.029747524908309	0.96316649692318	109
-0.083462407019921	0.720886270792173	109
-0.069940154659436	0.944456008614492	3
-0.0800815596654591	1.11557578931801	93
-0.09778182105926	0.504572439014241	52
0.018200898164621	1.14714667129087	52
-0.065385281052069	0.608256063061475	52
-0.097320437973818	0.516556360556725	52
-0.0304434781019119	0.420206427354875	52
-0.040300411367066	0.526992065460816	19
-0.114689340207649	1.11147358580888	153
0.061868943746927	2.01190777686104	22
-0.093113367255565	1.35760965548464	109
-0.070760752158149	1.0114542102844	109
0.083105565775266	1.16548627075098	109
0.013543585936566	1.28942299899075	109
-0.093040897340149	0.844822432921882	579
0.068036494846722	1.17889772011435	579
0.021438831014891	0.930645190722343	252
0.029333694360336	0.956867102259114	199
-0.083956846653938	0.865647812417914	93
-0.106589747835019	0.690381353769324	52
-0.087854914006733	0.698806264524558	52
-0.080402596547602	0.704654043515017	52
-0.00731058382015903	0.826537767506463	153
0.039940877892035	0.5529712154854	153
0.0799353263582801	1.44925887901719	109
0.023588924343328	1.25407190300691	109
-0.044989700606171	1.0380592156667	109
0.075924588221048	1.04116349043388	109
-0.071705496482532	0.62805115644628	3
0.044084146391771	1.2633613455011	3
-0.096883442536385	0.681953999849753	3
0.0622982230327071	0.985231841161913	93
0.112235406743394	0.928223331774918	52
0.039663925429981	0.546474430422218	19
-0.086270440444406	0.796072908560074	153
0.122957123264146	1.58939629244063	15
0.00968103122138597	1.55888415005174	15
-0.099268646360822	1.33648518373723	15
-0.0748763364469039	1.5192555254418	15
0.028925506347978	1.00515211976656	109
-0.03496423169972	0.910935054992708	109
-0.075732070143258	0.773908187507803	109
0.011456512596447	0.983760018288391	109
0.124354590278466	0.898209950287979	109
-0.013710834526185	0.739128237666172	109
0.111723899276319	0.890925539678717	109
-0.041660942937414	1.21584516910392	109
-0.078337930996826	1.06283621345123	3
0.081870034940648	1.12976972969625	579
-0.00966531355017497	0.845944251267698	579
0.087510427374664	1.28334274696491	3
-0.10543524515407	0.852614391947846	199
-0.103581970728982	0.39764223884743	52
0.120857327616822	0.922301929657788	52
0.084190947882805	0.447291625950574	52
-0.030157754380931	0.414370626957019	52
0.029625179452085	0.534099035642897	153
0.034018020290607	0.546242984635318	153
-0.023588706376016	0.634421150653073	153
0.036692572754268	1.35450906387477	15
0.0184018054649669	1.3128170478178	15
-0.11322002072395	0.900567661494049	15
-0.099344322454758	1.65855190549023	15
-0.084186761187614	1.64832492571426	15
-0.038153084725234	1.54597052401296	109
0.040431624672653	1.10494889094487	109
-0.035792313317191	1.02424709072425	579
0.02826210784296	0.958605201503122	579
-0.102679160390019	0.833066097956987	579
-0.084254105015421	0.840907309286269	579
-0.015465297184374	0.759606567551711	252
0.015503681012037	1.25487736445947	252
0.0981214185228	1.32746723055358	252
-0.026454186223675	0.621895075229041	252
-0.0675398272587781	0.789081522079306	199
-0.119065264183784	0.67599957452279	52
-0.067357430422992	0.812259943082356	52
-0.00512173348162004	0.921141024108551	52
0.058669452220345	0.879091669954306	52
-0.063382077145448	0.61295913754942	52
-0.027804537357961	0.630953286750907	52
0.106536282682804	1.9591717051466	15
0.065137958007321	0.89637249290981	15
-0.0882210555479061	0.513967567725407	109
-0.02959077491368	0.421447022688986	109
-0.115470992085245	0.384142963622753	109
-0.110490807394482	0.584453869515845	109
0.022035819426218	0.654700631832681	579
0.065268183785571	0.876363151143604	579
-0.047837765825255	0.507553603091601	199
-0.06717130971046	0.618910001218247	52
0.088285444660843	0.450542101930708	52
-0.00870028565018	0.76127647682748	52
0.078500154552493	0.773353375278584	52
0.00840616347674605	0.327834638337436	19
-0.028559086856891	0.420807014068394	19
0.044283311755236	0.911181286140854	52
-0.051254705713056	1.24973261450231	153
0.012765987318851	0.322034822754662	153
-0.047255625828377	1.15148692784354	15
-0.087863996416122	1.05227237050858	15
-0.105725567771115	1.28159914790147	109
-0.067404391845492	1.39999743609589	109
0.11368181317746	0.725404906270829	109
0.023238062553847	0.766262607521545	109
-0.00662151167046798	0.852618172088147	109
-0.094364044501504	0.507022596066215	109
-0.022318714578298	0.643752005779295	109
0.075271571823073	0.787823533053047	579
-0.064314137654803	0.682313391626198	579
-0.110225485491203	0.600797774000322	579
0.112455597478031	1.18407551075059	579
0.0175999230178711	0.745944413664584	199
0.0725762671192119	0.869604872513047	199
0.112235406743394	0.928223331774918	52
-0.067717721693969	0.812297842385374	52
0.040128580175275	0.982399535118482	52
0.017026182104502	0.657233753343164	52
0.097618244944341	0.670527614212509	52
-0.044735047808401	0.529013381592479	52
0.026093380445526	0.931283544925565	52
-0.0341249940942801	0.402736575984576	52
0.029439705363721	0.545038320039656	153
0.031386665982394	0.553301550622185	153
-0.022394657630609	0.729715084198852	15
-0.020139449107293	1.06869600092835	109
-0.084440326589408	0.50694026643559	109
0.0823911373755229	0.792650836758357	579
-0.030972432475002	0.697136489328695	579
0.00016709544346305	1.00455543814048	579
0.0546156875245301	0.838107795721452	579
-0.049860065301283	0.725932977117036	579
-0.069953339763581	0.620073775037344	252
-0.09200624552978	0.514766716191613	252
0.06275330325399	0.755057603775707	52
0.06078653184186	0.877895734071109	52
0.02581183798292	0.872667259242326	52
-0.037487086055422	0.524565809593783	52
-0.105520150674666	0.404965141643064	52
0.0794549841674041	0.787988633709384	52
0.022514265276943	0.657677422701492	52
-0.041551495315387	0.519809811883964	52
0.082026561384644	0.654853465512333	52
-0.118184404810987	0.389223539374605	52
-0.124296228414601	0.294967233357828	52
-0.095190809817462	0.522040560839641	153
-0.108699024014935	0.401838018874364	153
0.030943912386905	0.523897214239086	153
0.0907946366100441	0.444442797197902	153
0.0127367162683431	1.61536676624669	15
-0.069177774406334	1.08505822693357	109
-0.06009980022071	0.890941346267281	109
-0.097310942876349	0.788170747703376	109
0.072645513645681	0.797024699349387	109
0.0841653355556	1.45702936049786	109
-0.010684697275482	0.995098217285868	109
0.027307507878887	0.908535828315688	579
0.038190348316173	1.02756290109425	579
0.017336037848278	1.09396012082587	579
-0.090707864909881	0.684779359832364	579
-0.090510328630655	1.01004768916466	199
-0.121670058790953	0.692084393180441	199
-0.109564950003164	0.614099511717734	52
-0.105356522272376	0.61755300858824	52
-0.018735846475837	0.737178126777982	52
-0.047574149351118	0.804905372213387	52
0.023005905121093	0.950683751689959	52
-0.080869423926429	1.00895873967939	153
-0.01082619934814	0.757290210345192	153
-0.101118661049337	0.616765747526562	52
-0.116984515491639	0.892190920281084	109
0.066300325144578	1.380404748102	109
-0.0941173518457989	0.831119516716054	109
0.108250871256926	1.16174567322455	3
0.088815910257559	1.03326705205774	109
-0.051090396459078	1.0311592035491	109
0.027030460848644	1.25993305943186	109
-0.046752082338489	1.18371315364202	109
0.117948687654814	1.0835346875258	579
0.0711397685117911	1.21927684758995	579
0.093132590690149	1.20505918894371	579
-0.0137630246157699	0.937755635457953	579
-0.075443416968243	0.770561738109033	579
-0.00563450988965797	0.977258378007847	252
0.091368481228743	1.22506075819026	93
-0.061321703300525	0.886909278968527	199
-0.013070032464624	1.05689813253869	199
0.104865838262379	0.991971426914756	199
0.025081655270547	0.951643932296317	199
-0.113819804993336	0.587001786704269	52
-0.063468642244094	0.870744912818693	52
0.074534680011578	0.896865977712879	52
0.063864098808614	0.868903578922383	52
-0.1036534430543	0.621470653789529	52
-0.027089355320837	0.639710854706525	52
-0.051132732136815	0.720279277552695	153
-0.034731238370324	0.899206149406338	153
-0.08644219704426	0.504538011962052	153
-0.104315877602553	0.604109707178858	52
-0.065531374950854	1.60812970669584	15
-0.118000859500283	0.843430572042565	109
-0.013641432623104	0.972239310118292	109
0.027343270837531	0.945336443060916	109
-0.044645469291142	0.774745333347245	3
0.023798214212489	0.862800315084127	109
0.048593844544722	0.941988575710234	579
-0.00606732302643898	0.92432121342864	35
0.094173244365888	0.997030568401619	579
-0.049037696531677	0.726783304528671	93
-0.03698008533786	0.625295607433254	52
0.031050679469165	0.757797985403039	52
-0.011907854924059	0.844879900615365	52
0.067414806448876	0.793294098791785	52
-0.026216557519406	0.64079833741099	52
-0.057630852332037	0.948793939950618	52
-0.1147491907607	0.657880794552461	52
-0.042787288301681	0.513035002154817	52
-0.036073453109473	0.973498259769241	52
-0.114957828637077	0.987256459022572	153
-0.079411991607301	1.34929116642835	15
-0.011086327056632	1.30704049146978	15
0.068640683682602	1.36306008129898	109
0.045960564031386	1.15870408925552	3
0.07743866149126	0.877080492407371	109
-0.00996775304884101	0.9215628527384	109
0.051703980092807	0.936833624940527	109
0.021509074393429	0.946198816144152	109
-0.044384064995598	0.821069301659658	579
0.031493738592843	0.825471132725323	579
-0.035992512769047	0.963432777880651	579
-0.0841893474686209	0.710484270922312	202
-0.112049157368161	0.681559390271978	202
0.05069185389387	0.940671523844573	202
-0.072928521740436	0.620903169987483	93
-0.026912110997537	0.955975594948599	199
-0.097745111907784	1.08839500120782	199
-0.067567382322254	0.810701577413222	199
0.070201843576118	0.895987944527913	52
0.110898391764458	1.00083916224293	52
-0.082576004588206	0.712871421162619	52
0.027617893437985	0.779880744281566	52
-0.021356761286314	0.712838173182062	52
-0.115995630544068	0.589568961820966	52
-0.055350812671699	0.729853301897633	52
0.094881016399517	1.09160088506826	52
0.07557214724913	0.804447331857247	109
-0.015241700214785	0.739776067182957	109
-0.033650824897303	0.642941618732948	109
0.025415820400057	0.669090049974877	109
0.0354965988411951	0.55347180722867	109
-0.073930961772095	0.629894167772146	579
0.025192720676486	0.778765172183534	579
-0.038292140337483	0.519094434393031	579
-0.0175415221536051	0.64083479017536	579
-0.071705496482532	0.62805115644628	579
-0.101529945733066	0.608035495511222	579
-0.0122234141920961	0.897869587998123	579
-0.022448602549029	0.882342017865204	93
0.035979958449559	0.541727140981582	202
0.081672060939422	1.45819877356573	93
0.037813434369778	0.542821614345044	52
-0.124266280020454	0.294908739994208	52
-0.045652500754284	0.515953562713283	52
0.084522008704454	0.446394414578797	52
-0.124626848833241	0.296052996581659	52
0.069962159668153	0.79091022849365	109
-0.0891776680682071	0.511991886536057	109
0.020751979926328	0.725576897789573	109
0.080335795480678	0.798444554896218	3
-0.029451746923824	0.64107296439305	3
-0.068257981618431	0.615502312088667	579
0.02820488652479	0.660453750856153	202
-0.03470005154337	0.527807105632637	202
0.023584547924423	0.515838191696823	52
0.082156909356245	0.65668398832397	52
0.073042228869509	0.802315855081629	187
-0.094737851070801	0.474402577202591	52
-0.010888248010412	0.384756793525606	52
-0.021360945041539	0.423402597857627	52
-0.0778317182224531	0.699088336192484	391
-0.092448274054059	0.501847831713161	3
0.012490772229561	0.645496909109551	109
-0.030157754380931	0.414370626957019	109
0.123137825020511	0.920313948577467	3
0.020873450287007	0.649719067569657	579
0.033444868287109	0.536772271173411	3
0.012853900044744	0.632946601102196	579
-0.011479989547	0.820181842179543	579
-0.026025506656963	0.423028670491374	202
0.012068746394606	0.328696223914444	93
0.086695649849788	0.445157579941614	52
-0.09317201125077	0.510184272206453	52
-0.020398133796973	0.972709591777097	187
0.018924033933616	0.644132458322308	187
0.00297405602099798	1.70766297440374	109
-0.032863252940641	1.35445828030988	109
0.024808206363742	0.85144235361401	3
0.120964404741298	1.08206238499988	3
-0.09282810399429	0.513707422040335	3
0.022396748588795	0.762055081517481	109
-0.080264928085468	0.77800486309846	109
-0.010417074969825	0.841341514228807	109
-0.065272750512174	0.623803078489631	202
0.082975843613101	0.653256088162696	202
-0.022955358195817	1.07021403088805	202
-0.032002661824078	0.641770399527513	93
0.09959870883683	0.66677641801765	52
0.03901517644747	0.551075900242577	52
0.084567716733892	0.445393732326038	52
-0.118689419333674	1.12470679414293	109
0.0192715155202789	0.824549612283775	3
0.032702328276856	0.762333828850186	3
-0.042787288301681	0.513035002154817	3
0.019682372734541	0.752357847737943	52
0.051802341180564	1.014906117948	52
-0.114800646478474	0.898759399587955	52
-0.109536857527455	1.23967199126672	15
0.02087097256255	0.94368542164376	15
0.046278179321259	1.11628272312893	15
-0.104867182697319	1.37543688564228	15
-0.015615639623131	0.744681785649181	109
-0.032434229659797	0.901851488129731	391
0.097688449337847	0.664513865564407	391
0.066961336243759	1.17704301035425	3
-0.012200797399696	1.04628290590095	3
-0.089890343710525	0.709511002934277	109
0.087711186817323	0.667912592005487	579
0.086150647652754	1.07445194749274	3
0.045410135205981	0.912360236057232	579
0.0251187056503061	0.870900523213372	579
-0.030230720147284	0.649256157954704	579
-0.016607936762274	1.32117480745596	93
-0.111954506295973	0.396409655309511	202
0.0673317622283121	0.783236303188844	202
0.00559867391618596	0.924304973964263	52
-0.041101672550329	0.593043234761466	52
-0.0102926541517669	0.844178192224943	52
-0.0292883931190761	0.423026542946313	52
0.00909059836539905	0.327734281589941	52
0.023625534381539	0.850282618703079	52
-0.102651902262587	0.502391557674903	52
-0.023786679842693	0.993531507936098	93
0.035578879635939	1.4081781625153	52
-0.115531837695157	1.14193753073354	52
-0.0294323196892951	0.417217167384954	52
-0.032075283949149	0.409526939072634	52
0.042114570000174	1.55138798020756	3
0.030644922945958	0.550966395926464	109
-0.109603146708022	0.406095402309846	3
-0.079927723902429	0.718338054947604	579
-0.1088536828552	0.598098622663258	579
-0.0548140477746391	1.26238086282636	202
0.064974841997782	0.764319308292306	93
-0.071269832256466	0.594370407843882	93
0.014102568757056	0.642540090411444	52
0.019260113472911	1.17033901057218	187
-0.033954714928452	0.832967825556584	187
-0.093196281122646	0.50442237838012	52
-0.03739430423371	0.907819540453043	52
-0.068110074837492	1.534550495432	15
-0.101026647790542	0.998636315457319	15
-0.037717063924262	0.901518149806927	391
-0.020829290015004	0.81348923548533	3
-0.071642536051427	0.795159437109802	579
-0.078348384955887	0.937626149504527	579
0.016295998704389	0.828526397307822	579
0.029190865520243	1.1511817511982	579
0.121054233596635	1.10201194417539	579
-0.053061904699473	0.730274527670356	579
-0.103517000729603	0.771936409518807	93
0.037227048261181	0.771873908953788	52
-0.042770561010928	0.597572452123726	52
0.085390897001802	1.05393159062651	52
-0.037106714623303	0.610440547663596	52
0.00188732218246401	1.11878912980334	52
0.088442859163132	1.40898057292898	52
-0.0602446869372401	0.948113488362775	391
0.05144096687154	0.952793722440515	391
0.072998105300746	0.85428331738932	391
-0.12358400785666	0.883086181306574	3
-0.077419978459599	0.963971758569581	74
0.055588921132494	0.961094722365342	3
0.037095741056755	0.948207328032261	579
-0.118785471881063	0.683026792767828	579
0.0996069398198161	1.21879460585342	579
0.0578180698547081	0.96115858460307	52
-0.056251095667395	0.795834235151929	52
-0.0744838408063	0.617614807528417	52
0.017327712723579	0.656095123204768	52
0.019100137670553	1.01364756960642	52
0.081042750046041	1.14057285264934	52
0.111381702721369	1.13633689336695	52
-0.101348585117723	0.499615019934429	52
-0.117891927861567	0.692024055828619	443
0.036719260799676	0.915400183774266	579
0.091202635119248	1.26606939125123	579
-0.073986574043823	0.875540393373922	353
-0.00611138518382104	0.885861753358637	353
-0.00495858065474897	1.00556869717046	93
0.011936079672522	0.907257902320482	52
-0.054614458723499	0.725720424920908	52
0.106403526459915	1.09675560931956	52
0.023951622031644	0.863421485813107	52
-0.080654200744233	1.24067454735426	15
0.0446568546378751	0.904920632026482	15
-0.010784375195619	0.947189620765703	109
0.022542094888191	0.775009377419729	391
0.061797188231714	0.888832115782283	3
0.017122151342269	0.749289078560622	3
0.005475241613911	1.13203086602784	74
-0.037040715199268	0.527978742738724	74
-0.119651342201479	0.38338817631058	3
-0.1117808132773	0.601964192180898	579
0.068707899711599	0.892103240863508	579
0.031386665982394	0.553301550622185	579
0.092626124335063	0.683952123844607	579
0.124776762784692	0.804766985294351	579
-0.054015560515257	1.82704447873547	353
-0.098027433791826	0.515283168116219	93
0.036236451984303	0.553322056275288	52
0.034157962747796	0.551807570960766	52
-0.047529693384388	0.515180181881438	52
-0.101574618633985	0.490472476537417	52
-0.12031635930597	0.829729588286939	15
-0.057893326954084	0.978163898738327	15
-0.091873037037571	0.510311584943315	391
-0.111375983154961	0.396238062835449	391
-0.097849646555054	0.854202776369404	391
-0.029548219012575	0.413375658663099	443
-0.120561387970762	0.298921264523275	443
-0.12097291845125	0.367650752037247	3
-0.03087004791169	0.410539051970586	3
-0.098980144573353	0.495673031204336	3
-0.073626225517693	1.06354117785972	93
0.0164810165711911	0.838080974906961	353
0.017457082715139	0.321052209534861	353
-0.103954681996576	0.500534947907496	93
-0.022574205701823	0.417915550557921	52
-0.116099593607215	0.292133013641435	52
0.085241823533428	1.17138207674742	15
-0.110756037743418	0.398595017758098	15
-0.107002983212957	0.402719366305578	391
0.030351990141647	1.35569314480188	391
0.088438444190281	1.46408917820701	3
-0.095795726958713	0.50810389520724	579
0.084190947882805	0.447291625950574	3
-0.027979141059565	0.417183999398403	3
0.00611851567085497	0.311560520911395	353
0.020262640925477	1.44940331168654	353
-0.063995866313628	1.75130128753007	353
-0.115769312169604	0.29455749951646	353
-0.019657576228154	0.386966312805633	353
-0.094973769534254	0.506267730706665	52
0.030644922945958	0.550966395926464	52
0.084567716733892	0.445393732326038	52
0.076986724286558	1.4480408632271	52
-0.115002290672908	0.402782387677439	52
-0.0615249420392771	1.186796768626	15
0.027671547952277	1.02451222222049	15
-0.109382038442224	0.707909926232418	391
0.104078690443871	1.3193586440597	391
0.049620273807699	1.1113970466793	3
-0.024657050189219	1.13527598576518	74
-0.091326030507236	0.686998707348645	3
0.079558904192088	0.78545201005979	3
-0.070401590941399	0.615533918674295	3
0.02368934718503	0.865613072472898	3
-0.045083115862904	1.48921691314489	353
-0.0954009261293059	0.811595014554419	52
0.014990651524735	0.64026662165842	52
0.11328666318162	0.922379590278269	52
-0.096375682817405	0.509416765580398	52
-0.099489328761737	0.935609879396696	15
0.061964641669458	0.956470069083808	391
0.000156103591616996	1.1518648813581	391
0.066935335687548	0.771289523204136	443
-0.1109352273311	0.608444364598563	3
-0.017142321965737	0.641187343530735	3
0.00959658937306795	1.24358643182525	353
-0.087278392117697	0.690203370611655	353
-0.10711707996435	0.691035989802854	52
-0.097026822976894	0.600424481448038	52
0.020873450287007	0.649719067569657	52
0.084622637940811	0.692667080726857	52
0.087844880054765	2.00398555825875	433
-0.076375636708282	1.29522891536282	433
-0.010817640898127	1.1844415673827	15
-0.085585502076872	1.14277427054909	15
-0.00639372895326795	0.924096321586532	391
-0.011907854924059	0.844879900615365	391
-0.096574377499401	0.677645288826242	391
0.100840977784234	0.972627543626028	391
-0.013301611765378	1.40387628045266	74
-0.099620506242464	0.625743005461225	74
0.071375709095033	0.777845962854351	3
-0.076154431226786	0.620561979419759	579
-0.059157019317392	0.684463538581012	52
0.029002754005004	1.01032945398893	52
0.025891819448345	1.41368326883075	433
0.023577429956025	0.93746469202069	433
0.04084422211259	1.26059482174751	15
0.023890210983574	0.643473884887234	15
0.02481371265138	0.775427504483712	15
0.075578474326034	0.626807150297356	391
-0.090422835601161	0.930678047751441	391
-0.077425896063674	0.729089248760344	391
0.078800279701597	0.679927817318929	443
0.012996390313308	0.737934702965558	443
0.040757187291415	1.18386589920975	443
-0.093530966644659	0.513964528884009	579
0.083800501921049	0.691379806822877	3
-0.060744224806835	0.883318455740059	353
-0.117602966647127	0.3927539949401	353
-0.024334960241455	0.415223428306775	353
0.029065406120354	0.522410040504314	353
0.0921301177511969	1.73031928671826	353
-0.113245613921669	0.39454887612056	353
-0.108813054356319	0.607948512777077	93
-0.0437805649881881	0.726677543964501	93
-0.040138091799874	0.522652332840345	52
-0.124537942343602	0.294783247808303	52
-0.11715391627713	0.287810286343189	52
0.10501694177245	1.69100762336307	433
0.062912054388899	1.1880566980724	433
0.092744631628484	0.986178278259879	15
0.059214505488098	1.30558008087043	15
-0.104613612010169	0.400798949910118	443
-0.039826010541051	0.615207981507519	74
0.0434473132240471	0.548074161289226	3
-0.087055215201038	0.516649721079311	3
-0.115950113214612	0.389412024245144	3
-0.092928165735443	0.50645434314104	353
-0.020936249083591	0.424059948076632	93
0.040294537723486	0.545359828985959	93
0.089704790378171	0.45623215537365	93
0.078905432493158	0.429804015896962	52
0.034157962747796	0.551807570960766	52
0.121946622965338	1.07886089663049	52
0.01218213137086	0.315374733043265	52
0.027675775174842	0.537501825176176	52
-0.115985122469185	0.279215798225669	52
-0.108416894658781	1.49065897978306	433
0.007270443666056	1.11114719957288	433
-0.00544472130766505	1.06601815302785	15
-0.106176532729343	0.464940625446435	443
0.011895582953794	0.643186427852322	443
0.039192782868978	0.544646747912458	3
-0.107665754165525	0.401689714279973	3
0.021711537512355	0.865621596321518	3
0.081609502421741	0.68093461835727	403
-0.024030299415859	0.424964882495467	353
-0.119381435511603	0.388366644170165	353
-0.0419956761376969	0.826184186941049	52
0.087468134642829	0.231473458137119	52
0.012708163609795	1.24427126252208	433
-0.095369175276602	0.615823780656991	15
-0.00705768765820503	1.37996638255524	15
-0.038898863395518	0.606203467481628	3
0.111345233264976	0.911424273318482	3
-0.114777356047391	0.356469978736079	3
0.0143290459570909	0.649002804987588	443
-0.090961676158585	0.52164232100624	3
0.022769662627313	0.766119403387875	3
-0.109231126305147	0.606698215745769	3
-0.033682895311161	1.48622895295716	93
0.032128789063974	0.553178039035913	52
-0.00672343124693797	2.15138441506848	433
-0.0590412620031741	1.63476240152135	433
-0.081378596734218	1.21197147888273	15
-0.000662267535418981	1.06471781175863	3
-0.11391858487076	0.774033900597062	579
-0.094221815893424	0.59459303554951	3
-0.11281937746105	0.773333747205125	353
-0.111190401755416	0.692537025383915	353
-0.030699275027266	0.897524182263783	52
-0.113544509311452	1.70889885224869	15
-0.057111043042902	0.850465745331571	15
0.066525622266345	1.09240758001562	15
0.00377394040982604	1.17720013609324	15
-0.00548002544353199	0.835679953913826	3
0.019490735502997	1.55928202214504	3
0.081034370126626	1.05285754330888	3
-0.00161398221610198	0.877352229031826	403
-0.018300636652582	0.725754747126448	52
-0.110928991418356	0.696621250443307	52
0.020061430918233	0.753549895655081	52
0.020395456151412	0.653896710880322	52
-0.039385749460096	0.935312591220097	403
0.088637344533458	1.0860601965562	52
-0.036270940023779	1.20684527775551	15
0.037306876897182	1.50256702478164	93
0.00366380670424005	0.933482745128006	52
-0.120110884825771	1.13297358358343	15
0.109692157741793	0.994795056378217	15
-0.04608954687121	1.02951597258733	3
-0.124008516009145	0.84027187536768	74
-0.101349664410981	1.12014606413749	74
-0.014303695962338	1.85871844909952	3
-0.0617448024276041	1.14661800617591	353
-0.123262222959664	1.13864548823107	88
-0.036576705095655	0.883749286134631	52
-0.112982204710508	2.36173898178773	783
-0.00255509729653203	1.51583210849966	3
0.109183459337152	1.87063773087677	353
-0.036134604109642	1.41500438905014	88
0.00213774868437799	1.36571071234869	93
0.048153049308171	1.02668415480305	52
-0.118233888560447	0.891561687734263	52
-0.102034910725528	2.03941811570196	783
-0.01877081612019	1.04654812604564	15
0.107779759031341	1.58342202318858	15
0.084115917941097	0.770013943057603	214
-0.083453545953646	1.16169610653314	93
-0.0278697201025701	1.4259815657543	52
-0.080402530080859	1.22720904335603	783
-0.043156852876088	1.43999344826841	15
-0.06571862699523	1.46795776420469	15
0.02538680085023	0.83566328873003	15
-0.104978648868777	0.623433909932465	214
-0.058960349341489	1.62317148784503	579
0.026278386263628	1.10220670531985	353
-0.077362617640411	1.36083819903623	353
-0.096649286811986	0.83477508224312	93
-0.066116543757008	0.964999277507286	52
-0.099499403827133	1.37701596670618	783
-0.096019840946768	1.08076151909463	214
0.102784605144033	1.84136934343829	3
0.118909821002175	0.91747686709131	353
-0.117691933549842	0.817491821863417	353
-0.00269773444377297	1.51338609407145	353
-0.105668605820273	1.44134451677066	88
-0.107553645840853	0.606873702619051	93
-0.123960831477785	0.761772674053017	93
-0.096314433565253	0.606253302399235	52
-0.07533638935688	1.86865410732643	783
-0.098144718178766	0.510710045939793	783
-0.0105472283356161	1.48654239552141	15
-0.070173009026905	1.39984220578922	15
-0.075571951861301	0.790893088550183	3
-0.088664678734493	1.32447325024405	214
0.025750840333906	1.18414849833596	214
0.000502267825498004	0.800027600309547	74
0.064857837403593	0.983899171976442	353
-0.016433394609874	1.2127030205578	353
0.058346395042097	1.94774736930754	93
-0.116402853704112	0.924501623054564	88
-0.0418534591493011	0.893099144358755	52
0.077538618787258	1.53033604233715	52
0.115976520931959	0.750703426397771	15
-0.033848461731013	1.60995750203564	214
0.05051205502458	1.00808068463535	74
-0.091528518170457	0.514454621162454	353
0.027264611728947	0.875070631330114	93
-0.076451793343894	0.982400120315906	93
-0.00905336723303296	1.25211642401388	93
-0.00676854044650299	0.855340814234427	214
-0.044152990759091	0.946648229163058	214
-0.064270546097065	1.17289600119257	3
-0.124373228632165	0.504673135986636	353
-0.085707737180304	0.851018933113824	320
0.0459252012913151	1.65662624430018	93
-0.119250628452639	1.0447631761087	88
-0.00822250794936597	0.988394542640219	214
-0.065525595959762	0.926392084888847	214
0.094006700019077	0.980940693006783	214
-0.052912316406427	0.737096831717494	3
-0.062827350193798	0.806230720066623	3
0.096054228108721	1.06605143419361	3
-0.061037434907211	0.712557683895882	93
-0.10725093468703	0.612459929259891	88
-0.0437079897641049	0.825254586507004	93
0.045276957752168	1.20109199199494	52
-0.070113298150459	0.613248777496853	93
-0.0891776680682071	0.511991886536057	52
-0.121060746500196	0.971090530449991	15
-0.098528494928716	0.797434280058085	214
0.100923863699945	1.07795789728159	214
0.023960213755845	0.77293188919452	214
-0.117997896293159	1.62643005504909	74
-0.014899326087661	0.841563706671009	74
-0.065525595959762	0.926392084888847	74
-0.00195154711117995	0.998341236812713	74
-0.075735288017849	0.76831537884385	3
0.070900699140195	1.08049258630247	3
-0.091492934611901	0.697085362919818	3
-0.0815269844598669	0.935762877383087	3
-0.091225534058964	0.796640130642085	88
0.109439772595599	0.904451491602209	88
-0.037419547994113	0.828871956601487	88
-0.107321382497882	0.70700790628518	88
-0.090778855610122	0.668481028839158	88
-0.072987071534269	0.599094473323568	93
-0.045207751839634	0.882739603867952	52
0.0552921054158541	1.30405846755349	52
-0.00936092282095302	0.837823018880849	52
0.021568457513475	1.32136355125445	15
0.00940162097840402	1.2210246047724	15
-0.11107672346369	0.92675008323411	214
0.00988360950778	1.12231549031739	214
-0.044310165626418	0.740895735763761	214
-0.043025500528166	0.79914218483758	214
0.1092765719344	0.972401459660088	214
0.0472076763110451	1.11961426690639	74
-0.01509772425867	0.941192867742202	3
0.107704441568668	1.15590984759665	353
0.00805660138213704	1.05771037932193	88
-0.078503099062858	0.782306419100098	88
-0.00514600078222305	0.847522455807676	88
0.067670479213557	1.62662624168528	88
-0.0127959202279631	1.23518121017329	88
0.041578001802807	0.99740024409434	88
0.039346725244685	1.08265838625873	88
0.052596350794895	1.07553280247067	88
0.022146224355576	1.0318587542096	88
0.023163254426913	0.923203822646661	320
0.017951178471156	0.757844565377999	52
-0.060809956266995	1.24493126786357	93
-0.00320617786581801	1.05830340640689	52
-0.060165006883165	0.689572230087162	15
-0.0239128427913879	1.37980727201531	214
-0.0739765288113951	0.715848187330306	214
-0.00832111544507497	0.734766953145882	214
-0.0388255212483321	0.727007195363181	74
0.026251403107729	0.842288070344209	74
-0.100378211958958	0.775074820109077	74
-0.117483421776775	0.744837374393889	288
-0.09778839754053	0.926420067620547	288
-0.014517498517551	0.748176586380647	353
-0.116960801634214	0.917153611677884	353
-0.104213424653737	0.697122653096211	88
-0.105356522272376	0.61755300858824	88
0.019274083659353	0.767641565126386	88
-0.092697359436986	1.06472978313982	88
0.076833285778513	0.784291247764311	88
-0.036156961593337	0.882436260306122	88
-0.00374274950752296	1.13330516101465	320
-0.060771802319024	0.695354527143069	93
-0.091440316784869	0.520622127497515	93
-0.048393531801493	0.488375641744346	52
-0.012031686475614	0.756040075633917	52
-0.104986137578028	1.14745131135815	15
-0.023508778738517	1.65094140594222	15
0.027846418750608	1.00482581584208	214
0.00375159838615802	0.837708146111724	214
0.027074409308178	0.854163618998491	74
-0.075231443343976	0.79330440113684	74
0.024283118553863	0.953269682830103	74
-0.082244996083794	0.716337879367524	74
-0.00253453182567198	1.01383637404054	3
-0.000067098340794991	1.07858196395592	353
0.030973847500124	0.985781943910557	88
-0.110413774641931	0.610428987191416	93
-0.028763193417785	0.705324668479058	52
-0.095190809817462	0.522040560839641	93
-0.062467951343233	1.02839027756798	93
0.068210747099446	0.980069096994656	52
-0.055113923689364	2.12960514619311	15
-0.095278320638943	0.612584369824352	15
0.0716703713350521	0.641762563153119	214
-0.080138866431558	0.707628613413619	74
0.022473881745194	0.85418284894009	3
-0.003237725437919	0.85871374265652	288
-0.017561255609165	1.07856680460889	353
-0.065077158419916	1.31089162249161	88
-0.066807151773129	0.684514990532659	88
-0.095185891275355	0.506996397152764	52
0.042244747935175	0.54539083400415	52
0.09239918365843	1.0419255044219	214
0.024871736387049	0.519346518078864	3
0.072095701691575	0.785170333022481	74
-0.10055206861287	0.476805250768921	74
-0.03614165246444	0.606140044833357	3
0.068707899711599	0.892103240863508	3
-0.0413753633142731	0.506379243131234	288
-0.0344692107143429	0.632823609083115	288
-0.039388533403373	0.534951224774994	353
-0.107456003811005	0.400733307570758	88
-0.109441305729829	0.400900683534201	88
-0.074306380492886	0.6176053231664	88
-0.100594595633601	1.55294450702139	320
-0.00143888909964796	0.306529488382908	93
0.00417380424795399	0.32214223099419	52
0.021205270977796	0.653627388627921	52
0.03446620991879	0.529013077066126	93
-0.031046961798901	0.414412559124827	93
-0.105910664998079	0.485696030731199	52
-0.116803569388739	0.200485458666901	52
-0.111499264011476	0.393873780167827	52
0.018532999666716	0.755349593948105	214
-0.090483791647146	1.15423801107027	74
-0.0938911713963591	1.36339508498099	74
-0.0874469649838821	0.753796724878585	74
0.080117211091698	1.40551918655637	288
-0.121498979375204	0.793375068298367	288
-0.01927819106497	0.924247965085709	353
-0.0824877666753901	1.27751960350821	88
-0.030424689520082	0.885677099370532	88
-0.01205745416031	0.918331858951136	88
-0.0139394895969021	0.841529081646637	88
-0.0935988019842861	0.793280412317283	320
-0.00687434590534897	0.739662989895772	52
-0.00739595225304301	0.997475649928897	52
-0.052797024613795	0.710743798178079	52
-0.122321482175942	1.15577413300286	15
-0.015792207509491	1.33555643527172	214
-0.107778681090594	1.0824008149226	214
0.065285370140356	1.21071697612734	214
-0.069827356135864	1.0068525292663	214
-0.057606621017366	1.10379777528858	288
-0.070618602293219	1.0110867567052	288
-0.030432462020755	1.10366902580051	353
-0.079403041857869	0.88757641526442	353
0.0535384937817191	1.03990135427261	88
-0.02650957368519	0.893017887598975	88
0.0533184885822891	1.12893523252612	93
-0.11406438456725	0.763068131168841	320
-0.094092160438847	0.846320949406032	320
-0.087657264088016	1.02247790739915	806
0.083694203507937	1.40526429487718	52
-0.036633630038773	1.12135847268371	52
-0.109459520772974	0.896561518369501	74
-0.124580260717352	0.910945666606815	74
-0.052573960312605	1.16836294550744	288
-0.103007190370477	1.02927335796612	288
-0.018254275046885	0.745427460926842	353
-0.080113240951601	0.862708610536247	353
-0.009731194203077	1.21672817452462	353
-0.07549999669115	1.00448724268361	353
0.026123364677181	1.03388141217966	88
-0.124277696547346	0.978087023345992	88
-0.00936092282095302	0.837823018880849	88
-0.06977846838936	0.803593860891257	320
-0.105500638764664	1.00200401748831	806
0.04631999988145	1.20669244296247	806
0.114682237621079	1.17816837231736	52
0.108975357591157	0.916458653056294	52
0.053901996024734	1.04593356065843	214
-0.063522906376869	1.0124663961217	214
0.10373288106318	1.01140888504279	214
0.066630999501204	1.30016949182449	214
-0.03481318911235	1.06407411419454	214
0.014773009251699	1.36092405648797	74
0.058350202591165	1.48425387522775	74
0.11745447608614	1.29595944420145	288
0.05568411035514	1.33393440835709	288
-0.024624580629766	1.33094867244761	288
-0.09414431446067	0.951511415207049	288
0.024567525712099	1.1061082270922	288
-0.011849058863845	0.760787599996388	353
0.033100341083903	1.19100086048244	353
0.00645511236862395	1.43592903574627	353
-0.100981558764786	0.997937092964031	88
0.026204907956525	0.938559342045555	88
-0.029625777332325	0.959580337395342	88
0.020873450287007	0.649719067569657	320
-0.073184333871904	1.10075134087494	320
0.082296664190336	1.23431757809058	806
-0.119159478188408	0.772678683395718	806
0.121511002438776	1.47637169989983	52
-0.086860779760244	0.614191350892388	52
-0.00388531519348301	1.21310614122346	52
0.073555994113252	1.22692545668442	52
0.090012724885448	1.25883087479703	52
-0.104673899153669	1.22634316011575	15
0.121161292601581	2.03645199302422	15
-0.117321091135971	1.01666241825749	214
0.05143047683011	0.914380016309462	214
0.025634329771516	1.0047592147935	214
-0.0414328496781859	1.40274241629883	74
0.039053813101007	1.44202987587632	74
0.043622036591877	1.47428618614829	74
-0.013436276014291	1.24916741742515	88
-0.089363217348807	0.701321150595559	320
0.040568381918811	1.17827405509752	320
-0.100956653248017	0.864601432400978	806
-0.00808891272087598	0.90212103871624	52
-0.097332289665237	0.835656226525489	52
0.114576586789005	1.83986168974821	15
0.047778574104231	1.28872404755346	214
-0.00365730804370801	1.62055510562302	214
0.00465440946763596	1.45702535724109	214
0.063476299249122	1.13705262563587	214
-0.038415908051411	1.05908700077678	74
0.104803869982548	1.83155134840338	74
0.031107815131997	1.47339550117897	74
0.01785666980525	1.46169019319171	74
0.065840317014314	1.29922834540801	288
-0.106708281206257	0.74853012527813	353
-0.00347775214993396	1.39644199554301	353
0.033290550411652	1.10369104581734	88
-0.100238477198376	1.07873540235413	88
-0.091507486970949	1.33065957605461	88
0.00689564061242798	1.15652238247152	88
0.026018442568983	1.3149048653329	88
0.028219005340512	0.874928203746783	93
0.027270134554789	0.768745963414319	320
0.056456470882475	0.933630879215036	320
0.095125104164871	1.2270532936625	320
-0.109807775028291	1.05711783598859	320
-0.0284497923384131	0.821145317818466	214
-0.1138097593031	0.690916814689943	134
0.100556520869068	1.22106487070477	88
0.029187894045408	0.932421937208066	806
0.030795978871879	0.940883028112286	806
-0.081628425754784	1.06854570219762	52
0.025036237031804	0.835615301788262	52
-0.019092049882517	1.12245978863457	214
-0.039475771320347	0.839898094912862	214
0.054169708315001	1.10112003854082	74
-0.022523620461517	1.35592534876596	74
-0.113375855128123	1.09326858172485	74
-0.078066229398173	0.896826313344965	288
0.036751932802073	1.22195317224597	288
0.00933929838191405	1.17505701506941	353
0.089731434994198	1.39376920222023	353
-0.0813067470649011	0.924173271280088	353
0.082110692770933	1.16059097035437	88
0.02059739902991	0.771271654067536	320
-0.0963410883088141	0.627610183845662	806
-0.045923274277858	0.848587025693358	806
-0.12456872462296	0.955262703098807	52
0.020685514047918	1.01737386496436	52
0.019521709673561	1.35252686936035	15
0.078525153423077	1.28806963724749	134
-0.0415336714217121	0.799265255130222	74
0.073805235846608	1.21131428860068	353
0.081672673971703	1.03438877829909	88
-0.086649762773776	0.745972592533309	320
0.023867201284132	0.78018380428275	320
0.026280247325859	1.11813625419985	93
-0.081587502437814	0.760106377284287	806
-0.046045159799723	0.817775758017304	93
0.075128253797247	1.33969850783291	52
-0.02761846037803	0.977542352893232	134
-0.066939669662606	0.962530791657116	74
0.092777066863284	1.55963597443668	3
-0.073694084153893	0.880873974083195	288
-0.052911526639331	0.795659521331445	353
-0.042048917540049	1.11971786977279	353
-0.060079649651272	1.09365396984702	88
-0.117813219730375	0.904905942359228	88
0.112476031359888	1.39525609856396	88
0.053697035048602	1.0584281771745	320
-0.055321038819741	0.931809323462193	52
-0.084182482958206	0.837660139110634	214
-0.099732661040274	0.974286870875054	214
-0.055308875680806	0.729772286551356	214
0.033495973451499	1.04401397041226	74
-0.103479171699329	0.762392225149206	353
-0.028568982349363	0.92940987616845	353
0.1012498074472	0.93380890060659	88
-0.0983698037695649	0.912455316678146	88
-0.011291244853696	0.829665549106238	52
0.0454980951929001	1.20279421126782	52
-0.116741700551816	0.693528542777532	214
-0.086936066724521	1.08884300949853	214
-0.0102522569842	0.737717231016494	74
0.112277912657155	1.01429702315968	288
0.066567606717726	1.80263190051734	353
-0.0409536699604161	0.96917733260226	353
-0.0800780814765431	0.707939950386562	88
-0.048066276875703	1.18743870141613	52
-0.026025506656963	0.423028670491374	52
0.00818374935076405	0.319544659896984	214
0.117005381872735	0.774079504178559	134
-0.115291218989859	0.400505603624498	288
-0.110924008805168	0.402758400025852	288
0.092660083201946	0.446088246323542	288
0.091950234716642	0.442840015490109	353
-0.115745638521914	0.399820703421018	88
-0.032379504351586	0.410826767707317	353
-0.09749973100214	1.8588006292546	320
-0.119435230457575	0.200132268237845	93
-0.070392621456989	0.668602667514183	93
-0.035008408067692	0.531205745617033	52
0.021686800266577	0.657201830970523	52
-0.0284005988370381	0.416542911920855	52
0.022992557161611	0.657173010031935	214
-0.0315224730750721	0.643035397186457	214
0.075438368808213	0.663668314735321	214
0.00716492603889596	0.318417479052015	134
-0.112414326143286	0.705707564182259	288
-0.035429683113644	0.634337172543816	288
0.00750156625204601	0.318146131517506	288
0.03567971375631	0.544924018710504	88
-0.062357362508799	0.789859681297864	353
0.080097957524745	0.683977896422836	200
-0.019055652498749	0.41596898022036	200
0.03185081996345	0.549272454118196	93
-0.120330303455051	0.199948663374727	93
-0.123489671262306	0.194848034708994	93
-0.024623101416977	0.416649861080534	93
-0.081127764997197	0.777257830360198	288
-0.103922307478126	0.769402421430969	353
-0.106169219728257	0.698108381005571	88
-0.025232021616997	0.796409169381232	353
0.0144488330285349	0.998005797476414	93
-0.041419068082806	0.932725654786179	320
0.0999625905720361	0.995202127558333	200
0.118044250463117	1.84529007483663	93
-0.122871033663295	0.967657807782948	52
-0.103942627615674	0.829225247662651	134
0.099654670765076	1.32838357692444	134
0.105361635231923	1.49553654374423	134
-0.034224955719803	0.85961063800857	74
-0.104458698258157	0.840893923432353	353
-0.0983844973510431	1.10883815832785	353
-0.113921247215117	0.900810965225601	88
-0.096447185761504	0.91545647624665	353
0.114137700140579	1.50128475759489	353
0.028623331588766	0.955926448245845	320
-0.100970901921838	0.768983931611614	93
-0.0819180145123261	1.14143954211897	52
0.098654356520917	0.999962740976941	52
-0.000144191276627015	0.940545495527439	134
-0.122336281285206	0.769058434542534	134
0.071229860084675	1.31063109281217	288
-0.11557364305265	0.731827270036298	661
0.021158188717751	0.770100642497965	353
-0.05925735640098	0.70945739163149	353
-0.035437495931224	1.0021498540727	353
0.000634973371517966	1.00808463832851	88
0.081565514843795	1.15426085835859	353
-0.108123010310163	0.600114227897738	93
-0.094033975702093	0.781362430214358	93
-0.034080626812568	1.06411754623581	134
0.074219680378761	1.23613889348449	134
-0.00257590870781499	0.912547909965481	134
0.089603468972032	1.29673203898811	288
-0.0916367894094689	0.93899087680802	288
-0.120183051775438	0.916306153326875	288
-0.096448292773643	0.804424069664436	288
-0.021090069936367	0.806581363894266	353
-0.017624279895347	1.04464972311646	353
0.062773616304732	1.27272843520709	88
0.062380285582277	1.0684946915412	353
-0.121064146307103	0.769168576390327	353
-0.0288991475346571	0.972625824542365	353
-0.0144193331358981	0.843331137119416	93
-0.118874662351057	0.681663672728378	93
0.113412514724327	1.25003991769789	93
-0.076220874476399	0.838806412349743	52
0.101140349555041	2.35421551119624	15
-0.097826440036952	1.11232149131096	214
-0.080810902454128	1.05420770649116	214
0.027274286612489	1.45404730676606	134
0.058561571970843	1.11779788763603	288
-0.00735785237182496	1.05316972512864	288
-0.083255890215726	1.04605540308354	353
0.028180961804015	1.0879776103749	320
-0.00929734840588703	0.76168991575566	320
-0.015240595724763	0.888396298320773	52
-0.09508876047598	0.792183742197611	52
0.032114535194926	1.23665402821255	214
-0.114254432208809	0.780110607445952	134
0.024937236987896	0.985723188991403	288
-0.089742245394786	0.860552828141437	288
-0.075655744527708	0.724220378642759	288
-0.109751126495286	0.595997217078044	288
-0.108378170539172	0.603160567172313	353
0.022332993346563	1.01866926005959	93
-0.102476259569975	0.398106767264552	93
-0.049062576577497	0.947856340298268	93
0.069482942623619	0.789395043716501	52
-0.115114732419559	0.99858784574139	214
0.059236862842984	0.98141183158332	134
-0.110280622148634	0.926129178175049	288
0.087203347288097	1.45337539036087	288
-0.082299392321998	0.909213068012509	288
0.0000450378196540369	1.14804913755036	288
-0.108470948402346	0.842777001647143	288
0.014110682655908	1.21630270119232	353
0.022039430914565	1.23300020860293	88
-0.0472587500637069	0.873674920935573	353
0.0621503401476871	1.27614964252581	88
0.028704640587527	1.18617617455036	353
-0.113568190238055	0.829529665271143	93
-0.06774355929119	1.03413070432343	52
0.020372403950791	1.01277074113996	52
0.0477716878162851	0.925939350550805	52
-0.041904384830166	1.1108190231373	214
-0.082952208312757	0.922664485693429	134
-0.113683783874038	0.834164251540915	288
-0.099600900830528	0.918330645576817	288
-0.119077092747118	0.897176506123858	288
-0.095164231580417	1.05266540172805	353
-0.113557824439356	0.918228848125068	353
-0.017872284420706	1.12656741902405	353
-0.114659783533121	0.693774834475748	93
-0.086249304884907	0.996053941707873	93
-0.016072285848274	0.830865922999131	72
-0.113493521533417	0.776285210891443	72
0.094988327326884	0.982096926643724	214
0.061184593172762	0.970145673807965	214
-0.120521918596562	0.764295709076756	288
-0.00752071076726602	0.761781220566804	288
-0.051145010235106	0.974877984867575	288
-0.123300906894456	0.885356414320699	661
0.102614325287499	0.982546559174673	353
-0.00484725133278896	0.983326618739013	353
0.061635308535768	0.938153289767495	353
0.027242343493707	0.767832583728665	353
-0.079068376099106	0.777708742097011	353
-0.075369388711363	1.24685772181647	93
-0.0891879206692861	0.861214662339442	72
-0.0729782800723831	0.71541613992999	93
-0.084018410333079	0.938611589692312	52
0.056577268868374	1.80697968916818	214
0.068469588986344	1.33215107366817	288
-0.094346483750803	0.85927280481257	288
0.034018664039718	1.13605399115242	288
0.0561364776448941	1.29901306405523	661
0.00128773382932001	0.922058543624651	661
-0.080328039901196	0.950775961434012	661
-0.123733528412127	0.910562199028903	353
0.017207546839048	1.13605972184313	353
0.11418775641071	0.903126750565283	353
-0.124680212885537	0.755468644069044	353
0.02826210784296	0.958605201503122	353
-0.105517672749682	0.929209477172765	241
-0.068182353946058	0.609855203751878	72
-0.092345978612105	0.784227748717772	72
0.01065552875839	0.982876586078889	52
0.050721181036602	2.37925214936956	15
0.013587978596619	1.0302028136769	214
-0.048523927539765	1.02313401496831	214
-0.0801667622171	0.606209232757292	134
-0.099020698791903	0.61518115716258	288
0.094447413355812	0.976766133300987	288
-0.090477071060347	0.6591079534883	134
-0.108258906635228	0.707372523325882	288
0.0256505848331851	1.03174186834104	288
-0.058005755932015	0.892112826935417	288
-0.092087469801175	0.927581584798858	353
0.123671602742509	1.79229643430612	353
0.05671912303877	0.813628553600242	353
-0.0286425875031751	0.62658168782826	353
0.023391337713349	0.778633713141973	72
-0.00996775304884101	0.9215628527384	72
-0.061009292901627	0.625978774553725	93
-0.038721386782854	0.617644119467877	72
-0.029708101006714	0.883284992900009	52
0.076847403067554	0.804581336147306	134
0.060039079293579	0.938810169738197	134
-0.0207973324502601	0.749173886577444	661
-0.109841178903513	1.57292623716337	661
-0.11398780057699	0.39294130315175	353
0.070531516165783	1.10034210658767	353
-0.082986405276098	0.593255363196947	353
0.029700115453715	0.75330506078482	353
0.061400271532802	0.75853639441214	93
-0.093541740841534	0.50520965507092	72
-0.121860445591903	0.287107752008804	72
0.055971520448191	0.845468865552231	52
-0.030111472887547	0.629383928812186	52
-0.031154080488967	1.01935015334558	288
0.118656034894265	1.70157833253759	353
-0.117947744912686	0.706781464954024	353
0.03516695530162	0.862696905008384	353
0.066149559124409	0.782608429161311	353
-0.076674542878226	0.778363106692808	353
-0.078953574141748	0.86239710984809	72
0.120720217483916	1.92314034598823	93
-0.095423917051166	1.42379867349907	52
-0.090368757376601	0.705097927315453	52
0.034669868754859	2.08564249848707	15
-0.029897030454315	1.26429026349372	134
0.105323785844763	1.58660219050789	134
-0.042319345705467	1.54058470852761	134
-0.06142835960951	1.15836949124499	134
0.058579798230932	1.13110882794814	72
-0.008923360225087	0.827113224120278	72
-0.100038536369151	0.865964621516056	72
0.010070622290736	1.60181487553825	72
0.0243310601443441	1.34037180160697	288
-0.056962197861882	2.00610906893733	214
-0.105911375913055	1.12490676237896	134
0.045376247559454	1.59888973439982	134
-0.09517581109677	1.13118972881555	288
0.049034209221659	1.12739931206	72
0.071800176335974	1.84358709614927	161
-0.042231712406811	2.38955360718299	214
-0.03979285720099	1.85699796570447	214
-0.120063096442459	1.25770413519398	288
-0.118506730713488	1.19571746491354	353
0.031556734656125	1.42992127845114	353
-0.045944523999484	1.35612675770747	353
-0.117147881995464	1.13505264258755	353
-0.0874605337760061	0.890973724692155	72
0.00593391508995	1.39288863708887	72
-0.034513964679354	1.36801557003898	161
-0.0938488279267899	0.981837987777052	134
0.110580264005582	1.53307656847961	134
0.087098591445231	1.83109363894017	134
-0.063194427325356	1.21278326352561	288
-0.08328462677473	1.24889100926344	288
-0.049601958474148	0.731773291734505	661
0.107548135450514	0.959674223595603	661
-0.112950985532054	1.076240272781	353
-0.075771169190955	1.15002724898138	353
0.02673460525877	1.27066132146487	241
-0.056028757216227	1.1834681812784	241
-0.102591467546566	1.57280854193042	72
-0.051423403396882	1.20758788211627	72
-0.123045361871127	1.07586295049692	72
-0.070863734360741	1.13840484017194	161
-0.074314321312935	1.1057044885635	161
-0.088388059164058	1.22977581356687	288
0.030495026363248	1.60641300495044	353
-0.073699477630627	1.77845121843469	353
-0.113342966775861	0.722685730535579	241
-0.123696385607027	1.36418005063793	241
-0.054938398260886	2.05280342862655	134
-0.078107702933498	0.708797959335407	134
-0.016271228385543	1.495138840006	288
0.103607299309472	1.05383631271725	134
0.062620174599214	1.94798774395963	353
-0.0987205974434739	1.12032084242708	241
0.048931604177594	1.66134529262371	72
-0.095205323360074	0.757951890535268	72
0.0469362831535	1.66952932230045	134
-0.088711184364854	1.38297001806431	288
-0.000626540137979026	1.85125244901599	353
-0.00862790343625997	1.35795012058253	241
-0.049548066084529	1.30215189621187	72
-0.0984082037621899	1.27516855617536	241
0.112248519238184	1.74249105405405	241
-0.107961897715344	1.36261224918206	214
-0.119741693000361	2.49651912088331	134
0.094713516508011	1.22240535947585	134
-0.112625454588443	1.22591590267206	134
-0.042400925328751	0.972145319040705	72
-0.016118049485048	1.13737906417106	161
-0.070884366900012	1.26390335842139	161
-0.012266085844728	1.7308565033601	134
-0.0846356882913361	1.36277192221181	241
-0.112894248462466	0.705493183905894	72
-0.067717721693969	0.812297842385374	72
-0.0719372905145001	1.20984974898377	72
-0.103601630483224	1.32821541884032	161
-0.069968206449898	1.07491093557529	161
-0.019851203348223	0.745354213124264	161
0.042550726487368	1.4707350069599	161
0.0294938898055011	1.84403153865533	134
-0.049199977107191	0.842944107127368	353
0.0861079772375351	1.23691070192171	353
-0.006925102646967	0.740701802926499	241
0.05517862897225	1.20799863363316	241
0.030472988559044	1.10535493586494	72
0.059393799606938	1.108329580075	72
0.079067344072375	1.2091542072508	72
-0.00247678948379504	0.917840213118299	72
-0.047203112331016	0.729545802083335	161
-0.086120749950848	0.993387688367411	134
0.062661597285553	1.36613214926012	661
0.012474120325763	0.812806432575903	134
-0.042887081905808	0.730612437703214	134
0.057962165638813	1.20965032089271	353
-0.079988487221729	0.837864324724674	241
-0.015813348547762	0.756106424684139	72
0.094146989400866	1.15996553280961	72
0.074961024334714	1.02365123312229	161
-0.078571819563074	0.916054801635093	134
0.023901801287286	0.920581221485915	661
-0.094679734358632	0.928765130216378	134
0.044785346269383	1.00762637657341	72
0.080214141054652	1.1602161319154	72
0.0794549841674041	0.787988633709384	161
-0.026889833385475	0.967962645850733	161
-0.067546928279084	0.783320148248571	134
-0.053612510364596	0.609279864046003	134
-0.043875429246125	1.3996574601354	353
-0.022623532212765	0.733722918970926	241
-0.060161674795246	0.694952900311694	72
-0.104641727990594	1.29199898965342	72
0.023441966003076	1.92048147552735	72
-0.023575531044148	0.985299032315909	353
-0.11647925245484	1.47026719735278	353
-0.092756977782927	1.90122289274822	241
-0.078832868084353	0.929017756294179	72
-0.095673102305586	1.11037263414626	72
0.014753233484981	1.06035009745344	353
-0.105713301806545	1.04088711624582	353
-0.019253782495803	1.87260607667694	353
-0.094886237052033	1.39165548953609	353
-0.068077815403915	1.61330317373208	353
-0.074622904545707	1.57131726456524	353
-0.115953413796137	1.50619489032705	353
0.049271661368525	1.55124061776358	72
-0.045392979286955	1.13256202642981	72
-0.099245563582529	1.991066061625	72
-0.015114678725129	1.14559061990694	353
0.07175251277266	1.13040194108018	72
0.00188826507398698	1.43187207301034	72
-0.118710965845126	1.2884982426368	72
-0.00792191443173496	1.22715085785709	353
0.062721833375876	1.53748845952328	353
-0.015748906215065	1.54284805921863	353
-0.010756405853513	2.03485806232694	241
-0.044593765195324	1.20126685338637	353
-0.024156284635822	1.8395182667859	353
-0.082438914274967	1.70266282634189	353
0.024492307757135	1.32750743991291	72
-0.035205309821958	0.89731996153867	72
-0.012313316697558	0.982554026148331	72
-0.10358993282486	0.702125034835295	353
0.007034920182308	1.91115465981461	241
0.097154397154298	1.69258650827658	72
0.084767851839504	2.35254359276232	134
-0.087156207513503	1.94346726441483	241
-0.062989254611007	1.93242190181346	72
-0.108042075049486	1.31209642066375	72
-0.117130681325386	1.08162272052775	72
-0.100688445885421	1.70420760034965	72
-0.105508268656286	1.1639884174932	161
-0.028550500842162	1.36856331592989	72
-0.056283847710238	1.93359883971754	134
-0.052515168332266	1.01339024615931	353
-0.099968018519391	1.22902458119744	353
-0.119171391843675	1.26063114920508	353
-0.10660511642018	1.80305647813574	241
-0.10039194185124	1.8261386463662	72
0.050263885902211	1.8954991104856	72
-0.076332063229443	1.91200365860255	134
-0.0771710241304781	1.82161256576704	72
-0.00977224209319205	0.754964969834358	72
-0.079073052851437	1.85370652093822	134
-0.103214814186336	0.912088261324292	353
-0.061278611363264	1.01912045545826	353
-0.073560103619874	0.988666797730125	72
-0.092416204992818	1.23914978069477	72
0.074044783756075	1.9529705705434	72
-0.077195385158205	1.02143303080964	353
-0.103661886710032	1.08493345351938	353
-0.047825309980526	1.3482058386727	353
-0.114112177241465	1.4290318226757	241
-0.090988442573837	1.21914923725323	72
-0.054991628022686	1.80995165624173	72
-0.041069761868285	0.969585654994485	72
0.086958671307583	2.28371199527723	134
-0.08296805853645	1.62374668732977	353
-0.070013617420958	1.76860867992794	72
-0.088504491512842	1.47104771044709	241
-0.118977858570495	1.14582785180258	353
-0.011564975234665	1.49969333963593	72
0.108162554418706	1.79563825612985	72
0.084436557570607	1.61612931068655	72
0.112365547816058	1.6510970145482	72
-0.076734814058772	1.30068747544356	134
-0.12202557127998	1.35482688062107	353
0.033593818200102	1.4029984386513	353
-0.096348010521397	1.06252890494182	72
0.034520960006163	1.57546302191016	72
-0.107879074220743	1.21525171371579	72
0.063176029228273	2.06676897034374	72
-0.072397626111755	1.38340021871601	72
-0.122550502701353	1.06534764344586	72
0.04715993520916	1.81468781934278	134
-0.08902401392129	1.36532553944492	134
-0.00487442048594	1.15545597873196	134
-0.096603978938155	1.12850782761177	353
0.033665447351097	1.42605819330078	353
0.00816641078226499	0.988497240086744	353
-0.102062870640995	0.850577733384464	72
-0.0550033062059771	1.48279796824848	72
0.011066172256022	1.33143126965956	241
0.065118381467621	1.28661132781012	72
0.085151517047442	1.77690327971885	72
-0.076974814760934	1.1033080273243	72
-0.017895600103644	1.22286974235255	72
0.122905336859486	1.6009098524938	72
-0.123832789497348	1.37577787796722	134
-0.115467679812451	1.01324331092372	134
0.0842789365818289	1.43809007051729	134
0.026719469484206	1.43169433549991	353
0.0981441110065	1.47738935194055	353
-0.091823372799014	1.19795686896751	72
-0.079557915864012	1.20322847543442	72
-0.084093126478705	0.856049003555693	72
-0.0914086607467141	1.01713566838648	72
-0.068683125847116	1.03929663863204	72
0.072372107829745	1.29307558492582	353
0.019090275088942	0.915443192240326	72
-0.025154887789157	1.05844144914453	72
-0.115744040443969	0.991093725012909	72
0.01492875756464	1.16782625010061	72
-0.047438247709106	1.18384361786727	72
-0.094825665853875	0.904214473248237	72
-0.105335238685222	0.841376287721005	72
-0.049635843573353	0.897381946904797	72
-0.116935322101231	1.11186872062885	134
0.00503471314516202	1.51418861899649	134
0.037085336449911	1.26500670281624	353
-0.063635190640764	1.19809847636246	353
-0.101186818995917	0.981380598842494	241
0.048846785793136	1.51722843759597	72
-0.0872341708132201	1.08214864507899	72
0.019391824765152	1.23219627031898	72
0.03063203685757	1.25271043643856	72
-0.07651450973897	1.29889109022589	72
-0.04153380782865	1.1921536168491	241
0.0847473212323649	1.38303833793895	72
-0.117761088701494	1.19400244984249	72
-0.0449649645140851	1.55228037059509	353
-0.053825039446486	1.39212637059901	353
0.0000255299907170325	1.15391355321455	241
-0.0140274402246779	1.22403395692045	72
-0.111660941885272	1.40801465782459	72
0.0156743067330281	1.40042693356988	72
-0.040127029077109	1.40464621476959	134
-0.000249102329298978	1.82212074249829	353
-0.0253141160009011	1.35540330948212	72
-0.074303521332713	1.4901433542386	72
0.047674594883819	1.12025502551743	353
-0.038369000918942	1.37413388263471	353
-0.104615240304473	1.20035244283679	353
-0.05126147816709	1.85654002452364	72
-0.091127662064509	1.7136764474942	134
0.048332850712281	1.6770379530053	241
-0.071050225433559	1.96861366484617	134
0.067194860276683	1.45766955314611	353
-0.028968900080222	1.85430569011499	72
-0.090991026053147	1.47610436775461	353
0.046412649545115	1.163729496226	241
0.107290619661679	1.98100888682174	241
-0.017006342372313	1.1156003907326	72
-0.03673659880934	1.00567479250401	72
-0.092133137598942	1.66613929015539	72
-0.123907858731202	1.49784398751996	134
-0.05969314203024	1.34784986522971	353
0.071200620254656	2.44627056793918	72
-0.100862094525945	1.35410258368876	72
0.017698951908882	0.990267915464683	72
-0.104934764683651	1.893825531815	72
-0.0259983037686921	1.32043984539292	72
0.087991630261959	1.08324750811756	72
-0.00756284992435297	0.908127392886133	353
-0.07190514961939	1.56059025034616	353
-0.004880993596314	2.07544859217421	72
-0.111054261981067	1.43931049382689	72
-0.069803374419516	1.03367232678971	72
-0.114317477830119	1.75427379465243	72
-0.106927887542954	1.67492686750847	72
-0.00901271551643901	1.29261779012531	353
-0.104010979712929	1.28370074182227	353
-0.032263866744084	1.4276144773383	72
0.008731274472911	1.88874150125825	72
0.057065355006906	1.14034585852745	72
-0.116413830328575	0.998046266429826	72
-0.0635225653992491	0.617622837728475	353
0.015202426594312	0.823211477396382	353
-0.032833004828847	1.06200947032821	353
-0.025144971546039	1.27522345476468	72
-0.0811795156057969	1.2785807155121	72
-0.09841130085049	1.65713229072632	72
0.096048595115777	1.41531459524872	353
-0.021333854992486	1.48733841970827	353
-0.079977398939813	1.29593064567076	353
-0.034901686245092	1.47649956738837	353
-0.013956308438597	1.22727093720708	72
-0.063518461132312	1.79961640585699	353
-0.022572181783762	2.12379487299595	72
-0.067976764143589	0.881129509863438	72
0.036569924891373	1.31720103899609	72
-0.082925990066757	1.02941473659552	353
-0.092340588907167	1.32198585166497	353
-0.123014817295831	1.18883637914519	72
-0.046906713693129	1.03148631819948	72
0.000313509972563963	1.77829248869018	72
-0.019756864253333	1.63552872962479	72
-0.051326134350771	1.34396419403425	72
0.11177760550517	1.90429937104735	134
0.047616588306199	1.35407121737615	72
-0.0593299259835191	0.927570593997203	72
-0.107728094427559	1.0586532220137	72
-0.087460953018953	0.898031013663202	72
-0.0887684068793499	1.02650742276106	72
-0.118481598721289	0.89855711395964	72
-0.034883122430206	1.03355621481566	72
-0.10292306581456	0.842760357338138	72
0.116165681227127	1.91474632615154	72
-0.00656124278649395	1.2296908699975	72
-0.103825646250886	1.00530036593899	72
0.00574931969861103	1.13328626257924	72
-0.067360420729191	1.16459090379649	23
0.00406114805854096	1.48572832299439	72
-0.021646540822476	1.20721692214939	72
-0.071079577769634	1.36310940270432	72
-0.050082571021534	0.96850294187386	72
-0.024710922763395	1.0514761253521	72
0.038039662006115	1.60151051489282	72
0.03674381345724	1.23655897397927	72
-0.075131405500546	1.17330830807731	72
0.0682760978518821	2.26966575095477	72
-0.101214919226685	1.4118443617702	72
0.00451418362426703	1.83383899777222	72
-0.057144640407181	1.67544061113386	72
-0.098100883812462	1.22522304137107	72
0.089351705369902	1.69062393330604	72
-0.12163222911934	1.43843401131562	72
0.034516639513834	1.19086169509509	72
0.075535006632918	2.16379194969333	72
-0.090510686900548	1.93682093607048	23
-0.058003408814696	2.05060306669501	72
0.0220248980201611	1.02057680671803	72
-0.0494024662704871	1.05493100586546	72
0.094680874694442	1.30855748662816	72
0.018641238604338	1.73747342816247	72
-0.089493393777731	1.5857703804306	72
-0.00358524412680705	2.05082112697155	72
0.098694287877527	1.41658788872874	72
0.023092150068843	1.83052025034702	72
-0.040203617047831	1.42122391197824	72
-0.078373983523445	1.24172180193703	23
-0.079765622146361	1.10636030092712	72
0.114189459088771	1.560904781348	72
-0.120082809943538	1.50375227058533	72
-0.0495526396409151	1.69967798154561	72
-0.00534833346683705	1.67358747681061	72
-0.084625298056414	1.60861308411733	72
-0.12007266218956	1.40716739748322	72
0.111614026700289	2.13508113279488	72
-0.049317736126495	2.07829951473209	72
-0.079726372117612	2.21728535464271	72
-0.031834023395826	2.08862060386492	72
-0.11138042496554	1.26061483097811	72
-0.0628375645632679	1.40618683264395	72
-0.07656035312591	1.79002660660706	72
-0.045467860006154	1.65177303797621	72
-0.119660900245438	1.66620221486841	137
-0.046658769102912	1.83311758254191	72
-0.096274632866427	1.64254563239613	23
0.10359828252452	1.69790897528989	72
-0.0441858298696149	2.05426001071528	72
-0.046956788952926	1.99821260091676	72
-0.106673079493459	0.998532055212269	72
-0.042870729585945	1.97330998449553	72
-0.117754061890754	1.0637320288622	72
0.104840938910245	1.74371910497652	72
-0.066030869444796	1.5389298924039	72
-0.058351451626334	2.05826786206656	23
-0.115639137302089	1.13818330507112	72
-0.0419084122910121	1.0386634629837	72
-0.016830987572976	1.67399477568489	72
0.00657830156484796	1.90251457029657	72
-0.048666998275491	1.41170223333003	23
-0.053802324229048	1.24644488541629	23
-0.068858891753857	1.18641539727749	72
0.098753559304675	1.23313339615544	72
-0.06319428317493	0.917979289462766	23
-0.094488445087581	1.19931402159062	72
-0.08894678219356	1.56462272556947	72
-0.068219767042866	1.85790815844208	72
-0.092997321644943	1.40250105827954	23
-0.07724442514199	1.93096769732261	23
-0.062369725940127	1.38580348807895	72
-0.089831408946498	1.38092529549062	72
-0.106782499701162	1.53213663643051	72
-0.027874809162153	1.28048374903223	72
-0.0110015600525299	1.76812834764012	72
0.019065718150155	2.36526157699789	72
-0.027389750365156	0.989921374645404	72
0.060829444691367	1.49387365437845	72
0.00794595239094398	2.22677950306953	72
0.00974608649761599	2.28664372792882	23
-0.0636601287887399	1.46023855172544	72
-0.105029310434703	1.62571979646983	72
-0.026748135246485	2.26294189741641	72
-0.040325028989015	1.32923211567769	72
0.023172318167312	1.72434713723907	72
0.121668864331083	2.19503761138421	72
0.121562502024599	1.17774871923524	72
-0.10964226420043	1.14913312388347	23
-0.08063336357492	1.75463247496089	72
0.095522576987486	1.77131370992554	72
-0.040279890512574	1.88079628547541	72
0.0323360190573579	2.32007379021502	72
0.0324779957851981	1.99736317206548	72
-0.059873327356592	2.04231636722147	72
-0.060738746256219	1.18378955721229	72
-0.088578662505955	1.54513711011691	72
-0.069596599388976	2.13059112932757	72
-0.091810909742572	1.85173946260673	72
-0.083117169520523	1.79973009342156	72
0.111827762090827	1.72930939413474	72
0.018977939269055	2.14749944451299	72
-0.000900886504536014	1.87232553202328	23
-0.092315542304565	1.12950759098945	72
0.023399634703371	1.50148672294633	72
-0.10249592813722	1.57604274709055	72
-0.066996321108225	1.93425906984995	23
-0.09109735322562	1.5547379909378	72
-0.018612446323607	1.43359641490268	72
0.086405920631171	2.43105523255569	23
-0.010460286257206	1.82762177791971	72
-0.086365788938881	1.68838529426643	72
-0.0707903214056	1.788500943239	72
0.065233340460937	2.0455081755058	72
-0.024921026186089	2.13574499741061	72
-0.093627643058839	1.94686894926593	72
-0.114082144338229	1.48225662687481	72
-0.059858314485274	1.2983784780262	72
-0.0633617472061681	1.64332564003577	72
-0.049345212956263	1.76198125617537	72
-0.110858820387901	2.00267944642525	72
-0.024672069477311	1.64233682299328	23
-0.098618352019339	1.96574964691087	72
-0.022489553978311	2.49021797191825	23
-0.062473091627515	1.75872668246948	72
0.0422586107713579	2.36472444138896	72
-0.021057707571136	2.05808957428273	72
-0.099750252295245	1.20991137888045	23
-0.075229969418337	1.1006333102259	23
-0.037139352514315	2.06168873483363	72
-0.101094984576207	2.05777080162298	72
-0.02057837355195	1.18477391262791	72
-0.069298223898688	1.92697988175716	23
-0.021993328799886	2.42551219266606	72
-0.113917207317765	2.12388816297764	72
0.0286070481487229	2.41627289049325	72
-0.078812639421876	1.38206704874824	72
-0.106352156967681	2.12232670105242	72
-0.085441429474691	1.79229704818077	23
-0.116269676917506	1.4906067158667	72
-0.120838305097709	0.965623409786	72
0.092512815562439	2.27656194060314	23
0.046496622398682	1.65062314450254	23
-0.010272572379058	1.04793364658022	356
0.060737693801093	1.67900174435186	356
0.017607058024433	1.08989468245566	23
-0.036596217586866	0.909433982320334	38
-0.0626675304047279	0.899732100260022	356
-0.042066807196475	1.12749368544277	23
-0.036016908207643	0.879489658440439	23
0.00291372975499005	1.16960544914239	23
-0.050788932860487	0.88247683255405	356
-0.117160870808734	0.682866472399789	356
-0.123449319091711	0.757027058105732	356
0.0786170708635881	1.31552175852201	23
0.079225632329773	1.2494439066555	23
-0.035127646700334	1.26721979858793	356
-0.101948395936244	0.992547478126506	356
0.052848775272672	1.36224079332923	356
-0.013728087374041	1.61314114685178	72
0.08193463984822	1.51957009009878	23
0.121013566010116	1.17250512615553	356
-0.025126064739147	1.12097281464489	356
0.03230273699772	1.37852352867717	23
0.015183647218169	1.46336935552025	356
-0.109849218054728	1.00441086081046	356
0.121887038689622	1.1766900328558	356
0.010868541219301	1.00294249300897	23
0.018182172401241	1.11152431265309	23
-0.039974509708624	0.954513312490433	23
-0.06230969656758	1.03840096939506	356
-0.011970975611157	1.41276904265038	356
-0.008627872653451	1.75790873363388	356
0.076986724286558	1.4480408632271	356
-0.077113499626444	1.18200359909787	356
0.00104403715258194	1.23568820623661	23
-0.114281770462667	1.22544343896014	356
-0.116441026477345	0.802338540851144	356
-0.017827546821829	1.4967628106294	23
-0.021478686854727	1.35808572751881	356
0.00534172613888995	1.61281186043322	23
0.00466942245770996	1.64926563557638	23
-0.116871028794387	1.27221834628429	356
-0.00887701848125	1.53815812404757	356
-0.118777448305359	0.915977357938365	356
-0.116223034342675	1.57764482162261	23
0.01115284396483	2.14018916294547	356
-0.10634881994502	1.11968588902185	356
-0.045036340048805	1.40052514290967	356
-0.077900830433589	1.43967860673221	356
-0.079197886465136	1.72199344139562	356
0.041205174743302	1.9659668954474	356
-0.052175847679502	1.67701548041398	356
-0.104557570563129	1.28947482683145	356
-0.10881868899423	1.31085144774423	356
-0.103109264822281	1.56620524462928	356
-0.021289209619084	1.60913785845447	356
-0.110807790309652	1.45662460093357	356
-0.00900486091160102	2.08821634850273	356
-0.00795604633813296	1.52231404475284	356
-0.10536883062673	1.61716239389709	356
-0.110723353985297	1.49578430428745	356
-0.111589460562999	1.53593628407883	72
-0.060491531602726	1.83693419091496	23
-0.018476971439593	1.20593209475061	356
-0.110524040374752	1.4554322914411	356
-0.096419487377818	1.46939360946381	356
-0.117535200288982	1.52935108941763	72
0.066038392434207	2.28653384628924	72
-0.056381987597377	1.71326895911073	72
-0.045677047278209	1.83395218899673	23
0.048341696950315	2.04796783826011	23
-0.035057602588038	1.97436343795167	23
0.083742538032394	2.12681091626793	356
-0.10675618641819	1.06450745098839	356
-0.098482926438955	1.15191919514625	356
0.088572191121039	1.53691511640598	356
-0.040502707801693	1.24988689422824	356
0.06260535958504	1.38126578664791	356
-0.04178002741667	1.11003348843528	72
-0.122852130645842	1.63742855437681	356
-0.033604808639266	1.35695828800562	356
-0.101088077267269	1.97483094307529	23
-0.039688671694721	1.77164724154929	356
0.044283233881408	2.45115380390789	356
-0.121338475759028	1.38633361582988	23
-0.036861197919556	1.53846248135926	356
0.08907840845864	1.23826683273964	356
-0.099198066884931	0.837975716539475	356
0.02912341353585	1.50236525354308	356
-0.065891052780232	1.4014340328982	72
-0.114559368960496	1.36721721011954	72
0.00343599082685098	2.40563031198129	356
-0.04675181856016	1.47945907498212	23
0.103052059326279	1.38796046645768	23
0.031131581772896	1.04381050289059	23
0.03687538620535	1.01948809761898	23
0.094090848614014	2.38695113922762	356
-0.063627749702017	1.02165623273899	356
-0.09447823073616	1.42316515617531	72
0.103817592730347	0.968321450879418	356
0.119001263136293	2.39209025109485	356
0.104190154999298	1.96866248264915	356
-0.051224048378428	1.00059751505837	23
-0.060945685359547	0.863008319545818	356
-0.070742181700035	1.06353621379508	356
-0.084737197327176	2.13168884028411	356
-0.020201240890347	1.71295873963946	23
-0.072535916947845	1.24441378700628	356
0.041313167674093	1.09794588070657	23
0.123733601756155	1.99080935757327	23
-0.084428062587475	1.06294791438474	356
-0.0196860231567521	2.40348363684429	23
-0.072094835791092	0.807475722325182	356
0.027594062617467	1.79431734018003	23
-0.116000462842036	1.54364621576427	356
0.040921857198388	1.6489310947126	23
0.101035034131263	1.39172913407182	23
0.070648339104757	1.39165449001015	356
0.08884146993318	1.4816492525959	356
-0.115313492870205	1.2471591725295	23
0.103049454998714	1.24212453850693	23
0.094700284474071	1.39357228635944	356
-0.10565024485195	1.13970228714533	23
-0.082220252235088	1.26567768578858	23
-0.071780838188762	2.02704560610982	23
-0.083352359629237	0.871747001695452	23
-0.006655066545041	0.920679510657098	356
-0.049703019402266	2.11808172973964	356
0.117759453914349	2.39400161282759	23
-0.108337616734971	1.13546242569653	356
-0.051091039936555	1.38814192139992	23
0.063545974687001	1.85499923969771	23
0.00189618369894296	1.37553039733229	356
0.051050786510035	1.08802647257629	489
-0.092909890084499	1.24003565348128	23
0.062242419029902	1.63388418857772	23
-0.015301105773207	2.18926349898044	23
-0.095431789892793	2.1403609814709	23
-0.119212505311793	1.33257644166408	23
0.0174432654661389	1.61675629518709	489
-0.045393412305891	1.7693631459127	23
-0.027893511853235	1.9012995930855	489
0.019850427806914	1.42979301547766	23
-0.044628520865194	1.17006599975926	23
-0.068104689311663	2.00567763098778	432
-0.017273726914906	1.50414838768503	489
-0.012552050220803	2.15297246903036	23
-0.118454661619926	2.06422128177932	432
-0.091519994646224	1.36163238937671	23
-0.07312830048263	1.34384988588661	489
-0.067332748683181	2.19410097054345	432
-0.021793072970332	2.17244010905127	489
0.031952924725232	2.0670250203652	23
-0.095273566011808	1.05801622007465	432
-0.105565196265811	2.11162414835663	489
-0.01399039525129	2.34510161153502	432
-0.108781360705783	1.96523808937594	432
-0.070581335943239	1.91525192297134	23
-0.03097029826717	2.19905601257081	23
-0.081565925407325	1.55859207437741	23
-0.0712790193003791	1.18150784775579	432
-0.062982258574268	2.0639783395439	489
-0.062295572449124	1.32362493448618	23
-0.08707078713825	1.13777699869703	23
-0.071375726931766	2.05615970496301	432
-0.0890874595921421	0.948907442887353	432
-0.087841715644126	1.8511843988594	432
-0.056762990233574	2.21647620891741	489
0.077821183366743	1.59938735259764	432
-0.105266424795195	1.44708286803232	489
0.087340489958897	1.95536725508308	432
0.0623151187686361	2.19386966128038	432
0.024232746320725	2.02355559972448	23
-0.089807739317878	1.21227210755427	23
-0.116304004322215	1.1629795713893	23
-0.060346976113698	1.24504044405751	432
-0.081955169622034	1.10811635014687	432
-0.113976626038085	1.33779697969492	489
-0.10277659871159	1.35939903631227	23
-0.0647431616086031	1.45970796792999	432
-0.09347017783852	1.73967026505223	489
-0.000530712528454047	2.02639335091764	23
-0.0939534889971389	1.81931556789443	432
-0.0892225899033799	1.5966296199965	432
-0.122758451313014	1.42064228008588	432
-0.090908049871689	1.93381816681192	23
-0.117838046415316	1.33174292465637	432
-0.057609181901748	2.15776590018832	432
-0.103402469673623	1.20752874452831	23
-0.057163455009443	1.34344142393557	23
0.082736835553678	2.43605884906831	432
-0.032675563667474	1.85934589251969	432
0.014624504412702	2.36215020983764	432
-0.070699172061728	2.00170317952358	432
-0.030888638433907	1.91867467783933	432
-0.089209183480649	1.68042560744127	432
