x	y
1.05533984220992	1.39530873048328
0.387503216650144	0.353445864798911
0.266866291174868	0.259051360608937
0.000681068286289451	0.000595907118010716
0.196554128770723	0.193152110315963
0.547918208365663	0.563169050104289
-0.105374579426839	0.0912056197188084
0.27781241035518	0.318375716432068
-1.12899958849807	1.6112827751268
0.122227340015792	0.10718707992081
-0.315294948747294	0.340491256048123
0.0288763949080674	0.0246736470110255
0.975927053049868	1.17827307688318
0.511530071800126	0.540182077812983
-0.0350323068882	0.0398102006348215
-0.0961545058449611	0.0714510973399268
0.0890105637991593	0.0781555409328729
-0.039945983942638	0.0329618305397764
-0.397667899030301	0.357108978691657
-0.536221634036664	1.04691183058824
-0.565150948496342	0.682715478565251
-0.136355436850552	0.125380695229231
0.28247763242161	0.435167264229546
0.210451792740594	0.20256038230127
0.252187021481977	0.307312241677177
0.00213960649364559	0.00210765543242666
0.125445913298123	0.137251474621859
0.485362064980691	0.626601498354649
-0.13855687932063	0.135862366799133
-0.0124969021972665	0.0104315844778264
-0.0759621593253539	0.0585473753845474
-0.0359644876562439	0.0302219809067199
0.264788497634661	0.395100982303747
-0.0669223392852708	0.062915699718816
0.0186817332365157	0.0172290515727527
0.214675317724268	0.24243385603329
0.176641489085562	0.200787529081006
-0.0304214422161214	0.0308359711655217
-0.545990451487552	0.702677317837892
0.157959459994841	0.178380163231857
-0.0549066099477637	0.0559873832370046
-0.216971281300064	0.219816187366725
0.346450544094305	0.52521070312831
0.31344356914449	0.427532591429978
-0.0950258641013037	0.0896412206205701
-0.11157555379341	0.115475520957071
0.156900666144347	0.165166492741611
0.137597048081915	0.156263907400754
0.166738568754342	0.184159806213158
-0.109501322022226	0.0932787913807685
-0.154394793634451	0.147941055406341
0.184113265650417	0.216496090498044
0.221639962188031	0.333092816338103
-0.466995253370054	0.662938812597645
-0.151521099024279	0.169663434817337
0.0763414563485024	0.0916791226357986
-0.397457580546433	0.528843741973954
0.263102216860852	0.358546105205574
0.215176953843755	0.249199906641748
0.292984987361265	0.364122996410773
-0.161412493540025	0.135217776568868
-0.199541812359246	0.208484541817323
-0.393360683028512	0.513915168396968
-0.241762692306339	0.376378653195537
-0.227733165559174	0.249744636009016
-0.0588926696106669	0.0620242265848183
0.202546114665013	0.284425368990185
-0.119271588215892	0.121126411844781
0.432291576176849	0.815927951252496
0.284289076997298	0.380543459855464
0.256164076396501	0.424932998145731
0.314738433128425	0.358226371890779
0.243453340031115	0.335607383377758
-0.30087640599456	0.378202402455573
-0.283600306654347	0.430716911282034
0.351696277846574	0.499384525126083
-0.0383330316212174	0.0356661130330615
-0.00201186462896008	0.00228335344607521
0.975521396407577	2.22583119363629
0.460837537163453	0.607589312670524
-0.217293134059851	0.244462191416169
0.0164722494482918	0.0135363007645031
0.340200777005499	0.250139130892736
-0.0685009953580173	0.0611959915345394
0.13856806913031	0.169844146620641
-0.368815837006377	0.439630736500055
0.0187412977363933	0.0184708055412389
0.319995627163145	0.418073332134156
-0.227028693955781	0.1846257288639
0.247910261074498	0.308711959971766
-0.00893025532587712	0.0076413998132184
0.892812752760911	1.27151357789248
-0.0124689386215797	0.0103560362794784
-0.296360191159241	0.254084737421707
0.333624873781567	0.265173213840063
0.219935908980968	0.190643866032081
0.400928994420862	0.570172354822662
0.576454582013	0.734487284447849
0.314914597841176	0.348963204694238
0.207113216707558	0.17019209304677
1.00779036335162	1.73305479983298
0.151702310836191	0.134113438813188
0.19015070662722	0.195551004387564
-0.01494869501733	0.0111120142311479
0.258179833861798	0.285735680563772
-0.245187513691187	0.266926266992622
1.45940479189983	1.18533448602632
-0.119894585904734	0.104302821679717
0.0498355139964763	0.0359573830853691
-0.875522201699548	0.685608605516651
-0.327787441483279	0.246597032594046
-0.341534586080226	0.449185646803488
-0.354833930484332	0.416106095382387
0.303417146140446	0.361291127060958
0.400411395249886	0.47447305461385
0.2440145942633	0.293091935766719
0.67189009642783	0.856615973665787
-0.00153099623997219	0.00133062488218106
0.547566448757786	0.519598857351009
0.327507634932714	0.13910286654835
0.640915755134489	0.383574048934293
0.213086990082821	0.177367469466967
-0.00328825352715394	0.00282019900035824
0.456135100070236	0.620343389412984
0.0729802998108642	0.0750798212634557
-0.200020800246501	0.223937047452927
0.123550725713138	0.0900045029272815
-0.453662385417673	0.615382294599472
-0.04548172215327	0.0370191603686707
0.430898155197718	0.445221920646707
0.0309943229875984	0.025396925017887
-0.464766150054588	0.509417430899585
1.28768133272563	1.11523077022086
0.137661067061379	0.107825823259003
-0.469896711036551	0.731354021034418
0.25844421894413	0.272207334856757
0.285420708459891	0.38827526581123
0.6142499838676	0.931083837861534
0.452502855680537	0.657233760665725
0.071724588266561	0.0547856777305845
0.434907755045393	0.560230809006626
0.489937661236129	0.61817196884324
0.148808641519081	0.139008889044094
-0.0120122392810366	0.0103399901404714
-0.0550989976310675	0.0380204690422903
-1.85989087640818	0.775935977590481
0.078427090027134	0.0263770256471577
-0.607598140884984	0.637732133508389
-1.01215055134451	1.81779569379764
0.495925344248412	0.600660449535543
0.372484770204943	0.44303140884095
-0.351145001645621	0.399648461269537
0.0235655479996019	0.0158821669327518
-0.271392890532249	0.306935108821097
-0.742697160685509	1.05114675543063
-0.581269938077065	0.453548547066322
-0.140016319423351	0.1428112982451
1.71572983459421	2.22535646853982
-1.89888249996702	2.12463940064415
-0.362328836908412	0.269264396498376
0.0582447679524001	0.0600905692993913
0.160266624098198	0.171022289838294
-0.270871090620324	0.328632363479549
-0.233866538729438	0.275400115656747
0.134215651574132	0.148957373580962
0.103910861972886	0.122835246704336
0.0663823141813207	0.0789849627958706
0.915153668629415	1.88431470710568
0.292800352495488	0.375643533889057
0.0259772250080691	0.0178504579081746
-0.0545692029651516	0.0529505293074356
0.451836966332052	0.453235883723961
0.204974784133801	0.175456857566131
0.197527066697138	0.214299528697688
-0.103613574207474	0.0681361586795467
1.27360711024717	0.562730291645362
-0.206479030417514	0.0774467220853251
-0.0943162747263189	0.074372092764026
-0.440071012757966	0.571534074670422
-0.0473598995215691	0.0425712720531407
-0.583420726009559	0.663572207636877
-0.41050404092622	0.48694167727852
-0.439676678440924	0.455046933361817
0.144902932770335	0.137567782341937
0.621450676761845	0.798659351424595
0.772189869411351	0.861243111641417
0.139563063558736	0.116318141740108
0.221404586358054	0.157073642511294
-0.460103519403706	0.203305947070855
-0.0436819123342552	0.0249013109254517
0.0298718186198445	0.0306026635461
-0.428889216883956	0.510459398043625
0.41267736597134	0.484026879231645
-0.21169058853257	0.191162132138355
-0.154789323098659	0.145283741322327
-0.0773514499762478	0.0889465309302315
-0.0311032929243168	0.0308856180650833
0.209237665759554	0.240206892728506
-1.40739576308647	1.71724245737036
0.201411583624654	0.253532585442374
-0.288270952902777	0.315894599064606
0.154258965862762	0.148394547831536
0.454293447393567	0.370372893001896
0.381965486666867	0.151846156453999
-0.276301753342703	0.0931407110231296
0.153832107529326	0.12707080341486
-0.242846727200241	0.285098183090004
0.0558145996156692	0.0497824552880908
0.62774425266952	0.914532212854342
0.262607060742241	0.294812153880447
-1.41631835586777	1.76651384388871
0.0492938144084285	0.04533530786815
0.10266434572712	0.0994796715776177
-0.463033579249117	0.366777580046293
-0.0874081555595459	0.0759167538547154
-0.110126635097441	0.0967142435179181
0.0842020646470606	0.0483452939844559
0.126229280956189	0.0894947909452181
-0.184297259238695	0.241282673301356
-0.0592066768717527	0.0577076907746018
0.198866257837466	0.233897518030474
-0.92423855003737	1.41139526584074
0.158208392780765	0.180621510668949
-0.382589049417326	0.575289273103286
-0.0309197437784093	0.0314019496591354
0.145969687498496	0.130011192739058
0.0619925055043678	0.0616672277860047
0.176853524279786	0.205820106644599
-0.0515911891131376	0.0514769693716037
0.140853670047665	0.138461139407252
-0.0178180033342259	0.0129138418217591
0.393394306147571	0.424299025766905
0.210994352726113	0.21315017794233
0.830046204545483	0.431165182263965
0.0831500954469939	0.0352779735226637
-0.177166683621216	0.129226575126784
-0.00247562213579404	0.00212257792461641
0.512010943121641	0.52955242840737
-0.137303346454523	0.127883369916918
0.405968905161849	0.441871558861645
0.196882882112678	0.160125369145447
0.385325601151342	0.564945921903407
0.0937846790613066	0.0813466930181406
-0.730988209118945	0.834074842569491
0.478807756452767	0.593423509189928
1.78305156060001	2.33815122619389
-1.79995916538127	1.51154367622325
-0.553667013343373	0.572633591646934
-0.216649535661896	0.250103113588864
-0.613863959182772	0.893934011476976
0.203223312854538	0.226861943679859
-0.346057912233437	0.365842549168655
0.118202943420364	0.117658858285156
-0.166221983773366	0.206800306914993
0.123850810082589	0.130153195880782
0.148018955741337	0.131661393668675
0.255849842114901	0.305270306802809
-0.244644019646706	0.303975774357488
0.485062912370737	0.693965216140392
0.447134525442355	0.724293602268745
0.309219484392237	0.326011151070975
0.779463295395178	0.935267033604268
0.0799908238419192	0.0357119623940649
0.289195614889663	0.138790655620377
-0.130085777567912	0.0996012730730715
0.584632672685214	0.868303607837198
-0.0215656222801192	0.0177739275073038
-0.0417393003268693	0.0445088446234007
0.0516753817980325	0.046701485067126
0.0331707017652369	0.0231415216392909
-0.207306293718405	0.250381313106875
-0.439154319603234	0.64342550034249
-0.860593992196691	0.876323709053283
0.214189783850989	0.218315929215232
-0.272679530559695	0.223296552129464
-0.0314053091422859	0.0175707054368626
-0.381863229815589	0.372806983892269
-0.284977301861577	0.326300676393858
-0.50446255723587	0.739445582051879
-0.185921085802888	0.180883875593733
-0.135294378333106	0.13751546441091
0.0239506932979996	0.0228627139270707
-0.383014930727792	0.598259563050361
-0.0613123941905813	0.0597009339252269
0.0333750206715218	0.03298608854294
-0.0191378601323846	0.0162380769405599
0.0100628982309713	0.00890884877163241
0.140983058475101	0.162972992545371
0.612405929753426	0.75491071759949
-1.00707606568992	0.741256534515959
-0.730217182024281	0.429881357482695
-0.430402312288498	0.469301528147816
-0.14032546148813	0.141895488640284
0.0265005235080036	0.0248937634993633
0.107005664761734	0.105313524220868
-0.415386833680738	0.56104675856302
0.244598123524536	0.25740673380203
0.32261027998801	0.353256599610158
-0.214526612156878	0.250200619168245
0.0491862906515141	0.0363134642507005
0.0975343984520218	0.0913864416835144
0.288071000110056	0.265522719076392
0.811031603128467	0.838111553987953
-0.499857898949523	0.59767167230077
-0.255126314756757	0.331235517093387
0.363766804890374	0.449510972360559
0.0367710792656725	0.036166664798437
0.0361949675855726	0.0312088347362559
-0.349237795448923	0.38638702383251
0.00450878012835351	0.00407964075083625
0.203454407863362	0.191800994753412
0.108719649305356	0.10652857550034
-0.0816107480279958	0.0720460301510628
-0.586191681206298	0.671057209039654
-0.362830743722964	0.271587583406517
-0.0429725511165113	0.0248269591136152
0.09347535428565	0.0838771759169676
0.406603811136367	0.594927175105077
-0.150342469957989	0.161982694989896
0.335080137741071	0.446725685984758
0.158836681714332	0.148835201445544
-0.562210733055298	0.603571201280348
0.13658151513005	0.13480742010715
-0.0534277657385371	0.055520705138249
-0.0335522834485112	0.030737077673735
0.126405321960475	0.123120033628953
0.160067327925898	0.148115512081598
0.225525553952257	0.179230322467258
0.299205915041218	0.341114859461238
-0.345042800545863	0.487061503244062
-0.0463006290089149	0.0449745673822333
0.501964737817091	0.698899740985514
-0.189600837774009	0.208695318041548
0.363923998229002	0.411708639131939
0.467531638531094	0.749230846694278
-0.1323840973869	0.124715547327309
0.454976098365928	0.799023563944344
0.52511253043293	0.713530457946454
-0.471559810121185	0.616979299237884
-0.452209487845884	0.726706268720028
0.154765823703616	0.19792968411511
0.104185742141179	0.0990826553232374
-0.068124066619462	0.0721985267662199
0.250520450910539	0.313908471967914
0.269792443539903	0.385194847553628
0.16806203195786	0.197944253596778
-0.0137904114271305	0.0143034296129129
-0.0276959232932239	0.0295816756167544
0.0260141266897704	0.0261894484171071
0.179875976617788	0.243090302315904
-0.562973269703268	0.855011422858344
0.264283724302361	0.386816142287564
-0.337409389640413	0.494853959314061
0.214539671859266	0.261241982609273
0.154881382633572	0.152092247197309
0.474657380881262	0.602695655555515
0.142233869796786	0.126283430360006
0.13726208320445	0.11087765971018
0.269811063327492	0.272769860477366
0.259580298351277	0.279382161627244
0.650266635540784	0.768432244487786
0.21252826970203	0.254943301956165
-0.593499985287701	0.859453842382745
0.146356894494124	0.134534545359571
-0.220782116202611	0.191217448571203
0.607693114487036	1.16304523703556
-0.120688593075601	0.157711733068069
-0.191497210390914	0.242313316588882
-0.314102628969424	0.513442702784548
-0.473967188459108	0.866901428410941
-0.180115284096188	0.240291916425378
-0.474053979225022	0.92606905011924
-0.61890180839907	1.31569820702619
-0.120211266065833	0.152120155130621
-0.0867409142250636	0.119174914181952
-0.513276904366559	0.919845028421683
0.49444664092433	0.76575799770941
0.0514211282042567	0.062458315502599
-0.616650126596286	1.35737197784419
-0.55294839486256	0.81118613893234
0.0773659904099262	0.0630668275929768
0.213487480715257	0.183236889563294
0.273502548999342	0.266398881152133
-0.0742367782663794	0.0949910327716722
-0.322386182479867	0.339764317942937
0.4596611376269	0.366460123078077
-0.546407053188912	0.61968236859723
0.254963899639572	0.367523814277901
0.101255626287789	0.130991256601732
-0.148821954489637	0.175903212943738
-0.12357872563952	0.167412196386117
-0.410434690725076	0.791981514432907
0.284760588972884	0.370479097793564
-0.0745545322191847	0.0972907052529524
-0.243882700220417	0.412561230576311
-0.368699888357348	0.642047824621994
-0.101366987440857	0.137916392447744
0.515996218763906	0.916679311126349
-0.512753006520167	0.655014226619411
0.214756282072886	0.255877272249802
-0.606153904078471	1.18206879914344
-0.163469852613088	0.162440713530934
-0.00279759250478485	0.00244070307305325
0.257755955561878	0.267380829080323
0.464902195631112	0.445712952187403
0.33436249059324	0.339813584606681
0.122740228607813	0.147491025573556
0.1542723863668	0.130105449961131
0.894664174975002	1.46067046236326
0.622638093770447	0.729567943233384
0.154542693170517	0.15886961675255
0.450031813800414	0.527429378476878
-0.012965859825565	0.0160994153539732
-0.59581424813824	1.4942237363927
-0.220845584109564	0.390157181091825
-0.420313218881643	0.570296951971446
-0.119477799679524	0.12990488905039
0.0124158146950817	0.0111264857884088
0.141353287352445	0.131658619950344
0.264247425569832	0.29067782758546
0.0152555139392564	0.0199094836386647
0.0369454701999729	0.0369405796414511
-0.147303179962224	0.194465502813748
-0.609594019827249	1.55672697076938
0.103556455821351	0.121377319333767
-0.0300968620972095	0.0408980470489062
-0.301147648324772	0.550690136599488
-0.321020836137731	0.653767455511815
-0.268580129650839	0.255065444663357
0.201010081918439	0.224098857371001
-0.263409522412825	0.272252799197921
-0.497339933961068	0.512371400523799
0.461908482763151	0.454484716956819
0.494149558976488	0.372339139628485
-0.642854700707696	0.650807112935144
-0.05320757543546	0.0465932988381053
0.576353360719431	0.387939276510766
1.05947734760802	0.990211980696366
0.596479981392555	0.652315837859449
0.2210570827592	0.181476089545494
0.0518540793481008	0.0786719725471885
-0.250699229654464	0.25442498821788
0.729657769967863	0.638381331244654
-0.192787493049126	0.138894403027713
0.882034849658592	0.806865829784653
0.552476392318083	0.495257327140386
0.761991016303352	0.720066161188026
-0.0492464952438177	0.0669094474654561
0.117949377205859	0.207968574008527
-0.0136886288232983	0.0197435279686954
-0.204941885487792	0.182679971812109
-0.771993962217113	0.795348685725338
-0.959679433595076	0.914344874473367
0.547498382117636	0.487849603679328
-1.42077778706221	1.56502480331969
-0.0146309354609629	0.0168326754466171
0.218447347972866	0.160413244789373
0.270003632358943	0.274694096940753
0.227358429345675	0.340156761820416
-0.760427921150501	1.16777094235837
-0.442834957497709	0.825546457084169
0.150330655524301	0.237654887872022
0.025743548498005	0.0318682279597907
0.607841758237076	0.477033892949789
0.641064822135204	1.06552115759259
-0.636305981141	0.731540554388331
-0.0460082915681191	0.0371922344374423
0.98597622898157	0.372562468707462
-0.582592318833542	0.237008278804709
0.303750454215284	0.264557417235552
0.0910387690574646	0.029840693531259
-0.211458004445709	0.0811563578849673
0.306357576323416	0.332500794691602
0.492855403836314	1.03735747766058
-0.0138431025433711	0.0201017782094439
0.702993170025413	0.977599922335578
0.470586167033051	0.172818763268529
0.560658161892684	1.11731600071827
0.21874289376712	0.403639526090527
-0.215937861343367	0.379243523481936
0.288161133811499	0.358263699798829
0.316323391532533	0.34876195667253
1.03604661555212	1.24287735042927
0.066537988409399	0.0504032462837216
-0.236626374150694	0.24298188873004
0.12386052198697	0.174632296201035
0.200074477192779	0.205834811216455
-0.496531129572783	0.641440358840132
-0.806593431195469	2.42086083682281
-0.227402274850775	0.251058515280763
-0.0582923464518002	0.0746632753300366
0.027528545495217	0.0372409379819297
0.26830799575208	0.521329742668823
0.740271292341223	0.824307880060019
0.145165656869285	0.13845163280593
-0.316074653766138	0.295136554937515
-0.366548387549031	0.329905149783375
0.395829316068903	0.256286904641915
0.47520845155246	0.174086333588503
0.784079012436623	0.541565890583879
0.088960060104645	0.0514859475937515
0.600185016013947	0.808152494932142
0.0780307761513383	0.035919732184269
0.0761099669694499	0.0308786293670676
-0.018744044216538	0.0112426089959774
0.206604914791596	0.242577580605372
0.179319447174403	0.207996881557344
0.331459797785712	0.541676437283898
-0.0515844598873042	0.0716653055495509
0.421232010383601	0.441900367067657
-0.0607529167153986	0.0729244289541626
0.110559318308065	0.181960459929047
0.203876913872314	0.359616097175836
-0.12920958250223	0.0828119266412501
-0.464575407966064	0.372413484630226
1.89555969215859	1.15893425519434
0.215072378553421	0.138871667850038
0.107200648178723	0.0695654448270789
0.446247034629015	0.700611917582539
0.439066476784621	0.372599407570282
1.17809401730524	1.56179272308185
0.422430247869726	0.665833944222972
0.315560540998355	0.339854524344188
0.187298033746823	0.238524837277699
0.199843985640168	0.268864144927168
-0.247655705737364	0.404031035446307
0.22902827605909	0.139685808331327
0.137026737541108	0.111986361224018
-0.0835493706173887	0.0659548906129047
0.215097238576475	0.175997269334789
0.753841776211526	0.317256639268976
-0.276684700551298	0.0947597529242465
1.00514373399471	0.489964229120471
0.627808902095884	0.292287171637766
0.846047678158828	0.987890514494314
-1.55211305724267	0.571184138509822
0.626517370722883	0.293096756769324
0.844141368088382	0.668988385350479
0.482396669849861	0.268859144190581
0.366124153330703	0.431442287318663
0.208339753971462	0.298737145513734
0.126838679824548	0.196616558997827
0.127024134173641	0.104901501352041
0.469133492628342	0.25552560336319
2.75336006021198	0.827151283763158
0.65563497112028	0.520951277973949
-0.118183916298918	0.130260871824305
-0.199192007082559	0.299034955672603
-0.516545457897512	1.06355771490852
-0.159271421806249	0.146148506042485
0.732737437904185	0.9948530725455
0.0265287332887774	0.0176271724072016
0.0921556233345013	0.0483815109471811
0.812333220514425	1.05907357964621
0.0456127068813151	0.0494921235587075
0.726329790919921	0.723583701604286
-0.0332441504447342	0.0278185474250371
0.207888595075871	0.263490624792654
0.1509547749022	0.134597833212946
-0.677544355149416	1.32133080112304
-0.576864759354483	0.996089820696174
0.644413807748673	1.40801330174766
0.0545815861813691	0.0408131965738887
0.10643159262009	0.0994202238860398
0.313797395510661	0.262988092693233
-0.432518745021345	0.412003918527869
0.882293262924568	0.575057749505426
-0.211458004445709	0.0811563578849673
-0.460444015474196	0.199930616527668
-0.108272100702739	0.0521349553913668
0.0213186052021798	0.0136729306789333
0.824753130252035	0.42100235919553
0.289818844244259	0.273051401440063
0.385226726945457	0.71900285780877
0.0167538170670529	0.0134524249817108
-0.669185227634252	0.335907798194968
1.89697316574887	1.16977282300622
0.304436739829487	0.258857798382511
0.429139432506941	0.51283735243361
0.519471812895319	0.475298587124875
0.483884078920748	0.592708577445131
0.278246601536352	0.255841010232428
-0.103633125632918	0.080395441430969
0.170122478057677	0.214800915133637
0.000974808764017584	0.0012310959479804
-0.39082052692966	0.688119226725025
0.554182119008962	0.795056608655009
-0.0609508190385933	0.0483439803674503
0.589508798120488	0.595172563796932
-0.536202226541869	0.53464869502257
0.0190947157386024	0.0190973888856341
-0.127834548463992	0.109870880143134
0.396631460067239	0.419452880205665
0.0543238917343161	0.0624473766748423
-0.644759474000934	0.976795731257122
-0.17844679671696	0.238708037510515
0.490723927194771	0.992391264679246
-0.403077127919402	0.635159930101199
-0.861928152434233	0.83061211380775
0.130006725541684	0.108968789293822
0.137384622031549	0.107982785640336
-0.0315708063324626	0.0226112782886348
0.303990373467551	0.143679482704253
0.0821628323070034	0.0406509048241856
0.536876648122154	0.272052800687466
-0.774282046911277	0.619697634834944
0.0764022954624066	0.0616403056879923
0.2451938726325	0.137589257196276
1.79609068431662	1.82890319552154
0.732966728993639	1.22479211545396
0.256836686871778	0.42015004498318
0.210619643455873	0.193583723336649
0.921165581883993	0.70525853334018
0.243945567329637	0.137173652569675
0.275558140291419	0.143021449863341
0.707412958698009	0.744200234154097
-0.00635799847026977	0.00372944309638392
-0.1022122072354	0.0488225630746968
-0.0684340948064139	0.0779529682286101
0.339564115596385	0.756208257933576
0.0356840066591759	0.0463107343208794
-0.0340229552551187	0.0244280607163422
-0.0630492511692459	0.0438987784685155
0.977158561907626	0.968242130919561
1.16813939086864	1.28455977917787
0.242831253956719	0.313585368497841
-0.303955195878656	0.202762608664871
0.229024150075442	0.175791913189787
-0.025952711699984	0.0258956647699732
-0.246993090828116	0.23713211093384
0.363649632835501	0.577073876978454
-0.382023377179903	0.695694669055377
-0.0542508126524402	0.0582507756364041
-0.616922864495123	0.399894613459885
-1.31264180582741	2.52603952431002
-0.259590878127254	0.198831790088282
-0.71772854822338	0.764649631094339
-0.67062124750041	0.337794490389889
0.98934828530534	0.37488411380459
-0.272672599703481	0.0930280320335916
-0.561855780459618	0.306961457423787
-0.361655094087056	0.32477898744055
1.89697316574887	1.16977282300622
-0.166183172918217	0.0687956508219946
0.480597513030638	0.26635962350985
0.519849272284673	0.698812380566291
0.547831151828255	0.271557804009486
0.0877050694173876	0.0299113525036963
0.384350840053078	0.151284696297746
0.384761794918382	0.431159027901142
0.309864704059775	0.268732425692294
1.17257385180839	1.89781473184385
0.34642771385845	0.410387664336984
-0.00808789993330649	0.00672071488719036
0.429161111740154	0.599392129360787
0.138459088607305	0.127278075883839
0.461227095012944	0.647934901076364
0.453492892703454	0.674320194705445
-0.249412685938255	0.292324602226383
0.0614514436488714	0.0736673562358082
0.148715166536124	0.126042069608826
-0.220031723116189	0.176714914759709
-0.298335027418255	0.257349177759897
0.0661786050060157	0.0520586686061353
-0.567623914090156	0.525447669077182
1.46557229315354	1.63819117939076
0.723891572676455	0.727944133278091
0.241591392288773	0.133016795062545
0.149817670037315	0.156389348634241
-0.310559992184158	0.236640691577361
0.0677905763450366	0.0324830883702582
0.506577920393999	0.553500243125567
0.316357179544263	0.258999698604386
0.162906898400185	0.153297578180417
-0.0739141604709535	0.0594624301773555
0.244167297195971	0.282969599183483
0.605559362813629	0.668489643297777
-0.0889328386597314	0.120857719690528
-0.103690561173829	0.14013570976633
0.244838130850697	0.395937123280575
-0.0558936212650872	0.0440801448651208
-0.671291864676063	0.945659428383221
-0.437015445113802	0.426540292314331
0.301185971487362	0.260777430621144
-0.115040346125029	0.0533332127272279
0.763102092693751	0.33064391436923
-0.0369843665765692	0.0209174083990437
-0.131139682821281	0.0846543212882777
-0.570147213216669	0.621252628825634
-0.716822279192786	0.434664891202171
0.5205697314312	0.364526530992386
0.0808791008254508	0.0412391918365193
0.0373421461368935	0.0320780343513784
0.0412242102411965	0.040273295403151
-0.0942937984965527	0.089669517440963
0.0713362097313361	0.100455032292011
0.213507424063443	0.244199809811152
0.0774658197244349	0.0887100062561748
-0.0373853429971048	0.038254479042674
0.0655247829117631	0.0873252552839447
0.106571127061028	0.136165901702245
-0.0125580710316676	0.0151948415528227
-0.230434841985061	0.288479844974331
-0.595676788407474	0.676748591092514
0.273057376022234	0.276042907044862
-0.728932424495194	0.931661100075473
0.702258809968748	0.723102029965292
1.17523829118239	1.26100016704688
-0.690493729818336	0.569476217920267
-0.268987284122991	0.183668844737593
0.0597506378203931	0.056579252721854
-0.123895190825138	0.0812224563034538
0.816571383617512	1.51651553023817
0.0443961413566407	0.0408539066444
0.448941785122874	0.597584747404827
0.189714814054793	0.194040114901595
0.3284863335284	0.403763078578891
-0.178755652812681	0.213004759834539
0.525450700844063	0.628984225292137
-0.0409534064858202	0.0437965790805816
0.0726141845815416	0.0720673168858535
-0.0379609273026656	0.0436583440014604
-0.0336910134347756	0.0385930374611168
-0.321059491247532	0.532899781019105
-0.234560109659647	0.405490640612719
-0.0213358159875024	0.019878471677973
-0.034817058793671	0.0324214390290795
-0.35537728672403	0.423183644969176
0.0795242797545526	0.0689337920188296
-0.410265623495563	0.330599377146328
0.610606346028022	0.479345062286246
0.118015828850313	0.0774721720913651
0.342710797309623	0.266963052138153
0.881164529115013	0.80268752839607
0.842924343915124	0.971061786334434
0.081439579543281	0.096800369250392
0.133396255067114	0.161306228858724
0.239936860266493	0.343442668606444
0.0556905292417252	0.0598416030588076
-0.097905001484909	0.0857191031143793
0.0427575264008232	0.0470138828875561
0.347909762207988	0.568135334114824
0.364517844629811	0.597132529208398
0.0524516511047784	0.0642898645951938
0.0428433872496911	0.044247502245987
0.182254082797851	0.23819673799034
0.419883675585509	0.569748053963238
-0.196629641136248	0.143699226635378
0.462669823563877	0.658181255221286
-0.258351760305629	0.330884789991843
0.212652576328004	0.21570883502409
-0.173038524785224	0.186296412327901
0.00977964578985309	0.00837466310583643
-0.145275612152477	0.18442542869613
0.00801300804393769	0.00744440266308522
-0.0308281663787416	0.0308227792546115
0.0509978526864983	0.0532298877969523
0.205975095187303	0.277759423675082
-0.138641963946435	0.16795985433437
-0.544438100258819	0.995843018774515
-0.20732556523359	0.214625698436843
0.00766041923280285	0.00754591407078524
0.159994914957187	0.208050417032304
0.0091032651318481	0.00892692079294477
-0.22285455144446	0.288900281161029
-0.175355917776695	0.170574333268153
0.487122332814727	0.687865669624363
0.214138874975714	0.197393888717414
-0.691809022365179	0.558163167077568
0.208281103536068	0.18381904449199
-0.119384858846414	0.128236534607293
0.794819045194125	1.49216949637456
-0.376984012618732	0.504159843818595
-0.0466360623358224	0.0465111313290094
-0.121737996010096	0.141046185408583
-0.0467832132638307	0.0504065767662032
-0.0805896773863204	0.0766439885364703
-0.217840881366606	0.238920008548526
0.275327116249774	0.354511683010385
0.218950957948798	0.249015111481499
0.369521971212049	0.49323175500841
-0.0277275877358345	0.0255210720068979
0.135392512250426	0.106685212291947
0.259086445701177	0.294209830541741
0.0637223904052718	0.0598624503431706
0.556748523130834	0.703288350071502
-0.669775656790151	1.06917885548202
0.885700961127033	1.58556746448992
0.397732774500018	0.507187285479479
-0.282434610966057	0.303772373977081
-0.182345627240539	0.158159037155821
0.12716183835743	0.0925731276884737
0.359603936709519	0.248533045858608
-0.118189695757919	0.0898311486787826
-0.169622136869206	0.169869672270843
-0.461148063666554	0.655220767069108
0.259664922899929	0.273935836656859
0.154450122127096	0.155197434218129
-0.115458184926344	0.131858140136689
0.107512126472236	0.108574252711319
0.367132369081046	0.526857178964156
0.0397207740704051	0.0405934950930426
-0.0403041387604591	0.0393411924868071
0.0143344463061802	0.0139711194726434
0.0107473988964214	0.00997942134459492
0.083103777559543	0.0468139280629372
0.334088596653087	0.255510887572314
0.504916294795723	0.6637377658697
-0.483965637374506	0.843196685603812
0.165184042285432	0.157563259696175
0.122943800473612	0.126286925617553
0.512965335715609	0.70132591730737
0.197494846701311	0.214493754367369
-0.143160723921406	0.164981230165264
0.0135357475293621	0.011918745178193
0.333596155773009	0.417350839096296
0.203863623851933	0.232791727217256
0.367544203016459	0.492890748368593
0.224840467323496	0.23463167516786
0.419110615487969	0.575738490783783
-0.0145524541395209	0.0124928085683602
-0.00117231947274553	0.00120429154816791
0.706993533269306	1.17789005948945
0.160947853084881	0.175989384471597
-0.257367491789535	0.283583654882464
-0.132073864503224	0.138750389128864
0.00206289700599809	0.00190778915090122
-0.196357269613877	0.200681953495966
0.19134555365919	0.208759483348909
0.174290198985596	0.214674261178006
0.213216862651378	0.221053454253598
0.144588039353041	0.14254022400242
-0.0976123706490659	0.100322344225804
0.330272107125734	0.360551584651912
0.714454236438004	1.25240168854586
0.0116995613187666	0.0109538894094658
-0.743524887216306	1.43994021109702
0.724349413017195	1.20728718204537
-0.733665803032169	1.16104143723878
0.234661320802116	0.30477580157276
0.666503400669138	0.989434631642768
0.0935566788132777	0.0903169025489679
-0.867161415483295	1.46282305630788
-0.0721364463757192	0.056613020199996
0.812699553338577	0.884630535114546
0.932310487863883	1.5178989743894
0.336114082616942	0.477461089152507
-0.360413909843436	0.510364561503
0.436857079891502	0.418317220067764
0.69567608415016	0.721975391122452
-0.0380505818139195	0.0217435112565091
-0.168097532691683	0.168439954168333
-0.0475494204258172	0.0391685971084274
0.287596174624695	0.357992364957389
0.469881293527876	0.644385301438146
0.631193047021931	0.673436570710223
0.652890121296154	0.918527251228974
-0.122963367756513	0.0790908959215834
0.382389201400296	0.155996282087211
0.576170307655081	0.860109186900296
0.517819652989181	0.652474459662025
0.0705838664361906	0.0676616782793008
-0.416470237297188	0.492507179129879
-0.237346913209543	0.201590399328921
0.437984053282218	0.603907671007283
-0.044213834447413	0.0408515973401439
0.375826649850885	0.249468632733099
0.312412194424451	0.265682772164233
0.240953733589602	0.286451703297527
0.102543866460205	0.0965497701579017
-0.136283799568583	0.138126587422565
-0.00207070768859136	0.00196727678276236
-0.324048720644605	0.375507603771884
-0.0724150986356409	0.0861912343172242
0.522583983008701	0.708467094570138
0.198001420255062	0.221669651054761
0.119962581400533	0.12859154271012
0.816593248084575	1.33127150500923
0.814672497711462	0.860697802153214
0.0599909779382426	0.0777532587122474
0.0435565274207961	0.0442330322569145
0.417889972266645	0.350917470194236
0.223434607546109	0.197049250988884
0.716458839795804	0.902803104354686
0.809857924600828	1.13598095258614
-0.193828745796159	0.198267860486148
0.862662593606631	1.54360531132512
0.206507156070154	0.208178042875236
0.932739231721287	1.57932248015666
0.401284868584301	0.522562566611643
0.43854735133353	0.605416588749309
0.473659213210452	0.470264918024879
0.256468342637444	0.29107005156265
0.292655082603885	0.26530256883219
0.232222064269436	0.148314215242223
0.501554086894429	0.466177054101769
-0.269721869391239	0.399365274060743
-0.330445878395785	0.419085477897431
0.546335060926934	0.777041602182651
0.0432336871096657	0.0373432561097887
-0.478070828795918	0.635903068775262
-0.0273913776752918	0.0289468292078593
0.108591314591828	0.114699327971176
-0.114786858773828	0.0892227168843854
0.729432192933991	0.733614119783542
0.731980611772619	0.642604320507891
0.205616480264288	0.163916732973508
0.0786055117354458	0.0610219005858116
-0.0455526253509805	0.0487509288488819
0.0526995391769242	0.0464326929433257
0.0389023420703134	0.0345703230471516
0.357148265161253	0.576536157531884
0.314904575911577	0.380359369983813
-0.0401920906402908	0.0429889757266557
0.622921486444956	1.16000514345478
1.15737034829953	1.25328821867961
0.241563086940563	0.352224808915779
0.414254042715657	0.602082796469361
0.175159847343564	0.218548503161497
-0.228984175335053	0.249799658855104
0.0373986612504237	0.0318281648054841
0.84897073621142	1.09759013550924
0.0908286568116529	0.0996821082542115
-0.148903755824648	0.124397358072446
0.122322366406757	0.0885855851564788
0.627377341741583	0.762259612402992
0.331398529253433	0.461170690237812
0.215528067977488	0.182322302892403
0.594430490740796	0.588473535926304
-0.0942553224067562	0.0622301691165755
0.354789071155858	0.253311154827823
-0.13428146782485	0.0864939417685199
0.766632485252756	0.664019664921361
0.0848483969418653	0.0491132865491121
0.194025070372368	0.305012643564998
0.0374577136046801	0.0452809960201057
0.379506603332953	0.525790694476112
0.440594566511858	0.888366177428579
0.157030678503194	0.247228206231605
0.504151975744597	0.525120217321154
0.215595545021839	0.340327964048778
-0.154347691279147	0.194717675159708
0.113649101856735	0.070844175262286
-0.423909154103976	0.293845409654419
0.683283653348915	0.627688266339366
0.73122767593107	0.746259301940256
0.113613093016373	0.118923942287031
0.157819109934878	0.189693434998087
0.117381940531928	0.119046422141764
-0.213634226191744	0.252653120842766
0.359347573083233	0.528665039416049
0.344617639577047	0.539725357705104
0.500882423063387	0.630413493805554
-0.0753005341511387	0.0569573460071327
0.248752521947228	0.314060724929643
-0.348587293460073	0.351028103565089
0.804254326486487	0.848887151860957
-0.300367043144885	0.2577619851721
0.111975739494501	0.0753803965445109
0.0148750689435155	0.00935538669409381
0.427231757172138	0.447663912637465
0.156625281188735	0.161658314250839
-0.641087833660081	1.22262513955805
0.653356676632253	1.0640476587796
0.451949506025024	0.678166678222041
0.176798578230254	0.217258733272545
0.606648690860983	0.79872736105428
0.279624794159007	0.400067978393856
0.151178270203635	0.158083599274176
-0.146685123599991	0.172030550359932
0.162940529797949	0.167475007540367
-0.145646832831232	0.130688201973688
0.215752857354819	0.19217968187422
0.271363163502723	0.278917552221175
0.331478299238662	0.34675567809335
0.0541174867481785	0.0616093574524609
0.669998153366296	0.76889773724896
0.688663924126384	0.641028377335451
0.586063971702027	0.5898591948071
0.724316137013225	0.772463392200804
0.948500669887399	1.06060377086396
0.58308238985434	0.58778373297203
0.405399015857736	0.445538753426641
-0.0375341906249019	0.0271441953363459
0.0524229209062444	0.0498414386457865
-0.0113203060026577	0.0136176368807901
0.160245825840956	0.169546090032937
0.156155604479047	0.226292556429809
-0.143379662059629	0.218319739478317
-0.784787546915352	0.87193347384505
-1.63565522656077	1.58793273949983
-0.150937313532161	0.19395346845999
0.832978825020547	0.687001379324483
1.16509794277235	1.04628237275921
-0.74097784832244	0.496809223311466
-0.265711148878309	0.149360945303487
0.371721635152912	0.144288526198404
-0.456571766106876	0.394928259008998
-1.039288504351	1.28279796223551
-0.465864486835121	1.07703636960374
-0.175989030251282	0.242648699437877
0.269118856986283	0.31400071892911
-0.0419648793358965	0.0498536697631008
-0.149332579855288	0.156988083777625
0.320280356342473	0.6446325799476
-0.0766893308896026	0.114156072231595
-0.123769320614288	0.127675942852968
-0.382011545238108	0.367621060417287
0.465725814714177	0.365140932265447
-0.125582648532476	0.094348048835878
0.0421064953728025	0.0292291710613716
0.0794457071988165	0.0654322065036072
-0.0103393277042735	0.0137342945728198
0.0638710811401253	0.0455199805148914
0.361184605457551	0.420209596959493
0.614414716362813	0.889047599908949
0.699315540995169	0.484763498966846
0.0857875681023075	0.0397609920734502
0.288709320121412	0.139814298910772
0.992420133138825	0.376460560386766
1.1681382556917	0.900977265621408
0.21430749060775	0.156537018097942
-0.323314806546302	0.347807504757012
0.0973597618786874	0.0971549973424851
0.42973070833298	0.365712280932582
0.167919220318578	0.181707092734893
0.339034394416827	0.551830662856725
-0.29275779393497	0.323204999991789
0.101393776343907	0.111054540049835
-0.609576491985413	0.988621507271265
-0.293977224492415	0.315582973520601
-0.641853472900329	1.03846454053159
-0.0255947628945777	0.0233744897074058
-1.00287161644913	1.42385097870301
0.0400197895490799	0.036116670270441
0.0213525405626009	0.0224691165153285
-0.133954938028757	0.136755016299127
-0.209731627848388	0.234679895563524
0.24982826008691	0.297776382467339
-0.0169500929479219	0.015835280336579
0.325134584804692	0.434917562648671
0.835587812350613	1.06569105379242
0.0597082926666956	0.045366229102405
-0.70989144524177	1.02855385525813
0.201454689082889	0.230178170547097
-0.0551550218149705	0.050531558314162
-0.0215456617148202	0.0216717688499275
0.0227911579141818	0.0209022133335739
0.0720798496785913	0.0808511533306938
-0.193894762777129	0.218533198363838
0.0358935202548879	0.0311916052556705
-0.0932143257946097	0.100900404904992
-0.102234912591167	0.106487189228372
-0.168793869474953	0.191474010952211
0.844770522153275	1.40587283056565
0.561201842683138	0.648972750927462
0.152482004201538	0.146827608954354
0.95064540028972	1.01754146986158
0.397801338928595	0.357415274002244
0.227032107062972	0.162463418311912
0.0611093161328365	0.0451959519079452
-0.0623890623919853	0.0433405922529021
0.134051416559402	0.102563654978377
0.559462106374052	0.649842760557605
-0.654256130495224	1.01859027167837
0.761426791304822	0.989850701902852
0.131157052758711	0.102682954099374
0.942641950830683	1.22394384105409
0.186531671365596	0.274836144941233
0.32096611250359	0.45042069043572
-0.894895510934399	1.98588607755656
-0.456798616696682	0.817008635144313
-0.301917467431307	0.422083260244525
0.405503077504547	0.611218218967542
-0.0743673637395984	0.0728188546590994
0.0536650126723923	0.0481667687383682
0.588544857046255	0.93123975526221
-0.0949521525226977	0.107510723087254
-0.261394368066034	0.246421294588567
0.93989353591694	1.5483041372129
0.210902412893285	0.223452744818143
0.0835748577094667	0.074576626724911
0.107918865381451	0.109332141614637
0.477406587990826	0.448881884882288
0.223159070912645	0.165142199132923
0.883344119921091	1.36016648278855
-0.511331854881182	0.884928294468857
0.411375250405762	0.613527858393316
0.163037371850004	0.218235142513665
-0.571699124177114	0.865416003757226
0.363124730335588	0.513211105097047
0.0103378147630161	0.0101682055322811
-0.0630597356095355	0.0547747532186341
-0.463123477451074	0.764371935801445
0.0254348798674932	0.0244593541900433
0.75680781291801	1.17612478638614
-0.239730034798526	0.33473344381963
0.338270147826583	0.460963702068439
0.82010270064516	1.22730007204382
0.160005459082269	0.167621141905561
0.324152645058962	0.432670000016809
-0.058787471852324	0.0570433486369443
0.0354656331421474	0.0233012376963234
0.408529362047914	0.369968316512326
0.345404825347512	0.251309015325538
0.325647608152691	0.348413823722995
0.140042573416818	0.124116280372039
0.882399288461808	1.28043139994643
0.25784035778125	0.253050416351317
0.217166005047336	0.202834748460265
0.281993777504251	0.378549430173372
-0.0987083235422273	0.0866511096856869
0.390764040717056	0.353394546110342
0.137065529779624	0.107849629800184
0.482730021231086	0.518851829700459
0.48247863845154	0.535373101871667
0.238737805615776	0.303378359967606
0.222722110044356	0.237838953713164
0.0271272976211118	0.031190182374651
0.240669435855913	0.33141316473802
0.0487299169817039	0.05004155371462
-0.23690797079173	0.254493246987996
-0.0164927043806151	0.00975780193539152
-0.229163956095076	0.163944313738683
0.129932422856656	0.0889209674981176
-0.243874206955641	0.211310260290894
0.421450010370187	0.237197587224989
0.724397344760647	0.427343291168706
0.149349843284943	0.132577228901813
0.300569982485247	0.268941903552465
0.144771915407485	0.137915157335272
-0.402644535529104	0.453615187291942
0.261823647861274	0.288237807091343
0.30437843978001	0.325615080289051
0.895863621334745	1.34309400616677
0.0893566620071705	0.0302761945735296
0.138110755371767	0.114720591728535
-0.138478575888157	0.14066005059502
0.409859411968947	0.417467858445622
0.653213837302732	0.913930285620354
-0.104900986519858	0.0917210620093533
-0.271864040466648	0.232913073392857
-0.0970374966644607	0.0863737510694758
1.18661614315384	2.20827040089904
1.09818669692381	1.2206246019173
0.274190571854916	0.278240589830851
0.0512014716162043	0.0459252364774428
0.652679191003369	0.507642402301554
0.346449690913484	0.244674039746581
0.252069121570223	0.124359534559355
0.841171125288898	1.07341499301549
0.598902690216444	0.90620753789585
0.570484091254281	0.731710664547564
0.0516286441963291	0.0524611757785758
0.357909648932535	0.349480862654138
0.137332704304118	0.121176522813726
0.583187494114266	0.835655354890952
-0.00977776065301585	0.00928822800710632
0.58558859213873	0.575780040056315
-0.619804247829566	0.407737874941197
0.427513187186112	0.362770399489564
0.498477284524271	0.55484579437843
0.402215939035475	0.354699378894478
0.14328073080926	0.145996856969614
-0.00610945602174222	0.00688582043137656
-0.106216739023924	0.130586086042317
0.335146432964312	0.46027127749747
-0.00455214363502732	0.00392746437255878
-0.0936724713602251	0.0705396686040492
-0.00908043591507774	0.00660957137381987
0.209150437517468	0.195129381952471
0.386910584461989	0.24429950463825
-1.89791608209858	1.24025716463579
-0.273159679584819	0.259137386451582
-0.114044097448309	0.0973773761580337
0.358481152775216	0.401441953487397
0.65310367499402	0.841685411962114
0.624670156862688	0.79160566600989
0.256028514959101	0.268760986615351
0.0748459706811501	0.0646242900946648
0.447404585590248	0.45733423304477
0.219981157539112	0.147921172187682
0.630615765271787	0.283163412141848
1.2091430676333	0.675679824629789
0.736060510403098	0.841529081646637
-0.483763531901407	0.55884287999238
0.147575912348197	0.135614226379991
0.283978240780969	0.270080444260872
-0.983318785706362	1.49906761476612
-0.563714574435212	0.520292942370352
-0.548143820221775	0.631796809140702
-0.18771555247275	0.169392175674215
0.556613790473671	0.497646517755489
0.948043097042637	1.08124633430253
0.581598690260948	0.387558906202645
0.313324865587455	0.32677996417737
0.258043248563555	0.298327252283706
0.228951501947961	0.14918655155633
-0.0646588045217579	0.0585474006564235
0.414561686278887	0.507030542872284
0.495519451060306	0.366623006895381
0.528039592928582	0.472373949026947
0.539817973275645	0.69472932814579
0.211026267851558	0.214353875631004
0.323251974425886	0.348517401212838
0.201178859016812	0.209685176838792
0.0125769329457227	0.0116155891315474
-0.747571999411353	1.22561422773623
0.360953186001239	0.360252094540218
0.113415106150175	0.111058555875672
0.359217879481889	0.415928425613789
-0.0877686693780125	0.0826297858594298
1.30031429860223	2.03309054505442
-0.0100109454272296	0.00593697690939065
0.911043966546695	1.56779177798981
-0.00458339188530404	0.0051857730863849
0.206405512456076	0.287736804023471
0.0463697389875577	0.046851272690739
1.04336051002773	0.866933301367603
-0.100878022597569	0.0752839668118438
0.342774160447131	0.253798900298517
0.106123666496816	0.0645149215399443
0.526300119448921	0.339856680549995
1.39664015521024	0.85880492964097
0.136359611100736	0.112975021758008
0.535612562308954	0.700965097371806
-0.307806927992005	0.352837729542626
0.112056229449752	0.114984888046648
0.012987270303644	0.0106650819633265
0.269011295327115	0.319123887908674
0.214011635745318	0.173128523195667
1.04862538970029	1.37440925125498
0.330737767757016	0.345079164464613
-0.0638879986249784	0.0350900026388652
0.988740938203036	0.377100744798547
1.21555546124278	0.650567842207465
0.333088078861671	0.262723197563467
-0.0757328122817678	0.0594189417027839
0.0503084811843376	0.0380805410094503
-0.0317108038199961	0.0257887283647886
0.14741943838438	0.123550189858786
0.219002711747733	0.162227673394986
0.0419115998778266	0.0299365537912028
-0.0121477268625286	0.0102507348882413
0.563161192258198	0.359394102985153
-0.136865546225626	0.102438123588847
0.288286710441303	0.140471848255048
0.317575327434611	0.336971585039484
-0.133547403940739	0.125244554232237
0.392939842084566	0.527064450420976
0.37175498217726	0.529775486242403
0.0100572008877117	0.00928630054720864
-0.197877627709509	0.200520203743852
0.317090840460057	0.269318426019168
-0.0525572049272729	0.0288555865676257
0.102122173861936	0.0963076453815735
0.284700130668901	0.351391925820666
0.392908109158056	0.532960034501664
0.189553507023047	0.177868619571474
0.211978161044101	0.15300737678112
0.676391522761299	0.616682633267842
0.433048828728452	0.259005560156235
-0.258105606539892	0.175630784352301
1.00443486687554	0.501113991781161
0.223401240266232	0.166895635575604
0.114863027770771	0.112396803680191
0.656255711710491	0.831931194563899
0.756360767574903	1.23096941471614
0.358583033019616	0.436807372769491
0.273991028924602	0.282881299062177
0.658768262418761	1.02482544471127
-0.00901456344600266	0.00765677697310095
0.0699749584924386	0.0704102044168085
-0.761923962401879	1.27038577020751
0.0656705850667238	0.0629789354529845
0.431740078767409	0.455636574067596
0.65563497112028	0.520951277973949
0.337854978840933	0.252303787242175
-0.192782461370093	0.257584992214602
-0.0648728954926555	0.074834177111916
1.25884686683603	1.59289968094045
0.0999509237248133	0.0635635734794644
0.827342472490367	0.888233607360994
-0.561806173583925	0.529007780380086
-0.410714769434411	0.302522044830447
0.328844242335011	0.146576004144945
0.772994087108871	0.8599187167027
-0.202752245588842	0.162937528629085
-0.543286271600341	0.658952260992234
0.236990682404841	0.225161038167782
0.448908753550229	0.535418402408447
0.538821723620725	0.672634970629534
0.280999459283289	0.240783409800735
0.0205341371467171	0.015400548903156
0.0128345048246316	0.00820490664781313
-0.286770735699641	0.268258834837973
0.583296103885639	0.484335882365174
0.375494654469502	0.146159971195696
3.91023572662784	1.71149734418599
-0.0361976613310743	0.030304762013653
-0.0300355038013578	0.0269279247626392
0.332758274406506	0.365377401366704
0.391985791193226	0.357428717661666
-0.00577928984449056	0.00422378089699787
0.810229580372292	0.867068064343988
-0.12649151894231	0.0829394811269839
0.921335677853559	1.1258246208275
-0.0151825838606613	0.00879389193129412
0.418636890408369	0.524074548747022
0.112049787543101	0.110056223468686
0.0948757976346413	0.08544676308304
0.0222531179358331	0.0219994142959535
-0.0334664194763102	0.0306888099626464
0.074000405103835	0.0742323205087906
0.812831054347375	0.888555161728061
-0.187009642063646	0.129268215514004
0.221810307120399	0.150972195850429
0.264760715185304	0.139323141246487
-0.0308659816148536	0.0253206297938131
0.0115486018298891	0.0104367809275491
0.0933533728888864	0.0991817788168807
0.615234900768858	1.12069625131553
0.379086175962983	0.598061090809237
0.159250699134842	0.158618805487554
0.00834985450595934	0.00725048240785094
-0.785729504134394	1.1065068017718
0.215055021311859	0.186900837029574
0.0895254048657859	0.0504954527437696
0.984214217415512	0.948776160569093
0.468373584426523	0.369883846811299
-0.475862921044347	0.337712370461421
0.107221926948447	0.070622012187379
0.414779829592559	0.358241983203227
0.325972739813202	0.333174511315568
-0.128495845376687	0.121072902393109
0.15566973314302	0.152716034564037
0.386808758303729	0.444437429014129
-0.60408570421364	0.720155292451266
-0.561212121189051	0.753925451953306
0.257180683012872	0.273383032239633
0.914778535146769	1.46413138138903
0.164879056961587	0.178867292578667
-0.43047344967687	0.518356669149855
0.654597672869078	1.14453829486994
0.270473545687877	0.266329056876132
1.39146085455084	0.863621192079928
-0.432724345720843	0.416178041479591
0.136451461861437	0.107470030331097
0.254617908276377	0.282702873791776
0.251470784765587	0.355623853916509
0.289434732593198	0.26656495521007
0.116947348368184	0.0774475279336586
0.373268940709263	0.357612815207732
0.5739075845875	0.481198156986456
0.499072646774674	0.372871240417768
0.279105704810779	0.269614034775309
-0.715213822590166	1.11268274527921
0.372450277687204	0.438546425068357
0.10288104845895	0.0977988977051084
-0.226705103133053	0.246542750982631
0.427018385259998	0.648806974005703
-0.105607376153794	0.0782329089111831
0.555818367954014	0.674465317308883
-0.230056671440508	0.222978357820884
0.470426427499394	0.526689043358393
1.03424023343007	1.61373250560173
0.633489632930951	0.828189452318915
-0.126385472935552	0.107403493166428
-0.308733982006723	0.202417502658807
0.356609024481307	0.352505903057208
0.278232277830409	0.280279003374592
-0.572363652061321	0.551457370009485
0.834070083641538	0.887831213538567
-0.188244849460508	0.15452366962276
0.239009807632982	0.134666563736208
0.345231338708259	0.510593892803633
-0.13382933118046	0.133036621337335
0.247050596217873	0.270808746220167
-0.47160865415585	0.60226841843672
0.154730583613402	0.154855615632049
0.167867634090714	0.199070706021492
-0.525309993294864	0.752228568458551
0.0662812347033994	0.0658424871400086
0.118989960815923	0.0841354365286089
-1.06633857856779	1.23024150313442
-0.510541553280922	0.400914083140021
-0.359824006947605	0.231428213197694
-0.265627315381442	0.352434597418588
0.0591000684164799	0.0627573575873355
0.311026295489467	0.440957568297935
0.591547903615848	0.958539088705718
0.134672732145937	0.151182600521983
-0.531809464872594	0.873688784245733
0.0411186948073121	0.0392217098719621
-0.183840577529499	0.18286449027822
0.243566584832524	0.300360954661683
0.714228244813046	1.08260566767812
0.63899189951829	0.676940678185473
0.0177053007734971	0.0113191179616713
-0.505112002994242	0.388310714348954
0.900182770629434	1.03008258479961
2.20446683549508	1.60272085900027
-0.768759183380386	0.678229617062443
0.214996731309076	0.186927907141359
0.273061885288513	0.268289401308995
0.980648902514317	1.53779618112102
0.293555478392029	0.338464386505387
0.492927901429856	0.629074872205888
-0.18075884920341	0.200640652692488
0.693124882442055	1.14398705480771
0.406164598083704	0.445053869044239
-0.0734286962338084	0.0709395709586602
0.404446304043647	0.491324723035765
0.57276458713877	0.902957288661819
0.166543508894922	0.182749071385599
-0.0538894284025452	0.0599121264804942
0.203601584198617	0.184017161082892
-0.34948933978503	0.220608359286948
1.10676353166052	1.37813548366054
-0.210154819911061	0.1796072915629
0.297133944515577	0.252697711876023
0.593692632140025	1.14166270445775
0.220832975030515	0.153157205903861
-0.123413073482515	0.107248290722653
0.222785610616862	0.159580463487314
0.638485280876011	0.6996827344584
-0.0516088720146019	0.0275833688388654
-0.252509611974653	0.17090759368754
-0.101857841311093	0.0853245246971415
0.347245805843449	0.408477465866144
0.269955718138867	0.281108058314343
0.606082047305338	0.819593358596983
-0.0606518087247878	0.0538258884213941
0.663070725215939	0.935561824498959
0.512848059327266	0.5435243612044
-0.281923424828831	0.285213420608934
0.141368705004549	0.117453875593034
-0.406412656709665	0.399349217043742
0.628794748442667	0.740722429661985
0.34216841566612	0.361085327655712
0.630605753519725	0.742422466577508
0.212648220033101	0.199225954179496
0.825485071427279	0.63077544086735
0.120831589441897	0.0856014670084105
-0.148638408025351	0.125288611439391
0.0403727248843571	0.0281957349611459
-0.0782186341625827	0.060537585783398
-1.19142509228078	1.53989909886385
-0.470641243600078	0.272533842919545
0.352248918206674	0.431747817591265
-0.052967142200655	0.0429887247728745
0.320062721268912	0.337230245790354
-0.00356209302188606	0.00334554021754612
0.508332102402978	0.705071638400273
0.388675362416277	0.560688421404449
-0.0362265896804045	0.0356821420005996
-0.50151626697164	0.71804988809988
0.199011337314036	0.216672236016858
0.0638757536854041	0.050205371342691
-0.487056115976705	0.53431185192706
-0.0957113403662362	0.0623265267862364
0.838504891714233	0.441480139695413
-0.463332458240642	0.632615806009138
0.469912080174606	0.652068232496232
0.109892102203837	0.112072135942784
0.212545929995496	0.265123205248869
0.246774971880916	0.292492950504057
0.109812901206388	0.112036419794957
0.457262865104238	0.667294932176274
0.0827625009342836	0.0857599857438946
0.215821219086361	0.240338211247828
-0.126932691175298	0.137003165424594
-0.0419501731010246	0.038869379998202
0.326757603027549	0.352607040818608
-0.320709819428157	0.339428421746879
0.863781298526452	0.901499650988637
-0.518046180230029	0.406768170411007
-0.871571097433874	0.590208644437704
-0.0613136770838996	0.0427635147065892
0.539757665754729	0.275397703608674
0.128606166896796	0.0918737924685953
0.374812601530704	0.361634425525625
-0.720708146915822	0.838305556755074
-0.657260362883871	0.862667569884553
-0.88055534744363	1.32863719907553
-0.183587304365747	0.178810050133639
0.648612526089246	0.966535003431749
-0.158313388456541	0.168902696058631
-0.942990519597517	1.53964797748028
0.207704917395915	0.223771775937407
-0.496739474197298	0.502201402348933
0.392689321997657	0.529497884334051
-0.0035241706743294	0.0033640926168717
-0.0568612237609875	0.0567633056991986
-0.43826233111209	0.519213161897461
-0.752433789365783	0.518680006644871
0.338801985788492	0.261320066133454
-0.0328278578614077	0.0272736320629868
-0.205442607313261	0.199724535844293
0.034947660971583	0.0332615523818063
0.144559782217212	0.133727170770537
0.00136795562111018	0.000806867558914176
0.147104817917642	0.121246657598139
-0.365906325383094	0.336337423233949
0.0600254542644982	0.0433833902976759
-0.256975309145038	0.196771101996526
-0.279900788097322	0.244315456097515
0.332569715965275	0.148783475246266
-0.0494018609438465	0.0351922284673422
-0.279914012765247	0.317410215671886
-0.335980403995015	0.386599541471099
-0.0456146804316885	0.0419469016815596
0.344369042411586	0.418677998478908
-0.349340288340442	0.417490638628999
-0.18556179542679	0.152890253197428
0.139217373120392	0.120276797162294
-0.432296719703247	0.417771163719682
0.214838435244661	0.205686606803559
-0.103142452311101	0.0887777051522844
0.450649384338057	0.457797346381394
-0.00184488391590621	0.00128077354270129
0.143425765084974	0.124122565879529
0.134525447387216	0.113109987385548
0.114389769299299	0.114672690474664
-0.0361921525813339	0.0252130828128468
-0.21352057754485	0.184934309891517
0.212939796994647	0.211100738738293
0.215227502012895	0.194000830317793
0.0202641790151268	0.0165737115679765
-0.490641202451197	0.425805143480025
0.220308259637496	0.145491621001896
0.142642009930145	0.107656446054016
-0.150888832530361	0.142252945372181
-0.362732382366826	0.385696375184988
0.351186500623392	0.425501237878554
0.41288767454018	0.443582352620019
0.113014156531072	0.11576011831783
-0.203778266413075	0.231055181780124
-0.176093634812098	0.188469534197738
-0.00570560291524685	0.00487700880520213
0.504537800483767	0.54658150950047
-0.377319282147239	0.364876806330734
-0.529671814807235	0.57845932290715
-0.00603945981331969	0.00367735680448956
-0.162624731649957	0.164210569615755
0.372580193429218	0.521847907294704
0.230004728916903	0.316844605050027
0.21794243392509	0.280330635953247
0.221507717271855	0.299823410680325
0.496399167563751	0.621180666031609
0.208633073267225	0.226850109462924
-0.208590799931908	0.231744659007276
0.0223508251195475	0.0177230666955731
-0.2212976559339	0.240312087792238
0.0335607743842811	0.0287096174394472
0.9040664975917	1.03584664766343
0.698879467595577	0.697254283853487
0.729829710594216	0.634726197378033
-0.459420534269814	0.368743889091399
-0.126663508379691	0.0574449955351043
0.777726336241277	0.660957525889781
-0.211820514829003	0.184189827727424
0.301588150162963	0.323555776863169
0.14325802572113	0.116501411086907
0.469674583891042	0.610181422073118
-0.0519781743980006	0.0475091098667154
0.251713810362562	0.243545168840083
0.339255204103836	0.356731466124306
0.396503749357509	0.442288054715722
0.600972424180959	1.03452228878689
-0.168113570794373	0.164690762322084
-0.0428458076433751	0.0400469715255095
0.0594696894641872	0.0462806238219486
0.106906970013932	0.067745454569931
-0.129738771992613	0.0991216048488061
0.284780145263967	0.265187371832754
0.130325761486563	0.108567106709481
0.152037898325871	0.14553843032113
0.11805871771484	0.144259478746612
0.224533369706685	0.247597591041248
0.0807078850457059	0.0715042219489371
0.384609618682456	0.366234617328389
1.16966866287046	1.55399708868775
-0.151223013879912	0.138111368359648
0.479028117633187	0.543337718347034
0.481954967334755	0.464442403814766
0.219264673670576	0.163173107955649
0.302533045520164	0.35510779483618
0.79552123288718	1.42620648720492
-0.748906242627616	1.19325779360056
0.169658013911542	0.192607630703244
0.550866394370917	0.77983731611212
0.0870573735996295	0.073742430738266
0.417852509566667	0.432514560713431
-0.530174287066534	0.637339595464386
0.789080777682795	1.15870050895748
-0.0192229290932136	0.0158021494002443
0.218267274180058	0.234443950865926
-0.46427915991676	0.54323723008835
0.367278795968641	0.361557412188452
-0.420851280693596	0.529988134797923
0.463175291587175	0.604972219507309
-0.466441820768232	0.484216743746992
-0.0277041371133551	0.0260134578924606
-0.0810123756611331	0.0626392609451661
-0.0425628639561839	0.0244488107196489
0.0596803505588535	0.0458801991212611
0.489335730972387	0.77385271663334
0.415742257382904	0.526425031025921
0.494973808647394	0.621920336751341
0.382676261150028	0.509491139549335
0.124267901335519	0.143831782259042
0.0165140030810078	0.0166284040579473
-0.403591336702288	0.547327222024895
0.146348670287641	0.175469768510198
0.081249936383205	0.0688520380233878
-0.013614062740485	0.0100917924717173
-0.0648203970912859	0.0528691634063475
0.705883091300809	0.523482775231773
0.357872804383443	0.506247450218353
0.634606331488272	0.975695680148504
0.302260266193349	0.346219690910207
-0.248184211321482	0.287796461839998
0.324368574364318	0.398615706919374
-0.0709901022052927	0.0617976278138722
-0.0673659916831738	0.0601294740968182
-0.216054074107182	0.194838113719487
0.226118165098598	0.181191912683499
-0.62359192807479	0.500677633644624
-0.71642162817135	0.765405738425695
-1.16171080223234	1.39194815205555
0.00253232068833299	0.00151721195158553
0.396805940040021	0.366119796412885
0.131910894274019	0.10189301982382
-0.434385917556289	0.484126578803043
-0.806031560658399	1.14494849802469
0.024719964564151	0.0232319684538285
0.216718284355778	0.238665083061231
-0.0298081162892153	0.0250628690725329
0.305063746969332	0.346316777721541
-0.0050411223878601	0.00433434131618121
0.177237110256754	0.205081356797233
0.0640617912702541	0.0624227297291251
-0.136927510770592	0.148959372619818
-0.167127726791467	0.135379409179974
0.705122167630095	0.871034014772892
0.0252680638756091	0.0210361900567664
0.132450026479065	0.104216423970426
0.831978748698181	1.14853986827105
0.211747469485341	0.261567235041142
0.553690873394761	0.842114910939538
0.397197819273022	0.533214218446087
0.339444527354044	0.440726346663332
0.0671637090412145	0.0655207177979332
-1.22751243711683	1.71432760306255
-0.892581061507371	1.65345274437562
0.169747713862653	0.19666260111606
0.074052357378368	0.0756151907114779
0.430215847569572	0.524504891174674
-0.237481743311409	0.231612469660615
0.963066765733037	1.60222754218194
0.291716771460114	0.365916814345562
0.0417490870491802	0.0372095735545866
-0.551836637851416	0.735234697792723
0.588789155620381	0.994487183168656
-0.00701220375059463	0.00597239472371104
-0.255191031580151	0.259554271044135
-0.400621601797332	0.372418153509382
0.0807228765516485	0.0678838812309041
0.278887382870362	0.323242084763985
0.552173378538339	0.719047287519318
-0.048267964902847	0.0462065256288857
0.745580231795963	1.13577037465844
-0.22410954633151	0.2650417147563
-0.171492521024598	0.176619359149045
0.258372582498981	0.305995545074604
0.114554139766798	0.105466451851871
0.202123311076196	0.220703405918939
-0.246376627361609	0.293141632722977
0.171836745043278	0.17717444157637
-0.0108313648294827	0.0112490365223923
-0.41405681474045	0.565738758710016
0.116701084834719	0.118569030447883
0.259762208790901	0.25128008919122
-0.358697870872386	0.410089780781863
-0.146881322423688	0.159384164945773
-0.544300685859062	0.70340440602815
0.123711916564228	0.128331160776109
-0.411057645761155	0.534176783675019
0.320003364724809	0.453804497031145
0.000561380247713176	0.000457118047271371
0.2057738021671	0.285260254726383
0.032919372526037	0.0322660485986105
0.325657416793051	0.346934819509388
0.247329311727362	0.279248670366324
0.386505003063494	0.35459200092452
0.0577923474510391	0.0427875247879394
0.473679899704367	0.598114388945319
0.431149155217954	0.439074639343489
-0.787058997153809	1.15829879488154
0.0342729442279878	0.0287177856484015
0.145217390984763	0.137918042642289
0.198981147379373	0.165248241633827
0.0850778475158931	0.0728298177620509
0.341340340031	0.353820091519569
0.364796366154945	0.425001030442376
-0.0237687748982855	0.0199467672014112
0.347853985841923	0.341530011353958
0.141160468226831	0.110834110323505
-1.01490324988313	1.62541036899299
-0.230781639202744	0.18636204380808
-0.614802157547722	0.665917298753168
-0.566398984594051	0.614280856511437
-0.168649558614031	0.165905992689801
0.0736927860778392	0.0576114563684454
0.0127746856475034	0.0100629756787892
0.638340677492122	0.7030426380195
-0.552775637943304	0.632303234145953
0.0874460183693657	0.0728572426979479
0.134434611383224	0.0968975464970818
0.0785716472791287	0.0653503325711486
0.309069718105304	0.332526138917701
0.433566113006244	0.592157645587592
0.466688758055752	0.613327423366309
0.316522841300123	0.35308735437477
0.241765990207659	0.30445494831554
0.557247162614942	0.918235408954951
0.439960955564774	0.525128246407269
0.0937986257330785	0.108924982492231
0.433332735351519	0.56718580203404
0.198045272495078	0.213144233149908
0.327084731319046	0.326647260478255
0.499935376958968	0.783178827082493
-0.428480630311344	0.644550309959239
0.200799038551961	0.218955402665408
-0.0273812241169283	0.024729625166555
-0.3965980456684	0.468157508665964
0.34443098931807	0.416719423264849
-0.129860110757953	0.129838927243293
-0.347120656840226	0.402927864705317
0.672994342737653	1.04825789807653
0.263308874513787	0.331114972645008
0.186138916738869	0.180515384940636
-0.875492096722317	0.692602973971289
0.314037125419572	0.251099340061147
-0.0132433743928334	0.0125465605992171
-0.707740672950014	0.965701629300288
0.0472182075066186	0.0442884438390666
0.290163010356343	0.365243450431161
-0.23295551879989	0.289610391126635
-0.504428340600084	0.778113057352063
-0.0990416570115009	0.109653008254049
-0.149586555619404	0.160850213349085
0.604354487189199	1.01856249781483
-0.1684209998719	0.182846255420435
0.0722876663139735	0.0755246984558409
0.0338749783338886	0.025426323173759
0.340245487764515	0.408296279862774
-0.35676383714614	0.542865642335808
-0.0219504515455592	0.020612445703443
0.0627873544396148	0.0585639547884842
0.388504088304119	0.445000980981127
0.29318607127379	0.363164000338831
-0.0879827997130916	0.0785797490856663
0.164985550395951	0.15153285695006
-0.249872303218733	0.327185382890405
0.0309838822255653	0.0304957976868231
-0.441039355755841	0.577438490557422
-0.498736830667058	0.709346629280061
-0.397422311350988	0.56556773093535
0.0516136698478108	0.0528125200426993
0.0388972442466197	0.0439456782525175
0.0507144425326463	0.045790926701118
0.160460795639381	0.182805095495447
0.0500880989942703	0.0457139619854236
0.0534881011382233	0.0486031215878636
0.398417768562438	0.500178974718673
-0.222224431168336	0.231708088427255
0.332370073464972	0.364156825056262
-0.0141776986917139	0.012010867318292
-0.307018036845694	0.308832323959362
0.382554882443874	0.44085189210878
-0.395283619957796	0.3862720881166
-0.0651632050390999	0.0528849067080748
1.00668223959165	1.40835766076764
0.331647467864886	0.326199547974892
0.396330566743385	0.362870534529684
0.672959634035177	0.8204462085032
-0.298485335373543	0.255495933440872
-0.160843771746417	0.133667715161464
-0.122312147733017	0.102737654110317
0.00697740861828516	0.00471778305674985
0.328643250511985	0.357978681401039
0.261039585274277	0.280285537914234
0.651132754498799	0.834794368960598
-0.121394545852586	0.0930009337431703
-0.0116172026703311	0.00973018897232881
-0.0989503336459613	0.0859683588459615
0.147359423420528	0.137513101070938
0.440981498512646	0.435238643709391
0.362985461065278	0.358194459917661
0.0836689359910518	0.071689630748608
1.47354826373637	2.05730180772536
0.218489389133818	0.163851007915806
0.820995320957591	0.776193512450162
0.119122664311606	0.0735347094171883
-0.530374753411621	0.584165027397108
0.254757519799945	0.271916863849892
0.337422241855254	0.45257861459299
0.076732983204586	0.0607215682348444
0.266020429852876	0.272971663615752
-0.123993598347006	0.123556083437433
0.216821775331509	0.196156660813409
-0.147834438413123	0.139237126085534
-0.202036806269369	0.193225214338273
0.403157638953581	0.443211407611879
-0.0359729059090701	0.0205632436922571
-0.217736086909791	0.0824792913188234
0.327893287630133	0.139338554920737
-1.40419322043743	1.94418350884767
0.665900363023608	1.01861571129837
-0.541528706367672	0.621509843416023
0.247442468070413	0.266475784259762
0.729915278936411	1.12813226518117
0.564251387274422	0.587471222677295
-0.44300223589914	0.574040816410902
0.256050101353464	0.300549825667135
0.653841472697055	0.756389797828232
-0.302399033022145	0.255703757725761
-0.144864136176089	0.107058226904518
0.576967274919106	0.381479933384378
0.549507327376081	0.564845882370631
-0.712560698867406	1.09457675798875
-0.61658010168672	0.807940513186418
0.357156391419862	0.411106516665892
0.61234369714175	0.884322969961606
0.296375923709508	0.371771401578116
0.0809614697192875	0.0818822494219038
0.0414844436031069	0.0392443795820433
0.536030100185806	0.780858217760567
-0.30698287343006	0.374147864514359
-0.406176401862167	0.544555381427404
-0.456868360039917	0.412524029781603
0.462004310499303	0.511815336892112
-0.0169790485382044	0.0101063221904524
0.251877883722914	0.143519436389536
0.481003375259047	0.681905270497156
-0.229816756775844	0.269740106212377
0.320847395037543	0.434512681502155
0.068485919758777	0.0801529395362016
0.0615712141865513	0.058439305800167
0.48502189044224	0.696839710477641
-0.267220016987738	0.322284214146737
0.326471248756034	0.436832925118527
-0.0812187427170069	0.0856840224599657
-0.352268502817862	0.460293506734993
-0.194233590661227	0.20498909812065
-0.115192401364099	0.100003684652325
0.475315011441783	0.446180117937139
-0.170727408484494	0.124213934970042
0.116235761665344	0.072596220294203
0.041981942717181	0.02854491306516
0.0886980566229374	0.0441037488822754
0.33145422037647	0.265410524204867
-0.0815780760532685	0.0559994030981027
0.569153631271196	0.659637802721242
0.457732298194009	0.60423055154423
0.32210358677447	0.342550864735317
0.879068133231994	1.11812491062524
-0.133296239805811	0.124385409508692
0.422929807652642	0.441149553990812
0.2779536207443	0.284340022155763
0.556006406031643	0.863887482084408
0.207008547726665	0.199318374325335
-0.435510200786471	0.565822101116253
0.00292872840731898	0.00269868197594396
0.47465508434446	0.754339983746038
2.03174957486543	2.85905668294572
0.893933751186573	1.01045853008097
0.766795931883731	1.05925271769128
0.943879280267349	1.26337768575903
1.07531664914645	1.5325058528312
0.22154403426115	0.169479016910674
-0.360977090484973	0.326171339938645
0.464498252376674	0.537560800052637
0.0098452428862379	0.0076023067829306
0.433461610406957	0.574346397961018
0.133624867821884	0.127763762898785
-0.346656124109085	0.401203006274265
0.547427562054882	0.782433226288586
-0.113867244025071	0.104719852239931
0.792046622049398	1.08467988022723
1.46341643095531	1.13680742530825
0.083357926668356	0.028685655847563
0.373862197809788	0.35248832526728
0.207764118164852	0.204751042980203
-0.12641734944778	0.109978051214204
0.258694119012757	0.258190390558943
-0.198144100836735	0.189708751837676
-0.406361597564831	0.361319419918271
0.264304533143086	0.254436144492297
-0.285205988791696	0.292400208818748
0.487778305585305	0.362695667702077
-0.435572190926673	0.405732529904023
-0.105684935559487	0.0820414146058054
0.697087683593573	0.737096831717494
-0.694875060515896	0.936754961622678
0.0987114648848673	0.090621255978422
0.528860910470404	0.675131699998928
0.271596602030289	0.307820288682407
0.263679146259156	0.32407785784373
0.161373143837036	0.193795228084277
0.113811102285241	0.14281562557113
0.162814182714443	0.185382902425777
0.158031005450107	0.166816793565757
-0.317732682693947	0.293440989158925
0.658578153832289	0.69485662300597
0.521959636818897	0.451917508986669
0.227167639254928	0.159015543615027
-0.284560499147395	0.329275173995436
0.0375664300961217	0.0420369685871736
0.247933386661266	0.359552611040316
0.421487581959871	0.734113296754709
-0.0613177167204901	0.0634263396353757
-0.324743585615959	0.456792017361333
0.660388906419144	1.11878142572034
0.454324204037091	0.672700895402512
-0.106244239278046	0.108436384323518
0.025904743067138	0.0239216739813836
-0.498202686564542	0.511037497241682
0.770395456151412	0.653896710880322
0.374468920205434	0.354735557915476
0.0999509237248133	0.0635635734794644
-1.16718689768763	0.812538038294363
0.218058786016177	0.16114594291365
-0.138407746076663	0.116134941077455
-0.259874099347303	0.265063873159219
-0.146984217638416	0.146587731754966
0.257782963100965	0.320939599397327
-0.0941315724847712	0.0906792046407945
-0.0921794223297103	0.0895950907222236
-0.452424779631322	0.642039176828275
0.00817499600331158	0.00757292713407834
-0.215938751466458	0.274189059378634
0.151822363272499	0.143169720616363
0.333063250961011	0.443440548050512
0.0113350193422504	0.0122204561294288
0.447504739929256	0.674785474139327
0.211633158433801	0.160614033307449
0.795680996538479	1.00314234069414
0.814026974154612	0.981713378621617
0.707373418721104	0.511950392060716
1.56238891952192	1.83048534821405
0.271369126764947	0.280506691859678
0.356901592685579	0.354178470282037
0.85422554541232	1.33792410621934
0.458809576697339	0.668729297764671
0.387928114065983	0.481983006687036
0.613629529478465	0.8970959721625
0.450072763562643	0.440706739300813
-0.405970942341707	0.447027378754782
0.304096475740586	0.260413943560562
0.0838947304766997	0.0452895415027259
0.221654948363548	0.178202938530356
0.318270960942706	0.340424514546655
0.313934048428432	0.344109623982921
0.728084254152084	0.978802942690277
-0.672029107145333	0.759950796717332
-0.249353903361797	0.195715164694872
-0.511292520836391	0.597165256905972
0.137549654114853	0.115645149596307
1.00375352367508	1.31219649137363
0.289772940932675	0.268351350099685
0.0385450390860668	0.0346065895278451
0.281188586903242	0.274416682556344
0.0760915442777691	0.0641688173660139
0.236070641709906	0.24246680727484
-0.175475754758172	0.186364315415529
0.012872730173425	0.0134784647127759
-0.0695907007052528	0.0737368924758592
0.775200066984477	1.22060415995249
0.31655893172202	0.336696454498249
-0.144322161566944	0.107136570838057
0.418411338295746	0.369965207353515
0.812699553338577	0.884630535114546
0.0817065119607849	0.0406324401268162
-0.259560664554563	0.286072000150619
0.101606571550275	0.108713439782924
0.551291071469143	1.04912072584385
0.0858162705874556	0.107455954352021
0.193354144721642	0.25638636469121
0.18249002750073	0.23125326432638
0.17502329404838	0.200028437171781
0.306472856899475	0.371253532309776
0.3372117475541	0.434408161759784
0.189346722130193	0.183477813665152
-0.240819626458771	0.283426452266582
0.102465325219829	0.0961218141415796
-0.403567814012512	0.369610263303801
1.04872225036946	1.34277322802468
0.572978506435855	0.467379100166182
-0.174745430526435	0.126220983709041
0.946770668780838	0.831689994335975
0.336674380871695	0.251869147299797
-0.330014347843248	0.296136020889687
-0.0838669007730625	0.0658388415885412
-0.211091451659525	0.204760391544341
-0.767278447413078	1.43237664372204
-0.193472760579036	0.188903672575768
0.159095461691556	0.16463491853055
-0.455936622653841	0.661911728612738
-0.00711070787786239	0.0061224345251053
0.039640049976486	0.0384899074874065
0.349875019658639	0.41781966808237
-0.00350599129877032	0.00361597407028244
0.348712296318049	0.510799033452192
0.329726376377869	0.259645909608166
0.84882692970495	1.00845849431987
0.548515926259116	0.474300604359398
0.218690444896724	0.166768358249772
0.688143977861765	0.974211179155308
0.865170969926205	1.26162118923792
0.481152327511761	0.258755449722135
0.433791348329265	0.260523362797263
-0.061015469343654	0.042848291730511
0.0767835683843911	0.0588098497849893
0.162863026141736	0.149879531804524
0.136760216662608	0.109359699164687
0.663304097739679	0.946248399922207
0.735702198863306	0.733743804249281
-0.435432963490637	0.485247182288315
-0.48062745158995	0.59262402619871
-0.0722615908984256	0.0582167819147862
0.50632659555884	0.549643431309441
0.508876060818917	0.823463306016725
-0.356425643449741	0.383847886967385
-0.266209877877683	0.289615380516062
0.198881909814432	0.225064734841394
0.697417913430667	1.00601580975743
-0.137130875097918	0.176075610389065
0.357880658135696	0.524993377881451
0.0249128821783641	0.025681090581097
0.541457630983219	0.779871514354962
0.267324959602096	0.302015125272041
0.344958526630134	0.34408043133422
0.573486234337115	0.587129375963411
-0.27478543329244	0.261402837574539
0.0190011062347273	0.011975844203184
0.124159225232141	0.122212999299262
0.00489424830944207	0.00490625688373151
0.344149217602246	0.535624740483505
0.219955245501599	0.310362125432612
-0.152544035167415	0.204533558573732
0.237988755097376	0.322750356830534
0.287651962477961	0.355687127551415
0.518223237552589	0.885368023661423
0.121267648946606	0.128513257029943
0.400922944786191	0.597743071866004
0.783646924545055	1.37949775354088
-0.354089488212608	0.44206553032777
0.145551546624469	0.151156380166675
0.614456527282159	1.00539876296397
-0.263996640484232	0.223962116181514
0.215500441313965	0.177964486151542
-0.297699183488839	0.19523565450167
0.00415874340703373	0.00242831605913319
-0.256679487550987	0.139457875666653
-0.0171473352465096	0.0124977129514275
0.777781598985054	0.954754787740913
0.146457920197306	0.121116132684539
0.15949721585181	0.156469239262374
0.0944995087305951	0.100362643678823
0.445440938324502	0.663154104007899
-0.176141380282731	0.201819747243277
-0.220650451659113	0.25858641495014
0.683325929922605	1.16456262964475
0.257136848491559	0.319724512863931
-0.243715183867438	0.296792499534357
-0.0729704388650663	0.0862653645024708
-0.0297875894740898	0.0327136838259265
0.48024330677456	0.812156567224493
0.421540546214478	0.353233311115671
0.488163639274693	0.46209691163324
0.0925867727331043	0.0765713015828754
-0.00852847651091708	0.0062350567640759
0.217424206174288	0.282768069342401
0.380069756390842	0.360459657911731
0.975793121615376	1.83493680736179
1.00432205325681	1.06525298872073
0.0902213998445425	0.0410046386240077
0.506904384448354	0.629381268785988
-0.597044114224442	0.488849670144659
0.0746153650575533	0.0614303861203078
-0.572880761133977	0.621861484450243
0.481510673858309	0.472989720200254
0.443699923383129	0.504555751159492
0.568858552151474	0.530006715192652
0.999692167607517	1.66226642330203
-0.552955385761236	0.760091877108094
0.117567281676718	0.113124015741432
-0.274712604786534	0.296278022370283
-0.207634849249617	0.25843935137887
-0.0833200297360933	0.0989165797814512
-0.255352623813461	0.295548820321812
0.450906125786122	0.601587592521564
0.0721459479759958	0.06999528747627
-0.457034071010731	0.461780313688753
-0.967768072176119	1.1954600975259
0.435397193482922	0.361835895870205
0.419642114361416	0.243748904094956
0.0395664675996745	0.0349150647183048
-0.104421444203387	0.106940451053444
-0.341782424867568	0.472362921048094
0.171797021239419	0.237094603757892
0.302248644185893	0.416548945373033
-0.157391129420138	0.204132009928534
-0.0389810906880821	0.0424351313476294
0.319622862649692	0.48510432678004
0.25501060377453	0.314947889115935
-0.0523418823111615	0.0547371640459611
0.015192134585409	0.0158421587341428
0.0781370003975285	0.073080165924278
0.179371480734018	0.218950308500548
0.0523185320706016	0.0473842183572394
0.167960629565647	0.1643698382497
0.206637124284551	0.159226170608688
0.773017981123353	0.776548061509741
0.112641516604291	0.0708880025406808
0.219369560039484	0.181605398611068
0.719888527112453	0.629383928812186
0.419122199490242	0.366543909081819
-0.433359959969053	0.37286002046798
0.259836524911349	0.282684666828692
-0.237040657751166	0.25872181826408
-0.220215676771883	0.244692187187534
0.252037408591708	0.271583961437001
-0.723559796845818	1.15862223957641
-0.426565791654175	0.524244687820019
0.312461728639022	0.378049482941892
-0.28066317982507	0.364606735172111
-0.114081382053494	0.114562511113702
0.30407312622355	0.429570250491629
-0.181609646492073	0.227381857335995
0.428543163758789	0.682218305945133
0.292424339472744	0.254300805675528
0.285509632264095	0.353215398427212
0.339334774939837	0.422424240884113
0.833923158942084	1.8739342520349
0.323291541192485	0.469935461035661
0.521540749001082	0.561071325989151
0.215059352312776	0.151216975287157
0.231588723612466	0.14202549128844
0.494425613721609	0.350794503639577
0.262918766231983	0.136287763284431
0.454434390533673	0.462096454526685
0.283952551741022	0.339348936514295
0.155609797118309	0.124117357585288
0.749995657184021	1.16665363397928
0.215337520946396	0.157740558110201
1.50934618826082	0.756095966324632
0.502032668963386	0.459545720044185
0.45115554009571	0.584351440103104
-0.348496146990771	0.34208507253648
-0.718345741437787	0.744054019363324
-0.506835676303162	0.495193359157838
-0.854149362663091	0.79831236808313
1.0472449741138	0.874473338999063
0.121668956780025	0.117639451216669
-0.169824266403929	0.1624812234273
0.170249784513947	0.181047460067563
0.199448019031479	0.242705812986379
-0.00762532111241633	0.00721862625211095
-0.216087802993037	0.239372433396626
0.0281727660638079	0.0262005004445822
0.192673309127015	0.188974858790734
0.215795325556216	0.166094998614691
-0.839188817014276	0.989822263082567
-0.407993374211623	0.363196685851066
-0.102060723829972	0.0494332164412129
0.635571031741534	1.011637922782
0.325789432322094	0.474031626578152
0.395970123173609	0.606024035847547
-0.375343805969927	0.576385479913408
0.498716063168646	0.731549176955791
-0.257054037613425	0.388615050919435
-0.42805167363531	0.776839620878391
-0.0250751834794535	0.0257530418960094
0.278900957017747	0.384848756641032
-0.16535260834463	0.189803517650748
-0.0900022295087713	0.101149444701832
0.244234710290482	0.282097315223408
0.195593983462527	0.256037005959271
0.357598757806083	0.445728354053015
0.689443202151291	0.987069583837387
0.627948432050374	0.982770468651075
0.211059142872568	0.160952948852765
0.7709821110135	0.842717557790291
-0.702587239286249	0.665595348460397
-0.524613119664077	0.485108124394539
0.0844157326769377	0.0386076551846685
-0.859250154405523	0.828421826272032
-0.308802146979903	0.288829156604402
0.586342593708143	0.729619504552875
0.359656016549732	0.410204778647992
-0.610649610132977	0.977884427906943
-0.195861166673776	0.210974967291258
-0.450122005285941	0.650904402255312
0.520734020129218	0.75694636404063
-0.273818935239843	0.335623593521943
-0.363505188860624	0.58045580205868
-0.0907009277694867	0.0873124242838774
0.925847005014717	1.85464230048657
-0.163805210724702	0.184606731601955
0.152980889505698	0.203243202290565
0.497366976522087	0.459512045171989
-0.0161314961203527	0.0135384012534911
0.290661770035916	0.393844629041905
0.282314978005259	0.383836685932481
-0.117618592712826	0.137837016006977
0.328345529507669	0.439455015882686
0.163938488993094	0.175650196152393
0.162537389955382	0.154892504621209
0.401259764202935	0.363108042247073
1.16013637195543	0.927568876193877
0.255116881618884	0.127862243739588
-0.153130678048636	0.127859651460836
0.397810265298746	0.435726954961408
0.209969923742893	0.196308760609468
0.57104030898378	0.782354641655633
0.0473635011778666	0.0413268050099347
0.641966952530653	1.01018651780807
0.436827264073558	0.4194542167172
0.523005790272033	0.451038181691583
0.263521619383854	0.245845484885777
0.149752749598182	0.128641152270497
-0.248029592243256	0.195711763704987
0.383975469897194	0.4202363804445
0.394077008698867	0.354753616794431
0.658949052109129	0.511359362469327
0.100008838068211	0.0873173420540222
0.0131694264766601	0.0105088304557423
0.768125934871793	1.14960874462915
0.263700121383944	0.282376244565151
-0.471379083720566	0.77163626776646
-0.763804558185224	1.30083922816279
-0.0172775187668845	0.014611968745796
0.457755576828825	0.538455846722425
0.156844876666539	0.160583986477018
-0.191017387962699	0.154873310141685
-0.316327671388101	0.235824287968105
-0.0615744193395764	0.0427737840931415
0.879857515803206	0.8021400741394
0.107896323973662	0.103956043726645
-0.42332259161119	0.531325887807788
-0.304549692082679	0.451343888587507
-0.0475045108428313	0.050589588855769
0.105559972479986	0.119412610939762
0.16354688169875	0.209093738039791
-0.234017232871456	0.300886064611859
-0.0602318834456626	0.0630881938519741
-0.278941956825205	0.390963219859814
-0.18649057700501	0.219775008332266
0.023776567365332	0.0254449871974255
-0.0708186245733522	0.0766661929634863
-0.167275153602059	0.201835804559579
0.860548109510835	1.4001624559628
0.741931442733071	1.12858988778555
0.369785295938571	0.429428236981837
-0.270061849133732	0.270279907168197
0.511675215610395	0.539940014749934
-0.121597208007548	0.0789732080841884
-0.0652096308441774	0.0446442881463334
1.3026954311441	1.06199206999023
-0.451629540087395	0.359420493722131
0.443665419066324	0.517779545705045
-0.125002421053913	0.105813843960245
0.0439856439845287	0.0383697645819503
0.0811588319594018	0.0715007931380953
-0.78368162546732	1.08990400780464
0.722778352419293	1.21932928691513
0.119504474419485	0.128158367544122
-0.218358803287097	0.224243828908473
-0.488020502180923	0.800543001166237
0.194232349488216	0.192689224316157
0.50121862433434	0.772500908365672
-0.023279151319713	0.0213860025675398
0.628179452489964	0.979695683787523
1.22330734914423	1.87708728503758
0.133243312501085	0.104308261330435
0.085358143342362	0.0716631036286876
0.589498073097076	0.738581537360421
0.147709222739154	0.143313274266826
0.336182107078976	0.443627520932902
-0.00809616304345929	0.00761423744835058
0.0868043634440643	0.0910031973990183
0.147955571444123	0.137034708978063
-0.00174146601298127	0.00161280672480192
0.22488029112524	0.183797934485736
0.215468016707105	0.182884323178771
-0.182014685561349	0.151071858905692
-0.697658050128701	0.678312956071107
0.370151360185935	0.254534517090269
-0.443903996923661	0.431062888243812
-0.785447754058838	1.13744101913135
0.257567542541567	0.284064794685273
0.314445122085393	0.363428994386672
0.310056172300607	0.415525485504246
0.787272890935943	1.08303794899596
-0.37855186002297	0.338926375064619
0.43755074307582	0.518884110385883
0.571097736374592	0.880086813357701
-0.106215623853689	0.116231435914689
-0.383165067902855	0.528071941273327
0.415271959096654	0.526601437074195
-0.403179794272773	0.478284002542703
0.439204106427115	0.679933684353111
0.40717906938743	0.601489767082533
0.184774709422154	0.21329182294657
-0.617091092331087	0.769775915687705
-0.172896376309162	0.181983895613141
0.990494539246933	1.30925061978733
-0.161518237178663	0.135414684302158
0.635286405737827	0.399714929758057
-0.151707539192833	0.153090592745293
-0.218112726862063	0.268694918647099
-0.0103887770909087	0.0107318752943129
0.000133520409958276	0.00009747955989889
-0.213088911950859	0.275467413095856
-0.79350925970172	1.87150072870532
0.305009341707165	0.479613502955545
0.103612372023679	0.103624163040343
0.0101877875080239	0.0106229099792488
0.0822188606485286	0.0911542826673434
0.283477634094287	0.356165831009243
-0.0705366203209519	0.0777736854968513
0.120297733683624	0.13158907413964
0.862581920977678	1.54774557814497
-0.217469811838204	0.226493499452609
0.260594131846061	0.271764940288391
-0.118522856528242	0.0889244036071144
0.146459474036786	0.127504511166193
0.47217816163829	0.459093152215276
-0.36114709994842	0.268105602968865
-0.045992914001944	0.0261304876670157
0.603049776113915	0.574385018630209
0.599689448619724	0.73525378623491
-0.171370932992738	0.164548101204743
-0.0954907661514083	0.0881785222739078
-0.457380108009319	0.693261807502125
-0.179328198604019	0.179108691330202
-0.759131716505228	1.31750881759846
-0.413068484347126	0.611072612076496
-0.104233785139605	0.100772541447048
0.202543750632851	0.208364966635547
0.420591450428312	0.526369596710146
0.873048405552061	1.76606546317282
0.284991195338879	0.400542779016907
0.0128960817663896	0.0134371745394135
0.0996812522496474	0.0951842408435427
0.2837804851949	0.262121784257578
0.383272345165769	0.350236056805751
0.334588651099397	0.353009445985684
-0.0527740151114664	0.047448043845278
0.365852020979842	0.465311607608844
0.121707637922917	0.129437982848575
-0.516059585279691	0.779569246618659
0.0617659179701616	0.0582053253550718
0.575860293375257	0.957553928717779
0.583900565196059	0.488079718553841
-0.475902384805701	0.448971454334433
0.30674839592696	0.263710911397857
0.511674497407009	0.478393030486428
0.769456817079761	0.760318108619182
0.0967752831769211	0.0549362575243279
-0.0253326081058694	0.0176051865880306
0.34589844930467	0.354228226055901
0.305516007946962	0.340859923227407
0.835128314524587	1.27605550110826
0.360212333099098	0.352840765586736
0.0281509505261018	0.0230384922477725
0.496448611406985	0.516328731005239
0.361194643674349	0.254497234268634
0.958359486032748	1.05695232121016
0.555998222706462	0.472452547350252
0.722286917480792	0.892664637969136
0.751769084968716	0.977711901888593
-0.385046561364095	0.438270073783023
-0.546142946507464	0.683020744609215
0.00295888431978522	0.00251115653480358
-0.529798313804569	0.57628324686473
-0.170973805424769	0.184043128875609
0.0821656065640465	0.0787365026219752
0.162793515207591	0.161451304260528
-0.218319520212189	0.239359595879155
-0.0988126133094836	0.0765992943014181
0.998731646471379	1.38716978545253
-0.413769969356126	0.307910899364922
-1.12609066650321	0.893288229433645
-0.035603511249769	0.0300242894078884
-0.0867501875967601	0.0759930715163573
-0.0784375751762112	0.0738054236791221
-0.342287297188708	0.465404613984004
-0.351608293189272	0.456379972370509
-0.343824646224624	0.47614013761724
-1.2943236626954	2.46150442169659
-0.460169063656767	0.476748772474984
-0.177578217431277	0.189159785733973
0.659069245801244	1.09297868101311
0.00524663871809393	0.00390070674275277
0.763856988886556	1.24435924632341
0.251089597339532	0.284838213341753
0.141646780226326	0.135584507800642
0.918159287835857	1.31361223950934
-0.298948419445284	0.300838365848706
0.205852091532096	0.176799495937397
-0.313292581062097	0.237962845729506
0.583675464008463	0.504196480354258
0.54315486890522	0.466324179880387
1.02307717080984	0.711629997473343
-0.96504493795558	0.909878530641648
-0.593124751884623	0.591666301877772
-0.00600556727642455	0.00449409952524928
0.320095940548302	0.268104194177091
0.25646467236841	0.29119643406743
-0.642216783027881	0.764538606713122
-0.407181853172483	0.499258408580394
0.744816228882826	1.00490103098135
-0.999417095997305	1.46927549502179
-0.260506049082846	0.304608691237372
-0.488654841299885	0.540980979980039
0.1907552759848	0.190920606710267
0.288425325070985	0.344834460083568
-0.298992725281905	0.345395336524224
0.0826310815718655	0.083381799830491
-0.31967959506195	0.247208709247901
0.217565466822186	0.167912184499725
0.270150957936393	0.279514827023883
-0.142349789602875	0.119139903613007
0.205104959648928	0.224511379533395
0.121113237627508	0.124337480674553
0.813092918609917	1.46158214973014
0.207861411114087	0.23258913255066
0.481282168631226	0.607179186619328
0.439035135686982	0.528539758042004
0.333079152805163	0.355192957490215
0.265188818917832	0.270846606760792
1.29253600539597	1.11608228283446
0.618240824990958	0.511715606852405
1.70305322767185	1.96278109822533
0.831680302374802	0.675538159472914
0.42274162845879	0.372108074668832
0.625497863850787	0.289895082898837
1.2176613984422	0.654395036674714
-0.859663653185933	0.823706649012156
0.219565562795125	0.190628801165527
-0.121719258830542	0.091074680954163
0.85796482537862	1.17765354063791
1.54274571129157	1.729748348805
-0.771598643089048	0.831342070240511
-0.649803097005081	0.634290087091167
0.331710758951963	0.328285528394322
0.570242687600644	0.379067800326599
1.15327708722523	1.13917735508315
0.724516177167441	0.422771113204543
0.219099417497937	0.146721765871769
0.978671738453428	0.960538124469545
0.0807117255214215	0.0378835872538081
-0.395184888451309	0.348674560279885
-0.0356098481446008	0.0254975662175051
0.730193514430488	0.726304589556717
0.735831310232286	0.753329855792897
-1.25458323457209	1.67825575612439
-0.465326373914925	0.437836773948528
0.0491366704671243	0.0371250959083122
-0.265538810834709	0.224835406980485
-0.615305364863715	0.377478532157944
-0.20472194331565	0.146220450073801
1.1859760205282	0.738927803943039
0.989467985660128	0.458156950845287
1.16338487509966	1.43644549679914
0.215065307454569	0.16431282279747
-0.733254668944794	0.895570156955103
-0.0460386194179808	0.0368892041829775
-0.783670758208673	1.00374236702668
-0.806847847932248	1.16498545041085
0.548695732117139	0.649120127186533
-0.167583530762506	0.13865385528055
-0.598232450030705	0.713935174094607
0.483093084866498	0.466397621045299
-0.663402323948209	0.730104412598486
0.516949944394631	0.55293301063553
0.226225214275474	0.186572114823021
0.382524255543438	0.339975302127339
-0.0999027472435355	0.0667279502821444
0.560532561385198	0.490814736536983
-1.01366828394334	1.08982779346761
-0.583882609099717	0.448073012631882
0.779904730070497	0.527753785071091
0.0874322032302912	0.0357012428451118
0.474565974965902	0.174050129956977
-1.55077016433524	0.846796200050313
0.319378615146066	0.13776729589976
0.777369644338245	0.766518487644974
0.128973179812558	0.091647989743497
0.531897529755671	0.569975759373706
0.940548920151313	0.73510902275191
-0.0716541913886305	0.0481538670550683
0.340174947746681	0.359305646991709
0.612598226240031	0.605744280941844
0.487646164327028	0.543770785509736
0.555507854129519	0.565625878391937
0.150944779124883	0.116119983722988
0.206428412730321	0.187420739613379
-0.108338627161637	0.0842040510619464
0.098476722128571	0.0603740420738096
0.725242617883382	0.42498249991298
0.815189740258399	0.983254875164347
0.282688367291345	0.26024715795103
0.53362245763596	0.574542380317466
0.771013877858433	0.821329439736508
0.335510356798399	0.344452583610303
0.341440287256014	0.331735805583419
0.663905024507954	0.70719885820198
0.269306874821583	0.290888791674525
0.208259776730785	0.175582472610499
0.288318393230734	0.260381416231022
-0.220230004328721	0.128357882673609
-0.0253003222399695	0.0148024434727932
-0.198759011896008	0.174642924297665
0.394222698161335	0.532843360411272
0.202789493906382	0.202494268815138
-0.0415655956660218	0.0386664781145101
0.462981611070533	0.586017795405061
0.0712979946500116	0.0708002947452224
-0.206142637646137	0.197598029879291
0.442673376320678	0.59641222208021
0.155716753221596	0.140944565568411
0.0966957089910483	0.0905452870939765
0.638661785504134	0.780727798233
-0.0607558399925188	0.0495164538751553
-0.207946303297925	0.238191306111743
0.322756438759016	0.34356061252254
0.567086109950529	0.657705623293296
-0.164658932944957	0.173946648131318
0.109024374459088	0.106747653330659
-0.381751595151611	0.459355840882628
-0.11042551591998	0.111680005900559
0.16715823338384	0.158796933738782
-0.445263065123186	0.4776826789677
-0.320716494129518	0.38746307460245
0.283294164644639	0.330445450145542
-0.243782128235335	0.268442359651334
0.0583597625985616	0.0549285146619541
0.0257724072971633	0.0167120372867809
-0.556754620327958	0.708373974390133
0.616036328703902	0.692962299157698
-0.143155151187624	0.107359766130184
0.28213538084403	0.3404027362466
0.399320883392072	0.535094926428427
-0.171403410328829	0.209786130369654
0.646222723337414	1.09652644804637
0.37655129139998	0.593575943039911
0.0081775737794484	0.00787366362943894
-0.133338210212737	0.12492447694323
0.924649778831495	1.83087540618888
0.648202859404955	0.977881416350145
-0.25026328796172	0.283919035471564
-0.017740384606053	0.0149038355913472
-0.323973826968044	0.410866853578472
0.165125876725535	0.174208229698022
-0.76110897709937	1.05028885816975
0.551940718468868	0.702571352240148
-0.172098519700786	0.153462922736986
-0.322174482855876	0.324483249271235
0.32841668483321	0.25888196448187
0.23288145480726	0.148051781995359
0.454783460189341	0.455071814278278
-0.448772593090914	0.360588149005491
0.486963453215834	0.528552838108328
-0.887950883969614	1.11346443262849
-0.091805072113352	0.078330598147828
0.383467093457754	0.358174728428884
0.0443406871003515	0.0383436400041366
0.0123985262348211	0.00987294246423154
0.258474253739548	0.263798893072399
0.629214258450516	0.882062752083876
-0.203388409470453	0.206369547043406
-0.276979594729558	0.339356563622131
0.344039194365065	0.445469451949276
0.157109237049995	0.163379827175589
-0.406979113353475	0.371217949165151
0.442403865470325	0.520985908099247
0.130561984704455	0.111794146244703
0.64618777617121	0.910205556800414
0.335892206788635	0.399057305441405
0.547252699358666	0.841695237943249
0.091515489623619	0.0854990184279894
0.357471488941254	0.430517014496308
1.0317780437623	2.05603768757444
0.312829679836839	0.344021885569861
0.386904313168842	0.428069464558124
0.439294175034576	0.453809226988917
0.814632307342292	0.943016112040672
-0.249586815350889	0.22010883792397
-0.152667194720752	0.174153922669229
-0.0138942781435425	0.0130818877820312
0.0818084219829206	0.0825391505373195
0.202762779839617	0.220398431507212
-0.0445918349170894	0.0404132980667507
0.233893535433281	0.293465426419083
0.379335763060344	0.435399834254524
-0.0362342145447401	0.0291402308566635
0.710640942185311	1.03461049680667
-0.0646619322241386	0.0589506513499322
-0.0972070222337286	0.0943963549940269
0.0857053328962772	0.0716591221129442
0.655887867713937	0.8420738641493
0.438298185326386	0.591690865170726
0.362945529796335	0.436586756968713
-0.948374048395001	1.59185376610405
-0.321935828555235	0.390711576415049
-0.396529531755578	0.540913061885224
0.580112412889618	0.717658701802505
0.318626862585132	0.41503769663204
-0.430472280656012	0.481311479589231
0.0426578054091003	0.0372343226512455
-0.0356225252672965	0.0324110145007054
0.0523103804206141	0.0457501987712502
0.201846202668693	0.197681379142259
0.200468424755596	0.214041226867144
-0.322579898913378	0.331830493770656
-0.5280175586587	0.577990256371773
-0.295246858316922	0.313011920322252
0.0994693742634352	0.088846697337206
-0.230346332444456	0.238970501552772
0.135129916270508	0.153204134253184
-0.537706298313011	0.812997856666416
-0.251932973604761	0.278510480560307
0.546042172465201	0.675554128873276
0.381678368135522	0.410726863382708
0.536996448376402	0.747745236360477
0.207231815994206	0.199343764629191
1.32979678981615	2.17755465265617
0.0113879945549497	0.0107235283681991
-0.127892215248712	0.119532485968326
-0.190362023669772	0.200515709703798
0.279530188288136	0.256923571627888
0.274721205812702	0.291664537829967
0.279916535935023	0.261902585588852
-0.0710273713947897	0.0560985086249399
0.220739376607235	0.203221901622711
0.709197671307389	0.714972634406402
0.454454289221585	0.458668598763093
0.207744553225043	0.179686278893716
0.199116010078078	0.183167790290127
-0.325938178782901	0.286970367629205
-0.174047556853762	0.150744923711617
0.294768903402133	0.336683213308259
0.517159531930596	0.765060215104926
0.33612012518589	0.35467669151511
0.633153259941112	0.85268322616549
0.658632733346007	0.922284043247705
-0.173341612533126	0.196272123509315
0.219461750328687	0.23601335690077
0.567135588914824	0.733799585175394
0.356340827995889	0.445759933539869
0.691159508332918	1.10614784216586
0.134807872013844	0.153507654552874
0.457632523560335	0.515985681129165
0.442462316232721	0.527329988918746
-0.10683518377525	0.0930205274116489
0.736333788484252	0.976868257230729
0.64157556522581	1.00826870806027
0.367239868785053	0.418211676699446
0.205758372973488	0.190185339395589
0.0241561822575551	0.0146639278561948
-0.0042295947901739	0.00306355903590908
-0.280944329706131	0.240320666767425
-1.17627246559317	1.15739756928409
0.390365552082679	0.434863233012466
-0.0599295822563662	0.0544988197813816
0.37180812711598	0.332538781446213
0.508822573139245	0.632402194178733
-0.573046225149256	0.680721342819425
0.158955076930934	0.14434802253249
0.993356938044693	1.65626308438293
-0.638569050515103	0.774241467463907
0.454955305866423	0.448864325487938
-0.638990566792677	0.798892386884459
-0.898409117499716	1.06641584848724
0.857332110650925	1.16363454182589
0.718698038680287	0.408517117879687
1.18220640535699	0.788101105601828
0.655017542314012	0.780518588866311
0.397238240848178	0.40209956862842
0.797484593307825	1.03023171539711
0.672265736188751	0.946344189680828
0.312563237555366	0.333220371498371
0.39322768553004	0.506126306012179
-0.20433975017754	0.212361458872311
-0.19241896454615	0.199909715902931
0.105166906642898	0.0987437632003723
0.452193423454078	0.516618628934747
0.669833699150826	1.01639090605553
-0.320147549020408	0.369724108786952
-0.0793916234970967	0.0747794846554961
0.124855242404062	0.0943910406777759
0.147300862855772	0.128434488104091
0.377259323323628	0.358827412879071
-0.155787608462833	0.0965405523718455
-0.482461836085804	0.67101449334247
-0.44162371855197	0.482807589414861
0.162764253533086	0.176811755994872
0.30730572492887	0.341789873234554
-0.189372022050963	0.20256938746268
0.112847954666973	0.129800228278143
0.0817358846264886	0.0815276431778418
0.69739771140115	0.954368807053549
1.03663476247113	2.02025931146402
0.47722997317284	0.594397621970346
-0.126165693410037	0.125911896520668
0.141438570604796	0.134521992511941
0.407316313570997	0.528383404150523
-0.00209584057026635	0.0017606809183238
-0.548326191111361	0.662501449761607
0.418606323488819	0.444516345927755
-0.132261158803314	0.10856924715265
0.105304552203813	0.0641129879737709
0.859269174938674	0.866533695635095
0.109830986968532	0.0699810436813683
0.483685957212317	0.345055356513329
0.822736234744993	0.775768303837818
0.526409202979602	0.636575177105524
0.708875687341747	0.882804339864552
0.638614104129946	0.697981803699894
0.39952922640584	0.448245690695639
0.970065174398077	1.3410136442729
0.467702353340158	0.60875227066868
-0.0425481603386678	0.0384280156701112
0.661443457241443	0.984628227276542
0.302745985982465	0.252885978401687
0.517330264792073	0.604008450692002
0.63877407856737	0.896142965222236
0.265544163317881	0.268020890767542
0.202812355078209	0.215155594734556
0.845216850251225	1.50018809644564
0.210474315696605	0.222226035710768
-0.487172057148865	0.62545294400911
-0.135644041405841	0.115708494250743
-0.476139853493137	0.644603578464909
0.262044475249792	0.307908728820468
0.958511060639141	1.53475594882872
-0.259397143532713	0.304763259121648
0.507353325498908	0.626872573881137
0.59134424001868	0.752409065305989
0.0102019274673881	0.00799287070981717
0.434844002969025	0.6700392485227
0.840020744045521	1.32218757922979
0.0050583798142986	0.00423605944540975
0.0539276357462005	0.0485932365015417
-0.44222716772321	0.533619496916244
-0.0412067845754494	0.0402723050568986
0.068444783953886	0.0673686715795436
0.194269090524518	0.178170205254928
-0.1544047153606	0.166558075486893
0.54253514873715	0.636295008199337
-0.284777931375462	0.327048600851168
1.05100250561233	1.78226170114248
0.416982623304679	0.448481108500694
0.366027441475075	0.417721851112922
0.529008453776155	0.708224582368807
0.604101448597819	0.884257826264421
0.333696189484667	0.342133247979664
-0.294323920809503	0.322810962786393
-0.248349326006443	0.24553005530168
0.26647089243003	0.275739133079406
0.135860164589755	0.162231325246797
0.262851011383539	0.279308101716641
0.363443140587377	0.361347242276579
0.14702649849778	0.16688370862997
0.137893815040373	0.126949105257055
-0.2837264638676	0.354840440105542
0.0669129359526393	0.0662660386989834
-0.0799824806403607	0.0903506133168506
0.224898473312772	0.223836085182776
-0.165310379862959	0.15882455350329
0.0264490164932274	0.0255642242897445
-0.347312312166382	0.419241018387151
-0.00640245169921526	0.00581967845974822
0.0534521267918762	0.041607792041413
0.0265492280933278	0.0221955264160592
0.250706759952134	0.287064681241898
-0.275487620439512	0.30103141208276
0.727680132599683	1.1289910479743
0.2539824755696	0.277871914118846
0.273198504956441	0.27265171299787
-0.121407230085666	0.105355363499877
0.734441678374033	1.06357454359421
-0.0146223305204076	0.0137089823387149
0.396748936921912	0.429782404613941
0.312262086241943	0.361608865924058
0.400558217757751	0.486233168828844
-0.177927090475908	0.146515414198319
0.717652916015396	0.820877839441285
0.154730583613402	0.154855615632049
-0.0298494152971824	0.0216035949875266
-0.315750324444994	0.314756174454465
0.326439522229332	0.355649189923569
0.491974488058787	0.694084299331598
0.898097161875052	1.16448018275391
0.248525017370497	0.283566480489067
0.297452721714949	0.407869723375103
0.25352343998726	0.293963131791093
0.276246279386179	0.380344611955275
0.0158898972452328	0.0120538906429146
-0.14387998789574	0.122499858384638
-0.0437241751483516	0.0346551501290256
0.168767434147416	0.178525230819279
0.206636878602443	0.213502446346215
0.432073506375624	0.521860792807785
0.469069316471712	0.576273797847295
0.357752356018854	0.444009278629728
0.637756128881362	1.08192807400162
0.560812192754145	0.576543251316434
0.208496919733516	0.191978266079841
0.0106826858385907	0.00816007538689715
0.518934158320265	0.566128630622393
0.682911098797454	0.624087990078913
-0.57829327465782	0.449272544768552
0.139144575746279	0.109730022031667
-0.0966920868630436	0.0843682160285255
0.31989219286955	0.417468758829162
0.338144045617732	0.457161194722721
0.0946180577567397	0.0907574935188755
-0.199499683007911	0.19735966962847
-0.400406437472355	0.445867640722216
0.795619203009014	1.16886816038364
0.140562717648138	0.118832168144324
-0.0742557333310646	0.0588757033248917
0.634070869833882	0.778828729977658
-0.454935254108738	0.460420686868475
1.28346778173381	1.04999619803763
0.208986589401759	0.197860113375224
0.049750721380903	0.0359526846869454
-0.0348182705737784	0.0249521106805021
-0.234936869057763	0.22868121131191
0.266976348111394	0.282954618205612
0.199230608192308	0.18252216574357
0.445269986036551	0.523149493078873
0.110025368604323	0.112843783739429
-0.0298873749766156	0.0249659710363176
0.0361105847263597	0.0296962343470609
0.281867927590972	0.279455715478838
0.097859278678851	0.0889094453641886
0.0509118601240701	0.0374957223285792
-0.58404758359869	0.453063230510266
0.599158486086325	0.864611689543788
0.419364618762664	0.619033583642455
0.604014377165405	0.836241670524338
0.597560944505231	1.11278799772976
-0.0192764201885847	0.0160305490284621
0.4162553678574	0.531745671676989
-0.169151607057548	0.166560662647645
-0.06839297911429	0.0614858803783707
0.151676778161142	0.139361733321432
0.116661405044641	0.115945064381113
0.00296990531321244	0.00232378119955989
0.0834974261319975	0.0696880019788598
0.663035405940176	0.867511979607193
-0.0664299405784051	0.053795128465663
0.333147267126358	0.365224389377446
0.412340320145077	0.444886174162272
0.404030698158897	0.366651096819732
-0.239109843438175	0.184904642130466
0.0348432473691454	0.0233851640104697
0.0967752831769211	0.0549362575243279
0.218437516072078	0.189904622815835
0.371159384407211	0.352819978157584
1.11828042457802	1.6193278592283
0.732790570379276	0.856631024602109
0.440872938144291	0.536026667263848
0.711088338772691	0.820659069365009
0.153484886048419	0.156832105670689
0.340576994739923	0.440974581584467
0.254233097479498	0.282334742084529
0.203523002951805	0.214158759053288
0.152559983042363	0.143524097577396
0.560210096258231	0.786590168110773
-0.0973570856442273	0.0848204547959663
0.10515103945671	0.102597885777612
-0.375042340232118	0.472442025106587
0.864129215135841	1.17734324173866
0.111456941291759	0.107297905658723
-0.451167396157341	0.51151434736029
0.440077254368578	0.56790717793015
0.358476533231223	0.348093169068256
-0.137730628613528	0.128140911188368
0.0467329408359262	0.0408664232396514
-0.212288177495538	0.222756246866465
1.50253658920582	1.93023978358741
-1.67005056943209	1.30048018421175
0.151050949760795	0.140112333256576
0.857794425988419	1.53986484531875
0.288777934533742	0.363870063980704
-0.252101155240013	0.290367593493492
-0.287082532249355	0.3132904492072
0.188522646996542	0.190366546071749
-0.0461389590623957	0.037813455860523
-0.434962697713737	0.606064949063351
-0.800400649681504	1.4166470362481
-0.792219530483102	1.178558826974
0.0914503248064352	0.0871804591458808
0.227973023240282	0.161545471210424
0.927767360820098	0.683861479103389
0.400989822127872	0.360719019957899
1.4143642075271	2.31702562994882
-0.525053516927347	0.633147649774049
0.438138002539325	0.520245983242057
0.0401657925536979	0.0391154926483276
-0.0142729394733358	0.0132890218785301
0.0700498480123763	0.0670409944811749
-0.0515974857826813	0.0427115697650932
0.265984402686467	0.285607085273103
0.203868453125225	0.243963498163959
0.128850475138563	0.111946990003694
0.0688442235928182	0.0513222050750556
0.603031866300737	0.485500235421234
0.094133203306568	0.0814170409580902
0.428140132723647	0.611649947931579
-0.0993010750295913	0.0963236402635616
-0.0332525181712263	0.028055311381239
0.543447156606536	0.836737211780356
0.248681079593285	0.297535914050285
-0.154419947192245	0.153196512044733
0.262926095895353	0.283438051926519
0.267484008207867	0.251427135079225
0.820982331888905	1.10130938167748
0.137438954127664	0.126561090426208
1.09545820823504	1.26979749300831
0.120662131186279	0.0875542950528837
0.333765651640419	0.254095457291012
0.268416709707891	0.143498480280598
-0.330157868230364	0.282599651882232
0.440729866720154	0.350264618488932
0.229776351690414	0.189585105852679
0.140662766786184	0.116468328248952
0.208001148045285	0.223580164426709
0.145469390773556	0.138528713109383
0.273486006575011	0.281152857092581
0.392099019760277	0.422851534211005
0.507547810400401	0.609727293742936
0.08697979962721	0.0792636897178609
0.205893038419586	0.215721768627047
0.836309850469353	1.14290146979102
0.440702954331086	0.437878040811386
0.15274161152429	0.148535430754475
-0.416370362354307	0.511498603379074
0.306262978670479	0.364542451027333
0.261248791768318	0.253802729010394
0.105330061821184	0.100849392946105
0.39525383696115	0.511259725841989
0.245069225430859	0.274812596028914
0.212056134130418	0.23649573780314
0.443834141576928	0.598580684537737
0.557510704193273	0.716180554585443
0.200922809283102	0.217103064207119
-0.479263204949674	0.619554044539634
0.341740139682468	0.257759567754868
-0.401709479988363	0.362155167171307
1.11727105423209	2.42623244746237
0.147292750522261	0.184034804749033
0.175035108137131	0.196486381525087
-0.596866511113171	0.924841849087555
-0.00159879582885699	0.0016135303461493
0.601974658403011	1.11292609659207
0.274072335127354	0.264856696662684
0.11961797561545	0.130125106113029
-0.0139087513666881	0.0132715291393009
0.30995659461915	0.419532376999928
0.840586931948913	0.669975497287186
0.137352504273901	0.116386373845865
0.541980094885864	0.71602592072825
0.208943751840991	0.180510117769675
-0.107709118630489	0.102582009897062
-0.393765686955205	0.535939490464273
-0.607780554338156	0.873781794006307
-0.0751637717674405	0.0739949255711611
0.0958817873131488	0.0865411582681812
0.542403609562278	0.649313970263035
0.193981132246424	0.172176737104734
0.316701850203269	0.331934175207594
0.7408165570312	1.14723112895111
0.0801581900959995	0.0685384494458841
0.420041163407485	0.565972747044005
0.154779853550533	0.149302496411104
-0.0818096182091801	0.0772619502668214
0.289536596150775	0.31059239054986
0.146240557035046	0.142185010494462
0.28653910995399	0.278783320374135
0.477285525197068	0.527041816374327
0.849634888266221	1.0078190443845
0.226470641193765	0.160720505726811
0.504913624120028	0.480551276680259
0.34444975566062	0.260797251517757
0.130813030998136	0.10238691842656
0.591116725017115	0.588130010295774
-0.492840003563649	0.42519055765748
0.21698559591542	0.173813767659934
0.294270895912248	0.268868057880326
0.216243064070327	0.202215927186045
0.808248509386163	1.06220673631649
0.804479387660943	1.51406654470906
0.652405229628461	0.86812669006171
0.546626745355933	0.562385264451166
0.414903636675267	0.444589197230956
0.401948019703869	0.485677488871223
0.209499876250988	0.222018801021724
0.408659828311074	0.491523793785803
0.388553456834694	0.443898310242913
0.39384640016428	0.439458247569186
0.694892776077287	0.891918299918704
0.138687836521408	0.108302594743527
0.271876370440415	0.279350395777498
0.774432898893812	1.30585754832464
0.440610235960789	0.662807767568326
0.290093232031285	0.267589172681092
-0.827851869760078	1.42351314643881
-0.314423852422647	0.284744890236284
0.22784145221495	0.184025398672199
0.002501130442154	0.00239928549286788
0.216848530648423	0.251981148040122
-0.221990266645959	0.261521581975865
0.207364434422132	0.248836021102242
0.180754453545401	0.204559055430916
0.498504972861696	0.846170967488031
0.32143958985625	0.359191233799954
-0.023431826305412	0.0241287597624189
0.25850428546687	0.26860782609481
0.326168800534095	0.431062173415749
0.500577210756696	0.737919645025756
0.0201649866971246	0.0167939680050668
0.0144196864037529	0.0113747494006066
0.284357700610102	0.332880457410536
0.216165439675213	0.224062394912982
0.576765502440874	0.850489250453388
0.444400922333504	0.556510148354598
0.249124075576346	0.315903625873752
0.415702746351528	0.446411878728191
0.44867873709769	0.578649987668641
0.399822786949001	0.356166447631647
-0.0506169535975569	0.0412744499961097
-0.279087347557234	0.254797243533385
1.55180759235006	2.22582865515225
-0.774184655261557	0.6234083877719
0.0972990091712651	0.0601018401414892
0.219122769697246	0.169085908491599
-0.250331625062061	0.19786549761403
0.736186504204977	0.910910503135088
0.138017340334511	0.115963581754245
0.374545989318013	0.339445579539709
0.546002131900236	0.554752775916243
0.713869746060932	0.893279613643144
0.985752248712041	1.28382354762841
0.156846268190813	0.153764554349345
0.37507978214193	0.359631240733848
0.859631384603339	1.32864599176582
0.13886468256482	0.114472924053077
0.776810364464342	0.952818972530102
0.351466920038788	0.249900254924459
0.310656306178073	0.414663612322963
-0.46733055067796	0.959393161544747
0.240282457420727	0.309458155524153
0.0675273335992957	0.10681209628455
0.673238324455269	1.96602378902371
-0.0382202879149636	0.0379759827734444
0.0447395053935096	0.0443726472488879
0.32602958334028	0.349507747833754
-0.694814473778172	0.877281330104804
-0.20168850992052	0.205031968154795
0.326123257370042	0.442789938398706
0.173340764724731	0.21472990179049
0.333768883140358	0.342432232307651
-0.511211296977121	0.801138317630261
-0.210541478879124	0.264552791527
-0.134092470594996	0.119747101420199
0.0696619619376091	0.0990085292661849
1.42864339695311	2.18944749386781
0.48193147020096	0.465333255163901
0.117917491225028	0.085751693066982
-0.775018885196806	1.74049841889081
-0.360208142047615	0.268582005744119
0.321018402936346	0.263240653781607
0.581311190584214	0.577930679609478
0.136250610496855	0.107485249824364
-0.275254768156162	0.211227307747097
0.457299273469893	0.560244969147336
0.394960511543754	0.526975779911641
-0.0738928082329187	0.0583215241784984
-0.605409456610548	0.523719682713653
0.227724559176503	0.168559572806688
0.348681228571525	0.246033596700829
0.486050890277721	0.356213755412
0.449060449699293	0.910911349538909
0.601225433817646	0.756163389781035
0.384099493090778	0.519485540130535
0.246651581969973	0.415023427370144
-0.082016015577672	0.0855509284787636
0.218004130208711	0.346989663292321
0.2440619349701	0.403171188373339
-0.328483887134033	0.539800330232745
-0.308988833928024	0.467210638190892
0.225300312695345	0.263656498781842
0.149525799176072	0.160337975969272
-0.00214882145497308	0.00193217712004693
-0.518601983082944	0.884272824338852
0.0103893022959053	0.0109258535707879
0.804357688373122	1.48115847182058
0.327007121617478	0.495115300143009
-0.712430729685449	1.30561829452795
-0.734122834406937	1.28827697401864
0.212641251452167	0.312990745610639
0.462486111988147	0.85121323146483
0.339154627514305	0.519407014122634
0.0409713645263962	0.0351298250514294
0.381416596313644	0.640407631665896
-0.743899007845842	1.05048103046042
-0.518697607078003	0.591105710310177
0.17421540838244	0.196882201424959
0.0298510656385435	0.0256618419679882
0.430549274231736	0.525260161113303
0.528240147959365	0.679473805443987
-0.0895794251248405	0.078963231954521
-0.0789650310368075	0.0700896230625705
0.660148036934327	0.61395846829103
0.465553966492468	0.459187707350941
0.827006788630205	0.782619192410712
0.30897137764297	0.268012052505149
0.370644942045195	0.247647407605478
0.723490338890874	0.418077861431272
0.120771831623095	0.0843663904049577
-0.453235979985088	0.452490415559155
0.324012087409729	0.337698345934525
-0.374192642626684	0.398199926979527
-0.574174419213255	0.673371606474738
0.0821493213013924	0.0670261780550355
0.691700119447564	0.816251955477122
-0.320437087905361	0.240785633284452
-0.350209527376857	0.343504662405976
-0.713289292166757	0.75439712339315
0.549633401667282	0.641344943964801
-0.478442952977221	0.334902188610964
0.629278137711488	0.2046467358426
0.380909738816788	0.154762044119738
0.214008134130231	0.156722079721818
-0.474601190247718	0.458078645203433
-1.62807728092325	2.13520274214963
-0.106143051839426	0.0700368736679235
-0.219445199250466	0.176311507879179
0.663851916082273	0.61185717670537
1.10563167008923	1.45116188162605
0.370831158937233	0.342429510729195
0.626064610931341	0.296923126019998
0.632574855320749	0.273844089065314
0.98597622898157	0.372562468707462
-0.154338397551431	0.0979788110616135
0.341424504121231	0.25237356192939
-0.983184192338886	0.836677559918885
-0.19553217918777	0.116833103956479
0.0883939837465813	0.0366656261836282
-0.229792723274334	0.134188678737022
-0.462869632480632	0.190610183791373
0.0808950371625868	0.0343696319697994
0.53013821460717	0.256477305328122
0.136833251350974	0.0345715512867962
1.96698416228038	0.513878740168628
0.139805991294671	0.0352358407295777
0.789940877892035	0.5529712154854
0.074996245003233	0.032584856938735
0.779345404610864	0.533551379158349
0.35580926098831	0.250990133579839
0.0869942307431107	0.0501545741262702
0.222688318373851	0.152462190548876
-0.0835166331343731	0.0420893333199747
1.15999394384926	0.908153960897473
-0.022272644532185	0.0132660828132212
0.683662128267028	0.640713205527151
0.263925166595442	0.142070451485773
0.5434723136132	0.275091660563614
3.61816002247214	1.42235369631499
0.0896537980653765	0.0307427553147153
1.00013410151025	0.494713382692144
-0.474995638374246	0.277483243090596
1.00958144116895	0.477657862823453
-2.34627970999755	1.24098231898588
0.760123145971097	0.325605140765547
-0.383788328500423	0.111456697833889
-2.58206767360866	0.711917716062975
-0.380871402309136	0.110240187021057
1.96698416228038	0.513878740168628
-0.644600139200501	0.163557956970766
1.2749999620406	0.551091949293966
1.01780338702965	0.67906637137853
0.752217352363317	0.307440811222399
0.429400010193683	0.256402088985925
1.39113432679818	0.863398192810988
0.923797851025695	0.686795108635735
0.617057542974782	0.278417449742267
0.734453910441563	0.408966057432555
1.01671358443686	0.601190846383791
-0.47185470689901	0.258286122138819
1.27967813928056	0.538954691343592
0.724516177167441	0.422771113204543
-2.34490417329447	1.24283344814471
0.624350739510756	0.285665890708459
0.380359005028337	0.154201474425124
1.27360711024717	0.562730291645362
0.08865830005751	0.0307081857326401
0.11272462121937	0.0338915360792968
0.153079928794189	0.0306572399262932
1.02189459264746	0.624503989974939
0.783724905190636	0.534480807771385
0.719254930515251	0.420802883253128
0.988739355083205	0.374070793857078
0.762532995178893	0.310783916524266
-0.289025279373593	0.0932521397949235
0.629800111350759	0.300925411916508
0.632968031311914	0.27077224428511
-0.383390015188303	0.115591315602105
0.109662775053552	0.0332182651584632
0.136348268602553	0.0345664085091249
0.538315574538522	0.276547476791009
0.932790044800162	0.249112741186188
1.42446421436947	0.468835463081268
0.136149928119394	0.0351567872193512
-0.644456791948872	0.160363538964562
0.0840428999601435	0.0287463467280583
-0.211458004445709	0.0811563578849673
-0.217385817172401	0.124802625354026
0.952735588438915	0.85392140297663
1.6931295678483	1.62088374089893
-0.46473639298569	0.200081495769115
-2.69563989333735	1.72232464203243
0.465569544755966	0.166924337100382
0.088959810467476	0.0304843186744052
0.260414593243904	0.137036027608498
0.147239812931933	0.0294793108903463
0.136634301514529	0.0339031274190082
0.0774108565593666	0.0253067229631041
0.935074850137778	0.250435779301063
-2.57741325633565	0.711746111074309
-1.79013332416873	0.436860451051026
-1.01481212672143	0.623327575172277
-1.09306172145472	0.437950061454584
0.582690827254772	0.380715818751116
0.626430572810751	0.370829977904133
-0.552021921994281	0.298605886877617
1.27662052732336	0.579787031336269
0.376815826930067	0.150301068507796
-0.675133994014824	0.341313786925815
0.470251021263023	0.16905111959911
0.753491847521119	0.322232072938103
0.47520845155246	0.174086333588503
1.00382930224009	0.471995824388442
1.2669530730537	0.557157168500485
0.4688744554519	0.167771162660396
-0.773563593084493	0.274619250831942
1.27463690345727	0.542349918495855
0.133579908856182	0.0331662934551537
-1.55194761890526	0.568220929644301
1.20678899650944	0.654120031909052
0.085893163712919	0.0322959639749035
-0.167993601438095	0.0701468595913906
-0.464038791636127	0.203883920851444
-1.02564829722116	0.637539222635449
0.634262373123489	0.286310571492888
-0.276634992473252	0.0950034649741594
1.78487577131659	0.704427758092284
0.336627980524492	0.14819615746249
0.988740938203036	0.377100744798547
1.05796934099263	1.44794324265521
0.365872148453037	0.240938559016608
1.00114771598383	0.496650324200702
0.32918114794808	0.147928533811648
0.386386052642376	0.15494071056255
-0.377351389553024	0.181365580391699
-0.137039287828142	0.0587627482168758
0.541952674764828	0.281920583128311
0.109964887070791	0.0327061813132043
-0.8765308982827	0.571765362038615
0.512649675672448	0.451302663981515
1.02128425313999	1.19415097731354
0.116966083110354	0.0797421687172539
-0.125456113633625	0.0559194589934348
-0.322648825914718	0.155608908225224
0.0862994883082457	0.0355971890455923
-0.194162240206741	0.119274602561457
0.633176179060399	0.291358702487406
-0.205210737651927	0.0733588120551603
0.470500788024408	0.260748846886578
0.827403092392186	0.779286983143233
2.20889275186376	1.65044418002475
0.223637300211984	0.185132824973315
1.10148390004704	1.27980331285778
0.518251402888631	0.468264362659993
-0.0418874990819712	0.0238596466835882
0.428305011422162	0.310506777355996
0.15562508354876	0.130538684697446
0.326811055876942	0.326729506360011
0.323280244364652	0.359447305906001
-0.270984111443175	0.272670843783037
-0.158608681052487	0.148257851886095
0.108739598464089	0.104750857210311
-0.446248926098552	0.427330818847405
0.059395200710383	0.0438065050134076
-0.560662433653247	0.609375724940654
0.0318550638454916	0.0208829500610908
0.281195076974699	0.28041855894121
0.285943283037047	0.135182499347693
0.30360560913562	0.244141269169645
0.733238655866037	0.760044253582585
0.776530634785931	1.09273936078109
0.219736532142637	0.186025263895224
0.653062367183221	0.697481447289701
0.398340197529283	0.357057610202088
0.971710415008746	1.20271836122226
0.929987138825789	1.14399153489929
0.378436460968227	0.358564086344958
0.229427140169186	0.14839611273131
0.595647298827444	0.737211047804729
0.388636690314361	0.466799771043458
0.774344083144689	1.07983699903181
0.0620514647605125	0.0557235817640751
0.631744427741248	0.841441560377208
-0.742058120164234	0.970579324810539
0.33849710434731	0.245199717941069
-0.20178781072959	0.221815045739642
-0.0728672364410173	0.0783336220457176
0.497122679711234	0.762361353284997
-0.675419539456476	1.22109965942399
0.240967755129152	0.311705756883815
0.0496815222549754	0.0589665984625657
-0.628081772350438	0.861375856245149
0.284074620576701	0.338285291934642
-0.102223696067787	0.10569858873115
0.118449932725993	0.120775088093684
0.913014277186637	0.919409088364693
-0.71220979663815	0.418938243960795
0.270459840490049	0.268697482703371
-0.151898478939461	0.174872468707617
-0.128401438513446	0.156972600288327
-0.0638209602603779	0.0668393374719964
0.210749937086569	0.263439723699233
0.396426941271589	0.430817529179646
-0.520020191992772	0.599617691351767
0.13147047719853	0.0946922880874106
0.0836611085923486	0.0756990840850992
1.13097103908689	1.94124565515307
0.382043970765818	0.495300049173804
0.138864731891948	0.123540031119723
0.828490436855687	1.1242315807982
0.30992351364607	0.254687853240812
0.327957043910327	0.351167085567591
0.116915425867804	0.0819601664760181
-0.178588932081703	0.173231161822977
-0.41520435896092	0.507096648852685
0.525329509526438	0.701106743044269
-0.494641630441506	0.574777325889917
-0.588530994565693	0.6667677054006
-0.583078296013682	0.671503379843517
0.649750330376881	0.863236591482348
-0.120169106135015	0.101125427646463
0.031028948045164	0.0257795436027498
-0.00445681497906226	0.00332721679903239
0.438254593399337	0.429644157432098
1.05249038359362	0.830239580101015
-0.52673628563027	0.578104653822522
-0.181282192367226	0.196647219218579
-0.57857189983441	0.74282550323573
0.0105501768960612	0.00817896170123953
-0.0603252770367231	0.0533097618393595
-0.0858152354854177	0.0755559704311586
-0.0227131562032517	0.0205504858942413
0.742921109382318	0.986713348320866
0.674595774512854	0.711463494327153
0.871478617906902	0.893708843809108
-0.0330507592735191	0.0273206549954822
0.359515930784062	0.421096735622652
0.0829592900072204	0.0868996669899852
0.149192315222673	0.147360338709615
0.116302211218175	0.117828223663199
0.0930008789301904	0.0788354320040694
-0.165902063619131	0.183628678438883
-0.272557217780828	0.299691722905779
0.336578496297679	0.356651549800547
0.334116357251933	0.344066096579634
-0.428165348029684	0.433566224263867
0.263854772367211	0.289610822614933
0.0409713645263962	0.0351298250514294
0.36996242920909	0.35987491900673
-0.413110006255081	0.460810994611667
-0.0231756651385173	0.01956208134473
0.0191889454174762	0.0156080091156161
-0.012728039766551	0.0108241569571461
0.434976218208804	0.529995801342651
-0.286381120665725	0.309051868850417
0.120155097684607	0.125039615098329
-0.345348990869245	0.459061452207187
0.0762525981772814	0.0776552119194165
0.0714052979422191	0.0679250619191719
0.423222915954723	0.67963042775768
-0.299286371057397	0.335757350570615
0.081338771284313	0.0799827106697897
-0.0000462521443564596	0.0000141809302623086
0.212052760565571	0.272143682949415
0.288825951563084	0.266840996338269
0.447424170189618	0.359248873641483
0.727968537351692	1.18461578838601
0.295490665576702	0.346257153630731
0.465360547992421	0.613132566917156
0.685160200311358	0.926959363076448
-0.259136427953529	0.245254466963543
-0.0143205600134675	0.0130412358286152
0.117917491225028	0.085751693066982
-0.181440029490257	0.181627308700816
-2.01296711190687	4.05672253033221
-0.201754495901642	0.19394607504886
0.544153857129201	0.6406106912876
-0.104011595716361	0.0907036677930291
0.340953012303357	0.414377354494057
0.0462560444458896	0.0470076067071394
-0.0362321254024937	0.0277970450304884
0.39524786481522	0.435381360424213
0.933552721873452	1.22825437570541
0.144493570775309	0.14285799804243
-0.317682479633609	0.320459569218207
0.444157385509816	0.449544068425844
-0.0749662975630774	0.0652633440569529
0.526766662314713	0.487829988728471
0.210563808536146	0.17333621397856
0.218332323931386	0.192377281261546
-0.0112434780114019	0.00937385332572732
0.268111700976909	0.279026265085511
-0.302660360809118	0.30579263833027
0.214537359897866	0.190442369871415
-0.451612203718358	0.519586987875677
0.471612278613056	0.45353722750321
-0.102614682159604	0.0885049254181596
-0.175948524502723	0.144375883794923
0.450248493961452	0.537868514651148
0.216685318644815	0.136725944638594
0.295069452021366	0.145414654625132
-0.146320331742056	0.120129971944421
-1.27543572790963	1.9535097637946
-0.15493388299805	0.130413292967292
0.367017327131605	0.354774541913175
0.294731776082276	0.278026209916487
0.0339854458375648	0.0237387505407595
-1.02723984650904	1.14153924927636
0.559745128050916	0.641453596957692
-0.0886832089475287	0.0583195321661413
0.130902569573956	0.0993910933747533
0.884163561573445	1.27928035614243
0.337525837124559	0.400923949620181
-0.268926593101285	0.254318858082402
0.136653222594516	0.11106006679239
-0.167433449407412	0.119091227094055
0.720358349937847	0.805707815443285
0.289299279654521	0.266575076047788
-0.395624477055444	0.11203516856005
1.50868035579632	0.749252551821456
-0.0519067415320465	0.0366368274627687
-0.0812297481082837	0.0726705512617394
0.437682291626058	0.453477187514654
-0.104699551260596	0.0750265796355052
-0.428106016791405	0.406947853901951
-1.51155129123472	1.61932339311254
0.0849252103290559	0.0348140475688785
0.787219143995647	1.5095477506306
-0.0208446491499698	0.0192512992299644
0.515579892438006	0.725481458408086
0.127504572793372	0.132351712394594
0.220430294284354	0.220294473188491
0.274200866869049	0.336796083115407
0.0333441933454216	0.0231388042743529
-0.0252798040923475	0.0138512986856017
0.226748487914546	0.163086641910462
0.01071649834504	0.00944151089176881
0.166919195339502	0.186524922479626
0.204294094849673	0.195526108347214
0.598021793205602	0.825331446771192
-0.154862562678043	0.123902408574943
0.388398240168824	0.358952639462603
0.198552528184434	0.18738653404052
0.087060682547233	0.0506002682201234
0.334506665973675	0.479707009374391
0.0589323868168178	0.0627682244640551
0.395614197319449	0.704116436033079
-0.0829791078305227	0.0918272484163561
0.726620653828387	1.32412825087076
0.222652451238312	0.297765946989335
0.72363085577604	1.03106542135808
-0.0575625021854534	0.031440346565237
-0.0797651435293237	0.0987807671807324
-0.0281715081110717	0.0253199962775251
0.121963708048369	0.127651439063252
0.0194304169342837	0.0179229838580562
0.0578635954948142	0.0452212963997672
0.209051566876262	0.277568708163055
-0.0747618109220595	0.0838455303828698
0.02638123222555	0.0274952706839899
-0.0253105393385232	0.0239872075243428
0.0898223198408803	0.110792173414378
-0.074224456745445	0.0769387278641021
-0.0893978772243228	0.0947434101185647
0.131862539999331	0.167635090421573
0.0974406979361216	0.120477903384142
0.107684339614065	0.142859335634717
0.316192137107424	0.432925856425167
0.00131307399497351	0.00164873482013125
0.168232602727929	0.226839759229842
0.0188885404729241	0.0192896806127813
0.194919347413084	0.259662750021897
0.147779490200365	0.155556288247292
0.0478451135836899	0.0755613304330441
0.333110589428115	0.349340815351225
0.099341006077762	0.0904475478022124
-0.621866451031553	0.937948596291145
-0.286422085128463	0.37063480512248
0.131225603877958	0.11936962451137
0.331715247860274	0.374281440599881
0.271796473940606	0.370400707189584
-0.0137268284380926	0.0126448383286122
0.435579271804138	0.89293712727798
-0.0176449324532244	0.020410274324109
0.212730346961632	0.307291363801838
0.2972015756989	0.343629422016639
0.245080666101533	0.291437160298805
0.303388336686037	0.357634415161918
-0.359589055547064	0.430071348862727
-0.0756637563818388	0.083447800952384
0.322928570082753	0.356332501480961
-0.00307719604241411	0.00316044272996281
0.26593579787884	0.371204071041213
-0.0721642608692362	0.0953777504310267
0.0488373163279299	0.0601086769445189
-0.162259454003989	0.196508350646507
0.10002268154024	0.115438513272065
0.411329962209388	0.581869653024862
-0.877157042092301	1.41842038284359
0.086036135636317	0.0772586185337202
0.307498738239264	0.31428306212129
0.18735392374117	0.226650262237434
0.160032561836476	0.178068234848065
0.170573891287993	0.230999979428172
0.0974594897127398	0.110323852307023
0.464534128997188	0.610898627346449
-0.084278105083568	0.06456846803742
-0.0357264902747464	0.04282839095333
0.421416927456651	0.64962602500527
0.0443446691144545	0.0469472018767787
0.242951267895911	0.34002599833551
-0.824993099017964	1.61262481953644
0.120536383707529	0.158497604280872
0.746494139823381	1.28000538938633
0.351133938946484	0.502659310690291
-0.466484368118156	0.736804899439858
0.321427874477774	0.425730682511844
0.134019143889259	0.0984694052400509
0.161024236076749	0.196088199804354
0.280866570082458	0.418692621858351
0.689727479659759	1.3657341460902
0.205998591522981	0.254115480494838
0.205158751575214	0.283451484938448
0.469174327100176	0.751218509962111
0.396270224609691	0.435635575537924
0.0359244106410743	0.0387839726476818
-0.247185677774848	0.317015774639231
0.202416515812978	0.276350938959289
0.319426435669827	0.348934562570471
0.348558136679675	0.249730349514491
-0.506296800979785	0.786363707446225
0.742485798278702	1.45137312832657
-0.081457063944481	0.0901562617161298
-0.415133702226549	0.620507441178349
-0.612371825608539	1.02120297882245
0.240720444469936	0.29313112937782
-0.184696303881513	0.184038869034447
0.103438081729082	0.103117511597233
0.196707502863795	0.22158354151996
-0.301898233226204	0.338801506074686
0.106937158534374	0.124001541463132
0.571288879792201	1.21882690691705
0.183943396319201	0.244402789752349
0.172884142008261	0.217577486648221
0.242940188772202	0.301623278182973
0.104571594617619	0.103710480321385
0.363661695631281	0.498220218685997
0.281200734281132	0.352820270383919
0.714957738085835	1.27662646598858
0.0744052987864603	0.0775269158334927
-0.0279627969377847	0.0289500809378839
0.13369788800137	0.166092539568365
0.231229024302014	0.319701802365031
0.495296775081895	0.680789974423033
-0.223391036054625	0.212593668438144
0.477385462731897	0.542653985619987
0.280141046904693	0.271982074459063
0.0661791987739499	0.0670793992936591
0.145631873130689	0.135599162691947
-0.607886051189414	0.894934744980399
0.0265739720312685	0.0303923659279583
0.17776468187116	0.219876516888379
0.350387081458466	0.46079873319727
-0.921515472965578	1.69801793810039
0.0782711786564264	0.0642595550780191
0.206857680727043	0.239558191316605
0.00962924673328464	0.00979507729121409
0.212032693140917	0.220311568108722
0.362318003132196	0.560502759361678
0.201766650752511	0.23568858524176
0.258654704653942	0.402676612057722
0.349928668695149	0.596715219410757
-0.0375059481567459	0.0421014359945743
-0.282412540817973	0.353293092098291
0.366884122664014	0.489586331557791
0.27022530912746	0.367789366926304
0.153248591086497	0.174483345244041
0.609810596907373	0.59421911423862
-0.146665295331799	0.0909073966116431
0.905610752971429	1.04612873915595
1.03823278657819	0.849962391166928
