x	y
-0.212201798791115	0.313590620814923
-0.268351862662457	0.461393816193395
-0.383210668158229	0.473624665215806
-0.208348264610658	0.288946128798518
0.244744031858847	0.392601660947918
-0.332408293087251	0.380265198905596
-0.256684690841137	0.456967045242223
-0.227188101755277	0.356276975067447
-0.37219756352865	0.592232172729955
-0.798135009759611	1.67285891609433
-0.0516006936998765	0.0702277659860746
-0.647068830407307	1.57691305650471
-0.24831369112969	0.336045656832286
-0.174272110690935	0.240745609466383
0.44576580673926	0.946479493491695
-0.568883145985078	0.813245579585087
-0.203373305370776	0.183045740601679
-0.621312824152796	1.56036007358133
-0.171060559899664	0.249440511703796
-0.313683469012452	0.563381807524589
-0.365808971652091	0.712077919384466
-0.44305222900568	0.95273014958241
-0.187440632617942	0.269012501671832
-0.188134672779823	0.305840135397115
-0.0336792532317901	0.0308654993605111
-0.548733121847598	1.00138902931976
-0.259181667775314	0.368578427082464
-0.875297604388459	1.30542693204001
-0.191954059865184	0.360726677949334
0.032686302566317	0.0411601061690104
-0.453708518058042	1.05038700861536
-0.117678565029915	0.171832732371274
-0.0299709814775887	0.0427741849215769
0.0279449406441542	0.0395584489883032
-0.338577825708947	0.756811920081445
-0.276034657382298	0.504404113243783
-0.164738846000564	0.290279207736141
-0.281739724648038	0.488381812079197
-0.177619724425254	0.30931808117903
-0.269188911966124	0.329724046697728
-0.415466147000376	0.611564094265513
-0.234744522335846	0.369521908347237
-0.499493163740177	0.612858836217152
-0.0644287838676844	0.0924815451497724
-0.106841298429572	0.180431192461628
-0.201819429015533	0.382213793393934
-0.676974616165822	1.88780875533488
-0.143165754553836	0.257492021694158
-0.0709152488733161	0.116594225092569
-0.337004123815835	0.705943193130682
-0.0260057738802209	0.0395638237944634
-0.0763119564514651	0.123010445765192
0.147345158125833	0.242035722528629
-0.216270092161353	0.431908776460112
-0.271993697754531	0.385409201437169
-0.221897349264327	0.256082572069858
-0.504926396570746	1.40368088588346
-0.0186641698381467	0.0259290470620425
0.498642117697433	1.19750190550196
-0.633161946752159	1.71193872562344
-0.149766866468098	0.198919691752299
-0.245916652307167	0.374500666733136
-0.399821493456966	0.783054009609306
-0.159990913135171	0.203250958521518
-0.192388074260154	0.341121338456361
0.0844455596126426	0.13943107549207
-0.226888247412103	0.444062490723619
-0.309372378485748	0.668788448942208
0.0890711988514662	0.146695702789716
-0.195804605911123	0.376244553327671
-0.59021192963234	1.64150368239434
-0.473349344382144	1.20849992869337
-0.154368003000408	0.256341848640008
-0.0810324833486634	0.126989495047383
-0.155326767265813	0.281604533688541
-0.351001738215577	0.722066913653208
-0.430144727622645	0.760551050794263
0.00789198170204174	0.00920734095758677
-0.1269503985067	0.209423982563299
0.0596963705773703	0.0906003388125071
0.0115453509946028	0.0161671012282728
0.0300425813872789	0.046631269761554
0.119376152271261	0.18888694913949
-0.269272951004171	0.558982533376792
-0.0778921161461734	0.0985688203973558
-0.148400810296748	0.232286306340575
-0.406428466918755	0.860399734306656
-0.151709079741351	0.213053117720966
-0.195678056225893	0.289493230723269
-0.12092234253394	0.204753695450754
-0.283717187036156	0.689374262852407
-0.270572759564293	0.475265229883149
0.000270392044338984	0.000280115068206483
-0.280600856164951	0.39730533514969
-0.0484594435403067	0.0559120417968353
0.0413690856145447	0.0606811057337447
-0.259269349107625	0.475124626410387
-0.175135729741083	0.238931477184137
-0.0190446566482625	0.0263760604929298
-0.232102713804014	0.376574877029501
-0.0516603987864982	0.0794788162975341
-0.0842579171022164	0.12581560537131
-0.0902060301893598	0.139619379929127
0.039967261556878	0.0603826898200209
0.086657699803723	0.14484024474301
-0.726097572055824	1.07019535558179
-0.125612483494366	0.147941883816348
-0.0184063643557105	0.0170413802592643
-0.536370035609954	0.803484633051205
-0.120478306271617	0.176204222230668
0.290279676834898	0.615017366888195
0.418394543093053	0.664140982173416
-0.185143864686225	0.198720119164747
-0.00373154725023324	0.00406889334357173
-0.232127406416255	0.388545900367616
-0.718018824764568	1.53216277247587
0.0508845668871779	0.0473509520003037
-0.107046752247485	0.111878317024498
-0.287600993572283	0.639247358346403
-0.456493536028286	1.04073747202349
-0.0493202279003115	0.04464821857036
-0.304948248034334	0.548926411478541
0.682639579270809	1.16459090379649
-0.27325914630179	0.662416057622742
0.293981040548078	0.516943297747243
-0.0850565109421578	0.130087533730931
-0.365100018004761	1.04258833769232
-0.427963748610844	1.4456282640325
-0.162364730198922	0.208516100088102
0.187057619099659	0.24807270107327
0.568346699209689	0.959930151050358
0.462081611209278	0.878049027360721
0.340191006661949	0.734940653290452
-0.0557636336151583	0.0840860309125454
0.13282294041328	0.167202794937194
-0.041931193412379	0.0444345671634982
0.00322201470843464	0.00343621940626734
0.024061811111387	0.0303231787658915
-0.240330914137245	0.363613673226797
-0.213291194696602	0.223329510079921
0.0304895025069436	0.0289363353577129
-0.109343800815335	0.11850028397778
-0.327069742425693	1.00120034133976
-0.249060080832609	0.484829963245087
-0.142489372408445	0.154029178573534
-0.13601416547781	0.282637527305117
0.239495777144337	0.482592655413954
-0.24237845954502	0.432915736120005
-0.0531649959217678	0.0999682862878566
0.00276160410804252	0.0050454668771283
-0.0397719013695296	0.0479780614037021
0.0673520695583803	0.0838413487546562
-0.0721480277811253	0.0917102493089192
-0.251922426438564	0.41766948719884
-0.261400955482173	0.509053769541973
-0.030741125988123	0.045882852135742
0.143021903339801	0.213940276623876
-0.035931624337074	0.0473470670773615
0.0275472956222522	0.0322466431014643
-0.491023704103221	1.12957628895083
-0.79800638764031	1.46005012403542
0.436337032154871	0.855122739002871
-0.0657692799695132	0.0787048640021783
-0.300090809431875	0.432361003399607
-0.389164104431484	0.771165689861265
-0.33857388845195	0.603474221423357
-0.425219219381988	0.67788534101493
-0.500149184350179	0.818156922315826
-0.32831037542704	0.524582713667575
-0.10241546479945	0.128305256120257
-0.10893023271295	0.162591067968285
-0.127594254621589	0.183888238489843
-0.419269354302408	0.812068983448106
-0.553728166553279	1.39106614223274
-0.124174132919311	0.18853933463369
-0.153447424376674	0.220953116177178
-0.196092302525029	0.234894706890803
-0.308288193968487	0.450446153871623
-0.248097593699488	0.332619464821509
-0.0534972157106377	0.0656093303212095
0.0442171967639227	0.0692221654835346
-0.217809034474651	0.443661995535831
-0.0951720078586649	0.127759728562319
-0.114748918854941	0.156438291342098
-0.707370545829478	1.48132975631619
-0.26269933769482	0.513703493235906
-0.481804281566991	0.760205380744476
-0.0582715007987789	0.0714605144340626
-0.648706885781942	1.1720470512165
-0.22921707238961	0.53391202223858
-0.123740226516897	0.203164015207159
0.0104638277785192	0.0179626730323186
-0.184990483895098	0.286695985723676
-0.280574419937996	0.379676380585439
-0.126494289607312	0.252933416242787
0.0226560959932991	0.026190089624135
-0.354173946941756	0.89304249286558
0.208977546890091	0.285764292428171
0.0313394882856936	0.0557518489061746
-0.0736053464780779	0.11608977074773
-0.455381564150943	1.0528151826697
-0.131861673239693	0.149598735436562
-0.139362734890908	0.22636835940208
0.347903941049291	0.687559793917766
0.325319255206118	0.707148914221828
-0.225382576114567	0.418938145847963
-0.196049043425009	0.354724619812781
0.659489313099452	1.93682093607048
0.25756275603052	0.498267500315259
-0.370604577210309	0.817823062524122
-0.229368814618724	0.458226479335086
-0.222577944552243	0.425987891925784
-0.155155341401849	0.278699510339371
-0.0925317348795705	0.145433113194256
-0.0538603914438737	0.0799622586120472
-0.202131492404193	0.356363198222432
-0.607831028039808	1.28538636953612
-0.604869254869253	0.820412241601755
-0.0337648693861044	0.0459704943705599
0.0891296844686472	0.132601504166236
-0.124950282678555	0.18498490060123
-0.00535946243477336	0.00742248304917773
-0.187055589261094	0.348663529266448
-0.0515237593795015	0.0715222372806876
-0.0303215480108451	0.0377151316390629
-0.0226763042237121	0.0300643418886474
0.0552755809440047	0.080297107340747
0.0102862864442979	0.0139444976483259
-0.344625358089366	0.733216620821575
-0.226478789152039	0.340734570268337
-0.0820447821251484	0.109809652906754
-0.173160847211195	0.279508992476577
-0.528154941754965	0.726214412325423
0.124795533291438	0.139008509075391
-0.248082141137542	0.390636845548631
0.0445069068226073	0.0629694210054354
-0.133185169112495	0.219602537109887
-0.175607553739939	0.318066503443773
-0.217922988037195	0.455137774901447
0.168918709226968	0.318065220297429
-0.417504776092128	0.904310386230476
0.181524018450696	0.294192977651662
0.124466901870578	0.190138468982308
0.195941764768665	0.361381986921291
0.110160057936883	0.178305173244914
-0.214163806445023	0.388292383856643
-0.0684169059876685	0.0957586394242371
-0.296046454914537	0.550203992685162
-0.104205089984315	0.177638940620372
-0.245364886859717	0.451700205563983
-0.10442330342181	0.1224048336624
-0.205343165365099	0.327960478730703
-0.146777442288479	0.251702200581385
0.551274285777665	1.50272492039193
-0.205965921191972	0.375586341735448
0.0866327432031155	0.146976023033932
0.177602603571756	0.307756469011464
0.57241744265162	1.2244158922327
0.322209194140104	0.647923554453878
0.077437390921593	0.131399006718771
0.22610637008472	0.397802767239937
-0.107599877545765	0.171782033184769
-0.00282273815357266	0.0030981651982135
-0.351620496072037	0.624193993852237
-0.175106957019776	0.141443474168099
-0.515086997714544	0.724257120185396
-0.904513126537499	1.53255690688435
-0.228141579341683	0.237713157758608
0.257207399534008	0.323980459246649
0.118876075463037	0.146882967319818
0.0285459694111056	0.0335425169054475
0.0172414461114732	0.0216262117975464
0.216891251464938	0.37885866023401
-0.0515017209833217	0.0735293750952431
-0.0445440201165129	0.0651096555254087
-0.204894805013937	0.421576987409704
-0.114776304339036	0.194109164930866
-0.362388734240392	0.776547205047631
0.103917606504474	0.170617400541899
-0.0593802812669395	0.090452507059517
0.145495927285187	0.257454074671211
-0.253784610184419	0.487605145468487
-0.286868096579888	0.654221413463596
-0.020721442284127	0.0312855420412819
-0.119761562237131	0.180131203703226
-0.427288318292755	0.611670865063034
-0.144241167507452	0.175412610707047
-0.317879888368643	0.639553614268064
0.0586645118068312	0.0889327767321244
-0.0593170886722704	0.0935215713919813
-0.243093272871749	0.45811142914532
0.139334802882873	0.248740178167731
-0.100105380561321	0.15752390399531
-0.156336259039414	0.213404231224852
0.383323327756782	0.871640098460992
-0.232444729057097	0.445147336227049
-0.198657468768745	0.324889869494966
-0.239085527592816	0.438411757707928
-0.0673029927745752	0.0781101691365464
-0.0847911175654367	0.112427577039107
-0.332699230272014	0.661991335133281
-0.128299813400104	0.140215439611051
-0.318796865595388	0.318534446714792
0.0589441068289711	0.0580149008538749
-0.220770784855722	0.21231684915017
-0.247458880115711	0.255608860630165
-0.339364026523507	0.419258385423142
0.166266264756052	0.188854161436333
-0.215871685768068	0.293841162612343
0.570278597984246	1.2090124701683
0.17275898363194	0.278135827602458
-0.177190607254005	0.296546460224673
-0.147522425572429	0.226458454653264
-0.0865811130015572	0.127102223498061
-0.0748382049520795	0.113624581705079
0.00547622569501408	0.00720827417437705
-0.292621099843392	0.581464082769553
0.222702191828427	0.433343682425677
0.264376628054517	0.53611815224673
-0.0690058894135906	0.105007731335373
-0.122167755119874	0.177173926420869
0.00736761400709529	0.00907766019660142
-0.347089354253972	0.470971225941091
-0.069555311694596	0.0731316927942549
-0.142704977925545	0.119172757165759
-0.345951637098439	0.385092568589041
0.260600238420317	0.432189946841464
-0.0696246271868442	0.105838745929752
0.418052618044303	0.956518257724308
0.454759664363587	1.08361837155593
-0.025520772774498	0.037397844328955
0.204655904963325	0.379362252643997
-0.0946447292391543	0.127090910390952
0.222868056948309	0.387361092037022
0.254093245454773	0.471272441100336
-0.281447984180148	0.470548386243246
-0.178845930347446	0.308667278931569
0.671626016476555	1.24172180193703
-0.286599544665426	0.451567352916778
-0.832440359844035	2.21294626366243
0.263407184547857	0.295444261441516
0.990676587767118	1.34724024405686
0.0525681533668903	0.0542466010557083
-0.248379395301511	0.21971424174031
0.0853535832152011	0.0896994681981939
-0.0343792841808592	0.0359961476217786
0.355869897718057	0.512597435422226
-0.0441065366323729	0.054620311888549
0.217598582998765	0.391884056818633
-0.117112980570041	0.169255377502122
-0.0256997278820612	0.0343065992858152
0.0342739059117265	0.0452878810495225
0.0419529019947653	0.0599268769631404
0.115497601115301	0.194319738524257
-0.107254642511773	0.177344678081379
0.154572992929614	0.235747634164272
0.563355178361413	1.36601255953102
-0.0548291293219752	0.0856553674798751
0.42000871283592	1.10034298680787
0.00278543038532562	0.00376902649370671
-0.354200834819824	0.829768610795707
0.164104250349706	0.28809667283055
-0.535715285907744	1.02725549005588
-0.493226672724811	0.864694384022536
-0.399960204787572	0.778091781807708
0.386055344016565	0.760776103182915
0.151397638163946	0.257357725735429
0.425141681694852	0.950115409960597
0.142998018933502	0.24759182983405
0.042293780080024	0.0622180168821778
-0.157129252846841	0.198063894030187
-0.188074464690095	0.313812146067154
0.0359952261732282	0.0520866556926464
0.34879985393959	0.635667547043398
-0.119927164029833	0.199716936542447
-0.342167456210534	0.472463560350894
0.048220846882537	0.0625059446338561
-0.0928041878240431	0.128150083168403
0.254865245329919	0.308014171874011
-0.92950571966147	1.37175642696431
-0.224263491954863	0.291258790210875
-0.353034302427619	0.500119741318459
-0.475369374348664	0.74644481528848
0.196549775229733	0.302693460560223
0.140511328711907	0.230032314634306
0.0277615005863106	0.0354568758849011
-0.193822068003747	0.351398664586224
-0.116733417751294	0.169308524068546
0.405185087358895	0.93964307232134
-0.151115492764615	0.28487056053979
-0.0958254608801249	0.162632633194041
0.469410496403644	1.10312513182214
-0.0168081693083978	0.0228214634495014
-0.0696237884984483	0.0975812761567941
0.44865406003279	1.05993472505575
0.015015581998455	0.0217254810404668
-0.376465290194051	0.701997534055171
-0.581034568596775	1.37346647164751
-0.262151635231679	0.451929490105496
0.376385510844782	0.512328793788198
0.247308160386334	0.281186384306743
-0.013369551625282	0.0125042213782064
-0.51858448825846	0.548431782065849
-0.158002467962664	0.147476418737258
-0.210277578168354	0.331935685064606
0.147152613036417	0.227593309098194
0.493704252143086	1.23979682504791
0.245486397014488	0.454759941343192
-0.141509833318819	0.250599252825216
0.197230707362185	0.355939489911226
-0.0778785253596482	0.101114187156854
0.312930012499937	0.622041115546222
-0.0411741885072278	0.0586989282769164
0.403199544113696	0.896658167637203
-0.288529068652618	0.486371546099515
0.27393512388272	0.390923260082864
-0.104574044620469	0.129796955792924
0.0311269223780679	0.0360702274959324
-0.15507588015562	0.162311779633639
0.229355763540197	0.150349616808409
-0.769127317784776	1.52030348948455
0.00537104770023408	0.00647419698912125
0.0465311136157051	0.0654299410513547
-0.362778578814889	0.678680793602517
0.0112824368418476	0.0146235153707964
0.03023208151624	0.0372455380450056
0.00957954183799434	0.0120684895954077
0.119583498824695	0.191281343801154
-0.285289422421795	0.606804781737895
0.0947380646245678	0.162467952818492
-0.505553275678972	1.18504968009812
-0.368813205004418	0.746211244819324
-0.102892105074433	0.164511560990314
-0.0776181295369801	0.123419335526974
0.313733612591383	0.699993072909225
-0.214714045483872	0.366212407947537
-0.601732053616196	1.54477923539542
-0.270689557125349	0.473099754508028
0.0821282689090193	0.115258366166545
-0.270527686531186	0.551378948416997
-0.19842284932866	0.314858956838019
-0.527298127637232	0.940711272160908
0.289995842711635	0.374744701337868
-0.240067269171433	0.272287058280405
0.138670787797947	0.11915821871427
-0.189931017072962	0.172558473675753
-0.0733021710573896	0.0946892120201174
0.0688665889309761	0.0970790387259484
0.0992434805614409	0.157367588744561
0.0736406007647326	0.109642535632843
0.0912821453374964	0.147190835133584
0.303165225563198	0.581780075038025
-0.468518929787118	0.914895630979445
-0.0480470363762109	0.0625289070402774
0.289448027492441	0.556337755689859
-0.13890544122884	0.205875083613045
-0.153539539568967	0.235886469666938
-0.0582417115261822	0.0640393431862092
-0.0355037923835861	0.0409601452498381
0.060196312440007	0.0774066932762974
0.274827846153653	0.387489596936399
-0.0751964351798726	0.0584638869878981
-0.25531242075559	0.369189019995491
-0.278707879555406	0.35292973859205
-0.190451150204416	0.199314838235332
-0.172560794716566	0.207490308164101
-0.0569692793572998	0.0718192169008026
-0.00866535498116393	0.0115667057109285
-0.110218315905845	0.177986921208425
-0.436609034391522	0.986255776260209
-0.0953084266399275	0.15198223382206
0.165608619226117	0.307358915216724
-0.299186933616525	0.667813724550196
0.39901799546882	0.976520313422985
0.317637850016812	0.793372626823253
0.0637792039354947	0.101941924318417
0.10328779790711	0.156180540164237
-0.32690653601954	0.655893614368749
-0.0116448573162894	0.0169527935220054
-0.167086680148169	0.320714424630834
-0.00486193528718333	0.0073606482110824
-0.272668078013422	0.572979504290192
-0.220330430950694	0.418639399427307
-0.0962556319258775	0.153991259404081
-0.489233987517894	1.16443282122745
-0.592589950464615	1.78328610904579
-0.368869236958055	0.615420928116283
-0.0717256703513129	0.0855160249484584
-0.185606820733987	0.176788353412757
-0.00243167185699036	0.00305543207985308
-0.142061094126222	0.222353301420856
-0.0539770797935489	0.0820898343136804
0.120726797345569	0.202541289163138
-0.451099384133448	1.11339829893612
0.03371457894972	0.0509079899207669
0.0901450335414576	0.11819349220855
-0.389658260465427	0.812851282758133
-0.303783557794957	0.653164234065963
-0.31162716230397	0.56518335894205
-0.699999034924375	2.17157140340909
0.0142526866121825	0.016552035881824
-0.320408382063493	0.590966343112199
-0.375270168473701	0.805270218084739
-0.0460597914839228	0.0523429102217104
-0.502017227659369	0.61202967128887
-0.118927415062536	0.136832224506007
-0.198978253561514	0.219877823989149
-0.246015550051527	0.280205767462094
0.132485924375892	0.152203237176708
-0.394464768521634	0.563752929740611
-0.124525820466081	0.164174969610369
-0.330202705304234	0.617813588614695
-0.0352956138458972	0.0452697324669827
-0.174120210807318	0.299555163198876
-0.104432706948984	0.151055003638532
0.0640377426569249	0.0959043046032712
-0.0866769072229259	0.136321758201032
0.149195048895744	0.236467622632887
0.364167362850209	0.771219900625197
0.256226639998732	0.562379298585681
-0.0573474910645641	0.0873741610499407
-0.557156055893103	1.45886935406953
-0.279055512680314	0.533990742888486
-0.359959935679175	0.767524981083841
0.0586758349905618	0.0936815145093448
0.0293588593492195	0.04528447741155
-0.131181076049935	0.20781107049116
-0.0128775233819085	0.0177742750385546
0.219310063412931	0.392369479005076
-0.0542652625938636	0.0828571308346771
-0.426793985852521	0.925807608020716
-0.283930001983635	0.638708814510347
-0.436214899321914	1.07619996087519
-0.535425440846346	0.789600476120246
-0.723983402289977	1.84953580345719
-0.467539357246188	1.13697501923085
-0.184689617202663	0.311567139237181
-0.246295377249991	0.463685720607202
-0.381095047855198	0.831955531279663
-0.0301656218342794	0.0400299724456702
0.542815468045709	1.28457058702412
-0.00316813643476066	0.00429544109955883
0.0533172269577653	0.0757915055301968
-0.437384385212774	0.927532346766525
0.314372540592	0.613332062090898
-0.0608331054491566	0.069593151842882
-0.360377051377509	0.712152642560464
-0.581829250369282	1.34617215182865
-0.388706765898893	0.519470550304006
-0.0441518279552044	0.039716843884719
-0.214577773825386	0.291757442401001
-0.384509962066515	0.555410103086385
0.453056622184446	0.567511926452315
0.0465051137347554	0.0474832438640626
0.0238590372084816	0.0260395315313129
-0.0381104934923176	0.0422955150994224
-0.095791621003538	0.133643135166407
-0.352887120268025	0.709415686794551
-0.108459140163267	0.171086397708235
0.173317085014877	0.27501956514451
-0.419670229805308	1.00204824222955
0.346324987393224	0.771426864320197
0.0799585098097559	0.125462641081612
-0.208338505959453	0.404419769362224
0.00511683473806136	0.00750991106906676
-0.194685821384711	0.388182738934607
-0.0542083514251947	0.0799452284435344
-0.121720946542861	0.199030666284989
0.351122962159891	0.73362034675398
-0.0661177966076335	0.106508157974562
0.0162144378436796	0.0249498036742074
-0.0745093435173344	0.110515065582362
-0.0158889063478026	0.023071499479231
0.119390030412527	0.199791676098439
0.257746671660757	0.535663130282178
0.0324675692691468	0.0494717639851225
-0.286956926654079	0.522835400744624
-0.304447113783599	0.45576012286617
-0.167259152288191	0.227901652741239
-0.0126559682525011	0.0117302489822667
-0.00514856009357314	0.00525300041438331
-0.0200152295780609	0.0259267531648598
0.267099446572276	0.522910566361339
-0.321825733005574	0.682338375997962
0.103867999952675	0.173417399916971
0.503746443828934	1.30817930992907
0.216811343642989	0.384468210023803
0.0333585925979819	0.0417975935330552
-0.259468211513824	0.496025272938314
-0.0869028510961378	0.121679790293855
0.321492348359825	0.631585209616526
-0.277486551794575	0.541765895402926
-0.313354071992063	0.51291028823669
-0.15990393672884	0.221841630004579
0.0752851019909004	0.11217744637459
-0.768918271769121	1.43958293769569
-0.276587856684402	0.278143511248299
-0.113051588611231	0.140727266700843
0.0174131699101545	0.0214374081617776
-0.114517634130745	0.130179430837208
-0.123801440514925	0.132487748011926
0.10801192815724	0.10803490334255
-0.0893774368295154	0.092596147429814
-0.059411250284133	0.0636027070000558
-0.158525006747756	0.201188376249234
-0.1860732773341	0.280135466128687
-0.107438185445293	0.168472678899268
-0.236390771528457	0.437928126214477
-0.00259593273353325	0.00337461156220798
0.0273172614750874	0.035807530085274
-0.053142798455078	0.0804236088210737
0.107338895418211	0.167970933201877
0.0585417103066913	0.0813184767891424
-0.116412628701113	0.174451532998074
-0.0697093487775904	0.103465378601548
-0.0881087316275306	0.124114700649598
0.10762061278915	0.1540394569171
-0.364241656784817	0.768858262198487
0.137590504028126	0.238164842452886
-0.258358154877268	0.479413526422171
-0.160296588181818	0.24531164601788
-0.248305385008393	0.462174943825575
0.0703600274994838	0.0967132713041622
0.0953912853597751	0.132206184137906
0.0897344708643339	0.134966361377882
0.00934988140535892	0.0120462104261504
-0.215070072269364	0.382073735889507
0.0580207793183529	0.0907536010506828
-0.148914365654331	0.232656080591764
0.0365905824925669	0.0448203912187125
-0.34941891967991	0.520654524926579
-0.218314974236824	0.285919067017345
-0.400740537058332	0.63598993605485
-0.0516436995536375	0.0498110253863184
-0.170998663583731	0.176606574270947
-0.0377626484001172	0.0480593222147902
-0.132471688778876	0.195179014227281
0.291609509541879	0.577151116422533
-0.0162269398593713	0.0202559717138554
0.550372606607398	1.24940419676171
0.361903120367697	0.711936990173687
0.039156225190587	0.0493099313415105
0.653725367133573	1.64254563239613
-0.185881504952806	0.303507386947876
0.399162540572043	0.8370998849046
0.00239078301501723	0.00298022482815031
-0.513265949491009	0.846853605271644
-0.341544072322805	0.554204959725343
-0.300956585642204	0.499084594499906
-0.030941800701022	0.0335666530858502
-0.207052440336639	0.213110916044117
-0.183692797225041	0.233996580232828
0.415476399696089	0.708552134146181
-0.199125943072079	0.248901501978836
-0.327836138102789	0.489528233757983
-0.224109377117068	0.311598245612844
-0.0264975760493341	0.0270661499997042
-0.724713820590961	1.40096137732952
-0.615092269915095	0.985978097199568
-0.408671556740338	0.604428290179659
0.0602775625264634	0.0686489711831881
0.294287707117992	0.501500406942596
0.411936949034729	0.835309397096603
0.347719231716074	0.6730756669646
0.111645028987568	0.16918943998603
0.1993721366618	0.360034377932234
-0.394234549536168	0.840860571909503
0.459024848837456	1.1193675012003
0.0147696907910669	0.0198906175039107
0.0545295181443793	0.0811083402362115
-0.163713879079204	0.275806561569282
-0.43469297164735	0.927260455861772
0.113879364069363	0.177928995257767
-0.0437532951465498	0.063441620878886
0.133416902219068	0.228383138116822
0.197010804361097	0.388123202466997
-0.118792177868768	0.196036349560103
-0.255892799250972	0.447599416253515
0.174989692182613	0.297973548681226
-0.11421795563676	0.171761940170463
-0.0505584374826407	0.0735107157990604
0.0861702299833464	0.121291325304172
0.068630339831807	0.100833544017624
-0.0728707182682105	0.107319615626363
0.149606793969489	0.249133639355506
-0.262798050391255	0.481474293782857
0.0401339290282555	0.0548691291289849
-0.26698078965291	0.466896976293875
-0.357779092554714	0.583834934242159
-0.367813238113569	0.543756568205251
-0.441723170864439	0.632350976909807
0.457787432878236	0.58752285500182
0.352576594898695	0.568865248576504
0.232083864992919	0.418122232494748
0.156044133749472	0.232381764435436
0.192695435247815	0.332309094244338
-0.259588572957525	0.475736176538474
0.170704525700084	0.288450510008572
0.262043135690819	0.424455043650257
0.0510800353886577	0.0778018413455597
-0.44603209115628	1.02324102306944
0.0925301027770899	0.121129154172484
-0.233565896329958	0.424737874143078
-0.239585640313352	0.411568187772209
-0.00643643763566458	0.00729484459026309
-0.400557451117894	0.827453775207405
0.0722467204640734	0.0966221232704709
0.0489164738587172	0.0614567298532374
-0.374443984151427	0.645248743085904
-0.127962533869777	0.177034419489363
-0.191111062545992	0.291444901895938
-0.222410459305607	0.347763099731177
0.11679744694438	0.165617658578066
0.0622759899045433	0.0935225101576697
0.577643168686858	1.47923036110779
-0.112068810789272	0.176147658916759
0.352231629534365	0.768230775293945
0.0308380242891109	0.0439420681179515
-0.146429494531093	0.263048643014716
0.358473766156662	0.879995706160777
0.0962760905950568	0.146312766013746
-0.21326757164097	0.388745847185481
-0.12557176301408	0.184194394746946
0.0545225220839559	0.077783944401742
-0.0822410792207324	0.127520798899888
-0.149664687532779	0.263285854632361
-0.0587029921201764	0.0852931847450984
-0.327080734512281	0.651203438268081
-0.0809342962817384	0.118992198558118
-0.442050529779319	1.05071264237721
-0.0905163051270575	0.141106768430254
-0.0692431835418422	0.103132094181914
0.00827475720776276	0.0109954621449765
-0.79018560121481	2.52430123709186
-0.0670785844505702	0.0984653926105821
0.0537118917972348	0.078220560656589
-0.189510743271678	0.319277670591905
0.0429222885479284	0.0538244569226142
0.248270004318314	0.389905414903419
0.017063425488182	0.0196360622391051
0.44125458886453	0.757322197873519
0.456622635526487	0.612422215906642
-0.233307591964174	0.246563802806074
-0.0666697857790404	0.0970418153706887
-0.164425612766013	0.280905330748052
0.456781699518684	1.10033327400562
0.233146878923839	0.413892656387236
-0.147386698405902	0.254797316307536
0.166408538333749	0.287788581594454
-0.251652682807623	0.440406186037322
0.271627824850256	0.485052028655328
0.248043563824601	0.475274473343391
0.060313558811641	0.0820301732718476
-0.385981453596733	0.840244149933831
-0.480400750966698	0.888728329954112
-0.559409928158718	1.29038009768646
-0.0853161375420725	0.117141679999701
-0.267227761989804	0.368656880904025
-0.370946015619601	0.615874851019911
0.0331878799278736	0.0395431154327955
-0.093797341706762	0.131501366657384
-0.0280701877487472	0.0401998846489616
0.213983741522164	0.369350934489087
0.508372462252061	1.31012714672858
0.207854010431135	0.385779521038523
-0.198685920048993	0.333450615804726
0.380269974338816	0.84122015046051
0.05704829129184	0.0866598970378365
-0.3327945406329	0.754374551960144
0.122627292202288	0.197094819285217
-0.00219848774205204	0.00288042137955106
0.520480246052271	1.34577276285473
-0.213938151371789	0.387575141412291
-0.172547232528744	0.290020214846581
-0.374462329298413	0.754202241516919
-0.23710677903323	0.446204595486098
0.388346209717307	0.811741666907969
-0.147249168817448	0.245631944897489
0.23467214099925	0.414556192687877
0.127773599658142	0.21646864758497
0.0655669964110152	0.10171671704846
0.00246775201928309	0.00353122624991367
-0.139885794306916	0.230287821146789
0.0365759881738975	0.0514750454906385
0.0211081064640932	0.0303424706831821
0.463187406089188	1.01844138375808
0.979111127284731	2.49955261661036
-0.0351036926954575	0.0356234336301223
0.164984417915203	0.206494089995756
-0.166691862869654	0.167104682116007
-0.643464771698838	0.941058686795384
0.127240924403563	0.178487841603323
0.0615083347397007	0.0886156731420221
-0.0690592452815092	0.0989996128649791
-0.171733890053521	0.293271159185513
0.052961129237426	0.0756892093774826
-0.0362889546012547	0.0516647212499876
-0.10883866443967	0.151266072655922
-0.394850009362855	0.854040782774712
-0.0777431453821135	0.121013967074773
0.0440041010484326	0.0598584768371958
0.182124154885227	0.29104284119466
0.0435001990248253	0.0420035105636376
-0.449856840076904	0.791593729672193
-0.885352756820467	2.40692741930305
-0.35170618490625	0.489178589747446
-0.485206074808331	0.843440681122213
-0.0113571527154797	0.01507795311163
0.314766996229392	0.647168069048026
0.180477392869295	0.280991051498122
-0.0978921806508265	0.147215062905368
0.358524395893831	0.790724435576518
-0.204337849251959	0.358875002615842
-0.128416660477853	0.19522930824787
0.193630321547771	0.357848391350152
-0.0400401230497118	0.0609985207074442
-0.239218181408535	0.429290020620917
0.203198183905876	0.358749729180275
0.123782381788473	0.199175167351044
0.204124440650506	0.386591271336844
-0.00698283012850415	0.00954680727539317
-0.0917705926920507	0.138225669578051
0.206582653368081	0.31520149417005
0.322956098581825	0.61443105203108
0.146551458157255	0.23926648995271
0.204349247585469	0.354717307042229
-0.0961308823560773	0.142529463636702
-0.0932624996769604	0.150739732539978
-0.0495847021677394	0.0689719525716601
-0.102779708701887	0.159028851548994
-0.094743116545707	0.154970162295018
-0.459944895042548	1.13457391636756
-0.27618046823753	0.505136273077332
0.325760080445652	0.598017931249903
-0.393568751817188	0.684478897111816
0.0946523170607496	0.107290061645488
0.486547737029436	0.541942048445374
-0.0144074124293766	0.0123665605161463
-0.120400632702461	0.173867314869986
-0.512704300155221	1.29106896332847
-0.066452455461633	0.096851903495375
0.391789182787567	0.820413126499099
0.691648548373666	2.05826786206656
0.0996636329332623	0.151164796495148
0.159420107833178	0.240205504126312
-0.00694229122801198	0.00913176550792486
-0.223688618940837	0.42569633431096
-0.0407125869990843	0.0562089205977029
-0.236477873123542	0.4226208136886
-0.396036274219657	0.663645911905136
-0.518614706809878	1.14393895792477
-0.407538686235748	0.618082479878775
-0.121965718984647	0.16280466733041
-0.155248252695387	0.257665623809756
0.140851063002433	0.217346421626116
0.340913726353697	0.697621706149938
-0.140848527939499	0.227641135878002
-0.0167686063878833	0.0218987463506104
0.30035899177378	0.635334319091389
-0.416187600588349	1.00012977535273
0.296100673359241	0.600781445084336
-0.174591293909376	0.327049277490578
0.0156503600388562	0.0210842955202774
-0.0388630490755903	0.0538416708677631
0.0482969737308311	0.0689542140647275
-0.235904317152496	0.453795964454878
0.012173776183223	0.0157665538943396
-0.197791205872555	0.315818338040625
-0.295727790106556	0.573676821628554
-0.20438170777012	0.349250392705117
-0.378161302937057	0.791310925870735
0.583593058057138	1.58567552362525
0.0179485534982503	0.0247814241798111
-0.0645615994894967	0.0942025464662246
-0.0249365271113078	0.0346571575270566
-0.0480238750992634	0.0710061731560133
0.127660223805385	0.221516672190025
-0.487844585639022	1.31444378382574
0.0504685417300451	0.0652707895802725
0.475585082774398	0.840667931779322
0.300518695887049	0.420804899754774
0.310509343085512	0.444954002874649
-0.587328476725001	0.741690486340582
0.263103962455044	0.30377309365236
-0.642640648636555	1.53166637604341
0.0548335098694721	0.0790413266619609
0.465197696730698	1.11133284706941
0.49004557551088	1.18156098241097
-0.154030674592963	0.249992969764201
0.0132155764904901	0.0178513452178534
0.0403428146838578	0.0518173013131572
0.403088205285386	0.896801282821057
-0.0597534239431407	0.0873755356341595
-0.2970168833509	0.538741771851935
-0.293785973793859	0.544125891184303
-0.10344284705755	0.126286257491722
-0.14932421473331	0.2318920722524
-0.206982900552735	0.355588230787729
-0.324273969491413	0.455980480902021
-0.468495238326014	0.572898373495827
-0.0947087524977102	0.126007796996369
-0.169583973652102	0.193182985131733
0.068572345695181	0.0759625404082507
-0.0469283379692023	0.0513439460952525
-0.248526561301925	0.421734209187679
0.185512637702487	0.309678476638016
0.346426355425631	0.745012833091949
0.381444272988182	0.861073529131365
0.0710262390862532	0.103708766351325
0.148984163298954	0.25301190071074
0.213413397424974	0.403197320449443
0.421235676519841	0.998511319895429
0.0040887247566711	0.00550412465044581
-0.113836498744198	0.18481961303688
0.198655841928931	0.353060826709134
-0.739759147921252	2.08387465297361
-0.0908923595734352	0.14012141075798
-0.108576624468966	0.166938173019904
-0.0340291616364246	0.049903451594576
-0.18072667778456	0.290343968888892
0.480372840255705	1.03291157494692
-0.0589088191478996	0.0821338031042893
-0.306918209804762	0.591005562731192
0.143783022937743	0.23327071390667
0.324796967069968	0.689602598876678
0.191798657755181	0.348927106753496
-0.202644290135329	0.389671883584595
-0.0576398616337181	0.0833043980477081
0.141875263101813	0.279244269003848
0.0811152617986412	0.122075004713635
-0.450070059557971	0.955963363119601
-0.318845470261096	0.511821446809953
0.701333001724509	1.41170223333003
0.696197675770952	1.24644488541629
-0.628041181327762	0.717976277600092
0.208096725579451	0.224189453612282
-0.170033948851642	0.249545834398617
-0.0903360384429258	0.138663405048852
0.259961949275323	0.512643185831727
0.0664573702643369	0.098799778462757
0.317946565789279	0.64443352190417
0.15878839359196	0.247825780767007
0.0671446285507649	0.0927508743074212
0.217736030267495	0.345836456819563
0.301239210765861	0.626714190379172
-0.0782755970786268	0.105092131006532
-0.165474278981337	0.269681021057485
-0.214576803210774	0.292694913759918
-0.0933285897754818	0.12361172190567
-0.358077625746061	0.681462077752891
-0.0850936727314456	0.0899970819686098
-0.36095393593786	0.600427724541681
-0.1187164640863	0.136963012776306
-0.203515092643068	0.285761304812311
0.0636212210445769	0.0721107500117901
0.152132190691355	0.223107006721399
0.0433947180843432	0.0574097511668218
-0.306742354940192	0.599952085506606
-0.163490319081731	0.24618826071383
0.0513837483078789	0.0786027004713697
0.0967583797387395	0.140365287656845
0.486647457898598	1.13684756478395
-0.456698807986362	1.08530183400213
0.00533140281228736	0.00765535404964631
0.0338466879917792	0.0511090243246604
0.30663268128766	0.619625218684517
-0.249027766666451	0.418381312953097
0.0305644501966373	0.0410347918260215
0.308281755256544	0.637184630204096
-0.0168717018161827	0.0223469324339603
-0.0974264985165204	0.148842597241145
0.271856318160382	0.471676928194872
0.151559249605111	0.245955363125328
0.405676764318959	0.894708160088232
0.200486749490671	0.330097238898738
0.0512795247841485	0.072028649665022
0.0651417745425704	0.0947193944681447
0.500631397568053	1.24931474860667
0.195633210330014	0.328938428063738
0.34471168794073	0.738990377452681
0.233625484551317	0.43425593587505
0.0252791366597398	0.0310968469524257
0.0103323307710061	0.0106402094788209
0.18151569818071	0.253861162006184
-0.0601353139560879	0.0657696589211446
0.207197282798901	0.192124553647823
0.68680571682507	0.917979289462766
0.00229821971995437	0.00265787439178563
0.624629593333861	1.65830104039482
0.177490662396731	0.329107210830598
-0.0484099756741419	0.0716134405625193
0.140128360366535	0.236165438108799
0.418554180917844	0.982109815633948
-0.171072488913483	0.258071682772531
-0.0457174842416096	0.064372537663239
0.169965519023258	0.287297528257021
0.29857929841543	0.540611114517355
-0.374798372467703	0.743479521268033
0.0231596626171468	0.0253212154435658
-0.394420969831543	0.707191812788284
-0.688243244510528	1.78066809907477
-0.342701392393758	0.518483481063167
-0.109524345398366	0.152473454514553
-0.165243193252017	0.239727311020017
-0.0815961024496024	0.12311003095203
0.102124701251078	0.123434388418102
-0.0348366636565109	0.0442387923457414
0.109364282650098	0.168455415425678
-0.0219888351690648	0.0285912930795766
-0.00984082838652301	0.013189385815925
-0.125187751595679	0.206131268992309
0.196387714621528	0.332507071669886
0.500315777728607	1.2703210126227
0.28110307360827	0.60609085531652
0.226501527263145	0.426006062782495
-0.07060188908715	0.107128602360603
-0.187508781629937	0.316641533325344
0.467523399947869	1.12443800500718
0.300832717455432	0.609780037251153
0.257889514302585	0.498771864564402
0.179009084749093	0.297422060569145
-0.130554978540266	0.206226185578506
-0.0638146175975281	0.0935661222457973
-0.0307193349306844	0.0436957768211928
0.314068342850366	0.643703259790548
0.10837164848403	0.16328354418343
0.0750775094113482	0.121730756968865
0.0846072579508901	0.126973744573721
0.226605492895327	0.419075543780628
0.105077277287343	0.164833851422451
0.343773989821192	0.737153358054495
0.023283459989095	0.031907414592425
-0.385737082527131	0.558341402900791
-0.0216054535470231	0.0228887337017162
-0.0858203888883741	0.101830880426371
-0.0416682471728764	0.0388026845753421
0.0198079665439679	0.0183400822774356
0.245562890005472	0.415445445932117
-0.230988043002828	0.402542097266922
0.0518770911270917	0.0703002576135415
0.414836021697376	0.875454711152555
0.336440501735348	0.731428335158234
0.214609173754023	0.381723822639597
0.0810731607737337	0.103373541794764
0.40310505559306	0.884682818548171
0.233165070412615	0.418206052235245
0.0686881153896782	0.093877785333821
0.0201506327630239	0.0266929948577395
-0.0894668017072468	0.103126058704175
-0.377487034217217	0.69754720843035
-0.372665472730742	0.754684401519758
-0.419315493348923	0.611538175198943
-0.147036325059787	0.186706387901794
-0.462818109451283	0.899500255304871
-0.420736748574918	0.733715629655057
-0.0317403472576245	0.0394435216682185
-0.077075673468323	0.0934568704008384
0.101545227706215	0.149611697331814
-0.0611453376346136	0.0849491566098735
0.138644288009293	0.224063549654638
0.424669678711778	0.97777252978147
0.263446854763811	0.493947049145853
-0.0490401752648847	0.0643315148441846
0.608006515308378	1.58755848769488
0.0302177291564261	0.0397848560856393
0.160562999185701	0.263883471646276
-0.0953399145126111	0.133823763972316
0.461159356615079	0.973450763004154
-0.102911127996315	0.158076222938857
0.310904389286805	0.62121475023041
-0.710747753285554	2.09728156898109
-0.451295411362171	0.964365527506069
-0.0184430994543029	0.0254379262493802
0.0964215902256197	0.139886163031022
0.266689161787371	0.437376001236938
-0.339575906015186	0.574596973618334
0.159984070359715	0.281877210814829
0.0422788551438752	0.0585760958779021
-0.107653085367027	0.154396289300307
-0.0327867862024083	0.0465425790083
-0.0591675087866273	0.0864027127770475
-0.531847339092922	1.14184046841394
0.657002678355057	1.40250105827954
-0.0830030612571368	0.10319982814872
0.111287965807684	0.128010706394198
-0.126322066842934	0.128601901851354
-0.0444874161527016	0.0408937827411009
-0.337186375097054	0.630015038596492
0.176142119344789	0.278878933317317
-0.0386117831755055	0.0532353632109034
0.0456447658048722	0.0592836254052224
-0.00103597801626085	0.00146773406136252
-0.0456168739714494	0.0639939549168544
0.270032234826714	0.469666404936122
0.67275557485801	1.93096769732261
0.0517524038326152	0.069326970803022
-0.0388773115731094	0.0533651474029626
0.0863590649401888	0.137931185627551
-0.237535589153634	0.340026616146446
-0.331592689238752	0.56921703457058
-0.14507139227224	0.211609378842649
0.126830279180991	0.218688718946779
-0.00468751008132942	0.00645780267477549
0.253228343166154	0.469352005040033
0.582012063580146	1.32806480703338
0.249947266811712	0.502079303594992
-0.273593326312045	0.540343745817962
-0.123557370991686	0.205448915774312
-0.0688689481048654	0.104063175538609
-0.316385466004778	0.66224518396156
0.395465083658846	0.879694891190177
-0.0203464837744377	0.0283722383181087
0.255746416111556	0.512977393975719
0.0765407969263342	0.106765278405137
0.233351247507442	0.420680618755719
-0.404916146260582	0.903541670520795
0.305935509229501	0.60203544969591
0.217970028747207	0.383430750979302
0.287132650246656	0.559357843999025
-0.0228336515142817	0.0330984793102525
0.00862632493030016	0.0120455588266152
-0.0253005192904348	0.035162532626148
0.139660686539126	0.231436993497688
-0.20631189420954	0.408598272853223
-0.436111726689004	0.919029442548649
-0.212992167052674	0.280636337193835
0.179667282980234	0.233893518130196
-0.172620405540882	0.204023381810122
-0.409337773988405	0.463867349895811
0.585894678150444	0.796361507446544
0.0554347175934182	0.0786651171035772
0.0301452017727502	0.0370544858804789
0.12635103944395	0.206888160917744
-0.166018601724849	0.286334190089487
0.289394294441515	0.6077076089954
-0.0676163933588355	0.0958797280557883
-0.0978552775370064	0.142402406457788
0.0219277692684813	0.0311105909122089
-0.126299214296965	0.201969269563658
-0.46057612102899	0.963841687480854
-0.268596946505796	0.504064541886153
-0.0886539430915863	0.108966083379734
-0.128428063157529	0.18246341201848
-0.378349636207476	0.852457859883003
-0.615846744474742	1.02343155301432
-0.0818857083954726	0.10206575550509
-0.508295263143988	1.16405979243296
-0.165374234345935	0.275178191078939
0.0920995065837761	0.143797311526065
0.193065225606244	0.323044427730415
0.177750389621851	0.293216094801135
0.301523468092227	0.63253930215089
0.366634165631819	0.832847597526784
0.285272561876021	0.57936074907572
-0.360844897529933	0.707359500123745
0.16419692048995	0.23717525962153
-0.136613185527669	0.210759193819973
-0.362044721062796	0.76137614864552
-0.102407204706244	0.162465125597753
0.242602635412247	0.430448827701944
0.0146838023688131	0.0180741943689596
0.417734649620423	0.866144233770601
-0.00936137967791343	0.0120669348631614
-0.0318691421807606	0.0434990370218506
0.364457136146857	0.723590105815239
0.167497398424001	0.301319780540324
0.443574510561944	1.05949035919817
0.101824038022032	0.168549210729752
0.176776110161688	0.3278643621444
-0.353032338809624	0.750732217147327
0.28450672109693	0.489420437929842
0.256645536336805	0.36323276908021
-0.0227083415801132	0.0234951640721229
-0.0756047522882918	0.0783129118393235
-0.14678940662182	0.133423279117249
0.203447337271661	0.199321047053462
0.0905317808485734	0.116874343183206
0.112950131518015	0.163557038416365
0.128541740649359	0.206773306229553
0.264511565625156	0.507438340202335
0.401952360520333	0.880626773297435
0.00934339925468883	0.012374451674911
-0.198839082036562	0.298346637936999
0.134601044815739	0.197012591795542
0.474306928863427	1.14100055805808
0.401596637845949	0.861463113393793
-0.324705569086802	0.631499060929016
-0.0464003075376614	0.0466997654362589
0.193917050709513	0.271658612596308
-0.62222317600878	1.60117613992098
-0.168850774172949	0.216455154986902
0.156734332360628	0.220119071759791
-0.00142572766472764	0.00176152812622876
0.0317225199458344	0.0427538611715371
-0.0842954966069084	0.125466877649361
0.0337779155492483	0.0497589106931317
0.163598340643267	0.28106398504454
-0.0932310145199188	0.145259407027733
0.379975363615971	0.871464298799254
0.150123128687956	0.262080086965866
0.429521658546218	0.978060233165813
-0.0127876876010422	0.0171342376647571
-0.109841162299584	0.157871489575647
-0.166064954168984	0.266794167053245
0.369876504115149	0.872221792105112
0.145631295968703	0.272748995371916
-0.038597315171226	0.0539944782338206
-0.168703138293376	0.276647535279024
0.240126758963981	0.476917447615232
0.759746086497616	2.28664372792882
0.335472386848293	0.662471833088515
0.301534584383408	0.635129934133251
0.0801148087253358	0.125779183562712
0.150587473930741	0.245268878569419
-0.346393281949469	0.753719119314041
0.31113407938234	0.698050487532646
0.252908398454488	0.483601310009441
-0.583013262750256	1.48413150713497
-0.213450779486632	0.290499618401693
0.237744009614213	0.333188861578838
0.124458070638037	0.139683895201906
0.337845709840122	0.3499213299406
0.115022737319696	0.112780041835868
-0.283846890377147	0.540408901980936
0.278418746243031	0.528836214144679
0.508242869466157	1.20996316656696
0.312625392249253	0.651481177001183
0.314443535901751	0.676896263194758
0.179061120016334	0.308922383325857
0.343779504503773	0.639782515242179
-0.270024700232108	0.459755885975433
0.155662504152837	0.277254108572837
0.283557434108377	0.509667141872877
0.431824149742017	0.905946092504366
0.14640960442823	0.187080201862381
-0.518034402984981	1.01202857952531
-0.0255251673890967	0.0345273950372302
0.0251174319127122	0.0254017285025505
-0.105537709184468	0.109680571881029
0.157514293861305	0.222477999485148
-0.0432737071202501	0.0503848190104895
0.224385377651597	0.392913556562106
0.0473331916254518	0.0630957043362737
0.144047656390348	0.25146301512594
0.340548565769329	0.64516434748867
-0.0694365451403206	0.0921183622073183
0.205055602432905	0.34858040468707
0.135151447545594	0.213027859047153
0.139674787188608	0.224516677466535
-0.374118011896325	0.775368561482872
0.38698954758125	0.761759902281603
0.306931185395051	0.564483634180612
-0.0573504069769453	0.0849848623506307
-0.0672976115768366	0.0979621434428662
0.229300213636888	0.35548264243364
-0.0459901070928691	0.0577183428774453
0.367876302302487	0.711371537005656
0.134779663370181	0.216437135463563
0.150908630443037	0.243350016093992
0.113198157035307	0.192861522150415
0.162455428913428	0.2772559648031
0.000509604080411749	0.000750733759949996
-0.0823695097413771	0.123480430072768
0.0286696204083586	0.0428166385970839
0.134213077983318	0.224848021629907
0.0953005279878314	0.132128227135352
0.260362269354746	0.37362521730524
-0.267795378860717	0.380796944706193
-0.0267444676308516	0.0253328740109699
0.0545849851084205	0.0424348872988862
0.337141344155766	0.360115619855078
-0.205658137178879	0.29864331478854
-0.00761511830569373	0.00977970114161903
-0.161937178739919	0.277178450740586
-0.0540550983444385	0.0742000907534692
-0.201023343160328	0.349257103869018
0.423381241891005	0.978684783292367
0.206365352506358	0.304521125540422
0.109617676646029	0.162092577211506
-0.114447942653969	0.163535640534979
-0.105588700049296	0.147711355305814
-0.255230564011595	0.45194502545925
0.0993274876483305	0.117820852803598
-0.213854426093159	0.321435015680307
-0.651266284523402	1.43891823042663
-0.0636372826933689	0.0663485751052842
-0.392612496408574	0.425609943001976
0.64035773579957	1.14913312388347
-0.256368148314517	0.350264858676785
-0.165043779640002	0.198367226849918
0.0518812088636638	0.0563014964548648
-0.100436445712967	0.131068590976074
0.0370008524550229	0.0460296826468155
-0.055058983551189	0.0691315782032014
0.335865134108167	0.678586062342487
0.0629782964309427	0.0843018333414155
0.121398942475807	0.178742047436114
0.184230297216005	0.29890936810573
0.169828738002127	0.287306899526959
0.0198887572554527	0.0274426269749776
0.615666180910888	1.69670176610411
0.5347894792907	1.07237539008816
0.589049184822259	1.51504930046818
-0.0765129627858077	0.109901101702862
-0.00969950424204723	0.0128392604757891
-0.160805279792763	0.250096170815936
0.616291567086022	1.42122739932459
-0.0704019367187604	0.0929137597068964
0.254195016921959	0.453914636729176
0.0621552103557169	0.0853102812765573
0.104989736100684	0.149912334128153
-0.0206507790594628	0.0295006487134761
0.216295835352787	0.369101617943493
-0.104430484528348	0.165118903048627
0.0243268782882256	0.033318119568746
-0.1236264598928	0.211512042824477
-0.392920119216686	0.770604387514421
-0.0685995930017156	0.0728323702347797
0.00528616136909756	0.0052322496053288
-0.160128380360966	0.160592823378743
-0.188407147068911	0.135507606701061
-0.304781553522618	0.274601450709427
-0.0782342269810516	0.102582024919277
0.130661600636287	0.208869401081405
-0.149186398237136	0.220500534367487
0.454813595090889	1.01411910677974
0.205549386365375	0.349253448084192
0.364102548033749	0.711865180662504
0.147566695472868	0.220101756911392
0.00806746591434295	0.0100844039417132
-0.189365747971045	0.304016868288043
0.201268501098474	0.343159859819891
-0.28857978598209	0.508328522074442
-0.143934011339834	0.165941227852526
-0.0655656000261415	0.0739564734812362
-0.191087440555546	0.283447201754998
-0.218304263373933	0.280926111785171
-0.0729424419594669	0.0633201260735758
-0.725286749378336	1.40562565307824
0.0721997333385971	0.0832280231544691
-0.107697843919174	0.111003665267153
-0.21878753625659	0.280139822499964
-0.0128305309594998	0.0152129097911128
-0.0228652991768572	0.0228113190344948
0.0649971347511294	0.0777104170526389
0.16770692097894	0.221026206036856
0.240306624735552	0.417094499216505
-0.00732808966844457	0.00960546913167444
0.494917581177046	0.964242908638879
-0.0919605132756378	0.139741725444822
-0.0800939392679725	0.12427159342914
0.0303494303333817	0.0417978509468226
0.327538250003082	0.65358825370112
-0.0553625444154043	0.0814503959291464
-0.138913020157101	0.245559359605983
-0.434554966450004	0.962735607318243
-0.245766351662815	0.41071575796065
-0.236312510945881	0.418552383780229
0.123206107325953	0.206868741759588
0.560930481156383	1.58316528981379
-0.301626177886158	0.615765385559525
-0.36860643209968	0.747531940217283
-0.211149590909547	0.385616762120352
0.237846174914157	0.469749255419029
0.567300087474289	1.46029371064638
0.17807518247566	0.31604279343281
0.0996559098133931	0.149027407994802
0.0180040551163136	0.0257641161452564
0.112413911364536	0.170854305237579
0.0460306618466782	0.0668500618961587
0.314270350242406	0.676546022840431
0.00293107942080221	0.0040353757989152
-0.331266891091693	0.500887203530048
0.28112798435871	0.420964557612327
0.399995471761666	0.630451383744547
-0.478924923403326	0.541723476854546
0.210996668962145	0.213605271005157
-0.194821779339335	0.300332126019182
0.319183665821995	0.616027668954185
0.162789674385018	0.267542537470985
0.117152263603471	0.18798302567661
0.476155822934383	1.12930754408381
0.40556534667512	0.919110815067047
0.0192177154663643	0.0257446551503839
-0.0790349376532276	0.124044800397938
-0.236560479604147	0.43644747455999
0.279151814974772	0.500944828377643
-0.432676353258279	1.01342243386264
-0.0426701827369919	0.0516969488840345
-0.432510309672688	0.866718122519155
-0.609679051584423	1.4363896269368
-0.660602499235927	1.30642683606914
-0.409291280041341	0.753097473591093
-0.457027115401945	0.743429111413925
-0.252197050877503	0.472795030151342
0.0482460709323541	0.0610512452405944
0.0169616772247155	0.0209301410252912
-0.192429261329274	0.321964694537267
0.287354578691049	0.54453995317314
0.0520406564291327	0.0798743740041895
0.234218079925784	0.433495156006789
0.0707983155107487	0.103656950129659
-0.115534913957448	0.178786119353908
0.0882929124208245	0.137155489547912
-0.151514341546812	0.257539565266224
0.115666731479305	0.177159868400909
0.117910170823932	0.1860119115435
0.110025146654477	0.16646029842365
0.0528720818828094	0.0847987274020613
-0.140945164839234	0.243913350369395
0.00724120460905818	0.00983253337870099
-0.0572738613522158	0.0795708223558459
0.300729193498034	0.542803223571847
0.305258487039612	0.565021688551763
-0.0537195465912176	0.0731599863685094
0.289057595552741	0.532289547569829
0.456442714036263	1.2012557323488
0.383615124203981	0.845830843621693
-0.123188967691516	0.201808726808889
-0.0345589195552713	0.0502101221426399
0.154520923527503	0.275146407954931
-0.166252232419123	0.264792671621863
0.404655461972707	0.737464316934877
-0.251815910999274	0.32598551797772
-0.799537607000366	1.5181340377123
-0.139750113760965	0.101449650240207
-0.736991706693091	1.05599566684653
0.749099113495464	1.87232553202328
0.246410099183493	0.46483794363841
0.291943780067679	0.571078155767497
0.484402095319021	1.27133323531258
-0.114868519397615	0.185002296075257
0.442645464840161	0.99967723031306
0.178053176369107	0.275009335652123
0.000220408804675464	0.000408690564398725
0.156350532798709	0.289002143684192
-0.221992601011396	0.367636832217806
-0.155383821422422	0.258784660587388
0.245518512243091	0.333187167052716
0.00748116312195697	0.00872354024602847
-0.436662606174226	0.891132983830765
-0.139490707598821	0.190654006278141
-0.0250389977978781	0.0277224655166859
0.126156659183398	0.17887235036955
-0.106978395045025	0.174147226166199
-0.242243513057779	0.443625484593811
0.140567873689209	0.190984052439025
0.152164124702778	0.252558563240371
0.104550832327943	0.15063548080697
-0.0566780344245933	0.08125662983834
-0.00958451914616635	0.0135539556113125
0.265126911658792	0.501939810514717
0.0306042031574973	0.0437388237803436
-0.24483465859023	0.473078897312039
0.115145461707837	0.183153225435596
0.24123109702809	0.437174870405087
0.131198323954534	0.197912683229495
0.304923302278266	0.600392898318288
0.103564563386208	0.164069871701537
-0.0270727339931427	0.0370672878625381
0.353553289065009	0.738469323934663
0.101791772165859	0.154010829635528
0.426530090471786	0.989517460529966
0.253439231868125	0.467163434463441
0.114806926274337	0.184082386551513
0.342243770846273	0.747475781978595
0.0983115300173402	0.149724293348058
0.157713302821891	0.266973140531115
-0.164173234370992	0.2581229104159
0.165563538004354	0.309162657397369
-0.204175918270013	0.384369244697973
-0.224812428233408	0.374162225654477
0.00663800404750221	0.00640751018486717
-0.0984397859668987	0.110365698249474
-0.00931700899914187	0.00863547549212478
-0.435379892104068	0.455857693052397
-0.356408067994764	0.451554158672326
-0.154683671904894	0.223180539968782
0.257880114025054	0.466018262671913
-0.0505226521787206	0.0753987320836289
0.618115538678565	1.72184762014851
0.345943730483275	0.779640116802377
0.29362886441022	0.561606277471817
-0.214895894763762	0.342769904925244
0.2053217820133	0.349820248407531
0.312116324760515	0.63158985431149
-0.0906939761273089	0.124646445801483
-0.156088883963591	0.254031328218797
0.131715030230171	0.166574434726775
-0.333277082963028	0.59041602282391
-0.233509925662153	0.399914463482225
-0.263103293845933	0.370223679130516
-0.11845023185645	0.166097499748229
-0.369006735854949	0.567155552786935
0.179141775012861	0.267905671581346
-0.135325291003452	0.194902669784398
0.0538514081791122	0.0784178609455784
-0.087350888684989	0.125519135050594
-0.0158747988051182	0.0189590908242266
0.452902473804054	1.04080584394177
0.320674978714299	0.623080138165502
-0.38215044674265	0.867878529095055
-0.15424694388526	0.253564303387757
0.420035864290029	0.906492808522784
0.223517554602373	0.34614380145505
-0.599755540052931	1.65631964604078
0.0185728772821997	0.0257352364732797
-0.0193465183685643	0.0242774319773165
-0.147071724372514	0.232075224997864
-0.156903793085981	0.244891837884812
0.109148590554011	0.169006254395175
0.0232488762750108	0.0292257494734301
0.117712878903614	0.179191481261493
0.683003678891775	1.93425906984995
0.0148127042407314	0.0193079325170952
0.472612913331351	0.947670373275891
0.120500094751335	0.195277397418087
0.0883146554384849	0.141698589812474
-0.101542342714652	0.145323617066037
-0.324669886423207	0.436171541215775
-0.218408465655237	0.254376161200251
0.164040391973152	0.191363609962241
-0.738715519545332	0.958362128224775
0.445658455625963	0.674589914502395
-0.198503117863816	0.273809420619409
0.0781157154040033	0.107835688678776
0.165837863157982	0.268019115199935
0.188349753698547	0.295070631768762
-0.149913123358367	0.252136160818952
0.178852349905091	0.290360558531485
0.416062511373011	0.745347319072313
0.248654497906965	0.40017656543818
0.225260645603388	0.42288819569361
-0.177612669777537	0.274901432384128
-0.545944096750102	1.19104701739531
0.13132651307507	0.16774692187151
-0.21375640932195	0.321125949955986
0.326006592294731	0.58631711041201
-0.313998650945763	0.434336937580249
-0.656091638858329	0.824222152918959
-0.229264543718892	0.297162917212218
-0.434371093455296	0.709139585926225
-0.492426646717278	0.746155691485555
0.00780492554778161	0.0104450470063875
-0.171143920096277	0.300715640396948
0.24263369993288	0.462185849880798
0.111041876317259	0.181293900443125
-0.120627336329026	0.197705226680404
-0.365571221716362	0.741296141440775
0.0314369439309695	0.0434919736811858
-0.167915302577	0.298753872147362
0.0844263069719312	0.129652882575817
0.0550633776221482	0.0795048317430691
0.275879496714069	0.526404407425969
-0.0950909080535027	0.144664221071167
0.161966902820431	0.27805518455984
-0.107467848724888	0.166505893605203
0.56864712912238	1.38258393834777
-0.368103912558846	0.781349765698473
0.0362556613699777	0.0485047874290228
0.181216535067878	0.292736809032926
0.202191733610457	0.372056750406164
0.0873622037704958	0.124455636785088
-0.146430643359641	0.235597285360355
-0.422951058349065	0.634768967410315
0.412297966522435	0.658699620253402
-0.388921946358115	0.602183258308728
-0.470966943720667	0.558404402498522
-0.303151920320457	0.354270627296724
-0.464551041543654	0.975602589831858
-0.286149717079921	0.503114946936786
0.019790174234789	0.0261793220830423
0.836405920631171	2.43105523255569
0.133076445032659	0.204467472842089
-0.233100516290445	0.375018321671819
-0.406551370174557	0.790860203110537
0.217695601278919	0.375509665677108
-0.0941682424743811	0.135602132256766
-0.193458901462997	0.304175440687106
0.121960084401289	0.173582505058812
0.208166040992662	0.28230513781381
-0.433249653073119	0.878447124189061
-0.418176327890134	0.885516317276194
-0.352066797066845	0.547675227754651
-0.364423748988934	0.770396297325762
-0.213814976525822	0.42082157368068
-0.242467001484883	0.433439167163693
0.250643909599933	0.42985965820888
0.266755632938152	0.477061239472586
0.235061970377504	0.436135881051135
0.0384722132431286	0.0562006293267935
-0.149358318350707	0.249700301539929
-0.0622100499687664	0.0800947018565608
0.504557707929386	1.16903078501115
0.18208186985492	0.291844803633225
0.266455138362977	0.522797416686554
0.205903895171855	0.356201128581599
0.342971043882254	0.71899717023134
0.225339328982712	0.43500498179066
-0.236911499307998	0.412345626409065
0.186956249851014	0.317468001703007
0.192106069148602	0.29835874407935
-0.167699663024541	0.269923580679268
-0.166808984110513	0.273372761816783
-0.613075562946686	1.28851638837248
-0.0108049678117509	0.0120536284399885
0.0277240742204026	0.0330173407187695
0.313306087299753	0.348693297336997
0.13589798306929	0.149320396211144
0.153109968575228	0.243152461375475
-0.088645928913677	0.128208858874294
-0.371915840399265	0.8199750954267
-0.0935379858420473	0.129626781940676
0.24143958817777	0.433067398438487
0.00448615057859696	0.00562909584588965
-0.0381063719248395	0.0511734414193571
-0.165494930205846	0.254176927694156
-0.0317967449249335	0.0445666362268201
0.519086933208148	1.25057763079382
-0.169575813716401	0.279727352551415
-0.0266914107631541	0.0291323749342768
0.15888707408893	0.236218215321123
-0.130538799497899	0.191223379993136
-0.171366722698306	0.218495317804846
-0.124938140203703	0.205527329710713
0.123550546937499	0.182798454685312
0.104630002310505	0.154845038917977
-0.256044391956974	0.462319979880945
-0.0134852878390568	0.0185598808946548
-0.191325416827959	0.321432755548172
-0.120019993749604	0.202568449557555
-0.420700706320463	0.995786882993146
0.231593811344505	0.404053301253574
0.155448123996858	0.262489703109952
-0.0302458679556678	0.039588814724133
-0.0232540838024489	0.0289448370993725
-0.00548852710729712	0.0068346235819713
0.0544120394907211	0.0824856654751673
0.358588228190659	0.64129093618199
0.173122640874779	0.274399206229166
0.0780942568692962	0.122808348926959
-0.0222855943879732	0.0295998196465882
0.175033630096047	0.278419467476993
0.197528094878398	0.310226359603222
0.0773467517795339	0.0999105167839281
0.0155515222527118	0.0172533416424397
-0.648370974714425	0.969777597773298
-0.205479043776664	0.247101552345722
0.0629527164353291	0.0827441543758086
0.254400725568622	0.482419202356299
-0.112045552590352	0.169255231625354
0.155999651915517	0.272517337155567
0.317397241681251	0.619226691490525
-0.019762563924374	0.0245298075335245
-0.236155548774405	0.398161801319372
-0.26825824607044	0.475618542773154
-0.377030658214077	0.762873389748236
0.103528523429112	0.147718317812175
-0.320122549258462	0.603250042897873
-0.636871912900407	1.36149667265693
-0.565352152753279	1.39265131289923
-0.324814539049166	0.599312743197614
-0.316969113591436	0.557621383634225
-0.266445389742198	0.318554590459298
-0.244700070086897	0.398522744363176
-0.297022743825766	0.526943915429283
-0.0590560221572212	0.0895108117552048
-0.0317092309908698	0.0407961177834511
-0.181957547857211	0.326425643774757
-0.0714078568413144	0.107869290941338
-0.019576680485473	0.0289226750873173
-0.437546352312898	1.0759129891076
0.151025118871659	0.253738951548748
-0.299444685408708	0.633059840889609
-0.209591251001129	0.357573157406683
0.080562245014008	0.115715564194117
0.0812827083051135	0.134700904616037
-0.373278028974486	0.881358998713807
-0.109948697288529	0.184654687217837
-0.118769157129573	0.175567519881081
0.525112031157231	1.30762649820273
0.349046604726643	0.774120098549838
0.199847130923833	0.356249542610101
0.0200376383128352	0.0263767553207762
-0.0113474487694995	0.016955993529332
0.26417500616893	0.557318321757266
0.0391690797600207	0.0522900820799594
-0.178285701789783	0.305636621059904
-0.16627390757046	0.311908178726222
-0.0681111957276579	0.100176117294177
0.127347808797633	0.166696167994185
0.46222963402335	0.759318292417586
0.0147116333824518	0.0159650062198449
0.120243692277088	0.12126341767783
0.124469862281795	0.132585304516684
-0.0827873720922844	0.110593328740788
-0.0628290839693243	0.089666891393274
-0.349900294549241	0.727929342458952
-0.254364753957194	0.490965531326251
-0.0961974577194479	0.155870222678365
0.146076000559747	0.235335409454834
-0.020319806913001	0.0273657554455103
0.060513071139765	0.0890001708682762
-0.338531984813711	0.776057678765705
0.0868558821314911	0.12496551333063
0.147676295564123	0.252380995630231
0.226407178632129	0.327234114948713
-0.855142236996887	2.25019437486285
-0.303860552974875	0.581768293095094
-0.45889672612461	0.738768088632543
0.725327930522689	1.64233682299328
-0.356713788548552	0.703187322582784
0.0249512564660982	0.0309549840901129
-0.0766091818186547	0.118951612555933
-0.191205769881534	0.359104747464253
-0.0688844261006629	0.114371142850344
-0.152695026232752	0.253950933836906
0.00990992443986308	0.0141054167980445
0.0876049357050661	0.129613008528421
0.107917818835205	0.174407070458317
-0.170723305286614	0.320761611537833
0.0380966518802905	0.0626062309363686
-0.113672330073108	0.182264582329693
0.0982357750681219	0.145269749276877
0.221920196103475	0.412701690793209
0.411757453886337	0.906864079650511
0.283138422941756	0.594907270461938
0.373193357709739	0.817697319556538
0.0976856497493408	0.1581732988858
-0.10675712437494	0.179962509541116
0.18306183278882	0.318629866571237
0.311724502029414	0.766145037191478
0.0388487575044821	0.0584474104958329
0.0283376131743204	0.0394925747279798
-0.3002937414788	0.452882778492763
-0.551716729327047	0.975549773516632
-0.299155294302612	0.359537717603638
-0.0398952781011914	0.0358005384870778
0.0167636611985827	0.0155379805417402
-0.365607940998397	0.701774387010535
0.077894424260576	0.115759606247031
-0.181977474544696	0.325382269001064
-0.0209756244129019	0.0298216859914356
-0.174752599766599	0.323257155362828
-0.00288136606830193	0.00383388681330497
0.149854143513185	0.216380558827377
0.0872409460351293	0.134643279938759
0.0604764044605812	0.0854402647752731
0.402058680915604	0.805183507804084
-0.425598396371039	1.06411708543907
0.180488919684753	0.249271615679941
-0.562424712942261	1.33754708194661
0.0847189982881643	0.122637388822979
-0.147690262425436	0.171354533677458
-0.286926212871491	0.475190601130361
-0.100042407568195	0.122417845876337
-0.0952835848076971	0.164073610556062
-0.00661396526130658	0.00921019476769513
-0.159127342982948	0.298562401445195
0.0361721387279448	0.0537380051788747
-0.13519333488064	0.239631552728039
0.25723401160894	0.555289869365944
0.175139748413302	0.324968555035238
0.0635530855492197	0.106080302513152
0.185136625095281	0.363100723278567
0.314193849641697	0.653916498613125
0.0718229352433604	0.108217918510901
-0.163389413665516	0.270762808690739
-0.157881931222016	0.285495105935999
-0.126010337762309	0.223881658164106
0.205029486449202	0.38972264332378
0.321069419708043	0.820788180205297
-0.0440645420132284	0.0716720488500503
-0.0519922831789093	0.0777931955605405
-0.398907973746831	0.997966256783845
-0.375359474734207	0.926310787974613
-0.263808435395168	0.534463945660994
-0.702363931256941	1.72887304325039
-0.123265169292296	0.155269140739375
0.0240258343007746	0.0288085668871546
0.263470479260864	0.293829432904334
-0.386954407725754	0.536040806941259
-0.186821039848351	0.314813279905318
-0.163149865955449	0.290345245968824
0.727510446021689	2.49021797191825
0.338706510531318	0.802970622355059
0.106417243058797	0.176212223226912
-0.465995394942965	1.13187649304966
-0.100983138216273	0.155441200906073
0.132772971901582	0.210972681385726
-0.0954863402960462	0.160431799732278
0.00403632481565449	0.00548914279076132
0.216686468471648	0.421277525641219
-0.0896927024511542	0.114094613070202
-0.243823256747485	0.433687549342939
-0.302557320842195	0.637834158735579
-0.0818116826904473	0.106109371641208
0.0392309049369258	0.0381128996141415
-0.369227350569004	0.533412977482966
-0.119827868662406	0.168524876559953
-0.231868709862752	0.394517920911726
0.0383590125848547	0.0533348958889809
-0.00383324258588241	0.00536818441347314
0.151770011584371	0.269737045890612
-0.20254349167735	0.356293866737307
-0.165032712769953	0.285932980262585
0.122154349296576	0.192617528600962
0.46419174250799	1.1731365354687
0.0916822235622293	0.143876688592556
0.326003091720328	0.65721871607447
0.162332522750822	0.251252318125588
0.138101588749325	0.215846078486436
0.365131581116976	0.715539243189244
0.112074914479657	0.170737682017008
0.309458945807992	0.646883966949789
0.152119221045893	0.249918255598532
-0.68462459298635	1.95798716178737
0.169190442341413	0.29964950750273
0.146031857083685	0.265838912122171
-0.244952638868459	0.453193498027224
0.24134476598435	0.408058470693854
-0.289732564404262	0.404691815567417
-0.0936680209337693	0.110403375249615
0.350660148336476	0.532948000825364
-0.263546033163758	0.250099794574506
0.425152432731151	0.517748181776133
-0.0931141633280756	0.131947478496696
0.014984798094304	0.0207318038233338
-0.0859094692495341	0.136486238510432
-0.0142545082443235	0.0200215584637686
0.0826894652417561	0.133088573762746
0.156169016803604	0.262293371227269
0.185075641181176	0.296980598225076
0.355150779365172	0.699780140297423
0.109072844355318	0.172416538087919
0.278562908012657	0.460154488501938
-0.0436604459220045	0.0651525747442855
-0.33236099181276	0.574480599677246
-0.252991833044826	0.412076716922657
0.230799127198461	0.408002756899998
-0.170087129009556	0.203706657483794
0.0126527566964235	0.0114788033729077
0.0326672193311331	0.0364017090058852
0.102769817607174	0.154293878217966
0.137890205677931	0.207500894705065
-0.33284248479321	0.647844599795536
0.191631918409999	0.315814278364069
-0.174309512583877	0.31843791831763
-0.477268798254374	1.16641353107929
-0.283417597090853	0.54290643967817
0.130789075887435	0.187621762600216
0.109210037998011	0.160409073469096
0.0797083903584295	0.127724251036523
0.249852674022737	0.493201984197613
-0.326803436704436	0.66792733061346
-0.134564040350784	0.196333891390303
-0.12331414797682	0.182473481920346
-0.11419875279236	0.177410857482738
0.354793096831744	0.696732017183987
0.148163230955854	0.250760116290542
0.600103074177498	1.68349849268418
0.016508242700255	0.0219418016369841
0.156397698294528	0.255911867700864
0.156432121978399	0.280794652825235
0.0231652958456676	0.0336707719922977
0.205106955792428	0.3255314945058
-0.267228803806183	0.373867455474006
-0.0479705539196411	0.0515756537390184
0.650249747704755	1.20991137888045
-0.434139019464673	0.474764225579275
-0.714093562603361	0.954542485302934
-0.111193279854137	0.155949442096806
0.00920437612312902	0.01188770072024
0.153479727455999	0.248743928537565
0.049250797893254	0.0694119728555833
0.202737245512672	0.348190281693276
0.25281073294422	0.472630103885985
-0.20590007048436	0.320746714873685
0.11363426786068	0.163464799562602
0.0138893103177385	0.0186826007205505
-0.21038018555991	0.326899336271765
0.0881814910369591	0.128171107566423
-0.156167532242492	0.203084402876379
-0.226161031814542	0.329783877790037
-0.179378281078916	0.295439867897494
-0.577719670265293	0.999040544324838
0.674770030581663	1.1006333102259
-0.0711718729951959	0.0857187802857484
-0.175469010530999	0.233952655798752
-0.647749562317819	0.996228394671539
-0.523109468207797	1.21504586615364
0.0332212747570139	0.0350309560851465
-0.0453148999810869	0.0528030333709819
0.0916283898507653	0.119114128217455
0.0733770618540286	0.0928633378600834
0.680701776101312	1.92697988175716
0.133660127344649	0.225152568800367
0.0742812082716693	0.107161598671307
-0.0292168663695325	0.0393255256416321
0.319766173453247	0.669447357153266
-0.212833921769689	0.403666872474088
-0.063898647725278	0.0977145065229371
0.150842651358513	0.224515617924475
-0.14390848107664	0.206457484547995
0.0317745894570052	0.0432488946689128
0.145268334783906	0.238434392969991
0.240691237034275	0.423513223324239
0.179441723898232	0.308033624666328
0.276076158148189	0.500753862344702
0.315235691679781	0.641608996404476
0.112811058874038	0.170535358724857
-0.151859439491966	0.245059908418079
0.00827951204572662	0.0110983605705996
0.112076571831781	0.175164118758978
0.169429728776898	0.301100920674074
-0.192018131383498	0.352856821159628
0.0151787484189844	0.0221619295510408
-0.00964706437899156	0.0120980268215645
-0.261260650579258	0.342921019721111
0.247822083315269	0.325565631622761
-0.0276447514935234	0.0259327267585777
0.240257507550685	0.270204296593259
-0.649087122700601	0.756897230772809
0.0783815996070578	0.108759883445443
0.0485911500417621	0.0663888834730043
0.00922027280229856	0.0120897970305826
0.0215872143507698	0.0290027759692068
0.310134645167665	0.62715970174676
0.150146397123608	0.231880124293477
0.295549110230815	0.512054104460822
0.242451097167392	0.426469113401131
-0.764367239363281	2.14197176710033
0.065369005256988	0.0842220795112955
0.0473380072783638	0.0667554470565117
-0.0598789748821074	0.0716705976682315
-0.209566904447979	0.317424317289103
-0.292903985594419	0.524378293758376
-0.480669258206615	0.766668266133977
-0.687284370334076	0.845070845531754
0.0590138527369052	0.0657257209036209
0.0424613045326365	0.0522517451163566
-0.0102806567727363	0.00966726312940967
-0.0261680381715319	0.0333260771804517
-0.661257441685625	1.85977354960107
-0.0838550672596102	0.112748153813274
-0.00486243143011814	0.00463552117880799
-0.0594382799435845	0.0716439093671527
-0.161954309397501	0.259498609279778
-0.238622334072972	0.420472461355195
0.0792136098053234	0.116058880079614
0.210412559032577	0.391594998079097
0.446109050657722	1.14331979348827
0.12937616724416	0.221873593437762
0.321204346570652	0.652377480558089
0.239795278205211	0.410651202613736
0.14015220089994	0.225268258687859
-0.518005820275009	1.43420105776907
-0.0825710861430157	0.131709082653063
0.310077435149157	0.646148043065735
0.0993846797633417	0.140005058006763
0.265630026583101	0.477600207822803
0.149508834122795	0.241002132841523
0.269312510182548	0.503828371584593
0.239276904414879	0.460044886023175
0.235531614289858	0.454559837616336
0.172064154086913	0.281816124295115
-0.0936936160429365	0.135632587828001
0.217839301587707	0.418987551025624
-0.446389995254794	1.08890233724824
-0.298007832274483	0.557208092186333
0.427713938825063	0.616991720453129
-0.00245595180953431	0.00273310275843976
-0.394062088075571	0.539264920308724
-0.489906737713776	0.528008169000335
0.364948380882889	0.449767964478089
-0.272372741263442	0.437971074945861
0.282310324018837	0.519138354427709
-0.109109558591806	0.169793823381482
-0.214038749194331	0.374585980329111
0.192909211723887	0.358481266385056
-0.173122607666212	0.283766276530985
0.337316695395204	0.60587801723059
0.134820344892393	0.208263264181458
0.0257250831774974	0.0359403988761758
-0.160502118991429	0.229318878764922
-0.249199716578507	0.455193471367999
-0.0389037770836133	0.044564659198238
-0.436459839307908	0.749846571830208
-0.386411377657526	0.776930397844158
-0.283574454385223	0.36003304435168
-0.329562749304088	0.331115668317608
-0.10648316841436	0.130824597099841
-0.0278804980892698	0.0343048197280299
0.155482750654848	0.240226052102311
0.126685659372678	0.180619873072868
0.193676241727485	0.307804697967163
-0.236108939271754	0.385473574508894
-0.0489520015646998	0.0772833940741288
-0.310008267688893	0.625678806291284
-0.294131883010129	0.61247663167744
-0.516364814438279	0.899132859062095
0.160465293792622	0.251934342233679
0.0578741504335746	0.0707210230216188
-0.0000127746014829614	0.00000250416117307201
-0.146600591509231	0.225587621739896
0.107511447959699	0.168188701226756
0.282029339424153	0.542509340722226
0.00411888512869401	0.00567374442492652
0.0604298023571557	0.0897466752327586
0.608404005600282	1.85230993235139
-0.323893776456792	0.672059240915058
-0.0854761580015153	0.129149651909772
0.00716167001087646	0.00967923616272239
-0.0826040639468698	0.117505057508355
0.0510448076738442	0.0756155159112825
-0.0160886828755675	0.0247044457841459
0.0331610062809104	0.0487615596015333
-0.104535238117234	0.149923229052269
0.0266175547340359	0.0376210297105446
0.0966948998253388	0.155967838917801
0.0800998625857428	0.116002840213887
0.178984259496727	0.326565010043617
0.0301746066140695	0.0464523605839113
0.141128585892616	0.221889802209338
0.354584384354104	0.812858782915603
-0.129793110822334	0.23017472011722
0.262446637101468	0.548629117537298
-0.528171191628862	1.23241348479314
0.0334202035368801	0.0356709168578279
-0.381608582390906	0.650366459545847
-0.445313963975034	0.733236864558737
0.326379500150852	0.353288717232484
0.311604641787289	0.364402343192252
0.0088188098150924	0.0113004779340431
0.0220157077993655	0.0293926546284546
-0.210053797817284	0.387431444262055
0.2635460529434	0.508290824854376
0.500568304097205	1.37129894390692
0.0764908221390525	0.116479612081371
0.184860896205284	0.254624601358157
0.238494219789907	0.416485628412514
0.290504341688021	0.618722119424817
0.664558570525309	1.79229704818077
-0.114182671852903	0.181935585842114
-0.485840561611047	0.859637338356938
-0.306428930851376	0.517435283557083
0.267050328922418	0.486702791165206
0.532763335085639	0.930234502967149
0.0850150328533642	0.0920610750530128
-0.456353073189425	0.876181365545582
0.103729335601063	0.132392960031338
-0.00477605881280055	0.00670585069457375
0.0883627358351733	0.143866949558713
-0.479844005055916	1.05112396432552
-0.116159758845562	0.1511292620004
-0.0552307491734146	0.0848528666274942
-0.55694109020491	1.01804606078948
0.551042771212596	1.04416147807067
0.379412273408643	0.703207238924896
0.842512815562439	2.27656194060314
0.0758996733234004	0.116338752064921
0.250233651701315	0.445359544107864
-0.105153751077562	0.161806356257069
0.067345248395098	0.104435461645955
-0.0242508581126656	0.0340037309842614
0.260308636737989	0.524461927138574
-0.0355169220888488	0.0541507545350976
-0.171069443997971	0.312479974193898
0.428355733761322	1.12890561328764
-0.167664635258779	0.289454209486774
0.0517211129071722	0.0788877254036012
-0.210922743148423	0.377977786792461
-0.0188543084571594	0.0258605298699429
0.0381470375321926	0.0549280336942981
-0.376182592750027	0.891647856859154
-0.0517274250593118	0.0776600661474281
-0.059243470721956	0.09327550566046
0.00495312426218728	0.00689816031666429
0.110437444681368	0.195925595019962
0.281178300952412	0.627080835231751
-0.435870765683952	0.969522298053884
-0.3683599581074	0.57238723398127
0.11026430621992	0.135497249433513
-0.307535195553431	0.471541205306007
-0.269704466298885	0.29479049668063
0.214963011531158	0.245183424883876
0.181888712716499	0.27111275215819
-0.223269890657388	0.396123500546991
-0.23682737757978	0.461870343486577
0.15063156047798	0.263840031547902
0.21301709805929	0.409339964781144
0.373696862894634	0.806798524457062
0.284857565936121	0.542519968579259
0.432247052986621	0.936332103758848
0.136983419800136	0.235060253890169
0.0359865871229258	0.051454976603117
-0.218467897344327	0.426520428646635
-0.534768266145152	1.00198121816429
0.0236033000082037	0.0287988806168723
-0.612315370933301	1.53468857740463
-0.282144296921451	0.383164169570555
0.300550389750505	0.374700074155716
0.0461408901826009	0.0536760346750539
-0.0394547415278633	0.0477824142049288
0.0415256688972548	0.0441693187708482
-0.252673458187102	0.383494567285378
0.168959035330621	0.281302260289282
0.0693726854987698	0.102831688952521
-0.164369633068094	0.275956810719006
0.0539337942452498	0.051023298043623
0.251152806719884	0.347743460114273
0.135646875125161	0.164941163297206
-0.04214425493359	0.049956840271491
-0.0577002199149544	0.0706529229344896
-0.614389040795722	1.4152347514185
0.292437709703854	0.538422988822759
0.594655515657103	1.57100630765775
-0.149835617286047	0.2480538393391
-0.369159003660701	0.829238864990866
-0.36139948057381	0.763360919754295
-0.0224272862461916	0.0321356292897783
-0.019833404779681	0.026376587844398
0.136414961510049	0.223542921107082
-0.143637543626912	0.237318245213807
-0.196503350234497	0.324393842426559
-0.149263743570763	0.259710383048256
-0.113468895374	0.189511432557193
-0.240235193390295	0.454176308201826
0.102054904178835	0.163888820698491
0.0245216278771446	0.0361878280628733
0.550597310146994	1.76275004047988
-0.140160931460836	0.244115615971143
-0.131031247360137	0.23049444246569
-0.0155331682684559	0.0232917165812642
0.0885174546492772	0.143357625185166
-0.125500525826477	0.213079111329752
-0.700434306660731	1.48066655279776
0.439178799776087	0.767781270034737
-0.0328147678780596	0.0357612026268159
-0.0419937357108041	0.0389469508207108
-0.252674550762832	0.27526744689712
0.223270815774449	0.344352034184675
0.263382858694263	0.516871942143556
0.136045364859482	0.225943247975523
-0.104195158099616	0.157941652249151
-0.209104992762913	0.4017396364413
-0.00675751553302728	0.00960365815425524
0.0268663583829899	0.0351134217914359
-0.435063041323514	0.920090677488338
-0.116359105586528	0.196941377754626
-0.10148455609037	0.144910183489562
-0.201456063350335	0.342717200043559
0.214529775265681	0.305308935974464
0.02351433320348	0.0302228497127043
-0.41797827118826	0.824872783371992
-0.434308777875128	0.809780927703967
0.303838829871087	0.334385185377178
0.125975513894028	0.166333970920709
0.00677406218062268	0.00770965119573088
-0.627921906779442	1.3321578235933
-0.0657888601709382	0.0812893360584279
0.0723139888511958	0.102258311657574
0.079643571969534	0.122072475240567
0.172927972048514	0.30256057361612
-0.0939312278036525	0.0836081890523994
-0.0228854656701518	0.0191577586161634
0.040464685661475	0.0409517739133548
0.177606203316343	0.205971438939882
0.0822806437270686	0.0985152023450792
-0.113250298200035	0.151004045726368
0.351203074685332	0.579738195629559
0.548934221082109	1.35282382654462
0.356153046034885	0.639214554251239
0.518562433170604	1.18705901596473
0.325292540557962	0.652196815815658
0.19708769209624	0.328530141768385
-0.0840935863777955	0.11872659700801
0.113884531772639	0.180832341325001
-0.360347646159551	0.784409726776454
-0.0449180275630473	0.0573077210693445
-0.135039272407336	0.214080582936739
-0.0474327191968529	0.0566475845303634
0.207065222890534	0.337729877296135
-0.178807229457714	0.303028348781961
0.113576432583022	0.180465663169599
0.552669933609273	1.44466713738481
0.425521056083901	0.943225229462745
0.0555358453510798	0.0825905872798458
-0.30704261148189	0.618120971874361
-0.288863417929149	0.552934906422784
-0.051810848007429	0.0537526438432353
-0.152675733478595	0.162298784086759
0.401929532890337	0.469924290471316
0.494197450203406	0.552553899292069
0.449589790108263	0.598231938739662
-0.192368164066238	0.282537262536455
0.232450991603016	0.425303067417098
-0.0437760167770944	0.0622652260536001
0.0169837365456515	0.0208874577780064
0.25216011987632	0.462988892838888
-0.0117922068602571	0.0165081892144572
0.143894008276347	0.19133837622502
0.0402693909093358	0.0539360393238258
0.310736332047849	0.623536105862229
-0.0025326167184831	0.00319618625254943
-0.0885466445247814	0.126148370652809
0.591379924331212	1.1073256235826
0.264896326428065	0.436644147481432
-0.922443379339033	2.7182364887195
-0.304644034779418	0.465412034117534
0.40506068910361	0.431445397882787
0.796496622398682	1.65062314450254
0.11142246457468	0.111703490561885
0.545017922463825	0.85657048550091
0.337231150391217	0.478315692986733
0.26527847315249	0.431755652765705
0.0778007541808001	0.106954049819931
-0.0943229703958445	0.136016973382221
-0.122802836004214	0.161367780147569
-0.221225333861681	0.239761527351953
-0.413638014192412	0.594329791769494
-0.0122716593382438	0.0104453559579959
0.0769451368861478	0.0718376523011513
0.0400141448359394	0.0415429016437351
0.116664156198121	0.146579907028916
0.0444441407719834	0.0587777587588896
0.389300731498433	0.758161613942223
-0.0261568851051148	0.0369677808332105
0.283032771356056	0.51405612496282
-0.126847101198604	0.202301604113904
0.11570310961716	0.191356358639513
0.090749739269027	0.142756361432768
-0.236178253433558	0.493898748317184
0.158867986925597	0.283852094244388
0.0430726583362189	0.0646796479110311
0.0667365672293171	0.104219157750141
-0.319015991238042	0.612555483967533
-0.0639151318584767	0.0961113249291968
-0.306464918570766	0.566420774619196
-0.170964473329595	0.295208536235906
0.145185943274547	0.256992920098476
0.370961943607751	0.88007341842088
-0.255629460250338	0.498987401400355
-0.00425613741388094	0.00610833562246012
-0.112554863677882	0.194315722087675
0.0351122742198338	0.0506449916087122
0.087979306875109	0.131817729806677
-0.244187409242455	0.368832266376053
0.517669892404389	0.817640522376498
0.239609576558813	0.301753535536636
0.551559921431559	0.703419374685789
0.465681996240039	0.601497418769504
0.0679816495306057	0.0851650352836369
-0.0770710946195561	0.103066325252207
-0.125786171458488	0.205473501659908
0.171610690924934	0.327421729986516
-0.479437357212977	1.17195774575116
0.327005287268754	0.712037844301825
0.351610052932205	0.711917517306509
-0.36432389238168	0.736789143091671
-0.0934816095965178	0.141676930851675
0.361546273837038	0.748609679331104
-0.257436180337309	0.485457142803284
-0.0390223544906713	0.0459928272164287
0.167168818140374	0.246137300963929
0.190113311939433	0.30294157695802
0.104275383703721	0.120106766405817
0.201327029686354	0.221785679588778
0.102706143325662	0.125303312034601
0.426778127629848	0.677524402216697
0.350928058653699	0.469279261072159
-0.218166233062677	0.300586841797134
0.15899878890574	0.250863732134128
-0.267084785891798	0.489075404015214
0.214373732928463	0.404154376177409
-0.0733572876508702	0.116085679797304
0.104057403492863	0.107257895288673
-0.266851615206823	0.404860956337684
-0.159466512644728	0.213925353820782
-0.0780674768145976	0.101546171494095
0.202346281526082	0.332448071430405
0.543165135316345	1.27035830952755
-0.400979461647367	0.864917027786323
0.265751467935846	0.492705054932148
-0.260568842243805	0.545342345767836
0.295726870855533	0.600749158751134
0.230122961595075	0.439014098906077
-0.277599033222216	0.565955300256276
-0.343157993837734	0.768331594967311
-0.315639132467675	0.602409419160476
0.0543264895982795	0.0809241920880981
-0.173985905131805	0.304630669176721
-0.0612555455473237	0.092250397627983
-0.222616612185779	0.440820974372879
-0.334414021098159	0.685351062970892
-0.0952594108642757	0.149611333485127
-0.0332335154252803	0.0493602056470754
-0.114060877862305	0.178482492697092
-0.372999302473991	0.706428614490495
-0.380245835020306	0.829991391995221
-0.24210630884445	0.473762169112625
0.196383314556433	0.374625752772031
0.017100743163251	0.0230971946251865
-0.686166375451475	1.54962604956642
0.106455585321403	0.14351420186365
-0.283412064751859	0.376262721221501
-0.0939845925456493	0.09783631700725
-0.141275156226574	0.138400340933788
0.0180523576649741	0.0238412999464487
-0.274950880989111	0.527062035677568
-0.049648110257937	0.0728330356994817
-0.174275266251909	0.299297825591746
0.112893560446482	0.18748678724301
0.214015807727797	0.399352674781333
0.333851677210041	0.634131436527141
0.136112945257024	0.224238231854332
-0.0514396735444312	0.0772384925787765
-0.125776919570561	0.201881512319345
-0.178763872618173	0.312115127641029
-0.0199219266900665	0.0258384806212723
-0.441968766863799	0.829871114938277
-0.604641527088107	1.54854422554775
-0.00958194103746517	0.00981676094391891
-0.02191388929933	0.0207406627505176
-0.0724605628051951	0.0902398368895426
0.221300501218623	0.310435529695746
-0.293962237207233	0.448425220346195
-0.0930191063229754	0.116773842385209
-0.348160206142863	0.719806924808689
-0.155820154942594	0.266698759261449
0.00461454338198009	0.0064474261907785
-0.174159889912434	0.281846290972915
-0.123473561478028	0.154579072730076
0.220432607376054	0.243640325181778
-0.0176436551432658	0.0177448696650324
-0.0538102946786677	0.0554946612744646
0.271621725071358	0.347515999911103
0.223157012160106	0.335221760690564
-0.0740920032522115	0.101157816915052
-0.172631370178336	0.279720625202698
-0.180516933812709	0.274636412298575
-0.143213821289728	0.222097154851699
-0.174987029988922	0.288480106047565
-0.265572595977743	0.455730395691675
-0.00827981969974045	0.0105216527356075
0.324656810363729	0.640368465771025
-0.608912851587085	1.58295605371504
-0.0414308031536079	0.0595661277349136
-0.0341631193171734	0.0510004354208366
-0.0112359750031911	0.0162749324980849
-0.229191136408506	0.398245707952858
-0.221055765334499	0.406783853034227
-0.175808866741853	0.283454844408394
0.109384465462693	0.171827465424589
-0.269760209313748	0.509863896139881
-0.225364020909262	0.388544032042709
-0.399272921420469	0.83955675264835
-0.301037999302088	0.551840448244428
0.0894299250586399	0.121806794583713
-0.283706380976533	0.521046937388498
0.399418984240715	0.592059750167709
-0.0603748811025061	0.0701673498936818
0.0245651389512825	0.0339279952954409
-0.406033873645859	0.916953952840338
-0.213858104701437	0.380908936907324
-0.310110002120015	0.616006083203207
-0.025937307793947	0.0353432594659203
0.039654946978379	0.0585678570165838
0.121881570009792	0.213693687495039
-0.0644639263050292	0.0935488529487717
0.0625778115563223	0.0824806276211013
-0.182317204143361	0.338346198780959
-0.53274796778008	1.48091903620422
0.102747895689363	0.155995732021475
-0.573092178931642	1.39761719733008
-0.656910370448213	1.99325972500979
-0.31765071214724	0.641435516771105
0.3290302061196	0.515511336906917
-0.211274849859637	0.391554517695209
-0.464379722155776	1.05080977664105
0.448786743835754	0.952359253213266
0.00719362861620346	0.00975353475661148
-0.231027303081595	0.428795478420712
-0.062848306481297	0.0982357693294578
-0.403980695513021	0.795893099337113
-0.408017620367997	0.7915167289283
-0.384261825877775	0.742716485052282
0.292435896458643	2.35627818767449
0.602503076932218	6.8610335751256
0.471428596934557	4.62816361832265
0.359357636024713	2.7331282281133
0.139625634244458	0.650762092603673
0.0328445734727013	0.107613469939002
-0.359815547584917	2.48512585468078
-0.484607841029708	4.05343846437603
-0.0454676506094036	0.078012870227145
-0.178950608698333	0.208769623028014
-0.278534579851036	0.421230534655753
0.086278657076133	0.102392361018589
0.0651397466846689	0.0927675010160555
0.486327631851752	1.07114884600932
-0.101770840863569	0.135119050122083
0.0791093699439462	0.080459909988133
-0.0307125636390892	0.0309060238494729
0.0828686173558208	0.105450120298825
0.0434140110367046	0.0495003581518503
-0.622055310793859	1.20851694597562
-0.636419152003614	1.02445233810661
-0.483341824706669	0.856529604354036
-0.194259428338277	0.221812167193771
-0.0936317240025424	0.104933294309908
-0.25943894095397	0.349826739595926
-0.325177753782869	0.545935930419306
-0.374229117325166	0.607301709727107
-0.143302590613963	0.207100736420023
-0.192155928240161	0.337201398848744
-0.254679859697633	0.491541657786571
-0.690571831092075	1.48223313160602
-0.681894078728032	1.54170595571034
-1.02647062460276	2.80297038107006
-0.317366667560911	0.595520197284728
-0.17053962215604	0.25425738947775
-0.137913030260745	0.177334810836339
-0.872325952298964	1.89691311841816
-0.193669492907772	0.277237856120613
-0.117452670918228	0.130742554053655
-0.523816227835036	0.728259134807241
-0.0779550830503168	0.0806844681911342
-0.546707296382529	0.995650853035984
-0.560842353309868	0.913205365626158
0.0933413733024567	0.142829689188033
-0.372048878456529	0.726450484155774
-0.0272286647662692	0.0367947078299003
0.202989112009133	0.35656684170953
0.0952255074236394	0.162989421156341
-0.00306815959805098	0.00402578370426141
-0.31420373644711	0.384647232666361
-0.0813428072263918	0.109028664696857
-0.0366485502112854	0.042277097282161
-0.504259617342784	0.898004851319063
-0.118369896074677	0.143453425860713
-0.103578624148171	0.186508030352006
-0.570338748223315	1.33859051209557
-0.0995204383884646	0.132825633610891
-0.433523063339739	1.0498269551727
-0.580958610612124	1.21225249696516
-0.195687647132554	0.373105494093023
-1.03634114985379	3.91936004150343
-0.870884615874807	2.73954143839773
0.123725728746738	0.203720633577665
-0.0298344763500713	0.043476990562371
0.160898210606611	0.299913617308363
-0.2481094155701	0.443749523039055
-0.221943543020305	0.385099447446815
-0.0805488684218128	0.134060799977917
-0.104714046084826	0.151621280641144
-0.760214962457849	2.10078273858539
-0.873460007983241	2.20910818213782
-0.185277455117987	0.242082054585221
-0.0538904481568412	0.292072141649296
-0.127340456668317	0.761969475720671
-0.144991225679043	0.753850124539638
0.0982752376270934	0.451499376540288
0.0430602765385325	0.142705998232471
-0.0273117691990525	0.09078480356031
-0.0789016874146892	0.27789460230727
-0.253355806307434	1.06628360391643
-0.396860664249907	0.342218311748301
-0.43845540273399	0.439586809968539
0.0653560637104063	0.0741848677341171
0.197615673450866	0.199145614328873
0.456672653980726	0.46107464964031
0.356800680554508	0.355374616706615
-0.10451152763069	0.167063629312709
0.225639949401732	0.186664479414863
0.767607058024433	1.08989468245566
0.116941406383292	0.211636385376406
0.151334204808649	0.22447473394372
0.207745863759134	0.178504293710608
0.0672952513550526	0.0513166170867824
-0.180004755097184	0.245997262261267
0.0866809727012967	0.129350765922161
-0.0675308671064539	0.109314868033738
-0.317729530564222	0.358835572215291
0.0722205282070522	0.059373192273694
0.707933192803525	1.12749368544277
0.446765246959939	0.506093854400512
0.713983091792357	0.879489658440439
0.75291372975499	1.16960544914239
-0.0530360753408494	0.0480385504903283
-0.0596534712543521	0.0475399214701914
0.0280523058243629	0.0223131367602851
0.148910274738522	0.136814571499796
-0.00438993744824017	0.00462236103628204
-0.0550427699286659	0.0642453651970992
-0.527228271482129	0.758945184780023
-0.408247388182205	0.366470423582669
-0.102873532860373	0.0773447657944844
-0.57317327882323	0.640748913549651
-0.248471166749244	0.240764143664879
-0.140105672775933	0.237952446425555
0.312811923111732	0.463118993236599
0.00906880830677419	0.0111131345829026
0.0172289648457127	0.0297225216490603
-0.086676537584539	0.155330987480801
0.348850333232102	0.431021745495972
-0.226856067135584	0.178374282774119
0.329568460921091	0.338818703530587
-0.72642716071851	0.810048770958277
-0.196347732831694	0.179805414809565
0.350341925032845	0.345581131346103
0.186226026797766	0.318989924062838
0.541482764414815	0.703324322130073
-0.301438401537318	0.306208942249399
-0.162912359971871	0.232682388906511
0.098382684248091	0.0855160273107595
-0.0365745767830952	0.061855150090951
0.201885282494339	0.276553081723103
0.0819705138789256	0.1000848518284
0.0732385520266796	0.134691296740408
-0.37816236835221	1.3148286996828
0.216665975509563	0.4872966877087
0.0473513272648056	0.0619650224181968
-0.047851757494495	0.0746741091679802
-0.135405755388611	0.241538600483108
-0.345632611114947	0.361149299813645
0.0274095875934762	0.13330087178889
-0.102330049935028	0.622018903891849
0.0180622832841474	0.0678697484591946
0.0402165279391734	0.160398091276695
-0.107956523202792	0.524166675478123
-0.419718720220546	3.40010724904278
-0.438534145247588	3.14681597099003
-0.686873136563151	6.2248141356672
-0.82574143498094	3.01116708359678
0.336409994417543	0.537570253641521
0.0582831092291111	0.0624444256730074
0.49607810218499	0.67928272529722
0.511295361817866	0.638071128805959
0.983682522219897	1.93733352155881
0.107890223935358	0.177956693903878
-0.0393791930015111	0.0395386962725851
0.348401938571896	0.436591234103412
-0.0207554956352109	0.0332520841740887
0.465756319601153	1.01511951722207
0.0966862432188651	0.0909146358157652
0.310030183037824	0.363872819334351
1.05802264475542	1.92993105764252
-0.255144965090704	0.371666047534234
-0.129746405963542	0.217194046153053
0.0610220581955405	0.0649401365062204
0.192526331378847	0.224205203679632
0.472479317425405	0.764668003268015
0.574177734089201	0.791992952805526
0.385517713717466	0.426952669719954
0.133150927909067	0.137883847706874
0.828617070863588	1.31552175852201
0.271141149153121	0.261980581974386
0.829225632329773	1.2494439066555
-0.354059409108248	0.453889220022522
-0.113886497001048	0.18551241717623
0.565439418968939	1.10123235521648
-0.0394938906638624	0.0547723704442889
-0.0163979236426762	0.0270631118875528
0.0287488468848749	0.04260223558939
0.50818105791023	0.931315594336385
0.592618214524222	0.752747146747562
0.950012791354063	1.56551939602231
0.462867067800605	0.593824065812567
-0.172006408965051	0.170536176217217
0.546585873629484	0.603677584110255
-0.203540655661772	0.353864417971422
0.111423177850873	0.114635591367859
-0.421146145103315	0.451748280536045
0.479675668753559	0.842014650343861
0.895960011073872	1.5058363939711
-0.428357981388866	1.12989264047809
0.371932029247753	0.649508375013113
-0.0720107693089813	0.0949216593267415
-0.228404887180906	0.523674973604119
-0.246744144900406	0.627832707181982
-0.168005250731638	0.351193212150132
-0.315788030320956	0.662426031833888
-0.343971552457656	0.819448355283051
-0.336944727851858	0.850942692338473
0.0674617408873498	0.369179063064208
0.125515207575226	0.803928448612528
-0.0699706202151078	0.326670749983852
-0.266853975885059	2.07034735771109
-0.275764803176596	1.84857103643072
-0.337059578437779	2.15634216089735
-0.588563584504279	0.727700706878642
-0.603258952844381	1.28237565236178
0.83193463984822	1.51957009009878
0.397344933312229	0.51476137696188
-0.0399205992528728	0.0323437858048686
0.218542777291929	0.255368682594501
-0.306271963022086	0.760669695666951
-0.683233497272944	1.01362888726502
-0.1172246539202	0.109572180429802
0.12485917074616	0.233181291876426
0.334431070735998	0.417116935597193
0.392980458350097	0.440217591481048
-0.117389719252411	0.145764909651004
0.0315705476919532	0.0364607496757208
0.235472485393907	0.481797198271602
-0.146299540860583	0.276233337591789
-0.148086288483606	0.245307463868961
-0.427899117650445	0.626653975030252
-0.234395117168132	0.29505637418903
0.33934172951133	0.451173722364326
0.78230273699772	1.37852352867717
0.246785325973145	0.283702865579441
0.306651339906598	0.364903827281149
0.478095215595411	0.693880883189074
0.283406391435949	0.347962784594382
-0.267384320251739	0.322265516657821
0.229716659293252	0.429142335857418
0.0608601933139092	0.079971161689944
-0.0248135930302069	0.0346203827802839
-0.171056236667733	0.369542344784721
0.429978426597512	0.862153067112046
0.345548724197461	0.625380589004132
-0.508270095009322	0.590457411526554
-0.116241850229961	0.111285289775134
0.142435396268635	0.137660828673827
0.760868541219301	1.00294249300897
0.139138460751279	0.124651799686978
-0.146488485769428	0.252213022618425
-0.359889075997213	0.489602181223321
0.0111645245072638	0.00976463618258441
-0.130171175306577	0.180206104564027
0.768182172401241	1.11152431265309
-0.21998204194483	0.498295150928795
0.259963128817479	0.433096873904898
-0.138196675967348	0.206590354050814
-0.157350179333927	0.34714238821991
0.0902720618598522	0.144641334931606
-0.0672054171606462	0.128196085058066
0.245327413350422	0.449004595048576
-0.148593318034142	0.282608079428159
0.213678919574842	0.452338345098129
0.0567992200983655	0.0647625526346874
-0.00230404739427019	0.00259056399563293
-0.114453305149234	0.109318002319963
0.0559704909998888	0.305878766911251
-0.155925258235981	1.10232451927979
-0.117993657931554	0.664167465915694
-0.378238118898993	3.46878837727539
-0.22504050016147	1.33045470798213
-0.54375227041185	3.7783951705895
-0.0971475464766866	0.275599322861667
-0.122745428858266	0.253237761253476
0.459805049894349	0.820977994788179
0.048786146580206	0.0506832649548281
0.343783960913802	0.453852196973075
0.507262723280883	0.682663790520346
-0.13356996849138	0.225700746745827
0.145168032072095	0.173800425312679
-0.0623157870021446	0.0622086095819854
0.0996574857253509	0.170940908760437
0.710025490291376	0.954513312490433
-0.215092401236435	0.261411075768684
-0.172675593733036	0.274694472050567
-0.145345654607161	0.244581874477839
-0.13540939149945	0.208230136360689
-0.175547563553391	0.198827882284221
1.01839597470435	2.25213200108231
0.341000650078293	0.406084319489051
-0.0643036708644114	0.0677147986196277
0.28185841370433	0.368066220349049
1.3575625800272	3.2655515247128
-0.429974423354899	0.606592193691636
-0.215753627965725	0.312309140667066
-0.229676455928357	0.402482819951496
-0.176199054875816	0.220400391080389
0.00986492683386691	0.00895554619884671
-0.14731935937096	0.155381930146611
0.0325725791075254	0.0321898350076834
-0.103450831193367	0.102045862840188
-0.0740920480358244	0.0988922727424809
0.432428901641136	0.803852218836666
-0.126149997246404	0.195284964040019
-0.322911190574971	0.680299317915226
-0.323117764920733	0.674079224020866
0.128807839806809	0.155677217195602
0.309021864484137	0.380384860223267
-0.172423613648794	0.179147481807342
0.520785750422696	0.777921730963957
0.439630007465366	0.620625334398726
0.460419332570526	0.699725417450962
0.23109045735807	0.413480486769471
-0.094118969503447	0.110592432468117
0.439524387586618	0.508251272611638
0.542723190265349	1.26238146828276
0.265247618679961	0.353408948396376
0.0924657127998653	0.159458287124469
0.62493535922524	1.47217342536357
-0.455460538153938	0.916539029599775
0.349211479371303	0.830470901078243
-0.0900656050331657	0.162680510726974
0.178016277941608	0.382905868219423
0.330035000943058	0.681784178547165
-0.224557056311164	0.428873788597899
0.152821703370365	0.290020398581118
0.172293072537604	0.231697077559453
-0.137530145924075	0.182164625217711
-0.456358119072315	0.632694066826261
0.0608658248899232	0.316621733041029
-0.0671472865273431	0.349828188509781
-0.193454861858766	1.24940034991642
-0.303720515467152	2.01832410615231
-0.397926392754019	0.445232479580563
-0.448422624996188	0.527195640467751
-0.362194647150179	2.86566971972804
-0.00579203106976749	0.0133183842115411
0.751044037152582	1.23568820623661
0.423988781811474	0.581758949343
0.0889040689208529	0.0918264240586156
0.00252010182956313	0.00355772338311767
0.10573058571847	0.118103370528032
-0.37205077235503	0.46518455962801
0.0467776800289485	0.0713301971484805
-0.0200351362907056	0.0251829916607515
-0.037146661856206	0.034654653804189
0.125788368642711	0.140755955133383
0.323410003224307	0.44137793944938
-0.557558864049769	0.81363244282992
-0.29523027905867	0.414263815580976
0.0876997313147819	0.116077541573685
-0.125825123605133	0.19934864606061
0.266768790431956	0.520875247734651
0.0290275487468371	0.0382222832417033
-0.224026833952511	0.380911958116761
-0.450719145151247	0.697540575068326
-0.110377038641625	0.124244103559181
-0.201768252027898	0.261700379525142
0.0950119546216314	0.0913255633158282
0.732172453178171	1.4967628106294
0.0636071169698478	0.0688000320852814
-0.0161543062955074	0.017133264251309
-0.131476084045698	0.148520180289717
0.259986678483084	0.436330338879037
-0.194049172283303	0.297756912866368
-0.213468693146591	0.263560877561395
0.239896545926422	0.315185451669762
-0.0529266319115641	0.059217492275086
-0.142389114785664	0.151735440515078
0.0120089489168434	0.0104934244823918
-0.150301977572587	0.147559969892298
-0.140161653726285	0.212827130740686
-0.13508557349223	0.180750037545899
0.477917852049954	1.11072991829651
0.23941145033841	0.51660825294487
0.0501076496631013	0.0767370196779678
0.0545726842744405	0.0599064914998999
-0.257590880613527	0.336095173803206
0.561758987515568	0.838649139332816
0.113433205036289	0.111111863917943
0.300602628804151	0.390279227224634
0.259395457740092	0.304446327563076
-0.0603386932463064	0.0825173499009764
0.136573515715339	0.157862584689865
0.37326047718862	0.467577714392367
-0.219891645533901	0.336434997579439
0.0405556251559831	0.0413797480521167
0.193072145167031	0.389115137882343
0.103560038895004	0.140015639303468
0.0196013275260356	0.0246935487179837
-0.725263704779152	2.5669199990084
-0.0687874510745452	0.129706420635007
-0.120250088275113	0.220498691948858
0.531896596252827	1.35841734236771
-0.468635959948273	1.14571350293823
-0.0813032584261969	0.137670762611303
0.288120565191108	0.409450521234153
-0.150447390546481	0.211613049661595
0.0270777457308343	0.134449808662378
-0.0926100328240247	0.537317859778018
-0.240592181620912	1.67345232938561
-0.367595767664578	2.38594207402344
-0.467363441842628	0.539524611203263
-0.0680626794553584	0.263568727880047
0.102588796749776	0.332964216005967
-0.060903028602387	0.135914880362454
0.0940026072024706	0.185367997702769
0.0296632157057232	0.0406181654895158
0.0249210731689892	0.0280868437071852
0.2882641600721	0.461230722269467
0.75534172613889	1.61281186043322
0.75466942245771	1.64926563557638
0.470530219525649	1.21605656591565
0.280444391774145	0.424534669342835
0.216006135837235	0.262516396853166
-0.234764635592203	0.473975232221736
0.0917363500600178	0.137419309100106
0.352292561186368	0.529337150255159
0.315332132702738	0.480363284874585
0.394161002839141	0.861360780383418
0.405016453674085	0.677061071782462
0.345740431306886	0.526099276557747
-0.937915010060998	1.73049839496833
-0.4130062013372	0.679033929116581
-0.0647557064117803	0.0777662776846217
-0.0368577467330875	0.0483913029970467
0.633776965657325	1.57764482162261
-0.257175414470587	0.433497475709073
-0.0172440348921335	0.0183173640885478
0.22621648458071	0.327811551462773
-0.173929381041851	0.199946369560175
0.310366485786499	0.478339621978372
0.0767434503078775	0.0880132237857687
0.0515679861376614	0.0554793038727072
-0.0355565670599821	0.0471054964356358
0.322953425736162	0.44047149415547
0.166287993849053	0.199503263294865
-0.00177996617718661	0.00171867394345626
-0.117171028665016	0.174380721073287
0.0899900129781186	0.121741821075079
0.191302760097788	0.279264492797982
-0.157198539596986	0.262350022938649
0.493608115865293	1.24052286759933
-0.436275529499193	0.796325134884893
-0.14263280450928	0.166324333412439
-0.0489757373778489	0.0486768512237791
-0.0262836478253396	0.0262319166475436
0.157042471288312	0.271662342580012
-0.0582577031909301	0.0639126224577588
-0.311581165589093	0.520932279143102
-0.0364117382407516	0.0386045412828333
-0.377435705996653	0.852993462275535
0.0181861930645187	0.023189376771229
-0.184629498569284	0.258523669872181
-0.188204440137288	0.358450759072155
-0.0506055405961181	0.0814106747558774
-0.020954040699968	0.0330189340181384
-0.170705517549153	0.28941954523307
-0.235981746229794	0.425476469314854
-0.107360076522131	0.182757290002645
0.22624190249418	0.342378582573287
0.0277551600262334	0.0328389185374373
-0.0136850627459405	0.064611348366005
-0.14629313536683	1.00740705216047
-0.271413464211725	2.03804353151776
-0.339817946662767	2.76584463866926
-0.0158716297100924	0.0483068659282449
-0.0918548693276294	0.293198563477657
-0.0103371846900676	0.0247074915070553
-0.0625873829795183	0.151046006601547
0.106526219879379	0.184560527407065
-0.0809762928691578	0.118812701120649
0.0552349657897656	0.0750330722294556
0.224538561105289	0.377355833566909
0.196047096891278	0.31653154300013
-0.260097526408501	0.484017155217762
0.0847119726279314	0.119208744298305
0.301661403202297	0.516855690963339
0.168623817766111	0.295150947105483
0.303435642926831	0.578282873605466
-0.395485443351114	0.755147175140257
0.0203994981922313	0.0243547490956613
-0.118262527695629	0.142908944054016
0.136432498392863	0.199492958481229
0.280247492670394	0.395756926327147
-0.19473629790565	0.276744823969315
0.0528165977212217	0.0651826161587965
-0.115881530893353	0.139025928488678
-0.417397345564525	0.693817499522117
0.126471250685002	0.142278985565954
0.23891963647814	0.33543904186344
0.0146958153407168	0.0160573863832818
0.0269553540938583	0.0253820151016413
0.279194839177871	0.426629518135015
0.127004100718754	0.170654735597529
0.177814385684899	0.250540690928447
-0.253370550770753	0.436748113137104
-0.031724987480825	0.0420541586079343
0.130455311757095	0.215392712755073
0.459728714031594	0.836737690101044
0.0324645780436294	0.0367112859625737
-0.178743246181524	0.235121617283717
-0.119521753497106	0.154287501636104
0.236764718921654	0.358869615385369
0.0686120387457303	0.0787707294820514
-0.148997529246668	0.199663652602976
-0.216897771950013	0.341995536583917
-0.0917642747590563	0.113158642364721
0.266258179496301	0.496617874873221
-0.170930992305899	0.264925570952497
-0.376308710359002	0.732442526047881
0.956098185176039	2.48816517325891
-0.231964415033736	0.330713237750992
-0.544278989955597	1.04959515980041
-0.0138347348959729	0.0161078987314081
0.0651396035388175	0.0879302370665028
-0.344866258391769	0.582069968893543
-0.0126088071504408	0.0165263492953729
-0.154532638412382	0.21815743371913
0.179697692271574	0.28263635551376
-0.0608420325679257	0.0834514779203553
-0.00781758397362215	0.00990095975266804
0.00138111227266887	0.00598556742674675
-0.131121925924344	0.815802326690939
-0.25006109370709	1.84610238987853
-0.00131837368744468	0.00253081367064367
0.108844317221035	0.362884284617562
-0.330387086085541	1.53712803538633
-0.0567112814664068	0.14598268879293
-0.0161547992011311	0.0217428134755205
0.208218679757794	0.36756123255866
0.0902776518166184	0.132655016983927
0.0544837155286326	0.0744894851187601
0.597537343592885	1.55179938404886
0.380954417596728	0.785474605599077
0.176695626655192	0.275816819914772
0.137543374990035	0.20691005675743
-0.129045590292604	0.205665022791481
0.215125469963533	0.367807039272513
0.526387267749578	1.04937475898656
0.568463552551129	1.36512228413285
0.0339388195192	0.0419252759041114
0.189677778301176	0.26165615964349
-0.0791568878639499	0.0945872137070156
-0.0259488843930576	0.0318501355853849
0.0547592809642919	0.0708583721804294
0.149143220174317	0.203799299438715
-0.507190737876229	1.07614391409032
0.113185546344058	0.141098921926559
-0.144590747356453	0.167215326153146
0.0647965845759666	0.0610044888820357
-0.376137838227747	0.557987021329351
0.34260421165388	0.435847391604174
-0.0435071942455331	0.0467540880419614
0.0580016997854869	0.069297911352842
-0.102596001928808	0.143634509788023
-0.214837094800386	0.343848442119891
0.0529426129374737	0.0698534804573627
0.598698282977442	1.32175884235674
0.0183385968318847	0.0227795841733089
-0.231724785604382	0.321657419832766
-0.184070495702009	0.243593797278203
0.14135594101978	0.192771535714322
-0.227808888261999	0.337567869667412
-0.319116807932713	0.573634405418128
0.232789953320774	0.386263959283862
0.254640005440552	0.429149653972004
0.025320194172559	0.0312147341499415
-0.0131095140431888	0.0160604897177402
-0.209287909720488	0.349037259371603
0.0369291237911363	0.0432708570648857
0.0226058437829521	0.0281007446450782
0.013277545113596	0.0615769453016851
-0.0679847832708149	0.350544792508687
0.155604896673747	0.157622726223093
0.30327558337448	1.66366873459328
-0.095152891713148	0.304816080861592
0.108298095196983	0.326317297104895
0.120231688118894	0.222236513253326
0.214953712251019	0.419524286648007
-0.193866113708451	0.301092925671005
0.285088027417593	0.549798950653181
0.359709285118973	0.696599393660137
0.372791119913093	0.732061415044647
0.446658721351165	1.0298415253934
-0.28639910543667	0.609019205477942
-0.364207468274938	0.736347355200294
0.325744020467646	0.648586405113498
0.334715794022071	0.618621030161704
-0.189676889087733	0.294045730499735
0.142987931935972	0.219815793019981
0.587228020156739	1.21382944092886
-0.0175467994525248	0.0200548820511899
0.1214536157071	0.181089828655854
-0.154816279228132	0.223201301665942
-0.127286078649586	0.202110510425204
0.0126126272808743	0.0157664377697452
-0.0123280565958986	0.015613888953963
0.689508468397274	1.83693419091496
0.159719647224694	0.221483147072315
0.238767193635334	0.37024752176386
0.164078882671694	0.25188237135844
-0.072616137106912	0.108209445575242
0.180337473897686	0.20770928917459
-0.0353064140163772	0.0358138362563895
0.0724631076684515	0.0787523068539135
-0.369370647456874	0.479943877128494
0.0836532437018897	0.119193055715576
0.0936246303995503	0.123772280330907
0.105706881508735	0.154254477295905
-0.0204683113738082	0.0254445253405559
0.468714078743493	1.04932413339724
0.0492829098412926	0.0682551813545302
0.0696744755096696	0.0841048346089463
0.0932433600544174	0.118178988769923
0.192165188106012	0.311682238645417
0.0506108095581778	0.0641980898785224
0.0278060215353054	0.0364184574375477
0.116632598738511	0.164733868811041
0.2175571455714	0.367652103174342
-0.0906898112965794	0.129855626002187
-0.179815679127909	0.277024095790436
0.281512352254592	0.485372741859714
0.173496670837245	0.264673023073667
0.0637283129680022	0.0825168106124071
0.282269841426164	0.512391430199649
0.239107955027438	0.374777704238608
-0.120021633878164	0.187441489666768
-0.325609192291598	0.623943738011107
-0.389698624821732	0.655885810115198
-0.0752228166555297	0.0966177850543335
-0.0367724139497071	0.0471754328676568
0.120704143374886	0.872581249197909
0.0447507224867455	0.20221190898619
0.436805350612811	3.50027540261812
0.194858034287046	0.845734238974159
-0.166035802134401	0.577965809663278
-0.0899653656217238	0.147859251193404
0.074803342666207	0.113770752151255
-0.0510510885314463	0.0633147562976411
0.185527110743947	0.316032643278373
0.0918277536853967	0.154463144147706
-0.0338156869121868	0.0481195440840444
-0.014872864324276	0.021186289218098
0.16289810403254	0.3013459590283
0.189569107286546	0.360915000699095
-0.134795963687828	0.234415251390196
0.393952561461364	0.847707776918488
-0.0630350014100113	0.0817986627705705
0.158927327688145	0.257785285513323
0.704322952721791	1.83395218899673
-0.296798874749836	0.493211474015506
0.267844724008541	0.469117189862035
0.798341696950315	2.04796783826011
0.191028472665608	0.296940614047304
0.12935478844157	0.173065324024436
-0.154702801533549	0.242169422157877
0.603554190799612	1.49357164496819
0.714942397411962	1.97436343795167
0.203873439307145	0.316385649784272
-0.309015874986115	0.529139700982125
0.121902025611036	0.129493710574688
-0.181911623059966	0.207168499272193
-0.0665567387689953	0.0866028398791796
0.618615197541739	1.63418556346347
0.0687288385221373	0.0914253051538451
-0.110362595141395	0.144971258686907
-0.176854757070304	0.291586057254234
0.3697515073081	0.828787158249135
0.077921067106026	0.11095903890921
-0.0659100484942311	0.0939360383330155
-0.153835019557673	0.240278754133353
-0.12578873045466	0.180414912562793
-0.175810752871921	0.228381545903927
-0.207945578462639	0.340412833883254
0.0578531967153077	0.0723084401341917
0.244639888917379	0.4394701913327
-0.273477188756703	0.513044898177043
0.128355027011591	0.21794380590984
-0.211613123264528	0.378189791208856
-0.218372769968212	0.381258041026706
0.0877090883814033	0.136322326368592
-0.155763894267582	0.246718353565505
-0.0453679767908729	0.068125323353861
0.0287855673308791	0.0358227341574751
0.110704925414392	0.166388673436066
-0.255134924796783	0.481431561321985
0.154669775521382	1.27489103566335
0.0332215591089702	0.144970884722519
-0.412046490378903	2.87203146645323
-0.905005838042649	7.85088135940512
0.106610343953078	0.124581101180749
-0.176231944361291	0.194564452711475
-0.0334170279394009	0.0331498713833359
0.201909653110911	0.59502993932614
-0.313733928041037	0.433417623556116
0.241867881119887	0.319885950367223
-0.252408036963514	0.972906687597846
-0.454745828093681	1.48383535715561
-0.0864730128814324	0.0970111136063355
0.328115694719802	0.475822536029125
-0.791320569186333	1.45544661607128
0.0529632523350452	0.0928280951970137
0.0360341981192708	0.0512390956646859
-0.208808027850554	0.321179517607589
-0.485965072860041	0.66683463809741
0.15785986406455	0.164479886430481
-0.173224536909504	0.198490006008884
0.371281039642956	0.526118583993701
-0.0150395129187991	0.0157983904410442
-0.283123233874104	0.414351424105905
-0.145674274369588	0.17407877625928
0.174693611907482	0.210358547796997
-0.0198134557217333	0.0214174777691183
-0.120589775798536	0.105005673156768
-0.603666539044033	0.999464474695278
-0.267134382603987	0.304705165945241
-0.545145012362833	0.783875437159708
0.195419456182555	0.212150791560629
-0.360891652282374	0.435405578760139
-0.244549161129964	0.303611805121914
-0.286097695946943	0.349882739943456
-0.00986828740296123	0.013047094498855
0.0170307622768636	0.0245260557882974
-0.207246973361297	0.243638157564598
-0.473848032365171	0.708937163243667
0.912910088512848	1.80666803884576
-0.044841511461299	0.0598340512360378
0.0884589203082558	0.113717375890494
0.126216385090667	0.137345460393247
0.125497042949305	0.305093102354589
0.0291800259959097	0.0248623890080922
-0.0583699981969802	0.0557952066163723
-0.159214542562103	0.345407695215126
0.135830964249107	0.184408010054883
-0.284608798592694	0.331744233172415
0.0349606213651656	0.0614370172004618
-0.197985976286655	0.247334740514949
0.0591691108743085	0.136804874850618
0.0836992718448771	0.143901344963763
-0.108734139791467	0.188579597194973
-0.104383620919114	0.227201113275276
0.0656137944026669	0.115217524595498
-0.0627429745887899	0.116154326087647
-0.0984899421895151	0.218641028181891
-0.367778070547914	0.643534070729374
0.183942268971814	0.296079571197488
-0.182097254951795	0.19739555170845
0.104638172174958	0.0983499118927882
0.00997336954462117	0.00884236404192251
0.162181333533422	0.214362387534734
-0.0121198289174447	0.0121977988314162
-0.299865900973747	0.319074819850081
0.067328415916336	0.407746194161103
-0.180320472097947	1.32047259776854
-0.390784567704285	3.65072693620615
-0.60741085065044	6.74615497119682
-0.474082765359512	3.54955753006346
-0.341722165032518	1.95985357355522
0.20287543817191	0.492054247144375
-0.143902718093321	0.285705428701228
-0.103777776865615	0.175063647489528
0.0640103341854109	0.107297633563668
-0.155224365851383	0.319939563120908
-0.0635345667216563	0.0975066243413992
-0.106519306196578	0.183793913708004
0.0472737279381341	0.0828002555429136
-0.13963611105619	0.268349349509543
-0.319036590519352	0.783412994885121
0.168903151873665	0.322651855953515
0.169155804563731	0.268430027294424
-0.0925945795646254	0.160184764453886
0.119094714591618	0.186028443546526
0.178264832004574	0.323995376648058
-0.640708643190783	1.54532184875698
0.404248953383441	0.79121592209334
-0.151832559989572	0.242788570857053
0.0598596514343199	0.0791170138612733
0.109242143712807	0.169696822933938
0.0789359680431174	0.125123778993902
-0.0833155610315778	0.11545914443704
-0.249971442138076	0.353747962501365
-0.020551590143215	0.023767213645747
-0.000932439385562918	0.00122281964732239
0.254623155385712	0.480718677257547
0.125514538112014	0.202753789049277
-0.00444270344690738	0.00553107494723561
0.483144131594733	1.16838986015006
-0.156584566479873	0.245793877803186
0.618159606646378	1.72227605839022
-0.0119322812409696	0.0169250398208429
0.170197925051626	0.319744345566309
0.0460249558537391	0.0681932846980901
0.261336490996333	0.490199396465869
0.0590967390773445	0.0808840180958283
-0.118113641955417	0.181997654754497
-0.391358604813849	0.891432069791627
-0.15348770721881	0.283749852758866
-0.0571524166220525	0.0846519761346987
0.0949329649281457	0.166869190643109
0.197434586389142	0.381028471267823
0.0728823901331172	0.12738336978003
-0.272254815329208	0.560005545453317
-0.257635217455145	0.51682237399114
-0.456042234978307	1.19028676077189
-0.13939159600732	0.239223901311916
-0.347631536658736	0.709489050913755
0.262165318084136	0.512842664761359
-0.322938986350419	0.766340969082397
-0.198274771110419	0.35835547449543
-0.239299241371862	0.533102650650665
0.345372318183635	0.723928671613278
-0.190753878298871	0.308885749135416
0.0993389545849054	0.14953494186165
0.137852753575581	0.230574998847597
0.286890656137059	0.55753223469713
0.238590101247119	0.448595325734679
-0.305050934346838	0.562847427960962
0.0467399713415646	0.256384320183894
-0.184728697319872	1.43870144660832
-0.36591336592351	3.47875872935049
-0.0763025908973985	0.30285662193146
-0.15508860638791	0.706208968014531
-0.177051248899282	0.791546829130722
-0.210639510078471	0.639637492787997
-0.247788734321281	0.82627065061552
-0.0975684271580411	0.244954991287096
-0.0850889666818365	0.207717691935062
-0.0748704119232227	0.181463202691804
-0.206289075102904	0.651249289312079
0.142658652906938	0.234297859179362
-0.140764551671461	0.323361081880309
-0.014147216794333	0.0265417723192139
0.126913941513859	0.284213014601258
0.237853738154241	0.553728191451469
0.248630616548844	0.586805290410406
0.0270643189426999	0.0380632831297785
0.090297319155524	0.165699500922217
0.0151790125975186	0.0250286969328341
0.126739029787467	0.200661724730427
0.316638135911593	0.742746504300652
0.146397692725971	0.320375975342894
0.217995903321367	0.482282025249511
-0.123124989154998	0.203386226447629
0.0618101706800203	0.0891167732607286
0.355436624061756	0.650544164704822
0.233879349713771	0.405426897692907
-0.0991450553024517	0.163118246033721
0.181290777114841	0.311743235340338
0.0567911290099044	0.0855794046041399
0.0361585830407462	0.0535015405864226
0.0958544489778853	0.159541875103348
0.0970340046092647	0.127807294244633
0.173175164677832	0.23155610380264
0.0629172806140669	0.0715792741632358
0.108725953747601	0.111580922548947
-0.242958373046912	0.268544931974464
-0.0243174137375011	0.0326621375478721
0.444762565351943	1.08062655809955
-0.155288551218371	0.278297335043732
-0.160486157470997	0.274730427616972
-0.436536063062981	0.988163931253472
0.122520351069904	0.187140172367064
0.0609594914968439	0.0870685106901149
-0.148571785338317	0.280501945268298
-0.0635637313382475	0.10252653216909
0.0154529965548719	0.0200846713251811
-0.152253945954852	0.249712494688689
-0.19242291975316	0.327272669952554
-0.232719655211597	0.237616842511131
-0.0302923537794881	0.0450017967420235
-0.0753866620897353	0.125411618145267
0.0319225974696551	0.0502576437716865
0.0614390000471186	0.0932709154588333
0.438149070597092	1.22925535754683
-0.295980737251135	0.446870573093948
-0.30381390580249	0.55639974078173
-0.216223780299411	0.387845287778565
-0.125015831571628	0.151097420479968
-0.056625985917675	0.0701082498852554
-0.160715957288894	0.20497249393075
-0.0558879751832609	0.0646565243427709
-0.156663435481459	0.254789373682837
0.0847292709900833	0.140213289393965
0.529873952599346	1.50349302327285
-0.0179588648474829	0.02396410337829
0.429548391504929	1.07478265038543
0.522699897665687	1.50591073608299
-0.138615531663141	0.257607613028897
-0.149167217795749	0.263762096729977
0.296211172913666	0.652956183391781
0.00748441321600628	0.0340660401484285
-0.112639229594231	0.690305920667491
-0.000129802793934438	0.000431579285962943
-0.0954028165668344	0.411182030397222
-0.0528258748616137	0.185048832551135
-0.0926828736453036	0.317120226526749
-0.10626361722168	0.281696841536475
0.0242096570977869	0.0544491989163592
-0.172535645524045	0.553136770813577
0.0179595411052436	0.0397069628489263
-0.116965225729526	0.182708019600129
0.0829921208968659	0.164947601087807
0.0626141117710409	0.135765220494556
-0.0101226588695011	0.0183742338569781
0.0411486279054863	0.0753693504076445
0.428358072751451	1.32447255238906
0.215667772767386	0.377273819899722
-0.103944332881981	0.192915258978319
0.565068594534978	2.18262484181886
0.648911922732731	1.97483094307529
-0.102816017769377	0.173904012593731
-0.00932931994553719	0.0156557562618483
-0.198902618783821	0.435078926550437
0.301582340800184	0.631737358087185
-0.021128013150967	0.0293993652774164
-0.338788230910918	0.56521221851655
0.413833049309765	0.899093943835801
0.182963910484818	0.352261718279494
0.389910561769008	0.891137893260894
0.0424438176865661	0.0665297364749931
-0.142782877959015	0.25776925868978
-0.26933310398625	0.46565603155867
-0.0472419620013642	0.0541909901562256
-0.109353843350463	0.124308444288502
0.057257647474213	0.0548959639996647
-0.218454483531051	0.239198445256345
0.161971838251897	0.294383389773215
0.810936712629629	2.50531912068712
0.101309978260143	0.156959337418579
0.418067452925316	1.08471956378732
-0.109045631090444	0.180407601671507
0.0230765026958244	0.0312886927994134
-0.235155727142498	0.443263604460114
-0.255064838353943	0.207771384418
-0.625389010743533	0.781698381282642
0.0402768420875562	0.0661271422767984
0.0698221543618507	0.119332332289756
-0.0604611553165814	0.0864767816911443
0.115715369004947	0.201412996167247
0.479343449663543	1.47810867455454
0.0284241476547184	0.039414942555114
-0.0624888388515226	0.102380698443802
-0.35811693209438	0.781506963116817
-0.287491115483817	0.582421332188706
-0.278495709469994	0.39026719640523
-0.403437658580293	0.882825597120009
0.463202198808336	1.30938193392549
-0.00467488776386406	0.00689224189637192
0.375671153132786	0.865679329682826
0.470443299427612	1.34247610232726
0.321361800890318	0.772636127494797
0.416657114504732	1.09008963879192
-0.347294991490243	0.833711925896105
0.204503807278862	0.405586645287025
0.0656554732016471	0.397487694257695
0.109937634908407	0.659024446134801
-0.0202358220594778	0.074507386114177
-0.057274788296957	0.220625457653045
-0.10699287749931	0.302138654276002
-0.265431006002923	0.944800324551087
0.000572058268085932	0.00129846365907433
-0.0957482794415864	0.27074269208062
-0.153130470737831	0.492641163053521
0.0862403434154085	0.191671882140551
0.105373905920509	0.21155526672878
0.494402858923763	1.7563458154491
0.0183075001583192	0.0262883560011254
-0.00971048993404497	0.0155442211011619
0.128988198695704	0.276078715495932
-0.263408153409234	0.522570975430993
-0.0688976565737349	0.113453322170434
0.164508035785134	0.368609361601565
0.0893995371818064	0.161307836475431
0.206713215836764	0.431022184451894
0.0808418034519845	0.125289623425055
-0.177368853401444	0.279805061688533
-0.111803973663005	0.181806915259237
-0.487527249397492	1.33601456127827
-0.565946383367942	1.55698635418747
0.04867130454546	0.0799279148662271
-0.432793410469126	0.966562750598339
0.209901001765138	0.378548873906548
0.0167240748131613	0.0197153239051542
-0.0819403213562969	0.0903438277210738
0.595652076372322	0.956832312608624
-0.190107867247479	0.212265764086435
-0.0659269210451691	0.104451115538892
0.0921008749523529	0.139741750961405
-0.047417213053559	0.0753631024035927
0.0986489271425143	0.169602475064848
0.236000652788274	0.498239805800636
-0.165131376009921	0.309452527580296
-0.421168886443047	0.905979678961895
0.0129247571588014	0.0177258237912455
-0.0444590380678202	0.0585438199975318
-0.325891509373945	0.368183335585594
-0.166337788976801	0.326305035840635
-0.086232333946959	0.14654892980892
-0.0982216801447058	0.149675482110961
0.0596161760495004	0.0969990465002728
0.0430034158446635	0.0697694997171974
0.0233260929395804	0.0337745757821837
-0.542544629650529	1.63299331274515
-0.41190174434156	0.937361880490492
-0.366489294720124	0.868714899208673
0.0741134707122799	0.0817789356299363
-0.327222465110538	0.539540566040582
-0.193955866266978	0.342873873461708
-0.000265630624927684	0.000375186331140106
0.0587847337810791	0.0918460947581764
0.0506888892271007	0.0744912737149639
0.0628466444482979	0.100772153470545
0.211978687600005	0.463432923804842
0.121411115726979	0.233054049096391
0.129272107712507	0.240856520819381
0.337784594925778	0.728850626416797
0.0748145346213697	0.455518358057318
-0.0226885606053314	0.0963037172128152
-0.0712273201581045	0.313454418794651
-0.0434750797332874	0.149510646634725
-0.149030451922386	0.615898331193668
-0.149515070492345	0.477842374858213
-0.118619145308541	0.348613141862618
-0.123733733154386	0.388927027558436
-0.18063731302144	0.61123951248141
-0.137663757992307	0.416494006061127
0.435715796076852	1.782522064759
0.066974658225229	0.128405299800097
0.406544983234287	1.16353759722996
0.389543223108328	0.879991155709258
0.190206817834467	0.380359074538717
-0.239202196784634	0.597509488464866
-0.264117253229072	0.467051879770934
-0.449333610234298	1.09559533480698
-0.124920132405933	0.258305025153101
-0.174022706459234	0.360872503376274
0.174681637897079	0.33036255181342
-0.0346846712692684	0.047870302392824
-0.156922457385455	0.217707722358747
-0.0369984393557256	0.0526104883129603
-0.00419129778082702	0.00627540157756335
0.0218313209754152	0.0311452849687155
-0.145860341419276	0.252281488599138
-0.146583497256807	0.207407296135114
-0.0669615703186214	0.0859904592604398
-0.0832637176914492	0.108764940706052
-0.0321465991047524	0.0389448625833324
0.628661524240972	1.38633361582988
0.208526204924664	0.269825039896439
-0.0357919018336475	0.0297398525327128
-0.365214012493278	0.41504442520311
0.0342507337020507	0.041110894873857
-0.243879425945641	0.454829047980941
0.0209324538397034	0.0302346992127364
-0.0400898450157672	0.0564003921635315
0.212287569858738	0.397187655258265
-0.253085852242146	0.503800370031887
0.0712983196795978	0.097435778034723
-0.232045199922806	0.432801680693474
-0.0213950283572539	0.0306115448432614
0.0237311168247841	0.0345589266423186
-0.133549981485811	0.208485825946147
-0.352303175386807	0.370660009758068
-0.0800628884287644	0.115785865328428
-0.0737878308840069	0.114480384955183
-0.0534411633695588	0.0772387606881694
-0.402746444078345	0.898964492733251
-0.173551315740168	0.218817942768203
-0.131142608068068	0.119199800451688
-0.14201313323535	0.171266629921047
0.0105823874576023	0.0136970294008473
0.301394047354645	0.624267259508201
0.308029539176517	0.63991701180933
0.144784228784981	0.234676108386252
0.235629844392834	0.422907385750242
0.486403240309199	1.26931926553674
0.0933394621009628	0.152459503295327
-0.0321819818811644	0.0470030053672481
0.169409396531581	0.297114434481315
0.0288644924842148	0.143984279909714
-0.0209929557783271	0.0874772715043135
-0.105297622536861	0.482702034198626
-0.0352780750784107	0.115685061827331
0.0108752207533653	0.025330328103363
-0.0821273517908427	0.238084762871132
-0.0711279092713575	0.196115253235415
0.258284226003218	0.76209178684482
0.115335088245966	0.221086203313032
0.160174875870049	0.329633741713988
0.13157508355654	0.200219659237403
0.0736155607595025	0.126159001173831
0.0256978019560763	0.0439606942371583
0.402043564995326	0.85142076639993
-0.452605571887912	1.14886890632202
-0.16574940452526	0.366397582585172
0.163446562106827	0.342308896709225
0.283960604494406	0.616580463840868
-0.208820408940432	0.345838389053961
-0.302968335097292	0.614929785683824
-0.0730840931848546	0.114094472199144
-0.11258251669703	0.181247448823288
-0.0303133346755615	0.0449983871710205
0.0128179065920465	0.0162731725938188
-0.0538583020142312	0.0711211828648117
-0.153463427978009	0.196967475709068
0.0884940261527853	0.125859690961537
0.168557772134014	0.252058764633296
0.0876754380724157	0.116563039334213
-0.201260896748684	0.33400159171495
0.122965791414253	0.163259792498568
0.613480417166477	1.05482909274574
-0.432458902354026	0.479948755310397
0.0619864461316896	0.0847369606217955
0.216021069407562	0.394382513481402
-0.0830407343373639	0.128751550080437
0.0017359686575061	0.00239934216625035
0.0550351145435228	0.0838839329141046
-0.138416112793035	0.21994263198863
0.0473301624121575	0.05737304308633
-0.215397427546161	0.400703481436837
0.0224571377577185	0.0338223915509532
-0.224335898917041	0.427540771737134
-0.124260309041909	0.18816690707272
0.00451034382698902	0.00575995180482431
-0.031415262763274	0.042796351451491
-0.351288202187522	0.352416700091951
-0.149810930991737	0.255912519950012
0.529521786293063	1.27962022823008
0.0368550586674482	0.0563345120896293
-0.284665981974009	0.504338656872758
-0.450425425392528	0.688716768381147
-0.223375374169771	0.364805658173242
0.173250801112017	0.28417134983702
-0.00679693758836861	0.00934747527246305
0.179837620423573	0.303135801898319
0.294553183897252	0.563825408954875
0.241447189774019	0.505980714154399
0.514770848556523	1.44976778812788
0.327968581390259	0.757238083025902
-0.0460700195745014	0.0693612895964536
0.0870377855317949	0.565506060065395
-0.018080740692412	0.0743820454892421
-0.142082998658617	0.768478211197021
0.008249922679719	0.027129206259623
-0.117506457829117	0.396918008971729
0.0075556984577393	0.0181886320703147
-0.0129239255951797	0.0321320647811693
-0.0338140681074167	0.0723999013641857
0.22032937713821	0.624654731367329
0.439611678362529	1.57647193652722
0.129517843437092	0.25700063291048
-0.0554274024691882	0.0860272452867605
-0.0741460628843379	0.139527066276281
0.176124172120226	0.383252436902504
0.0948912985742482	0.156726985749952
-0.279968699573241	0.616375820329826
-0.405416642567263	1.29221478103705
0.104144573704435	0.207471862966561
0.226004001241516	0.487288648829837
0.166012349360155	0.312713362238974
0.180581079455204	0.271891034111569
-0.0779222915227616	0.109256741480885
-0.0559120027217494	0.0826892597408636
-0.0231067859911027	0.0312000148750325
0.0835790082233271	0.115605808033979
0.293427130222315	0.561212028898297
0.513797790779097	1.07462272646062
-0.111028489078781	0.160848698011865
0.17698881371704	0.285751755907179
-0.161624178134795	0.221301339211033
0.0496334278791001	0.0551073788889044
-0.224888334776013	0.289908022984766
-0.400676555702045	0.596325210673647
-0.128305704730582	0.120980767484767
0.109589128598221	0.104105049109005
0.11822210542448	0.206473666306124
0.0400495671231397	0.0530168625804335
-0.0745261857268466	0.112082848519021
-0.126677337490497	0.224490761300699
0.305620990142522	0.648389342809078
0.0301589891669452	0.04203809019095
0.118236385898357	0.190388924583728
-0.081898733494201	0.117233728666112
-0.181651292566807	0.318290147163885
-0.0603502426285364	0.0867483249801898
0.0686340742374018	0.106844682507983
-0.205786186672451	0.351163118681713
-0.0445589724599873	0.0695880118916377
-0.0426984801601192	0.0512219544673162
-0.0824445766454604	0.124302636033587
-0.112062190813809	0.18700034314727
-0.273703694447348	0.593684732905529
-0.0830346064278343	0.130031600950146
0.145188171080588	0.229668302154114
0.482994164438946	1.3638303771651
-0.316041744141299	0.719033782381428
0.225643646059092	0.428105144376493
0.161413069835343	0.296220630781539
0.108406547786041	0.73292551466045
0.0289472234402847	0.12454550780184
-0.0950755346781065	0.432394820302308
-0.114268697473106	0.485682735194213
-0.0617354763404105	0.18211384254082
0.117856981718744	0.389903229636946
0.0497784524774063	0.143166909771272
0.118423114635492	0.286044746023348
0.18168995499897	0.465637815374239
0.354460130066796	1.07479120206369
0.0754989036364965	0.13527655545328
0.243106715779462	0.44947642595439
0.0626700690710555	0.103688313764737
0.0575179008327931	0.104457925843545
0.0851712189213543	0.127203690630332
-0.51734663771799	1.44911381568427
-0.493391689110709	1.45947102412943
-0.0945047198481723	0.169395337779956
0.0169473725827097	0.0235741837705485
0.545837501650516	1.50670491583838
0.447567540726529	0.853993900348246
0.079022256403947	0.100781708356761
-0.190936427384623	0.36918488717471
-0.0349818920476469	0.0472723925080266
0.145015291214291	0.21069492509573
0.606722266256855	0.915539328348454
0.320562304452194	0.533686409594883
0.105792273790837	0.136084511859736
0.142388146038324	0.189017497009946
0.243805515810406	0.385805627473241
-0.143400159119517	0.163208254092036
0.209338695316561	0.243022265693838
-0.315577434546139	0.356741119809296
0.523458304856016	0.650497883556172
-0.715011210213515	0.796479148418279
-0.173849307499643	0.160294823310772
0.0451195340600484	0.0399362322191366
0.16680183475987	0.198239792169659
-0.0173807450806635	0.0174907953956925
0.0542805633524221	0.0732977821688871
0.035423827793537	0.0493685685994343
0.0695005879052093	0.103033482047224
0.0755716925596982	0.110600919785708
-0.106066913785667	0.157819887923544
-0.254115982011755	0.387482578532867
-0.0727050801494098	0.0951245490244637
-0.0557385982953956	0.0740255364113667
0.000656692776040314	0.000737690863702954
-0.156431129902062	0.212230008651717
-0.0965777342386858	0.145327384923059
0.0257507581482155	0.032868212141014
0.0180769655060574	0.0226071928368255
0.127637058934357	0.152845389839078
-0.22451298159901	0.337336584948013
-0.167001139342167	0.248744135163735
0.175797190193931	0.242202800145924
0.167369414565117	0.244781724299291
-0.401004311872928	0.935219697163348
0.0546875719372227	0.0758428536736531
-0.112231652049605	0.160417487391983
-0.424139239114163	0.960569046326298
0.311758144489243	0.671731404057967
-0.0626725754004996	0.0995343076329389
0.248644789294497	0.460992363493237
0.218414918000476	0.388613670610837
0.126633761737132	0.944249188360882
-0.0458146321228121	0.213736743428571
-0.117701860980051	0.584473299276184
-0.0367335831486403	0.129010648237178
-0.142986484888253	0.611351000532401
-0.0119179690386389	0.034474797809187
-0.193943042592837	0.900457567604724
-0.0803670878610487	0.263612000900803
-0.105032249755331	0.358528625886772
0.120001111402039	0.32423215092223
0.311898962527548	1.1248689538338
0.205559586868373	0.53740905701734
0.248250018327601	0.646540220782675
0.450168050803639	1.26368287240007
0.0872278410636585	0.167670617066145
-0.0525464774265898	0.0962528839754733
0.128582733902063	0.236909076707061
-0.0331413426634458	0.0509465268937961
0.00495078654780094	0.00848995559426371
0.260634929364093	0.670520114057002
0.024042932547779	0.036700838712122
0.166293057125724	0.268899732636132
0.0526319408722147	0.071430237475992
-0.0999335636226226	0.150779778109667
-0.171839541882389	0.31103424038509
-0.0010131302256264	0.00153318290679165
0.042670357840713	0.0628217293439264
-0.00775737962137315	0.0115833060096583
-0.179094392832958	0.265133689139745
0.212455688377441	0.332624662450444
0.479811224780525	1.02902395440775
-0.358808017492699	0.764481883174371
0.54243818497814	1.20986783952708
-0.331242000583138	0.636439937703647
0.124596350527519	0.161093078727518
0.70324818143984	1.47945907498212
0.853052059326279	1.38796046645768
0.219576585638385	0.19508724761206
0.781131581772896	1.04381050289059
0.78687538620535	1.01948809761898
0.161539122496196	0.19044081916078
0.0240600182894417	0.0247782371419077
0.027050733800953	0.0386512317385498
0.153352347775742	0.273774285110668
0.0778420730690271	0.128612780639682
-0.0584386206977877	0.0923288223447798
0.118550930886088	0.197822234281771
-0.111849442445529	0.170738784291
-0.118425687702064	0.172381774866456
-0.0616949627921458	0.0951180568978576
0.137097384104474	0.242907446276207
0.055513645924139	0.0878473269455019
0.447804081045307	1.01776895926645
-0.447572669710903	1.18889184903886
0.147384713174162	0.193711831192344
-0.249341003541296	0.415105367089996
0.0168979117706541	0.0231581057029325
-0.151116496415583	0.166878214478718
0.0359487646212195	0.0383049420571913
-0.00363335358256331	0.00449522657989616
0.136845053000581	0.240392621550393
-0.0445349876419718	0.0674067195511563
-0.0748026059725199	0.111521454787192
-0.144877210702471	0.247979069870555
0.236584403173526	0.450272096827166
-0.0857176241458306	0.139026992515518
0.0717922504041873	0.110113586096347
0.227586512016779	0.450237355726856
0.105579534311508	0.744469754867076
0.00485488628435548	0.0189576431477918
-0.17967409603568	1.0858989231556
-0.132297709133563	0.625183815767997
-0.141331298348701	0.69909168613842
0.0841602420708017	0.325236616029652
-0.0197787780968947	0.0613692344215443
-0.0964112751988252	0.365761623689645
0.00807732091104979	0.0219139105281327
-0.0263101871199177	0.0585597895516779
0.271261661418358	1.02586381449395
0.69581278397148	3.35701685552349
0.524141084915507	2.04697454311724
-0.124951316335404	0.240349318147668
0.0790669775079297	0.156114326971752
0.213821433850221	0.602627470674038
0.215047714543865	0.463249332592932
-0.209712583757287	0.471545975494446
0.143763865828946	0.336116697166087
0.227721008370698	0.560641452318806
0.38763632857572	1.10621927950423
0.105194676016055	0.177895838050146
-0.231123628490557	0.384248809019175
-0.0557806231339333	0.0818946457479133
-0.0451848143931839	0.0761737832608638
-0.059935287805454	0.0861707277194194
-0.125301462392105	0.232253180439254
0.101481282494182	0.152699009710919
0.00583464754037902	0.00694022549676589
0.145142632704053	0.242899780637107
0.0802159945078969	0.109705322216483
0.311218307337917	0.564554220164719
0.109679658884916	0.156103549248947
0.0674087740023255	0.0760055250454272
0.350353296624735	0.531992384541152
-0.123676631184801	0.125614852111006
0.116976649485905	0.117855044399436
0.312412194424451	0.265682772164233
0.0395009397686207	0.0348045554615234
0.106119565773962	0.18038484017226
-0.0325189770986704	0.0497619277740914
-0.246169804522663	0.453529379424541
-0.0793592809068116	0.109893890986137
0.135112873318156	0.246045266066795
-0.0238166284562659	0.0364879082898227
0.167288770196659	0.290257676000852
-0.152696254700482	0.266087332032355
-0.208437615630036	0.294814969116323
0.138729613189746	0.202895388095524
-0.205972495825058	0.352749122785841
-0.18678582699679	0.268731938187566
-0.141056270509633	0.176544936603327
0.193791153458343	0.256908187692155
-0.180553115487044	0.306094821917905
0.13995215370378	0.249919591933175
0.101568519133072	0.169633520175071
0.0552060485276688	0.086397306174811
0.332183268785699	0.728424686401676
0.438891537956377	1.22856667852686
0.320382027829006	0.717124205132898
0.38350972397138	0.948919285453803
0.0451682493697295	0.0654655395296856
0.0872122216765891	0.554922147717064
-0.00631221498677515	0.0252178477723894
-0.0400143516742181	0.154916145252989
0.00663661168848736	0.0224763838346477
0.141965574868386	0.697863439600929
0.0772873174828189	0.301265139101901
-0.0749622751536432	0.268009258334885
-0.0710319480864102	0.232236269977523
0.0672855649107112	0.166009557002577
0.23300055191399	0.770130258791936
0.352330143595901	1.19668575193921
0.0088766192651314	0.0164213251172169
0.420812022104388	1.09108820803305
0.113302188483173	0.242028983930793
-0.0036877434047013	0.00680841037289326
-0.0435448442965398	0.0680326418392227
0.147644359861066	0.287378375748129
-0.293941471715283	0.868962855991767
-0.135536503216334	0.29075629459973
0.0827082901675214	0.143549578670585
-0.17440081023256	0.302164932543354
-0.0795391182188698	0.136124439617105
0.0418849758329561	0.0662609390183846
0.077478462840029	0.115920087159018
-0.146951886106038	0.260837350127319
0.122704757691207	0.199729603399522
0.310793989178102	0.671070784704399
-0.0769699677767803	0.131791645802764
-0.345462060130401	0.535557406427705
-0.0138561558451561	0.0182887854222661
-0.224246690097848	0.366284745902139
-0.107721128215615	0.154611409208248
-0.158790127451209	0.239205471007829
-0.336621303269822	0.603409935799673
0.295488382898492	0.389588705677746
0.522684229940927	0.617129754601454
0.257527780737768	0.306789526612615
-0.0963842083304934	0.157399769642738
0.185864911240958	0.34683666669282
-0.154837402063941	0.265018099298135
0.00263708691726881	0.00336186256721112
-0.0316754439285759	0.0449149469371678
-0.323596770574824	0.74829216333077
-0.0613294137114572	0.0851720846794609
-0.243639092849213	0.478152412585104
-0.286600435485531	0.396264664886983
-0.583293366301766	1.22713337277697
-0.622602950995161	1.70783673603203
-0.360514318154528	0.502164784641491
0.248665532540715	0.301315762058164
0.00377898197092329	0.00500885094161443
0.18856798670739	0.310104598228833
0.180940843871207	0.335247848896853
0.320038501023407	0.632807097884917
0.330102157414445	0.686772931393776
0.0776861566334356	0.125066776151364
0.187641623264559	0.369877127658445
-0.22888016266726	0.43191308034872
-0.230948937816595	0.43628816236941
0.044240204038919	0.239462251797013
0.0243180660801991	0.107287952456083
0.00777502007535019	0.0292847791708291
0.109570007930161	0.534703294314328
-0.0171297308581202	0.057573342618193
-0.141176729191898	0.642835460730216
0.149618591057076	0.470563493879544
0.233503197913757	0.76565459913789
0.374167381748354	1.3435292441773
-0.00153623298038943	0.00265325346098597
0.328496081323656	0.907688702490245
-0.0797393818239033	0.165173970566692
0.36284387022583	1.18056968129382
0.249909850075235	0.579998895434981
-0.524753626035095	1.86894859430548
0.0275891754140687	0.0526387133118089
0.0553480447971442	0.104600910481146
0.304391455668777	0.747909077998817
-0.142195748784906	0.263555887255084
0.0578213798007435	0.0918481853974279
0.0725716415822319	0.120913353913187
-0.189773205168365	0.323336017221073
-0.0243981920324767	0.0361476055811162
0.190190352040016	0.373407346904618
0.0681748721345505	0.0969691758325707
0.154048830422333	0.233324012006859
-0.180311020718818	0.350820918175401
-0.0868859212990353	0.132373917704565
-0.146657527168659	0.246002916562744
0.239746159371815	0.387570495384523
-0.249446532514755	0.408445990487891
0.0219237295309059	0.0254791116775965
0.157627549956174	0.229420594577015
-0.180794439472048	0.279529997420962
-0.2400819305937	0.32688517676943
0.00545836403549811	0.00575662757885122
0.219249380064459	0.21408092480496
-0.472793472522912	0.647622301502978
0.30805995244294	0.338934328812716
-0.213596896552287	0.21426122350085
-0.0306801510816894	0.0456695360141746
0.0876942092451609	0.136956382543323
-0.22806913673386	0.422983771693421
0.0461178386280289	0.0616170212899767
-0.019695220820906	0.0265592335986627
-0.192082579761815	0.17951443558443
-0.43211926723517	0.924197351444289
-0.195229252246056	0.388227467472196
-0.345870416522462	0.748753181413224
-0.107287577345325	0.177188949801287
0.0510271743538519	0.0816759761990707
-0.0579883850365834	0.0811874720206979
-0.221011292994811	0.440804807026773
-0.210527985168143	0.294753495042188
-0.469269727182322	1.02848945167511
-0.549349682589726	1.51319094329493
-0.283786394117368	0.401111055675381
-0.285980101996973	0.270255147795929
-0.41115190839859	0.775900073066371
-0.258442018757856	0.385932944549608
0.0463874353839354	0.0560044977323535
0.126706368818729	0.20108772106944
0.336748257732945	0.74209335762035
0.140253009907607	0.233566668294891
0.0951249701289138	0.14392334223856
0.0704441793395145	0.104804046466895
-0.0119641695041889	0.0183021053609725
0.240698094211519	0.484732652712387
-0.284785133045119	0.618500475135497
0.345503163812776	0.719769818138022
0.0944700712578153	0.647367993111131
-0.0774352201891012	0.400212146709001
-0.0631400887122274	0.259388399109335
-0.0525957704939894	0.195934593530616
0.218831423301166	0.697700837396416
0.21265453681473	0.60813180947317
0.341638451208264	1.12635567968686
0.137046022339965	0.300474363912393
0.0177056898595583	0.041023698153979
-0.0726655655367796	0.141483671401401
0.00524881533888859	0.00900226998217077
0.108760942209143	0.301367365116357
0.0118562438087305	0.0245801391904926
-0.0794061312400204	0.144864010101809
-0.315288529390621	0.779429521565688
0.0407462604746579	0.0632346667657554
-0.125936200763645	0.258450055906427
-0.109405520382357	0.197528449232466
-0.171548864193824	0.284494155585078
0.0168798065043759	0.0236096193821607
-0.155170494338674	0.264714719866637
-0.380530645362688	0.872166525582926
0.00180543946384948	0.00248973554650138
0.235371384186644	0.471480877637206
0.0348210232762254	0.0475457607432782
-0.0112858847239396	0.0149355490698155
0.0624667659003424	0.0956615292279715
0.10136783445541	0.13279765084069
0.495779355229434	0.993383819786312
-0.0429723498239021	0.0496721777547119
0.232088790917186	0.35329645514535
-0.15415924221661	0.207840713720025
-0.171698080513139	0.247620324058368
-0.382033462354398	0.70468027140585
0.179221738545364	0.251907594326343
0.0135316388617263	0.0169864470063946
0.00552179098694819	0.00687788871793891
0.141170696217663	0.22670614230422
0.376837798920848	0.850719230191676
0.206008705083033	0.365823514908592
-0.0234904202507426	0.0315732891848626
-0.109821715189375	0.1452949991898
0.0589966260202046	0.0810697246647145
-0.0929369186601255	0.143867162094953
0.0223165065295669	0.0305402539141968
0.0622171776008869	0.0997949997849067
0.0734291675207086	0.136214597755052
-0.157190960491102	0.257695972618609
-0.0277964779191072	0.0381654608685624
-0.200118720064615	0.343315076139499
-0.0758294272359501	0.105753333973518
-0.0616093952621939	0.084362033530202
-0.186145698928364	0.324491205233559
-0.32137502582006	0.767753785971517
0.144636115671101	0.268419582521046
-0.114714317516296	0.170672956367946
-0.0968556820400121	0.13084322552868
0.0753200081842949	0.116506377526919
-0.121862899505155	0.256418117463306
0.032244996392836	0.0478836942912327
-0.00297412705456663	0.00519804132759844
-0.419287438729366	1.24487320322224
-0.248664259098705	0.537811051884478
-0.0985439105901535	0.180417149724143
-0.199273557915071	0.43445107168967
0.149444020999682	0.308631044132418
0.153255519169062	0.302321767832525
0.252242428963934	0.549442110922728
-0.00687342917560863	0.0110818679913005
-0.166743081013825	0.337189184130222
0.0953975379713409	0.163039566340998
0.301697315537293	0.571304943438478
0.0640256663113476	0.0848008409165207
0.203459486554342	0.32091727293873
0.270712546941374	0.550407246456723
0.146521715708201	0.24317844956338
-0.124087112123432	0.20197629026133
0.593433124820432	1.40449915486683
0.0191355904377	0.0910687611353464
0.000902862059410858	0.00346696004205503
-0.0228627068973094	0.0567963804085987
0.0921521193112681	0.242684039102058
-0.00789870282427732	0.0154965571335549
0.319794811925169	1.02835625835194
-0.100312273863944	0.185428571193849
0.423590009754442	1.49377415460455
-0.287646366804447	0.833296240034038
-0.245977081622856	0.573152127425563
0.136221097179852	0.244669669648811
-0.0748224342218274	0.160197302699009
0.217762668660087	0.531347419700584
-0.152214042409797	0.279388080557464
-0.400110626823515	0.904827795069056
-0.244218449633065	0.406862292175845
0.0553730154042779	0.0829099599780847
-0.0881266631897364	0.152483980357487
-0.25355312830814	0.505613062517847
-0.00320218003725141	0.00472508654245461
-0.384458066679655	0.861735091377515
-0.114664209820507	0.187839045907178
-0.255820586583717	0.557583505866771
0.00913349831050288	0.0128039439894284
0.301503670715131	0.626973040028009
0.0668138538632848	0.10023342130713
0.00417454092037887	0.00620336923234435
0.538361422724041	1.39216439883806
0.210542627157572	0.384033404000201
-0.154800298291531	0.281976697942469
0.265798861487449	0.592874705045775
-0.0932925168169905	0.133988292113117
-0.249666184297319	0.448612903143703
-0.0455516409741659	0.0605869456135622
0.215607114521477	0.352674452007516
0.00361962051351524	0.00374731022238291
-0.18657443530917	0.27720694834662
-0.125516757575422	0.173777156409759
0.287224164716663	0.459571954259579
0.0205137370722475	0.0210371818947178
-0.218915340785185	0.241140351139424
0.376104927231632	0.417420213402928
-0.329164031010361	0.296020380888272
0.158886980577451	0.147487715907024
0.174665133049991	0.190537877138305
0.202971882308956	0.244654675176397
-0.459943326925642	0.753400329794594
0.00265309158780016	0.0035575195952862
0.081436396046416	0.115898212612
0.126041256113394	0.200490548111075
0.121017935164873	0.195152303178017
0.018343593434538	0.0226916454070988
-0.0587262714820316	0.080372295201824
-0.192163754160419	0.328964222026668
-0.205128167775534	0.344249438097243
-0.0779715785547519	0.105920980485278
-0.412934253335152	0.766826814041465
-0.350897123182645	0.668789485490108
0.282230890042883	0.51572436995564
0.0473180621280813	0.0610056356003024
-0.179392048330511	0.300479714606269
-0.0187654366971108	0.0273822672465105
-0.149902190684352	0.251527492772413
-0.411828016488676	0.464320075851036
-0.0646551388747249	0.0852302560493219
0.194196785669517	0.331229363905336
-0.411877266777946	0.935692027971487
0.105156190284045	0.179660625255869
-0.242159955684321	0.469524976372809
-0.124409437719471	0.190844350541493
0.115064253408276	0.186035487259778
-0.0272915169596356	0.0390667898437665
0.40312074238249	0.826805800741221
-0.213963892093959	0.384901197452692
0.236485913009346	0.319774382898945
-0.348859328177462	0.675768470630264
0.0693821917524282	0.0992229911592098
-0.245029825153072	0.325694926344238
0.698775951621572	1.00059751505837
0.139082579918013	0.173573451595509
-0.091234360881603	0.110566398914315
-0.0539794048344625	0.0562577124702067
0.443381450438333	0.741737199815957
-0.20624040674387	0.34475108382943
0.223389075641506	0.444232878492864
0.364707051380546	0.809804917379109
-0.139971629228529	0.217211744884999
-0.113624384035418	0.169914731504506
0.0431282140103464	0.0629050111632708
0.038631383067673	0.0544179184642596
0.21238923637577	0.392366777424941
-0.306358996894126	0.569603813646015
0.0713458068507653	0.42585441324547
0.00550919801142421	0.0215861212479963
0.169624829119827	0.430654170543109
0.00996748015196017	0.0238774011615755
0.381782232499661	1.81881089539447
0.22114892898072	0.69055059244281
0.460206650298722	1.79353637659597
0.091714971360555	0.177466991878634
0.0853933599004585	0.181061906094957
0.0728945823446117	0.152219966630784
0.273113771106689	0.656416514889411
0.0102902374239636	0.0162644943687908
-0.00684279417710315	0.012546443068374
0.0582342642059482	0.108219240578184
0.575212593946481	1.83070791699199
0.00482221144632357	0.00702966471485075
0.147503379647292	0.238947208428893
0.112197453647597	0.178974368670199
-0.0334344386938152	0.0544595640942945
0.112397759808202	0.184643144676582
-0.0466523314376434	0.0742774079771241
-0.0913198318455059	0.156489881870404
0.17590607554897	0.345409710590099
0.263159564534715	0.610079763739884
0.14658964635556	0.272463031678218
0.116116281364725	0.197804723615674
0.0419161874120848	0.0639700683975507
0.109346746470386	0.18521209985613
0.197575050281936	0.394953736874015
0.28702760690253	0.56225660564842
-0.129821126912606	0.215327518545624
-0.0678127018419191	0.106978002814643
0.351503985799288	0.740573819569101
0.111178135957918	0.169776225185804
0.121501436261538	0.16465419661391
0.376079589564168	0.735073290164758
-0.0391780898086492	0.0494052360067479
-0.150054852795715	0.221923780445503
0.1347385043106	0.183646639642521
0.555565340912037	1.11026843792364
0.160413753955451	0.199818102166923
-0.20177796134377	0.227048840094694
0.192854989776802	0.18415191519443
0.133389059834655	0.102320615157241
-0.0332445324325661	0.0279995025835129
0.247254157293099	0.284141441696659
-0.342172368466896	0.45682434420897
0.0715289485766904	0.101233686304244
0.110115440914486	0.171446904266228
-0.0331177124518537	0.0422805549643836
-0.0524146450115085	0.0799717082335501
-0.573595050825811	1.42378391486397
0.152563266539117	0.256858790120093
-0.0604862977282119	0.079362838001804
0.161417010521725	0.244773719647471
0.142927822435888	0.245865442133575
-0.229144866029331	0.453232283168654
0.12185772665659	0.204397501142129
0.203086642645934	0.333517535382354
-0.0896306398944329	0.128793233162573
0.202138407686929	0.341015223842897
0.33133049941698	0.679948555736576
0.0153072318384952	0.0210995988443059
-0.0531783417962909	0.0777276581735933
-0.197670578332226	0.368976599695248
0.0201486078169116	0.0258180785153202
-0.368401198741825	0.517698241413752
0.099378004184946	0.145037283453036
0.084505509508803	0.129281064772423
-0.045695859652833	0.0671412787823495
-0.0570876361422398	0.0833336384915078
-0.143368304742387	0.197249471178313
-0.0951359860563731	0.145162464336071
0.0411277316629209	0.062696965386344
-0.209598310817863	0.353133893391034
-0.220507886405761	0.417764134000482
-0.0557332155735025	0.0593392776247135
-0.256025713623337	0.392208690971462
-0.390329194853276	0.836959027530644
-0.0508171913939927	0.0454669383055112
-0.575538797355237	0.735874422543407
-0.253946724294521	0.334514613928113
0.0219031093166184	0.0214748164550777
0.293706216373387	0.353536318064466
0.523019037251667	0.914135596172529
0.18998421094456	0.318081317170202
0.39507178100951	0.888538695825673
0.170000797013219	0.308220859572201
-0.0522365594836365	0.0705463415272411
0.224285494901002	0.424230687522368
0.121973799325089	0.210654761852468
0.101605955388511	0.167713136740941
0.271942374745147	0.530799867375345
0.0856262823200973	0.116676714896063
0.0527665120752833	0.300752236324362
0.0272064933474399	0.118880849014559
-0.12862688242386	0.411426497081881
0.147676783984634	0.394144777047146
-0.10338910447317	0.363930520194132
0.204411038725863	0.858002217981988
0.597053143181154	4.10947287735845
0.537366705534463	2.85456879338427
0.549197380817828	2.63626861574252
0.377741589635365	1.10988058243504
0.39135043315047	1.58050985416516
0.114687653754783	0.308151214881967
0.391886667965345	1.1954035145612
-0.211335323480955	0.504788905458686
0.097564888142509	0.218964751060726
0.194046125333702	0.535606461310052
0.0541144777135574	0.0980358717779985
0.128049852825306	0.235832862214533
0.0674260770431869	0.0944784768519665
0.15689648932596	0.292026896223059
0.42970397987066	1.28454682224606
0.306511175650183	0.797549055798333
-0.083610568269133	0.149018220170971
0.27274657281017	0.675862719254503
0.236753964434634	0.5626207446121
0.199436859965731	0.427034116691592
0.0513630534944297	0.0905653812192456
-0.120513495665669	0.221057206127993
0.159437715237452	0.302821345309266
0.201581159628956	0.441719699950921
-0.109758652670003	0.19331636802127
-0.109982860864793	0.184806201996485
0.331076214120696	0.821220757694714
0.16614296749855	0.35059987315151
-0.166128439217546	0.292340625024285
0.112147962247214	0.16525666507951
0.0557935124401298	0.0737420278110517
-0.288568862784567	0.565580205899703
-0.0365486440591682	0.0494930116725752
0.255293054315015	0.412993537628623
0.018685245161249	0.0254935450190368
0.136730239219003	0.197731504403114
0.481244497944866	0.760591540530358
0.362474734836394	0.43132366323749
0.328571829307795	0.443960401235271
-0.0318652643445913	0.0270403638237357
0.148558606262786	0.129989455780412
0.441638914745434	0.659958109866205
0.345645490069238	0.457378955760059
-0.0917905706392162	0.146795213596526
0.149253108007001	0.231727120208142
0.260414039924732	0.471602218203065
-0.321843915822239	0.695412082698173
-0.221730953972767	0.366934319440111
-0.228756327895169	0.378550036019337
-0.164575850044072	0.323145431937399
-0.0439732238939327	0.0671347653030858
0.531656378821822	1.25021633267834
0.256474874497567	0.478435167071938
0.239307907497779	0.413304471996984
0.255372864843499	0.516829050393683
0.256267240821066	0.465550294931366
-0.0341578212324251	0.0485927497923437
0.0138367622131359	0.0203191746113913
-0.0215461114010539	0.0336533443791306
0.138400798878522	0.247978289071885
-0.166674026922951	0.321069515666123
-0.112498042262679	0.192534567181023
-0.0954635845135948	0.158415450093868
0.0971333716642265	0.0879709101536095
-0.0984597610006503	0.138985464475525
-0.133746014573437	0.214788592522734
-0.0882344650222335	0.151822292383037
0.0160336274221804	0.0233564597340833
0.119940204130954	0.216586350914953
0.0573944752959675	0.0894462679323255
-0.254919843131006	0.485728109380938
-0.104017278506064	0.182930299424841
-0.130414681707102	0.15270685097997
-0.44255483705488	0.929712047079886
-0.392294156022546	0.869223042095142
0.477219081164484	0.694701711980207
0.35740774024701	0.404379826265321
-0.377829265085361	0.536662764104488
0.729798759109653	1.71295873963946
0.400932201875303	0.562815818073561
0.179419731977125	0.218334340386215
-0.198800166440127	0.331239743131348
-0.0630336070015057	0.0933751213113469
-0.147373142901309	0.242006423234471
-0.155681460323365	0.268639305314217
0.189978783418678	0.344837410339759
0.0486106975733135	0.0753757940472273
0.432554408545436	1.10948304541113
0.253303387763769	0.55201510647529
-0.216829691646822	0.41923191254459
0.0913025846155893	0.605912130068641
0.0163919505717687	0.0681733834976405
-0.111117084982581	0.553755990025788
0.0129007525447993	0.0335393906053982
0.166223660670141	0.4915845959009
-0.0034111021237986	0.00935250932976822
0.370610416033087	2.32394909151148
0.446011349925588	2.7806159386956
0.658365058194363	4.39888581786535
0.758731227903044	4.79116455292978
0.639495476602374	2.81939867096238
0.444066408993841	1.96395549751232
0.376182782900224	1.55854523848743
0.309989383745604	0.837511390571419
-0.171090880942688	0.398506072521373
0.358320074682238	1.39989696170463
0.0767053492427092	0.169040696841384
0.0784047537125738	0.148003147106333
0.486263225726605	1.44539249737443
0.540029620572938	1.40400735008498
0.393151647955479	0.928259577515167
0.19396462122946	0.408388798593221
0.0421008320215884	0.071582471106086
0.202253885849758	0.431066063359126
-0.034304146019849	0.0572567926947047
0.429432975271336	1.3482720599777
0.389729284681525	1.19422779218188
0.268127693324061	0.661844391671775
0.0751270061809129	0.125646755404565
-0.0520821960363725	0.0769859762822674
0.270136756786099	0.671796225826267
0.116577938374542	0.216849527775722
0.277202204251868	0.575647640268906
0.260927227893367	0.592088729311895
0.618539936840219	1.90759388472306
-0.331828015050058	0.707891770132048
0.47462646010566	1.07213326390021
0.0935909685179768	0.126394240690282
-0.220639436418532	0.389519425476186
0.342537042388016	0.731118427997757
0.375960634629365	0.75887653602488
0.0622021361348428	0.0872600832442965
0.010212822047947	0.0124417377087433
-0.329010260458556	0.445903353291134
-0.188837118377945	0.224189069999351
0.213714147263967	0.223231310331857
-0.417504756340689	0.459287155499229
0.287218142492198	0.249188132057336
-0.373037812972527	0.466175516678329
0.159606787604446	0.2835289533614
0.111254203952458	0.171176786028607
0.448282088887267	1.11012688412681
0.172537453394156	0.296822421928451
0.243854346413162	0.448856559299158
-0.187466873727361	0.349273965956907
0.175437121889017	0.325177861259966
-0.0153114532120166	0.0192833130469984
0.0474609738668194	0.0641737426985815
-0.215935938519206	0.446079484913364
0.185904038185097	0.330843045377847
0.444640218409644	1.04615167140836
0.440473782316994	1.0147542021118
0.0914355441630157	0.139079625051112
0.0150938689285986	0.0209492214974347
0.0148953258447713	0.0201164682532258
0.165865482951388	0.308785927318787
0.287058103495143	0.561445585101735
-0.0227428779885396	0.0348322398143126
0.0145637532186536	0.0216445051416831
0.21862599676625	0.426076688143233
-0.364215232890126	0.862161350471627
-0.0411073825577782	0.0582913272065565
0.111323490814882	0.159334952553567
-0.0790210845606965	0.129184230726529
-0.132552599616948	0.231820946529397
0.0578057434012895	0.0795794208354594
-0.225100240456117	0.43889380773214
-0.265745845416956	0.410951700470443
0.210936593437366	0.323625180696471
-0.158560754142142	0.256394209748808
0.472001656563256	0.666856039113499
0.791313167674093	1.09794588070657
0.233561620674385	0.293104058211682
0.189864908277721	0.260982666801695
1.1414493857752	3.09520477086217
0.873733601756155	1.99080935757327
0.200189394632828	0.328964989279922
0.208720328184264	0.398850788344628
0.0897261899699129	0.149884763933838
0.0218101341632041	0.0300936297985683
0.606109776929418	1.8619840202603
-0.0354833838256179	0.0552507874296774
0.22304766943806	0.470229568205141
0.384664795274536	0.95048287981203
0.278450523946896	0.59271885676822
0.0271210135179517	0.135441796691986
-0.0657250792710664	0.333627516962664
0.239371920435989	1.23959514310754
0.378348453146633	1.93686958879325
0.0556397188342844	0.198726395227764
0.500661590342489	4.04881537775995
0.631751599675883	5.34577261223727
0.793172597045543	6.31629490848937
0.698521220337374	4.48761435943064
0.775339506685083	3.75405958082869
0.364130271484442	1.59360554158229
0.45230278434383	2.25441436463971
0.137024706630403	0.307065075472466
-0.387798650452041	1.31691697847826
0.180004033031263	0.537785593958296
0.0381947391869966	0.0809160577381506
0.336645821560637	1.01233664305521
0.0494180400964035	0.0838263299396041
0.134608863714076	0.23631923909362
-0.316228557501291	0.657350466514751
0.223162676388124	0.53866181229086
0.0279097764084659	0.0451787274876384
0.166606942761191	0.36182666412242
0.154651504961983	0.338773276107247
0.349148050118939	0.986895732342924
0.22899833817699	0.547882203905436
0.0820235530315438	0.154055083337656
0.0521198882064409	0.0874869661701627
0.0903251668269524	0.160632314139323
0.496973409757434	1.61369506084503
0.10444259348639	0.191543976988544
-0.066366758901662	0.108668195960524
-0.0110908018537562	0.0173184103153067
0.22565705491144	0.501669241327201
-0.100150021032115	0.161658644162089
0.484187688306019	1.19742910203543
0.193057107501155	0.323391664294837
0.0485287646579487	0.0672541557123393
0.0645067821426346	0.0815877729239074
-0.487009260755165	1.03318433126897
-0.0802641485755913	0.117979699008333
-0.0235319944181236	0.0286951881093741
0.424667848425642	0.796037803830445
0.0381692166514543	0.0377825815915702
-0.19341628009306	0.18755172059228
-0.0312500719058028	0.0257058321539646
0.195832073674802	0.222951242511407
-0.0832228965999887	0.0974075588133178
-0.12334883450456	0.178148615988266
-0.0266195420816364	0.0384871459415091
0.206148413496982	0.363970892103151
-0.0805363402261128	0.124338418043889
0.202708160513805	0.356461192128625
0.18569688815061	0.361264329052732
0.0556413504131636	0.0886484078454537
-0.0453175416766458	0.0659162283724228
0.176505270612957	0.298336928090582
0.0117847440069181	0.016308787787426
0.550299338402858	1.64392260884111
0.215190672641515	0.445050512264015
-0.196311480351496	0.354450604946335
-0.0416191121518898	0.0574970094886918
-0.346426287364801	0.728885480932938
-0.0469601598922239	0.0730837847585676
0.730313976843248	2.40348363684429
0.59268670389636	1.73855837326339
0.284328773292285	0.582847056549779
-0.0370856370849255	0.0552367201917622
-0.137543154798496	0.237846029045238
0.483048340664121	1.46158238159404
0.160548474890831	0.312506045638947
-0.47219244466618	1.1147262901501
0.27471202245094	0.247685395293647
-0.169791255454433	0.242195902067274
-0.0402202184521973	0.0594049244283646
-0.0571892802061508	0.0893527827912785
0.196357997163537	0.343665264926164
-0.192021945697529	0.382113100944328
-0.326276540967159	0.55678309360066
-0.149971435760401	0.216642322794083
-0.0830338203235102	0.125316372372428
0.20725041621536	0.26086308899842
0.503784087098395	0.655803444369017
0.290266158372796	0.423901897277023
-0.581265137981955	1.2021966760578
0.164173194669674	0.194564503067387
0.198900232971121	0.283301395231884
-0.124549686925603	0.191600552419135
0.330450219657517	0.76358847428651
0.183124607011346	0.353765932399795
-0.0990562508318658	0.151327336479825
0.285593905700835	0.585789275585966
0.524138992697882	1.5379687900103
0.418808642210618	1.22537425590437
0.0452076783526037	0.0714300535055343
0.193483467406847	0.387180907652682
0.157784051187195	1.30655414894096
0.503159168693475	6.0771692895674
0.568857857864814	4.32759393516168
0.0807786522795883	0.332603023944764
0.302172090194549	2.04554736812917
0.541016236481954	4.61576070150664
0.418819671453406	2.36828080966688
0.248138300758478	0.961962789016178
0.374516693478778	1.5067994664544
0.359158684709681	1.68770424566283
0.0582920405066709	0.154179523508691
0.107580770859643	0.26700869702614
-0.187084735658123	0.516753586363268
-0.0195272922422653	0.0421233258057024
-0.0502846884514532	0.110841183141294
0.0975821550474586	0.192136287012988
0.0973916629233837	0.191473868463633
0.148532697891115	0.27944010335621
-0.0563928709694637	0.0929034466989158
-0.0606986846631691	0.110095431845517
0.442798681736703	1.37869509044427
0.00839938518319137	0.0140741347272186
0.149882388800864	0.301050633304395
0.0390552377496847	0.0729455755389889
-0.00763647070144474	0.0124734746512932
0.0925673959252777	0.173542151488851
-0.00817236670151253	0.0122052223949704
-0.282721694124439	0.694933227934365
-0.0409790467360437	0.0724589012479995
0.0600093648661138	0.100546491979366
-0.181763042503256	0.353015564891774
-0.212169122837071	0.449059618252011
0.228221244788697	0.507195660620884
-0.12978616854901	0.218747166227303
-0.287134922166998	0.578139700630965
-0.0201434629301851	0.0242338351324283
-0.0969565159195855	0.135504283428314
-0.0454741173513128	0.0577575191686571
0.299500658632548	0.599433625261363
-0.514315872703546	1.2539572822916
-0.16751645465904	0.253926958185413
-0.311643296187382	0.459255298908893
-0.389367729008559	0.579365662755638
-0.130235497029287	0.138177732626683
-0.0461509588540907	0.0498111768947688
-0.0353569137292707	0.0383159890015242
0.1647790620444	0.266930632427305
0.127526438595559	0.193578495327538
0.146228783085999	0.24978164989899
0.328918190515326	0.700414367427735
-0.437490890119013	0.906283246466597
0.0186649068527607	0.0262514010760546
-0.347546075368828	0.819388702974396
0.0211125748590885	0.0307332958047069
0.297044317392036	0.63934958265581
0.0820694015559955	0.127126554803952
-0.483461496795753	1.14730685690232
-0.173188535101747	0.317543594534164
0.0356141321971135	0.0489861695012437
-0.168406643784276	0.26329447027252
-0.0294250509105093	0.0384604976500421
0.0693777518670319	0.0970129325334713
0.300539354492415	0.572735770768187
-0.39962016678902	0.915669115988787
0.165730528572267	0.271115262924801
0.24786485775573	0.491265946648309
0.0363031366831506	0.0573076363791327
-0.0480970162372615	0.0696746673516185
0.0345732672836429	0.0500602665021131
0.449433952847387	1.0138288485969
-0.141073181265574	0.232921996168851
-0.539209703659833	1.02496560551239
0.0378873602964583	0.0324082359882598
-0.0375260955099131	0.0528008613089788
-0.0287054791200118	0.0411996579880057
-0.142847541668594	0.252158647560721
-0.373347884314001	0.895339471952312
-0.364950504696607	0.81969233302601
-0.149845127291877	0.273005581874661
0.22373639409766	0.335546598208562
-0.365962398881772	0.730901594690558
0.0479993737730083	0.0678491190720732
-0.26194178736824	0.392824705272279
0.280744580241416	0.289273393974095
0.392604114868225	0.680923051624246
0.111479296212535	0.145263050011545
0.551963503987149	0.913925751621834
0.361164639076874	0.634481038805001
-0.404017811951075	0.910822595955297
-0.299071580058514	0.663276636793665
-0.241612835166856	0.483212103764007
-0.127273953899737	0.199544704873317
-0.455918098941651	1.0496611411757
0.177229475831013	0.350010394318769
-0.0191982967154363	0.0286050636656388
0.165928804963586	0.323257207467807
0.269283418452636	0.537448035462339
0.0263673371896703	0.131299016584199
-0.0644189308683242	0.326867555131304
-0.739087935736011	11.2128678162531
0.140789668490166	0.59280993119775
0.104749734754905	0.330298484281858
-0.0590225263494657	0.144562607231293
0.0557721213331017	0.12879926071788
-0.20265851536521	1.03016538902722
-0.263456163018969	0.874909215313891
-0.472238080497073	2.10190015950134
-0.370869810709987	2.48007882612427
-0.612397110645639	4.40268785822127
0.182682806802947	0.435877280704299
0.086792968147769	0.160196803074051
-0.479022134099084	1.30770408010652
-0.183090529238843	0.558491850759491
0.305486539857994	0.899168934391799
0.0111498862034316	0.017190803986291
-0.210943736259346	0.377198101378708
0.161256899353989	0.251881646510542
0.15944337262384	0.277906269656712
-0.311077683643425	0.634665522275377
-0.236767203456386	0.467446540683334
-0.0642554757203449	0.096745754163803
-0.147108701814084	0.25079942317646
0.051590444483028	0.0700457749487864
0.198499923856014	0.355286758893499
-0.123150365523917	0.202126039883576
0.126714762162408	0.204047173002571
-0.0350169207245201	0.0419075767857283
-0.0415394398918384	0.0549083605533025
0.129644269282923	0.188639358186328
-0.0441773517703029	0.0510603462162422
0.541198726132125	0.999158987774642
-0.10063863970834	0.109602718712099
-0.016904893350421	0.0157954871502436
-0.55313822420497	0.919993439688183
-0.790891046531226	1.36531905637092
-0.154691894856795	0.17071585853813
-0.0474221541188401	0.0513077280554637
0.193374051920274	0.252009222322578
-0.182676024133542	0.262289643692861
-0.0830174744624313	0.0998565297226298
0.400561386336135	0.678312697425023
-0.0638799574204568	0.0721775879197855
0.250381004293953	0.369372955932301
-0.0504759107243509	0.0557640638537662
-0.297238543873582	0.433399776298263
0.224717425157727	0.397438651233547
0.496471524799284	1.46704831786579
-0.236945470900237	0.354013130850148
0.206268606263007	0.347370886138027
0.34955204725608	0.533351873441282
-0.132503062346095	0.214481230556125
-0.151046001382378	0.216447433721405
0.231766076138915	0.337598194388342
0.482421022714129	0.876337367946445
0.361732812859879	0.531041508342843
0.433741323378872	0.696148483194023
0.110000052293068	0.138751390908035
0.4094121916167	0.58078937230515
-0.13948190911188	0.18086157063953
-0.356095958582117	0.486523708129507
-0.704443794586233	1.37265145741937
0.221499313819341	0.559392992275514
-0.283281149061971	0.772009002191185
0.115972796737843	0.220455708418035
-0.0938990251248779	0.141547997271776
0.59566051822321	0.885740646079731
0.556794708316076	0.994968823353134
0.225524303631961	0.28914694429502
-0.0901163198606619	0.1085263854799
-0.28359948691947	0.479127760897999
-0.490170870225541	0.924782989286324
0.00793590339845184	0.0132484611302479
0.0862498716376355	0.110940156759214
-0.224631323150883	0.604374244632844
0.203926512603825	0.445269051855795
0.124503360820628	0.211029318081089
0.0373030454042024	0.0703243593320257
0.375306976647754	1.38581383049126
-0.203367537488593	0.508277839401159
0.0627233516438709	0.0994160711692918
0.0559219296203764	0.0906636926769473
0.101019371887905	0.207657240227337
0.108926547353478	0.16057989440807
0.131400860758974	0.229222630996747
0.185543360191906	0.265666015125403
-0.162201942368296	0.208824635104644
0.344863568961762	0.511202776516179
0.46655702196239	0.817877273658335
0.511117577501543	1.09941199867896
0.777594062617467	1.79431734018003
0.103140551224967	0.120580858640005
0.0211174357812247	0.0985796994977945
-0.0825316945045806	0.450867686372795
0.406936433474352	2.87212602786275
0.431098375407744	2.45118300133664
0.143262046200556	0.396888202588655
0.331484980144989	1.19595714568536
0.110586985658885	0.424780768033494
-0.193155760074277	0.526882223211706
-0.0599680670081794	0.119139197562901
0.0725690157397696	0.234158366059035
-0.326709408851447	1.51479879264303
0.308631500741536	0.855434863482653
0.0812243680740706	0.138636366650372
0.46980002128529	1.22967394664816
0.124945911306212	0.347760733671147
0.383806742047977	1.21762457849137
0.0118630325248055	0.0174772304833284
0.203464910641958	0.368259780935871
0.0880287697454276	0.124360967861383
0.194432960160311	0.341052249429453
0.230591007595296	0.422252935592761
0.128149050024474	0.21673194165284
0.40957303346181	0.959364422501072
0.247237102105262	0.455049218836327
-0.1197802960526	0.173562778699233
0.506364185768553	1.10758656661052
-0.0833323986399957	0.117095903183596
0.0533410941794776	0.0771176580631811
-0.0440335658799125	0.0526416318158345
-0.135285663580643	0.205956535419828
-0.467643988791782	0.90491838917517
-0.195825305459385	0.265958243731229
0.507712411611421	0.738459559209103
0.254157377050796	0.288703869368707
0.202726631633762	0.234672440936058
-0.0497305108438922	0.0456716365977498
-0.121944220094462	0.143356241533009
-0.28955847210939	0.521282458150796
-0.34262035415709	0.532040976877802
0.790921857198388	1.6489310947126
0.44179769956828	0.861825496660474
0.547935056862889	1.1208584447703
-0.360608178136159	0.45263658632685
0.202910882058419	0.266863678283406
-0.142645229522536	0.190718485202676
0.0494175033114993	0.0568528921879298
0.541135574351888	0.946399487207669
-0.0658322630376086	0.0893660732890932
0.0963458802619404	0.165888471920541
-0.0810806677395447	0.0904243237385096
0.0106501834551179	0.0114013695364884
0.31229857196851	0.463375576488784
0.00477994736389584	0.00634069065970766
0.453855660065925	0.919420898162431
0.285296023614903	0.393883207820402
-0.252042372056923	0.289032736346344
0.136654282277821	0.153963542197609
0.013819136571698	0.012382775159989
0.851035034131263	1.39172913407182
0.523070155795527	0.861272923455044
0.0195878694135963	0.0183309038874289
0.255138995661951	0.31053382194886
0.377162556202185	0.539858429777629
-0.0449025777459015	0.0770018405841462
0.0328163523707978	0.048841393098946
-0.265973307514132	0.620577458035174
0.242178098960603	0.693195800630639
0.0684138222052006	0.132219624530837
-0.00822325249451274	0.0105155640870489
-0.0561155472177213	0.0555711035584358
0.206516443599594	0.248081682480793
0.0757716514666733	0.0755986880494464
-0.137241079319033	0.149418604357648
-0.404600785443615	0.674755571235688
0.432942069013864	1.14907284194346
-0.578370359315267	1.13172599943623
-0.0953876399669034	0.208842122257354
0.0290942716893477	0.0438302089274496
-0.315202306277087	0.667294768866633
-0.00369359105090522	0.00664179024783037
-0.123455066635134	0.292968414503311
0.35809104734463	1.07480054698901
0.440866060649658	1.26318919609688
-0.159409733998489	0.320136917672783
0.0665575800622971	0.133496223147793
-0.344718175143063	0.599470298656315
0.173848332539387	0.276809396420817
0.0203971931248742	0.0211198595997043
0.0685202324814076	0.064286794685719
-0.519941244616494	0.793553263819296
0.112234883880284	0.135213461334025
0.0609517869488833	0.0712937506583703
-0.435021823307113	0.729037428924666
-0.0826620761532943	0.0985279089888848
0.0639393511010706	0.372459475069601
0.25016057505082	2.15412143350013
0.177741852894173	1.03511776077407
0.0851228936162362	0.31579554097249
-0.178331192905144	0.779985009679955
-0.122724697184594	0.423748727084537
-0.160937378022871	0.637018995143893
-0.299077097542156	1.53386220853383
-0.297473196162026	1.38514477339566
-0.500910314287255	3.08218114075206
-0.258010541513504	1.03454682127784
0.0503855589581673	0.115322759736729
-0.304954831330628	0.950873484799548
-0.144212178268431	0.358642703096945
-0.205972131264177	0.468640353032932
-0.151706058945293	0.326212010079685
0.105877723245851	0.229340782748188
0.0623313981715959	0.111755432502402
0.247039332101165	0.652899960229579
0.200920631713099	0.448669760553713
0.164331846217219	0.371084768668037
0.176126495595804	0.39378213744951
-0.0881597635883154	0.181771691340088
-0.440406254979002	1.23568873289081
-0.180146105695525	0.377514974529814
-0.11946608496502	0.222567734495839
0.033682732271172	0.0539252814961632
0.000671851269323172	0.0011059022244438
-0.227578313184015	0.440368482015481
-0.168695430980503	0.311175500080508
-0.363420034428132	0.831242760562453
-0.115582382851333	0.162557036915283
0.0638380495777694	0.0862925343365609
0.37097059644583	0.745263174392075
-0.362106058372173	0.648337645441756
-0.330371667206596	0.634264071361541
-0.135815022380023	0.164214858907524
-0.0217496778571142	0.0232291271682402
-0.256720427518596	0.308792524174661
-0.0193490895954238	0.0246408590592355
0.017196552938729	0.0222761100568136
0.363679592419544	0.783393936051014
0.0233406858161876	0.0316559982927308
0.0972999991702726	0.155123159383091
-0.371311016035117	0.793039341744184
-0.218985426546899	0.434332188044317
-0.241111660328677	0.448310195113646
-0.241269839259558	0.484276325206428
-0.244102692745646	0.493195999767666
-0.0558873393795106	0.0822278161384438
-0.203269797217757	0.368144945068705
0.183500808020353	0.315066584039823
-0.0762020164695703	0.107506532789122
-0.120128392161014	0.187211025775148
0.290230961910204	0.559106257388805
0.0668250172146461	0.0932911442263895
0.310691265417527	0.577407148634439
0.127043376396699	0.198841662011832
0.137208535856146	0.214992450970132
-0.0771430644397578	0.104036767517746
-0.0102138422641642	0.0142496874023327
0.110933393411913	0.187957740894278
-0.340709620426477	0.66894318655557
-0.193759676499021	0.293688794337397
0.448768083070134	0.837611032371458
0.338773702647921	0.533852529153052
0.00933153298390176	0.00819121604135841
-0.922132378960253	1.82190690171277
-0.156857600862586	0.266252260031773
0.536007972863657	1.31571753439989
-0.0734363918819633	0.116513993706117
0.0243986348951223	0.0324749113733345
-0.16472854659216	0.288914883377869
-0.114917593157449	0.197088152157292
0.33856307936362	0.773012280081848
0.0122523369205501	0.0175651175638446
-0.282260794269174	0.597771777211986
-0.0861687885753383	0.119950559230598
-0.129237604736683	0.223772061075084
0.0976669656310742	0.152257860970686
-0.211696273770319	0.345302193888567
0.201107375675848	0.256672790160171
0.168446687707386	0.268128744423658
0.299958830204067	0.596649472035068
0.336420840053207	0.556750920558158
-0.176188963008804	0.278876266263619
0.172219097508333	0.324864853412924
0.161468224598796	0.3087938887274
-0.0784844558226967	0.122884655695953
0.125689080815642	0.189563112199331
-0.260325796015614	0.496216087848559
0.261649481588748	0.590284356874305
-0.149431120570279	0.266404479953694
0.0289475690684698	0.0424820529889179
0.106427845962414	0.165823286194052
0.0309038854503428	0.158764967176879
-0.068489654952448	0.35628288957894
-0.0464001915069907	0.178946886398599
-0.395972118749992	3.19938476393983
-0.284998081132321	1.43748252946046
-0.406365791339498	3.07584816866601
-0.501089265589639	3.55651287222638
-0.127975113346313	0.421448353630921
-0.131612598680852	0.377991254923222
0.0767312952889003	0.164895594978879
-0.372321821527966	1.11298062253037
-0.403495508453749	1.42048786045697
-0.184631756129483	0.517875237324105
0.186860766503925	0.492899813893693
-0.0133336234940412	0.0255000298172935
-0.0355582695112899	0.0689522960850385
0.17354674546449	0.44756060639322
0.263108775548639	0.753317056160363
0.268359295863732	0.795401764132096
-0.317216686495298	0.90812417891216
-0.222962276128081	0.527817850022155
-0.180558052362633	0.442494874472158
-0.384691775116011	1.14474871810436
-0.119043767048033	0.221089498032423
-0.502873222682815	1.62698364101746
-0.0181992611659702	0.029287971042367
0.308150121838855	0.72771935417838
-0.112598396046816	0.197618244698095
-0.0791809758148953	0.105016543709384
0.195585199848593	0.340132869788673
-0.329765985443763	0.647497512043583
-0.304466081428745	0.583109153145758
-0.113532083850467	0.159687862955078
-0.0932245086890638	0.111025777435197
0.106027662240425	0.0963573080524621
-0.408621593093887	0.990206334636778
-0.14718798603266	0.257313261265376
-0.257526074007203	0.50470923558487
0.0262124028695677	0.0368458520612522
-0.181888020576434	0.322277348598143
0.0712010330285705	0.11140476750129
-0.0706347652855397	0.114543649639338
-0.0990686023980321	0.173493593638714
-0.552407751503932	1.59113719001555
0.363415576532564	0.832129930889253
0.211529894794207	0.372919312094079
0.21425965590217	0.407926460990645
-0.365538031264715	0.871847991570931
-0.149684674962531	0.241578179005469
0.0238784901869172	0.0318196028184612
0.0945606264921602	0.138642649716619
-0.0908983143497994	0.144295266197273
0.110061905548137	0.196586353890721
-0.0600645285946428	0.0946456220076677
-0.0069969679558676	0.0107092750544285
-0.562067968226279	1.70156582990698
-0.0729024440088946	0.115069181892652
-0.0365170966415515	0.0615432092717296
-0.0779798727694688	0.132448420194558
-0.510458411044083	1.32277266950358
-0.401498943188921	0.579039182118018
0.634686507129795	1.2471591725295
0.365249670495737	0.518921124255063
0.853049454998714	1.24212453850693
0.466561292893535	0.528287117664113
-0.488111654179874	1.16665165668915
-0.0947147395368899	0.164200965150239
-0.0788059680998651	0.142410950513712
0.0200929551304182	0.0311066680192047
-0.0711888970087007	0.116312881503441
-0.233792997042686	0.379907958704716
-0.38118576524537	0.829875898913886
0.127732589595112	0.236530097386325
0.13545634763127	0.236392397168488
-0.43989195607878	1.08029737463697
-0.23681771895688	0.300854564680632
-0.27986472467272	0.543745783936384
-0.275022362863354	0.519885821271154
0.131639888709272	0.154078620496862
-0.226447782416434	0.176823338913416
-0.0719460549194939	0.0821592454597565
0.226606984163684	0.310377887605184
-0.0021287901086662	0.00219120086944316
0.452527840782527	0.664975584534382
0.0188884374516144	0.02431842097041
0.221740304973372	0.403035578646335
-0.176587205102316	0.356385152624368
0.32861059133234	0.697215384670314
0.00165866506923197	0.00234086371757095
-0.0562133508711616	0.0949449792271804
-0.172644070018722	0.324664321855449
-0.411047744102848	1.038257184928
0.107156224045855	0.187927463412761
0.015492602975403	0.0735522940702537
-0.0476919683812376	0.225179139870702
-0.202490244602488	1.27407653193179
-0.267540986166961	1.55922383263365
-0.386131439105227	3.14467581204267
-0.208231217470077	1.20873343666353
-0.328886136984914	1.83982956959932
-0.341371524025792	2.05539716919819
-0.128802840834632	0.446366281471789
-0.0530911092437307	0.133510412723273
-0.319925791553457	1.10346692507654
0.117413297633354	0.254895590414247
-0.154705460935873	0.372807631705395
-0.0959220896445249	0.212401552800355
0.16438272756322	0.410935672119417
0.0910857840696092	0.214658525434312
0.282645881053996	0.89228596173898
0.122988357420861	0.288943103646089
-0.0323773800713689	0.0614012698251011
-0.173231671482066	0.415443958245925
0.174020364714271	0.391446147202902
0.126160629589155	0.264863593819832
-0.0304134585371645	0.0567979221586822
-0.159198183858339	0.34158242976449
0.00714840301963932	0.0113908397288645
-0.165668020619933	0.34729906429837
-0.05784513202294	0.103236381003518
0.102281603125848	0.183620081082816
-0.130700344181326	0.233776019685931
0.0786986204175612	0.120683725205086
0.011552661485025	0.0151538250382671
-0.0213642500030008	0.0298046786761376
0.0240824745006292	0.03555489205804
-0.16077997646734	0.281243084186656
0.416051367592674	0.916533989479993
-0.107827101947133	0.142582017685427
0.0111239352210269	0.00886290045741054
-0.673766170044662	1.31043439603041
-0.131153037868324	0.158856632151411
-0.307534390667528	0.417073513176073
-0.0813199476460202	0.125646796100808
0.14468155083832	0.222769938963217
0.163540051989	0.284967506809253
0.295552875850756	0.578427778564525
0.0510487677719789	0.0803691206137302
0.181795138083941	0.361536283897202
-0.30327303206003	0.627573025977589
-0.128727550872356	0.216635967269239
0.151693071789281	0.299208455209568
0.12007634985535	0.213773620719399
-0.21133403157129	0.415516201558767
-0.052673830861404	0.0737348862805154
0.194677732230573	0.324347788639365
0.114392473677794	0.194128444588658
-0.244608944098311	0.519276080835968
0.260052935743122	0.510984454060403
-0.0220221940629866	0.028439161349542
0.14475570995965	0.233651426408409
0.225110596149942	0.413601000988673
-0.0887488318012103	0.147839826808572
0.316763848658687	0.756073294330602
0.0700875003117937	0.116564712544946
-0.197041062454797	0.378688110130324
0.140692773616081	0.247089170090534
-0.0272408595264174	0.0435646856214356
0.304520558704311	0.738444696077349
-0.273997880405103	0.574499800318913
0.354509061880844	0.527605722794793
0.229161137799014	0.289227718988772
0.377129764652333	0.484344371020216
0.211618733917764	0.171176874748132
-0.617261635831842	0.869569972581443
-0.00822960830448893	0.0102164512963122
-0.00516273137535235	0.00700066007947237
-0.524441096862691	1.42994109334222
0.374809075289186	0.949365154089842
-0.0405515939631148	0.0651060252511144
0.0113059587660249	0.0154533365212033
0.171783196935533	0.272801365223493
-0.0901159336387536	0.157075370809806
0.120097371888876	0.218938261843359
-0.0335400061716994	0.0464662137577635
0.406642069372608	1.00146901040982
-0.205633013959481	0.286222828365858
-0.297415598978382	0.544675465916349
0.159725462804686	0.291436580901466
0.0115630325383319	0.0117932822385418
0.0671713462107135	0.0491878751381742
0.0688451098062682	0.0762389464901744
0.176119383983587	0.232498411773686
0.64434975514805	1.13970228714533
0.290698962403704	0.393227482911243
-0.199173661225189	0.311902013515037
0.281516053409996	0.552122644521262
0.386951735073104	0.961232521958486
-0.202941486274415	0.390379383888618
-0.00437443625458364	0.00597044660629884
0.105459356940945	0.182273772486288
0.297203138202561	0.734253734715246
0.0736977142811809	0.1241487359019
0.0760921046004313	0.128133135812303
0.040115061081737	0.206805000590403
-0.0533767303195048	0.249990615701614
-0.313850366741235	2.28175980499731
-0.285563325248546	2.15201842911927
-0.265271852034907	1.84855997554919
-0.399874949030566	2.58532162953582
-0.00468475631473229	0.0127057111787116
0.0334524492028758	0.0868271615442793
-0.0724513229222473	0.184615995141796
-0.301127760216419	0.980554848906768
-0.120640252879186	0.236854605587095
0.0327665172560074	0.0643241601824656
0.345209994042245	1.19868986493581
0.264936839456893	0.792130295290124
0.120295715702089	0.278923636550948
0.116390992857682	0.248028582774471
0.320889779786689	0.990304659167668
0.509955753121142	1.90843293352724
-0.0825467326070038	0.167914394962757
-0.0599454793102726	0.105626037035881
-0.0970313568909206	0.188651185802944
0.208856440782085	0.484904053841788
0.324671254387081	0.780283145992475
-0.341320106803504	0.775250396247007
0.0364884192530461	0.0591277356308473
-0.102110195148254	0.185947724731203
-0.0286268984276415	0.0428143060971058
0.225567038583657	0.396041483619535
0.338855806361876	0.585042625430372
0.000446638421699091	0.000728703744844212
-0.254362394112853	0.444129509563231
0.473696087223546	1.08437142732446
-0.28453692756553	0.492416833587828
0.191338315100718	0.275303939078943
-0.00110766593280835	0.00118147220889597
-0.00380000439485957	0.00323939496936589
0.0496263406390946	0.0359456580048025
0.212097531669042	0.25754523272522
-0.50826435132102	0.761708161624063
0.667779747764912	1.26567768578858
0.307895065545902	0.533406067788103
0.0821345114933193	0.104510502498995
0.127468156468399	0.199396756004439
-0.0297054205571126	0.0397638951823001
0.251894131928048	0.457005788431227
0.678219161811238	2.02704560610982
0.106047824166477	0.159396270470008
0.31882254007948	0.646534830876005
0.327118793664993	0.657222826289683
-0.167429601893261	0.280762600519784
-0.374774069677678	0.79595325112156
0.163986346907083	0.261437390967084
-0.217287309680551	0.335503571856557
-0.237666971568008	0.450063971674227
-0.189181136018337	0.334684675632471
0.28932789059536	0.484678224078763
0.484974121602226	0.95432114239847
0.0039108885966086	0.00483881171401149
-0.274084151005275	0.48431409969881
0.154964930757079	0.257157746582674
0.163106032316313	0.273775946511114
0.126396050352562	0.199246589089047
-0.171042301910537	0.289373263148286
0.873034773425462	2.94783189897566
0.0558533351545738	0.0901760955862917
-0.172016270833535	0.304679340368264
-0.0573839691138019	0.0751268229248264
-0.0313048342043458	0.0334247845726764
0.39232682859247	0.51387052461158
0.666647640370763	0.871747001695452
-0.337445236522304	0.331863968287517
0.273434088079957	0.273391689585091
0.0567093384414794	0.0729589218644565
0.0983912142235405	0.150876834877068
-0.0359083833939769	0.0503259664104047
-0.372219114987164	0.752197683697902
0.430874929225332	1.00591593303938
0.0399967644756741	0.0542646034332293
0.295629632595287	0.516559436518844
0.335186060724076	0.671479213116026
0.270851262385832	0.5540257786573
0.0450378516862593	0.0594847699283752
-0.363841960096343	0.839191837329989
0.199783421599811	0.228775160685317
-0.0303242621005806	0.0354360968834507
-0.623676045896646	1.4751543106762
0.0285550168444799	0.0301540905506129
0.445941136360405	0.494564459216845
-0.247780896303549	0.298848242148846
0.57029456470425	1.15999230871432
0.282512955528691	0.373121195136965
0.0169245559594367	0.0153172165534131
0.485703655063343	0.926703798843983
0.376808490957361	0.738306707998949
-0.416405613586541	0.960974480916545
0.371940975369361	0.756942757883008
0.199325109706494	0.338723775651025
-0.0978269176894218	0.161159628313738
0.206153707060278	0.378739144857698
0.17437606658016	0.321126679147376
0.0943644448154359	0.143975277363487
0.00391495800127831	0.0171675140949977
-0.146676153683567	0.951585570815272
-0.205810367509628	1.50580945297657
-0.158404548374706	0.93925283656199
-0.373341349579938	2.46532921870548
-0.152733590560157	0.62655891155348
0.203687103367397	0.814516519225038
0.121339028621683	0.329940414624539
0.268369277439857	0.909115183895112
-0.0628690122402293	0.12200093462527
-0.0652364260883507	0.136106010956249
0.150529880594415	0.397997880991774
0.439664391190264	1.65028949504532
0.377791633313098	1.35375520229805
0.532281430391001	2.15909106233209
0.197656587459611	0.536375337602256
-0.0170168734261585	0.0316420553224949
0.109246449371157	0.237802459016468
-0.147878230198312	0.301062093342788
-0.242344366948012	0.564588647454355
-0.079274797342474	0.153458092481216
0.431231679042669	1.34125003645778
0.129041122262741	0.243387614704306
0.0311567738115721	0.0512264662358711
0.314405046057141	0.795030107873059
-0.286380444416298	0.648484675497519
-0.466239165019325	1.07660782753772
0.418337651559754	0.849502743974335
0.061685432997982	0.0878935997250126
0.0504889072901517	0.0659197907834377
0.573383399458346	1.4664218079102
-0.132077643675784	0.187634338399949
0.0940309929178806	0.129703519373534
0.0512775439763611	0.0576310134550627
0.393087479265965	0.564903707858541
0.320265823349224	0.441497542556745
0.0161717239728083	0.0172586795836127
0.0310219874401114	0.0367251397758855
-0.0218282457708982	0.028518335242037
0.0446380930304238	0.0571816087055537
0.244634358159607	0.427587961716318
-0.129703081462335	0.215775790026786
-0.192430487371231	0.347026626351634
-0.071043265985238	0.096121333381995
0.0313438008594938	0.0425621530343665
0.02795113038634	0.0420006196699467
0.193852940917989	0.344508650633086
-0.511969565995823	1.24125480334862
-0.0865723145929439	0.127716306883542
0.0553866785958227	0.0776710435354285
0.0229937279919848	0.0328883239080896
-0.0959860817224546	0.142220853690847
0.262901067603014	0.444848807249415
-0.153832262387109	0.217072719341525
0.29439400281356	0.556617991700254
0.113980668057937	0.173442674305676
0.206061272495884	0.338433482404667
-0.20597515412065	0.345597462394219
0.0178711024105759	0.024317583946224
0.178641601360859	0.289433610521098
0.0584292630204395	0.0792571390206578
-0.210950752473696	0.383172151201878
0.0572075027341354	0.085191270697238
0.533432862685871	1.35736063459039
-0.265480270622876	0.374906523561867
0.0898195529460775	0.092664562492588
-0.127877232431079	0.127924063736776
0.122945508853714	0.0946544115248416
-0.129867968380202	0.123202431604389
-0.0278613950028721	0.0364557366059073
0.486542316532591	1.1695374169013
-0.144507443738551	0.235772871942994
0.202246662245304	0.366706503946639
0.180638494690958	0.305160397078048
0.175019151033019	0.31206468574025
0.00827245028745155	0.0100370740661829
-0.108346365470089	0.160637033775344
-0.0124590557461465	0.016760690992557
-0.0785384916254149	0.110299573750348
-0.462677126706495	1.14598666862244
0.210333919483418	0.274087941318045
-0.464319648649863	0.862334217363037
-0.351994173569349	0.719591337385515
-0.00442816705359293	0.00450877770529678
-0.490632753957666	0.633397298244293
0.438759794321924	0.684444722255
0.0937127501225163	0.114507574616468
-0.360157187902412	0.49958182495596
0.351917164238239	0.559790920951102
0.162698088517083	0.248486156302417
-0.1013470012723	0.156184338400735
0.00216175253597314	0.00278945055695365
-0.0748559561936765	0.109624074366264
-0.127629729195516	0.193963524562974
0.188175896988071	0.35941715807609
0.539887560930635	1.49788619230223
0.525100662886387	1.21574114096983
-0.195845489435311	0.331717148886338
0.0161883702623368	0.0762729906014727
-0.0764652317078209	0.40220338507274
-0.272941140120087	1.95192264300863
-0.30989357814518	2.48391400606932
-0.0355302095498403	0.0932637797779506
0.157530159695719	0.512213111623583
0.0840935814443239	0.200229523348179
0.0302848597154492	0.0804276565892226
-0.104381418997783	0.272630403103087
-0.0237354354553208	0.0461621226891558
0.487838890260631	1.86813215069299
0.0743377767043399	0.14550572120745
0.185223277223809	0.425567247806797
-0.0241178092276221	0.0377496216530551
0.201622885130749	0.459800469579457
-0.250474280246851	0.644086003796271
-0.00441369218622074	0.00692088169426421
0.0744682353667711	0.117756286939333
0.0895240294976683	0.162832869472522
-0.227884678797755	0.468686165468867
0.211779648460971	0.440845669666294
0.339533192492563	0.783737677204166
0.24282258757666	0.485371299736779
-0.29784738810979	0.63875968310188
-0.136048326614301	0.210696440207683
0.334063048052508	0.634317323930491
0.339517757007381	0.580828962567962
-0.10149360572018	0.125733911160281
-0.17233177471971	0.225944535464676
-0.828741059176127	1.8974415904961
-0.239305348014502	0.405431612511608
-0.289733357278521	0.478966946687872
-0.147342234067789	0.22057878915199
0.0955267150742684	0.113536312775806
-0.260182177259199	0.349770488903789
0.867759453914349	2.39400161282759
0.191153312683881	0.294317990201035
0.0177623176063896	0.0214824587225778
-0.506462140780494	1.06347083160401
-0.0923814000481335	0.124330381859328
-0.107513374386557	0.136255218167335
0.448327229440743	0.963714506040365
0.00765351232057669	0.011372909671181
-0.197482669678023	0.408949239829627
0.152532526699251	0.225628746151884
0.313573558115064	0.554273093158693
0.170590513821774	0.258033746453032
0.41142456927687	0.878598189645677
0.319172781520832	0.55034135511504
0.339804283221203	0.553471970808554
0.174636438952146	0.2473512021154
0.440904955583029	0.749645044109008
-0.0481467006183287	0.0568483917739739
-0.0427785080715184	0.0542326940528096
0.0165417573677792	0.0173758778603702
0.0528430005939508	0.0629262013284904
0.290390030388772	0.486495984655999
0.234872641791651	0.346906301861454
-0.0332182277839564	0.0566362713638265
0.140731503384182	0.246876280426419
-0.0542308231800406	0.0876712244832637
-0.113025587505417	0.220209418015012
-0.230647687801393	0.528239504362337
-0.0549231135843481	0.0791642004033066
-0.244138609093308	0.380309122761504
-0.218582006631985	0.326346741740729
0.581646874972567	1.19022644626581
0.54710305993339	1.21432988336998
-0.249221566360325	0.348795697700861
-0.158388831824027	0.324402320659866
0.33056243935253	0.598010027901191
0.344478839214506	0.58379608288358
0.331242370719409	0.813006960516134
0.0175404033205067	0.0227077500048289
0.124407907573066	0.265287526764569
-0.0453031376486326	0.0699220737535115
0.0426231134120784	0.064862836394292
-0.0664263264022993	0.120306756173801
0.0298094304480275	0.04887124428471
0.280235235337967	0.68658001490753
-0.101770447761377	0.171627201389248
0.311184749875951	0.60812600097802
0.0427926014671718	0.0753329716080928
0.477139481396742	1.17812380662447
0.496108330145911	1.29487309317941
0.470220842008151	0.947972805992356
-0.502861196685549	0.889789593650136
-0.292563868651014	0.457484807335321
0.29329592903011	0.480414755068702
-0.0395767502041767	0.0507805685247594
-0.0135880249765746	0.0167021220840509
-0.30210263515768	0.469798854976039
0.0454390990864765	0.242781500772569
0.00656935991356342	0.0261334760675502
-0.310272730323641	2.21059162949211
-0.0258678768155414	0.0816424404372192
-0.0757350070471674	0.250929985621421
0.321956869796019	1.50383121369651
0.135919139915947	0.383311115520117
0.139904646626063	0.35414605667571
-0.0165305014607693	0.0325933312816159
0.288997385977252	1.00046528766908
0.282160547046771	0.856722591805227
-0.187175092542396	0.499135800211311
0.31001173003852	0.915757701685124
0.121307570980799	0.267395269799054
0.283028232886626	0.851487259807487
0.168351964057803	0.39851830415027
0.315983673716709	0.891729844149255
-0.0590948829032757	0.108060186640224
0.338898866211233	0.99197707272686
0.0051612257433916	0.00840675284353244
-0.779262757098095	2.77364317904447
0.182329553588154	0.382438043355023
0.310152950235665	0.773390237769599
0.0314381292990841	0.0460097981851977
0.0477507210811486	0.0697677714173345
0.5601219054032	1.34711806414235
0.0209926717520645	0.0287469450776936
0.239818105407771	0.387128995464513
-0.172606959899807	0.281409050970391
-0.350589699167287	0.70680179516543
-0.142208117113555	0.205147217978192
-0.116563791560037	0.125601211695017
0.0468383974103442	0.054319799723571
0.268508174359281	0.423052016078862
0.0684535835460937	0.0949073000241325
-0.302064827911572	0.574770185273383
-0.0433422668127581	0.0606513253987052
-0.114926128944363	0.178051275900097
0.0270248105716516	0.0354702706135928
0.101942696576978	0.14868883612971
0.226360212976366	0.48493674860426
-0.087831472146452	0.131351226554658
-0.425672414855107	0.858053401247748
0.388776198573933	0.766536076580286
0.232306221999671	0.388350565077368
0.514789470359123	1.18768973773694
0.00323727862761135	0.00412590492879554
-0.114723775743344	0.183694911811088
0.386007188312616	0.794047192260528
-0.224724074601928	0.390670859019375
0.33662945065803	0.600925703550602
0.134429776551547	0.235940468238712
0.325926459474128	0.691011240007844
-0.18428421528498	0.295190472231558
-0.0583645884098158	0.0687271565449682
-0.0530308397506827	0.0574714932775132
0.064872310007975	0.0498882697894992
0.136383994562157	0.210592835284124
-0.0512841943681132	0.0761332290647223
0.236747057811949	0.442841269168542
-0.0224879486328448	0.0305421833921537
0.385859223905544	0.92043948388902
0.0395979461748228	0.0539917402401953
-0.180885641772156	0.292676343739611
0.498043875816818	1.23484062955212
0.103519099555687	0.169159982265375
-0.0500383230271342	0.0706186412687267
-0.103094476642979	0.167203826362321
0.183110722795956	0.243229359893026
0.240404783405364	0.400782370123342
-0.111417872956137	0.166869817763459
0.127406106554531	0.140301785744669
-0.0507458312063078	0.0408569521264686
-0.294000087742028	0.417836361445578
0.698908960063445	1.38814192139992
0.320961763347331	0.477344406074658
0.813545974687001	1.85499923969771
0.453299659428896	1.03873389224778
0.0777922646137338	0.115862078685964
-0.0761619814563067	0.11109942222718
0.240212397034983	0.426164494237717
-0.225579154883531	0.403105735063404
0.0270870673250132	0.0388573479912316
0.178215414746971	0.31555023473302
-0.208214661152536	0.371256689082048
0.11914103619366	0.192689106228347
0.0572573616011186	0.328538094124327
-0.177145112247796	1.18603628544285
0.110306224058718	0.518067447528124
0.224083286489634	1.23623712724137
0.139677116425444	0.526791931432697
0.229506672017805	0.877390357912836
0.214197587515554	0.650884368097363
0.115558670231059	0.303127742440785
0.366883829812876	1.6249131512675
0.530096461176995	2.60591589349202
0.63027240074829	3.7900319636845
0.441266169186761	1.83082549791133
0.299387965385175	1.05697650622013
0.104534261649064	0.255462546619531
0.303359068103927	0.940689760809098
0.226333560068125	0.587482594944265
0.368826277860746	1.21816156516975
0.677445910747129	3.1068031252698
0.248499582185279	0.695233484160847
0.369740306443877	1.03941886153405
0.0119565407294382	0.0199800501780327
-0.184317620005427	0.419486982244705
-0.000768272315268433	0.00118471021448006
0.271270620044605	0.583720718663936
0.470816520072762	1.06436232111421
0.0070085298487467	0.00992183957850821
-0.186872001699845	0.327678542279
-0.261479840566064	0.518608522206799
0.177523380830506	0.271438871927709
-0.172356427448413	0.270796320597366
-0.185904507056941	0.338804623748181
-0.00287693591143766	0.00400982016661684
-0.211855159222705	0.415030130300432
-0.076758487478775	0.11369542487209
0.150286392485491	0.240476709717958
0.368167991323845	0.857593276999235
0.514889754815572	1.46636804901033
-0.0403541903327721	0.0533855062484079
-0.0180197863425201	0.0244476985334359
-0.197834713037808	0.335448366097688
-0.040297812022132	0.0586132042595949
-0.0466003288213961	0.0636485865126837
-0.143631971236391	0.262269569055037
-0.182346039139599	0.354051784283704
-0.145749028227425	0.260901349318509
-0.130323910703467	0.233432628143114
-0.153387960519357	0.302381646416652
-0.0269772224377874	0.0321078568108
-0.355121120451665	0.722244416677496
-0.0767031336844089	0.120118283043069
-0.0204761438860207	0.0313310554693383
0.38556284926772	0.87289421738114
0.387684728298622	1.02926620430295
0.225937984755711	0.464234287939882
-0.107909926655333	0.147940533615453
0.164610690666193	0.313245922826502
0.113209108135839	0.208206026258689
0.339182302636391	0.749340858054711
0.00228241828748856	0.00326178253032983
-0.0158940878302915	0.0161947768503879
-0.222300326326094	0.352885356047973
-0.188439111851582	0.323270055202257
0.382760397521906	0.511056958915142
0.0838140546744864	0.0713713276988767
-0.239311224972304	0.311179370141891
0.42291565490874	0.656310985279687
0.0688919582821611	0.0687735443158729
0.657090109915501	1.24003565348128
-0.135068229821078	0.202587267231485
-0.196436173258462	0.353211744871283
-0.199376974123345	0.349167106267655
0.285506015773025	0.565605751471309
-0.498447029110937	1.24726638150886
0.291996909517041	0.676753284472236
-0.132708723630435	0.234067441762792
0.0851646280573111	0.141016200508689
0.200103419568635	0.362800035612427
0.0565943355930072	0.314080044698097
-0.0319941595370246	0.146488284624313
0.486206109886353	4.78920577993875
0.48461723540941	3.90007735939539
0.0554456636930505	0.161303764627256
0.20900199376471	1.06098716167169
0.184451877186329	0.736381040218208
-0.0567185567500288	0.151481037961373
0.180636033480274	0.534320513907114
0.290138594024476	0.970346746841584
0.261138370553691	0.85966523362246
0.639872193716869	2.84890998908657
0.353210117944709	1.24056049107451
0.16568096254526	0.429764366676993
0.1994272816772	0.537633902389285
-0.0505449663922288	0.0945304380238304
0.299306364607418	0.861825893165257
0.0910605720090566	0.187773832429339
0.0180673098419625	0.030472146133583
0.13548300522263	0.253436822591821
-0.17404799207212	0.364772876831322
-0.0927104951378786	0.16824457933239
-0.105955730657968	0.162140830606279
0.126866569817977	0.186406934702599
0.138272651813525	0.215240195177852
0.109833229967197	0.146517105763403
0.0867329029594943	0.114149759709552
-0.147973056698919	0.244326679369985
-0.124379488584193	0.17403195087726
-0.0232698206227145	0.0299131812421884
-0.318923909231356	0.581564563035982
-0.0585207341280992	0.0853475908738849
-0.228559654879048	0.466818876853252
-0.0119953440911529	0.0182121608232738
0.189302150080459	0.296883813572926
0.0130566052362063	0.0163551918176907
0.126452091482442	0.197718603239985
0.432094800341911	1.09723821545801
0.122356223668655	0.194146220213157
0.0563940747849609	0.0765635604994707
-0.0957736322202032	0.127652550158542
-0.0450674224646922	0.0570222573973932
-0.229795722799788	0.566632459441808
0.194022045572068	0.337172937723751
-0.118906386836597	0.161019119444416
0.196135645195292	0.276380609894508
0.0731944880412989	0.0909785954737431
0.351846647210693	0.610029158570749
0.0856745058016259	0.115273275503381
0.0552353521254161	0.101906696763218
-0.196688387029644	0.336900968607562
0.0950822795277403	0.124936472487312
0.153303025004268	0.348619126573026
0.0219522066766828	0.0304391718683972
0.105447057762775	0.221069197904636
-0.135758020231955	0.25662279005221
-0.113533159023662	0.189718362586701
-0.152874609359472	0.32918379761465
0.406340488038897	1.39113190332053
0.164894430475779	0.370054733862501
0.156636411993255	0.282970938209081
-0.167136098091143	0.303830828646959
0.414443254817945	1.37477695050599
0.138904664328399	0.247849590033451
0.176216112665499	0.310099160464341
-0.461781560376986	0.974490981814943
0.351633965185201	0.589266660849274
-0.0256485085104725	0.0303340627137962
0.147747614462987	0.228974194942391
0.117156110183654	0.177594350947483
-0.259075074349396	0.422105287730003
-0.202478134468523	0.285351092278627
0.174487442226086	1.54706696379162
0.246735005429075	2.19584012582006
0.0736115201792491	0.317124413725166
-0.119340560880339	0.486413686699837
-0.0411015900643841	0.136896461562045
-0.0828696672396551	0.2825463783488
-0.194062003033133	0.822769900033663
0.141169103150105	0.468469957630176
0.337953785993422	1.37509936286779
0.45212655649229	2.24271508389969
0.491215467911927	2.26372556639424
0.145135100786651	0.433501246577068
0.150783521922375	0.42265881949532
-0.0107181279417876	0.0217657338582469
-0.0606610890730885	0.122376232537492
-0.0770417966464952	0.165189203718559
-0.0823560265857282	0.177415777177163
-0.0272964204845868	0.0504460627361986
0.0827090029497438	0.15373538178376
-0.259648785684146	0.659688367500076
-0.401238766813316	1.20372177677978
-0.0566684530937757	0.0897594924559098
-0.29511779532447	0.651047017929916
-0.374342954228031	0.639847739014585
-0.0993104968971614	0.155034433384526
-0.269936299097947	0.472679649558289
-0.225686328309207	0.390891654302848
-0.378311421199139	0.716278198768962
-0.124661489256946	0.175177395474637
-0.00175323385960893	0.00235058294519834
-0.36831390773917	0.707252404097646
0.0397428770055369	0.0543468573742523
0.0493287480776838	0.0715536098265993
-0.200144013217288	0.354521397472253
0.0243131476270061	0.0343323917631778
-0.0663563114804715	0.111560561054068
0.201157979864214	0.433547528763021
0.384067292121654	0.883732948855228
-0.321693238128278	0.633172860692359
-0.192663980095783	0.292299187514145
0.241154219512965	0.485607249649285
-0.195651196396377	0.311408824608181
0.0493469813990298	0.0613845605229891
-0.13828715430501	0.197012232448487
-0.278590016524583	0.468057532069029
-0.291453848864723	0.601659431632971
-0.0911695500373997	0.12626445311247
0.462579556475191	1.10712360825981
-0.0815595578677127	0.121280638713533
0.620650933593629	1.49798587601143
0.496249941395668	1.17684727886349
0.00311759145532617	0.00495366562199282
-0.308531966147399	0.613861057125969
-0.026777403610841	0.0349047942230668
0.0313126232707782	0.0462338529725469
0.344794309766368	0.72512884611836
0.135715879649271	0.248652810149228
-0.214908572654678	0.442959356139534
0.169145598598993	0.299563560142426
-0.291262774903558	0.609118274428456
0.318245129630851	0.741251114038537
-0.241836110271924	0.534356765169855
0.0371769049450733	0.0492290182316745
0.0217999877650012	0.0298394293023445
0.241877592008951	0.554542602546955
0.4068535526068	0.948359783249486
-0.0269220403742572	0.0424984382709027
0.137262356945941	0.200041549272972
0.151635728948575	0.2338033471057
0.505952536222093	1.14023201669736
-0.166747659861864	0.265656214784073
0.124051287154285	0.194963586274326
0.243435571524591	0.456487906796378
-0.317606670882684	0.591046105864401
0.0612687369950393	0.363853589126686
-0.0747037595122295	0.406859488023058
-0.307007194003999	2.51348954884043
-0.173534363442393	0.874253240825581
-0.218850970448873	1.09873736646771
-0.153908409249018	0.685437186095284
0.189133634286749	0.926400118259286
0.414090684618495	2.6354982903551
0.361333217136817	2.021780022797
0.0298216733395693	0.077715029344637
0.431043230099835	2.41401826288959
0.0253187613035123	0.0599136065092176
0.0307086774177589	0.0728443628807222
0.0345846542939039	0.0752010671454372
-0.0831973351670221	0.210023443485471
-0.13283263411636	0.343379868784575
-0.097372735246947	0.234461826216575
0.0759926129558531	0.160682771969177
-0.112999320270546	0.26401913927248
0.0308182116119057	0.0627655607643303
-0.137212893828371	0.302177372747723
-0.0513700083881495	0.0890758133223735
-0.0674345962298675	0.109022368054169
-0.233623197971987	0.499871115438037
-0.336865182640439	0.785168782040298
-0.257754246960443	0.57477089109031
-0.392916478580355	1.02450900228231
-0.074212672174153	0.0837151169899856
-0.0380448205650536	0.0539414100716432
0.128205244643271	0.221952844044609
0.0148455298781875	0.0216544421087927
0.280555172090992	0.648382290596937
-0.383451948560976	0.933244463358131
0.226893861902024	0.458770597685159
0.323729127980631	0.781323951303916
-0.0299846254801065	0.0477118622910567
-0.532642390686345	1.5360432915517
-0.203372919469146	0.363142674495132
0.103606437701998	0.173275947183694
0.0178869825646827	0.0277215183790605
-0.209893669609517	0.444195209198983
-0.0364895090952874	0.0534332545487139
-0.00149158485736905	0.00194919916009631
-0.256500928224382	0.581042580181084
-0.313304177264355	0.708775723798556
0.132019618640016	0.262925969395826
-0.471371353121372	1.25470770622281
-0.23790230945697	0.439160708149239
0.00179153948192409	0.00264588229974443
-0.157762044436173	0.31484875072647
-0.0782639152047985	0.118723408563754
0.0345454015730356	0.0535680456487506
-0.134973455316948	0.172917966498003
0.136621936447696	0.22657956886903
-0.265540320768503	0.485108046213853
0.340558729696792	0.529810745202941
-0.161874387718147	0.153104545726882
0.385479596961499	0.619396006013854
0.141490992635311	0.175747938060154
0.315029410736007	0.44042605886321
0.423685736879143	0.748428681069072
-0.573335667578222	1.46359357191582
-0.0817145348586031	0.134554595831418
0.236898069048417	0.48742030046512
-0.0190039948901083	0.0258728947843821
-0.109267098255564	0.188314022381484
-0.05139088880097	0.0836378977066964
-0.277289019282555	0.64254873541314
-0.201664513452442	0.430106912292394
0.452829512106675	1.35180651528678
0.00878962532357948	0.0407660893915254
-0.0708615182513512	0.372180535068037
-0.0911112794239622	0.402659342398374
-0.0236979531057341	0.0770770645578462
-0.0886460788812277	0.358245430577097
0.422544442430255	3.43644394509973
0.386607987188763	2.45075801601822
0.50615113121502	3.81344774099749
0.32367045654766	1.55869293932208
0.274516399937366	1.25287590755187
0.0349906929656195	0.0890282464392622
0.187660127663006	0.642567408050913
-0.0721170036591323	0.170109766903687
-0.0488524702789129	0.115572352753962
-0.101427308825642	0.259159114196536
-0.186480171292935	0.518305584919085
0.393507792156143	1.46782220925462
0.056060777798033	0.116733470774863
-0.307123900271743	0.957448560254984
-0.697366899606596	2.77520908705233
-0.0237173092482461	0.0387937917413539
0.0669808222999831	0.111413565254291
-0.315405187419546	0.716522643506391
0.0996423523304945	0.156963730081657
-0.261417920900676	0.565999767754351
-0.303916315347248	0.729975666069934
-0.197789135042927	0.371073760917665
-0.124839188518799	0.155606890979442
-0.294469150189909	0.505487260654244
-0.351335145427134	0.704365007497544
-0.0170455754969908	0.0223086003516575
-0.130463025826039	0.228082891790348
0.0448788332218849	0.0686636192047622
-0.0677913454896289	0.116186648113927
0.0631487351946228	0.110530450542462
-0.378321553012943	0.933182907228913
0.0496066055852318	0.0804235473530931
-0.236850188721506	0.533619193865799
-0.0139756414990546	0.0212760896221863
-0.317979836891073	0.725471731000166
-0.114441870858523	0.191044023484459
0.0847200869878536	0.132141575471735
0.112938542082966	0.207138450639737
0.164450224113318	0.330262615733934
-0.56754212678254	1.44582408466422
-0.270418532512292	0.59207323124687
-0.00381117245312047	0.00532557355211189
-0.0655461142363818	0.0994131609231558
0.127166130327583	0.238167315828833
0.109348162858723	0.190697519780346
0.528328908841483	1.36538931332178
0.0476351703131677	0.0673127680890576
-0.109546805595688	0.190019893238424
0.020623606233763	0.0270168777840582
-0.328046909987579	0.695452415592475
0.0652651329383776	0.0785143884828802
-0.0134261037271097	0.0169057407135378
-0.460261215224186	1.12631918525456
-0.510199677002883	0.820593958111044
-0.0621755099376387	0.0551677673117609
0.489220930480358	0.692233262129092
-0.480464211150699	0.799637169328826
0.182323980765514	0.240738944498956
0.344476788822065	0.583020609111343
-0.30797828441818	0.592375852466013
0.023964237431528	0.0339419672554073
-0.0231313459371925	0.0339269771190345
0.078684489228105	0.123020107819199
0.00843108950185512	0.011006683187783
0.0952372405845541	0.146503815554376
0.13607663404893	0.250847469213943
-0.0286384078640195	0.0445700719332234
0.170609018699986	0.311453689720195
0.0697234211375156	0.41188473139576
-0.0606404950100348	0.290304648762236
-0.155487119653354	0.880251741587847
0.0498218324637925	0.18244151446398
0.667244086195717	7.28540154808936
0.354515001284567	2.14679951433808
0.405635922839993	2.38062800633582
0.0983620723048893	0.286863567050123
0.102957800236999	0.300231434849655
0.252693588434684	0.954104666317421
-0.0243883468949223	0.0567237875736237
0.240723215919135	0.736477517091387
-0.0886715429063027	0.198379602214171
-0.0652351604843225	0.138147855191327
-0.0382254241039181	0.0738289721673246
-0.0334940313429601	0.0612849036705398
-0.406771132828668	1.35321173515269
-0.300381947615424	0.8293042482926
-0.0390395581090395	0.0628562992078846
-0.146564438144983	0.272937411575919
0.169231837578111	0.289555140301848
-0.0494361443995856	0.0677283753767793
-0.311252957694789	0.621600141471664
0.209514783460817	0.368608960775373
-0.188508746507384	0.320778686775718
-0.120645684861134	0.181142742706995
-0.212811558758162	0.267637887185076
-0.238191368241071	0.280920738377701
0.0129407004457047	0.0163205684283805
-0.485860695996766	1.08516961091023
-0.174633272802817	0.31100770355769
0.346013960537332	0.734061918911902
0.131298890885566	0.199904925853269
0.108913792951608	0.165702179557198
0.60904397395659	1.65066008246001
-0.371839029862027	0.794175241435212
0.15881761745424	0.280739111666058
-0.310775994407863	0.631997155886579
-0.246153323888759	0.437354827765658
-0.120629387484082	0.178674990791085
-0.0494647994310519	0.0691546443372587
-0.254366667061259	0.459646951393054
-0.100998368763906	0.167206711550717
0.0808776252072335	0.112429395249921
-0.162156304152185	0.242764545927573
-0.0598235175504263	0.0877805908434788
-0.263621631025362	0.472220831338738
0.0573462105993765	0.085408057852077
0.0684724427815614	0.0963915822942132
0.400873898819835	0.93893090372133
0.0594191241680529	0.0855665894372875
0.0113008792843314	0.0134030624496652
0.020444477336022	0.0275785159362136
-0.0908577519423432	0.12727480763416
0.411609865816452	0.928913630039112
0.355243731160776	0.735262131020017
-0.157069138812376	0.189651348692774
-0.159103369447318	0.232992954945176
-0.535821462295636	1.10234867708021
0.575089663953349	0.878908884176004
0.282830559485525	0.266392067144066
-0.364228003466935	0.476745784982326
0.550271772270158	0.981701821929255
-0.539899803397251	0.788441673990512
0.812242419029902	1.63388418857772
-0.14195861680974	0.19930560443535
0.121014561042609	0.186302383398029
0.249750200589997	0.447762432157199
0.0615630884028028	0.0729392619316296
0.110217319398957	0.14524452202731
0.28166352520739	0.50428611341695
-0.174114419267312	0.319326237376839
0.734698894226793	2.18926349898044
-0.0434937951523292	0.0624486446044944
0.0400309293329541	0.212828753808543
-0.0913428652078289	0.523955901977519
0.286793142968899	2.25263746557804
0.653913979580211	6.76735563571889
0.47893139370611	3.2396861468768
0.374972121378603	1.9820116050887
0.186946352912269	0.615214717609594
0.0349663103123418	0.0868252873731251
0.0630561332255963	0.154290219394728
0.0416601711883662	0.0899680174166642
-0.241751780459311	0.707233974816994
-0.0825209296571751	0.194250575434573
-0.0799893379585139	0.186110187467207
-0.226884394653855	0.592632567428125
-0.194167127232303	0.448925171822437
-0.192845185675034	0.454137829153178
-0.590242384831841	2.1656580504214
0.0970256096910736	0.164073949814352
-0.081698550699276	0.125291028588277
0.0309118892542642	0.0396743142494489
-0.0608933051141571	0.0878116475183789
0.164259199441517	0.266039636922679
-0.838891422348846	2.35677656404571
-0.522344259274426	1.32740799951878
-0.0164251864899066	0.0236701380839596
0.223686424331295	0.400695595414827
-0.323630457130242	0.631838925276103
-0.0302439751099871	0.0463819663050558
0.0376817332441338	0.0578456963272525
-0.256468297705436	0.484161659204546
-0.240495830472426	0.447854391529848
-0.266805887667969	0.459019692842397
-0.0782395453285104	0.115246054999159
0.364992851134645	0.824178056496322
-0.550502584577459	1.44850638183799
-0.081248792019129	0.124908660776073
-0.204070820523051	0.299742896701289
0.347782386033244	0.742304388860044
-0.102720347622424	0.147116281443583
-0.721561666895654	1.94433220696729
0.180153522181088	0.301182170187733
0.021997027256597	0.0294126424850757
0.314087109368891	0.627445445874562
-0.222477243451467	0.399087133374935
0.204098526181749	0.394404382889597
-0.332515048610894	0.85050998250778
-0.0848004208291824	0.123392438544111
0.0826316139780906	0.131354775133652
0.0590777937385134	0.0837683260641964
-0.101024383607097	0.169433053153382
-0.268136120136533	0.467685680808224
-0.0707850008709359	0.0859323045863597
-0.342475421486741	0.635427308260465
0.440558316260959	0.902116976910771
0.238393813662567	0.419391711909699
-0.354601509692099	0.588525394170779
0.654568210107207	2.1403609814709
0.345610814285554	0.668420258942719
0.47965076197794	1.12281407083111
0.469835943448124	1.224047002642
-0.355393134498086	0.778139729564067
0.0563078006635543	0.0954042864530289
-0.168878139898545	0.302707193826168
0.0894417297293498	0.134437125151232
-0.0933193621815675	0.156878251486153
-0.0430099062128325	0.065060688575408
-0.0415142099971057	0.0667377236114046
-0.155993942343963	0.26750013862829
0.124980386280009	0.197105035765937
-0.0324431518312548	0.0524801669826588
-0.169410791199233	0.267432788160661
-0.240162296354929	0.457661619455254
-0.154418489499797	0.231153565719596
0.227285578113981	0.35150709473842
0.248169932152014	0.390570795083875
0.43964974798368	0.947463145743663
0.521245293704844	1.30841936905535
-0.0643837431868445	0.0894549532218752
0.332586533863271	0.643341009150493
0.041890314006428	0.214614743481771
0.321764406768311	2.82296562268405
0.539341719570429	4.63354100450208
0.470036576884001	2.80236588008297
0.519463051801486	3.22970674583838
0.341318811161135	1.36487493826323
0.00935898007773495	0.0196368206220217
-0.256864320642915	0.863573677379542
-0.191373966919343	0.536228108487912
-0.336250014325467	1.01875606071914
-0.170176439307653	0.408265086466957
-0.407802901731016	1.36985027851132
-0.594084719596239	2.2279143252889
-0.384819140961248	1.0638654292468
-0.398944963164706	1.10229991996089
-0.228882234070811	0.501856444479512
0.169589536380297	0.310371446863127
-0.53611311570876	1.2737174404075
-0.324577741866315	0.518851817145795
-0.0995388514687614	0.140118025856734
-0.00561964038618255	0.00684121591226764
-0.605322413400824	1.29768819210728
0.0176927002488115	0.0234109201734827
-0.0306038804547571	0.0429421753349676
-0.0840120349651382	0.104492224328571
-0.051747001177598	0.0641028240032922
0.0318889438755946	0.0392038810214453
0.296948788062105	0.563326357654153
-0.201027167894116	0.303070515316139
-0.484220069083304	0.994719418066275
0.422681079066003	0.884437863722521
0.158981125491209	0.227882459462253
0.0246615906580429	0.029799960250471
-0.570716837468494	1.17099283165567
0.00598022320325002	0.00706522535453245
0.202602617020687	0.321469696780921
-0.204817585492108	0.279138231560511
0.147418084785836	0.212474353156208
0.070858797153031	0.0919624550412905
-0.0917280353752825	0.124855517691242
-0.279725502060625	0.460560351989187
-0.506534867469932	1.09208120846976
0.046841717452631	0.0638276003852746
0.11686195029665	0.164079095499611
0.630787494688207	1.33257644166408
-0.448613811565062	0.751291904852667
-0.111841853458924	0.155472342786951
-0.177544269210525	0.262401589634424
0.273126482118301	0.407133199518193
-0.323410934922653	0.512172457992673
-0.26403083156975	0.386507925554478
-0.486218822018646	0.929466866130675
-0.399508578005682	0.734840688518957
0.528486874526207	1.04655735599512
0.0844524802231101	0.0998498047912965
-0.212163138662623	0.345234241833393
-0.165636634608206	0.214184474813908
-0.605703664087493	1.05575738985567
-0.245109664201954	0.429658650092565
-0.0312368092473615	0.0363988978846948
-0.108053538139332	0.160430746334418
0.0833645931049438	0.0978618438417431
-0.41131491966947	0.857110523841581
0.291358947559492	0.451516336210251
-0.0827773561848298	0.105334226842346
0.218757285931994	0.399354437635203
0.46218348484955	0.867946476894025
0.174340627727282	0.247522340583394
0.0759511906445196	0.121476626574395
0.499179122198174	1.10288563483937
0.0581425170261468	0.0784297379239422
0.267650609752166	0.396023393140056
0.0735567240490394	0.0824851059405351
-0.339760488047703	0.531533542527018
0.184197081900053	0.265812345922046
-0.0828810092906504	0.11047625002294
0.194064236933905	0.289613435197813
-0.165377982878515	0.207793471592817
0.199398597237744	1.72376980272936
0.14679805000886	0.878424663387909
0.00742454320374389	0.0227729897400641
-0.147720063539568	0.620091677590497
-0.163588966464408	0.611798371906341
-0.37827024949694	2.09803260194009
-0.497954205603165	3.01479648608865
-0.457284521403647	2.42116219495865
-0.647915474208158	3.59992805432593
-0.627410246194766	3.45058831075547
-0.667213013303531	4.04475290568102
-0.54442083293215	2.50779474215214
-0.69514837444991	3.09604374410671
-0.727997250332144	3.37502402321607
-0.794971912245386	3.95787826740628
-0.88856771082062	3.99623624835187
-0.691407187661077	2.4858406656435
-0.148901163909027	0.241726161228008
-0.907762681250814	2.99865741865939
0.00729263015840724	0.00852252377842455
-0.182295483954889	0.320424435166785
-0.785923303161804	2.82314326120002
-0.478550795052728	1.58707346262493
-0.0652823390716995	0.0837555353993527
0.0383224092377511	0.0437148075105053
-0.32208819125354	0.484091693184833
-0.188210248802228	0.232827736531367
-0.123029687362143	0.16481996561126
-0.361852673415079	0.67294887424173
-0.650085382079389	1.82612353972533
0.129463564433612	0.185008446470386
-0.247413633318468	0.417451683675397
0.053557426026775	0.0694217492720379
-0.486753635221128	1.02572825976303
-0.100836897483996	0.147581540039805
-0.446594595116786	0.919474160169614
-0.221295809040012	0.375970552420053
-0.620101968654595	1.76257783071723
-0.113228474974428	0.168436868035411
-0.0504676370888303	0.0659167856379901
-0.00444280016294084	0.00535110427183427
-0.0120949328866592	0.0144765903129323
-0.335658347390328	0.552704871327443
0.362905769547559	0.669148637119478
0.0627233474491197	0.0845156425386785
-0.178904539835143	0.265495377385943
-0.311935619223909	0.515360743401537
-0.422956889929498	0.686448639281531
-0.0678696883498489	0.0816108587916173
-0.323426464929419	0.559024551997019
0.0745573201227504	0.10151238004841
-0.427030329341087	0.782007971255326
-0.406820142566696	0.719675635056385
-0.191840984766119	0.306871187513573
-0.114854243005871	0.15952676465651
-0.930495896156736	2.89336902361406
-0.603702079813025	1.27227109209419
0.536874748846766	0.992963640356507
0.0509855256363959	0.0628587063432203
-0.23760383371345	0.350325902038459
-0.107833496561076	0.127249172668227
0.218924721790894	0.253926789433576
0.441175059321315	0.738878722189431
0.101210393677884	0.119444388898111
-0.0737512200976397	0.0765362952687788
0.443457660639285	0.827300577534555
0.295833145861041	0.499616797057595
-0.178603876231948	0.295462813270663
0.260109369829636	0.412031504066022
-0.441717229931444	0.695523378370966
-0.108967811116463	0.135885395049288
-0.222862416034919	0.380979666487035
-0.280709636809618	0.521559147893125
0.704606587694109	1.7693631459127
-0.162797339771046	0.229897833350331
0.118778539900728	0.803706102547892
-0.0729094749753395	0.361469052094496
-0.0825335016390153	0.354185153780683
-0.082278080759778	0.300170653967024
-0.361944813737636	2.36580516359619
-0.273115199121658	1.38630956905491
-0.24081155833169	1.10496246997301
-0.411113184752903	2.13507575429542
-0.257931296279816	1.00840746728326
-0.565990899010861	3.41923894913908
-0.644274916643986	3.67817759580438
-0.563398785453089	2.80883765134946
-0.497895635649287	2.2762527085583
-0.666105734292508	3.59137694436703
-0.593652115762189	2.35086257932591
-0.507626172965866	1.80587504115417
-0.139407354687161	0.255263747644422
-0.343608335372735	0.901460454010009
-0.284158252265058	0.658555035036771
-0.290791759999273	0.681304486540689
-0.730753040023905	2.73090938609968
-0.501404389482748	1.32843594071552
-0.444671360482059	0.625785560643169
-0.10717060415156	0.144745206739778
0.137691154242234	0.23704441936667
0.155453495659388	0.245776398418035
-0.220871673350554	0.44796087181512
-0.0253242418951465	0.0355072721123358
0.0621393638985509	0.0994328882341596
-0.0520793103066605	0.0803000678621622
-0.23389600763121	0.42314529161795
-0.106759209966962	0.160103730276109
-0.033131476972771	0.0507369147307162
0.0939773183515434	0.153184062600963
-0.28578251822395	0.630616565238448
-0.428861014479146	0.927522647643316
0.158817627926818	0.251790192136123
-0.176164746482962	0.32654791131773
-0.185116755133473	0.344950736924291
-0.160993425707016	0.259691610351778
0.0985148308322124	0.127040710755552
0.0463825206958398	0.0628867124840201
-0.131010988292222	0.208005292036094
-0.175903174665823	0.317344580390296
-0.128508760583722	0.218267135711491
-0.221190457634299	0.371719426325258
-0.391765085675619	0.404762735237309
-0.556624291616142	0.71356066628351
-0.1616144913317	0.239511588901931
-0.0931229898523946	0.137548945679413
-0.197715785443989	0.329381060566624
0.0118038138298908	0.0150583546172755
0.30204172278697	0.564248749766987
0.489063283764406	1.04589615590558
0.226308024700748	0.355499798147976
-0.0446143403194177	0.0618398693673185
0.228752748908734	0.410813879497984
0.0189872304062534	0.0232812223807488
-0.214055957863162	0.369772241690478
-0.558667493181573	0.964262446754753
-0.400885622349584	0.662758449197734
-0.231208251616647	0.39335504035422
-0.96868566326142	1.70433323265086
0.253362305131278	0.273718905328895
0.0521627973235179	0.0615295672516622
0.217879513030936	0.292745874400038
0.353249624829493	0.48313976852549
0.581133870021772	1.19152319193395
-0.0593434883684562	0.0703953282310958
-0.0942097559361123	0.143556521997578
0.222498057386097	0.404055128460678
-0.208188467911594	0.332471619920129
0.117366511151634	0.171343766988289
0.275538122948627	0.555466560007771
0.419534089986101	0.988082263956436
-0.0680578780638116	0.101108567481968
0.100335616211385	0.617733468966704
-0.0126502473566606	0.0489890877831414
-0.0535027503593791	0.198802367698004
-0.285185628490885	1.70008862332801
-0.11950993702891	0.45312587593003
-0.209662658266577	0.928234723042409
-0.293447547473383	1.15601140449508
-0.277156940239288	1.13366658122051
-0.212718637146708	0.787286110615219
-0.46512204987754	2.14971312007836
0.0169828932370715	0.034241937971025
-0.459100441113973	1.94468973472506
-0.455109327517187	1.95894292326052
-0.344799199002166	1.10646362232446
-0.542630868548859	1.84939092829428
-0.367289667789508	0.781121462371485
-0.206959769195155	0.415944417638474
0.133166743942907	0.242660961474172
-0.329132648870961	0.743255366226857
-0.300806907531211	0.710028603081458
0.026427013497381	0.0364690350537383
-0.303922684742599	0.493558163402127
-0.126345167162745	0.117497796349228
-0.115310137022103	0.164004392350105
-0.0181750860819649	0.0251325572469736
-0.08875908271394	0.13876666309457
-0.178114145814158	0.290103628861132
-0.396083242829469	0.906833112130295
-0.275695463615103	0.529459141298287
-0.269305292374966	0.548756482215882
-0.291427742977531	0.507464010745313
-0.213249445225847	0.329168532759982
-0.13696239648677	0.220789078147019
-0.342040050246129	0.711269654095951
0.267206040435585	0.462640870977419
-0.0316172398671698	0.0371054914628126
0.178358643692536	0.239016610925641
-0.299750593606858	0.586678986029868
-0.432689021544069	0.947972684921149
-0.48914992775767	0.587392452841494
0.44879309239858	0.431361562942379
0.0220478741067021	0.0251934145433928
0.0634507980893095	0.0861994366553426
0.000393496102176813	0.000407847543343555
0.415742148585596	0.794937226738364
0.532931558812037	1.37002743696644
0.191450650631928	0.283127686797775
0.113572936341163	0.145997234389134
0.558740679713342	1.37434232954694
0.182183174623753	0.285632961532247
-0.116533234570897	0.147564559909631
0.00983073160081914	0.0126563063481797
0.152523591029729	0.156433330326333
0.0222306064930571	0.0241773921107862
0.115099921027806	0.152056873738445
-0.0846802606611946	0.0883677548920266
0.0790149027504484	0.0687695870814148
0.383699628370851	0.521712035734984
0.769850427806914	1.42979301547766
0.464941925094731	0.69505145939614
0.705371479134806	1.17006599975926
-0.0591801788661388	0.0725751703080466
0.179423199869921	0.283364684131695
0.411700973922033	0.894867621027375
-0.51434329429323	1.03230104649615
0.0543221067497459	0.0652566482591076
0.294236151656766	0.549622058297703
0.0666757802033688	0.0902388401326207
0.0618582649203958	0.0912827614468267
0.0626661472917102	0.347974644435868
-0.111949422588062	0.628060862308878
-0.0933031230629215	0.418950152499137
-0.110156353129876	0.470873447974521
-0.150575427087279	0.661795019975374
-0.150656843719144	0.553390425811647
-0.10574175468338	0.342119153258193
-0.0321804791644935	0.0865223091896757
-0.0496318408533537	0.127297457086968
-0.0919498932863484	0.227200752259335
0.0285262068074315	0.0638415596092561
-0.0804301696069482	0.2070409079887
0.0452161468672199	0.0896659136684382
0.0367799691308004	0.0686751803067762
-0.0923557169977742	0.171054206967111
-0.0341489216574578	0.0561980889760823
-0.227137200543286	0.518725888136499
0.0708132419058379	0.118887025701354
-0.523398748334928	1.73476507728229
-0.164331692747044	0.325816392240949
-0.00990072915218982	0.0125905225072271
-0.411524094499757	0.689288066811768
-0.0685777077591607	0.107643644837697
-0.0726734877746928	0.109066189865846
-0.00604558663244645	0.00828366533164131
-0.0523261514292799	0.0789799231295658
0.146480852342794	0.266398699591382
0.0885344364781039	0.128990563631599
0.147524083803532	0.228031241858507
-0.0601072802074676	0.0839427731267589
-0.287271366025265	0.594318215538612
-0.187500699908536	0.363760769450255
-0.00102158585092551	0.00140700427264007
-0.692034201382771	1.17163710522535
0.147339189265017	0.133103666682674
-0.110111620654113	0.0943642329188317
-0.205172161734409	0.296116882929407
-0.147104418186971	0.235076047308374
-0.17203360907038	0.296727886908176
-0.0210957880219721	0.0278408866402647
0.0201770717005591	0.0271893513130921
0.141954155005197	0.248294018297902
-0.0608648203022551	0.0755760075649368
0.254387131941511	0.46801860159957
0.25744688202891	0.563232105229294
-0.103054831758805	0.159866909648286
-0.29267664530241	0.593290795692922
-0.102431515612258	0.110860210881787
0.00150407389531882	0.00178830882979926
-0.332028012280826	0.62039100284641
-0.0192755866004462	0.0197536924660399
0.444097295962587	0.601935658658069
-0.357939958847135	0.495610933903681
-0.0863233937958307	0.112560350418293
0.0651386425048183	0.0768227186588319
0.459921760245657	0.795147485288143
0.26011173655892	0.44291353464236
-0.193414513472724	0.349402071762739
0.043973921307673	0.0591474080407325
0.400450409346523	0.728188129947638
-0.194228315438506	0.328312847930448
-0.534627546762847	1.42721836764834
0.0947313221748501	0.581616582241066
0.017076333623794	0.0692268626884039
-0.0522042374684395	0.20786946262069
-0.0424238914953559	0.147023734171673
-0.109604509258499	0.384895997596322
-0.0744237286048271	0.233951942550939
-0.0836016235075207	0.269494713219486
-0.0996128039004386	0.293798174868184
-0.278405309927047	1.07772184160191
-0.161394399650003	0.470710628549749
-0.235862675106122	0.835281379997752
-0.244253682185019	0.723626899768312
-0.0841980836892658	0.173250978476576
0.300692907943477	0.717448629388278
-0.0207998465224985	0.034318372440768
0.140511411830235	0.264848579628597
0.063714989366491	0.108384969229429
-0.450181303346393	1.42012931699583
-0.246428324341752	0.470111855963558
-0.0533147924951523	0.0862653191512207
-0.0874241412319232	0.141271863889327
-0.0825657974669771	0.124870940704209
-0.16200259206523	0.272250960090773
-0.138945087848111	0.219145046354938
-0.0464184154199679	0.0696949910881105
-0.105775130281528	0.175265503713909
0.0565540161254199	0.0804431393052798
-0.402443883394201	0.834228972494056
0.341825827167645	0.696620364853752
-0.111711519175119	0.166717894056357
-0.143755880254145	0.252562341942221
-0.16278080562829	0.164970470859219
-0.0690899879703005	0.0593954649458392
0.13944668494226	0.120732770615977
0.211864373446088	0.305125211554597
-0.101152539698922	0.14577095349301
-0.0640277755814891	0.0953325947757804
0.206523942856862	0.359425107418983
-0.408251244819617	0.806969182813921
0.137592842504164	0.218217136490761
0.378752449908433	0.695810717921044
0.106122166592692	0.14553739392893
-0.0761333548796659	0.111541694117662
-0.359484537142944	0.645132035074758
0.194845222854502	0.293964958612083
-0.256189661709574	0.354271683938986
0.0550267621722738	0.0622855888212032
-0.358587396675184	0.672840377583019
-0.0437730348793758	0.046849236377131
0.592049415998978	0.749094630585342
0.104249482207493	0.130621045487342
-1.17939587532503	2.81708659978339
0.205249834068303	0.24395554000652
0.2426347087329	0.392587235248151
0.0398517891048895	0.0529128892949667
-0.0139025046625279	0.0178112453472897
0.190801223928823	0.29342166794034
-0.317025605232248	0.595439509696901
0.0820352706589537	0.506009889657484
0.0233418217767508	0.10045159205106
-0.0422188619416657	0.167142423643631
-0.0201103729602074	0.0644899818278372
0.0830965728767067	0.304771233111943
-0.0702434595454606	0.237922066430253
-0.270847292477742	1.32015443382785
-0.0976237259496895	0.289822714266063
-0.213409651702462	0.815529542318156
-0.133885328747691	0.420107729739374
-0.0148344563328278	0.0309164498907349
0.00784066273009278	0.0147025442656408
-0.0729808142689518	0.143252101650463
-0.213050354581499	0.526175041462565
0.0147541795533613	0.0253528241739442
-0.413776058923298	1.20031852932839
-0.256493908233817	0.686962209379606
-0.156923819897481	0.288422615543048
0.270805653543412	0.560674560555179
-0.00528182385041244	0.00731442867819326
-0.161779424750239	0.319752216047042
-0.164051375964779	0.31948192213899
0.0234779835834447	0.0357702329721924
0.15115584682149	0.247968500975083
0.0117442248571495	0.0168484757790706
-0.174271658008057	0.333667853873164
-0.400574732680409	0.930064838361539
-0.09537275442379	0.148458273211224
-0.0653796463238448	0.081104680726952
-0.10311277945906	0.132914772464675
-0.128923594361779	0.166220545019426
0.0580319649777844	0.0545075276555363
-0.67970044603797	1.07138924344548
0.737447949779197	2.15297246903036
-0.0575161029620272	0.0807188727204587
0.0355431855675207	0.0508208232475211
0.166393483380964	0.303773227887158
0.0541579123690873	0.0909374119108943
0.330963297129016	0.69918890139893
0.240805307391067	0.428250405032624
0.0727019543079866	0.108598231390693
0.0821337647384897	0.129812625993432
-0.40911226057493	0.85876947134597
-0.10780296093896	0.170478422713284
0.191129026709529	0.241935208292353
0.180698146038667	0.297116606694323
-0.200065682239638	0.353984220273859
0.25658525557429	0.389784902716114
-0.224809942126445	0.26138945472438
0.345351908784444	0.563205595955088
0.427100504122719	0.784190814327149
-0.0720418276143029	0.0871287472283285
0.207680753635727	0.31771843435807
0.00916813722382353	0.011769230156352
0.138414213058307	0.239077773344356
-0.0838382576800236	0.128067265863523
0.178941924443292	0.272199823991769
0.0748909652357852	0.115800571553896
0.100523818599082	0.674472870655008
0.0495915223722514	0.237860275808931
-0.0362755576448234	0.136402749302494
-0.106284854047438	0.466150619582524
-0.0603039458126741	0.21966473164024
-0.0250150225808649	0.0725204795671677
-0.0840312361514137	0.262130243071747
-0.11885129253232	0.388340843723302
-0.0741490983462	0.211444660132598
-0.209732681165001	0.659196654846211
0.000572203111522725	0.001080167598324
0.0366017268824085	0.0671059484935944
-0.342851754972435	1.02387226266334
0.122957792790975	0.259138353772969
-0.0200862365916411	0.0359173300951936
-0.614786931291648	2.60028474556742
-0.158392407572118	0.312098309694394
-0.328117790320953	0.747284756197596
-0.213901055593343	0.390531268519534
-0.152863770161901	0.300864646087835
-0.0714070899447254	0.115674660877319
0.0882197084117012	0.139733793066901
0.0894379334589902	0.142923125673944
0.0693023285517249	0.108913926061901
0.0920813183175014	0.147809958427774
-0.151259665625293	0.274429446124454
0.179804689052486	0.312303265010713
0.191609713101814	0.270756054738761
-0.408836162046754	0.6738595890123
-0.149872880628104	0.191292227858766
0.456529446442323	0.594540596839298
0.0487586919020965	0.0493434971850922
0.076187249021044	0.103437499922051
-0.078881921080015	0.126501031050207
-0.00315718252479272	0.00450307179462935
0.268192228118908	0.544508826430712
0.406334326722412	0.956111589208149
0.468202300118379	1.24060765385802
0.183649520741293	0.280132456167369
0.167861929864032	0.271112174846596
0.33685504962575	0.7312147571252
0.0695877058943297	0.0959608804834935
0.034023904065337	0.050214624842704
0.0608477907177686	0.0672437482187524
-0.226914978890388	0.397124208325323
0.153502578096747	0.247896050629158
-0.33499696062344	0.504440588868067
0.0343731446139196	0.0347206458428202
0.194243386088375	0.282466462158095
-0.0296183872813683	0.0351360719457206
0.658480005353776	1.36163238937671
0.066734916011719	0.0779027127749528
-0.227442347808489	0.33985429747775
-0.240164511479116	0.461752236037203
-0.0433528053932031	0.0662304065162293
0.181960201436629	0.292729946320464
0.155022552852125	0.266606079589177
0.102121728210923	0.679798784441096
0.0327764516117474	0.143308592280551
-0.0523409272455329	0.215415106750897
-0.055902381453296	0.217390060711275
-0.0842549774036579	0.322753922877838
-0.0276486772914173	0.081647549410338
-0.145915450170746	0.535179832381018
-0.149257638790685	0.525197791581041
-0.152924812924386	0.458082874453443
-0.267195540066211	0.9455643836626
-0.0380028843345692	0.0739977933212882
0.354920999944445	1.18109117167518
-0.00676656136286882	0.012275887844838
0.0251142728520535	0.045753309623268
-0.269636871458243	0.78061465004153
-0.194626945880458	0.427975217910011
0.183133968554533	0.358183886090023
-0.249931171753701	0.494301843865931
-0.0520886269909386	0.0830490160847391
0.0268137910705857	0.0378344221889474
0.133638107075287	0.176303818897206
0.156800680546714	0.220002609018191
0.212702914131106	0.267360252889541
0.278496690778962	0.312656348465021
-0.500265324615162	0.767834179120428
-0.0137382701732728	0.0184659138788577
0.292673350242765	0.606283661766332
0.46236425648514	1.14894433317249
-0.192833915013602	0.349754291172728
0.274207713346987	0.548808247576116
0.0192241466227001	0.0244249709489947
0.0233615455789521	0.0296479407394745
0.235573770217136	0.468969933964258
-0.319039532874722	0.622068395523731
0.23380823100023	0.414648624056649
0.529249770808917	1.33714674820256
0.24044124361894	0.329981159803535
-0.386032498452737	0.807005266498519
-0.134331074748077	0.230052698636213
0.403948740887116	0.675992208430554
0.527132261472956	0.933561014038547
-0.269528200290666	0.380934447679951
0.0876256479937989	0.107376556102118
0.503629490027286	0.976796014489529
0.29437683089645	0.537617093816579
0.20548703802046	0.376049771292059
0.00527873617413088	0.00752172149343724
0.340005399121674	0.749152091795282
0.162283985536424	0.27549326237453
0.123897230858334	0.865914399098607
-0.0812150311714404	0.422262646643872
-0.0856062773790559	0.389562625162066
0.0711002912818986	0.265603242531049
-0.0872064214073244	0.302605971696536
-0.150970505479187	0.560195199656545
0.0698175906244128	0.208713773099431
-0.303582574395442	1.20477448108314
-0.159731559173496	0.442794823518246
-0.0380247783350974	0.071198799238684
-0.347618634414989	1.00420791806002
0.0742557839533964	0.135865534153651
-0.183144534609307	0.446212562015411
-0.470662274896481	1.68825575481088
-0.0707933105705757	0.1240530687012
-0.136504499723592	0.214895279441311
0.0505030089288903	0.0707567920204205
-0.122547821357998	0.177660945108801
0.161899211536477	0.198923045319608
0.022227349823142	0.0240742335257535
0.139186555810668	0.163155328236943
0.0644032637698216	0.0578355502469129
-0.00141722581651351	0.00140165858298794
0.494785060085583	1.00548161901643
-0.163317250463202	0.243764754361185
0.00738224770106854	0.00905578916858789
-0.155463906249892	0.240627452495045
0.0664746153620477	0.0973055275489738
0.175581232890833	0.282924110426721
0.191227864079515	0.294122895452183
0.0419200041273863	0.0555970460707842
0.781952924725232	2.0670250203652
-0.477539009750845	1.00232941387541
-0.11764536533536	0.15366205681376
0.182151774707095	0.225976038447051
-0.130697792043044	0.178492078031593
0.0810823372438518	0.11130176127007
-0.0506317971155997	0.058486042621493
-0.0702055087147909	0.0546960780279118
0.33563352316187	0.506089728040994
0.620182298557816	1.17448663964722
-0.949366648769702	1.87153466948948
0.247187191411213	0.357572472678259
0.06716194148739	0.0896453303536055
0.118242562731921	0.17546464609825
-0.287506984747663	0.537852196895423
-0.0340211674526993	0.0472277572605735
0.105795665964398	0.704868441815899
0.00975103031468933	0.0384943402327541
0.0392717606782055	0.148812902655104
0.0668786010785297	0.245267860633346
-0.146030254916159	0.618137314209929
-0.112224652491899	0.389199940571966
-0.230394944499441	0.911555164625404
-0.37932755145446	1.69166577982976
-0.0147985706534822	0.0293306253646897
-0.0238184028680935	0.0463701254019126
-0.106271728826993	0.231146762459175
-0.288496656434095	0.810513742791345
-0.597116771685194	2.79418137966108
-0.259718117237662	0.61127733676596
-0.494325692993576	1.27192611411057
-0.000327181202834061	0.000448099032744549
0.0875580006618794	0.108181070784099
0.621384518696062	1.32641144358446
0.0755415790769902	0.0937910631962235
0.247633154150848	0.261944112448131
0.153381929796334	0.167236482441343
0.0562919728062078	0.0716023550841511
0.0473408680151626	0.0662714058348354
0.275467273228742	0.51886104526587
0.0932929435981481	0.145928702834209
-0.172053256654356	0.287234896778136
0.0501571336711271	0.0756669416877159
-0.0493127562752424	0.0617680411127627
0.00466407055853839	0.0059634538042639
0.176614425947082	0.291609365382919
-0.347680783578645	0.691035815408446
-0.140854230249115	0.206669365528235
0.545782395287975	1.00780577674629
0.0754775410281167	0.0954172370463389
-0.287236789664767	0.544324126833013
-0.135439176554505	0.158200849788136
-0.122962418715468	0.153675995513636
0.0686276381037356	0.0865244782652885
-0.0819414963018815	0.102630125087569
0.197342207140401	0.301162577384017
-0.0846899574593308	0.119489847169857
-0.0863000898873919	0.115922388126228
0.059297585327531	0.0889987153751428
0.0221024175862922	0.0315266155828071
0.0979533688617704	0.643572247022577
0.0438075646510764	0.202892438798683
-0.129553754929105	0.639583377653351
-0.0724939832484929	0.279430418183967
0.0324718612425364	0.10760480938889
0.0106175892914154	0.027298302260364
-0.066965024411081	0.183890345974788
0.128067282886738	0.338870029984911
0.198067550461498	0.584119889328725
0.000698449011007241	0.00144741118916752
-0.23987089868687	0.724684958823268
-0.443413740092662	1.94344137215022
0.00835601300825047	0.0146136123372809
-0.027999549975932	0.0435704232052196
0.285083270942294	0.560038959750777
-0.259632248492082	0.421183498045863
-0.34108298306392	0.536091449569151
0.0843395459694749	0.103460472533028
-0.985963734268345	1.70754963195338
0.204499194582567	0.254578596235233
0.139456204416785	0.223681300516852
0.147802397993572	0.255283558337629
0.0998325397034161	0.166042298792492
0.374374202885532	0.842566375841553
-0.00645570848730216	0.00900778744395136
0.0276296365827274	0.0402345220392128
-0.241597631517012	0.457421439862977
0.203425118046835	0.374247199488684
0.181527679040231	0.337034014764977
-0.375454219505528	0.847812134212877
0.0794432601245466	0.118638426194274
0.327744701521145	0.537170757494344
0.10342328838209	0.158721567274526
-0.334855594162297	0.696067582866847
-0.0383571594805629	0.0465335505411001
0.158942079384249	0.211217884863171
0.0806751640421285	0.0977058514269149
-0.200327407340276	0.318114462059112
-0.0121222584802912	0.0196035878359914
0.10315467525273	0.690824276361474
0.147208832032297	0.935301062387322
-0.104407195387041	0.487639463506198
0.109712843499715	0.488405879947202
-0.089321298305336	0.305230940602973
0.08509225788686	0.255663457162307
0.0417537426823353	0.0948247407218579
-0.0674856548234508	0.163807736903039
-0.0345711008996693	0.0701881169172294
-0.300381317010302	1.03102310924094
-0.737442248502468	4.3462278384055
-0.209049414491633	0.504383584359993
0.0119417399072917	0.0180348588527232
0.307266685400426	0.622087199322308
-0.0494263461665098	0.06270617067533
0.0641965757159737	0.0803479159241853
0.310540931027638	0.458949931458058
0.0340574024679988	0.0304287586298704
0.144680781102901	0.163274982083382
-0.0121387683714736	0.0158299569271996
0.149390560422563	0.259074793266837
0.134297974497763	0.228845052959362
0.148257334036955	0.25681692140679
0.251995020223559	0.506678428057466
0.315932894660281	0.629881553897234
-0.00246238819726041	0.00277758622856149
0.0692115737385092	0.103723633895764
0.101634927951736	0.165764098032608
0.0520247583883122	0.0683359320306423
-0.0758073479231673	0.12038083976066
-0.141601479047587	0.186761187435479
0.00347678735840683	0.00392120547437063
-0.172739707233439	0.278796498808904
-0.381529921098139	0.637915879890492
-0.270990700372072	0.311809208453217
-0.0589220664511466	0.0731539329871791
-0.324324051691856	0.623226938197542
0.0951104530726144	0.597154198108413
-0.0269007739188023	0.113584107850645
-0.0593979281898109	0.237088846471836
0.103481430349189	0.392384650385509
-0.0346378333425639	0.0947242624530582
0.134617293997762	0.390109187115889
0.258501394545929	0.908122837698782
-0.138153602996804	0.366658201581281
0.0562986659091122	0.122295971459822
-0.578684745691672	2.86336219231638
-0.133114893302229	0.273510552696061
0.0927922303278853	0.151345467391825
0.559728301739526	1.25200810400726
-0.363191897321274	0.561098026567686
0.230490677546302	0.287847360809808
-0.131394029165886	0.151480581999762
-0.221262968013459	0.233644037271932
-0.0368366469282544	0.0339461534178412
0.375681389269716	0.642078733128377
0.3025328776544	0.583829975463746
0.283032369630857	0.549117197976509
-0.419616593813367	0.926452064819116
0.135875954878512	0.21785735255745
0.154886494845425	0.254067673383724
0.357242684304478	0.623865640568112
0.679418664056761	1.91525192297134
0.0457906720434346	0.0661309694931909
0.207498532928618	0.298208793364218
0.337575929346422	0.690300376229937
-1.08344455439775	2.59507767792121
0.22224589826878	0.349993317286673
-0.309482139216322	0.564362708867281
-0.389036687316589	0.772327858379595
0.101596898229577	0.656449468087517
0.025012384831725	0.108147696577916
-0.0448095828948175	0.158471528557897
-0.0973611892012292	0.361439336002701
0.374836586348968	1.8573393889051
0.103150557294525	0.295733409379752
0.00622522594075856	0.0135882387451112
-0.141553372864699	0.413113390998789
-0.457744767783119	2.2423277849373
-0.442022188461758	1.66697359435939
-0.144160455683458	0.265149324732938
-0.169283022215667	0.29662550359688
0.0207869584672657	0.0234152410398929
-0.242727923947563	0.380768903025842
0.178973476475399	0.259766455768539
-0.274642855959646	0.240357878373029
-0.322874496915576	0.341717002166436
0.266348561373448	0.488958487947254
-0.247741707075063	0.446141670277913
0.101731579189898	0.164046189753452
0.0659118145989305	0.0967659254762908
0.0960067119939227	0.162518805325252
0.331323302886095	0.674045348909018
0.0930995989541761	0.126798662030827
-0.115553655274676	0.186601274232667
-0.162380671304817	0.293757586697302
-0.291657877772684	0.56360785132521
0.0856302868852978	0.128243284686682
0.360614464789352	0.573059571646102
-0.291254262840811	0.515992502226864
-0.270143671737693	0.497729859408584
-0.407405492277792	0.635649790925083
-0.321893871134853	0.510587100134259
-0.0205569306221609	0.0245579253791545
-0.0790823057459702	0.118684767791313
0.065730635076696	0.383952764959813
0.0786467682430205	0.397927871670658
-0.0528397130742902	0.196607539233048
0.303400738445967	1.62091836816235
0.173676366569405	0.676329899701798
0.0459679632243842	0.120708155506345
-0.163382291992909	0.559809729434026
-0.417810978709499	2.27075740124496
-0.210099643129619	0.604351963966666
-0.0765072802589262	0.157476180524434
0.00285125223117191	0.00453550611971464
-0.0723571042114497	0.126676834150348
0.0918331614421063	0.162826798203242
0.71902970173283	2.19905601257081
-0.0327562443035548	0.0366116878754949
0.668434074592675	1.55859207437741
-0.0497812685664379	0.0562809253503935
-0.582252269380546	0.810807512279702
0.315464451148851	0.435003606252329
-0.0610360058179151	0.0850889787069527
0.442193211321528	1.15303144994729
0.117041894667614	0.217288156502376
0.246390492234041	0.506403879910574
-0.278906650340827	0.607525918037292
0.107510074291899	0.165573870768032
0.510173609174205	1.19895176615589
-0.354532818248105	0.711997825884375
0.155229160777692	0.275161981369067
-0.00537499035614717	0.00707057700679377
-0.109767607524187	0.172503040629342
0.0494660199679076	0.0571274466138951
-0.339613209672722	0.680879746703352
-0.240337591794334	0.476056821364498
0.0597657684850179	0.0684323327958451
-0.159709219602361	0.285331290986243
-0.206690007267244	0.401192877001835
-0.049215648417097	0.069998842457854
0.0999484102322935	0.602099421699241
0.060296931670738	0.265838490166962
0.153988182323961	0.624802757775354
0.307727860492653	1.50361238900017
-0.0591402909815135	0.157942941403144
-0.039982853947346	0.101752332070668
-0.621668359987114	3.69255533391284
-0.285879815377662	0.957506694188492
0.165462705475599	0.300494348076976
-0.239521491053022	0.416842505265729
-0.4899217071522	1.21791026982589
0.258966866821038	0.55800675781955
0.0354789823556173	0.052003354137163
-0.530812663032858	1.18634658039854
-0.0858033192976317	0.0895608864722112
0.687704427550876	1.32362493448618
-0.171678134913373	0.204595348274899
-0.0177470573548211	0.0129539974444987
0.0846875984724703	0.0706565241724739
-0.839488544987521	2.14077854112445
0.130922568931763	0.198395144294867
0.325041022312857	0.606196998784707
0.238660073077684	0.425775336620051
-0.185314313921097	0.314852157868724
-0.0296320939697071	0.0382280522083944
0.148946247713129	0.206654379716582
-0.0712801066162239	0.0979433173610768
0.0294010657009607	0.038869120537486
0.112889327650625	0.163963489391664
0.19275041856145	0.29522457836814
0.66292921286175	1.13777699869703
-0.277409098757277	0.365990121929258
-0.477563735039495	0.975120899582343
-0.243735919559949	0.310824440051653
0.00650409211385712	0.00622203651200227
-0.125127779159946	0.137612921150534
0.00927329393666774	0.0122995684707707
0.106881830237512	0.621996341278614
0.218812558839293	1.43561696357223
0.0819210361236064	0.298161175971446
-0.251253521759284	1.14307448400094
-0.340575752567793	1.77974230444903
-0.588646000005342	4.13497794868075
-0.23970252411162	0.793515180919139
-0.218079847593778	0.532469490878953
-0.0502145108913286	0.0809547042235455
0.00134649113172782	0.0018573882576935
-0.135483628510186	0.202734458006785
-0.0412708537260576	0.0618300920972586
-0.15626032929869	0.263795551340313
-0.317023996233738	0.581811252476868
0.00968283543144382	0.0128259413636485
-0.273708224066156	0.561747923028912
-0.306877323411022	0.543861493849645
-0.202558630151037	0.237921122763819
0.12394440415978	0.140661073502524
0.475243255496852	0.678299104307699
-0.436397391395303	0.424197337182709
-0.244880601060532	0.2352029177162
-0.128410289065603	0.164683257015316
-0.396751682432382	0.748925146425591
0.369223940315946	0.700171503294042
-0.280091533653422	0.514837489066867
0.452163957122523	0.931975435826212
-0.357603833078917	0.62332839225059
-0.869737521689091	1.84338349165881
-0.104588940879116	0.149882387557745
-0.150702654560444	0.25671721784125
-0.129515466017447	0.187598016406599
-0.329439391941637	0.596043473149306
0.164248823303859	0.200394488574283
-0.159582428901249	0.216893534228053
0.085553928388361	0.108543269133247
-0.0648147536983415	0.0691038639744159
0.00223855839389417	0.00260401072652724
-0.06806608630536	0.0907648044867584
0.0796969596156766	0.436156160351009
-0.0371252445417048	0.146972974603309
-0.375379892578311	2.58047563943856
-0.355141655810934	2.00312511416299
-0.910297275161367	9.50481240043507
-0.372802428690972	1.65785475112995
-0.356640305840101	1.0757339570738
-0.0167475422231075	0.0259778152922049
0.141975419845949	0.254787005919394
-0.39511724312269	0.935109324934814
-0.141838858022674	0.221280960030112
0.157963919957644	0.248920811165237
-0.134178190551726	0.205847861650357
-0.757062194713158	2.06811837240246
-0.00641103147340847	0.00781226139945308
0.427271958399966	0.654272301272694
0.602696290549649	1.01402515657492
0.0226835080783268	0.0218008273088348
-0.11169425861996	0.109730042739419
-0.547573445859671	0.705754287759621
0.234090801797154	0.33934643268877
-0.0256047018449079	0.0306473040882245
-0.0228066833389382	0.0278190205922042
0.345751288454991	0.617201195498826
0.0964467487580174	0.132285932166091
0.135855404260393	0.192115744421967
0.399726761382136	0.612124855791611
-0.158915941722208	0.206402806452034
-0.211372204935391	0.331651382263497
0.489472505123542	0.870831614114226
0.287112092921892	0.474780179032664
0.335474572588485	0.425904824422653
-0.0429313589911949	0.0426555211267237
-0.358044773861516	0.549367302067285
-0.611723538509529	0.959541497406472
0.0828331305992418	0.0851023483114321
-0.0253415136083239	0.0274754266233113
-0.532675775100759	1.08447931665973
-0.144548566143388	0.207356758485031
0.0443182951023301	0.219825970862047
-0.0369957624159427	0.149469957956385
-0.260982007261693	1.57556027082534
-0.613419698983638	5.5727537296672
-0.12035665409405	0.373709052021187
0.0993818475581045	0.158432552980261
-0.272704819704515	0.551189958298047
0.0401051054982337	0.0553925939269147
-0.664426125195508	1.58325848415578
0.0459766496138292	0.0461812006079889
-0.259095849808684	0.311653713315009
0.577044445193403	0.959386580775663
-0.0073984865815256	0.0054288651980311
-0.291933919504696	0.305333531730075
0.272583116164581	0.448943869826075
0.225898687555099	0.350291784848676
0.169726016443808	0.265914564972566
0.137865795101502	0.20959175305074
-0.303520610300596	0.530443611964927
0.549174861755974	1.29307751047839
0.262901184889338	0.397541132371638
-0.10677868662955	0.142192191396945
0.0887657231821174	0.121017879510108
0.117097852902611	0.153648917485991
0.162271206286482	0.237584863749928
0.254348413409136	0.322046026128864
-0.120667980708489	0.148867495379102
-0.411619115856379	0.703176165865856
0.118839678974509	0.738500135571844
-0.105016864405408	0.558505602237044
-0.27491473076244	1.82630802163034
0.190832595050065	0.714743949227602
-0.32219826044768	0.691543701289145
-0.36905654800795	0.692363771685288
-0.0851318025756491	0.0880044233528636
-0.372543647781643	0.509986020564176
0.0173799638413448	0.0175384747330026
0.376923410678849	0.36285484361872
-0.51165949104371	0.595592478983916
0.245678230468193	0.36383165170032
0.180664175645538	0.252087116670818
0.00977484207831048	0.011770415914201
0.337125728678801	0.675291754292818
-0.170391803733649	0.284241693732879
-0.0147213208018599	0.019446526749252
0.246545606020067	0.349696975391683
-0.0635902188705455	0.0760894999578509
0.107346468736105	0.151827148550737
0.191262214820098	0.285109022461758
0.48771198694875	1.05619136558751
-0.190287412576948	0.236747351811542
-0.175763447269855	0.25773156423943
0.0520919942810755	0.269035608384565
-0.00787418429045542	0.0299337726160446
-0.37304121796204	0.669067557721584
-0.412082346833614	0.662966691873229
0.0358742051980071	0.0394250031137126
0.111748423737887	0.111968328270704
0.479908657133305	0.58865443261618
-0.0692061432710714	0.0614283511267253
-0.168132204231539	0.25297050028156
-0.0586486188177168	0.0811953512781761
0.542499155568433	1.30490544611726
0.176365696132762	0.289701712453491
0.53760959682204	1.32396781964226
0.0453999969118169	0.0603304736039276
-0.0656564737399598	0.0781223184822739
0.330587267998006	0.57822781545433
0.318348787307123	0.58682726903734
0.0505673860121387	0.0637331846796848
-0.0725556049501764	0.0969903580773696
-0.208603088705079	0.259141770125193
0.120423214461924	0.835758313821349
-0.490958959629609	0.961192960158295
0.357096243833171	0.57438362818102
-0.522771420873304	0.981835811092625
-1.77466050171413	3.89278490986212
0.100872015473769	0.103673998227205
0.0316757492369948	0.0408560375822058
0.111156541445552	0.165450678965512
-0.0784924739767554	0.115825325886796
0.0732075430584343	0.106099177979067
0.0874930738520759	0.132588322744489
-0.251607164777129	0.435616737777889
0.340403041617056	0.715561984214318
-0.0783873351196772	0.108360549517888
0.514990354347716	1.16184095342803
-0.0900832717382517	0.118553212270835
-0.176468147632018	0.291226427740301
0.495624018808618	0.830388238956594
0.0210760470125729	0.0252414617476997
-0.730404457910858	1.555558439731
-0.696761958079909	1.72402842092101
0.180352954553919	0.261684679827456
0.594147198886461	1.2419159092441
0.0730588708684167	0.0906742526996991
0.173824440148212	0.179911155745999
0.168952722657215	0.189042707014612
-0.332111235136399	0.579594537553821
-0.0456675165881741	0.0580924316282079
0.117209243786666	0.162547773496175
0.253781631334715	0.394611186280419
0.112736711057141	0.15020602029845
0.164230664799183	0.228898495760865
-0.365269921265243	0.707963006382
-0.138902579036097	0.191655616372801
0.0237986126064142	0.0281807341681625
-0.286582970962474	0.474107220688391
-0.418222900822986	0.774740757345772
-0.290546631823547	0.466387035505385
-0.0994267137718184	0.126379467620534
-0.374504952716478	0.691427802403704
-0.116236131146076	0.14581656871404
-0.640466875664997	1.60247187762149
-0.00415623587493366	0.00499290653666865
0.102495286902403	0.137968218175129
0.00279714568270402	0.00336645257556201
-0.0135378913353397	0.0161567445932757
-0.170114509848979	0.24999620222075
-0.347954124765956	0.599370859874551
0.226104228056944	0.327052975414862
0.290862719471741	0.447750929853712
-0.0261699049927679	0.0295720173268771
-0.166870441799404	0.219616375753597
0.0617408599019601	0.0774333085495338
0.109249106394395	0.143547736627568
0.390004955969857	0.619300532818234
-0.287922227440602	0.486691757647339
-0.180357959388007	0.260299239760028
-0.204350955554528	0.31929094670876
0.0788471832210504	0.101630310302915
0.458487465384804	0.911065026412331
-0.600497174978557	1.40499938359144
-0.469657974509472	0.719521449985721
-0.0270696482343835	0.0388120830199442
0.0873019019769422	0.115470847341556
0.273541073066327	0.508731308063076
-0.00906833411152921	0.0129230686594913
-0.169685058318119	0.283210614644585
0.0518795505219373	0.0598314419912698
0.448466817564904	0.669769060122877
-0.0283191747559067	0.030122854484705
0.381038651383026	0.527934796183164
0.439929334639252	0.612185328615794
0.0286121699888185	0.0299475190337654
-0.4674841825555	0.993066071571248
0.242049935351251	0.321607918941439
-0.769940830988524	1.35125756809245
0.774232746320725	2.02355559972448
0.599403870042343	0.946737169983719
0.343349050473258	0.680967218665585
-0.785597424922742	1.67379536562381
-0.0775225755043381	0.0985101667421895
0.0103742820132981	0.013397030377726
-0.042277101080774	0.0422959641545548
0.0927875524496523	0.103418551310302
0.0638359890502583	0.110247366667313
-0.365687925712331	0.856150696690145
-0.166508040313747	0.295478453736094
-0.134849937713063	0.279341847857806
0.0424633470564677	0.0728316146843651
-0.152566246045001	0.225758958501721
0.660192260682122	1.21227210755427
1.01213476152053	2.07807312732199
0.156620742025438	0.163876839478809
-0.522480941378725	0.631027733255176
0.236249480780074	0.29766988608603
-0.285897052789556	0.575730422946594
0.236906318962526	0.339118460249861
-0.189218666751499	0.194033796951729
-0.118415223834156	0.182338645945932
-0.344541823922884	0.479700099941973
-0.0456160578967716	0.0740537641195992
0.23037995431157	0.40799465729007
-0.286823368632708	0.488773120062189
-0.141934393331432	0.276605653292218
-0.238157124818684	0.545168368716989
0.146246130880261	0.163124719977905
-0.0889897456886583	0.172501955844775
-0.0295069089119155	0.0422420785133371
0.02197841138837	0.0327692587190496
0.200146315780824	0.515663267526714
-0.120199905631462	0.258247036161041
0.089591036245254	0.116300740680766
-0.619445617610223	0.775286665772409
0.42577860874539	0.625234467791737
0.162987162036087	0.164780517024111
0.309030206442261	0.373064852330843
0.0628915336854815	0.0588240793557203
0.0532370990108934	0.0815923541667223
0.585143484879789	0.939871098828437
1.03801534860153	1.93355602450629
-0.223250840452102	0.350529339747598
-0.399143627632073	0.44016099445501
-0.12125145474531	0.261313562255079
-0.505842065801707	1.1827014023703
-0.094439695548836	0.118750558506083
-0.446425751787388	1.21830067606763
-0.249459547414045	0.450187281109217
-0.00469863982057921	0.0084085592586145
-0.0980249681131718	0.200331884821362
-0.314759979382483	0.515806001339585
0.327303665959145	0.431957505546856
-0.137694278393816	0.150267737079773
0.30972985036436	0.347704077517137
0.221356920339146	0.228741144310262
0.491593098092152	0.609220215297011
-0.364499085293819	0.827472923763425
0.0251053549547192	0.0240834123051134
0.347526325468185	0.451251342778156
-0.120962956090676	0.179867148906351
0.349053351881198	0.414205040493268
-0.0293799030051463	0.0499548036463558
-0.53550795889171	1.19501244528626
0.00979538925229538	0.011944572905917
0.0487344488284159	0.0885660892397305
-0.311790036686026	0.667095945239908
-0.508366138379563	0.832487099503505
-0.244086655956461	0.44489155291532
-0.227350649782249	0.344097075845625
-0.0702391934482124	0.105510544610719
0.191432586484612	0.293493434289185
-0.312992915505324	0.450073884694651
0.633695995677785	1.1629795713893
0.535664606765137	0.920166056496262
-0.158796410837601	0.225573156032899
0.397764191397351	0.603845876963736
0.498530208649016	1.18896334606089
0.0217675474707074	0.0231711167623348
-0.2508516164189	0.309859233923349
0.0140060809844653	0.0166934432727158
-0.093363209471434	0.10069917054711
-0.173551423941077	0.327327329884499
-0.227917693928408	0.379414007986351
-0.0887864666879801	0.108280157661788
-0.00245748973921759	0.00351717939349057
0.0192156665543522	0.0281036361197582
-0.336074149790429	0.619275289066931
-0.217675786447699	0.370414825362142
-0.187760231476054	0.277213564874409
-0.349107977337595	0.610292063651367
0.20771884700829	0.264029837789744
0.0444961687607089	0.0518218493698609
0.277840538850032	0.427528360969845
-0.355560529654188	0.581481508282428
0.64722340128841	1.35939903631227
0.00139430710544521	0.0015001161262204
0.533280577212684	1.17186435777556
-0.290458304745723	0.403102451669228
0.514936275436849	0.976264431699389
0.211838817411736	0.284327741267297
0.0271702416388901	0.031759918426325
0.0128031595666405	0.0132292814209019
0.00656011650107775	0.00729712547842682
0.0463883473774086	0.0583791329868902
0.04208226244341	0.0492246575507819
-0.00406429403913084	0.00439930222700212
-0.482583973206704	0.705500732080965
-0.422728387690616	1.06505182514856
-0.0334417104862072	0.0436468849638017
-0.217126852160478	0.369557144295782
-0.250951727782048	0.424014634075555
-0.112750944620243	0.148635093624445
-0.207348926950579	0.295194421327573
0.0952998131064266	0.136810561285878
0.100103851212196	0.130478345509924
0.129010244694138	0.189661180896775
0.520010959384426	1.03801480837679
0.0657194691796037	0.0864146158070804
-0.0791976041822263	0.09713077513995
-0.177972392681217	0.269202050389091
0.149481202000931	0.21475013195162
-0.171657305004577	0.239963477484497
-0.514537290206091	1.01350850209542
-0.0702044938792974	0.0833293151941887
0.0578303395695043	0.0696970803311026
0.0145749040366625	0.0171631301564246
0.237600966167063	0.400501713219122
-0.0399452738339056	0.0557924024817542
-0.142821962056676	0.188878789930284
-0.200468802695296	0.27703030039752
-0.172094781473032	0.333286753299518
0.074754707517346	0.12441117320419
0.033019244836211	0.0493903835037712
0.256464224840991	0.514687380850002
0.190726251853719	0.370360866629662
-0.0332391795151148	0.0465922792439878
0.355895400090846	0.757378058081534
0.331978011623269	0.680146208461356
-0.17370641757221	0.271036217019182
-0.138724387052186	0.225045612542844
0.381336336517099	0.798444843560759
0.159033453985361	0.275154262390452
-0.299922558586524	0.581966470129911
0.0457935008605896	0.0556368872753329
-0.258348430472571	0.447955982066011
0.0893132253127314	0.128422136923165
0.749469287471546	2.02639335091764
-0.24309642981748	0.449212294545491
-0.303145094293297	0.517435829062718
0.00050152795769548	0.000866143995463303
-0.0698527210456074	0.121773147335246
0.127609082058264	0.249450495693094
-0.220096628340767	0.491800746960067
-0.182773800183732	0.394787408521593
-0.595232900322036	1.80783765758284
-0.132285641071277	0.210073843000886
-0.38954370453718	0.808874120035854
-0.0740511487327392	0.0963861116161757
-0.259210347996033	0.530139188119532
0.0319179257402096	0.0477210574357338
0.0797112811860667	0.123923022009575
-0.0413197064240973	0.062633648120943
0.000247781189282338	0.000237975941836544
0.0468055996678469	0.0675277270114077
-0.0679944305898607	0.0983958878158791
0.0845992585269279	0.127682963952069
0.285876741302066	0.54914642375257
0.11508937154864	0.157812349324726
-0.0280731441013127	0.035307214932609
0.0148154917639069	0.0180604980397372
-0.151062510073942	0.205037257060118
0.0855335903620101	0.0888869713441851
0.2017421821625	0.296570933011149
-0.0525061886651642	0.102269702892917
-0.0441551055070806	0.0810596628885931
-0.0797032915812218	0.156197401591349
0.064626361626228	0.124754023461879
-0.355281046369051	1.0932805103861
-0.428906118666056	1.16299768870278
-0.222116522181863	0.395002885296446
0.0889246232378357	0.124948106713573
-0.0234310732674713	0.0283169252336746
-0.47853046076383	0.704832388286827
-0.239958716290538	0.457657380445091
-0.137362932470463	0.238885147778169
-0.391327970607164	1.1217427478094
0.158211096276462	0.303260614702992
0.496442880352287	1.38893656562885
0.304480862902413	0.694310570144381
0.401124322690033	0.871834887475112
0.250500838933253	0.515591069926239
0.446689248121368	1.19389168290211
0.0487393138249134	0.0761460736613823
-0.0380672414335873	0.05979732774415
-0.236589852490225	0.35223104931236
0.0515578028701926	0.0736980336592728
-0.587880901927273	1.67332490825854
-0.0234207943243779	0.0236685147744172
0.570651841716381	1.07867914266658
-0.110908024942978	0.154199784949124
-0.0470684126838092	0.0854358010134687
0.00852275495968886	0.0138128220662599
-0.292073475650939	0.766567600152961
0.0409114301517573	0.0730624844273224
-0.281734766677104	0.720280065527349
-0.475271643950208	1.44164368102068
0.165736276912042	0.264911227307626
-0.0531416667826498	0.0725708524297641
-0.0482111411933572	0.0648228651475289
-0.0437525201835175	0.0454756344278389
-0.175741340146545	0.220554079765393
0.0477161808847165	0.0737750811017245
0.0622153603954687	0.101027082709213
0.168363024071708	0.324528675845902
-0.0553588456396158	0.0858735732219393
0.0379126321868132	0.0611080493504082
-0.0722086101702434	0.111468494863131
0.0723308555568364	0.100641982899318
0.231993503272979	0.457373454570273
0.220344019108233	0.423864664592292
0.286931201367712	0.573422798365363
-0.546683890678776	1.37203747642091
0.0150037831468822	0.016969158039926
-0.192649437662693	0.330896119399079
0.518335272018626	1.30169637582867
0.00104555846524429	0.0010072153756671
0.0516333625228216	0.0533263846589966
0.145407398229438	0.188085443362468
-0.561494093007867	1.16648871913235
0.140183336026886	0.326344218807987
0.127600562137342	0.299489940641796
0.0311412627960177	0.0565759661839707
0.0151569277105276	0.0257300191676396
-0.068631264563042	0.129663960254227
0.239186704714718	0.645162944143917
-0.0867743726480323	0.163327610261453
-0.0076764698023418	0.0103449185498847
0.093377917925135	0.152189834006728
0.358271847344709	0.696135129378075
-0.17074519638074	0.201489856824188
-0.0117909467451772	0.0131632847778156
-0.0688114772609955	0.111563129030025
0.132850200569211	0.244092000338092
-0.0631525032523078	0.101903758791878
0.0895285256091172	0.158922899303223
-0.106108307346332	0.190572908125948
0.494770164749282	1.41599882369389
0.370949779699881	0.85748378387352
0.240953022217689	0.536027084104394
0.297007745305962	0.751277458872006
-0.395477508027226	0.950464710747916
-0.256969033461197	0.600008661351765
0.265993052994771	0.497666181774532
-0.0146527423484257	0.0199656673458316
-0.206925385555146	0.398171570957856
0.0197600448267946	0.0257830404965753
-0.00458233041120605	0.00437910621501692
-0.0477567894195385	0.0909451035131763
-0.0516413560142045	0.111756479368555
0.0482582405875487	0.0939184061400758
-0.224778283170781	0.518739415946205
0.0717343899803262	0.112763804253601
-0.158221546593224	0.274895706846287
0.171977587167534	0.273218955697549
0.12685571056141	0.145287905027128
-0.00894438678302964	0.010699108217771
-0.0414231884949842	0.0677086985705342
0.184734543746854	0.39205895009106
0.0805288367128729	0.140321863570374
0.377170794005017	1.00678084078692
-0.00666981081017716	0.0105306912745396
-0.0371845870485695	0.0594394364865584
0.419916751772378	1.01523337533095
0.100587696914876	0.175189667659032
0.266810205537843	0.596659386622947
0.0604307064394366	0.091478421770516
0.10789769130569	0.171925892896435
-0.105794068460437	0.141596123137006
-0.262284784097058	0.495671032741559
-0.0376872576777785	0.0535613803182367
0.278812170571607	0.434847850953795
-0.146094371299571	0.157657708686792
0.136578118163549	0.195070813931056
0.0643220376796334	0.0849201011970784
0.0234222945336039	0.0441915203950259
-0.106243014251578	0.231762400753975
-0.0494745988396161	0.0895453097166081
-0.194418844731029	0.334996686427954
0.413314390389531	0.896502388277767
0.172480014630124	0.266716791455513
0.162214866656233	0.179759755583449
0.316238953691161	0.448538750348764
0.659091950128311	1.93381816681192
0.155713434459478	0.306584222865372
0.156933879808132	0.331323552001334
0.104260907659769	0.196184589193456
0.0382324330566903	0.0621629375829383
0.1410552932434	0.267864386839249
0.347519545630811	0.718750007954966
0.277577546566473	0.641910016382482
0.585631900705927	1.91241116330112
0.185320007540829	0.354065188297692
0.17637985423156	0.355037513468325
-0.170006067944397	0.26522348179436
-0.107694474440169	0.166865180432874
-0.1693597467267	0.310841307166123
0.429562567111221	0.647003643472421
0.200133562894436	0.231349554995105
0.00151597727034437	0.00188010355034836
-0.065184632901639	0.079569281676712
-0.384302595356699	1.15834663374563
-0.149123222656068	0.267415554768463
0.0188170362465518	0.0265175021839748
0.0576727475911237	0.0781440521380364
0.053174806222633	0.0557485356371557
0.0696298201765588	0.0854567094115222
-0.0199956776521439	0.0307522103591567
0.318747156003259	0.892643697121289
0.263337904092482	0.700842334808742
0.110556518199786	0.226752175368888
0.399021786667646	1.29393045826227
0.165009370814715	0.342983549611795
-0.00343595300747454	0.00456712978037753
0.275843684392819	0.642510586298709
-0.0779875569480318	0.140072962693255
-0.218186686641447	0.417302381840393
0.369839340570125	0.880171406502766
-0.137691760529161	0.187301508195794
-0.0827230746710237	0.130308280344253
0.0117100836905553	0.016976962174914
0.0657354328834535	0.0809176115364083
0.280081088500429	0.364646364470757
0.0170728767128905	0.0215590733554087
-0.192133753914635	0.319906116310439
0.0147866879220649	0.0319220979849347
0.084757282524868	0.209481883628942
-0.0136212656295025	0.0279605605480778
-0.0690990434306979	0.1381712444532
0.0395913077443756	0.0602458845275418
-0.14428027605002	0.257785557429933
-0.135644434006681	0.193920473523388
0.492488952206786	0.847902316124764
0.275433784273367	0.468896883018085
0.0772253002686214	0.146730601848238
0.277738508708343	0.756378968129797
0.121353549170163	0.256273700008643
0.361621139264271	1.16734816594935
0.271436886735216	0.717122161433409
0.206634796773368	0.471678223423542
0.209249409452446	0.40314992653171
-0.0824169954656734	0.145841511571119
0.167028504046864	0.362007746350685
0.144065658250919	0.279506982608459
0.376031475259082	1.06178450477889
-0.228471516903286	0.35438403859684
-0.18934089298953	0.35731213715077
-0.104005812885431	0.182627957616175
0.475621924675263	0.884634354929397
0.0217555209292812	0.0205283932224406
0.295674742052356	0.512672640745057
-0.0988673833075647	0.13913392693283
0.0462317572574741	0.0607131034797146
-0.00318982057193509	0.00473803648413154
0.171990305260276	0.547884022577855
-0.177629452264806	0.527803969427607
0.123365913926526	0.334378160348745
-0.0226103863205542	0.0477502069795409
-0.0183987731282399	0.0345735062009911
0.0256280710777737	0.036534787216832
0.0167659154232071	0.024855453884446
0.114910114043773	0.186679756081703
0.346880313717521	0.501914615512813
0.208366854461067	0.297182212168844
0.0369344864939356	0.0633341326285857
0.300755769405386	0.89354051334206
0.0162843917254071	0.0288351456065076
0.391832489530162	1.24327389221926
0.292129524262825	0.841890876691735
0.290720793964288	0.766983146061851
0.0519709398665203	0.0803151647869473
0.383959629621898	1.09276971545845
0.139741860246702	0.297589595531507
-0.165003073505298	0.300732525720701
-0.0414510105514708	0.0727600526775276
-0.27195781299155	0.468988963198049
0.221278244694159	0.39837615520791
-0.0747428664268315	0.122724273406069
0.295973868326393	0.449161359624666
-0.322112791962146	0.431647357751346
-0.292656404315436	0.433019785737217
0.199397346618352	0.283361123320577
0.020403182345513	0.0284894670276417
0.0393132172822505	0.0943101297069013
0.140063327437326	0.409136444364832
-0.106358251724219	0.281123630807127
0.0550249749327399	0.125505877414993
-0.0537636713527953	0.122890529599554
-0.441132463963162	1.7289748270343
-0.5292182446386	1.70306138352492
0.109095662949885	0.217070644439115
-0.204972639958693	0.416761884381238
0.157458775536347	0.209116858082533
0.397769219790911	0.877404718730542
0.307625143400872	0.849248477032547
0.196923414822125	0.462931021119603
-0.116178313519427	0.250549162492231
-0.142226726799907	0.288110372523005
-0.15231869202522	0.324896721516683
0.0847673530371876	0.169801337180776
0.0826130637736539	0.147286068044941
0.313899646063226	0.74617127215854
0.288962848539613	0.747219442179671
0.321176111688172	0.828448511786794
0.204659615046233	0.47385321442841
0.608934476151054	1.66187933228545
-0.357323008655715	0.880012529165073
-0.422967104840176	1.05812859862692
-0.00316420462149039	0.00373443878747757
0.407575759336932	0.652322230713877
-0.02287487248528	0.0285400925658139
-0.24061849868366	0.408669637649894
0.0048635696520672	0.0067462410696344
-0.177845212334336	0.338191744016875
0.0356919952037302	0.0556712984265694
-0.0485856236588733	0.0718455697963764
-0.042663526158762	0.0711403462926051
0.11611198579767	0.841456514450514
-0.0623487805131856	0.328036848698854
-0.130706425081707	0.703367915612316
-0.343666679974184	2.67668265725277
-0.459782556327259	3.65927519101871
-0.102851015150867	0.384995181270081
-0.0313798188559586	0.087188857120438
-0.294690535159382	1.36648860990621
-0.052528594327632	0.139801207302082
-0.0615606118785309	0.155146743961662
-0.0863077815717576	0.233926903579472
-0.527603883483414	2.44801718998766
-0.322486039334767	1.20600018344208
-0.21605073674228	0.692326004156625
-0.411332494509718	1.61497295185328
-0.654795553405375	3.27930265238638
-0.664112848513432	3.72276801588919
-0.227645257252168	0.674848502247245
-0.354805132402643	1.17562232657901
0.101440972820255	0.211922364419912
-0.334428822372588	1.02638325433529
0.107891054812701	0.24836634317084
-0.0100570232779192	0.0164093078675058
0.331324873006983	0.910371591536472
0.131397484461632	0.272301977727109
-0.0418809606280896	0.0702391101781295
-0.23432448602522	0.565239095723049
0.0634834561485673	0.127172827572653
0.161308029512322	0.326441444062296
0.0823684980754511	0.152103820261035
-0.151820508697253	0.350791940827598
-0.134138319194808	0.267776081033675
-0.331134898320766	0.984228456654492
-0.477945635844099	1.65282939200383
0.0207522150219149	0.0363350854455321
-0.568959710613256	1.86752977541162
0.316369747131379	0.682686452104702
-0.0296113079606586	0.0472457680332496
0.0276934734156253	0.040972750624504
0.110330904666506	0.178780881743859
-0.127346497519011	0.241710025572551
-0.129030312234935	0.243707635136906
-0.0848887416728131	0.131429214146572
0.0853713396915212	0.556768050927212
-0.116127635554213	0.723926192897448
-0.14337922490909	0.812659406109989
-0.163664011690153	0.835972083090737
0.134110332499954	0.579148962688369
0.194771536588047	0.88893936854976
0.27210074300037	1.42149824428759
0.140272118405536	0.491028717695627
0.0620229612292084	0.170669315516037
-0.0602647181577981	0.160561197649059
0.279402735059036	1.06148933463819
0.0656683539095072	0.164063740525102
-0.192681132150963	0.62068895493724
-0.371747368889605	1.51063097251783
-0.501787572455387	2.16079509013048
-0.390114145189889	1.77067504091006
-0.248938315304543	0.81154274527945
-0.0479025529867539	0.101732607763067
-0.289833540890837	0.917820503922981
-0.226506413757622	0.666211995167833
0.121848256165259	0.290094665624863
0.178964191794792	0.420311562510428
-0.142967255521193	0.319120761567925
0.0443497138925753	0.07960350040102
0.063440199391233	0.120942697391262
-0.0430547131643555	0.0810252807255207
0.105605319220686	0.253447273488686
0.00413202803997479	0.00704170679263616
-0.142015797752522	0.301067714305983
-0.0104040653598505	0.0203663157479181
-0.160401292203648	0.361672255407651
-0.0424181739577981	0.0804059074436211
-0.313939330530704	0.921614071790757
-0.306113677366916	0.876663019805126
-0.326110119584469	0.855904554386745
0.35849223719759	0.957351003761372
-0.204205271820102	0.494481649364517
0.0776094930954945	0.130912993888955
0.0398031758939619	0.065048720877907
0.285168448164229	0.766635538385629
0.226122694180945	0.497495441053024
-0.244801618025341	0.609038918492079
-0.1571839313448	0.293442908262892
0.0451149354188621	0.0659124934032522
-0.059067774082281	0.100551843875253
0.0643472503643916	0.383117778675767
0.00941369234651591	0.0381932966425805
-0.024334394563886	0.0903775523684755
0.145610794027485	0.660321110578941
0.423760137429066	3.23608060188322
0.280580533360936	1.67828787332655
0.330559494712522	1.97134506082009
0.0487320803923954	0.144561382004021
0.209726822082331	0.936006356963629
0.11664541955213	0.385358781251018
-0.137394244089816	0.441290729688699
-0.267794507843087	1.13274477243324
-0.106371630277452	0.314047142163536
-0.266931298017059	1.01231121735663
-0.531317547292445	2.16361328056216
-0.0146930240408142	0.0239616563062595
-0.064811027145278	0.108152352914077
-0.0873382275350545	0.122018660988957
-0.227855708933537	0.436486076567732
0.334163270232696	1.10013691313974
0.133546270785009	0.325135689997277
-0.0801890615993193	0.183890159919112
0.0798303703459469	0.169992978657506
0.175243777403922	0.462019910929867
0.0968414721240226	0.218458525678978
0.380767087745024	1.04027890078661
-0.195684452934676	0.459714896062836
-0.0329818702225372	0.0630592838503384
-0.419055681015469	1.33232335690974
-0.106888360292137	0.22616134877156
-0.836084776781144	2.7118918663852
-0.134684582544973	0.269034794971938
-0.432798056476604	1.37801689781301
-0.226992626569325	0.405292523642392
0.357731229294119	0.490311145579701
0.0963951375138503	0.132048191852249
-0.0175329699358289	0.0242311387787057
-0.0942438179153052	0.138620889049288
0.502082036223042	1.06827685912881
-0.00421507330587292	0.00633488988419133
0.0595735800702652	0.106861383187334
0.072082018165822	0.129728863675485
0.031969335962985	0.0523566883770991
0.126168353853759	0.242597132883732
0.00507490174029054	0.00810771381283265
-0.136365718785402	0.277123403627391
0.0663859975470182	0.389604303787232
0.0675429182107192	0.354959318579302
0.284360513713373	2.16089347777714
0.362607462348224	2.90963146901687
0.315573582275095	2.27947811068462
0.127322882110855	0.561321822867912
0.103656570172278	0.403329251581852
-0.0820836929307516	0.278272539659777
-0.283507526741429	1.36897343076511
-0.235281207013956	1.06884171636462
-0.0403897549416027	0.111572704118099
-0.256450316234803	0.688996116837044
-0.435742590642588	1.33278647536324
-0.0440889614572445	0.0612073691251674
-0.36027950170889	0.872924821189704
-0.00269613005425745	0.00516708325645552
0.0647470605089385	0.145999815290352
0.199938830705618	0.581043082020502
0.220328634075527	0.635845942781751
0.131482261390559	0.330398462770606
0.104139623461157	0.22354041613663
0.141898813806589	0.292746004788976
0.386157634790894	1.2473578509422
-0.00835810959981409	0.0153294083360206
-0.182350118138588	0.416848967659523
-0.30687777699804	0.895672739339434
-0.177948675195197	0.322078709997328
-0.250434071523677	0.58220299160298
-0.364768233555143	0.99013866617789
0.167351639032898	0.27135820316412
0.646597530326377	1.20752874452831
0.112925493950612	0.168145718431823
0.46004638696912	1.17356394426863
0.275232927602352	0.498286852865178
0.015945867798051	0.0204845921558922
-0.123518468295516	0.213928804593356
0.261592847825518	0.649189336074045
0.114661608965089	0.22955608215133
0.108297341753353	0.740507369280323
0.318041124583625	3.15592682858171
0.441613604796573	4.6250119715449
0.216449511532024	1.4056212680701
-0.0712567754313055	0.275035165516919
-0.2754529545309	1.63467732262521
-0.322000293080351	2.00486190619962
-0.327817898012682	1.90246076470956
-0.465538238620277	2.95522067754598
-0.413533146100764	1.46492140676261
-0.181753490861716	0.42686289203515
-0.475152785249661	1.44095200974832
-0.712983166636689	2.74368656308139
-0.0647150577748482	0.134535964738083
-0.0732517421507855	0.155562916753157
0.156084661002159	0.380237795995135
-0.147646580874068	0.34093026154156
0.0108761679003774	0.0202869174688054
-0.120414104589773	0.257251258707371
-0.41432722500479	1.1900766162295
0.039047328490367	0.0683315311088434
-0.18893298074108	0.459774147239886
-0.209802134277246	0.497885403685172
-0.437467340975202	1.33398260282648
0.184690845477751	0.361600414896486
0.138475378859129	0.273699711108419
-0.503781439207596	1.64770458521259
-0.0720066540065623	0.107264661539169
-0.00414666888457262	0.00462358672255523
-0.120290757798655	0.20235624745489
0.250943414158359	0.465598767795215
0.287742568489404	0.488795047300267
-0.0505537884762168	0.07470545574279
-0.177257532538347	0.357120036880688
-0.193312199369588	0.394638224247194
0.269974317378773	0.622325341418598
-0.122400187166634	0.216597788936374
-0.222094548859113	0.414720549331022
0.0870929673930287	0.564726137807861
-0.142767996168385	0.998541541789574
-0.351113854842028	3.27757684068636
-0.494801555755384	5.08440434169981
-0.545833079615507	5.3036915773701
-0.540129397387405	4.77087192693859
-0.397361127834704	2.50409662925312
-0.427363952755572	2.27048838854719
-0.261887355290515	0.959262177059028
-0.593993769463577	3.33402842172693
-0.526529843408753	2.65835566700453
-0.362755267690253	1.54982374259535
0.0414474736920755	0.0906194346476986
0.181930505507111	0.479038330690877
0.0645026010693155	0.133380890422387
0.420891654935016	1.37226603505292
0.156722812880637	0.368959201283888
-0.440828273878054	1.40649783395808
-0.273470563058393	0.790786159870861
0.0216092756288406	0.0382200466103637
-0.0292638945475166	0.0524274071701427
-0.00921299867203309	0.0169903389084689
-0.246858078535703	0.623287540426255
-0.0932877742382606	0.18855127330437
0.00526285702999521	0.00880549489983807
-0.37444140906358	1.13961359687185
0.11711846590546	0.223964998307671
0.169064610791129	0.313081866049383
-0.150178393664442	0.27736344710688
-0.0290568517587084	0.0447178557019658
0.0420687066157577	0.0610316659882999
-0.0565474678800576	0.0982005122228591
-0.0930182947708669	0.163252169805217
0.358637265438869	0.896903237314067
-0.454603604299582	1.10275977855987
0.0766836919775549	0.464741604371766
-0.106434122007678	0.651212485059172
-0.24303862963666	1.70231714838179
-0.178507656205426	0.976151349400155
-0.395867009908146	3.04077726541463
-0.255273644939158	1.24984098425593
-0.240788719411056	1.13324459146716
-0.218802456565681	0.938144745531392
-0.369252640675085	2.02041911661041
-0.474146899960239	2.69925772988669
-0.219567192394541	0.694653991925797
-0.46746670380792	2.055579771408
-0.55515180646583	2.20247786678444
-0.423156909251321	1.50098568364914
0.0939389218773822	0.235781595916767
0.264408472680638	0.845974000708235
0.221859635947279	0.662854671845179
0.172606849983829	0.46468748308981
0.00551324101580527	0.010146611263385
-0.347223492064228	1.11554242257631
-0.104309623134214	0.218753480390834
0.0626040419889231	0.11691017025511
-0.0762399091686638	0.156480780849757
-0.230773180342641	0.616389778457626
0.136532389549779	0.292738325316861
-0.0687712786467056	0.117913578680447
-0.350140619900886	1.0463574979429
-0.0259542579678661	0.0440936589242143
-0.168362150232618	0.293155490776175
-0.0589643290053887	0.0804207915366718
0.143091293880485	0.250712629488327
-0.0214902776390758	0.0301517329292636
0.332408604721312	0.675077307541294
0.0905373226375244	0.137381274504989
0.0049000352396914	0.00733976227604812
0.153967393628776	0.315816403716803
-0.0110381708266084	0.0172341850104654
0.0907003114751945	0.582758949670211
-0.0670293102587078	0.339803856951257
-0.206365267493177	1.36113539416807
-0.241521709074825	1.58224533739061
-0.268078360492083	1.59576516253761
-0.254467170269184	1.38717222121377
-0.318677688212432	1.85835366683223
-0.447663356418593	2.98495496973695
-0.465603804518276	2.91384691930088
-0.384209012079597	1.5086563039869
-0.0862054012863343	0.202882508061924
-0.650372632284652	2.15492585895088
0.22522890865965	0.569667735620515
-0.161139726956848	0.453277221832573
0.0728045408416379	0.175939826574335
0.109573919423984	0.298964827577524
0.229505151433749	0.740039548906326
0.013514587581693	0.0281272044781554
0.0750470112485154	0.163672503258102
0.160825763707227	0.366407863926312
-0.171521427584063	0.455957743720103
-0.0938643889159129	0.198123757176204
-0.116309191548152	0.240293755836358
0.127703295991712	0.281013286281161
0.114461162811049	0.186882356126277
-0.135951180078599	0.281433517285256
-0.0334817891573971	0.058725658218248
0.304251301842049	0.581263084118467
0.692836544990557	1.34344142393557
-0.236805192173222	0.391980160977744
0.0418252459936526	0.0625583714729669
0.0320146113539797	0.0403478730597242
-0.173693629482959	0.261928617960886
0.349709466298757	0.87302231098187
-0.352052245106065	0.99283781094334
0.0576843632376162	0.325841823322579
-0.0887571639293461	0.496925605419976
-0.138310058794561	0.762035126645676
-0.265927629793496	1.74638468979881
-0.262432553330858	1.58188451055017
-0.329407205261092	2.15468903910304
-0.16776013830121	0.718190618858047
-0.478885528422433	3.11500352321238
0.0221346072578047	0.0439031743068099
-0.259711159226663	0.739721151874843
-0.598231546057218	1.8107069802392
-0.0579013269098198	0.0980438505684895
0.20206905450401	0.649858547063461
0.285284067284844	1.01302011690715
0.640532746395134	3.76865259376411
0.292874331485913	1.10428527899688
0.0757270973946098	0.183223098434132
0.133681596774471	0.337853657605639
0.213993930441403	0.50528046383952
0.359141862476778	1.25092735908006
0.105083333448491	0.244237379979629
-0.266950803887083	0.695649204099441
0.275523411713102	0.812060221345364
0.291406549965788	0.587575970002217
-0.316647950722365	0.79383528939024
-0.334372278394206	0.911511845970705
0.408849797235943	0.762828501288203
0.161180724162516	0.180585024123506
0.114347873083149	0.166099063904654
-0.165648028131413	0.260516119126252
0.0277052050793097	0.0342871717966393
0.0223540222400447	0.0287166364280632
0.0467597074608178	0.0731049719343609
0.0399493465098529	0.20823833993476
-0.0806146215932629	0.44248564763965
-0.127749327925422	0.677132868354615
-0.13541490913785	0.658155060772065
-0.129004517527441	0.590666701532787
-0.235400205030073	1.30952872013244
-0.369854260400532	2.35064536085824
-0.379124649118215	1.6656511865104
0.0450938703187446	0.100335180843337
-0.179972997562982	0.487192217358231
-0.121441237945416	0.2197341711713
-0.094992856123258	0.173950034895141
0.652519987228846	3.84366531977461
0.279232254553899	1.10201256550883
0.430803368401084	2.09397315111499
0.497522013079878	2.61212974236563
0.195977438555307	0.627554671103079
0.465189024808133	2.17983891095294
0.217515210283976	0.556600644062543
0.413984201111181	1.54631256093599
0.232541974328303	0.677974613221436
0.423016463941116	1.48857264861973
-0.15816079812454	0.4013847454582
-0.304638546656036	0.634870139639486
-0.444196364168181	1.25987472940501
-0.110050200846553	0.225726111386416
0.0814190215248158	0.118083989242694
-0.0524463520672465	0.0862821622924294
0.0744915155738055	0.467542190277989
-0.0536037908947358	0.26457140230152
-0.139023878441997	0.777707148964087
-0.118472323957785	0.585002044602451
-0.171918789342125	0.904518276658119
-0.364212081841873	2.60313095606968
-0.366485745214782	1.76593346008019
0.037456443698568	0.0890569787748239
-0.178299425024266	0.560843559101873
0.134225767957909	0.292875216453231
-0.103064152757814	0.224304996123386
0.457774721164872	2.45689527433285
0.639303652330038	4.64305934155313
0.354668360086854	1.82646122040518
0.423504168698624	2.19238252870681
0.425314553339286	2.16364718088506
0.546321033906075	3.01963362673637
0.358240158051002	1.19708185415149
0.249473928155951	0.847504593690601
0.232416348240725	0.833550065175018
0.301108172369743	0.949624210681883
0.183205603063239	0.539757823782732
-0.182281715473321	0.336204658611365
0.208035032012705	0.496129525040673
-0.295630872054729	0.841316947051638
-0.313287188114244	0.599889639897049
0.160903592368393	0.200220726941372
0.0769601490399066	0.145842716342737
-0.234032921871732	0.588159056633919
0.0760683789809224	0.472075047888798
-0.0684707622276753	0.359516701859342
-0.0730537742529505	0.333061823136901
-0.275414589708679	1.99630855775028
-0.285747716127745	1.86912138358952
-0.234840265660557	0.950831542592312
0.185723033040816	0.628754832066805
0.171347273909606	0.54672089444992
-0.233333628821304	0.576596057371503
0.122056039668275	0.271885340039271
0.543043230613612	3.61958912954866
0.409722347974015	2.22625868307753
0.506459840267451	3.20281307525853
0.384848902089597	1.8798555998697
0.43430414249559	2.1793044648233
0.0134566021980045	0.0259746347533273
0.415705963173324	1.83988632440071
0.00911706014060325	0.0199041817369085
0.483973031144159	2.03686459589778
-0.0527699723377987	0.118111947535363
0.452797693173758	1.21171518154397
-0.459670797275906	1.54350812672866
-0.284000748317966	0.836209979118591
-0.0968771400391858	0.137546974246326
-0.0530145604377629	0.0552991893704287
0.0314813069282497	0.0398316152220506
-0.144388693116107	0.267831309980748
0.0444868214824084	0.240143649675543
-0.0596153254430381	0.309756773067423
-0.14474940025124	0.829477517371639
-0.110160715195329	0.508827664930431
-0.0978223888352868	0.311429935170941
0.341059324248489	1.7118197232156
0.249776305932699	0.994411295023492
0.293126800384986	0.893066423328823
0.345898787835546	1.13526440870352
0.257016704460171	1.08280227928701
0.405640488835595	2.01032696116219
0.357024134182498	1.20027923512317
0.0535467688301865	0.129718166662987
0.248220862419514	0.958205343754717
0.433416007952575	1.75534558104237
0.257914246363935	0.876286182929204
-0.0247480504460107	0.037369738562397
0.0135549360024346	0.0236921073442527
0.0937674750901617	0.188841526158355
0.0000716286528035191	0.000178995138261953
-0.045520122885541	0.0608307947599057
-0.202202619031725	0.347644323381618
-0.0906140193726026	0.16336503007781
0.040208675082677	0.219077168927242
-0.018933577110499	0.0835540238513878
-0.0507831224652248	0.217264401615792
-0.0102432338529465	0.0300455789972164
0.387394086301051	2.43538804319188
0.328108629948617	1.68771914996472
0.468346997926808	1.92792830394685
0.431512177785108	1.62330185584394
0.4725139810238	3.45287531745448
0.493027851615131	3.49831625512748
0.291613770330381	1.48202413645777
0.256769669374964	1.15344779528387
0.472554065736847	2.12077578143488
0.218907885565311	0.839716732172316
0.481938261004964	2.89119318228809
0.34517505896777	1.3655727835677
-0.0147200931117401	0.0322457872910553
-0.257530269377243	0.606018795560205
-0.0407915768647836	0.0774154717832315
-0.154090525002362	0.384678553700609
-0.0189169841011828	0.0317053792200219
0.0362373336989579	0.191372229201509
0.0459092598784839	0.220278708325636
0.0292402640756832	0.101368697867536
0.429110544495586	2.83842992388875
0.419804385480816	1.75124181305915
0.318455729264774	1.23402392800862
0.385874145515831	2.23832296249956
0.465249059558853	2.24142709800259
0.199397389265346	0.747922753851854
0.200587752257617	0.790422783412015
0.238423104266745	0.832066766314746
-0.158258539073495	0.485307305422737
-0.112174731959719	0.226234293546728
-0.0583982100863442	0.119032769968223
-0.2058652259684	0.59644181602887
0.114709764606663	0.182496104780713
0.0258670897248592	0.126298373443871
0.245405470155052	1.93094453874605
0.472269536943959	2.50011439513485
0.202744725155838	0.696421463389134
0.520211358858984	4.19545673760936
0.305214296284506	1.6213130715443
0.375366266604983	1.98165086327349
0.0979974892996398	0.255064794316898
0.28542798065258	1.26692013577239
0.31495361187581	1.40840323420066
-0.026361993026552	0.0585305955561732
0.0264148441666422	0.0609113933228132
-0.0494833989106874	0.0876888830763904
-0.351922943680282	1.21041553620859
-0.378310223160445	1.29636811756282
0.0719723678141308	0.111028005476632
0.0751073204976739	0.471043919029082
0.343228816609849	3.98033612330454
-0.103730496743213	0.598633460355961
-0.312396396562785	3.09141335882242
0.0376245292807243	0.155032983851216
0.399582935132562	3.03545880468333
0.391076461862656	1.90307239097907
0.603226312967324	3.54333258994341
0.432893238928986	1.98082358395891
0.117325356664354	0.304992692580371
0.0291292355950718	0.0843330810392543
-0.229121660941238	0.767710866026216
0.13627208233164	0.341546020715633
0.00183195167725957	0.00442620353000515
-0.342918415391728	1.10751095644992
-0.0998207159175553	0.328531404325931
0.00836912126353583	0.0184659739441641
-0.0650912636294471	0.140755905135022
-0.159403407069833	0.503717488093007
-0.0362406555953187	0.193278912751549
-0.43589445320006	6.07488849517161
-0.217464421479965	1.7224465201984
0.130288537245648	0.729372182477411
0.396156098142624	3.23321133042864
0.460159674777768	2.84022269350572
0.418917865886301	2.12553956186161
0.587789800701934	3.59938642182622
0.140656187974	0.407812989182599
0.163790979438631	0.638908993842613
0.00989789528454083	0.021909764941739
0.257798619474083	0.802805071051241
0.0606749696489816	0.159192537255551
-0.00341420559184266	0.00613113909924285
-0.205255168679077	0.758758380679181
-0.0541999307621694	0.125510098056545
-0.157611243369801	0.397354287690335
0.0527930193587251	0.30943944563752
0.181377229565753	1.49036682134068
0.40677874879513	4.66160632445665
0.261385436737306	0.922253871742328
0.197151868671675	0.615367632046055
0.293505547523481	0.974585112002379
0.159021569929242	0.606305661473269
0.0250990725572095	0.0548085185745479
0.708558133383904	3.23861710803978
0.18702670928333	0.644740818416274
-0.303961365810735	0.835472088408311
-0.0510310132187283	0.136041363581835
-0.0252362888313824	0.0530795345084809
-0.147535048050465	0.361771391168169
0.00951685914561633	0.0461180986475041
0.260699863090034	2.63231976103534
0.461266617173521	4.00351817450321
0.534457287122465	2.53059839599679
0.43771319322591	1.63623524023188
0.347959915095271	0.975982266189517
0.286667149260094	0.740802140057009
0.179778265260526	0.391879599471347
-0.0148749393220823	0.0406544714986019
-0.0643246897056636	0.128614367365488
-0.104937893212259	0.164757356521523
-0.100739715575131	0.280459080046269
-0.0406217675758876	0.0553017426602443
-0.214760814999617	1.10763296202436
-0.225732214466893	0.767646861216291
-0.124330999999646	0.331288643402753
0.0658697696147739	0.399277011682843
-0.0866744415401898	0.469848136013096
0.140178687548722	0.56583002592204
-0.0857626475875538	0.265778301515675
-0.348500573544578	1.5668158157355
-0.596553307220061	3.51503673975457
-0.579402816827596	3.20407125431688
-0.643673248181101	4.2497367004464
-0.601846833839461	2.6239663046423
-0.0400980304759508	0.121223287577046
0.0845688800665191	0.537510174004201
-0.0295868336076724	0.131309522888065
-0.295530412403436	2.46140601787979
-0.412559672392038	3.73053690765645
-0.301614817481228	1.22830072944678
-0.147543267896654	0.407870731181452
0.0247483326764235	0.123331805934023
-0.0337035622276623	0.156882999699749
-0.179147137620173	1.16518079295486
-0.347750832448321	3.02372229345703
-0.404896431630329	3.51908854041899
-0.250800271528297	1.33110075952587
-0.455939995413039	3.9665848272211
-0.444409088806251	3.78810544682811
-0.230398064055019	1.18892790929264
-0.481291791896278	3.45349941373759
-0.24126669568833	0.819200476632119
-0.510504229831913	3.09232466499561
-0.12876746431859	0.393796700352997
-0.0711313897051012	0.132685500650328
0.0304693002928783	0.158722380482648
-0.0921800691435888	0.543326723284154
-0.20747473807168	1.50821795199671
-0.283393788723038	2.12674920274128
-0.322540682699176	2.17793237929665
-0.429970518717931	3.92793900704781
-0.217175062564756	1.33734124309749
-0.209565937259344	1.10141962561009
-0.323478327545731	2.02008206714256
-0.38366772015479	1.67790966241153
-0.268663761874573	1.18982897298933
-0.164341125634857	0.566505766707292
-0.0038628547835923	0.00669108263384766
0.0567531357116568	0.327436489392972
-0.0908241556079066	0.533703940057531
-0.262497226990482	2.10050200405306
-0.290384045229266	1.9821283698083
-0.334885446287854	2.78773141482389
-0.141299709635578	0.761632173116448
-0.108795584706524	0.456321147246168
-0.200959057325379	1.0118963886146
-0.312608286636131	1.18221095067672
-0.271931840548202	1.26402736282085
-0.0659849473741915	0.188385650110705
0.0415128305470821	0.229445468409845
-0.0366070225705914	0.175579843761621
-0.226344604073826	1.60450944428864
-0.185072050156001	1.25208799613909
-0.0272695960919001	0.108865532135399
-0.0212300767195266	0.0742043263513715
-0.153296511644323	0.748771953178353
-0.24735623446012	0.99399728358219
-0.124071522620448	0.458997814975146
-0.1024398048887	0.342861341707435
0.0293744261145641	0.151894323870018
-0.2262058439722	1.865059698606
-0.12714797038066	0.806689341092706
0.0470107163061125	0.212077776777192
-0.109245148575864	0.533940790159324
-0.0525849446505114	0.193223508200233
-0.178070175947249	0.659467451046577
-0.198186012495682	0.825748737475016
-0.0217304358655983	0.109821186710197
0.102656579712516	0.632506483573731
0.108603961715721	0.553433403258674
0.00151418809899312	0.005295857163729
-0.108847073724193	0.426856482899535
-0.0574171997877051	0.214899101985659
-0.191860269339716	0.966099212816602
0.0661345135244234	0.400811145859292
-0.0297844812352749	0.13647415259432
-0.181305514348095	1.13619692016815
-0.122705949779667	0.584908677631881
-0.26576209999102	1.41030234733145
-0.235511048576998	1.24795668470421
0.0278462678019446	0.141452508351162
0.00221642098868104	0.00859566071109479
-0.202624888869734	1.31162850111775
-0.135114977918739	0.538224464135632
-0.0970850115728822	0.390716937823915
-0.023122728831274	0.115137069552074
-0.0577044996752985	0.283254075864506
-0.0812646732458738	0.39725666146028
0.00387337910433535	0.0139244171490519
0.0236709605327587	0.115160216700771
0.190243431674919	1.38157318923918
0.224394850487343	1.69569400585083
-0.121600712455102	0.313243362741269
-0.0126701190067169	0.0615764577743079
-0.188542529568941	1.65874564803878
0.291324849016725	2.53419443531124
0.477911935086375	5.48149037244348
0.0980343123599853	0.181930401042715
0.115270719063185	0.854441538473556
0.211177293533667	1.77542598532361
0.425786652871203	4.54198764366882
0.236802879406432	1.12329672405686
0.187281147051342	0.620076702744204
0.0018027017076551	0.0036022295978761
0.0910558980405005	0.217390150833608
0.028241208038298	0.0571750921911735
0.0461485512308882	0.262669298134205
0.328791583578362	3.55158715462407
0.269079713254008	1.60759060728132
0.206664132018486	0.988686594629791
0.0616972850308453	0.202309791187417
0.153535201657698	0.565761125485977
0.0329441680852251	0.085543938026887
0.0525847477493848	0.137726626492332
-0.170731349781931	0.590198438594788
0.0316397256117022	0.0772249453590149
-0.0749270189617468	0.194096040150291
-0.0667270582728303	0.158058819785994
0.0746217749910617	0.485637544811254
-0.18222054477626	1.66689270471795
0.0385560743514511	0.165684965762701
0.0683373639725909	0.296375591675151
-0.286585705783807	2.09770164674873
-0.502639384769406	5.84578699448902
-0.178015408256555	0.835135013747428
-0.46475420870237	3.64297318336674
-0.163116876521476	0.49084067230475
-0.142968642940558	0.394830031165691
-0.00835342679162043	0.0169645545139868
0.00443046030142355	0.008975507090828
-0.14596207386127	0.398769665959136
-0.447927754238684	1.77680256701196
-0.566754882371487	2.44146938517109
-0.0287078226557596	0.15162871022267
0.3589424389866	4.47949739756776
0.137035898266964	0.835302743352863
-0.328639330230689	2.93239516577909
-0.214860990641649	1.13220697079219
-0.54870878278917	4.5600040734172
-0.237119213549804	0.741881778910848
-0.212633589346735	0.582802011040581
-0.240418834455496	0.684218901527151
-0.0498025290001532	0.106157116651226
-0.211036453244618	0.580446447028001
-0.115539262986475	0.240166542707061
-0.270829835023153	0.693264239812345
0.0904449459440415	0.649087594507497
-0.263804120034034	2.73046688640417
-0.158925395691367	0.901518108171741
-0.522994468924252	5.62344482016846
-0.374459732355189	2.13215248142184
-0.26937801825028	1.1820945408353
-0.269420245313683	1.10878857375744
-0.502241252082845	3.00290369743151
-0.640481571795346	4.28205517826016
-0.434692394821436	2.10685218642588
-0.686940527496353	3.82506118523493
-0.0222128334406885	0.109310531584059
-0.0881256647270416	0.523588041054359
-0.151548420199505	1.04507436700754
0.441962603169528	4.37504051668557
-0.0194663203343236	0.0667127726609986
0.0976581446218743	0.350573218026223
-0.228175845021662	0.921096719185747
-0.00442775645412146	0.010299630340013
0.0528310569110707	0.147790835746156
-0.194069095533427	0.67341536930235
-0.175204287049322	0.549917952746969
-0.297490503975183	1.02003939387648
-0.0108917924753857	0.0503175764917725
0.0135185587498946	0.0592644782041603
0.473606361499268	4.70618296801903
0.308549792202813	2.1359225024164
0.554560930097888	3.46960036056949
0.255780769791271	0.984241968104815
-0.0807016137357089	0.205621005940988
0.142453977688954	0.44208380161041
-0.100195818652476	0.261766800627264
-0.055914486764107	0.124455373571842
0.0422339046297248	0.0837170169450243
0.116826436945382	0.905514917597714
-0.0112754681053812	0.0464585693244072
-0.235073440026415	1.70977204813254
0.0765719956081064	0.264972665807619
-0.225813263050042	0.964443569153825
0.160152265667907	0.541506313398022
-0.122792248244514	0.402495598067468
-0.0639110113568453	0.168492401678419
-0.349696989999233	1.49282231970033
-0.103140641283027	0.243744026272228
0.0130986539279587	0.0604779812800086
-0.130280909987038	0.853466694441224
0.02887014612393	0.105888606258595
-0.0299956611747703	0.0955622837728999
0.00911163210396656	0.0261912176778943
-0.289113047082461	1.60636977522221
-0.102717799303034	0.364267767719502
-0.0886199128482682	0.27947398358344
-0.468377268224596	2.57162213351297
0.1075179652802	0.760052324730734
0.0656427170908326	0.329938014557059
-0.00515046910189365	0.0173238199196213
-0.204873776073495	1.20422779162032
-0.30520976670436	2.14604165614198
-0.436891849789544	3.42625260338169
-0.61216078557218	5.55366443393151
-0.469067658796826	3.13230321665134
0.100792081012871	0.672306736117505
-0.11542544187425	0.687842489787944
-0.215606305343159	1.41327791295254
-0.267308098044508	1.9045451894694
-0.329743102060128	2.39449292467452
-0.197776125226675	1.02390187409378
-0.379323242015896	2.38153381508737
0.0593991070394242	0.328394481819308
-0.155553544270816	1.01191806195213
-0.266254184501094	1.98935940963465
-0.0876068963777521	0.374914395484744
-0.337171630775461	2.28227456982381
-0.369335079720679	2.23880960678987
0.0426043566842752	0.220333459146338
-0.0618461109544207	0.305687383135203
-0.0737729248633304	0.331597455735287
-0.160432816359229	0.803207015873897
0.0647175316334591	0.225516941590211
0.0970840677781919	0.652313082161117
0.0160213017289214	0.0672712777408569
0.00616895356107983	0.021982670237564
-0.00939378022865027	0.0312733025889948
0.0840311217079499	0.529832749253536
-0.0143016265649381	0.0594608430723984
-0.12932645095188	0.709962705028903
0.0534496920693987	0.291813356719972
-0.0890780625650015	0.493263019530795
0.0740881165128026	0.437309724354064
