x	y
1.42478151014315	1.74666550140186
0.376320446273379	0.425059244931177
0.307923146437417	0.140106930018026
0.0822882324787775	0.0404654782455469
-0.00724285174726438	0.00533738472100137
0.624218555290432	0.986666767341515
-0.0341411388769144	0.0194948111975823
0.309452396592899	0.265486432861825
0.366526783670248	0.431044730578428
0.420848909913603	0.490077772120511
0.0904375876025102	0.0856567245709327
0.29995981929592	0.265891458200947
0.307968330351229	0.269708227742817
-0.261172032552105	0.181287195415784
-0.197959329544734	0.144857002927962
-0.580958660448133	0.444752350199828
-0.407627062340887	0.336578982452667
0.328957335429291	0.257661583222991
-0.581793124959039	0.457106940779441
0.829915006157393	0.654445462225397
-0.123347628033253	0.0795493345068276
0.111022737698755	0.0768585345547196
-0.141444141126935	0.114129425655667
0.219406022287856	0.170180072414551
0.876909167722084	0.806234848955406
0.635852374016637	0.393196320481186
0.00350587344711054	0.00303501219921638
0.739102961004911	0.846954939758313
0.197221543709215	0.241704225675036
0.479130970812567	0.267401516299483
0.819166117268165	0.775189508476327
0.695635868113336	0.952137513558154
0.54553178125519	0.895458841968014
0.122130085859649	0.139349699269334
0.0263102322326737	0.0175392055917765
0.0912014641542621	0.0523971113537816
0.814662497804792	0.89666396613836
0.392898932249276	0.24873148872414
0.887369655682319	0.572844439603456
0.394919066208351	0.248947095100005
0.480041788888004	0.361776074459462
-0.860612735144268	0.772753744276796
0.225141282542702	0.16700410950861
0.228112554055903	0.118506248862569
0.313691750404519	0.260293341274888
0.385559819303663	0.345406367304327
0.409456316753647	0.447232400085523
0.309716923459931	0.279076275945663
0.0468443723265227	0.0322475455856514
-0.77850542048838	0.705937147253033
-0.627155797839235	0.397380423111958
0.828576927563202	0.434040893157636
0.342488349783481	0.332321601092147
0.348319669954094	0.33123722411309
0.323201738084378	0.361988110242789
0.000790428049837082	0.000529832626274272
0.657046310870214	0.914960908598298
0.152180287172202	0.139150285131383
0.475001285781638	0.464316102309461
0.296023962316548	0.260654744442805
0.53347188428155	0.478853995090158
0.660710087290852	0.512441255534826
1.42208976821459	1.81029714576247
0.46311851396276	0.352230442003042
0.211241521450803	0.196911396799325
0.400218205236762	0.532035465610288
0.0613290496373734	0.0583910956761627
-0.338350337350634	0.368598435240475
0.0596254191010547	0.0591550402100544
0.0440632138985349	0.0481607593090039
0.211057754193593	0.213147349877573
0.284551677418872	0.387344089264813
0.251595219323044	0.266315624616802
0.288234949126317	0.277416332364902
0.632622000823398	0.682925739707952
-0.129074499554976	0.0986897831353351
0.227246894104569	0.137752894191728
0.390686020032357	0.242757518175736
0.316118532465732	0.423853214936571
-0.218783789644015	0.265184697596361
-0.155660917258828	0.16460950205398
0.0419518828986786	0.0465512109372228
0.134943265354082	0.153688725231391
0.361322418175377	0.433923209992778
0.376215309020213	0.505282385515669
0.410745910560593	0.49707490632853
0.718714250095262	1.14281017850599
0.0632696772432374	0.0581182965170337
0.312077564309626	0.24134686251264
-0.540255492976554	0.555890775469385
0.679170295359147	0.625077140769996
-0.777237244859234	0.702500200972928
0.220784561291566	0.148194100686635
0.882979065802367	0.804884402847319
0.218635283650146	0.24842268192289
0.245249032205952	0.267621990880905
-0.235132967421301	0.273949743872512
-0.000416674609545667	0.000365287436583175
-0.0363716612568398	0.0360308100113917
0.325159647745321	0.429644311573507
0.418505617977455	0.516844679976672
0.385043796172826	0.510385382069629
0.816935515883474	1.45816624747707
0.211338716633299	0.203874320212316
0.432054081612033	0.510426011149398
0.281205493390724	0.274085330473781
0.287187540612543	0.354520762066418
0.776917010315107	1.10961554335902
0.269297697695421	0.263171372782811
0.340366782392948	0.414457887963906
0.00461550842396559	0.00355091729978233
0.270923463401607	0.283543300092361
0.019757039932105	0.0125603395164678
0.218798619014896	0.183286983829763
0.0833721867370397	0.0476871965401872
0.352062347799087	0.251674856490671
0.518951980489089	0.460531656916863
-0.409617772592678	0.333060242670327
0.495855212913932	0.465677187027362
0.319678422462655	0.323268307592587
0.115078005592144	0.109220454523884
0.10099325986753	0.0952443385237604
-0.1684143398198	0.139177225648637
0.138022257911419	0.140732964873333
-0.170251348794781	0.152612195577891
0.31655893172202	0.336696454498249
0.303998251667809	0.351939552898254
-0.307674096506356	0.284379413891705
0.278502988624409	0.286583781116312
0.697763663122901	0.958213696917799
0.214963550611035	0.175449176111202
0.1985028807685	0.170716853321927
0.0583797832691678	0.0436818646455714
-0.333651664698916	0.279398826112572
0.438753181310279	0.437840494547942
0.111798826941358	0.0728563669893059
0.654326913890864	0.790158116854544
-0.204466396703581	0.199150665877248
-0.0636631769511424	0.0439137577841572
-0.61693419375273	0.645183966792716
0.238337591340046	0.151260203702729
0.770865797372095	0.752247017809367
0.425977283126847	0.349024136157849
0.136903686267528	0.102667767422278
1.17191407008321	1.82814431413299
-0.21896202080613	0.172868546071544
0.219162580360933	0.158152287847258
0.576975873146481	0.562773588867211
0.0082284768380205	0.00512508075383433
0.400115540192724	0.357180195346677
0.120366618970482	0.0831786216801075
0.083649219906743	0.0712914781614207
0.113214282807179	0.0767889473864055
0.393681788960036	0.251081750754318
0.338330048511572	0.254463559101746
0.222065832948035	0.149066765580363
0.362830149328327	0.348459654581171
0.143800618015553	0.122265766797988
0.734212745022286	1.4392294169887
-0.134820492527608	0.174233411585569
-0.224007671023461	0.316970802327296
-0.71943969671897	0.986968841430818
0.99178614310842	1.30728354849888
1.107429571302	1.70427734720783
0.425144899014225	0.35164057272873
0.498298231316517	0.365365905977032
-2.18276897561753	2.93597098265863
0.351331229535217	0.239803169451352
-0.0397185157767961	0.0231081712330365
0.235663342394663	0.147274207060081
0.215537848507558	0.164314142926544
0.781399140508912	0.743525757684447
-0.41346075607792	0.305661671818739
0.474856494954898	0.364710124539061
-0.223103007812953	0.156350750871118
-0.0143265307239391	0.00843550767363948
0.414177289870134	0.348356534005557
0.141797382823607	0.108612286511262
0.770756342613123	1.38174958446744
0.216288691381495	0.133309685523216
0.078682222974345	0.0654341197923757
0.568056320552937	0.649570927117962
0.230108598108461	0.186784541253485
-0.0891880175432712	0.070169457341247
0.473913044085945	0.267568775805167
0.225890460979154	0.164797612799858
0.776701208297116	0.929096226205564
0.43143616852087	0.435000938589029
0.131048477897388	0.0974130755134955
0.0420984454581641	0.0301266907674296
0.0290762585844661	0.0239216210896012
-0.407866719399881	0.370700675698078
0.554926957950627	0.56677547120926
-0.688150003573807	0.63305664876848
-0.0335621649063538	0.0273000105163155
0.222590052761095	0.157158760688118
0.487943848032666	0.673715898362999
-0.160931590058443	0.135345338604394
0.0662273500752241	0.0510360952644836
-0.332153672521966	0.284788583626537
-0.536000035387833	0.545099262916795
0.32538551937329	0.262219836408418
0.21251570617519	0.184817339196087
0.581998923018463	0.492517380861085
0.3347989122459	0.263481990536767
0.437642838776095	0.500149268388708
0.500467537746057	0.446663616606332
-0.305563306471811	0.198100475484615
-0.0613136770838996	0.0427635147065892
-0.457214230681735	0.37288919939988
0.486217426809417	0.356864271101943
-0.363390044973616	0.29493567859329
0.117913311653196	0.0844091167801236
0.67603177429854	0.701637982134156
-0.354199780141462	0.348563007416501
-1.2114073476712	1.73096270832385
0.0850485351044714	0.0692758374358819
0.132795360523415	0.10400375024182
0.261543265122989	0.2820954890879
-0.0973857771490237	0.0860110180792234
0.0541227937798894	0.0398873220317892
-0.643187209415445	0.787496752070802
0.81295518073004	0.96469426077852
-0.108446350806243	0.0919594464548729
-0.102186741983918	0.0788292006223786
0.211610083055098	0.214226369230322
0.146745692232491	0.113318307920627
-0.304796829149955	0.271686219992019
0.384939840989237	0.365612232860835
-1.00612883768152	1.36018418827354
0.601358867803829	0.739407036559248
0.955687078112016	1.06698093576876
0.219124123413501	0.13904251500097
0.475072882123533	0.540624333577198
0.686170920478703	0.795221319825021
1.32478274266066	2.3317735434238
-0.239674746321706	0.229040925145247
0.947090578737241	1.07144790574556
0.325776674292428	0.254295002745784
0.49845097579233	0.468957905334652
0.590348864841587	0.579760921052231
0.505931042859687	0.46655036012821
0.585035998042936	0.387708771587209
-0.0231051006222615	0.0168422879122087
-1.30980062174242	1.83462867753654
-0.191761746818696	0.116420747903376
-0.344972410958378	0.346193673933407
0.66566400552747	0.721182005153225
0.089791795092101	0.0784083819071898
-0.196865048315958	0.137666942094678
0.0601287393055396	0.0458734734181503
-0.575033652746304	0.70010524320448
1.44018562950133	1.72302717270562
0.137565067677383	0.115521700613406
0.215711741658103	0.190886436912009
0.65546275441487	0.621138924674988
-0.0622491363045181	0.0430608213791137
-0.708608955697897	0.978410050568578
-0.695284068626597	0.944648560976901
-0.249542781588336	0.218444280773274
0.439286469564682	0.451813006617897
0.562393729596997	0.620956570640769
0.136412615023956	0.120070389047014
0.220326826791967	0.180893917231132
0.80676304854879	1.03646182874722
0.916406835299988	0.88535466979856
0.771073191069658	0.768896321384398
0.220491705216009	0.168265738095251
0.369800880029681	0.254376442456308
1.01522739706303	1.47317425759865
0.875389992613278	0.81703902267785
1.08426223289563	1.21384071847968
0.65221817894074	0.504572439014241
-0.0411408208521498	0.023508300851122
0.0809043496843608	0.0424591677918933
0.0774520191339346	0.0402777532325623
0.768200898164621	1.14714667129087
-0.591206056597022	0.903425036877703
-0.433863244233791	0.543789522605065
0.317525326560823	0.333816435622294
0.218632414772507	0.144002367041181
-0.844869924974248	0.892651895980329
0.284436956139341	0.269185181116057
-0.216070079434513	0.187344519818839
-0.541144588867156	0.543574271411518
0.212934148894081	0.162822724345385
-0.237970135064992	0.203874915228805
-0.321659402453157	0.265360728238247
0.0943476434641475	0.0500181778505584
1.25111529108843	1.35569782603583
0.401734204896533	0.360728800397752
-0.630451123358407	0.576317721168003
0.282353275216983	0.257512072089313
-0.012728039766551	0.0108241569571461
-0.42961102310295	0.539455011721376
0.684614718947931	0.608256063061475
-1.42096172816407	1.18159234706442
0.0291536348152567	0.0194492288661046
0.395222843982959	0.434991472054551
0.652679562026182	0.516556360556725
0.719556521898088	0.420206427354875
-0.211809146898673	0.0812479879443443
-0.655709269847075	0.485295844601093
0.530660476277212	0.377004006394293
-0.129787127513255	0.0835865556535577
0.249110951606416	0.324739533023808
0.15344923591643	0.149128616604091
0.115422171525709	0.123927550402781
0.586360887234843	0.593577506127946
0.939140210941399	1.23747725186972
-0.172254500927034	0.124732568856445
-0.713978124609893	0.67231500396394
0.128246777633272	0.0904710114305712
-0.0104311623158916	0.00769594758216302
-0.171557693465125	0.124100437251292
0.354639515253741	0.255745936623395
-0.168312842658037	0.119836570114404
0.243069100827931	0.140860816193175
0.449034311643042	0.370705606949931
-0.548299274192541	0.366117361207547
0.327267480961963	0.265045120091377
-0.224521746836931	0.181708129300099
0.329962380826266	0.253619312353535
-0.66187275302468	0.697528659493332
-1.23570581715761	1.44681927297266
0.643410252164981	0.690381353769324
0.662145085993267	0.698806264524558
-0.773210815905493	0.849287409263064
-0.184735558406369	0.145146037690646
-0.949801792176514	1.26408555648638
-1.12943109026926	1.12820732020607
-0.596106080506796	0.594456835145631
-0.509240771277262	0.585518205036324
0.421868450093005	0.494784721381267
-0.251034598898059	0.220134108202907
0.297451638252318	0.264075938682124
-1.47278103567825	1.83369167164586
-0.544879250683992	0.474192216144493
0.129372990673767	0.102943372575542
1.174990498197	1.4384565553037
0.114935947347283	0.0756949930966433
-0.648229833052947	0.635793180146873
0.211681290379035	0.191153764014646
-0.0583336911897904	0.0407299681350137
-0.564872451236339	0.523337897360752
0.0415497537723546	0.0282385652971459
-0.306508540056111	0.264653369731873
0.109467515272159	0.0724223054196402
-0.321540094179722	0.309588861423334
0.202549086960202	0.195806365825036
0.669597403452398	0.704654043515017
1.79481409477858	2.06928760088215
0.57074410797717	0.709895986222232
0.216614484667862	0.188348850814193
0.393883120450892	0.367896771057148
0.594681119069157	0.663654002983485
1.15155373624728	1.05471885610977
-0.0419547307551325	0.0241349152385623
-0.183901625075791	0.110595270831007
0.229020266169082	0.154411631677018
0.226901138293503	0.17497852353322
0.0683102231110883	0.0541957965686516
0.142135846408098	0.110735825098672
0.0878912301079577	0.0512157329982196
0.0253586219303455	0.0168569549694688
0.528950152761939	0.559132657329856
-0.438186704525438	0.387687180255551
0.0168746274108103	0.0128380715158835
-0.62087316051818	0.399590158717517
-0.128557683950583	0.0843452633320451
0.552476392318083	0.495257327140386
0.224340026358779	0.16308201018889
0.0661042490873068	0.0506570303703067
0.62400199545127	0.592712309305217
-0.313445079159077	0.209499959342952
-0.0758082337915724	0.0507339654328758
0.0890525291206696	0.0501099730769634
0.137045760603477	0.103121057866626
0.306196814077871	0.246548108428379
0.233540376404909	0.185958037812958
1.10378718416902	1.40733670475947
0.155859321819092	0.137591508005264
-0.227129572714297	0.251587928569726
-0.0180856861681476	0.012892181124411
0.135013404957014	0.10356178750399
-0.318478152210589	0.246331253099443
0.0874729923392592	0.0785787502251546
0.13015168655243	0.0861253491990751
0.862235406743394	0.928223331774918
0.245576765613014	0.14158814293791
0.35166041577621	0.253916810834266
0.505052647443781	0.557575831928494
0.237756465292079	0.149003082347332
-0.363311401443938	0.230452586542834
0.325012608526156	0.258495303901863
-0.514451418469737	0.39676513917847
-0.46450163267857	0.471457794070461
-0.0483715366080446	0.0398545216059524
-0.534647822169454	0.654984889803754
0.0382914902253123	0.0324397202952418
0.19899303224398	0.20069678074704
0.529365944365508	0.376266161592691
1.66142446084867	2.56747013993683
1.39847950594182	1.78272983981626
1.16963992294187	1.31834815806855
0.308439945747039	0.266451988179167
0.552438023292454	0.472076707016583
1.16428955406059	1.28934918276342
0.0144947113340179	0.00939163136671184
0.521393237063006	0.367328773914441
0.109796514785842	0.071280240963855
0.646418029271018	0.39764223884743
-0.532480094137805	0.352703374010069
0.125434009904053	0.0871523049954507
0.107200648178723	0.0695654448270789
-0.168598442617093	0.123932779772354
0.12788649082545	0.0939752950269857
0.0681779408923126	0.0551342055525596
-0.238290295423524	0.22788521830151
-0.846947479525808	0.960169509176677
-0.0812938613447038	0.0622220698949611
-0.00725068171954406	0.00422471529967161
-0.315913969138545	0.241078131627435
-0.0348710723201073	0.020252098495094
0.103483110735393	0.0640621991811655
0.127770864748526	0.0995467133000179
0.870857327616822	0.922301929657788
-0.11262228109635	0.0706212526322586
0.105971302372893	0.0688838725643178
0.936948311099916	0.797863883241937
0.228034302998408	0.146141744213243
-1.08172900474084	1.00271451721133
0.21503742835325	0.146690940482784
0.212485215991755	0.153324631724299
-0.537763921032521	0.54286516638302
0.599930195355363	0.731757983070626
0.22287701538171	0.158585706755985
0.225168701907778	0.153698212298607
-0.189805868805165	0.137891020038878
0.540036284096325	0.457776217761536
0.120912025263422	0.0807299567453053
-0.0377032702969029	0.0216791202919748
0.0991312636469794	0.0611882648564868
0.0946314405456124	0.0539448330707802
-0.626478337832566	0.378569209369019
1.79211969522855	1.80384543715862
-0.868385423777867	0.552857526895105
0.834190947882805	0.447291625950574
0.342845867217553	0.251675742674333
1.15477294586898	1.2789776562325
-0.691651764488939	0.871068162045803
-0.0604207200616109	0.0490664896792551
0.542546779927146	0.630843000289554
-0.74364512792625	0.912848079108028
0.139903803476355	0.138856790452218
0.366423488577123	0.349791338246292
0.378080176762037	0.253315691447119
0.0902786578315847	0.0522439902891815
0.719842245619069	0.414370626957019
0.569258795567315	0.379409224580712
0.517683701781484	0.524246827559623
0.588649641827292	0.572345135574989
0.630934735816216	0.67599957452279
0.566489678976351	0.656933385058286
0.283945427164317	0.254527012895137
0.978283983469188	0.963957502375491
0.375792270567395	0.347067026145522
0.298031077093544	0.266970929672437
-0.757098718742429	1.05311501422034
-0.445553043543752	0.391659803098135
-0.402633995663739	0.366586467813493
0.0921851610485368	0.049384910789781
-0.624797803028046	0.57501164406108
-0.302602512075278	0.201468399334799
-0.521905066700945	0.497967566235009
-0.310721021029592	0.207061924215842
0.335305322753505	0.261031718793737
0.00411074300355959	0.00243632907076018
0.100250631297224	0.0606359549558292
-0.115026107642619	0.0885661469958159
0.215752857354819	0.19217968187422
0.51054544003602	0.474732647609344
0.682642569577008	0.812259943082356
0.224473096997861	0.133640271650511
0.11629193008924	0.0773578012755623
0.499548962157964	0.37204031872517
0.60155403912302	0.66566607139606
0.2172768578837	0.165873204683399
0.0809130239516298	0.0398644794154495
0.74487826651838	0.921141024108551
0.808669452220345	0.879091669954306
0.686617922854552	0.61295913754942
0.0509152697018201	0.0367942283268399
0.545543593583391	0.482147220121261
0.362599540422248	0.357195712032712
0.399027021110952	0.36098970845646
-1.40857220940248	1.79240039737718
-0.129943688000577	0.117963613854743
0.424646569744645	0.361782547786626
-0.0838942912706552	0.0663891453302101
-0.649205255895764	0.764116743453109
0.585879974925976	0.496582872438581
-0.0127332278458792	0.00942973666672257
-0.568176766859073	0.534654690483995
0.119171893497902	0.0838674618645517
0.722195462642039	0.630953286750907
-0.921234629172471	0.982574606770338
-0.867782820288684	0.674181479259481
-0.159224701155051	0.099924941106055
-0.04080317811391	0.0288963013585132
-0.638858138282864	0.644738071849744
0.217082835581696	0.181568203496721
-0.397918314459918	0.360084364837906
-0.160951938488667	0.133022997626524
0.389107574257467	0.438213684507451
-0.296550299984263	0.296189347793809
-0.208845959550584	0.203573563832565
0.551444246397979	0.582370504388133
0.914030881216098	0.679961180241059
0.351211931592893	0.244167303631522
0.31658418721221	0.267017738974839
-0.350171845754604	0.22517093604055
0.393648746349278	0.252355457691405
0.321982883744252	0.34012048555055
0.590213949340821	0.495466793883705
0.0087979750378399	0.00562857976493151
0.401179809755811	0.251293419436911
0.226990085347475	0.147336569948369
0.391147094790952	0.248297036363114
0.68282869028954	0.618910001218247
1.02559005539091	0.720553527640586
0.265803864991659	0.138351282516924
0.0856129208615552	0.0461015374963658
0.838285444660843	0.450542101930708
1.28160211476506	0.538595634184359
-0.539918749101345	0.360606712379251
-0.310004055479452	0.210666410349124
0.348071489360801	0.24561296423363
0.345706565457714	0.25686180769788
0.423000289507306	0.441108699645413
-0.15073887667218	0.160949341486455
-0.0588720757626272	0.0712684571714887
0.327761990981743	0.558826166223442
-0.287060099421428	0.35980938774376
0.74129971434982	0.76127647682748
-0.62378676566998	0.546711559268539
0.31611447707744	0.259051971383556
0.345573209115862	0.243162965577246
2.35946764394705	2.7294451499704
-0.864543582412817	0.569506942291681
0.828500154552493	0.773353375278584
0.95028080551685	0.820639037237087
0.543795680561226	0.280336229603978
0.391759196699988	0.254085597845077
-0.859424386826318	0.558404947200327
-0.725024227842159	0.443767830543485
-0.417233535767183	0.250396828621227
-0.224253421147215	0.249728836775979
0.41977607249023	0.502388113991595
-0.183739806706939	0.111650344162388
-0.218188898587595	0.124878656941892
-0.769982474754905	0.630665310751456
-0.299416723842513	0.253389738161305
0.983042281479393	0.97402635420468
0.47308756616575	0.238000313068589
1.03179412475884	0.746414775401538
-0.582592318833542	0.237008278804709
0.0920319978965042	0.0527614102756761
-0.581631108676941	0.234564935417828
-0.376932703288508	0.107372891898045
0.0816960703004367	0.034522905916708
0.390795177198404	0.152998505674002
-0.372906995841504	0.178377915668891
-0.0920955850616647	0.0896775733850726
0.153012199275836	0.155029213687572
0.143183871782985	0.162832676159765
-0.137366785734478	0.206226842476831
-0.16643194429139	0.209629657582493
0.327819205707323	0.267749830283785
1.29094720666197	1.11213653626696
0.465871682100978	0.17006053637181
0.794283311755236	0.911181286140854
2.3011684701108	1.1694572685461
0.43514033105477	0.601321839610931
0.46422134173593	0.364998407079307
0.862235406743394	0.928223331774918
0.465427138276286	0.358611656392654
0.482442806080361	0.627612568228252
-0.0628033687378959	0.0507578341259853
1.7279574609445	2.83352621286733
0.275689774205165	0.139560468441998
0.524009953993379	0.357496248109144
0.446397859445232	0.449619568289322
0.308978963959739	0.263631479732029
0.682282278306031	0.812297842385374
-0.0806911410788291	0.0644066232680222
0.217155440130286	0.152148355202794
0.457104340828132	0.465206294229178
0.219581397946038	0.166954050866271
0.790128580175275	0.982399535118482
-0.313062976447646	0.237368234283584
0.470500788024408	0.260748846886578
1.79561184187655	1.82589048724007
0.228196664558587	0.139309250390743
0.234493306652596	0.147873387359585
-0.846514592357728	0.743975713925206
0.890388870039096	1.02263344325124
0.100828674544237	0.0623195703473975
0.900788070313334	1.01899892542078
-0.436413463060831	0.455748961902312
0.49817586113086	0.619961617088619
0.496962053952206	0.755512391074244
-0.132242203759838	0.153274407223909
0.495105978715512	0.534758057330315
-0.31421322094718	0.235474613688885
0.331452590990483	0.253805104446644
0.125573939707216	0.0926784933302146
0.767026182104502	0.657233753343164
0.12788649082545	0.0939752950269857
0.847618244944341	0.670527614212509
0.456623104104744	0.375101149230791
0.0264169532348012	0.0177455313659215
0.210380331293858	0.135892587718609
0.246119067303346	0.135887049245812
-0.171532542704324	0.124843228197152
0.705264952191599	0.529013381592479
0.00861340158645669	0.00557843625573635
-0.0638189205231536	0.0438939211840959
-0.161030534974827	0.143910485827764
-1.17148895511509	0.77788462219815
-0.273773247864361	0.146845072742565
-0.671110716576533	0.54522703942449
0.776093380445526	0.931283544925565
-0.000811874905027974	0.000500152076258064
0.250484995227692	0.141407817629208
0.246726834138854	0.141609531875163
0.0820217427008378	0.0350456202682326
-0.623543218555177	0.404092949990915
0.71587500590572	0.402736575984576
-0.581846714908246	0.451770965118585
-0.194811764417133	0.118373750050197
0.943437533548474	0.840802494733663
0.0804667256458645	0.0435320699016113
-0.159770147080251	0.181403435074299
-0.113775641961505	0.105424183365862
0.544791208547685	0.885615645116132
0.473456848873418	0.957675525431673
0.241710012763781	0.332264628633862
1.40340330948992	2.04829449046667
2.06633029593796	0.930156361241897
0.313422869675435	0.338008050600326
1.55030648663513	1.84358524403661
-0.122581926664903	0.0556648589288718
0.153588414121046	0.146097986937194
1.10256214653355	1.36462807110032
-0.304748719452557	0.15360695178116
0.0265723612295573	0.0271979929762408
-0.0091090637341945	0.00636104779978622
0.884993457201925	0.811713102470157
0.81275330325399	0.755057603775707
0.467098140511732	0.370196835365154
1.16897077471173	1.39980100789873
0.81078653184186	0.877895734071109
0.949010004680196	0.843616709348287
0.77581183798292	0.872667259242326
0.546075753488523	0.481559509954814
0.1085875740603	0.0692444303284217
-0.537546490587405	0.364312621467727
0.712512913944578	0.524565809593783
-0.622171697301574	0.392488237138836
0.087438866996431	0.0475756129024213
1.27662052732336	0.579787031336269
0.375240683654362	0.251617101550024
0.332569715965275	0.148783475246266
0.497074633841282	0.376463508250168
-0.0553502759106659	0.0305068468022532
0.353219112007927	0.348915012939848
-0.117872989892489	0.102558272175862
0.163436432879113	0.185933199284972
0.256240063648811	0.393467345802657
0.0740031870726866	0.0823571151178308
0.509347786611078	0.581610724486835
0.224063677957359	0.164396143977555
-0.027081204463766	0.0187817913048824
-0.248624850247095	0.191451101763881
-0.41235491035018	0.251231336142449
-0.140013595394473	0.105274781690708
0.644479849325334	0.404965141643064
0.336284077566794	0.263454326042652
-0.226303787502797	0.12707044861886
0.829454984167404	0.787988633709384
0.772514265276943	0.657677422701492
0.1073913554954	0.0697845075441479
-0.3155033438447	0.163696479613603
-0.54514720443321	0.370871203129743
-0.479619865346661	0.492430153172732
0.21879496994844	0.248109036266169
0.708448504684613	0.519809811883964
-0.693228142975274	0.669053040298181
0.832026561384644	0.654853465512333
-0.143528425541994	0.121163482834189
0.0609389791919771	0.0436671056681409
-0.35912436774913	0.267081924762695
-0.420415602881759	0.305988847574401
1.33039820535898	0.984497515031944
0.0899981287202577	0.0507267121076286
2.06694585872518	0.936922662860552
0.470646239356781	0.250296653911706
0.0940072735146092	0.0316219099764877
0.631815595189013	0.389223539374605
0.0820217427008378	0.0350456202682326
0.15740544827105	0.179143173041439
0.399331890119636	0.435102935721725
-0.185620396675362	0.204554499447014
-0.1896125257703	0.32206861180998
0.140726495403311	0.196885958020579
0.625703771585399	0.294967233357828
0.08865830005751	0.0307081857326401
0.585287618242754	0.648363898610023
1.15548103000893	1.05559304657333
1.50478510544793	0.750720525538542
0.199345584160142	0.183566622908788
0.919611619087148	0.672096564624495
-0.550867182860961	0.291013314776035
0.547115715223625	0.487295130559204
0.0199030935382172	0.0182439981777174
0.483895720856095	0.46476910219233
0.0308583691047475	0.0207783021491025
0.295427640504409	0.257583633391378
0.526348898324412	0.617325230128504
0.441859420137144	0.458494022552389
0.221410290812034	0.17766252718267
0.419719278323095	0.364754220438388
0.0060190746667176	0.00462335019351409
-0.539299307462627	0.619236792524441
-0.495094548221645	0.434343586915792
0.640435049996836	0.614099511717734
-1.1089557131223	1.43909828177172
1.32553063881689	1.62549738486611
-0.220488757409201	0.156343640409857
-0.558267158616029	0.522115506997194
-0.182741563279223	0.150149470853672
0.0255153225507295	0.0170516720003788
-0.444410455623562	0.422388850124917
-0.447128079992899	0.393191244579196
0.644643477727624	0.61755300858824
-0.364433457120858	0.372473887573596
1.01817170530395	1.20120064152068
0.46984662066988	0.454618707088336
0.113407387611224	0.0767874385634174
-0.984584646569204	0.846127611785975
0.731264153524163	0.737178126777982
0.605879877658216	0.672381031951004
-0.432806628634933	0.448793723881403
-0.333193156200297	0.30435580669305
0.205503526834206	0.167131760657129
0.507103785729213	0.47828191489244
0.320736089507643	0.270481661383269
0.126560192384744	0.0898236574025941
0.702425850648882	0.804905372213387
0.773005905121093	0.950683751689959
-0.37489098073635	0.364797737619455
-0.410541679091163	0.397739670410589
0.213184227724629	0.188612714532837
-0.0648201647149221	0.04464859187808
-0.0952148460414641	0.0738928970767561
-0.174858261050947	0.140614167437374
-0.0490148526459211	0.0380533035989567
-0.911671995882031	1.1110832798317
0.313745923015576	0.271037033505999
0.908480286321733	0.908924336417625
0.45284663044668	0.460409730765871
0.550675538870511	0.492978931887553
0.430674263979896	0.366086291366467
0.572868614629438	0.368931384163915
-0.126538132913554	0.106023975094246
-0.127725848571261	0.0836430929771103
-0.445212994136035	0.382622852561103
0.0637384883219209	0.0485473604004099
-0.161412493540025	0.135217776568868
-0.243670713508974	0.212474907639588
-0.551029474238838	0.565799786717851
0.338944412642512	0.265585528264746
0.461827415162517	0.36287504430261
-1.01858451606931	1.03345354718949
0.210157665142742	0.181864522765141
0.472128305018856	0.461967717099779
0.444891632616439	0.357472112133056
0.226158917345368	0.199637640307979
0.393857426042418	0.423284574932655
0.206910798369385	0.192917273386221
0.300710346481022	0.25988883657945
0.158388180430733	0.150575349551111
-0.186976917048318	0.113664925142315
0.648881338950663	0.616765747526562
0.228143073689099	0.171425039804234
-0.0922179388528666	0.0452909475538793
0.583349981163371	0.493831426207038
0.0589827033742007	0.0536556852397959
0.406220200377359	0.432781902529093
0.636180195006664	0.587001786704269
0.00206213598314014	0.00123544235271683
0.567785362120229	0.58776161404584
0.587704459897669	0.57962677835679
0.339144748692008	0.330794653948543
0.686531357755906	0.870744912818693
0.586287592017702	0.627437314881699
-0.548241091055497	0.637505549975742
0.195422179841984	0.20725826907287
0.374804532996474	0.350889645726694
-0.470998039966432	0.333350258525538
0.321400346346661	0.260979879425787
0.47035194657346	0.366871796387877
0.578900115851402	0.480324759757618
0.220419146396422	0.170340757022316
0.0303250477657021	0.0206647217867941
-0.194974379123643	0.13816643488344
0.0147567997929897	0.0094757322531365
0.0166880592509342	0.0107269526904848
-0.154829588398653	0.128864354739055
0.393948960081089	0.355873470139091
0.125581835041129	0.0831446674741451
0.315753211767439	0.261081706389981
0.568209240359179	0.474157072167256
1.95067279373924	1.71062824780747
0.913642484512876	1.08879607723758
-0.253526601728797	0.23166975436333
-0.865850898450418	0.747156402086098
-0.399097446282625	0.351852876609758
-0.625832481943427	0.584130056875359
-0.511022743269029	0.484014424893722
-0.217588678137481	0.19311100031044
-0.480940207309947	0.418230639977089
-0.401098164148532	0.388651352116426
-0.0519794185911077	0.0364028080256989
0.0213304351966886	0.0178439338660236
-0.0487001889974731	0.0396807186424933
-0.953223232599626	1.29330697524675
0.531963818464752	0.646828031103339
0.215367056171121	0.176694373678519
0.144482767049405	0.122214884951609
0.00358999314057432	0.00259352697668954
0.824534680011578	0.896865977712879
0.227562282746371	0.16905772583885
-0.366018362175962	0.25704175175789
0.813864098808614	0.868903578922383
-0.401018159565187	0.330568639476128
0.6463465569457	0.621470653789529
0.722910644679163	0.639710854706525
0.0284371219238738	0.0187205505183633
-0.313858081538445	0.208295715746074
-0.132286290171101	0.0949081253066342
0.221530254160342	0.182550615362744
0.603706844973721	0.7399633388148
-1.8738098284994	2.41525507756132
0.469318577208248	0.466941629187032
0.0579887813930901	0.0433284851347366
1.15939985335743	1.32515409616892
0.396502288030697	0.252909940450894
0.477522568324168	0.268404057147586
0.152601572460086	0.123772999266241
-0.720610163875664	0.757652059402365
-0.847137976085801	0.854404132376546
0.0460703605146307	0.0336332248464096
0.338985897356783	0.259707388410308
0.612757854182527	0.597169932408313
-0.306415436808929	0.277941961381042
0.223629035913132	0.187678213297295
-0.985428228931403	0.848643499606696
-0.0777469874596398	0.0408071351214145
0.90876895497084	0.903570076490879
0.645684122397447	0.604109707178858
-0.0184411704361786	0.0105267176455632
0.71301991466214	0.625295607433254
0.0330771401534516	0.0212861165129385
0.922516717535779	1.15522309869315
0.103579534173357	0.067785656986829
-0.202402268161647	0.162392925034716
-0.544502645809206	0.555733801720477
0.13620328205487	0.117949341611996
0.223272806788817	0.17192414083516
-0.21056414340305	0.188507371808194
0.211153788728117	0.17606905779666
-0.00310358070774605	0.00186503298891078
-1.00723311958484	1.05310311977202
-0.355012042036324	0.225737254718517
-0.684684593389824	0.566392545669349
-0.577118049127976	0.440488717652876
-0.225336183667534	0.15707314359359
-0.0848230760434749	0.044295341518484
-0.00535035090209555	0.00326022874754596
0.273237087746432	0.27064787575134
0.204588790038097	0.182954782697319
1.17683231709172	1.4332497925412
1.14034481438084	0.924064502848223
-0.469229469066061	0.331442275763102
-0.324994668265261	0.272468489940486
0.781050679469165	0.757797985403039
-0.578939033092159	0.443631141245412
-0.677208361570601	0.572703692296007
-0.165047548267331	0.121839858770266
-0.124190435429439	0.0807526594451181
-0.30562281673683	0.199145741350421
-0.455669686495014	0.371345332296513
0.208663583779101	0.199846310257753
0.0962489417653639	0.0810983046172662
-0.994110169220034	0.730342378403486
0.220236451552045	0.156447688626969
0.226826628164823	0.174036471320066
0.738092145075941	0.844879900615365
0.0406319876048744	0.0283035782359282
0.569344058735001	0.466415291991307
-0.315939482370494	0.163833085304647
-0.0241728582607813	0.0141459722439495
0.817414806448876	0.793294098791785
-0.553495292169259	0.300289022204652
-1.08219602527299	1.00579285351892
0.723783442480594	0.64079833741099
0.103950720132607	0.0632889384332048
-0.220345510479606	0.128265317652924
0.201596710734924	0.188241233053635
0.331412361101511	0.413800350473592
0.0966957089910483	0.0905452870939765
-0.714531632967366	1.38883819381475
0.692369147667963	0.948793939950618
0.6352508092393	0.657880794552461
0.707212711698319	0.513035002154817
1.46288479023413	1.19607676657596
1.36859292993255	1.43654876267341
-0.580488094414448	0.448733314108127
-0.127594008233514	0.0573813618904396
0.713926546890527	0.973498259769241
0.223385581578213	0.142030096675621
0.291645140089249	0.141634689289189
-0.228668803061134	0.184307945298881
0.933796073458558	1.22006283881569
0.122246238562571	0.124714267044044
0.213424636880241	0.199032317841013
-0.051379506638339	0.04704796404086
-0.0212408255298359	0.0197616727999071
-0.0455440096276762	0.0377765478921963
-0.395057860225227	0.381063066842769
0.127413953720667	0.0916795671617715
0.893398757543783	1.18988357747975
-0.11093301630401	0.0521318414553196
-0.580250539747861	0.431169288841895
-0.483295230509056	0.27044973736431
0.5817134459502	0.389487215518337
0.482404005341997	0.466474266723911
-0.477612915104915	0.454985082619032
0.820201843576118	0.895987944527913
0.308469718082176	0.250369335364067
0.860898391764458	1.00083916224293
0.338073610222201	0.342257530274746
0.209510744968193	0.179947505703555
-0.0523114297091083	0.0370918563169343
0.201120678315471	0.187739847444225
0.358032832826102	0.357706054588388
0.667423995411794	0.712871421162619
-0.628080425749854	0.709751642474857
-0.374284990900192	0.33680652737415
-0.476615138078831	0.333699428886753
0.777617893437985	0.779880744281566
0.242150028471766	0.140270406407631
-0.224566805472449	0.12814125511309
0.102051096027446	0.0623778173753348
1.25469319589861	1.49735979635448
0.346509590144102	0.261857518139013
-0.124815325748581	0.0917496828759179
0.219432896737124	0.17423364402726
0.23202023765018	0.163868628662539
0.111519476655432	0.0764668259294401
0.515144749147989	0.540806488674493
0.526411517448667	0.380442753193678
-0.413543090664287	0.247074688098992
-0.0743799868001281	0.0582450677420552
0.214538097427235	0.218776480276006
0.0653060796872821	0.049341132884853
0.0342533617693004	0.0228412326829254
-0.0388365192097497	0.0225674639827574
0.385679559236696	0.355495742771839
0.728643238713686	0.712838173182062
0.371187707701859	0.350890700869871
-0.223011035507933	0.155956531144423
-0.85704416003863	0.486583500103516
-0.0216778038588029	0.0124888005531407
-1.18937590641996	1.09060755794031
0.50174334322493	0.466620427010873
0.57192084899055	0.472501663532002
0.0136335107014142	0.00882699137349117
-0.960147130106101	0.915436158684365
0.359817550459492	0.363979200498076
0.00895501765801843	0.00695907058380822
-0.664795970426708	0.707510494502531
-0.455568780397222	0.366399898319488
0.634004369455932	0.589568961820966
-0.27361205086484	0.237954669505778
0.694649187328301	0.729853301897633
0.549774185547945	0.488990327517275
-0.670325021306239	0.491660928817545
0.460062817217856	0.352085640221875
0.955358002939637	0.84165502721966
0.968374993948976	1.12102023182827
0.214129487430576	0.139473010127355
0.335722981176228	0.251639420052554
0.297530478353928	0.260040934900185
0.132116771855843	0.100224708781429
0.445511618371733	0.448886041684891
-0.2014118601663	0.17510140187983
-0.624879202620596	0.72956051235003
-0.60026367591958	0.740019326537512
1.16693300182781	1.63980534828247
-0.649207344969467	0.821617264152931
0.844881016399517	1.09160088506826
0.142497476022575	0.123247675182571
0.0340119082375697	0.0230602235927436
0.881793062417752	1.10151135006826
-0.17399330679324	0.143664410210666
0.117945902164028	0.0801413018040324
-0.12366256715961	0.079273406490183
-0.154399728434339	0.0982902243471048
1.03424413216632	0.746043823870195
-0.657007637908217	0.483766576305711
-0.0730695079550314	0.0376962626490188
-0.410419689500278	0.248576647808517
0.232624708160098	0.149646693350928
0.45796238399718	0.367085051455705
0.226060303711723	0.136479517040347
0.339683211543596	0.256421928958993
1.0512545558132	0.830995046654049
1.26847819098743	1.24728756730893
0.101167665913429	0.0621321126096528
0.0879623813657237	0.039571787727069
-0.120711520705011	0.0782609309815614
-1.8695160028678	0.769298550506298
1.55474854861278	1.05670798739647
0.293834874737014	0.142286993525615
-1.03852411029586	0.53070781957996
-0.102060723829972	0.0494332164412129
1.03295567990186	0.733430992176586
0.575511853250161	0.37414760061315
0.787813434369778	0.542821614345044
0.368244486673076	0.23842508429529
0.136606791448604	0.095526176672462
0.319428074860858	0.135697347158892
-0.267378608678515	0.147635141551254
-0.407577702709334	0.297197737837225
0.625733719979546	0.294908739994208
0.0716054647685653	0.031562674165131
-0.128009807984601	0.0577806422002235
0.386440238521533	0.245030291818372
1.28970130170542	1.12545670765916
-0.0754942584773007	0.0386337390923683
-0.171532542704324	0.124843228197152
0.0856784697037348	0.0729348292418038
-0.0292987792744579	0.0169619747929139
-1.23049369829311	1.05492377943218
0.704347499245716	0.515953562713283
-0.848070282510158	0.941022750913523
-0.540381486778648	0.360675762695131
0.235721279469016	0.157874201334555
-1.67771352972977	1.22340200862909
0.0813881637093326	0.0342561745335399
1.54885877575229	1.02493365021468
1.18105141863058	0.765777720158637
0.834522008704454	0.446394414578797
-0.72009874893065	0.44108323546947
0.999695934425481	0.493021312799532
-1.29804685494319	0.977957383401707
-0.0195774222714242	0.0199470213636929
0.283006957412288	0.252554879237396
-0.0828635174850428	0.0832907227448228
0.00213091872186567	0.0023187679983805
0.168892295294083	0.221963427778965
0.220249860831425	0.187091010103874
-0.168419398012233	0.0680941560290255
-0.584248552888209	0.22618378505666
-0.167277393637964	0.0697653288883947
-1.0442339966281	0.546632088395505
0.625373151166759	0.296052996581659
0.326788862906363	0.266500539182261
0.0820041882616379	0.0409740622385801
1.42863181046749	0.477492125110696
0.138440527596417	0.114176693569172
-0.862356916237836	0.581685016339098
-0.87223860088189	1.64946716514547
0.138526906070044	0.107017552059682
0.000598382045331637	0.000542843492033203
-0.076645658391241	0.0839893500927034
-0.673180333769304	1.43347903985072
0.00579500804787386	0.00538691970133756
0.0244130716261146	0.0199181312416777
-0.126288035762992	0.117149105698414
0.21250426612501	0.243297758940421
-0.547278819094156	0.469330315639719
-0.221461259050871	0.128112317495353
0.286676887454256	0.136546553867913
-0.666512120631954	0.329256659076913
0.0776597330103242	0.0329131877733689
-0.584017950779065	0.233270285937655
0.492897170470326	0.448707707768955
0.0944072689183351	0.0538184438116212
-0.0798456763703234	0.0546728819183527
0.224230543309973	0.153570770072442
-0.0605038982189	0.033784522076209
-0.110876793854387	0.0530996755494333
0.773584547924423	0.515838191696823
-0.0793069888278588	0.0542306188877279
0.606993383990362	0.594158903521025
-0.12684288686678	0.0833592836611124
-0.979921448667018	0.840683432854896
0.981962197852556	0.988618672268253
0.458621461845324	0.368450170154844
-0.26548219971073	0.185710488712693
0.219912470215496	0.152641920956167
1.16572219229833	0.911694241319839
-0.555804617628986	0.295326084302827
0.0812500425478398	0.0404532157813421
0.0926251577823884	0.0316587306583375
0.832156909356245	0.65668398832397
0.655262148929199	0.474402577202591
0.232654908959033	0.142792844911882
0.739111751989588	0.384756793525606
0.941213786818551	0.78741729900082
-0.110876793854387	0.0530996755494333
0.0873982360873329	0.0403539270062175
0.223847953344204	0.158455911658491
1.15581921403359	1.05915066364478
-0.0555719466398012	0.0305465506095823
0.304365644785385	0.248488188083529
-0.690672975062767	0.635568650769747
0.493194401146203	0.374587919802268
0.393696144410247	0.244880224427078
-2.18998978077791	2.25326188653755
0.215360952478434	0.187272242587174
-0.508302127725629	0.396137511926638
0.0816206665438758	0.0348590425580261
-0.101834300897097	0.0503290355284908
-0.311485772270583	0.159509654281314
0.389741461433809	0.154465654427502
0.401462659306732	0.253274124919141
-0.132219149077658	0.0588639173042154
0.251270169440025	0.14171786942409
-0.359093958737478	0.231998326289455
0.728639054958461	0.423402597857627
0.336333300177096	0.407664011149197
-0.190553894576568	0.174153696394862
-0.231972002768444	0.234317907073925
-0.0920304395623985	0.13136904498793
0.190795210289671	0.254646503345444
1.00050489295346	1.10322178676744
0.324664245560716	0.144501645718787
0.0835429355056079	0.0319595750382102
0.26722116616025	0.142188087199747
0.0854500899495609	0.044537578806971
0.199828826084791	0.181842376910353
0.537521437143376	0.273554577509786
1.2094691821665	0.674378928588527
-0.00492752425347413	0.00288044837726414
0.0957091546238614	0.0549302341880797
0.183420619868972	0.213632011711301
-0.0730362002295001	0.0647736198314164
0.0990717945929023	0.0971982218627699
0.140665030620729	0.17661789529343
-0.0225251546946273	0.0247737961765951
0.318855019620107	0.451734433246563
-0.184785109651365	0.180750195183452
0.167493042216805	0.172801894435786
-0.645032398631423	0.915776400116685
-0.646001805188954	0.638765297867874
0.478352554749739	0.371318536469208
0.136149928119394	0.0351567872193512
-0.212649425975371	0.0803678001222219
-0.221834949478298	0.0820644514216619
0.0877050694173876	0.0299113525036963
-0.216367061085302	0.0823095204404354
0.0826466994457989	0.0315916863143365
0.0705326987066074	0.0695102114418824
0.126691326313619	0.0915821155130349
0.615265945456698	0.610282713174651
-0.129988280569713	0.057377189262388
1.02868387023668	0.692529754426009
0.0765558483273366	0.0354801849541187
1.70126467959704	1.60644817044977
-0.474937706907142	0.321321993620452
-0.0747825686447161	0.0509786455555363
0.233247387018343	0.151756852773068
0.836695649849788	0.445157579941614
0.307760352198506	0.26646512762261
0.226338190212625	0.163149135125073
0.65682798874923	0.510184272206453
0.266404969793945	0.137928168617976
0.0726113246436286	0.0358701251851958
0.0958816824013075	0.05050953859546
0.244249757313566	0.138088798119395
0.471558126062996	0.173900761007562
0.43499494251187	0.259884854066371
1.03691377528389	0.744822568837272
0.371445281164209	0.250682519273117
0.401774976390572	0.253713085349514
-0.611682581152798	0.384330244880446
-0.868915209088703	0.670711831760601
-1.16190127279318	0.800718757394576
-0.183172763234547	0.110507479485005
0.947597988102691	0.833780912643134
-0.264795712427045	0.147733353339727
0.0841200363130937	0.0342566662198694
0.035393776391802	0.0245199588029965
0.313716501744905	0.359464315895631
-0.720580115829052	0.432637954904319
0.323193991761717	0.143432071140102
-0.474345310024195	0.326864850850837
-0.554115393929399	0.576540580526883
-0.0506873373527328	0.0360200712492229
-0.471544019405378	0.45486367632223
0.255994761791415	0.143833948927682
-0.76441766036153	0.529529372953153
-0.871125564036489	0.592882718105285
-1.39245852429757	0.875337107799037
0.539036224013886	0.276641593348037
-1.02075683398317	0.644105965214832
0.0813881637093326	0.0342561745335399
-0.717491671356728	0.42383178061593
0.0673070208384416	0.068580602545853
-0.247454918089193	0.257964429247552
0.084104498422672	0.0913937691487317
0.0784822381089722	0.116765603712359
0.565236378823291	1.1301896807215
0.216738035255067	0.168151462091265
0.0828720610580768	0.0318112876215164
-0.469422568708617	0.201185577072024
0.545182728737033	0.276227229470904
-0.861469255639057	0.577392646086252
-0.162013361504737	0.0676250485390677
-0.104526837752826	0.0806893250658509
-0.0196256456977642	0.0117610678792889
0.921147128479699	0.707316644957885
0.115657304599671	0.146485791171759
1.0200703044093	1.77626602453534
0.0445666432544576	0.0394955163685133
-0.478636021174489	0.744702625365809
-0.457615868867861	1.10391469594356
0.152683364236052	0.199220242579892
-0.762621815916537	1.18353204219923
0.529331236478542	0.795168802809652
0.0943322706272319	0.103257276991413
0.222299532321087	0.146976810559045
-0.415599872307749	0.306613350464735
-0.276634992473252	0.0950034649741594
0.0984221582919077	0.0380054010102753
1.43233202051574	0.457708556804036
-1.08101831948812	0.457426544657416
-0.760249146552439	0.534461710275718
0.48224719239858	0.263942637065997
0.0799381000876651	0.0304759663557584
0.266296902782092	0.257425124360317
-0.282255863413062	0.221877499341215
0.109466340661097	0.0697385883132326
0.348005284306525	0.256506813037124
-0.543536366761035	0.373496578373088
0.128634236293049	0.0948420141480646
0.888333647720082	0.562465459527577
-0.0290734083250836	0.0205822309626819
0.123518843808267	0.0873750949371481
0.121415865514241	0.0887141433303787
-0.221084141731416	0.197428009869557
-0.298112111680154	0.193718409662942
-0.248082944347038	0.196531225642563
0.13102557588835	0.0962952609160817
0.232078130368948	0.147892213349896
0.471192276039352	0.360505219169209
0.0839423821808024	0.0416858057639848
-0.10751949588615	0.0521508741765499
-0.875059599729173	0.683193837705292
0.231588723612466	0.14202549128844
0.926883765172532	0.92312497631364
1.42180957430941	1.6880791617562
0.0407492477806779	0.0290865387867266
0.33761928754847	0.243646096073262
0.84959870883683	0.66677641801765
0.233735232712822	0.137063676494674
0.112830016143119	0.0764599462936757
0.542856826607387	0.374716896224391
0.401338494163963	0.250673602052872
-0.359778315244553	0.326105538457116
0.343219479101807	0.33802910997727
0.615877042050288	0.579181577232675
0.333943187519571	0.263536509585131
0.244408231234119	0.137281184395986
0.375612572716709	0.348743707927138
-0.0840288613285937	0.0438274722608714
0.0799591038952906	0.0409002636913772
0.224790738510339	0.141462415627332
-0.69044402550168	0.560395036705183
-0.54105208675448	0.375779163225268
0.381965486666867	0.151846156453999
-0.560602231831021	0.301926437496962
-0.561117721519112	0.30604199101728
-0.217030706230475	0.0822870305859765
-0.719957495693989	0.432230873045004
-0.844639769025747	0.998597282747264
-0.312469984961749	0.358712596796276
0.413047851414682	0.443381595845534
-0.406025130859672	0.466343574681529
0.201490241312921	0.197496093119288
0.0848383504650623	0.0449181369904445
0.78901517644747	0.551075900242577
1.20411669085591	0.66408511088905
1.15711188946218	1.05411241014686
-0.468864660584011	0.327967321703685
-1.38581191150634	0.872590963614065
0.0645310760401657	0.0556425168473989
0.566498531287541	0.874129597650954
0.342995639675217	0.415423880874489
0.491348918192506	0.761345459600027
-0.051219449796013	0.0360669940217358
1.44291408614702	2.48215132865476
0.078484341110359	0.0660319130595521
0.623914922761063	0.502443042230793
0.211667382370599	0.175224767259229
0.834567716733892	0.445393732326038
1.2675900069097	0.556708354382042
-1.53531094178842	1.36619936437599
-0.454603192806373	0.200901633538509
0.390057679449285	0.245301795816392
0.370167052356901	0.248377195701213
0.328844242335011	0.146576004144945
-0.136967099159795	0.116752086184539
-1.34509316640176	1.64139186056165
0.332700507918814	0.257120696919921
0.543795680561226	0.280336229603978
0.520092316206373	0.473159279310745
-0.874846718304923	0.584247741672676
-0.222894944778482	0.130453744731068
0.911880911471153	0.920408863140626
0.227621662931098	0.137652851525959
0.321272212031332	0.243124746716105
-0.448415911464446	0.390817422808692
0.769682372734541	0.752357847737943
0.0862278538709585	0.0463093997082932
0.427730128547679	0.255523038866438
0.244102693413914	0.146596450552476
-0.479405003338087	0.277591643789684
0.26422012191544	0.142369855623633
1.27883599833533	1.08699610482341
0.556278120632403	0.573253266532493
1.39529153423586	1.27814797188203
-0.0992298559207277	0.0665374832158469
-0.267315625701671	0.186447574654656
0.100963610160656	0.0611847559529138
0.0208503349355895	0.0133290903044864
-0.539462013967867	0.354764128614232
-0.561547557393665	0.299791358619805
-0.217575020540669	0.174490678318211
-0.313070275779985	0.2933832877847
-0.968892236953488	0.747370258411445
-0.360284783065599	0.234047822094416
-0.189331324720279	0.117559288129817
0.151722267271937	0.129213581298577
0.231368648970335	0.148937112616523
-0.543196428555766	0.368323536669158
-0.109972769198034	0.0521825403369963
-1.01563527744044	0.637761254307375
-0.193687682338165	0.118599638741204
-0.845928962333133	0.355947080991593
-0.26968681778626	0.142545186431442
-0.0806916385457785	0.0414427983217332
-0.475385168212922	0.271039631611445
0.266476409348626	0.141258708050087
-0.273577210314449	0.289664720005524
-0.69273997233316	1.01241999725041
0.142275506926623	0.145855393483668
-0.27383821361851	0.435574421073358
0.441177616838711	0.674954223609517
0.801802341180564	1.014906117948
-0.611407802243772	0.489167005775
-1.11819940829507	0.882551970807446
-0.833940487641308	0.376667065657502
-0.668441636504229	0.33423920798284
-2.30894141681415	1.8724710640185
0.131140464856572	0.0979136507102145
-0.185882641409734	0.113742022869938
0.981843310617311	0.371167956743374
0.344907892958637	0.467231065521929
0.131618610532361	0.148863543341249
0.635199353521526	0.898759399587955
-0.123115290903347	0.106183981714049
-0.114923674676955	0.0882465880088871
0.383901103061179	0.49598736351076
-0.395928063356611	0.318967508787116
-0.0526694990948402	0.0284561436716302
1.26840982312561	1.24566949317792
-0.159746196665537	0.0666730635613241
-0.592263252261767	0.231500864580581
0.0926113550405591	0.0412955989975409
0.886640406106711	0.577243749938374
-0.376557313373551	0.179115732527582
-0.128355013033767	0.0565260611775202
0.755598673916186	0.924304973964263
0.472910846256561	0.455117760164739
0.708898327449671	0.593043234761466
0.220606636803145	0.163720490170857
0.47835865201057	0.372172871612323
-0.143062599411376	0.106959127235811
-0.0358774789915951	0.0254995464811289
0.739707345848233	0.844178192224943
0.336502004740321	0.247484467512167
-0.47408477102715	0.341882839977079
0.720711606880924	0.423026542946313
1.32850141471105	0.991804272446383
0.759090598365399	0.327734281589941
0.588423526364357	0.67115671594878
-0.186519203147266	0.108306374434333
0.392389689147108	0.253740353054832
-0.401202116864432	0.243037372787165
-0.216878889032695	0.122554986557321
0.247578086378049	0.138263730581853
0.392389689147108	0.253740353054832
-0.469302869451138	0.272248412776943
0.773625534381539	0.850282618703079
-0.0195692821263533	0.0140397826550688
-0.129847677845048	0.0838493233334785
0.490590288294733	0.361171271018949
0.374765259099155	0.253202564155363
0.445805432827173	0.455702508840133
-0.714353714787189	0.754045870451452
-1.23001455160403	1.09939478672307
0.430890382100348	0.258116253603766
-0.0550785999385454	0.0301626907379093
-0.16105456344194	0.100330869265485
2.33769000818842	1.87447779241443
-0.853338135962785	0.484376071305202
0.0771185117165952	0.0352152359418486
-1.30551188413752	0.98883851125242
0.57472892577432	0.376093151079969
-0.19930015724455	0.205506775096271
0.133062843822765	0.123109485459102
0.277524371320385	0.350168667426515
-0.378651743206734	0.651467173312046
0.417932197974017	0.672983376740829
-0.37773768817421	0.308539840482804
0.0819229948883701	0.0312963722988928
0.545984290620968	0.274977484675465
0.46957920952754	0.254835579529608
-0.225242218433181	0.133995885783121
1.20910656553727	0.656440545044899
-0.0795022056464179	0.0607225531603888
0.647348097737413	0.502391557674903
0.785578879635939	1.4081781625153
0.200804872823006	0.174021446576918
-0.405794548527677	0.45289526685735
0.634468162304843	1.14193753073354
0.339901626184171	0.33927653637576
-0.378730902332761	0.309757637230328
-0.831581322918935	0.37742991970293
0.720567680310705	0.417217167384954
0.567223315192775	0.374434993281576
0.717924716050851	0.409526939072634
3.55049112712515	3.49362036227842
0.481812452211442	0.262933743600618
-0.377748627979981	0.180986240918791
0.578367477608849	0.795965217588808
0.311351100127204	0.255307334102114
0.596448480732702	0.60119438006559
0.526886487465041	0.381230989082168
0.328401727858347	0.264140689811424
0.219739380385867	0.146865205586069
0.319760715048955	0.242829752122542
0.2329351733364	0.177565442078398
0.111761679813392	0.0708357874212784
0.124925692195258	0.091672948237595
0.360671512583162	0.238784278022619
0.764102568757056	0.642540090411444
0.11157383617888	0.0722782195717009
0.910038930252912	0.935516268369932
1.15612814181547	1.16846783757562
-0.194605171732194	0.14155098362609
0.441566089587316	0.360882786787141
0.089331901732444	0.0526278284433984
0.317057166344767	0.267318086198905
0.502533223379631	0.476267775013557
0.267966317194463	0.142443742592927
0.236777104548975	0.141334997662697
1.99191590564648	2.31599404414029
0.224787348986426	0.132792171263677
0.553955923387707	0.495251870882884
-0.0153729474103469	0.00919867644046646
-0.450828873061525	0.367920398988536
1.39854183094492	1.31589572403841
-0.2911633870807	0.295862940944399
-0.377585920970465	0.400256198652454
0.611350749756019	0.494057651652882
-0.233566517578192	0.134326827537366
0.656803718877354	0.50442237838012
0.431589490485426	0.443260694289748
1.08799488974081	1.2358842697585
0.232654908959033	0.142792844911882
0.432424429789113	0.359971162625379
0.0769940985208857	0.0357900857223199
0.575923370541392	0.391090745541367
0.0896429493827925	0.050458139540534
0.226890841908519	0.137968392628427
0.360137546830806	0.254341105969068
-0.0495722487386865	0.0265578031022218
-0.360224862895463	0.228890754485739
0.0987133879368558	0.0920507113526887
0.162083228768618	0.158275619832275
0.161081855348736	0.160601836529053
0.057272960460968	0.0600377718977705
0.48335845748195	0.802199528906803
0.220708789610608	0.157489108208697
0.333955060701251	0.149876573778959
0.400425305753835	0.255670913657617
-0.351848522552856	0.229554045512822
-0.0743763735689203	0.0382378024019128
1.56455018123757	0.998713187193629
0.427010540875282	0.515332089247596
-0.113781281111073	0.0730942475034888
0.0875113342137628	0.079477438134563
1.04602054190543	1.94765618980562
0.71260569576629	0.907819540453043
-0.720501586595836	0.73887245209998
-0.132405680325371	0.0599090078814513
1.72491505711936	0.965379293232152
0.474257795383045	0.171205487264736
-0.12500743375125	0.0789912744384616
0.381726791496339	0.155900053042255
0.247612198288505	0.141519743651789
-2.12679576746813	1.02231846801764
0.447779186897247	0.456186474010757
0.54514777658109	0.57731384077341
0.412417775990429	0.497774528181869
0.276490235362107	0.255594356920891
0.304639904615379	0.271432576310318
0.139251887251942	0.115222968496744
0.277260647276972	0.245383251771667
0.504723434023415	0.479315561642468
0.787227048261181	0.771873908953788
-0.538834096881292	0.348533926804894
0.526855490716587	0.371843574207039
0.46662055519807	0.369356095923097
0.138324649047024	0.11441260975398
-0.445854656737876	0.394716082818297
0.707229438989072	0.597572452123726
0.835390897001802	1.05393159062651
0.487329019093769	0.353764223731992
0.712893285376697	0.610440547663596
-0.06895914160402	0.0475709782811388
0.0335015641993894	0.0231118010254065
0.00630819123938248	0.00407526686082175
0.310684862698608	0.267154388919177
-0.0278765363369189	0.0229876162417507
1.09930007189667	1.22707035399019
-0.410013983079961	0.333551800335892
-0.663899222174293	0.74976144147155
0.129287861825156	0.0913472085909271
0.450993722026135	0.367059172918833
0.136992488562877	0.126235769818129
-0.149202227531535	0.150520247121372
-0.661879812077561	0.719064035824179
-0.130209409619747	0.0988514181337581
-0.046084193569506	0.0324525768337049
0.146982772982551	0.134417357205403
0.488852202631459	0.47603790070319
-0.618536577898837	0.569094569459362
0.199248955615559	0.169050636680553
0.369361480583215	0.358712769564699
1.16138939110171	1.19325811937532
0.0137409190072039	0.0086284019898633
-1.4220402210164	1.62127114388488
0.329874813649494	0.249993445339981
0.162294898616281	0.166146029664692
0.101388152159505	0.0952165959920116
0.204006417183332	0.188210290938598
-0.601217537501076	0.495685672763665
-0.45895370600166	0.367060711654306
0.608310520636537	0.498943219143061
-0.221284360230923	0.15392370950015
-0.849547541680006	0.873163750125706
-0.851294132734925	0.943655153471637
-0.0618511745601939	0.0493811461107048
0.104121796197988	0.0954110604717128
0.751887322182464	1.11878912980334
0.252857267208883	0.273085669980355
-0.203101756589833	0.162767855168838
0.838442859163132	1.40898057292898
0.208414494546744	0.202168596225499
0.0203535628197349	0.0158207649056442
0.289019160331768	0.140054517265807
0.924419875087304	0.708878835284687
0.224064403712661	0.132130365814215
-0.94172580158291	0.972278421111325
0.486616383726603	0.469802372496675
-0.307477401663427	0.196877758546885
-0.631716971982435	0.582103569228972
0.807818069854708	0.96115858460307
0.427929778342576	0.453193468796926
0.463270616331418	0.43549727244045
0.0391522696262899	0.031765748747095
-0.253346815882051	0.200080084985745
0.693748904332605	0.795834235151929
0.351258806588196	0.254202783758025
-0.727906051602645	0.808150778588105
-0.619810480497975	0.578924556625964
-1.34302797209334	1.41961232694713
0.6755161591937	0.617614807528417
-0.0257918280281855	0.0180337558097573
-0.510626420384491	0.475361120401102
0.911772209373742	0.946797754199144
0.767327712723579	0.656095123204768
0.304120731962272	0.26829782107005
0.337780835650984	0.250954372901957
0.880031486609871	1.07634875965031
0.769100137670553	1.01364756960642
-0.102956712994989	0.0796115375063083
-0.783962202486269	0.914574246682105
-0.0380079154280083	0.0274055893023359
0.0624528004155822	0.0473207470771928
0.28766152675982	0.259248629208418
-0.491418433431195	0.43946361437077
-0.301456815038119	0.257894739936252
-0.336098948593437	0.312152507888846
0.354540061069902	0.336362780551382
-0.372496209128219	0.309145810012473
0.140639688228303	0.113783334007103
-0.140751231022661	0.10426941188025
-0.117236326534365	0.0877623583373888
0.831042750046041	1.14057285264934
0.10259409824706	0.0635248315802447
-0.254799981840471	0.220244281812093
0.222594888506982	0.15329806692484
-0.01827023793107	0.0109399073116122
-0.301579146102955	0.199716249456607
0.459889368412062	0.346779587497178
0.0952141053996	0.0822913685440109
0.56983055468041	0.72471029099332
0.0508829123369809	0.0361314734183419
-0.462694015951393	0.479156126320513
-1.15352773774029	1.32499917795739
0.414449891028174	0.363846264300835
0.3269097950521	0.263905728153932
-0.116636876743746	0.0864153869645196
0.0168415174204087	0.0107682391831041
0.467699465990753	0.442042090315388
0.101128522943516	0.0649423437983369
0.365293355935309	0.359988458402534
-0.070173543605442	0.0553385890638942
0.0807520287133867	0.070019049298753
1.18750053480086	1.64129196808817
0.861381702721369	1.13633689336695
0.482063208660203	0.456170960209404
0.318672861236689	0.33027445093395
0.166049309508177	0.144481483497027
0.0835721038922939	0.0707486291431368
-0.193949852848052	0.141296511056307
-0.225702827476648	0.16115470706927
-0.45517364917856	0.371505428698416
0.432424429789113	0.359971162625379
0.222385261954064	0.142359902140778
0.648651414882277	0.499615019934429
0.574703187631334	0.494804704732904
0.268553080885549	0.295084673293915
-0.00941140371921798	0.00702366732300083
0.461792102628132	0.450702404951304
0.296719461214065	0.258651722429845
0.382970900389284	0.235624801627978
0.227874398741076	0.14717882131928
0.334918443140313	0.262789363980368
-0.286141444236026	0.222808301070274
0.304919995052425	0.266276514685754
0.0921851610485368	0.049384910789781
0.937227570745745	1.24055243027289
0.761936079672522	0.907257902320482
0.139744351202575	0.128186508364173
0.093684922081378	0.05365619444913
0.348789827316063	0.361901031256945
-0.218274913232472	0.172898413239146
0.230836590686674	0.15838134497351
-0.618346143182254	0.546175427531339
0.695385541276501	0.725720424920908
0.856403526459915	1.09675560931956
-0.901980145409772	1.14217805501985
-0.341221503038383	0.308949105784825
0.15885997903105	0.167184729410443
0.410257391109504	0.344325193367628
-0.0688601274671067	0.0477695863396455
-0.213420084981957	0.166987848068316
0.326646637991401	0.35015021988667
0.773951622031644	0.863421485813107
0.128422885092934	0.0946150458464348
-0.270634173523927	0.144373408906626
-0.121055831964475	0.0767195823386073
0.0971303072759664	0.0556219638122771
0.232647859211475	0.173311689919262
-0.232612139805915	0.165733653857325
-0.108916772182779	0.0517252724705846
0.527794511272939	0.615469889933179
0.110493457044307	0.107292067235955
0.21603378686582	0.181532124655141
-0.423080255833768	0.305644809963695
0.0842318267842977	0.0424157714638609
0.365811042028598	0.246246637340092
-0.838314912642144	0.914148665642701
-0.265417040202874	0.148998226948171
-0.727877628361351	0.79700123530547
0.116947348368184	0.0774475279336586
0.556376525302427	0.481611280409187
0.359453296388665	0.353817640244999
0.0397381729051642	0.0283059006801788
0.197489532220093	0.218542745572631
-0.309361747662921	0.377999071393195
0.0739017185864731	0.0689753426800372
0.14894397044709	0.123330311465278
0.228566407162904	0.138500652594976
-0.470266506533945	0.270409699986165
-0.558632648614875	0.299820256172524
0.248861525828519	0.142226638750037
0.239321001368142	0.144359526632568
-0.26356008310417	0.17723681699864
-0.115040346125029	0.0533332127272279
1.18210735178613	0.801861833418132
0.360462523899979	0.238656814465872
0.54573077088875	0.454791689683878
0.49724588040714	0.367237022995618
-1.08958672839899	1.23777077314511
0.0852058832689972	0.0495063464247391
1.45461312327736	1.17796249840933
1.32894496218309	1.00022648943289
-0.128608216944197	0.0835825170385975
0.786236451984303	0.553322056275288
-1.39611796121324	0.891647565390135
0.221930068454014	0.137347407396431
0.469250980641169	0.368258538067189
-1.85456853738284	3.13178887448134
-0.426088591116234	0.475807483087097
1.07110803522992	2.15654918450039
0.169455092123608	0.207442074010496
0.242925020858246	0.13842861370591
1.28716381996249	1.11532051754091
0.492541493680719	0.369879834038557
0.58249616358576	0.386743945642953
-0.364935502508785	0.270446762121286
-0.00667079432810185	0.00398791144305108
0.0821628323070034	0.0406509048241856
-0.476036278171612	0.342864844895752
0.334783710763439	0.254559451825843
0.268944413985571	0.265538505334212
-0.133300597214719	0.113329064693537
0.468568850339864	0.35382618717858
-0.366385217842175	0.309712064934683
0.427783256536681	0.348793683898046
1.16099004333907	1.39693931437687
0.886185105449972	0.987566532672435
0.784157962747796	0.551807570960766
-0.307444576419464	0.201216322497777
0.258623574389111	0.136114993192602
0.610561881717897	0.494664628087513
0.0552922190129948	0.0694104308452056
0.0363395711825611	0.0412821266550099
0.366202220786667	0.350565158219306
0.0873982360873329	0.0403539270062175
0.25473487207257	0.130820997934362
-0.101834300897097	0.0503290355284908
-0.713077253320147	0.417374411877297
-0.848608666314075	0.467335784516017
-0.0784793390443823	0.0693311679447055
0.0934105071938096	0.0496103331993728
0.702470306615612	0.515180181881438
-0.21307343428747	0.189044806086107
0.228370814368455	0.158658928238856
0.0975698902620753	0.113212686415984
0.602366225928368	0.920382928972744
0.0882052597787161	0.0932940878199871
0.140066440011848	0.104319278928915
0.648425381366015	0.490472476537417
0.0807934239809682	0.0401252507903351
-0.998166345879075	0.729133265493742
-0.133665796843669	0.059896130436476
-0.459405681547374	0.203720851202463
-0.102585480525861	0.050894372794365
-0.0852888553468199	0.0445087305400212
2.30085933131373	1.16932782761881
0.387048224465094	0.154418887710246
0.613656655117675	0.496319378808483
0.425228794136873	0.259072910703671
0.580149112795018	0.389296654176163
0.331320290057292	0.143830449988688
1.02695841968981	0.614055978278227
-1.04869866990129	0.55239904354299
-0.164189299748093	0.0681521076320556
-1.04403826860932	0.55191295655363
-1.43306701830987	1.35692966490133
0.297568897078967	0.278069272823406
0.270311230900103	0.29482434709913
0.332916033675176	0.519532055165331
0.498142905903495	1.06338865325263
0.0528382857187326	0.0372206984488887
0.344949096647952	0.352889848530585
-0.058951584078842	0.0324204840050785
0.0872022841344302	0.0372184166875961
1.00454628730006	1.08242297720865
0.37014510113498	0.244807580571232
1.37367386305247	1.43298534408042
-1.54440574318041	1.04452164408943
-2.33595531346753	1.22328461000129
0.308886314194974	0.100154595714607
-0.0852347661814359	0.0444158221383684
0.31403398886202	0.265794892553729
-0.380591261548489	0.385144817086035
0.338056163411438	0.148603105756163
-0.475505338452606	0.26792114369953
0.0858928196030325	0.0427255383742427
-0.190638374504891	0.118029077858889
0.0824364542546993	0.0272238275206349
0.47326228176371	0.254951051697438
0.727425794298177	0.417915550557921
0.573930516037855	0.47300985497738
1.89834548394872	1.16796386342219
2.06562384274402	1.37528562404702
0.0890579667362973	0.033974853528337
0.0880489474711579	0.0304172714241184
0.0974023991489243	0.0923871153082669
0.525178225509343	0.364472640087065
-1.55236030615962	0.574010823700963
-0.158400053291583	0.129009021224625
-0.307911679082377	0.157753446633598
-0.030209486263139	0.0390503267587424
0.567455965328191	0.636770476221842
-0.109253419865216	0.118082837066203
0.183853134144287	0.306945546992061
0.160816865560157	0.186466765262417
-0.718652436986016	1.3448238993328
0.335269152729094	0.265831295889795
-0.164272128832755	0.103135215041025
-0.855238650760336	0.47242286374241
-0.212826272922844	0.080784722381548
1.39958573085903	0.866047367705947
-1.05369993980271	0.538605214589502
-2.12078553178073	1.01764181617077
0.321191848594135	0.136922317238192
0.633900406392785	0.292133013641435
0.26011852659262	0.137775880667264
0.529017544701472	0.373754008257153
1.27628346679643	0.564562502823265
0.538638734259801	0.276207805014844
1.40226052392753	1.32502346158389
0.655026230465746	0.506267730706665
-0.264206201334562	0.148060291002383
-0.260208827301618	0.192542702229977
0.309105827954909	0.265320223908802
0.0873840790749838	0.0939769832829024
0.537714463508649	0.966143029432529
0.128445227711471	0.144897147381909
0.428146742707785	0.454871417998725
0.231216279060958	0.1395100281001
-0.351034301127696	0.240810148530664
0.360792511493707	0.317909504097749
0.232979869521653	0.170987257721727
0.264463647928975	0.138495468856585
0.780644922945958	0.550966395926464
-0.539124622095848	0.357454170244684
1.02583452449508	0.618921619439822
-0.272986315301571	0.0902186628013449
2.06694585872518	0.936922662860552
-0.556724438996254	0.300209174683699
-0.546871666200365	0.367549306624876
-0.653561763796596	0.48353922201405
-0.0351305869749425	0.0244983405029775
0.0880026853356448	0.0339522008133425
0.288286710441303	0.140471848255048
0.0883664182840118	0.0517312058021202
-0.190748904962433	0.136348326932117
0.0832076686729771	0.0320934434977448
0.112420137081601	0.0337869998743869
0.428638585392424	0.836126267041976
0.413712487439743	0.35879506260544
0.264760715185304	0.139323141246487
0.834567716733892	0.445393732326038
-0.579104409914922	0.231662980331936
-0.132405680325371	0.0599090078814513
0.524870805974439	0.246332862998635
-0.209492707335108	0.185244779547203
-0.875607193921888	0.580451285325689
-0.203815237543472	0.075476624496707
-1.23841271612099	1.50528580923673
-0.158655679377994	0.0666309344309884
0.363877972314398	0.574672902887538
0.270116395801251	0.268747957608211
0.826986724286558	1.4480408632271
0.134887094692426	0.184326198551547
0.349875639591854	0.407684369995034
-0.00596340249675617	0.00562309943262954
0.239665455886179	0.312834291404519
-0.0433090231175412	0.0244904774965674
0.634997709327092	0.402782387677439
-0.383140411975639	0.113318717313815
-0.459261122862002	0.202488192442441
0.108753087782228	0.0330076065780737
-0.212790623761811	0.0798677140309636
0.0926320244103551	0.0317295282538535
-0.469748851651287	0.273397556470465
0.324133412269718	0.137683434597212
0.978191265719391	0.950455922626709
0.314811275380185	0.268956701357243
0.499548962157964	0.37204031872517
0.575898460085756	0.474443838518035
-0.0360388597969329	0.0205994834282652
-0.167566013351001	0.121105726619946
0.207497256785163	0.186516481784705
0.516965571092908	0.531588302509364
0.654599073870694	0.811595014554419
0.209441220728217	0.239323744785012
0.0330233587984445	0.0294970112775938
-0.272160499056175	0.233618949154121
0.764990651524735	0.64026662165842
0.522217209100461	0.368789700193501
1.09735701904706	1.28619018053891
0.454976820499186	0.368364568548191
0.0430450627560661	0.0300057937143177
-0.636490513498677	0.620961719583107
0.58580574097595	0.500522547089269
0.86328666318162	0.922379590278269
0.215251850736574	0.158778129068287
-0.498944169323511	0.484206921263465
-0.179846042555718	0.106654510435098
0.093362832148706	0.0561758598976299
0.653624317182595	0.509416765580398
-0.0666795471165695	0.0536427053982542
-1.26431922909417	2.43483497621691
0.0904612618300845	0.0484862541470053
0.326396245829455	0.258515993054527
-0.586995461828323	0.591141154666903
0.120226387885721	0.0870823927041738
0.0744148966141146	0.0392154990631776
0.512448459589175	0.464542341674376
0.153221461644088	0.203315415243886
-0.0760051635580095	0.0805914633155786
0.229776644596529	0.165457966068308
1.24679280981985	1.48265030456613
-0.461934663222749	0.364416623103412
-0.35523482107427	0.23441920099194
0.354667206185219	0.360597902555875
0.0802474887232856	0.0407848222614054
0.531832038108119	0.374543381441767
0.154215826768987	0.137515223790177
0.430539829073543	0.260210458278827
0.416048542265783	0.446242296687613
-0.0227009284738556	0.0209854371953586
0.0403063571584048	0.035359294605396
-0.18449540936011	0.204718790152587
-0.596505074124471	0.589134388705359
-0.312918974721802	0.291786130770311
-0.476098037787556	0.335737188015532
-0.418245085889839	0.309182293652327
-0.718784174467276	0.428999052859353
0.475809623068617	0.369198673591675
0.977835057481396	0.977000706830536
1.17237130047384	0.914935661955497
0.525936391665859	0.377452007568043
1.39574738058865	1.28044250986498
0.0982494099584699	0.0608084517720664
0.144441326467046	0.114600854608895
0.222008963850984	0.171659019422597
0.0136085198782401	0.0123702735853313
0.0721070916651186	0.0544019060472779
0.442591261313891	0.449075585568484
0.524731768166576	0.483994297667848
0.325869356612673	0.251718806492496
-0.515301560163386	0.489612049906681
-0.453493316899777	0.361776641639858
-0.700583174889001	0.696196093554891
0.452004263122966	0.368456021418589
-0.25675060091561	0.1753719282544
-0.464984270371092	0.53817383405953
0.508236749150076	0.473753198264399
0.64288292003565	0.691035989802854
-0.0473046116973075	0.0254439889945929
-0.374740032686083	0.440322585510885
-0.357530333975337	0.430177444592666
-0.779264096956819	0.916309293655926
-0.281589858180823	0.220989283591954
0.652973177023106	0.600424481448038
0.289199087512912	0.261060051147352
-0.152229414310112	0.0969955563644572
0.879466597883998	0.799744252640298
-1.29719406104432	1.00269695449527
0.1021927906244	0.0616285854994815
0.0960122865822785	0.0591797927741387
0.257955061211222	0.376391061404164
0.770873450287007	0.649719067569657
0.445988459035098	0.449310999235767
-0.0984175532376179	0.0930504043322734
-0.186035323760443	0.154992324055488
0.834622637940811	0.692667080726857
0.17039115914526	0.186974079544529
0.3386523859915	0.502123017323768
0.317442398568584	0.352867536236134
0.324709045943523	0.412541575039822
0.418229558155751	0.435300553845372
0.120031696649194	0.0855904613052745
-0.486948217284682	0.429568455615726
-0.270651708726379	0.148074663729394
-0.554327163379903	0.29782989589773
-0.487675608666853	0.426429390154576
-0.348213645558951	0.250349436056729
0.278888599208472	0.140521888750036
-0.0782113440121965	0.0409418144717725
0.364447947815579	0.33343920575934
1.09994399626719	1.26433465300383
0.0216061105941195	0.0171066083133436
1.23663139225517	1.48945313309619
0.292658141989987	0.273866213414656
0.423521148645648	0.370649414809129
-0.406289520594625	0.33825221705848
-0.135337414214372	0.0994583884071471
0.299560262603574	0.265868192043957
-0.29029746759695	0.27708910543105
-0.777377561889153	0.743237683403756
-0.224734059448554	0.159650155631926
0.121299312636729	0.0857943783161926
-0.788166089590035	0.811688386173328
0.125534333120902	0.0937380898533414
-0.18376601390856	0.195631342864828
0.134219247175028	0.129292662622636
-0.455962071600943	0.358108328712857
0.216934389846165	0.172011036118141
0.610677877343617	0.602041093428814
0.0411069230326813	0.0336183154452039
-0.081996622802407	0.0552117364947229
0.690842980682608	0.684463538581012
0.238864680211382	0.135087026083466
0.352942091472197	0.250249098143786
-0.453817801009619	0.368769335038013
-0.606679571589621	0.51773548151997
0.502087371907448	0.465786295021659
0.473550918541005	0.370021743942251
0.362962998034628	0.244259240457774
0.0129241717273671	0.0116687625452993
0.0497042329368105	0.0559141952082693
0.289166841486137	0.345900223790937
0.885385493843665	0.815418618271519
-0.477799908422708	0.274515532625569
-0.0988334489360952	0.093714542347836
0.227174571549958	0.176260182355978
0.441611259079784	0.369747636475596
0.481980822101527	0.521732043604923
0.419649699159259	0.363514352237303
0.202452559239017	0.285508220017301
0.249089362424298	0.279422395248903
0.155643766571412	0.16521264041184
-0.000884537912989258	0.000706018972509929
0.779002754005004	1.01032945398893
0.0926446158960192	0.0526070644790134
0.245979893740948	0.137402706254368
-0.852557066977149	0.480083141100073
-0.862022821146807	0.823259756636928
0.0968930119110025	0.0599719391717736
-0.317855132305479	0.162460742091201
-0.313091515623697	0.206115294370189
0.395403657259405	0.253464229836364
-0.0410378850028082	0.022969052423624
-0.0148002227126743	0.0105081702235597
-0.0502329061122688	0.0408920788188443
0.0426387310908565	0.041746241211855
0.53270938502248	0.36383589289151
0.584568840960759	0.386984020467893
-1.11787286626516	0.8893361805925
-0.861928152434233	0.83061211380775
0.246363412490344	0.1396094909582
0.282733131129322	0.133473272469661
0.082330384341874	0.0385439371504137
0.355734154334901	0.251138651973981
0.0873344659121641	0.0473089553164915
0.428594522566443	0.25696936678286
0.138637593970555	0.103116300091099
0.0582230520982536	0.0461414136916749
0.0878409804287636	0.0429226614682218
1.60659038171029	1.69508414184331
0.709861908200126	0.522652332840345
-0.03986907040572	0.0281213895127186
-0.0734444015650987	0.049482227478573
0.085267854906275	0.0430835927776042
0.625462057656398	0.294783247808303
0.292266329374177	0.142093710357149
-0.269795585932198	0.149091770000149
0.473179104477702	0.266058749565999
-0.127277382170459	0.0575310659796637
0.57838365211013	0.387214724690169
0.267563851737005	0.142869329904697
0.20979147174071	0.243857000522856
0.113218758130709	0.141711707127346
0.477874850109209	0.369966127124002
1.57359043135946	1.33836103469623
0.37855883236847	0.434642398573556
0.370404596301332	0.247836720844976
0.440512075982066	0.453008865914045
0.575607363879052	0.387516869848135
0.233483936967281	0.141986866886552
1.51771325302088	0.760893409682967
0.259214818155042	0.135485893204705
1.21059616714622	0.650004866704747
-1.00819359172502	0.608318553763315
-0.412772241355589	0.299370154757338
0.63284608372287	0.287810286343189
-0.671709165520481	0.329203297219549
0.828905432493158	0.429804015896962
0.784157962747796	0.551807570960766
0.224156267701958	0.147369406505322
0.148566281805375	0.126220700678668
0.413602147892564	0.517205403065141
0.222038670137179	0.138529984120232
0.289875574450929	0.127485254253077
-0.534236652079176	0.348113076758016
0.538315574538522	0.276547476791009
0.612212411011329	0.497971785648381
1.27296540627515	0.563191440836931
0.216549317262792	0.122398976661603
0.871946622965338	1.07886089663049
0.217020372451634	0.198654339545606
1.41124619556649	1.26566054342582
-0.64030993116325	0.635333261888971
0.00715219280664552	0.00454779014849467
0.624407085580479	0.28892816733955
2.45852050412165	2.12657022843406
-2.52768687742225	1.48178322717399
0.326908188310801	0.14563529020708
-1.33661526809226	0.651632439709529
-0.283013466568817	0.0950859642971784
0.303511326144964	0.362700149325683
0.19296146733414	0.294970238650111
0.614481709433779	0.496119133586355
0.76218213137086	0.315374733043265
1.32047485075831	0.960837803441266
1.27327103336419	0.576441603542615
0.536052929798025	0.563635842351166
0.777675775174842	0.537501825176176
0.524315980452705	0.366434081185555
0.332864326012541	0.149361376214966
0.108753087782228	0.0330076065780737
0.382079243287327	0.152972618115877
0.539036224013886	0.276641593348037
-0.0984822685957421	0.0480871682808919
0.634014877530815	0.279215798225669
0.26356617142137	0.138439222177174
0.434836793741493	0.363706294360905
0.217515526955139	0.198200825942227
0.708004323862303	0.826184186941049
0.078549755451067	0.0302277775935757
-0.383639697125327	0.115605960560422
-0.159371424660615	0.0667180720561079
0.403058544481291	0.917087679344329
1.05879481852102	1.02866978809226
0.354589926604756	0.248074462146082
-0.263389242104081	0.142452482435484
-0.216056692463898	0.0820031041139347
-0.85704416003863	0.486583500103516
-0.310151601718666	0.160391564890336
0.837468134642829	0.231473458137119
0.0845622711454539	0.0391664467861784
-0.128425750313738	0.057934893461743
0.782128789063974	0.553178039035913
0.136931101612386	0.115191184668511
0.219263687116905	0.147178133417416
1.03031381118507	0.747071916585534
-0.864527933812914	0.741495986302879
0.0832284799518302	0.0352438613977314
0.210407834345143	0.247512171120756
0.185520481972677	0.33841293918583
-0.03616370742297	0.0442971690997987
0.224994785410697	0.190527499354179
0.621053816017286	1.05566817600623
-0.0469328890139468	0.0507118329737326
0.0600245153745819	0.045896264478339
-0.412129737026105	0.301392326318067
-0.0388365192097497	0.0225674639827574
0.277340896176257	0.139903235343274
-0.268985496050948	0.149088724262485
0.524315980452705	0.366434081185555
1.02023533899316	0.606448793732862
-0.149571175848521	0.0941644111425919
0.426992108879142	0.251845852982485
-0.335879727769735	0.275804957264193
-0.000514232058308896	0.000510747040397783
0.1572560297518	0.14645367623777
0.205490521013793	0.228669019314493
0.377370817135832	0.353340967951761
0.122693952141805	0.0931263847751331
0.719300724972734	0.897524182263783
0.0109406806017401	0.00649544609639184
0.365811042028598	0.246246637340092
-0.224916569520888	0.133495109708266
0.0028079930932202	0.00169491469973782
-0.353761500151446	0.254116408295533
0.379920162421224	0.361901595684899
0.00182428956125352	0.00181501215673652
0.286901359702708	0.37549085618104
0.323944356558253	0.262391253992039
-0.195106429464454	0.115977101296774
-0.158191739652905	0.113487171607703
0.161001183823733	0.172256533412842
-0.239300453073554	0.228714491691226
-0.60908938674051	0.763815674113883
0.0896727007233699	0.0524860743309178
-0.155084842215902	0.095148310458086
0.554426316565839	0.482218864375257
0.222476170546067	0.183327914818528
-0.185274408981424	0.112124528245148
-0.0350939413659684	0.0200409275202248
0.45510686273252	0.365738677944007
0.345301178553723	0.356808140388224
0.731699363347418	0.725754747126448
-0.0133037770121374	0.00935483450423263
-0.161988638193032	0.179077689663507
0.329821299761461	0.44217998774499
0.139692881407517	0.103048396826772
0.639071008581644	0.696621250443307
0.318836288327055	0.244915976247625
0.615329756027044	0.589012491137151
0.116198441074278	0.0779485892587736
-0.00941461440480926	0.0119659020004618
0.0760620918667912	0.0659597808775082
0.22757882208999	0.152976435945128
0.770061430918233	0.753549895655081
1.04521597719608	0.885062491172038
0.025434958011395	0.0243553196022976
-0.647053062897915	0.972541419696673
-0.439297961620298	0.488486695367287
0.426367508301582	0.518607126744491
0.0419708929127739	0.0282859439347592
0.234380266340193	0.149895938354549
-0.0841151397483041	0.0436087397068188
0.124855242404062	0.0943910406777759
0.097373602391419	0.0562686648313272
-0.226502224945701	0.134187442723795
0.770395456151412	0.653896710880322
0.36763059385113	0.507331874115833
-0.383391523428186	0.575354045142823
0.0400991019797029	0.0514744780680702
0.0384618845883505	0.0377864312564039
0.0480705412935712	0.0347035340207485
0.28522681038812	0.256355301279129
0.838637344533458	1.0860601965562
-0.0280218682545859	0.0396697234507509
0.0623554776689114	0.0794557494090225
0.238873807415276	0.306792993841883
0.162234900125727	0.201490513815475
-0.139311673499309	0.187160964477756
-0.152018162610491	0.151503038710103
-0.338539371726776	0.43114643259456
-0.0175364999456577	0.0104701205597082
-0.627078800501925	0.603943271297991
0.099020742570677	0.0609462314554131
0.141599031859221	0.100588566147137
-0.404230622913222	0.422533323994945
-0.393172975994146	0.379370639212224
-0.839184131109433	0.880369565565441
-0.0946174332389813	0.118112128281659
-0.276264997234584	0.399385643304508
-0.0917680181845365	0.110837577589946
-0.094849516310239	0.120934759406519
0.0176608429847251	0.019204880740248
0.0853879241815899	0.0983406864176763
0.103894218394333	0.123388720306086
0.385506558050617	0.676502484428146
0.315176541564898	0.498123812613738
0.75366380670424	0.933482745128006
-0.226528344108146	0.214009109919665
0.223579028174029	0.175455933137725
0.8821077279973	1.09745357930618
-0.181748423778611	0.195580008608675
-0.0621051702674342	0.0708184133522033
-0.287496025716508	0.38638122441364
-0.0731916115136345	0.0711102359268692
-0.222521775039308	0.276295919301671
-0.115309748420225	0.132589102370343
0.165820946459998	0.206109834858732
0.331249132624596	0.501181388557694
0.431619765916925	0.586582475878449
-0.0711216572550832	0.0795291278209823
0.0376868998272246	0.0457246741369908
-0.123497446665648	0.143959543631547
0.164442420967117	0.197852342178452
-0.134045954039691	0.193829416751505
0.124864693471582	0.165095644120966
-0.00679477212379634	0.00710468302213904
0.0823049943654762	0.0827401121798224
0.156051058397156	0.169020521428579
0.0334621457300816	0.0369651849416979
-0.00423965430563518	0.00432697986978786
0.269299582538973	0.267446461921073
1.03583659512092	0.854560927897499
0.305245598439756	0.27045498962317
0.713423294904345	0.883749286134631
-0.291425855292002	0.351458968813698
0.127324922765131	0.134663653101192
-0.453048137305989	0.601018174470676
-0.840098448155705	1.50618382594173
-0.45216337162017	0.752178847220377
-0.0794657730934145	0.0824718482672704
-0.0977597929519934	0.0996376132941923
-0.148169988330526	0.156971459197547
0.582112253438854	1.02024833213456
-0.110895953208418	0.153073862782547
0.206852385731751	0.365045149423597
0.480824058788796	0.833643440699913
0.0474378577543236	0.0498282353872986
0.137614233836198	0.157987055335415
0.0576037336172077	0.0689406572381792
-0.560667441649591	1.0161024909248
-0.241207918841167	0.327274237915066
0.559765009919128	0.727977836499275
-0.586675456287421	0.751028942551109
0.798153049308171	1.02668415480305
0.622501798038383	0.909778077350645
0.631766111439553	0.891561687734263
-0.155361050958001	0.153441107835695
-0.785838272563015	1.13385321424467
0.223481833053851	0.296697430465217
0.160343187007456	0.218384956472951
1.50434535294034	1.96564420359469
0.482742952832261	0.507417931741849
1.01811757626407	1.09008116634589
0.134799367721753	0.11441717792122
0.445379311443342	0.609679299453306
0.163002721990547	0.180317258409388
-0.295627115310799	0.432750655678839
0.538087156604069	0.819199033639837
0.72213027989743	1.4259815657543
-0.0435977563087581	0.0499063202424058
0.0678159150359958	0.0848610940181605
-0.201391705593092	0.234912485718974
1.17346314745809	2.76655712851403
0.118433184908964	0.160998375133183
0.479724043325234	0.814301764515639
-0.0269162909758474	0.0333322952763906
0.250137156411514	0.381619458433708
0.123334293300081	0.166196841561526
1.25065206328288	1.70184785788683
0.469619407938948	0.257872512010022
0.141316319205922	0.112352521536867
0.683883456242992	0.964999277507286
-0.0355663270788219	0.0203489229474945
-0.272420503680076	0.226297294908493
0.511394005871134	0.854252463452892
0.502314916155384	0.851523304092024
-0.267259849038682	0.328166087750833
-0.0184810179821451	0.0168840184920515
-0.210369825411	0.257578166350273
-0.111281915969184	0.137352495870395
-0.150531415920912	0.191340751514778
0.211522358105698	0.264987224360282
0.2030476434305	0.260395980715541
-0.139461949817293	0.193993916441221
-0.0230420257368023	0.0260511915511851
0.321653178545823	0.437753865172974
0.233060963646338	0.3226270520009
0.0198909893972488	0.0214167474853784
-0.162955690286257	0.229514986641388
0.653685566434747	0.606253302399235
-0.469748851651287	0.273397556470465
0.326250982613416	0.257975410410649
0.42793418796856	0.359055406432085
0.577294568073385	0.65397026600884
-0.178781038550443	0.148467694113206
-0.132733872268561	0.132370024312038
0.877529597369167	2.05479266556308
0.221514891467445	0.282592630808915
-0.429602395347674	0.664716428127801
0.014410435611608	0.0144685073839316
-0.164554763909859	0.210423430976234
-0.0334976058650331	0.0370894133268264
-0.0435077217189658	0.0428845687226454
-0.131384015989107	0.133629667283785
0.0394732852939252	0.0435856665686266
0.0252698016327415	0.0238588687276015
-0.0198666200828878	0.0215644316190192
-0.508530250515939	0.891299763418544
-0.381223741949787	0.570188445700964
0.315936102889364	0.45910519343873
-0.0620478254278676	0.0707512325709502
0.0750870134228926	0.092898438820091
0.100021210718042	0.0605733042882078
-0.32740436311626	0.267965427424189
0.708146540850699	0.893099144358755
0.877727581528802	0.797615616011306
-0.342417780333977	0.309652894532716
-0.371589249758406	0.455537887586324
-0.369854318877384	0.481107743290606
-0.344537921830174	0.432136732416264
-0.181245650029647	0.192267496725011
-0.828372553484292	1.41198603385679
-0.0702033922876206	0.0732154912457679
-0.288988152161302	0.387063895836822
-0.00876162615372898	0.00837691218004215
0.827538618787258	1.53033604233715
0.342178364904631	0.439539684045977
0.179400149974416	0.207658494041047
-0.0612930896834911	0.0500825984800328
-0.133108448933112	0.153425527310456
0.509016624261465	0.772448860924137
0.623954843677829	0.97465895003351
-0.0376590155854921	0.0385858189424349
0.101245207081902	0.11796729676071
-0.0623152392292926	0.0594333539002148
0.26595598191356	0.13900501162036
-0.300008152400308	0.258552652690866
-0.452227405094965	0.350396957459118
-0.770451947545899	0.752358622411134
-0.966372224380779	0.888053352796841
0.213858526167631	0.181046434002621
-0.440864122266411	0.559847580030351
0.147515176011745	0.148657731758732
-0.576509911255093	0.738437564450017
-0.825588386596237	1.32146075761735
-0.316640052187458	0.338770466714192
-0.440094961586571	0.702402951404364
0.155109517233106	0.158358651962844
-0.260102088370625	0.307787485182213
0.0347370421066939	0.0381787661837382
0.560288347280086	1.01162108034279
-0.213341059346836	0.29216933807935
0.2822541495034	0.344972771912631
-0.312440498634229	0.428900002625211
0.2214414472663	0.281155598187242
-0.0289688355103806	0.0262262375597366
0.163694309528375	0.194129018463722
0.121851079007071	0.0817398191488602
-1.0654174040388	1.71810112064614
0.970708399239903	1.63549655632997
0.221529982885939	0.188470746112036
-1.00868283305876	1.42041405601898
-0.0692349793269035	0.0684261887293088
-0.300740744119885	0.409219285530105
-0.274133594332844	0.293100140586202
0.151612366595855	0.158283417562383
-0.862402844220611	1.52171948793322
-0.0675455608086218	0.0658341529083902
-0.355697418359341	0.50389258857314
-0.136728897181805	0.145467607951349
-0.261459926867572	0.331568449553489
0.153401561962106	0.157496899981267
-0.467924695574261	0.737272032203809
-0.00301061021634752	0.00278489073295722
0.153223501608645	0.160517019016125
0.214157746168948	0.218591057222442
0.295184837146211	0.366978146683933
0.472457586934347	0.683848363053928
0.599689156336622	0.893369462505336
0.509994279501444	0.698356488524002
-0.0846659158274827	0.0791108904616518
0.279728655346566	0.25501297532637
0.020274057042479	0.0207109381347271
0.0751742850158782	0.0794685814156354
-0.216403870677038	0.296118709037131
-0.0628012977587215	0.0501273132684067
-0.68335841671946	0.817509984934358
0.584356208052038	0.643671620283271
0.0408654995735398	0.0353008001995051
-0.128208171328403	0.120514623586582
-0.287494638411859	0.267141750145926
0.484785242547709	0.465272114398682
0.107275290363535	0.0645252750004926
0.218347332671066	0.177912503387874
0.412833812432775	0.436453811908185
0.795276957752168	1.20109199199494
0.403260601150688	0.352766065660942
0.468568850339864	0.35382618717858
0.423277721278882	0.252284490909458
0.977416479908393	0.959759050685739
1.0816734123159	1.23519537111529
0.660822331931793	0.511991886536057
0.0493146879818182	0.0570001268917236
-0.0110622462013882	0.0136691110897238
0.029064005367376	0.0282299503615494
-0.451015316655603	0.788176655048708
0.34365187463809	0.655480403941693
-0.524938920522573	0.697246249218194
0.0875570665347228	0.0798549110759928
0.33984512834396	0.245408781875688
-0.0205737559337495	0.0122640305162082
-0.157589314571978	0.0998840354847018
0.349261439189085	0.241384925366349
0.986847422845218	0.977643538466633
0.480908043658321	0.376088473910301
-0.661994542625728	0.499990317529049
0.704792248160366	0.882739603867952
0.125605223136244	0.0863024287052192
0.455676477637759	0.60293112850487
0.621363131620651	0.836469430479365
0.22411295780238	0.145902144090539
0.221636298324081	0.149560558419985
0.329591372563894	0.262792673051135
-0.156560727608377	0.0963080486911095
-0.369546051669162	0.304894637527077
0.485182722174809	0.722524657895647
0.216248303757287	0.177178969980946
0.145121701533829	0.20943107729521
0.582230564807981	1.02137173280994
0.171970853722996	0.240730810047691
0.805292105415854	1.30405846755349
0.278182293083421	0.29152244397393
0.356610792871085	0.249755684032106
-0.269459973616636	0.182429561810343
-0.462472916901669	0.314357039784686
0.740639077179047	0.837823018880849
0.210208246869664	0.174959548824503
-0.414648538177481	0.338808356279989
0.548628624863872	0.479856977827812
0.390900859691062	0.353899787358373
0.416865025516591	0.494413928878864
1.10050679725164	1.38734811488986
0.128355101980505	0.101477039317164
-0.557289904319674	0.661986270274305
0.218209092853167	0.153503689248036
1.00965776833768	1.38349174233648
0.767951178471156	0.757844565377999
0.576419943581085	0.80998526239167
0.270921748058537	0.264182326046114
1.1128336847177	1.58522481221193
-1.08965194962984	0.988363473339831
-0.0480768299761781	0.0338242816410413
0.380776299645849	0.360731618428578
-0.512309709819992	0.411293599913633
0.264292543852059	0.266541397866541
0.263522849315103	0.271662785749372
0.00511650496938743	0.00480207506280415
-0.351370242749568	0.393448744958716
0.746793822134182	1.05830340640689
0.344355276787257	0.254079781481562
-0.102397644756179	0.0683426638284649
0.322289812739755	0.264330458557893
-0.105287821332123	0.0696460341722867
0.440831063160133	0.351466844830293
-0.163768683720728	0.118450081581979
-0.349280884237439	0.215936981892795
0.447191315821945	0.368355904303116
0.452737753273223	0.462170905708662
0.431743197615739	0.258981978523187
1.08606529415544	1.20568385354747
0.394222678561129	0.449596751771945
0.219473029529211	0.160732557105399
0.470239588469721	0.364877306723994
-0.417598770057549	0.300367895722031
-1.32344634993768	1.19423818481371
0.201824924714736	0.239175188666758
0.132162766647609	0.101543558812029
0.701606468198507	0.488375641744346
-0.00785969376770214	0.00900907650625861
0.0277807882941247	0.0290400378206908
0.104799558841646	0.100781853148085
0.13994636819127	0.181216910585377
0.104480468282476	0.0979488048207258
-0.561622855014907	0.751536564483129
0.502173580656533	0.370526945480425
-0.72490083405711	0.44108895500581
0.248769771137605	0.142647904615191
-0.762350120508638	0.602631266561278
1.01102693032581	1.06786335469683
0.737968313524386	0.756040075633917
0.0153786310501141	0.00981566888743773
0.493118999197349	0.464689337801112
0.407119538261083	0.445371262289316
0.721236806582215	0.705324668479058
0.878392170194262	1.12024007347013
0.0544430395230544	0.0407529698145706
1.0930456775184	1.26048397337067
0.201910662038548	0.181751972775794
0.0964378635887463	0.0591100650989109
0.52507415675032	0.48136120940501
0.950421275710702	0.833565091915707
-0.863789270681953	0.875419583467484
0.278079275613432	0.286773503780416
0.818210747099446	0.980069096994656
0.487285014975683	0.775882938981773
0.476362475761448	0.602167997162754
0.318508279671625	0.359693247504518
-0.0308216176696974	0.0326426628733033
0.923363438810709	1.64530416729559
-0.38071966708863	0.431392581728938
0.229857899779122	0.167900568991994
-0.221136032534075	0.128931516613901
-1.42471723741238	1.65943603641268
1.10269938726614	1.37261899800648
0.586425553123152	0.570915985366813
-1.28165672075963	1.49296610366565
-1.22955314969269	1.09790026045888
0.654814108724645	0.506996397152764
-0.940069317974284	0.967889942594604
-1.20529096262234	1.33849321497908
0.00194667940317663	0.00117141572764311
0.982403955221151	1.1811040520471
0.463089595982601	0.362452147141303
0.211140925542591	0.169777787741101
-0.244537398990702	0.191673516266988
-0.338284293870651	0.313460845000262
0.22440847532792	0.176157486736035
2.68058788794687	1.63387152746465
0.792244747935175	0.54539083400415
-0.581897683113755	0.23037880602752
1.51335977493618	0.784485589527796
-0.215777982843598	0.241440712195389
0.0841624920422188	0.0459969490654891
0.351883284128381	0.243586010682999
-0.0202827846191679	0.01842672821912
0.218488622531688	0.153033844942406
0.216530826624195	0.333395559954846
0.0154304575124213	0.0188599179928345
-0.00668953006056315	0.00500174707431268
-0.323765007465649	0.275271279357209
1.55403301738208	1.06210183113995
-0.544939786449761	0.368702185949122
-0.126961062835744	0.0571419037338898
-0.305211895251346	0.197072916537694
0.882942144720243	0.569848413226062
0.613656655117675	0.496319378808483
0.910109835221712	0.682156888913057
0.754173804247954	0.32214223099419
0.771205270977796	0.653627388627921
0.226417691205894	0.144639374228453
-0.12466015436988	0.0812218655415991
0.0875996517560446	0.0373137179339044
0.44179991986868	0.254999137516244
0.260199454277405	0.238394677771958
0.322180350700366	0.332660305843072
0.323086559195028	0.140450287737019
1.05678121522718	1.00484084926432
0.118211036740627	0.0804832439263484
0.351901155688745	0.354996147865732
3.11904154827292	2.397289474559
1.0018068893114	0.494920407016736
0.296330205644099	0.145057920095507
-0.377351389553024	0.181365580391699
-0.665793302673426	0.335187935418332
-0.0272236513941035	0.0251481336016774
0.644089335001921	0.485696030731199
0.633196430611261	0.200485458666901
0.303478577114697	0.366906964619073
0.0382262667533663	0.0432866742640188
0.0490169019232315	0.0670944330845486
-0.125133859836141	0.106978174329643
-0.451209480842908	0.360017806055759
0.624681786236784	0.293259506159697
0.327758115158179	0.145899442866933
0.527169288677996	0.363457723598371
0.328001837678443	0.147727029434491
0.638500735988524	0.393873780167827
0.300474289272541	0.146054854984098
1.71813682636102	0.934142515034354
0.743125654094651	0.739662989895772
0.742604047746957	0.997475649928897
-0.0800148583254851	0.0774303437268307
0.0514669152030557	0.0489286908191785
0.120856188343344	0.0910558770454799
-0.0130319430130884	0.00958326866839989
0.134738933761573	0.121587423186677
0.447866196946424	0.52139578130702
-0.718353418017151	0.814187549851348
0.697202975386205	0.710743798178079
-0.587153453671478	0.567376551614726
0.29326092156504	0.255435168038884
0.0424578172355284	0.0300034243696598
-0.393636574644041	0.534278286972018
0.399663075112403	0.435422581288639
0.0198391567015862	0.0134708038685728
-0.829028351825508	1.50410172364
0.209074068162625	0.189034969859464
0.249237439255988	0.316852842310008
0.288434691172874	0.375331981732409
0.172635298067793	0.207836046965939
0.252158220567865	0.283842448075923
0.107113570024819	0.109290561330387
0.427796943817972	0.619039238304399
0.362351294877145	0.44408445640376
-0.26582763761592	0.266307214101493
0.351023991188053	0.30120215886134
0.475815846407379	0.465128912056718
-0.26548219971073	0.185710488712693
-0.070222248479987	0.0462691485061941
0.127153337777688	0.100467360761473
-0.199741951716123	0.16191681468167
-0.836310597930651	0.94812422210249
0.377071608068304	0.424732091460757
0.496891777726989	0.542072347911606
0.148464837377919	0.13116099030403
0.209525367997173	0.184462835165964
0.474245911106054	0.541322573828874
0.110868259062706	0.0996879049694667
-0.192322546174279	0.166927168044288
-0.0867117813465793	0.0683568922820755
-0.206950626219973	0.169984421802555
0.0987340872447329	0.0942787873091241
-0.292600009310511	0.250233677948523
0.39127564324857	0.420938679155409
0.11034052601452	0.10636934857143
0.833694203507937	1.40526429487718
-0.0160178906784947	0.0159922020499381
0.713366369961227	1.12135847268371
-0.656834486190716	0.853907096681495
-0.339317035171794	0.354508469108183
-0.0564429948172625	0.0555586713139367
0.309512244866253	0.366263923673507
-0.448395211533815	0.398850868024001
-0.503351699000441	0.636036216563407
-0.0814646143114547	0.0856115892591034
0.510528028299748	0.711033324343792
-0.648990337385353	0.750658441902929
0.0881442615818598	0.0787258701197911
-0.934196229551995	1.3726472856199
-0.0508614637402023	0.0346767996001008
-0.475809669743453	0.495253001431324
0.124306160523301	0.096210026449934
-0.328236752431557	0.330506576341801
0.921217453742949	1.44747413965153
0.380574292194374	0.347226624861514
-0.688615023310789	0.63292750743789
0.198711441773781	0.189025381174043
-0.663779790137399	0.886030986157391
0.0305212544437249	0.0257380938817098
-0.188815044588744	0.170600266679648
0.512782753089284	0.540600502399147
-0.790571029410688	1.11883185442154
0.558707157162531	0.805811294515135
-0.0637837377656735	0.0555599792362743
0.0861587745471239	0.0784505844816891
0.0703698184012925	0.0694802426164158
-0.231775971446454	0.259541179319477
0.269803376945945	0.271750705915801
0.0177168735317633	0.0161480019101048
0.344847120295649	0.337085257192562
0.0348432473691454	0.0233851640104697
-0.00863420296289573	0.00721098005772013
-0.419833204167393	0.492301385794374
0.864682237621079	1.17816837231736
-0.390189676254971	0.378517767917989
0.547048106400497	0.795186299275839
-0.236819075342043	0.243939355243756
0.563863163338734	0.789794685716586
0.858975357591157	0.916458653056294
-0.113005180294953	0.0936432422752902
-0.217192795406883	0.194252356121154
-0.152898640892393	0.13857879408355
-0.361056564787407	0.408529926828806
0.211256641041331	0.182243979234358
0.871511002438776	1.47637169989983
1.0755911499388	1.16164870742418
0.663139220239756	0.614191350892388
-0.0718297015536812	0.0629237785659718
-0.352679877189718	0.368109666738967
-0.495188687351753	0.606898537116663
-0.910006950061908	1.1589955740367
0.105595103784575	0.0989830665891838
0.486315192893584	0.538714422841104
-0.0732330089110001	0.0664741257084237
0.746114684806517	1.21310614122346
-0.278624427584806	0.271122652837162
0.553029022737515	0.772241168269331
0.0924692175710525	0.0854924260209234
-0.118795912129022	0.107554124919621
-0.17045486261572	0.141849058986847
0.422990341681941	0.362303022093385
0.0811388890294655	0.0669283938128958
-0.6035457138984	0.730715378790512
-0.0172621831957318	0.0127700104294758
0.823555994113252	1.22692545668442
-0.443046622367101	0.600341925277594
0.285087325090156	0.369002098928161
0.311581357567394	0.275557820079167
-0.09355336008947	0.0728409626919047
0.139343457657348	0.107795309483193
0.331241776287825	0.348469817040829
-0.182032312362489	0.160012656374066
0.840012724885448	1.25883087479703
-0.293709754736232	0.277734702701481
0.0740369603405287	0.0639047086210093
0.200059882327033	0.19723265594652
0.0812002954995725	0.0435896512839225
-0.263624674826086	0.174404749451843
-0.422892516372105	0.499674936720486
0.0390725267735485	0.03508938221093
0.373403402709593	0.415224080303647
-0.727169596323212	0.915525035193559
0.224846811981038	0.220034225652887
0.741911087279124	0.90212103871624
-0.43606938465008	0.541118775771987
-0.753373909012987	1.14774381891153
-0.358826383245547	0.427544992303185
0.419489949069298	0.510830348615964
-0.888557766707392	1.32493871284184
0.652667710334763	0.835656226525489
0.327524163986629	0.346336406025042
-0.564574132957792	0.692357596936635
0.21597464403373	0.178339886003064
-0.437920189638308	0.423124438610573
-0.514809104140916	0.647812058693061
-0.230617107772252	0.249574755650643
0.410499571878463	0.351710562318056
0.144545380617186	0.118026667269032
0.0387690785678825	0.037765843401104
-0.13337291659245	0.146870999841
-0.827580674240604	1.1064701533419
0.400839887263862	0.355279822601127
0.282826275609506	0.257345347347678
-0.372005202776973	0.393789165552243
-0.26968172486852	0.229902738433806
0.127770864748526	0.0995467133000179
0.27925311021578	0.253168861098595
0.619882618021034	0.75309807335304
0.15763038432623	0.150835799161106
-0.101034508478902	0.0775705445310475
-0.32126136578204	0.325198488380932
0.492594184139934	0.743161773963898
0.143576701089045	0.13010702072138
0.0932925827975818	0.08378766117191
0.0486762044891674	0.0418800313307339
0.251723172487978	0.26440865300574
0.11458125856868	0.116341164639686
0.611669076190212	0.904475904903833
-0.0930730045725277	0.0972723559335477
-0.343913540236775	0.394161125385339
0.132290316355875	0.155365689491715
-0.302504921582289	0.368437311924846
0.319692879138941	0.363759948815303
-0.207402745842441	0.231756760426976
-0.517599772404849	0.577213969155339
-0.88487973017795	1.296955781402
0.21089171470807	0.19288352371752
0.438907923014162	0.50145055033065
0.261339673182797	0.289952348758368
0.439790853392354	0.432837083476834
-0.0971750213047127	0.10737916617195
-0.448958697697408	0.611615031289336
-0.558729394873829	0.934554302741419
-0.0206595155542835	0.0187181736329873
0.142364008963366	0.123940492186728
-0.187968809294334	0.155827189049335
0.212581516128657	0.233197945716027
0.478554354017596	0.532830588889145
-0.197549866166208	0.202298402416455
0.0810710941798272	0.0617563823705846
0.668371574245216	1.06854570219762
0.1683145525018	0.178069176788403
0.0634409176839052	0.0663581996114899
0.428481631987064	0.455130586407299
0.302611611632638	0.269234190576093
-0.338098795886573	0.329672216172542
-0.0204665937889909	0.0149023446071304
0.479154056846318	0.528614207533427
0.601385821116619	0.721102392279201
-0.123643939601123	0.1256710521238
1.42779412370737	2.65626700661286
0.415182722754056	0.426572327310744
0.153688112860287	0.161528607915309
0.0762389361581369	0.0614235162189236
-0.397843305403031	0.597325302744636
-0.260528920552184	0.29703585474315
0.00605609862779332	0.00468957505491277
-0.385128489023308	0.531169563216218
-0.3186924311194	0.434142966801935
0.47111822059003	0.823395577563175
-0.387199650942714	0.484211742124583
0.207985802974371	0.209497796519737
0.32438437346309	0.443551068405279
0.0838724495174803	0.092188197955551
-0.3137949751023	0.332984789700009
1.31839968966618	1.73598682422189
0.775036237031804	0.835615301788262
-0.241650608504338	0.185319412978788
0.516287239403001	0.476946919985307
-0.00730723225345855	0.00542069006357397
0.363536452834592	0.339274236348943
-0.281615798877051	0.234021405978323
0.102397963864321	0.0994802731690691
0.556792712451892	0.474769320188716
0.198006601335749	0.188605473428061
-0.355023188464621	0.403791478649734
0.263117849799954	0.285153595474547
0.138766629033877	0.123023963390165
0.392027980680579	0.432861102461971
-0.23322137429288	0.223426206745099
0.472615402544477	0.603118999819384
0.280545665931181	0.347194254477086
0.365259621892192	0.426372165585673
-0.517280370536758	0.606314839399928
-0.897469317480337	1.15395523406983
0.135130494810364	0.107897151882867
-0.261189099649928	0.172144796855775
-0.0985000719016972	0.0934634072642194
-0.675273754154151	0.765537391080249
0.315514746446286	0.267842363000633
0.104801350627767	0.0979454150047026
-0.0333702859364072	0.0310333787122834
0.62543127537704	0.955262703098807
-0.445192569434086	0.474101127081722
0.0580929659453816	0.0435759832749971
-0.145460325573509	0.110022245742156
0.770685514047918	1.01737386496436
0.981427608671233	1.26868570881706
0.0473030175237966	0.0336514542635992
-0.156063163406163	0.1137221710812
0.41693637607506	0.528368850079739
0.319019956656289	0.372052282740909
0.531495535384328	0.547447957671477
-0.0239138443129077	0.0169029574739133
0.215765193845683	0.21251129646465
0.117288898614764	0.0839618537459793
0.0734941882337167	0.058252670509915
0.162333674034035	0.194000238995483
-0.237837679459203	0.272264152067091
0.422159018312787	0.534405383771188
-0.000242879984209029	0.000432968179469296
-0.200675686539125	0.261834210788657
0.000122044050529893	0.0000888829941140119
0.825128253797247	1.33969850783291
0.251736538540721	0.26948566702444
0.252726099243868	0.330801631593539
-0.906951834839317	1.51131693055117
-0.330184570015012	0.371202492311487
0.62126970680957	0.615442081183356
0.394620127755951	0.252210109583155
0.356555922041859	0.252467339105175
1.33332246431872	1.63873350704823
0.558098196128768	0.496460845398164
0.610257947412463	0.501737107349187
-0.102866329448744	0.0687921412179729
0.694678961180259	0.931809323462193
0.60812322750047	0.872515571319316
0.231994880791393	0.179089521129557
0.569873090620037	0.567890839604536
0.201935641363125	0.18989225341877
0.507826248095326	0.523368102645846
0.21987872472796	0.255335701101086
-0.0506780891160918	0.0455173638401147
0.0211182600735219	0.0163200968476247
-0.29758340682292	0.298356461592062
-0.28981733268433	0.313181759206958
0.563500238093461	0.843029231835191
-0.206443076744533	0.217451962053748
0.469919383774345	0.608745781225922
0.458089910537546	0.715827195432677
-0.281305503227986	0.306488867145988
-0.201820514761114	0.215027940338455
0.465801095591938	0.458539394973802
-0.0566255020505653	0.0305755744908006
-0.496450179021376	0.49191378991665
0.0550048456215553	0.0409134110773263
-0.399976081496455	0.445536705681913
-0.643999731323812	0.633850155104167
0.455781767800059	0.453837390053175
0.954532706707567	1.52983938725219
0.254349714116994	0.294606767964617
0.738708755146304	0.829665549106238
0.7954980951929	1.20279421126782
-0.0428303343503179	0.0396681906327127
-0.285257463350342	0.347761219501334
-0.377807101491903	0.368421265497719
0.337339284394151	0.335261209591851
-0.175682520181961	0.128706325335343
-0.135246728889928	0.141800248069978
-0.535491606013634	0.730466046443017
-0.713039077122818	0.746400552896377
0.280654825619332	0.307209464184625
-0.612941599536676	0.893008083142011
-0.657933839219589	1.05185623881336
0.306271811253177	0.262529120763009
0.129361963121872	0.095527180044223
-0.0052586955189331	0.00309197179976827
0.603314480538459	0.659298915748715
-0.843899039158218	0.91813279971721
-0.445158017890548	0.40218656109372
-1.15616721599399	1.37700762454863
0.373284110709598	0.513904821554525
0.701933723124297	1.18743870141613
-0.217654516441043	0.172149437229916
0.0764346394812252	0.0647245949598304
0.166482789673893	0.2609872438038
-0.241498351481015	0.308742910211355
-0.606060707125254	1.03875787655568
-0.205485139568009	0.323015925417164
-0.00229782321842467	0.00331158670522682
0.0382406949587746	0.0487212227734754
0.448362405013045	0.686571468661505
-0.00209020913335286	0.00189027241235277
0.237001235120397	0.385670659473731
-0.0806911410788291	0.0644066232680222
-0.490078902698967	0.536477943305765
-0.30716639156972	0.209694971990723
0.493194401146203	0.374587919802268
0.48144130125007	0.262196058525902
0.389850571795737	0.336373160159687
0.723974493343037	0.423028670491374
-0.663304438653399	0.502313361489555
0.489056445402726	0.366445474536785
0.714991591932308	0.531205745617033
-0.0277440464173791	0.0388078727073758
0.267898057954968	0.300257930021405
0.0650190569954388	0.0753014620276918
-0.241781810888854	0.508290108711692
-0.429664788616047	1.37512659495726
0.36717947071246	0.733766899891544
-0.352236708711548	0.436655978647249
-0.481212179850053	0.817325985685644
0.0619080300910081	0.0788689243142874
-0.367230656172893	0.273716523499962
0.771686800266577	0.657201830970523
-1.22413367280793	0.677344127169743
-0.164189299748093	0.0681521076320556
0.0827486643340531	0.0353143171342045
0.721599401162962	0.416542911920855
-0.208476393566103	0.0783708850945527
-0.670684181118043	0.338798891168024
0.0832076686729771	0.0320934434977448
0.429197365313242	0.575436350748118
0.0568530003543078	0.0607236813651301
0.0194018318302967	0.0270625908427948
0.0130455089465851	0.0211610047197897
0.320994557899781	0.572839929492018
-0.709434747714302	1.05746214279418
-0.0221281239769478	0.0225400857406683
-0.206208415832517	0.309161181282699
0.585327814887982	0.583276029677196
-0.323759009338724	0.247764191546698
0.0924423574788171	0.0345537118592601
-0.128979486657563	0.0589411900861144
-0.625094178874558	0.406717729392523
0.0855570343032181	0.0428764301090393
-0.47836996361888	0.277261461681726
0.47538281617044	0.266513584221076
-1.33317859395394	0.630781516003561
0.338883658860855	0.409445813504244
-1.1738214848303	2.14407754897281
-0.138114826264374	0.152560463379379
-0.092186769826031	0.101066228147899
-0.0983843575109451	0.106155585239489
0.627128966336705	0.967657807782948
0.0204877706191507	0.0219524513843062
-0.0223450138389616	0.0209970658835115
-0.207447104906073	0.213528861507753
-0.356310316187623	0.265519331834391
-0.286760892631777	0.228953528357871
0.224933321445768	0.173243115619791
0.47552425950663	0.541689612866138
-0.322088751786114	0.273436044753255
0.132518124734558	0.103926567520721
-0.0635972422927416	0.0430326767438945
-0.109214762260816	0.100911064203943
0.595170812927393	0.752284085089016
-0.380334447664365	0.533589198689955
-0.258740083299504	0.286099486778825
0.161887551342891	0.165417309313742
0.668081985487674	1.14143954211897
0.0553963735282628	0.0543503358147668
0.168611987554817	0.203000661971505
-0.145175209653282	0.122672675116812
0.168812000975293	0.157876464054537
0.848654356520917	0.999962740976941
0.0828264512877471	0.0723038863448422
0.277280094678353	0.279914285463066
0.131131641205913	0.105608386202354
-0.172359450352602	0.142193206698088
0.434841726795527	0.525748884977216
0.549430679873198	0.64499511670622
-0.0995328144749157	0.0757708949080057
-0.689491798343361	1.07549212303539
0.379724113605263	0.441447224509425
0.0752182252670394	0.0650274344913324
0.0160476146935827	0.0154300397872775
0.167183633730537	0.174358589593955
0.023669570382181	0.0239335794512629
-0.442661974512417	0.417225217739174
0.560724140526819	0.581855447301156
-0.104857406731957	0.0799157726701455
-0.243504584129463	0.23292936034634
-0.337520152982003	0.365019416327745
-0.791957751844716	1.01317045094967
-0.103844152220845	0.0803039729236451
0.0686367401862796	0.0535712658177628
-0.0410253521832978	0.0341217247088523
0.129678190577506	0.122673675689593
0.593115784995078	0.885746365890296
0.265835525753986	0.28689436827425
0.37514487580524	0.47556125669001
-0.124781981137821	0.138813231320765
0.580029059264255	1.14862973352892
0.525267427591677	0.55799302508309
-0.322360866548323	0.325445400200568
-0.529980297633036	0.523762183861189
0.673779125523601	0.838806412349743
0.572936962253776	0.666662801739381
-0.328381864112842	0.295299954607733
-0.603970618736714	0.651061644741654
-0.117872989892489	0.102558272175862
0.734759404275237	0.888396298320773
-0.119463960024124	0.120426234966685
0.373381336893374	0.433742513733852
-0.231103179402188	0.238937319529774
0.986467628741348	1.74976701654619
-0.933391758625717	1.93793238007135
0.0766254146723466	0.0848752617694087
-0.159033425867877	0.132663948831081
-0.196772475395506	0.161010340980881
-0.398445717053879	0.379084074626664
0.0384720847840831	0.0317947260945875
-0.83224362816868	1.17581839309637
-0.100927338383426	0.087108464115782
0.65491123952402	0.792183742197611
1.09555245422454	1.29635373436409
0.55319453447706	0.873758688154575
-0.0830081641432617	0.0874784612422009
0.0000353695243927114	0.0000189252093289206
-0.0424465976655773	0.0616442645552906
0.0540543169603352	0.0738184250896942
0.10390595421159	0.120569876226176
0.142781198086823	0.188535949163101
-0.184737335936079	0.301427789246098
0.113750183178686	0.110224587210054
0.0270682908446208	0.0229123619140295
0.985844638765798	1.29927898222706
-0.0352804317852696	0.0203884797419419
0.610956161289987	0.496348613082988
0.00737211678679677	0.00440363285899076
-0.191376778457528	0.154906494346755
0.389344338702564	0.345237742533285
0.819482942623619	0.789395043716501
0.68225644070881	1.03413070432343
0.262736831333284	0.245841163560333
0.150506427934016	0.157994498645725
0.00529022000607694	0.00413395305010982
-0.0932040629526401	0.098738436519099
0.497950388467407	0.684609422789839
0.52183113992772	0.633963700994078
0.298011099934534	0.433623904966778
-0.100425029907821	0.113905212366394
0.049796294745454	0.0485888643738608
0.770372403950791	1.01277074113996
0.797771687816285	0.925939350550805
-0.0839269651411575	0.0669347367062408
-0.320642488379193	0.292672084535029
0.320029342125749	0.265421460256368
-0.443961928484458	0.392392184872759
-1.13106179363801	1.40565669808855
0.256672062848428	0.323582011953826
0.583568941668883	0.667848130317518
0.237720780390427	0.312329693816021
0.441625639522518	0.65332730267683
-0.0362811600682493	0.0357561265344827
-0.0728390926739991	0.0828690772576392
0.0136800029115985	0.0125843284236858
0.262063256143486	0.26342366543689
-0.0255391857893449	0.0262176111648518
0.188440277619485	0.227989622048352
0.338084472420462	0.537908379548396
-0.198224140652743	0.196798424530926
-0.932656516996134	1.34844988538917
0.583908110141851	0.663235185630745
-0.441571595290339	0.366459376142714
0.0620562576608136	0.0462311481072323
-0.518655651129196	0.493257396050668
-0.134369887394995	0.115367640813256
1.31792152595183	1.82065933619124
-0.168635443919341	0.203226539813866
0.665981589666921	0.938611589692312
-0.078498961415747	0.0524109692906457
0.243049291357048	0.325932969053321
0.26448234961085	0.48414411464565
0.405501282663918	0.958085569508703
0.467809337519898	1.04749536472905
-0.45824946159614	0.782503803571052
0.145958145147243	0.186240483044415
0.306031008081982	0.564041253855588
0.248449579027301	0.280482026184902
-0.435945039581883	0.588418329385243
-0.278990394678956	0.239874364813654
0.229894586138164	0.179441012411815
-0.0274581795849796	0.0195439505240264
-0.440872154521162	0.431488515929598
0.559722460872779	0.64017235248687
-0.619347673248975	0.576582194776291
0.93410850305422	0.930124904473511
0.209391387106103	0.203938286868055
-0.479387022009692	0.80992662328586
-0.171283001050195	0.153943018475168
-0.0119668966643838	0.0100345406749577
0.405787336507295	0.504006262573638
-0.0621517562987051	0.0546757967214518
-0.0992129719159843	0.126915475639051
0.0204200053427336	0.0214240305661148
0.128273404010201	0.144956537809837
-0.206807473222381	0.26946442073393
-0.0126850400668465	0.0130000421210706
0.336889641635973	0.407007606600045
0.368182063839515	0.515381981759022
-0.531419736413084	0.746103909897764
0.611663895506115	1.04812088173238
0.76065552875839	0.982876586078889
-0.153697050940336	0.142324872487035
-0.476092453450164	0.456772439652307
-0.412392256621789	0.427579853061465
0.983211210315072	1.1802057554991
0.139426553651193	0.109789962023372
1.01715297498251	1.49672842003402
-0.0445685440546153	0.0247953904344636
0.248047391254377	0.138273954932248
-0.10400128693694	0.126617228243172
0.269592476730334	0.281662713843237
-1.51831149000774	1.61161774164472
0.506915882056545	0.81400151339793
0.17729280823517	0.221621965161483
0.140313318335985	0.242103957773819
-0.0938905353739734	0.135514355961871
-0.30215538829767	0.423855952309138
-0.6122147139141	1.04698512278485
0.430093207731304	0.877353159644238
-0.495366129045102	0.664009464645344
0.538480151200992	0.785985247236769
0.425144899014225	0.35164057272873
0.575571683756133	0.386214542174266
0.304504414896232	0.259182271255536
0.212992016250903	0.162887944678957
0.720291898993286	0.883284992900009
-0.0377243930902421	0.02625539275283
0.369673529093184	0.252044835656054
-0.0150746057066773	0.00877587513398408
0.0948811765244316	0.054400929167147
0.221549392934643	0.297887845174567
0.805971520448191	0.845468865552231
-0.0971933865947808	0.0475684094160593
0.0208980449388049	0.0198038345548746
0.719888527112453	0.629383928812186
0.0715361894927023	0.0715090379007533
-0.22584356451227	0.323217714598148
-0.0756688079720896	0.139109248281432
0.130297167148702	0.221176974099251
-0.210861591625515	0.276120633641811
-0.0450857921419144	0.0610908383941151
-0.0873506532052583	0.125347067968109
0.136798772228183	0.115558763345662
0.524636588793015	0.371022196374239
-1.4288193963363	1.39921653331215
1.06648287196219	1.12161495038903
0.427182163100756	0.259180171352255
-0.0596483062424625	0.0320910609498549
-0.0629428254761106	0.0348018396091507
0.363842151685717	0.361804546040592
-0.294090218377251	0.480706190400852
-0.1043227020119	0.145986476197826
0.0674467267114102	0.0889057397818271
0.0151724516219624	0.021917310636618
-0.134165650941069	0.264726930373073
0.215163810671277	0.442414266204877
0.654576082948834	1.42379867349907
0.204772277247663	0.29943627601182
0.0271936630631005	0.0384757141725748
0.0381159833624947	0.0269705749414695
0.147195540255606	0.114102569819537
-0.350098125240719	0.393039129015797
-0.775785750288279	0.815931506718339
0.458942781517314	0.459453215490783
0.659631242623399	0.705097927315453
0.0532408025697666	0.0562258246756819
0.0819058607923323	0.0969062982101208
-0.115283651522061	0.133706304044402
0.25950590806262	0.351763741131946
-0.088579445345828	0.0843485981006644
1.03850529784973	1.68357761883387
0.378366765333536	0.523304108046271
1.02418773045859	2.0200812953436
-0.0223709463659188	0.0186494120972395
0.327274546525824	0.405774018401374
0.260953607908118	0.307616965153142
-0.386036621235631	0.497286356964858
0.577302274514448	0.893779565624322
0.37832524389953	0.538135491538064
0.0148936257768923	0.014251995416447
-0.0298798615855127	0.0293894740574798
0.475948918599872	0.754293877759982
-0.112386399578835	0.10755535434349
0.162847667616151	0.184413503811566
0.230438822542912	0.327923153445903
0.151230169098686	0.206182555272474
0.0774830984192498	0.0929617679675394
-0.04070762229249	0.0430814511250924
0.0232120875173253	0.019031392616502
-0.069478433785716	0.0608937617136748
0.375624258464247	0.501532329003521
0.0512037837866113	0.0521577705113344
-0.578411217126563	0.719715061564111
0.983595432539213	1.54701619126113
-0.309249261766044	0.37949109865822
0.449404274018265	0.597860712590419
0.103624449315236	0.100363664269119
0.0188890529531393	0.0189130013698723
0.0559734347360076	0.0545497478491663
-0.141542233433103	0.171104823684219
0.176664239953552	0.225753485477965
-0.833114451107965	1.9309740673619
-0.188004026321418	0.251425042480108
0.206832538682613	0.22354769193176
0.421866145277868	0.523749149503633
0.120465125233902	0.124719211968239
0.377188454845308	0.526872308302343
0.0881515652991775	0.0944061925146276
-0.0748688982630958	0.0798852276324865
0.136502399701651	0.166935452534372
-0.0892426158753947	0.0925787003566395
0.14864634028765	0.173240485135927
-0.100216544693952	0.118160698676302
0.0796172937117257	0.076316174929159
0.396678728253718	0.480220260554153
0.170586698017086	0.202241143875301
0.572655110373224	0.843912509678703
0.995874014548235	2.20017339610308
0.0257243392073655	0.0263573236074981
0.0656177709002029	0.0509909197531823
0.384397982448437	0.439339317291853
