x	y
-0.406230800060099	0.321518056181646
-0.601557536181484	0.515268989158215
-0.534536643767099	0.454964760910901
-0.62588540818034	0.560394181455159
-0.70846563910942	0.710547205631558
-1.08239097308342	0.436307205370226
0.759787340207884	0.321078859102827
0.217414498783168	0.144839442179446
0.0257704197865083	0.0173319593596953
-1.28343104317771	1.59592938350631
-1.48599423614613	1.73978163649568
-0.368799202459111	0.174403088907309
-0.767673607709995	0.635020501027339
-0.374607469329136	0.168994906028059
0.366955537007013	0.252397905011697
-0.017032888067342	0.0100071884469264
-0.572268982426196	0.428816945939657
-0.359459028135895	0.232696259034449
-1.5556612236703	0.851215438188417
-0.27334027114682	0.0931534889630348
-0.12612742196757	0.056592355996698
-0.13408611550473	0.0589204123245404
0.393696144410247	0.244880224427078
-0.535825674844466	0.36304296714255
-0.213354390104792	0.0807157515791749
-0.587680383007199	0.236957816983008
-0.383639697125327	0.115605960560422
1.00039465090933	0.492869280276074
-0.273986898321334	0.0920825761519211
0.763450775768673	0.323458173640263
-0.646340870593143	0.158210382440331
-3.09004997319051	0.995518691449303
-1.16414477326082	0.355714622696977
-0.644600139200501	0.163557956970766
-1.16453750470596	0.363272673512163
-0.202229541956923	0.238845622138334
0.361454200595852	0.418661203756429
-0.475912450688669	0.704035585448564
0.317996595927593	0.386708689794078
-0.0100887284133773	0.00961421809089313
-0.408119027019088	0.599327641983863
-0.0885476130522743	0.097042112771498
-0.277945346146301	0.333849289739991
-0.118374314942067	0.125821418422039
0.408427040919435	0.504980409852212
0.113809454526006	0.108311885975011
-0.252183536752667	0.326765156830512
-0.138460301230808	0.158459153919781
-0.0157465126846534	0.0148019389308383
-0.444364913321408	0.578279529173647
-0.277846079837749	0.283817005233444
-0.492486390724256	0.563529260494065
0.573624085960241	0.728125111614
0.368704718192926	0.495869132416027
0.294050697333286	0.35367192031762
-0.193280158597829	0.180824403908549
-0.249647718405461	0.269857939926682
-0.577023167104115	0.912934066648563
-0.197491680900187	0.208128894091475
-0.162714399107172	0.173217599200826
-0.305230601510651	0.416689153911964
-0.156156296304082	0.18490085550507
-0.370672859648808	0.276711966020434
-0.172463204005424	0.156886425824806
-0.10786931434406	0.111188728462545
-0.216944324169194	0.258592866037215
-0.42807416335173	0.621747191704471
-0.0389124006614708	0.0359192422425828
-0.142136486813862	0.131102051902404
0.136940292861684	0.105179057241163
-0.520183651996161	0.568368853879801
-0.0109696483954861	0.00939069377482591
-0.291438981846994	0.425024472751187
-0.466293793617935	0.535272644782536
-1.44569617798216	2.9243205030881
-0.407279535176325	0.519044162007739
0.160789994469946	0.179000895214805
-0.137794179030061	0.155416596053986
-0.831002242826632	1.42077811942282
-0.244585725493148	0.306555762334505
-0.104460440988868	0.0790990812323327
0.745741360447207	0.908665566060749
-0.96288221476763	1.23131176524426
-0.830621000549297	1.05763770290147
-0.667959258832906	1.70867876318529
-0.247886284453651	0.378443247342635
-0.963883453056772	1.18976680785106
0.138643382891309	0.125059711459764
0.527587073941228	0.374809169764312
0.100760375509624	0.062328350600316
-0.107018980811898	0.0818989441816982
-0.416796445455933	0.638479245454384
0.149723498937506	0.129000436769609
-0.794643100300249	1.09977238584424
0.0531816924296606	0.0546178723640073
-0.694802672285382	1.1169944881584
0.130608335351975	0.155148461353359
-0.467731663696439	0.858500807659389
-0.227209003653743	0.152907372525196
-0.675650961162652	0.789866604146081
-0.871159040721178	0.588795503225941
-0.866986848231062	0.596037787008765
-0.365098435083026	0.697163014644125
-0.00563227170706262	0.00630565596753143
0.350341925032845	0.345581131346103
-0.351118195005667	0.226288597479043
-0.0364452534688524	0.0208730636902545
0.330592648399573	0.251607230680863
0.0982018028325099	0.0556637547453289
-0.080755771922592	0.0890057464573943
-0.774025067699756	0.620726761750384
-0.367233743970982	0.334445707009909
-0.0570929417348382	0.0517187615674442
0.658720874423675	0.819606199323798
-0.0185684585673085	0.0199708245858344
-0.261278817474462	0.405462316935761
-0.995977546551221	1.11697095811208
-0.372906995841504	0.178377915668891
-0.349701653850005	0.49089970058499
-0.270121804189382	0.470954501035023
-0.100867193564767	0.146422077702476
-0.484367606029918	0.411888914912967
1.69264677394605	1.24261917464437
0.631815595189013	0.389223539374605
1.28655148483214	1.08001000237549
-0.475931468635632	0.341204079397019
0.489292718209973	0.757780155855924
0.471589642165881	0.364370788557367
-0.367313594993908	0.334667136769383
-0.0877802828998041	0.0912602498499597
-0.660722111512928	0.678764670601312
-0.280158215000834	0.425200251718299
-0.924553235245211	1.85564034049587
-0.00620490952401296	0.00362594999502611
-0.362151038307138	0.600688096633861
-0.538792596447392	0.538088361821377
-0.375563746824381	0.176978252965857
0.0857421295343047	0.0395971249625295
-0.858566424785371	0.488193538842041
-0.174713063783416	0.295692354788483
-0.0572238960413385	0.0697850725437151
0.137837258286527	0.105017057659612
0.0855606641720032	0.0454284120722989
0.329893582171434	0.147706112113346
0.260414593243904	0.137036027608498
0.500743836332493	0.368190090361876
0.188638074603186	0.218819850029918
0.518934269284427	0.359576469486526
0.851642421855811	1.01103297797404
-0.0710293721160449	0.0704733859331435
-0.398344098700685	0.320995057068002
-0.32442265124473	0.462045456276232
-0.372246789306495	0.333433877097674
0.426387265126355	0.610183198680198
-1.40741002269577	1.92392703261453
0.0603475431661922	0.0680763501174464
-0.393312172180797	0.791338295293486
-0.52255280589237	0.573890719981947
-0.857880588565508	0.877531453975156
-0.311612228244803	0.159611391849835
-0.308610054582617	0.158668693982048
-0.313428207807655	0.15649940977797
-0.0174921141834628	0.0164498102820115
-0.14467898774492	0.20852804272369
-0.363623598296141	0.590353640648014
-0.125109201837335	0.0804144162032892
-0.239994974198172	0.187245887470819
-0.474324947255926	0.272912703630459
1.01714750929573	0.612680515830649
0.365174260139377	0.249422437031812
-0.463493689617433	0.672452661590711
0.303897043589886	0.262191076741711
-0.335912385951066	0.307628475952008
0.549878508715638	0.9779338675466
-0.369651450887469	0.321845564995353
-1.40377513597222	1.96189818070647
-0.711657580477097	0.69206895517866
-0.613860380172129	1.20083612632048
-0.992337000466494	2.41071628348712
-0.398561355004437	0.441326443457708
-0.288060968668423	0.405005321332082
-0.367515891883732	0.527974113545981
-0.419062990809592	0.730081456500904
-0.515963750440986	0.598804025332814
0.317954003173265	0.334471528502406
-1.53730570554298	2.05977439121513
-0.570230046580614	0.422946230502828
-0.513604229939256	0.4889468186049
-0.614609700340504	0.890300986132452
-0.24870295890191	0.228473992890014
-0.616063074180961	0.95277283681704
-0.272689279637965	0.270405590000824
-1.47918344036975	1.86133084023324
-0.316456987936028	0.388199777699663
-0.252276551927913	0.328246374259466
-0.363268782916988	0.585552231078526
0.625466064555379	0.838101861256538
-0.72774276257687	1.19739380831499
-0.403213957188698	0.335050799533067
-0.346353964583159	0.345878053066787
-0.5674017308141	0.685898467279051
-0.229511564830398	0.35256526966909
-0.965859633436051	1.63046349251036
-0.414326730864166	0.563385224896066
-0.299724359365873	0.440372369541971
-0.467419332686894	0.56288334367348
-1.74424281327639	2.03654597783608
-0.479177511485522	0.515423047804669
-0.825818469906029	1.03493711112309
-0.490703070535355	0.424949355927287
0.0717488101232944	0.0876744045146217
-0.316634404679313	0.454524788513669
-0.420080720256981	0.456883836683768
-0.762761372157192	1.26368053340156
-0.323704670059432	0.404013270072787
-0.224080391569078	0.232727347553677
0.702673091438106	0.723319777506251
-0.141079462985587	0.102919458976992
-0.785714147005047	0.898210946222126
-0.886256858727798	1.26501947365975
-1.09337665451111	2.48929894010164
-0.325012131596205	0.295297146698296
-0.308106834719086	0.373579080447174
-0.220206581291514	0.212827158566053
-1.06314676923861	1.24885896448839
0.584729520411407	1.07893421593843
-0.167839628616221	0.263390058795945
-0.302694376987931	0.49914847879904
-0.869077630668968	1.490196469808
-0.571855507996353	0.688843219039798
-0.479392153017301	0.48615183723548
0.0077885995599202	0.00573842414065527
-0.355417694476259	0.376773023544484
-0.125489106191941	0.19062915878482
0.220293054274567	0.178786139289029
-0.249351718944075	0.234640556623199
-0.0155727825392309	0.0183859219655266
-0.708895565296391	0.965370791344341
-0.579336033502517	1.16254598225339
-0.516434985785102	0.913428958529949
-0.225342815319418	0.290891232600346
-0.408643868166749	0.33784832777425
-0.465151758313466	0.567580333052387
-0.161163137485018	0.161336863854127
-1.4602519374338	2.46063539901767
-0.402130352251536	0.637268026345943
-0.541635920326273	0.823666610450455
-0.910008540725055	1.12609263143715
-1.66608493248104	3.18271156839423
0.225654074050871	0.171516811833074
-0.545745282109275	0.369772313886606
-0.689222717968685	0.562463741960154
-1.81348092687714	1.81546082227271
0.0637765891124428	0.0502906369853577
-0.197890365859589	0.205784315577717
0.100424929266616	0.0638222691169303
-0.739726234012287	1.01398513534116
-0.906979959596938	1.0506308985529
-0.693344724168006	0.636763165936167
-0.0524794388356224	0.0529710796535258
-0.252141253553243	0.419574989386514
0.0789205246743103	0.0998000963855393
-0.574100006804433	0.532707625833853
-0.179962845805418	0.144976528817547
-0.125132806690375	0.0812573778367278
-0.959925922206615	0.860033469563588
-0.125168256391336	0.0800277414901813
0.0456326919692283	0.053023406649526
-0.612193351406164	0.662374314069697
0.0900364937248539	0.0799636653827253
-0.0925470762737479	0.10182520354833
-0.22193695118221	0.221790478896441
-0.0746001480262461	0.0814831027657594
-0.206474342665751	0.263245307612368
-0.175924172505691	0.221506867436465
-0.0307272825068452	0.017515725985525
-0.67487922230453	0.803907163795242
-0.439348366482905	0.502570506405117
-0.193137232653255	0.154279348999508
-0.85880803616133	2.24810997988908
-0.465562095009272	0.899328647920618
-0.936297543544333	1.31916065109642
-0.356300846004683	0.590844347177014
-0.354278209895618	0.546202229091202
-0.301004227854807	0.378528625550789
-0.767844681122288	1.22751195540353
-0.383766145518672	0.447763398358869
0.376605897339793	0.430706680957238
-0.902288454361886	1.45747164203052
-0.277296402915974	0.342627984962696
0.0832897521681417	0.0738191203242742
-0.485898929647237	0.771606341509803
-0.474273347096468	0.644974413518787
-0.57361582309104	0.798020370326833
-0.54530779468161	0.950295852859997
-0.256841605919998	0.350657870598618
0.201595459317439	0.268843744775391
-0.557209843408861	0.661400440531761
0.000701675961094514	0.00073936477083257
-0.78734049855654	1.20855116244418
-0.609427701333331	0.863474668772517
-0.477938397077748	0.714305960199383
-0.0614304586030307	0.0733701176197555
-0.951029081080317	1.61790465042401
-0.735629784598586	1.3053660674636
-0.000207150846744837	0.000086226687680931
0.028058755124071	0.027012024859803
-0.562524809636614	1.01059812389195
0.102379845086997	0.12097862545043
-0.359010454596284	0.508212718019777
-0.223450099757086	0.209988972194026
-0.912142901272317	1.4013283073621
-0.878783570270957	1.20627373997921
-0.927894741518784	1.3722010351686
-0.547771833853049	0.471169157746968
-0.902203581998163	1.06279477054121
-0.197506562229277	0.119685540142624
-0.305810006076325	0.208289285234396
-0.407487698442429	0.370343714284701
-0.499409328795575	0.776049445128778
-0.440575249530358	0.637296856973612
-0.60331462476414	0.948898974024484
-0.364585532868956	0.500948903841778
-0.157954228193741	0.197238115077647
0.138565136541273	0.174063208133131
-0.0711354027081399	0.0759360559951725
-0.164794502765901	0.188693444723643
0.118931351186142	0.120303198922503
-0.323044243363572	0.425097028813886
-0.299411655372982	0.347411568626204
-0.202017301962115	0.25111547604478
-1.01712016667352	2.02351747475601
-0.361929555504815	0.422297647748027
0.332705721195298	0.260787070071862
-0.365151453542406	0.26465022002489
0.0555226135874114	0.0553951887857452
0.309112268467577	0.4473666220426
0.103824202278719	0.12191617597195
0.293188814855756	0.372971063550011
-0.865599067600844	1.59827907183621
-0.385190239045352	0.429078436460889
-0.197982114164039	0.283930293608998
-0.449537008226802	0.661850801343782
0.0116127284248155	0.00937878013125254
-0.510994113670127	0.824573767427541
0.0930661927541557	0.0846699322379841
-0.39589802816986	0.351827899315875
-0.610579687966181	0.99671415947468
-0.379934408936638	0.524981458170448
-0.731745959755859	0.863242625012243
-0.568147028896543	0.697671702199846
-0.560051844814603	0.640638365240971
-0.170663894986316	0.143034656206342
-0.241453937183473	0.212118815023524
-0.847231015824606	1.10132607122896
-0.238846598514101	0.227882481117646
-0.00796519245703789	0.00595964713569407
-0.289037332379761	0.301456002943642
-0.184407377446701	0.19476366695213
-0.275271083105246	0.316303065282083
-0.384526536280992	0.621019056945585
-0.606478241719204	1.10129064413671
-0.318824671977437	0.433168212728256
0.149019860436386	0.151667698078194
0.096743832213664	0.089939790435053
-0.141740516862659	0.143102736109102
-0.33107462749529	0.403588710588244
0.215815878489311	0.244637014067237
-0.150785146819522	0.159838905178745
-0.357478615714613	0.380565341668986
-0.143988965333461	0.108195926629802
-0.45428467811428	0.368327617832173
-0.0608742394490679	0.0552289145274695
-0.320893650493835	0.366427902716684
-0.950072475764709	1.79065184998941
0.750009703394924	1.2960153607189
-0.205085171887098	0.244242806512403
0.0297322464765293	0.0257639599156561
0.142786701595081	0.158320318909982
-0.654255140683486	0.97733318559389
0.461274506827423	0.621181589461347
0.0514729621987883	0.0457929993140771
-0.377424656861401	0.452113309384024
-0.172824623068946	0.127247973487455
-0.146194502452488	0.121875992213286
-0.321190600994107	0.406225754533314
0.192002727813693	0.187225568962166
-1.08560883358997	1.71610600402977
-0.525818369538462	0.554372617536266
-0.555480575328315	0.667168912046921
0.371724303590799	0.338562589709155
-0.253828488657964	0.238667019992356
-0.960987500286678	1.88353009182824
-0.483455807785234	0.68151099019448
-0.16697257602117	0.189908325526423
-0.31568163280764	0.399029329018848
-0.00690356103674356	0.00652325431327324
-0.0859650619670555	0.0887759487518309
0.363913602574041	0.392485763704287
-0.880166812259139	1.74205825901464
-0.204659888898785	0.240545499542845
-0.0404127321900367	0.0399603194231016
-0.491079385459082	0.688070984499575
-0.170279604887159	0.156611579490844
0.477815476689517	0.268590545967482
0.0881727191892568	0.0403363375179841
0.0910722110879027	0.0768181387652034
-0.166408017039111	0.172151066076553
-0.143792001994379	0.157207275505701
-0.427445773214731	0.500100719639815
-0.398949226657248	0.584600142669451
-0.140257309430394	0.118779773963207
-0.410400601006962	0.608158334370176
-0.607158116821587	0.960844415056425
0.14869738333442	0.137072753503872
0.261156980946393	0.300872947734971
0.159101569381078	0.13678628705286
0.34237222313449	0.252802901632892
0.145082460085844	0.124061031261818
0.370076222489012	0.608982630639281
-0.237024291036563	0.261224636172887
-0.539820002278382	0.621384384430244
-0.511836648561697	0.699218457530355
0.15525658677004	0.161447622750855
-0.399424026523641	0.460488638046604
-0.212166973376336	0.255763929589676
-0.149197558755267	0.172398415015342
0.561822425442378	0.899940082190856
-0.0780748205788419	0.0866517241859675
0.904278137294789	1.3861458670367
-0.681174207815357	1.04743621690944
-0.221353044120043	0.230037245789795
-0.502437292236738	0.672090547319238
-0.459419049298053	0.560514455997325
0.41409741257909	0.361568089242612
-0.211809146898673	0.0812479879443443
-0.614960976581815	0.393454666481197
-1.2363726874234	1.87029935989996
-0.680520345854626	1.1243733705548
0.249358987331217	0.279182257720584
0.136205442997588	0.155838435303308
0.424714759618972	0.632673958333191
0.450652313776683	0.436298928082456
-0.260766989342597	0.319191749637374
-0.321818028959316	0.411362940755841
-0.171067013621164	0.123988807613638
-0.0156212188671928	0.0131666190269251
0.301385745492152	0.256943398812788
0.612981555621083	0.49522344407379
0.0292351493621514	0.0201221801284394
0.104692453537716	0.125186077153359
-0.090625930898178	0.0787894567965434
0.033332532083749	0.0320229378891739
-0.705006202182239	1.01341378394291
-0.241995344889252	0.274172821150045
-0.787756789292437	1.03015736380908
-0.163955958113309	0.1858059846296
-0.522486009249866	0.794665753426639
-0.359558011815613	0.496183626275262
-0.209537857912552	0.222463910774423
0.517429897741507	0.750327618141252
0.249304006836659	0.247131398423427
0.206236630265494	0.20785508370829
1.17500921931716	1.72207432644094
0.209440197415257	0.213563477678596
0.0134235257840744	0.0101062918337985
0.123464086328098	0.0869225118655552
-0.778324834347448	0.281190595186386
-2.35047483251493	1.21360687521018
0.380158333522977	0.406918059935569
-0.0336212593947409	0.0301870219836379
0.323343056959828	0.365680243493453
1.04709716567606	1.85467706432383
-0.159369627420375	0.145348875436945
0.522576368180024	0.458849621992491
-1.08537469737735	1.85685315869473
-0.218786094995742	0.215069766014974
0.136166565059914	0.113042487994147
-0.0588853291104016	0.0478876376978617
0.537232860861921	0.547852421159123
-1.63605352207701	1.52877657667611
-0.263951161132417	0.203947081867324
0.188054563202751	0.215984741608081
-0.109488720079119	0.0910704335442474
-0.0180318114709456	0.0153403494069721
-0.434606457529097	0.57398658797291
-0.534231493678871	0.828263345192914
-0.697358607595414	1.01819906127766
0.0605007078969887	0.0556391826788735
0.199823203006252	0.215985933423291
-0.200836500255208	0.162886613089521
0.0614740615895692	0.0592731321601172
-0.884884430049111	1.1547202014764
-0.0375460888659111	0.0305021531953068
-0.858177298945742	1.47291841203763
-0.22644662806557	0.155494559658857
0.0920623695637459	0.0451123123020486
-0.67893017220388	0.333301663923549
0.0375265191023312	0.0323828214501724
0.144598793631366	0.131546235125772
-0.266922156992366	0.281585319093432
0.277580684787804	0.280168559347012
-0.354801850094417	0.406612973182494
-0.0651296850292675	0.0499540808447336
-0.336258329687486	0.404171986591566
-0.109222859095971	0.112921989442013
0.0627687399500349	0.0483298124271159
0.906461851158722	1.3772957705104
0.535415199137842	0.552634310457486
-0.470947484199922	0.274371825599457
-0.405125445534883	0.397363488458804
0.0677811173485052	0.0649195444060692
0.619735139646144	0.773843501866422
-0.370565149457771	0.428932871254941
-0.211984189698789	0.201139402532199
0.401427601354587	0.603139820939132
-0.188769653187767	0.206983785155965
-0.275350707723744	0.31623903233787
-0.942774971079949	1.64532474958515
-0.363135181616738	0.480106960249399
0.602216190187565	0.91085731528832
-0.365509866096627	0.368628544434417
0.420455461001181	0.570658580150973
-0.542036598435885	0.684921608241396
-0.286573993146403	0.330773627275734
-0.624919824648596	0.851047185977162
0.454293447393567	0.370372893001896
0.0872022841344302	0.0372184166875961
-0.0931856700830764	0.0435232755955022
-0.336330042677286	0.331217962547063
-0.122473073633076	0.133454551462185
-0.183061868523499	0.194839263337523
0.251978043082316	0.322594378473714
-0.0536763450354801	0.0516377775368089
-0.508478022587852	0.511778489006839
0.325669216294289	0.427136021475041
0.218928859269695	0.216970187024982
-0.0444188415619693	0.0368772926475494
0.357758350217472	0.425270188688034
0.134154343816562	0.124274403136206
-0.0806847437151959	0.0417900794728842
0.116835656710323	0.0825828880671467
-0.332040920722455	0.451561488695257
-0.040657492133577	0.037365532234373
-0.351369992808601	0.447046454986166
-0.0943309647311355	0.093209393658996
-0.118177191838841	0.110881818269649
-0.450916974467786	0.682864701011871
-0.151272698444135	0.139555842954087
-0.320816515484	0.430893537749164
-0.33335449788649	0.523284721318768
-0.463519309930532	0.766621537335692
0.0803676795120381	0.0857431294857594
-0.0766908105158113	0.0612146117860437
-0.0589841505820535	0.0536102909775107
-1.13679797867816	1.73645163369257
-0.290858288123878	0.291882547983207
-0.23742334903321	0.262194825047366
-0.507213902496554	0.525476947346895
0.0861505221345038	0.0365460299471674
-0.454943621345813	0.200866296106256
-0.204796486703599	0.184071206628193
0.263391970191014	0.275275117743411
0.0063849447825015	0.00546737417317045
-0.0547084991440575	0.0493962824837897
0.0282766708820106	0.0236932279803574
0.0271205348950895	0.0168927180883561
-0.18820227502806	0.19453054782054
-0.246207120563087	0.271461042922419
0.217026967599927	0.193989927699733
0.0798054943436117	0.0660475876708814
-0.645913857606571	0.63619398437544
-0.298169683433342	0.1969457300878
-0.209114785504609	0.171165366068075
-0.620741955025242	1.0686633256911
-0.244722431014411	0.2448854323903
-0.161214631446849	0.159845998064818
-0.445596270871753	0.620804462988421
-0.405705562963339	0.589972157612902
-0.0563607350494285	0.05152310899888
0.276734852612222	0.376373943199987
0.108677812515486	0.106768294931599
-0.377372735356277	0.465359339201441
-0.883118037024076	1.48838313205141
-0.64226408402605	0.660171459084842
0.256583160460277	0.310983933644467
0.532260937882539	0.866725301438828
0.318282177478166	0.341542524544678
-0.570689776694679	0.85367639810294
-0.526629127173347	0.60553900940057
-0.584012558596767	0.229955465257543
1.20784229392058	0.673480170967784
-0.563158461734692	0.686402596500334
-0.711249930562835	1.12546500478796
0.248209387388196	0.273739712356756
-0.2072831012039	0.232825923063326
0.24975832227581	0.295365923011702
-0.208319837454721	0.189132800292469
-0.439065529409795	0.674092800414027
0.192518287496151	0.208773374553161
-0.253329918014464	0.243661977271137
0.502231517702881	0.618711980092034
-0.492206301417847	0.494174790636405
-1.34052273250191	1.22797236839766
-0.310302941483977	0.232349251906402
-0.149894588626332	0.174721684484391
-0.142704852688977	0.144443348587817
-0.225941916695575	0.20850872147186
0.00742046630777674	0.0078267177292209
-0.907768460596295	1.9909573154991
-0.675359450277576	1.18409138857727
-0.625552572821699	0.407696266877928
-1.42077778706221	1.56502480331969
-0.713221625693672	0.715317869956133
-0.321534055037071	0.418226580680637
-0.937832027408383	1.94287597630781
-0.220190855848942	0.168099699022926
-0.240918027250952	0.265575336469872
-0.679758381922807	0.940852693994085
-0.483401124094982	0.624573122727599
0.216406124328451	0.237992757355747
0.211416606058203	0.188534103917281
-1.01158558712328	0.727764399454786
-0.22442793295575	0.128676993229664
0.138300902044637	0.120798696982658
0.0795511103915889	0.0826063055405166
0.297680947906994	0.373945199555596
-0.272652223545937	0.392554416272673
0.373827962093486	0.527957698472267
-0.389887907744347	0.425161695826219
0.231227824782317	0.320503532694486
-0.422624734782108	0.614849142299543
0.0537681196717143	0.0494040978563049
-0.0933500985859612	0.0964209680628977
-0.382883758680092	0.429318523121482
0.497096285916137	0.453657546119585
-0.0909750409205286	0.069696997136463
-0.247937596827551	0.324744222816367
-0.0945085659379723	0.0980425579783661
-0.699399745917666	1.39305416604968
-0.340629924643127	0.497993346747414
-0.185892469190616	0.234161088509466
-0.356662024216192	0.382817106741669
0.145273931881031	0.176431942417926
-0.182153732106502	0.224940645399086
-0.166829576380122	0.175605395729148
-0.229583309613222	0.183219746067513
-0.317136738348422	0.298234928721723
-0.647468973948045	0.756739624903462
-0.224289865007307	0.126941538657724
-0.300041778319847	0.38523776409292
-0.575948365036377	0.892249337682912
-0.519174320166524	0.787270377893043
-0.451780798462451	0.406552601164261
0.105248692684676	0.0659224018466557
-0.28335453323206	0.243576000774265
-0.494146238766623	0.584529746277147
-0.792196198364359	1.13762884418053
0.0364108737249371	0.031082085176314
-0.214586647691334	0.210277548316141
-0.402036782193025	0.424634322288173
-0.126861108039331	0.0571318488463327
0.403950913978711	0.339353706893402
0.0686037718601318	0.0559560395181889
0.510283937054574	0.789141438764679
0.111741014307672	0.119999781387163
-0.153389558016107	0.153945670258584
0.146748019157235	0.16018839221786
0.251272025866993	0.266667993139836
-0.288329437901353	0.312748840381099
-0.115320170238329	0.115466883912125
-0.836324230175881	1.05181330028536
-0.0319274794426448	0.0291870634000619
0.063486557510425	0.0600581915834909
0.523142971739239	0.479050460137124
-0.297744116595381	0.302972971477793
-0.157270598045507	0.198337718816014
-0.76537108237081	1.43298065595105
-0.369435628111249	0.456392152631971
0.149372174421008	0.133273852844698
0.104546762410514	0.0979643046704083
0.0964823793972128	0.0845691186971778
-0.30115130576161	0.321711211477143
-0.373879275415803	0.302726197417786
-0.268339854399449	0.226340649444804
-0.0152156405190859	0.012857242869897
-0.19806413548896	0.161332818976136
-0.2012977820009	0.106828433187638
-0.0841357555370758	0.0743401992381411
-0.286851402751954	0.346853209918058
-0.634210460851791	0.724968192108759
-0.460080743210841	0.668830753343116
0.323758761371778	0.345672959377441
-0.330201213203416	0.353273291344852
-0.197631152103233	0.179967981611716
-0.198206254902074	0.1959234564799
-0.157115721874816	0.100310704140173
-1.41540308176854	1.13056729288673
-0.949702089992858	1.27191777055192
-0.736663605216305	0.951951061015077
0.340552444414182	0.364288536129612
-0.254757462862409	0.24294253703923
0.686247257154093	1.10334452402197
-0.480044511761412	0.631893598985942
-0.562969837632874	0.685268620103851
0.0738869474516179	0.0353443682259238
-1.29256851523786	0.978978346072795
-0.0230184940973371	0.0166136631927262
-0.134974157228917	0.145998254882124
-0.219308524129297	0.243352319362363
-0.265838285259204	0.315126525752993
-0.927540591281319	1.78123709385824
0.39443089005792	0.510096319547188
-0.157647143962263	0.17021459168432
-0.350098125240719	0.393039129015797
-0.314201322816161	0.294211423542361
0.410211029513249	0.56684768807351
0.344524742289357	0.360278806138131
-0.264860896527714	0.179369618641124
-1.1725016389322	1.4247416004285
0.169420887428382	0.203536361144311
-0.338824302539224	0.453165657436598
-0.0300573319142351	0.0280833671105845
-0.0329318686784921	0.0301321062943354
-0.472318529955318	0.582841322740996
-0.570997070247293	0.867739814401747
0.431959032593534	0.591629766989778
-1.3796560585876	2.59659684467711
-0.614621070601347	0.748212806299701
-0.635344286310861	0.870421625701584
0.378097323811798	0.434348939794532
-0.612652627501297	0.735198322999823
-0.750509086639821	0.966311014334171
-0.199189844323937	0.16345487555905
-0.730323976964642	0.868564707887818
-0.571080821615634	0.616869402296348
0.357355556478288	0.256847836971272
0.463807877293674	0.589008243786506
-0.311544276537798	0.375911769266311
0.137588877755323	0.121150730800112
-0.168652904479954	0.165217427953735
0.255899662447047	0.278541871096749
-0.474258808342635	0.454801553869039
0.149302552756735	0.138600460260947
-0.480090603225513	0.517430075327949
-0.169690068965332	0.136560904438097
-0.693104706610001	0.844749476390609
-0.46849124511071	0.450567149657357
-0.231026681239285	0.132221401535839
-1.01563750256066	1.1024323483193
-0.0614118425236722	0.0331211275233622
-0.323365762919674	0.250137019314263
-0.430514926734004	0.631505172758105
0.0116847366845079	0.0108016755531225
-0.458460654455714	0.669535834301582
-0.017289718161271	0.0164447054965686
0.63289525405941	0.915673091493015
-0.0182224185760513	0.0183437039019522
0.116574362788729	0.121019400342723
0.301555659270862	0.368838353676072
0.525364306405583	0.992045528886723
0.104694546227598	0.125313435376825
-0.373098442683807	0.489432156896169
-0.249045541579427	0.291432853643822
0.341211031703155	0.441483730986303
0.0824691953813435	0.109887954113536
-1.24760262773783	2.8864706822469
-0.32284362869023	0.470450637874744
-0.192589236733474	0.281643378038813
-0.346461430699282	0.535112360915247
-0.131479979183892	0.173878956193323
0.0229757385306639	0.0250480442401659
-0.208855361810229	0.319990004460133
-0.329474284749317	0.491665011942513
0.231055918911437	0.262041332690411
-0.0973241200735978	0.0862787071889781
0.581372721251738	0.780955515950385
-0.2693323681674	0.277333912226533
-0.752049148197372	1.02118048368253
-0.0319354710320098	0.0220773564342014
0.205061783913331	0.204726736398196
-0.0128215797898274	0.0120361380612842
-0.398961039122955	0.362664100792277
-0.167674942128476	0.119763591097182
-0.27626679747474	0.30041727098006
-0.401640316637068	0.408283959101711
-0.247629176967802	0.274274618516081
-0.131180960520058	0.148636674190388
-0.219871675885504	0.287877629668653
0.153169912068052	0.179933358640518
-0.708717871806743	0.983683271579008
-0.704724683091402	0.686142859009609
-0.0735376992568612	0.0593850689100978
-0.318769114518619	0.319261817201704
-0.191143974494929	0.114112733994761
-0.527060619847326	0.568402765286806
0.0980808369544205	0.0549696216964869
-0.661234513028904	0.475942627754072
-0.263911748400026	0.145887799739266
-0.655755253342626	0.631854906750223
-0.218834362396127	0.224327447256343
-0.660299536760645	0.89811218271526
-0.247890070539354	0.255722287825578
0.436246490710839	0.56032139075922
-0.441723898083534	0.397691046573849
-0.381464677851369	0.176312209308215
0.790957443964651	0.548155057560336
-0.0243543103665583	0.020502657269414
0.122677227913212	0.133933665917545
-0.0483027532342897	0.0433167382448018
-0.337788599683569	0.362360009295621
0.292338665421824	0.360387036999695
-0.949683021116644	1.20883588762261
-0.460350826374382	0.661675803355459
0.0222431229519354	0.0209671829320097
-0.062476509346696	0.0423754322022041
-0.411681532488316	0.517211799435184
0.0630411313773375	0.0488799013342069
-2.01143041774901	1.96168152504614
-0.191268014269436	0.174158029179386
-0.513556486325036	0.847625067964212
0.966236440495962	1.40822614287343
0.0400142867018246	0.0350050831764636
-0.18823345040653	0.182545504293947
0.210571467484161	0.217690979236424
-0.263596266938278	0.266373744355697
0.292057588343586	0.277088487694364
-0.789535044024035	1.19280572874241
-0.564119639669476	0.528984061426876
0.297473512519985	0.312378199224143
-0.477152586521378	0.541256766198022
0.340405448354482	0.350108333421806
-0.180988890519753	0.149460091873312
-0.479941718473253	0.420639042935686
0.0838250267787662	0.038619288320231
-0.43265472495557	0.527770624060481
-0.427081569905159	0.504729679032096
-1.11402123538887	1.62903694836777
-0.473683502623148	0.461368150909652
-0.0584607756284398	0.0313944558587461
-0.315635111793047	0.162118006815338
-0.377351389553024	0.181365580391699
-0.669185227634252	0.335907798194968
-0.763426931689321	0.768336484220926
0.0871624916049818	0.0485023138652815
-0.516684702361512	0.407371425800419
-0.337302291594394	0.282083553605052
-1.4242197090607	1.38783428485751
-0.523180029739258	0.786358133573244
-0.297169271607433	0.387811630622278
0.692162787115509	1.11918747448088
-0.552326618716117	0.766464165470835
-0.0498810305201014	0.0396291726351792
0.65221817894074	0.504572439014241
-0.0424972886499982	0.0245729682723942
0.393613285543452	0.500381804548353
-0.723358086644422	1.17106452172682
-0.42212304837025	0.628974252736338
-0.268982067975111	0.342880593624665
0.0774448682161735	0.0854267832057082
0.487046033352269	0.599012674079824
-0.265207143379123	0.354773417116848
0.256803825176112	0.337609907082549
0.13716874799245	0.111606087304524
0.221062457939143	0.271413536859307
0.225617621664734	0.197047059682886
-0.219234468339756	0.153362296770434
-0.141554270888467	0.119803842237095
-0.0122606684333768	0.0143814394632769
0.0915705738723276	0.0976688571028203
-0.420674387614603	0.610762201420563
-0.108307024105955	0.117879248461318
0.488732327559478	0.664866057897909
-0.703745776811514	1.20336282472308
0.434690465800442	0.53945987467496
-0.347710008881112	0.464640317621677
0.0735447494330145	0.0745972418234074
-0.752482246780366	1.29357480809758
-0.000423937898913556	0.00031676303293766
-0.339631254475224	0.353657453972801
-0.241503091849327	0.312050135479519
-0.908247151827774	1.12609058062134
-0.574087551375597	0.711856643528253
-0.392168039807115	0.510214840443421
-0.760960551504366	1.23736262593607
-0.869162449985358	0.584052158338515
-0.40067374685828	0.235792723097939
0.328212623423768	0.239178167085924
-0.358506008602625	0.235045919694326
-0.124381713409411	0.0894970082554013
-0.0289717956696777	0.0238431198033832
-0.435830780325091	0.471275571010458
-0.157115721874816	0.100310704140173
-0.1279319067097	0.0960146344268434
-0.285182999100907	0.223339333974208
-0.867362867253644	1.46423023376455
-0.285853325744037	0.301841109674353
-0.417649399608481	0.603880518609335
-0.263807910398435	0.243548936513166
-0.123000528525935	0.0560635259913401
-0.980496169742066	0.806319915591784
-1.03505286780146	1.62741466824927
0.037564239929128	0.0389111598523635
0.825038164075821	1.61066099131462
0.338811035968707	0.447630629701531
-0.3633947941928	0.523072629193028
-0.121169114095436	0.115342337989976
-0.322818811831621	0.446494368377349
-0.0980174656555839	0.109019104043031
0.0148282667568306	0.0136692237080152
-0.107827823455343	0.112136776800538
0.0312262130841769	0.0294314792227491
-0.0554293542524631	0.0388659498817597
0.486095132502737	0.537005056887177
0.130192170256108	0.149004334489483
-0.75904236827279	1.30969468088173
0.106518798054097	0.113477475427924
-0.0592995932897091	0.0588896393708037
-0.0976483346697648	0.0987540921554899
0.182301934894813	0.18576377476025
0.0566871245881996	0.0524840770732971
-0.420617033206119	0.511883673006095
0.271792852656778	0.261913337501254
0.0888388486609518	0.078194090385253
-0.435433927524656	0.588188406029782
-0.342956832742077	0.382893065318099
-0.514651029627141	0.729409444426818
-0.451876633638241	0.405116792453643
-0.367767026471333	0.298596289177907
-0.106694853590903	0.0698902953430796
-0.627311736161987	0.395798722942665
-0.0674804960812793	0.0470822363758075
0.0823609157883159	0.037586611454784
0.24392746810486	0.137768307663831
-0.374358905457563	0.178251175398493
0.224242544017843	0.139842930642884
-0.696873308494375	0.635567373264352
-0.235708190052841	0.18608539770254
-0.559921706255729	0.637321711556744
-0.432763652302333	0.48249475724725
-0.527001888123765	0.5607150693532
-0.101108480876819	0.0676135653295474
-0.361044381090585	0.271847163797097
-0.981459319188452	1.17082143825633
-0.664874448085032	0.721138871630611
-0.493967755256616	0.743971646093474
0.067383982900995	0.0651996752865124
-0.894801219503585	1.4911679573671
0.0151158207304451	0.00956938697859874
-0.407059836171284	0.250200926547254
0.303294721067684	0.373245055562986
-0.500086652371002	0.75800096979876
0.153954881568092	0.159880775957015
-0.182128042933439	0.208426779981968
0.0805119603691881	0.0821108343291799
-0.352301475931225	0.400127731763388
-0.428147713514544	0.636912528091862
-0.673284695860242	1.02578877930081
0.197077399071047	0.192651264427129
-0.441958288399866	0.579718019863215
-0.575616481103519	0.725535612254953
-0.281683627751381	0.240961062289399
-0.30606837909545	0.349308046307675
-0.0627295118936132	0.0712017587298116
0.274355544552869	0.382285613528547
0.13488706579696	0.161848660075722
0.20515415100412	0.238904153481495
-0.56550741092246	0.856033667978007
0.282805745136936	0.354088807745178
0.426881042171127	0.585064527661895
-0.40643306489245	0.498797926900409
-0.571767231579435	0.682108136317086
-0.229794976346632	0.253935871254181
-0.451104865623118	0.554996903548617
0.0417186648271093	0.03550272700188
-0.228250160127095	0.198836349100648
-0.649611181206736	0.643298179366566
-0.0391277821318462	0.0273255303307915
-0.568403289960945	0.592279919034432
0.422107179528075	0.432930452349567
-0.473303632760527	0.326879642426075
-0.75185811882772	0.52767865603921
-0.308479796984962	0.159147023473799
-0.27938761303741	0.213401246432068
0.779321852113341	0.782120738740152
0.784079012436623	0.541565890583879
0.471987514832986	0.365419171575866
-0.264241581258597	0.18228885394741
0.127093464072242	0.0922201418623246
-0.223570801533775	0.156378038797539
-0.791184867666203	0.865224821457091
-0.444373984491634	0.433358332089383
-0.0235674269107104	0.0196979047426303
-0.452269968451389	0.389342244348367
-0.108820545722427	0.0725250424326039
0.029090544427635	0.0195535410457653
-0.538741559184616	0.657076107918676
-0.478354287609713	0.544993520532919
-0.620621042919954	0.702692028210613
-0.224450766390702	0.197967690755072
-0.668607107959633	0.738690910007119
0.108957826931118	0.131225136780843
-0.385000296020586	0.621430684054304
-0.379311390003412	0.595708454231312
0.268627528987963	0.257525322879871
0.326261953371788	0.354949683513098
-0.0860769373631566	0.0673645219952699
-0.205652824331629	0.198238003225188
1.05225067172564	1.80929900588643
-0.363703537090404	0.466832052647422
0.902833099844383	1.51342099080853
0.079446947641316	0.0805032665608774
-0.30497787362125	0.409534861041846
0.147597980356354	0.146837867414023
-0.289838900730471	0.347009139286918
-0.101112184928894	0.105260222057846
-0.066194434158951	0.0744055369854646
-0.261189822610077	0.339740761144608
-0.178626771975286	0.28003630993674
-0.487863510909052	0.862662612309282
0.224801550253123	0.289881671230257
-0.282914700454102	0.25948437503489
-0.493536414315122	0.578462189854505
-0.160724607426135	0.134344093905058
-0.114736146768786	0.0998327332183254
-0.193472760579036	0.188903672575768
-0.24233784424789	0.24996539121927
-0.259562371468593	0.239612076718377
-0.174709972118517	0.139955233982288
-0.348563157569383	0.33135208350398
0.014224097398781	0.0111190006545194
-0.212369919865899	0.169218001756809
0.0448750865917968	0.0459162380322689
-0.0509573730621512	0.0497521557398369
0.128644986671389	0.0971242293687849
0.221410290812034	0.17766252718267
0.316714877361785	0.256762375093533
0.0879888452545377	0.0493194201913422
-0.169111996917061	0.124725319361658
-0.384987338976094	0.402326918709557
-0.590059066177473	0.447972073319473
0.105304552203813	0.0641129879737709
0.1074065972693	0.0649425734252544
-0.557045760709558	0.301682439136718
-0.621870666944769	0.393376495332546
-0.0526402175664515	0.0287265354503155
-0.699254341562402	0.688649368886802
0.388125080284395	0.355961280300425
-0.256840482443578	0.201283213329092
-0.464115416684414	0.32209980043176
-0.790515912069177	1.13628055520139
-0.224856517415663	0.216994062094937
-0.687184854475469	1.13939549315709
-0.357876097959277	0.483969552775294
-0.15707184121758	0.156186792554091
0.111634911483617	0.109440792206066
-0.35988591694099	0.492487960515193
-0.508056310933032	0.514870393059507
-0.320613118906619	0.370608728218344
-0.217931334877803	0.241453739142007
-0.103502155191266	0.0986517568144635
-0.0633836476760178	0.0589755270005125
-0.208798790089579	0.260579841472351
-0.659240342554558	1.14948906088216
-0.166086272232106	0.208234735308771
-0.250533048351051	0.302456241438254
-0.411989569344152	0.555713122679648
-0.333042116683186	0.448319077097945
0.0462799388508722	0.0478829591090228
-0.18237787154585	0.220182621392225
-0.496601990894687	0.686506988796628
0.202876127331468	0.220801195106322
-0.109624941418294	0.120200478046215
-0.307795753258695	0.380006634077655
0.0234045972360229	0.022152917317321
0.313282552468612	0.376399478178269
0.153258717519373	0.139669316305659
-0.173814847891214	0.138554673374731
-0.291735600348531	0.283556899601798
0.0244740618446731	0.0198290789386329
-0.29356694025598	0.317490564847221
-0.371978501932479	0.387677639813258
-0.479261116820584	0.553720943349591
-0.530474483456791	0.5789172312602
-0.621881359291455	0.790924382918035
0.909496698780518	1.53803091102489
0.0886400593255673	0.0739181326436794
-0.0034834493128167	0.00302108233509295
0.254190187636889	0.259019969906616
-0.0386314756916341	0.0350520879628327
-0.399156435443322	0.414654791110998
-0.835892898767028	1.01522535133338
-0.939132349229024	0.905953135952637
-0.0783530720700827	0.0619639165998036
0.0777984220714081	0.0611813482077875
-0.518993409167392	0.414848240909725
-0.196234322484523	0.142557762183888
-0.328447355206752	0.281103609065688
-0.0208668369975258	0.012078615583941
0.224836529035132	0.168514337055457
1.25808207410283	1.36491094143716
-0.866459309197423	0.870059604145749
0.0926251577823884	0.0316587306583375
-0.768043441611629	0.620898349668061
-0.456330999017227	0.352275292290078
-1.11967585878438	0.862177457086303
-0.545080766423668	0.469069798645854
-0.518370651360442	0.490090416113528
-0.238286884887253	0.228823304609789
0.105180723301768	0.0657808226628763
-0.081246654392638	0.0630054293282932
-0.187593541384474	0.133016661794991
-0.36270775751492	0.303681718961095
-0.997044694809528	1.39460807645792
-0.301249344393922	0.198636755018523
0.0197012007839804	0.0122931053069324
-0.0862860039068176	0.0587019273519151
0.208655700335062	0.174267976120735
-0.066214102763064	0.0451151900561603
-1.09234577733217	1.21325638844338
1.33088762733395	0.987348174108009
-0.105106167064719	0.0503939598579084
-0.199187809757025	0.175881084386837
0.403675080976469	0.367264845335593
-0.593495777504414	0.606671336655376
-0.514053460954364	0.490334546399562
-1.13328357411564	1.37702030582533
-0.197097138457011	0.143943093554036
-0.536634035618745	0.367313639877638
0.216266551254243	0.16691983971707
-0.454058063321638	0.544554529115454
0.0902493521781704	0.0545086772046068
-0.433917457409601	0.41894834915396
-1.09364284033033	1.25147622960727
0.322694981174172	0.244287331930273
0.127672380088514	0.0907138931142622
-0.412032338453982	0.330172898603494
-0.677734433409267	0.566553622000391
-0.940448884238447	0.922240885692285
1.16201705783248	0.873873894930759
0.447715004690298	0.343936532596322
0.502392278068286	0.378035628278175
0.658682449298869	0.503413811928367
-1.34222166211766	1.24892574652832
-1.2319854906774	0.728934839123406
-0.357425698308937	0.22797307529983
0.717620495648414	0.410826767707317
-0.0892219887168499	0.0687506190869977
-0.552759002942822	0.300951447333043
-0.655805020325299	0.488638473376327
-0.764793550700942	0.623887529612663
-1.17838029344142	1.14384229271806
-1.15887132269356	0.802376812303394
-0.558194280611923	0.299554395487648
1.39855354515206	0.856542756177506
0.644933193584329	0.404358917205356
1.02394204873706	0.575853271423819
1.46075168579254	1.19580724821588
-1.04834053682305	0.554143878991696
-0.132219149077658	0.0588639173042154
0.534988290493975	0.266704903797891
-0.852993715199063	0.483401972437259
-1.078378000367	0.446844468464748
0.136149928119394	0.0351567872193512
-0.279029695915983	0.0931502070642067
-0.658365359455888	0.476761562011419
-0.166523484030474	0.069081841305753
-0.721009954034949	0.432637345521358
-0.492008865692052	0.529803411263864
-0.327313160910515	0.323861933301092
-0.774886987533083	0.881825942464759
-0.69817007088122	0.918094117937122
-0.0918279427683047	0.0717835263960973
-0.0338689648637775	0.0234882365159393
0.503141207474433	0.473415683366205
-0.717286243630839	0.420180996821449
-0.260861016268207	0.144315583531374
0.0883228941932782	0.0766858987793969
-0.0429080725161338	0.0343030972341453
-0.494631011689736	0.433077305388685
-0.438059004814496	0.461706702747218
0.367306512210709	0.253153358489886
0.602527898233324	0.665169750021106
-0.206663822685295	0.167064747840194
-1.72859135698694	1.78186464942417
0.238748844686039	0.159103051982655
0.120055720601569	0.0802343457715392
-0.405475705037789	0.248385429525443
0.228195970815043	0.146267021815714
-1.30474789801767	0.992860785504001
0.450652187627155	0.369477914369354
0.0876100531969579	0.0435050380233211
0.650198848598524	0.49481893496166
-0.717491671356728	0.42383178061593
0.344053527584249	0.252336490040071
-0.452561158875123	0.362525000387775
-0.361324034849084	0.267703769723259
0.137029746072976	0.101479601445481
-0.858034705341983	0.802373717752971
-1.04868376610955	0.554180702760555
-0.585098537667802	0.581820403251837
0.912358350212349	0.680850358311299
-0.0840288613285937	0.0438274722608714
0.835608206806224	0.449424236114679
0.47439671730745	0.261855382172365
-1.29598758907756	1.00264798436884
-0.836840887219673	0.376963873370588
-0.207847679637931	0.0787172388245691
-0.0389851003542728	0.0217839394986828
0.082194644094158	0.0378240329394134
0.471558126062996	0.173900761007562
0.112420137081601	0.0337869998743869
-0.162498140094013	0.0660507268127765
-0.158314841709109	0.0659445708485976
-0.257885368156725	0.139734013425764
0.088959810467476	0.0304843186744052
-2.34188297115608	1.2107014739194
1.71708185087024	0.954343274604169
0.541232239153472	0.279169289790194
-0.110575735014118	0.0527367812240114
-0.832920613500887	0.38866631421219
-1.33689022273774	0.634386261462806
-1.16404054379232	0.353995090957223
-0.211494892792986	0.0800807802243172
0.26356617142137	0.138439222177174
-0.0407263873454733	0.0234045900624232
-0.876465790239814	1.25126713140639
-0.676245891943042	0.553686838364531
-0.481030548502399	0.416943260513332
-0.0224601394634918	0.022300806210799
-0.0426816465158622	0.0298816877829259
1.75047727977784	3.9616672399336
-0.0164691865250919	0.0116280932361901
0.948754809333655	0.837552700756329
-0.417030366273034	0.723976075672283
-0.109622203566158	0.161340232255655
-0.221095867928268	0.396512900960295
-0.664006606489729	0.749837688043684
-0.123290143551912	0.116416217222466
-0.403680161104824	0.36879982925046
-0.35491925830366	0.599135051426318
-0.755275170431545	1.13767681280171
-0.292442102151089	0.496655196114788
0.2823434171112	0.503153365171808
-0.357187700529543	0.641638005296137
0.283771083428749	0.261264983946276
0.120326532585341	0.125731032103449
-0.915639033650317	1.45090388109815
-0.0623632911321173	0.0508297069573697
-0.409176186185824	0.342076456029823
1.0209561050884	0.60814170221873
-0.372909574426434	0.17832995197189
0.264463647928975	0.138495468856585
0.590571056175614	0.808855077324271
0.546305343194414	0.278756957865266
0.542595973157626	0.279029471185379
-0.00492615664173116	0.00291279620578124
-0.474076951778317	0.277038016555343
0.206109375109229	0.221891271593605
-0.283795652136628	0.306020116480682
-0.0272591059228126	0.0331095447286929
-0.183475144871391	0.33434691826666
1.12450875543432	1.79830571596195
0.84309056862696	0.434351298091899
1.20704198344648	0.646625197178864
-0.853105074366865	0.313176280801638
-0.217383352839178	0.0827133358294438
-0.837472488599265	0.390914936767186
0.654463281398221	0.518752414864088
2.20258847275452	1.6310967652019
-0.374038396902077	0.179754266946871
1.20809235579023	0.671489844201209
0.530187517181148	0.377148264963926
0.496367191394895	0.452367106083353
0.131340036490886	0.0990438752476244
-0.00244809260826863	0.00212636889053086
0.471677553439509	0.767166673794839
-0.833697651277207	1.18366147903217
-0.287379734708234	0.292354762177202
-0.243728043187197	0.213758999238597
-0.507833006307994	0.393182942955316
-0.374358905457563	0.178251175398493
-0.213706539966987	0.0794718518673137
0.387048224465094	0.154418887710246
-0.272360259806588	0.0918607246093065
-2.12679576746813	1.02231846801764
0.0774946642576945	0.0295509163780564
-0.43231349349967	0.480731102055269
-0.892506352269647	1.2680759346242
-0.193054027870051	0.201807687224967
-0.360802317190697	0.266964029525483
-1.02205206468443	1.07265629923305
-0.623408548867863	0.585178447462752
-0.9676612010747	1.25232104642365
0.480430893400145	0.662665463538526
-0.454497518635145	0.455558821393034
0.355155337206309	0.352768592915901
-0.833299153735393	1.05739733199478
-0.302043816413937	0.279544404763125
-0.131895736267057	0.176499474980659
-0.308016061708357	0.615372788261071
-0.17728323881011	0.284736656868752
0.0982938752346978	0.089164484688237
-0.583998778009746	0.670139302127568
-0.844386985647684	0.929550365312247
-0.882699576576119	2.13699081705366
-0.0903224365960016	0.0989521125802858
0.194542879995659	0.26246172014158
0.809299791159705	0.841246450931622
-0.236927575959931	0.255409388667718
0.6707715765501	0.93822670075618
-0.296732901686685	0.281600512132721
-0.124288475163768	0.0798462336581738
2.06805941600404	1.42843060816411
-0.991186008614942	0.685533946134692
-0.410419689500278	0.248576647808517
0.753584319487304	1.213546660198
-0.551558049673064	0.364206775544979
1.58905256675762	1.39365130782392
1.15203636058839	1.17035380314007
-0.540923479195329	0.473502115591696
0.256504852396222	0.279949436509091
-0.630752719650249	0.836053529792408
-0.188951283309147	0.261941845811658
0.109721819837699	0.163289169607176
0.00893951001737636	0.00702015168640125
0.771065582151505	0.668249259039489
-0.566667335121619	0.30045226373356
-0.475443707295907	0.279491892848982
-0.655335529823485	0.491107582586695
-0.220020482376776	0.155676052644673
2.30181395889767	1.1644812794501
-1.5556612236703	0.851215438188417
-0.457992331577197	0.201941300488293
1.01878623210873	0.604946608866385
0.0872022841344302	0.0372184166875961
0.232249809498601	0.145736288103783
-0.0593703820704916	0.0414668735937155
-0.188512320507275	0.112345755440482
0.149972182321354	0.131084416591222
-0.0925159595333524	0.0812475015145843
-0.457166082166435	0.526229501692599
0.0221045545665624	0.0184746977223844
0.323572491418583	0.144307556307601
-1.34175332530364	0.651897482192793
-0.753229058575129	0.521977167664595
-0.669903550745149	0.338718152465255
-0.100932567066039	0.0497248667802217
-0.62533526672542	0.388235394537381
-0.404910544759195	0.393540554135219
-0.15040510117961	0.136628759914569
-0.252227249141146	0.287923415482012
-0.325268784863884	0.265702162530098
-0.590372842493184	0.569662239130517
-0.888792814411219	1.28110194695743
0.578233633162641	0.72965035733737
-0.0883694800495036	0.0693007469700342
-0.178790145647449	0.158238348172693
0.148102084719041	0.144868069489198
-0.39728313596369	0.402590095669968
-0.794123453377611	1.30964742306786
-0.0566110290557625	0.0546436349696143
-0.0369721345578081	0.0405248968806524
-0.229171052062399	0.316284514036758
-0.451131220249156	0.392876187515582
0.484232671082327	0.459462779239273
0.136409140461119	0.108941693170983
0.134797431871002	0.108092901051322
0.423174824581427	0.33949816329588
-0.474450653406178	0.331238644272796
-0.272473744180933	0.146517472744153
1.36600147893621	1.40606117112874
0.208307050792703	0.192978861719324
0.642795837998285	0.576690231707631
0.887081960555105	0.583456003065636
0.743124250627373	0.919878300145097
-0.0187835172695451	0.0130853810983828
-0.336682942487542	0.419947556466049
-0.366376120979533	0.400363245607044
-0.0136212007580194	0.0129405946261855
-0.340436674618213	0.490107836144666
-0.310492280820309	0.31252637429253
-0.561117721519112	0.30604199101728
-0.100082782227234	0.0466899801466059
0.222034981716913	0.165015075548564
-0.621016373422179	0.410739042687773
-0.314019845232065	0.160485122721965
-1.01604706037395	0.640278684152302
-0.403303691307676	0.243380080940608
-0.413249631293321	0.254858816555481
-0.532998235484153	0.356615116507417
-0.31419581038879	0.157321825417964
-0.873886018450995	0.663965874257874
0.10554750911618	0.0674492998449427
-0.163714718312564	0.100929065041493
0.418346844005224	0.365707703746015
-0.312026397819171	0.235538932772973
-1.22857282770582	0.721756105499941
0.0814493871837749	0.0380878657189707
-0.0677479685997823	0.0364867764411163
0.374786664600122	0.148150587259828
-0.155556446412948	0.0957724139115157
-0.874670117722775	0.571379260955841
-0.0630537568804542	0.0346981032333758
0.0807874256837177	0.0459618757362145
-1.04402886177946	0.530438974296623
-0.112526977296481	0.0837219938782925
-0.504205292037458	0.541900180096912
-0.443824413898809	0.587413935782684
0.2224434578682	0.237754403927942
0.457799887477326	0.494345236262297
-0.680528160215071	0.943250556771274
-0.167731093660035	0.161612876553578
-0.794542455385712	1.0325445269538
-0.698514259089307	1.20245168193888
-0.214006904945754	0.210191410782035
-0.354746177196024	0.260690984597212
-0.337731860157972	0.314108358390101
-0.162760180390605	0.133408823088676
-0.703739253196035	1.09776021006423
0.0181417596882221	0.016304932896402
-0.262770217433208	0.249748329478363
-0.157950887497426	0.125885626919629
-0.0712006039123739	0.0564594158092007
-0.292522243540417	0.227949148877642
-0.321002361962122	0.162390386950687
0.1320802919437	0.106374924863734
0.0550467020840058	0.0392572198700591
0.0157066985486545	0.012695090700717
0.23210629345058	0.135488552049832
0.824315446440201	0.793884273374192
1.12560189770818	1.76195174830194
0.914515599778563	1.13297516146075
0.0287602041218314	0.0238805797387127
-0.73988729040142	0.922866192046303
0.201614234815943	0.192503915654608
1.62753275948034	2.6392096054574
0.197140395071475	0.197805459246258
-1.34123618740773	1.59615483223188
0.214423334919563	0.174316317814938
0.223372567398592	0.169727173192561
0.446857010845131	0.352365766318952
0.862710785685541	0.93003565361
-0.495033552990449	0.417195181233566
-0.369997127270749	0.306690014045684
0.0840138453610122	0.0460795761415181
-2.11038161475521	2.17024504793815
0.22517453002982	0.159873752706071
0.468090033161049	0.467696409628394
0.915312305316295	0.714759822959112
0.264311669243052	0.13896825594607
0.978283983469188	0.963957502375491
0.820432991979445	0.772814933827477
0.651972566208174	0.515283168116219
0.0187668942652755	0.0117477584985783
-0.461934663222749	0.364416623103412
-0.57910472216786	0.229984707647106
0.387610130585306	0.245919089674144
2.06664856643304	1.43924325221612
0.239800168276773	0.13586179099274
0.086678054493317	0.0516269290482153
0.127520164120748	0.0963507346049152
-0.611388623514574	0.515169392870192
-0.455077834865613	0.356040609869637
-0.421315233154773	0.695095700814428
-0.968451988777739	1.56779211200435
-0.596300899983633	0.715205746928082
-0.500527015540768	0.603688812305884
-0.423673875109675	0.431677296703604
-0.263188976652279	0.340193872744018
-0.379930267244504	0.453802868756957
0.216780966984878	0.220453382070043
-0.453840177080898	0.635331010515923
0.223794295270679	0.234961339684257
-0.719644339628202	1.2739296807525
-0.494510708876275	0.787862323606529
-0.44910267301122	0.562581247571269
-0.207010368525877	0.185034032102002
-0.461831199492309	0.516559029812066
-0.353736572663569	0.314760266890069
0.812355756419394	0.8888355511141
-0.573623223139354	0.433084300661103
-0.776715535051576	0.820707901794632
-0.462174846904591	0.364170541758919
0.0213482259814439	0.0174020042713312
-0.151878418706394	0.0962385831577748
-0.354707580308369	0.264702867678024
-0.278671221081646	0.243425494007779
0.406454221697117	0.368224466694933
0.0365728401499324	0.0320397607200368
-0.000424758782821274	0.000312694266735594
-0.332102968940129	0.431916942022836
0.000960001492686754	0.00100202408533167
-0.349315060819225	0.389408061861025
0.450572296985795	0.356588949702151
-0.760248483938349	0.539382306013931
-0.196667487432017	0.11448074752857
-0.623139586761579	0.403087034513823
0.838741863220097	0.681475049730926
0.471713115517305	0.256546600143071
0.263472567284636	0.14210568086095
-0.128608216944197	0.0835825170385975
-0.716945065320461	0.430441820744776
0.337297034142327	0.241867824201322
1.15280570620604	1.01882592769771
0.095730537312564	0.0547000050973025
0.0770844406067731	0.038557953963583
-0.0751078942764022	0.0378394348889254
-0.157526037406406	0.100748171071233
0.0934330604584334	0.0567531597989597
-0.0849466621345812	0.0572483224269778
-0.379959431420022	0.399254269298512
-0.673694842750021	0.339417288197225
0.345972661315663	0.243049654858846
-0.263726727671653	0.14092783176982
-0.998166345879075	0.729133265493742
-0.00683592411220321	0.00506294652834489
-0.852494815491058	0.83573925211107
-0.559436958295344	0.882601157128546
-0.380785587851043	0.481874953331619
-1.00228435979843	1.39693718657573
-0.254959180288036	0.259029929872724
-0.351682584411247	0.481253150663468
-0.20853983312422	0.219101422235769
0.631611153087776	0.844967398018462
0.0572177617236079	0.0698532933765714
0.506186131287352	0.930615235311665
-0.475217990144191	0.833158835596087
-1.06187202021423	1.9288065482642
-0.621219751153244	0.934019306483252
0.135240854923908	0.117053115719835
0.48827817218331	0.622120612406386
-0.274708445629109	0.259074953864793
0.22343098435009	0.169927375246946
0.438978367997977	0.257386995016694
-0.860188574421967	0.880210025354606
0.823524794659508	0.766376516294359
-0.0493251164148672	0.0468293334644184
0.222404634350462	0.146483380646115
0.828901901551447	0.800867829639864
0.39398549505201	0.436668797112818
0.0385693635538765	0.0276249924457231
-0.34085666012313	0.497499834238011
0.0405776882773696	0.0343483942129638
0.335303481993989	0.502890847134516
-0.0341259846621459	0.0468666204872783
-0.0981647266609665	0.102182340981336
-0.857893436861981	0.826416771114214
-0.580250539747861	0.431169288841895
1.09098737971117	1.25347964350153
-0.760464579225809	0.528887366221804
-1.01848564981109	1.03941601954133
0.711112979141105	0.519852665197401
0.24714841525562	0.140204240716379
0.0969622516460811	0.0594732848972848
0.611083733222999	0.478221420550943
0.712959284800732	0.527978742738724
0.838341130614969	0.655856346443653
0.718395480507313	0.635289502229365
-0.0399292860498526	0.0224628845180965
-0.0226496797290395	0.0132991750979708
0.0444718629044766	0.0313008370141316
0.418294592414263	0.367903019358317
-0.298235815409507	0.300629046911923
0.25512000039772	0.286857436480799
-1.17043257263426	0.772029991848685
-0.0158664032035619	0.00938012646456419
-0.411085669695737	0.245999116607938
0.228025702007706	0.160928214309759
0.268571197022847	0.143280920982814
-0.475829638718416	0.271136763145694
0.0571381990191925	0.0504871344219839
-0.107573945194927	0.0926129562507742
-0.356615524256338	0.526305461052681
-0.272959271369827	0.342007350209829
-0.240076268792959	0.296777795302503
0.313538915286592	0.451962142757913
-0.377070282400531	0.519621344933119
-0.540901831451763	0.592231410424974
-0.469917804766737	0.265861991269921
-0.18599500646936	0.114857736831248
-0.535739739527057	0.669916093194834
-0.180121928032411	0.212185489296426
-0.0165364440177708	0.0139984740271284
-0.208169503987669	0.200389736227573
-0.0881274578864551	0.0690116493590256
-0.288098276810633	0.294340970494856
0.470512369261137	0.531002848573392
0.150028530782292	0.146292927448271
-0.383791110602927	0.431660857733853
0.269199825273893	0.270437734488636
-0.263262365757331	0.244740809489603
-0.058873823353264	0.0474674207331895
0.272970991485336	0.27853914377661
0.388657058125462	0.52124048022024
-0.400338181514673	0.447144069601287
-0.846504316779801	1.10000413518831
-0.159540562203868	0.134507960733963
-0.22760010731664	0.131673973457811
-0.537195226960395	0.832317589659195
0.159976531938188	0.166960063800458
0.324248505221707	0.356620736756039
-0.0244511649105187	0.020068774495341
0.327402489896667	0.337285359145269
-0.165165273382004	0.149134329186558
0.145719488427559	0.139000524882513
0.503773186384166	0.471454015964546
-0.0969478375721941	0.0824610936752957
0.380386957369912	0.358586538886391
-0.0940450280943812	0.0735622490182609
-0.0996221644883945	0.0772231236695406
-0.187885525229348	0.171840994634594
0.20202460384891	0.195979139281121
0.223364847404777	0.190148418667007
-0.327586910556781	0.27110683591093
-0.588056790699561	0.589488264917529
-1.54665105898821	1.05217693739475
0.114354489458235	0.074322518029831
0.0176328743372223	0.0110435638616777
-0.144648276278409	0.104610366254524
0.399773686437874	0.361969956923229
0.448138882957237	0.367020868887907
0.224132629259838	0.165215112422928
-0.322088751786114	0.273436044753255
-0.224835433744931	0.158429425010112
0.128821533325298	0.0931352775062204
0.0615435383722686	0.047395755466497
0.0206570822981296	0.0170190628252489
-1.04576750122714	1.2667380399302
-0.184113361492863	0.227018981818481
-0.572069998376587	1.01825848577338
-0.0765384866889825	0.0803589799962552
0.014814096093346	0.0118252974460958
-0.0862226860573214	0.0792764894961632
-0.0258788323522555	0.0244521408138437
-0.432429692244002	0.405196124053379
0.286387467523572	0.128940626719633
-1.12148095731841	0.891314640957285
-0.0941483203616838	0.0917371425245755
-0.789206259722144	1.29511329683565
-0.0192085284230602	0.0157074623297686
-0.111116331090353	0.107076912689479
-0.248543480963012	0.294391058044992
-0.0551777613367239	0.048143961802957
-0.172381850659356	0.156626271550936
-0.247753189172475	0.30075912280061
-0.137418129656583	0.150949310195867
-0.307792391687546	0.34844449215105
-0.323505462079972	0.398380888306054
-0.2936249831898	0.249429236164867
-0.442008329384129	0.399063165170034
0.349987243120446	0.342928033772531
0.486370564516566	0.346171430597364
-0.248874819313255	0.308131152399629
-0.0168249227631193	0.0154547822197112
-0.1830645467756	0.206969247800943
0.169124495289237	0.196480948554998
-0.10768578076053	0.111384509083184
0.623765515772037	1.06587192028118
0.202414915440437	0.240131510870875
0.358881352168967	0.405904923190168
-0.315090321116859	0.359561553287908
0.0925674023106037	0.0790516129339222
-0.370335359452102	0.363241086082419
-0.23436451498645	0.236904412281692
-0.691436231317052	0.821343366196802
0.748712237285195	1.14892012220749
0.591368454218414	0.69254121251079
0.714107842487698	0.891741403391016
-0.154461230342884	0.0969270250052634
-1.03548513369117	1.26747093104133
0.125573939707216	0.0926784933302146
0.304393379491223	0.250296240692885
-0.173317583543993	0.138196558350903
-0.618229627491826	0.553245471412637
-0.268701828980937	0.234269055327544
0.0533680588166313	0.0396755633004329
-0.574190937169012	0.651082050061203
-0.0202117257428277	0.0147439662666398
0.0391984111349995	0.0337061332417211
0.289128691578809	0.280695343562637
0.0404901577709017	0.0363115841131198
-0.412029891057899	0.461098955926584
-0.0293943483047484	0.029778309906501
-0.162693537135191	0.117112813823928
0.118987683891893	0.0789632884971429
-0.16362922636928	0.130861722515077
-0.133129274710927	0.11172464931333
-0.794073082239804	1.21500476271537
-0.445232355495617	0.554911562316554
-0.202532306971609	0.246213738636461
-0.197929782060983	0.176296585819565
-0.784113888165839	1.24088693946709
-0.0791809695575526	0.068241469864226
-0.352536936266219	0.34591883656702
-0.583287327537592	0.235338619146458
-0.161639909112472	0.0669577631851548
-1.039288504351	1.28279796223551
-0.549359119110315	0.708180833376274
-0.0983695032509599	0.105870455372527
-0.062711441871395	0.0653528878453697
-0.246157267372473	0.316838820664706
0.349014604945027	0.439461814055554
-0.214289777272373	0.191905165807384
0.0232974027720685	0.0259585666420224
-0.184320487492266	0.220067313178401
0.154183978913756	0.1717309354741
0.445264806375333	0.590740528417215
0.0336434002506389	0.0225036937649182
0.315468335121624	0.24973476988935
-0.0830289328618464	0.0568914321629873
0.248217013258756	0.141185433156286
-0.141924829911992	0.15319989217835
-0.155251118592688	0.167655361305958
0.714532958430106	1.32451659216076
0.111390998579149	0.130171095364635
0.0133025528965623	0.013852498730905
0.0712011041165128	0.077978943086903
0.163790932890704	0.169697952989909
0.053390143041861	0.0491701185401569
0.564521515690973	0.846274663757993
-0.158580241607699	0.165960099461711
0.0187660501234252	0.0170318085897789
0.456224130780346	0.582448646065326
0.0675494947487956	0.0512326602778666
0.138869157917619	0.129925853749581
-0.620786610936986	0.825310610009527
-0.229690296518109	0.183371237756917
0.0220433580831744	0.0138646293740574
-0.675927980817319	0.324540790001959
-0.720819405561874	0.422777907251432
-0.445781188851597	0.403557952638245
0.215121813981638	0.180938190050728
-0.056110563879714	0.0463787746332284
0.00554589253483991	0.00400349375189928
0.517988827421749	0.560563167758517
-0.0878567238944016	0.0658368636795546
0.352260085735501	0.436512696635305
-0.450782642934137	0.48290275948648
-0.10973178904266	0.103394268704463
0.225151635695874	0.194594631063342
-0.27951272590995	0.295384575691648
0.205205765684313	0.22124529485144
-0.152325934458506	0.141003417163656
-0.402326721186025	0.241505238862085
-0.51188356378168	0.573829069890138
-0.149839878848184	0.181932526321124
-0.290957782132562	0.338018469115128
-1.15834400830965	1.94024274385871
-0.047054174592943	0.0533372529505073
-0.19393837737963	0.272742264665624
-0.238458141533678	0.337866738372726
-0.425522409026628	0.560322416020711
-0.378099638985835	0.417812212817724
-0.348165923079435	0.516198854951143
0.269835097436982	0.406773592463858
-0.174526349523906	0.193666784487853
0.0824547025418491	0.0849819040503208
0.375928097002822	0.356492987347689
0.503527732114645	0.472266689899328
-0.0311998872955151	0.0178157609260506
-0.26437051442267	0.145120329423296
-0.260958281309808	0.302258485388971
-0.172916065228821	0.206153895148511
0.126786644794258	0.154269923380508
-0.0202419102087465	0.0206446250290356
-0.178792990747405	0.235011159624909
-0.23793238890118	0.286578125465975
-0.255704236528995	0.3335707626855
0.770421005615862	1.09462201044742
0.47049349466762	0.734038663227314
-0.82608764806653	1.43044573665512
-0.174335233915183	0.194301094463072
0.0098592303066046	0.00979739631319655
-0.762518639460353	1.24594361680336
0.214098967834349	0.267909799776761
-0.579906472234388	0.786921407315447
-0.370834445921993	0.398146233017551
-0.71772854822338	0.764649631094339
-0.552759002942822	0.300951447333043
0.241878584841079	0.135007047172574
-0.665901228426065	0.715437302341765
-0.538697505326009	0.544145962307561
0.145340614016713	0.130876752397917
-0.00647395980225892	0.00541838385024769
0.560692190083426	0.642473257805413
0.147193456536371	0.134528079626975
0.408235433348541	0.491204106347335
-0.175447199484884	0.184314506641931
-0.460436963357615	0.589125557236105
-0.147364078631732	0.146740353442138
-0.0151623224789343	0.012902730637696
-0.0899679083294945	0.0781585129171963
-0.110973126746966	0.110657179105394
-0.188718761235152	0.169894375624056
-0.979080378844818	0.829806788367812
-0.295996686350117	0.321417735308414
-0.886931894893505	1.35067155870687
-0.576688162391487	1.02718604179574
-0.62560676946808	0.995793568883094
0.0132051407079017	0.0120821399043328
0.162611858895499	0.168841004015525
0.0162381197737751	0.0103758510313334
0.462126306808865	0.468502344262865
-0.13428146782485	0.0864939417685199
-0.546871666200365	0.367549306624876
0.00517336651914529	0.00476265062446498
-0.0694657533734396	0.0779487077049423
-0.22807606028282	0.277438620740873
-0.395560318450911	0.727869915222293
-0.0390727097983465	0.0442490130077194
-0.352475957388595	0.505059394568991
0.20707962514952	0.251400304899556
-0.0582211653573249	0.0571180356488495
-0.598271097984331	1.07342641319131
0.646254302516015	1.04513752313673
0.303157367623436	0.353043788707232
0.725805252138204	1.27027891195975
-0.822111105174191	1.49868222963887
0.259125365294054	0.271180739927966
0.306838626768762	0.353394121734144
-0.328327181411752	0.332585672469382
-0.48507595554677	0.427522635358297
-0.753154344308689	0.548038218346681
-0.257375606591217	0.206190305062937
-0.403562365340752	0.397542900418043
-0.968871132642992	1.145568519373
0.683675625058764	0.787929979292453
0.0829916042356615	0.073296396057599
0.024494791709313	0.0204050530358516
0.503592617601605	0.613439700829327
-0.386380728597823	0.410633089547945
0.360155460958568	0.414251904146559
-0.298540772505321	0.344498453208767
0.303462345735676	0.271347198465846
-0.460968288588049	0.598744247413237
-0.637551191245567	0.919372190508924
0.247232523674115	0.310898320318296
-0.780787355019152	0.856517916143058
-0.0562379572512415	0.0388011631443685
-0.288350748370323	0.313702111343575
-0.406558794807138	0.507858013901467
-0.358240349854588	0.462709572318038
-0.185043615841587	0.168579682855023
-0.268854989344646	0.367200786854104
-0.149347988651953	0.161890981830932
-0.635083466788206	1.05427954611296
0.212862133643535	0.221325695625447
0.47764381304279	0.449258734898939
-0.490240446739018	0.424335720894615
-0.777380427729305	0.612140058040704
-0.758986422939949	0.535965916533664
-0.0270705715790141	0.0253764625533262
-0.130389221375686	0.1496431793612
-0.0715831288741845	0.073339751779216
0.837548739759986	1.74949727998369
-0.206510787300409	0.254611849561263
0.431956533115999	0.658795335474906
0.523810869279495	0.902682910048656
0.26647089243003	0.275739133079406
-0.542070757794895	0.884722632526235
0.120303695338227	0.126707957465921
0.578444282559892	0.895958805111038
-0.215855174933896	0.226024180970198
0.0186817332365157	0.0172290515727527
0.207391870051734	0.223651930571792
0.215913228931095	0.193040625931609
-0.357021569768212	0.379407052204983
-0.575343967113623	0.556250164916154
-0.163840854120359	0.121129397053337
-1.04966564152999	1.3262706656789
0.740949426294217	0.975301510019496
-0.00477294016870026	0.00360015574827849
0.653475543293686	0.780080800287504
0.322630127466011	0.344447023203167
-0.645427320939665	0.756913814095069
-0.104171522435097	0.0913875169361454
-0.0818301378734529	0.0559281213539294
0.0558693901916831	0.0530321450260491
0.458981697325862	0.578190400701944
0.163768462263959	0.167225960373362
-0.848621171606903	0.919233094420158
-0.353131065763928	0.224991364674618
-0.303954806017853	0.199469236637203
0.0548038263720401	0.0487792700134594
-0.218635062768417	0.228172700022833
-0.694259480536799	1.22224924424059
-0.430834568449695	0.58900852382718
-0.250580789675525	0.192122017542035
0.460855932029958	0.443386351329548
0.213533387959629	0.185914259591197
0.580029095622708	0.389447949903228
-0.229346715738785	0.279295138956684
-0.393054203993935	0.601806503651964
-0.326694609112769	0.452430133068269
0.202955361949191	0.258374644494776
0.0898291512524441	0.0978397551508429
-0.0272291222398328	0.0262417507542792
-0.0537534038182416	0.055855702390456
0.0363013054388337	0.0310075929838657
-0.262859620813253	0.285092753662774
0.0291072714127635	0.0284624607180017
-0.650590740894815	0.941525759249787
0.82926611695605	1.10062048962886
0.141177543454887	0.141509846508309
0.256925283191149	0.282115434107513
0.0738224276776046	0.0624898961198791
-0.125592281353554	0.105878322547371
0.856791834190132	1.24773194865514
-0.594158537749267	0.583611597552568
-0.166032895725167	0.101665338870798
-0.307002562931902	0.159099662504333
-0.787637080712257	0.866607754432908
-0.460295191941863	0.357757044159705
-0.148778986579712	0.121233656559356
0.322065264932573	0.3404735350813
-0.130696634491471	0.119017348390586
-0.368697429992215	0.302945669162791
-0.742888155716892	0.975476678476658
0.260661773352514	0.280979043746969
-0.221796221236606	0.158193688774768
-0.597488835489721	0.799936827646034
-0.569745142450015	0.754945688258075
0.509314306473229	0.678374187583345
-0.745684415225858	1.10794120167006
-0.317961966921966	0.347610703428033
-0.123633795141778	0.0949445593529764
-0.399116477522929	0.420285183493821
-0.301000884587465	0.402972666380264
-0.23918188126309	0.264051161783905
0.531714402688004	0.559588770231829
-0.883811609201064	1.18093712224969
0.224670972485303	0.165118729052391
-0.365303915436028	0.163407802707361
0.200979541480784	0.238819367739041
0.123207794038332	0.135963520263561
0.121961630004594	0.12699317870737
0.517944970032309	0.790855191039954
-0.253009533782074	0.297211724918346
0.0325762688443257	0.0344518882373471
-0.0513296098526782	0.0497206713137419
-0.197441572382803	0.221247117931509
0.148402141767805	0.144961877938997
0.400370249938166	0.513206770124433
-0.426212164255938	0.544354367741898
0.45883126490861	0.575113831455525
0.601785838296178	0.829752190823139
-0.580608055432685	0.67050169851971
-0.868167246772082	1.36055695563906
-0.596664739220897	0.591720879456274
0.658957863988855	0.514156077229763
-0.0589293453587127	0.0316694894766766
-0.0810918292427672	0.0429980885026786
-1.72249458821405	1.62930185832298
-0.853677404945412	0.481836401857626
0.519762105995979	0.359796988254186
-0.141882607548946	0.106405279494933
0.358378638184586	0.35473782070908
0.143951653577286	0.116962178900211
0.595081943136673	0.672358623912397
0.704435490294761	0.821090411383967
0.323784000749786	0.359810336045023
0.242361033240007	0.257671676758802
0.808719796587745	1.00949965537751
0.573662931235181	0.664068099233742
-0.110230458015198	0.0839180700040171
0.538760458735009	0.649612201105296
0.0592211685257589	0.0457089222217135
0.310301624122563	0.340060012194463
-0.20017652743571	0.163772831547756
-0.309464313110971	0.315536406380376
-0.516173604790605	0.875240822114837
-0.532534751304962	0.721302368539972
0.560472869095668	0.575375671405841
0.522415258700657	0.475806449046171
-0.774181161519752	0.756168316129727
-0.458349987708699	0.202545990083748
-0.314764360508503	0.388392025439487
-0.155068334697042	0.200616172374019
-0.188184641326094	0.222465902288057
-0.00966488006733314	0.00968050079954252
0.412051688288276	0.572320168045911
-0.278579790858473	0.356953196122114
0.0848964103222024	0.0876473613987474
0.014250555330803	0.0126647554994891
0.177766879648345	0.204068338381625
-0.311342760552316	0.336157402106115
-0.105188349135724	0.100251909673698
-0.344300352029202	0.395403972972955
0.117200300357807	0.110775253588865
0.32263156706807	0.332523628112505
-0.315394648973907	0.315866817915933
-0.0065487566313019	0.00489715077959745
-0.260125262888854	0.178083338159206
0.222139425899967	0.151077145346413
-0.270814670057329	0.180481970035812
-1.1242229175882	0.900565978299699
0.380556019456798	0.154530039605557
0.839217629816446	0.682710810460603
-0.670379710376692	0.740763166271037
-0.00212269154043476	0.00167245138865653
-0.330684974678114	0.275411866543965
0.329695194767877	0.324537544836896
-0.370138655831385	0.338316216531033
-0.353830012056914	0.321257881788814
1.12381679853589	1.93509819012876
0.411319590352646	0.435738941173625
-0.174395244620354	0.159807324052281
0.492047933859314	0.534055391801461
0.922529053510989	1.33016729028741
0.717158374984458	1.16857002990562
0.347938062333485	0.435741691716143
-0.104918040201287	0.0813329090843122
-0.221084141731416	0.197428009869557
-0.543697346594546	0.457114788036825
-0.00680022639920235	0.00580634187769913
-0.737799420743103	0.950349962792527
-0.703760939238505	1.1044262084567
-0.761731348715803	1.37747144887289
-0.47882814204332	0.784447063929509
-0.0908614843393793	0.0925284215080301
-0.14706957896459	0.158110280494872
0.271021865262502	0.254834618250776
-0.379185864441137	0.349391124488241
0.515791692321533	0.53776918269844
-1.33300471929087	1.23097681268649
0.319725220931496	0.442033559473592
0.463024588968877	0.688995897824696
-0.16406001523029	0.18477098039802
0.389345354076515	0.514176276879131
-0.0882480187950952	0.0865682241111832
-0.786192075241092	1.252109076988
1.02192582928693	1.5938491005803
0.610142133965347	0.828022771370868
0.986692379186206	1.55658828677929
0.250361972020828	0.277976263861585
0.363264056084258	0.425173309015498
0.728383501091363	1.14227600187631
0.0844353235545682	0.0731982496763952
0.324199555766637	0.382369963911239
0.218637089871929	0.194568761282888
-0.0821271834436043	0.0560840570437893
-0.4111078718241	0.29456762068345
0.0876439245136665	0.0498258035046093
-0.506740022524281	0.392650515842429
-0.260025621277238	0.142827516255546
-0.190277824753922	0.117151250640757
0.943918555834574	0.845552554256476
-0.677734433409267	0.566553622000391
0.641143650889311	0.586010982549405
0.428195102561868	0.434001319904254
0.209118945585441	0.184017251646852
0.0322143303761155	0.0268812459105107
1.32835360469365	1.77757151840047
0.612880236001387	0.680460433913256
0.306277577068725	0.271536755774672
0.419306313502695	0.438848627662205
0.886741408394578	1.28741109146368
-0.549751159179868	0.728053449268016
0.125778794724691	0.129570772838366
-0.361502075091551	0.399432610416769
-0.164519699435345	0.122127957818831
-0.370110869347719	0.305006261570853
0.134961234963403	0.104708987214581
0.0132438637747905	0.0100217941512268
-1.01254114157093	1.54904042538584
-0.280844562260962	0.246007443103171
-0.366811059866985	0.443123544986833
-0.255251735817317	0.311405962386808
-0.538011707572007	0.779868918227842
-0.276764003657548	0.270889906837909
-0.123115668583142	0.124615752194278
-0.485227185660503	0.662148147110605
-0.594916366559345	0.930790583876429
-0.103799330437153	0.0965267972600913
-0.524049950631187	0.568960609796539
-1.24792860971691	1.66803452293912
0.500181061429887	0.539204770427627
0.164160215363815	0.177745292077834
0.0744471612535288	0.0734360550762156
0.0537307799313128	0.056864418845368
-0.193010195453973	0.214103500766726
0.0272242884626358	0.0217714204172741
0.220328838537676	0.213786025685062
0.00169673595653626	0.00150720841859316
0.222121349133109	0.21272643408107
-0.546367627619693	0.558366510260873
0.278439440339149	0.253341497926688
-0.287488501534375	0.3106165939028
-0.926551675767691	1.02504562315209
0.345825533358955	0.349175240921154
0.898539252345183	1.34040637930427
-0.055198626689401	0.0379507589626767
-0.107080979616603	0.0703844850216946
-1.2642650337234	1.29174376160642
0.111780184363038	0.0766906995043138
0.253449552346191	0.143444060490145
0.137211901101797	0.094391034419727
0.327860647896605	0.250266955487103
0.216806199555364	0.17863185454476
-0.277851207546488	0.218442624101708
-0.00708145502817503	0.00524651278082022
0.906212406248896	1.21650818744938
-0.211588716649207	0.216315620153105
-0.836173258102803	1.01004648925648
0.501231785801574	0.475502854950922
0.558186833346398	0.63730448256366
0.221388660001965	0.187665547753443
-0.0455549500126442	0.0314799657127087
0.696023533742004	0.957889162922101
-0.0951117393137159	0.0840377933485177
-0.834697405495143	1.16502553571047
-0.274352852033639	0.232642764705606
-0.475590602842803	0.547354159003194
-0.668857367656351	0.732896531184555
-0.575861503797836	0.422853445780406
-0.526467649408777	0.570025600435427
-0.540018503234152	0.462473324879468
-0.402467485406209	0.376653855392659
-0.620677924398192	0.579446713369466
-0.610599217728034	0.875696088511128
-0.262732532154168	0.32349875686091
-0.281880222148384	0.31021891938491
-0.399536838575184	0.520333882898001
0.063513603400839	0.0686335374037137
0.261066593220614	0.291545673957245
-0.76342671337073	1.53256399621244
-0.0828125528710518	0.0921685478486639
-0.215303028615045	0.294525280116599
-0.664678887670916	0.921756156300425
0.376892141186202	0.486387145507549
-0.320953977801402	0.370634325257692
-0.248847670166863	0.219082363529448
-0.220966185642477	0.178422744491424
-0.0934484104924289	0.0614339204206965
-0.363787328397477	0.333150550140946
1.15816341520804	1.47381887836777
0.2982891579568	0.251355200936924
0.385975069860435	0.34948637169763
-0.434951526067038	0.4243858748274
-0.0777182561589246	0.0591165177488964
-0.42145028785627	0.384767521467754
0.0595179433715866	0.0467759553778011
1.37276031247499	2.04930768152657
0.14181608585198	0.114629708370673
-0.637745895934847	0.774027984358893
-0.0725841641657081	0.0488209635578436
0.114236278695393	0.076160008350561
0.464902423545949	0.459972650075146
-0.459048824818579	0.364569218870487
-0.329821726532647	0.278333514367257
-0.152229414310112	0.0969955563644572
-0.406361597564831	0.361319419918271
-0.412569067409658	0.304403371542249
-0.17114227239038	0.124078866695424
-0.940485074633275	0.913813263140054
-0.149578152046534	0.0935293210859798
-0.252388799001321	0.201701293281841
0.821607155337367	0.790650466666106
-0.133809016498941	0.086513486260136
0.0360221227732036	0.0241335120172027
0.289891880294899	0.262171158927314
0.0929832126521109	0.0859615346730691
-0.239221004498807	0.227324185994061
-0.896374369623085	1.23405987970403
-0.75109279569624	1.12713418665338
-0.197417946356134	0.16057409411183
-0.249465311930321	0.208265623516227
-0.10090991385775	0.104179819402707
-0.296683734476821	0.254372259434914
-0.281503245056719	0.211437069896686
-0.338154484464078	0.35596425023137
-0.188647743359985	0.184331930224906
-0.0367971781569574	0.0361698633876311
-0.495081292575909	0.682843827603944
-0.155702767380037	0.180550702448256
0.0202981935178219	0.0188236886757605
-0.202486504705684	0.296194412988867
-0.197805425113948	0.150027298627608
0.136883779892758	0.113407786116351
-0.0545544377657024	0.0380533612452732
-0.213521634148082	0.188880569938754
-0.126490178331196	0.0914592069493551
-0.710516946109143	0.757882751519613
-0.521559417613347	0.564103633033155
-0.252115091874842	0.219137621447225
0.105563728922392	0.0685433841881465
0.498925458873727	0.470035374696374
0.025480853627595	0.0170110197246722
-1.26519704800631	1.27811340434719
0.493854339034803	0.365077968171882
0.767914134358093	0.843625224431975
0.117520173134948	0.0788609539912792
0.220363327760481	0.18542015343099
-0.123783489123586	0.092979213153897
-1.12691786366028	0.903863203441065
-0.617604205978823	0.390439365229169
0.693684903076405	0.729773317110359
-1.35151063935601	1.64979174894073
-0.520696879053576	0.410284899684787
1.32581052118011	1.7048309324155
0.946472309321888	1.03951308562132
1.32525747959015	0.970206447218509
0.158358781897503	0.127207550261821
0.114155397739237	0.0775940289297313
-0.054989371738245	0.0304772544524495
0.0776127026814007	0.0389411265081632
-0.0609747251920349	0.0340208591063209
-0.307612591810771	0.1575783055841
0.824892289559971	0.883857041113152
0.0692483731875896	0.0550667483534966
-0.203677492209604	0.193716244839397
-0.256579979628307	0.241820776587677
0.112186889383183	0.0787021309502906
-0.260379809718206	0.225931712792717
-0.668166347348975	0.972855491276684
-0.848501810672716	1.15848903903404
-0.0822004935289425	0.065262432761441
0.0569476669232153	0.0516705615390283
-0.56287662262792	0.909819137772326
0.034567157627768	0.0297266495188674
-0.396257665341213	0.516708811817998
-0.37530106188946	0.446338264792855
-0.521168555433705	0.408249703421796
-0.205051762945016	0.185170750199756
-0.0386738832574236	0.0219354370309897
-0.195004448357577	0.136087428265502
-0.590527024765734	0.603329842260592
0.636789592145657	0.602894306392697
0.0829684823168321	0.0647239725830797
-0.0411513770523837	0.0291939004418598
-0.224381935082775	0.19787570406111
0.827310585187143	0.785769535373761
-0.0729793262861412	0.0492018011852449
0.271260372066276	0.140778466489459
0.529925524534864	0.480078238653135
-0.524817953145003	0.403216065993237
-0.191111586228098	0.11761047101541
1.04097504025638	0.732395986051428
-0.158340989417646	0.0986930906010011
0.518791164198074	0.467594733388229
-0.47001090486094	0.335256351647557
-0.584518751274834	0.456626714583921
-0.064660957688814	0.0346508045559832
0.230335257977196	0.139251785019124
1.15868881885906	1.05975058758549
-0.151404735268988	0.096307993074657
-0.669903550745149	0.338718152465255
-0.422676850651161	0.302516910157556
-0.125546331758662	0.0822760506889803
0.563518671031809	0.581101543527616
0.414572707638287	0.445398478745178
0.00662564033772779	0.00508493595960098
-0.113496475000164	0.0862204298670849
-0.269336521961006	0.184784825152417
-0.247548268713968	0.323713688573909
-0.512196553566529	0.717138960197332
-0.46205687129103	0.952318154111373
0.0939776935040088	0.0562557811793038
-0.983926801108078	0.827507046040692
-1.00256965885774	0.740521279460292
-0.979025487980209	0.797344424759439
-0.101470390901123	0.048202189130449
0.429337143263212	0.258925824146404
-0.832570978680795	0.389830571128625
-0.455284386304671	0.195946827497754
-0.655705966478375	0.49268653448964
-0.266169090349375	0.149211509822946
-0.557213749081225	0.505866387656358
-0.716710392808291	0.853374221739333
-0.131430377221909	0.10079448088868
-0.922697503875453	1.47787556365077
0.28680105946414	0.332119711236847
0.307159589405645	0.271290068820891
0.482345929501127	0.562518988727341
-0.775049223488762	0.760855979107942
0.233355055984602	0.140363473127722
0.101114672512553	0.0576850051201579
-0.210792313757809	0.0804245351591699
-0.671338318697624	0.330727784951587
-0.47071652716146	0.269937898732216
-0.27300639141227	0.0935031672668972
0.0778271813994041	0.0293369021376593
-0.869041147563895	0.674821073993671
0.577707771962491	0.493117474336918
-0.267890553908996	0.32157204565545
-0.837823719360405	0.390895338956879
-1.89865094621963	1.25640061758521
-0.866869115644576	0.753416371737729
-0.316549017139076	0.162050285718054
-0.601827980633831	0.842257975762451
-2.69634895634997	1.73858232738163
-0.777714618969396	0.274044533331317
-1.07706068089653	0.443129495322646
-1.55716420905783	0.568578006504216
-1.5514518056923	0.568531403787742
-0.368536246103088	0.17052312860465
-2.33938752131237	1.2481382002233
-0.581365923179866	0.230500025127603
-0.162079291569163	0.0671807376500058
-0.720580115829052	0.432637954904319
-0.417770021729355	0.304613869303052
-0.368390777502336	0.321261961287582
-0.310190416109486	0.307731511684842
0.0549882040360768	0.0417413681364605
-0.853582046449329	1.15047630233194
1.16593139912961	1.21251393427536
-0.772965240514639	0.274668382470072
-1.0436925261361	0.550204641337599
-1.04439409555026	0.55181324666839
0.0926320244103551	0.0317295282538535
0.0840428999601435	0.0287463467280583
0.633587708911691	0.201494267434819
-0.582939776540003	0.237028595876618
-1.33696115979321	0.649441174598548
0.287863958439946	0.140162629755783
-0.0550893734364351	0.0435786994132989
-0.480373035912165	0.653660363238452
-0.778933839032612	0.276324461460291
-1.86423156422362	0.787011119700427
-0.587685223528237	0.236296852602662
0.0929647835759037	0.030705034830252
0.0883089769389768	0.0304456122165727
-1.22748195446405	0.721441351264736
-0.52548519872665	0.40655287853228
-0.513666813853389	0.413177655711015
-0.111629906117795	0.053289919643636
0.0824384089976557	0.0348774079555963
-0.208513259598037	0.0790484021937907
-0.848500553394473	0.470292512656699
0.0191563069544752	0.0118425242208919
-0.178589513194472	0.125265433436322
-0.122724842125533	0.102669896527831
-0.0811911424218742	0.055667209088829
0.427182163100756	0.259180171352255
-0.133268980172483	0.0587469062267754
0.831086415323925	0.441460047451927
0.786698280109924	0.552345681959834
-0.858169129118105	0.469656762204883
1.01786452407642	0.613846153429573
0.0820606851432813	0.0378342056171988
0.0844553391435712	0.0391708335895057
-0.372909574426434	0.17832995197189
-0.622484137571391	0.387452375999707
-0.361912435380519	0.329640011522473
-0.470655994662038	0.694439773936575
-0.719096157855118	0.433949453552922
0.0762352894277961	0.038176949548898
-0.379535446094025	0.177871504370385
-1.3950398533254	0.915177103333888
0.882006967751299	0.580683884984166
0.085190111029721	0.0397953683850642
-0.281710153756398	0.215371256275083
0.113029005454159	0.0333727008425494
-2.11713679983178	0.995564270245838
-0.263109878392448	0.141257114422762
-0.483028911244184	0.620131345076955
-0.271048793281957	0.206536914233718
0.471502956423082	0.417809222320052
-0.265902808362369	0.182163670793068
0.324664245560716	0.144501645718787
0.109054653728321	0.0331112847711228
-3.47604583390962	1.25550007339713
2.68226138310764	1.65087075152737
-0.208161679566064	0.0794771705519718
0.152327357171114	0.0306528579659354
-0.644600139200501	0.163557956970766
-0.27601699353277	0.0946350648024802
-0.383639697125327	0.115605960560422
-0.527199033306252	0.399515758924871
-0.644456791948872	0.160363538964562
-0.772965240514639	0.274668382470072
-0.0714912792627985	0.036804302836288
-1.39095033417316	0.903204822344664
0.078427090027134	0.0263770256471577
-1.5516996734188	0.571325966800664
0.08865830005751	0.0307081857326401
-0.278051703990366	0.0929130593610117
0.0880026853356448	0.0339522008133425
-0.572365437807164	0.522429394327601
-0.26161103016165	0.144536532962622
-0.14035713751795	0.110690578475172
-0.267853421812501	0.332312836470444
-0.374026084668496	0.178272203293998
-0.725024227842159	0.443767830543485
-0.163475265181134	0.0682437749161833
-0.557576047294993	0.306384802500165
-1.22929329238064	0.703767432085155
-1.33564948101927	0.630837530605689
0.258832155045945	0.135392785735475
-0.313858081538445	0.208295715746074
-0.660866063004211	0.481338299882162
-0.273052278845502	0.231175758649866
-1.49846716971874	1.75618976967268
-1.35839779541087	1.77086261013914
-0.307911679082377	0.157753446633598
1.32336612374468	0.968554501090594
-0.209202299143022	0.0755603600150322
-0.208476393566103	0.0783708850945527
1.26856509285867	0.552284482921969
0.629026947940962	0.200123508811535
-0.45517923095235	0.191510772049388
-0.581631108676941	0.234564935417828
-0.482987871377542	0.275290429687296
0.0831617942937931	0.0350525336750947
0.0835573828453083	0.0353211462877418
1.39734829672007	0.853658588388447
0.381374251715984	0.156401863873602
-0.725024227842159	0.443767830543485
-0.126961062835744	0.0571419037338898
-1.67985796652865	1.30009771441887
-0.36402286353584	0.163964342070623
0.627086626494721	0.291503043583673
-0.41178609313612	0.249068425353275
-0.191266549525037	0.136396481452839
-0.755959192261423	0.543798843024034
-0.486107907553345	0.533193093697318
-0.00430785659094862	0.00436984778315009
-1.01729558384936	0.648875186218128
-0.354858106378589	0.225105323298385
-0.384386423619587	0.174943163050844
-0.260861016268207	0.144315583531374
-0.721587225263794	0.443437391627175
-0.832221429218601	0.388727969901298
-0.211458004445709	0.0811563578849673
-0.415887377705437	0.252810422885997
-1.53169792992233	1.37273199893884
-0.557156090252128	0.306325519723714
0.267671323330342	0.143242923639687
-0.480963126852069	0.336039146601505
-0.0418536453455622	0.0238315317117898
-0.126397784975531	0.0942584585556701
-0.638569050515103	0.774241467463907
-0.579965339665138	0.455458947140578
-0.854194466454137	0.454256924473333
-0.311769952310758	0.16324119915233
-1.02532421782773	0.62855924284721
0.420765927076898	0.249666159057936
0.570510822820868	0.378330653288851
-0.723846071951304	0.443501293859398
-0.21212410842254	0.0811362988501105
-0.373966788903694	0.178152851642053
-0.187807023770732	0.113603070855212
-0.217993379955932	0.125714432059553
-0.468330923083987	0.260676886062905
-0.466380234221181	0.265455520480162
-0.158655679377994	0.0666309344309884
-0.311331886139362	0.163103458899141
-0.100720772110248	0.0479962867537674
-0.0601437058978114	0.0335817871511137
-0.104836593728628	0.05054133747383
-1.01637465313986	0.635562700755714
0.0840635052666861	0.0424130167604634
0.0747365026914295	0.0397701254365302
-0.582592318833542	0.237008278804709
-0.556631905902251	0.300994230819094
0.883381601657541	0.570741054137418
-1.1576950669229	0.795898131710816
0.291812295536523	0.144430177999643
-0.211458004445709	0.0811563578849673
-0.538993665574378	0.370998171689672
-0.732711300048212	0.900638073254069
-0.078836732241545	0.0871379065202885
0.102201577875409	0.153057163414116
-0.130742109498732	0.084343508864441
-1.16982826158469	0.362408956042196
-0.163848688368941	0.067812997235401
1.45503593104233	1.15650946995511
-0.837472488599265	0.390914936767186
1.50901362567531	0.77576208633945
1.01965843242217	0.612351864070417
1.32605601105723	0.970243512851971
-1.85989087640818	0.775935977590481
0.0775225946877143	0.0290729539903065
-0.778324834347448	0.281190595186386
1.27293486618371	0.561372589409687
-0.0634156005819083	0.035107199779307
-0.144523638066139	0.108652369686204
0.0913064067254329	0.0838236072465141
0.137574582973976	0.139231314648816
-0.574063838448539	0.618033340548551
-0.879135152101346	0.6832339445048
0.112114865728904	0.0332945117013381
-1.03923765481145	0.533192129086267
-0.157905730498342	0.0656812629520875
0.835179470879438	0.44141658961987
-1.16384354392211	0.36161718506419
-0.679651018453312	0.332447381742495
-0.458690618232096	0.203598758665892
-0.207144398073541	0.0790503962829672
0.153079928794189	0.0306572399262932
1.27357527930356	0.556591887117665
0.136149928119394	0.0351567872193512
0.533462686698001	0.272463104886097
0.550972920817144	0.270645642505363
-0.211458004445709	0.0811563578849673
-1.40464559912888	0.856227056806795
-0.459388799108084	0.203183249420525
0.323906605118513	0.143986643362843
1.71439878165014	0.953968775872221
0.091937540093905	0.0314691281586567
1.78552584048742	0.707360534084731
-1.55757016427164	0.560708539003281
-1.33772826433764	0.630134410038475
-1.08201327846135	0.457159153484861
-2.12111528319895	1.01408240337577
-0.291127984684477	0.239802256349079
-1.09302655083349	1.43373519011515
0.423846469448932	0.493665312332205
-0.245842564793045	0.291752814924846
0.0506784080546701	0.050016001125699
-0.124440361259807	0.116718263548379
-0.202955538640392	0.145521999778256
-0.767673607709995	0.635020501027339
0.339318294905727	0.251830451079181
-1.42030544941567	1.66435027503658
1.15155373624728	1.05471885610977
0.63419799728877	0.28514278628214
-0.65946962826183	0.500857445392101
-1.30353717877231	0.983570931138866
-0.259951037345127	0.178656249645134
-0.417598770057549	0.300367895722031
-0.770182234904547	0.794153180379192
-0.0795746454076373	0.0402999273260445
0.463346436944936	0.455331731445375
-0.50750752513591	0.402101972797183
-0.196547626494049	0.139008604405706
0.485396839985772	0.472872645239418
0.419964407999677	0.431927083646219
-0.539024100422604	0.469968516520257
-0.552021921994281	0.298605886877617
1.18190823402859	0.773819200515268
-1.41222808214718	1.15372316891106
-0.170699330831814	0.0684233178483587
-0.861600460413083	0.576843034435111
-0.104443935532232	0.0501682778988896
-0.669951739435718	0.490104934862968
0.0808939541995861	0.0689872417806824
-0.771027953763588	0.623407019234822
-0.662496640964876	0.494633121722094
-0.466987379777616	0.323348522988882
0.916210442177566	0.691028484113784
0.338098893109043	0.14556447326217
-0.210792313757809	0.0804245351591699
-0.258903845234219	0.141174903576538
0.0807079401282095	0.041234531183209
0.721123917380123	0.653469140321718
1.9578564208078	1.7165883462364
0.70400952459947	0.520505700007182
-1.05317035400792	1.01543303016789
-0.452141300863091	0.361180454428779
1.55434609502736	1.05503598857319
0.890482636037872	0.581219997048375
0.575046845279515	0.375463966903109
-0.311132331295928	0.208551297808892
0.705652223695173	0.511296071797219
-0.583680874210884	0.45789121415424
-0.650085010225226	0.604235697957418
-0.153176204024981	0.0977786857943151
-0.214426148576866	0.22653758246033
0.212282763686289	0.211042862955676
0.0948510153539943	0.112211678421837
-0.569409476717639	1.45402865061892
-0.436812679496729	0.570597250600959
-0.0845784833557298	0.0435595737738713
-2.30775279059571	1.90878247967393
-0.102060723829972	0.0494332164412129
1.04168496011597	0.891255581335421
0.572234976821987	0.376512929862686
-1.30595786186353	0.983920023429465
0.374777659717559	0.256756028199854
1.01714750929573	0.612680515830649
1.8959234641277	1.19445961098901
-0.268824867269407	0.147415135808233
-0.378476968942889	0.181603573414227
-0.0493496639153785	0.0344739638487772
-0.0087280966678329	0.00509342615482468
0.0829032172681157	0.0705588643301953
-0.422068117469914	0.494000137636815
-0.24245392257832	0.19081150333046
-0.468473451099187	0.262308622968536
-0.715648262565063	0.435851643172163
-1.33661526809226	0.651632439709529
-1.00676891487804	0.742279928991148
0.08261735356173	0.0316455411293681
0.0872827885099076	0.0334310911338658
-0.653575549523395	0.47807341898933
0.0621138415116937	0.0458060802907625
-0.191622179036454	0.187182389593191
-0.403100274353232	0.483775372706292
-0.869921522224432	0.591270091859665
-0.446401595069764	0.180853758958605
0.0870900159361728	0.0294409774022058
-0.315373048223715	0.16114093936458
0.25030770319426	0.140687111147427
0.722946695081929	0.420165971043685
-0.876079307368419	0.571835171829607
1.16248086796265	0.883520414718286
-0.717061122909299	0.418060783459928
-0.314151848075003	0.156035226798957
-0.354034793711606	0.230913545265546
-2.17881470837356	1.68488479461938
0.0818899611136971	0.0384126298818074
1.18778395285932	0.80108214680479
0.887964609645759	0.579949424234846
-0.215351068486474	0.0801130467605206
-0.55598832834921	0.296924034071988
-0.228533211063427	0.134417655009271
-0.417901775698747	0.255510968907426
-0.98263179409842	0.810887354197316
-0.335097860526425	0.283615532695379
-0.2676428273324	0.205855974956335
0.309961796733144	0.445105303944082
0.358270969431757	0.508007625428923
0.384513439237746	0.638134352593765
-0.0336565597327555	0.0419807316493895
0.483568076562038	0.729946284854862
0.869578326199826	0.785770110812699
-0.202883470809739	0.118928692833368
0.419611543189898	0.362579433875446
-0.67831296648744	0.540614512807369
-0.0703641134380346	0.0475627423061031
-0.308642389853188	0.20939792835098
-0.103121336533053	0.049197779002089
1.16203963333806	0.92527127445966
0.816542659092495	0.789650658925108
0.216847374302965	0.144574513044077
-0.581269938077065	0.453548547066322
-0.663773529094958	0.499104903536351
-1.73596261386192	1.75085577742156
-0.660225399718307	0.464132071106236
-0.565927150884008	0.299590050353197
-0.307477401663427	0.196877758546885
-0.473772042959773	0.328508852266169
0.0138986403284118	0.00895527529220686
0.0257148581536717	0.0214895064531489
0.774981360404868	1.17658783367172
0.00355980636287076	0.00335439484559477
-0.410812049050357	0.257992765159761
1.02711360023137	0.732462493767167
0.615961264147997	0.500456394649424
0.494149558976488	0.372339139628485
0.223494667298095	0.152868658158678
0.220616344927042	0.147525337974032
-0.619910170293118	0.393120185057627
-0.00792542138356358	0.0046727221571218
1.50974648257108	1.52892928587007
0.225967582635898	0.135979256892153
1.03821947302903	0.711645469561825
0.366955537007013	0.252397905011697
-0.274443570759148	0.147104077978554
-0.26170329441649	0.179654433753163
-0.544015794415618	0.348733534641409
-1.16405554087092	0.821701982901747
-0.548578719169431	0.870696856012613
-0.175922602179578	0.171504527620351
-0.194494208072569	0.203221208575545
-0.0125519992790888	0.0138322051643269
0.076626267404572	0.0784621098720015
0.0638512968870413	0.0698684284933591
-0.49187803652975	0.952272164967682
0.300545716151432	0.445059954316908
-0.221433622143572	0.178680545346034
0.0898804027346368	0.0502882246181036
-0.0811748835535708	0.0621891628898673
0.497096285916137	0.453657546119585
-0.603314311203405	0.497116974206008
0.392934264103323	0.363289193820475
1.26174268054997	1.21644942458107
0.775192720676486	0.778765172183534
0.223199677437071	0.172999646591059
-0.146222819769115	0.109949946431619
0.323691570125211	0.257807837388947
-0.072501557383615	0.0494200547949838
-0.981873115638016	0.815577817763445
-0.43134588450945	0.511497590343506
-0.226969597996783	0.133860145634277
-1.51542285004104	1.5068784255585
0.388082674383049	0.247219814881886
-0.311543305753037	0.208508820713828
-0.443090092844061	0.396573061343012
-0.139873485532024	0.105323768839166
0.373667728415526	0.447315384004092
-0.217842133287595	0.230450145653019
0.195619355153393	0.22661820241803
-0.268996571510006	0.266920566893084
-0.945223378257914	0.94624040254703
-0.687056314569098	0.576064061777182
-0.0012214247641403	0.00073984403020772
-0.0993044381643817	0.0654488561497075
0.227471992099215	0.155781894177318
0.356685432188756	0.250509401052003
0.44908587605177	0.358497637388801
-0.572420227479176	0.527940713088361
-0.262010620745306	0.177895670227053
0.409144467592854	0.352303938427326
0.450295152472349	0.367022956795854
0.860671337268985	0.910239609640341
0.225394039106774	0.161540448010839
0.0156932213428501	0.0100593855938367
-0.310063320240496	0.206261273868878
-0.464585156873909	0.323727740414834
-0.650834234611363	0.952278151377645
-0.730865474456559	1.17135617324316
-0.474096593153625	0.621843022842281
-0.00807403952017703	0.00755489814331928
-0.311875859643284	0.371058940697756
0.286419589579436	0.404050065545182
0.566736779447547	0.782308323873004
-0.128022262611646	0.129578244343421
0.24470734305152	0.25329902868532
-1.178339211072	1.12867370582998
0.16961654857937	0.210182144682509
-0.13208681348909	0.150438590995233
0.328421126578916	0.446788585137693
-0.27623617974614	0.28702837236534
0.21042548968482	0.219449070579365
-0.222053309217117	0.270119059253989
-0.625506734948279	0.979223119783105
-0.00153099623997219	0.00133062488218106
0.0923554113771904	0.0823856515805524
-0.340291012460561	0.35609705664487
-0.407839227189042	0.509997217461824
-0.406619724150242	0.48392819657418
0.209195365682558	0.20551416947753
0.0298906660053635	0.0249779573707913
0.129823438814817	0.109327111696378
-0.0944204983750598	0.0621442640113678
-0.400558994258105	0.383338107545059
-0.276931542763705	0.231633330387593
-0.210281490901116	0.185214977516786
-0.566070435638001	0.596066217451935
0.209130058727179	0.211234662785681
-0.488214177531161	0.532496384486925
0.290581600469792	0.381744134444989
-0.468682915532666	0.616206645687255
-0.321738459834071	0.296864203009272
-0.476185845767265	0.46327847646304
-0.574113589852482	0.646282612844575
-0.559309391006402	0.667291098674891
-0.366721191047523	0.381084767957099
0.20081372415937	0.193114045113526
0.503693176175489	0.612732546187564
0.485212417478434	0.540731630468215
0.127046254134262	0.0954471347419816
-0.486273923759865	0.530385784972984
0.446288632553174	0.443946593332209
-0.635326877739259	0.725355357590788
0.391319013674361	0.44274887790591
0.0283253600815592	0.0215064930936818
0.138165289749802	0.113129287375555
-0.0440198551380322	0.0358076065220159
0.057087476689315	0.0418495422770536
-0.858583880405478	1.52763958646385
0.209343838770797	0.226735684954726
0.0765621939790065	0.0808731939790089
-0.179940900524151	0.20684493609903
-0.0678034194265241	0.0695658736519941
-0.31422136430035	0.360770332039764
-0.332526537429148	0.330604742150101
-0.193374199931423	0.168316103027484
0.0532039031436107	0.039600615541577
-0.0959920767944313	0.0628957796134503
-0.0904612023676538	0.101256276652115
-0.0327038409508326	0.0326742330897098
-0.267167616931788	0.336139092017473
-0.306108703358932	0.478689500103855
0.467157034328336	0.684638847714094
0.138130650581396	0.150969476295794
0.147118759499115	0.150236953208575
-0.347949743542218	0.38362003318222
-0.0722839193530149	0.0680069871973016
0.0109884610735191	0.009594168030729
0.20087641953514	0.207209958187671
-0.0736119350477758	0.0633748239890191
-0.100455837002601	0.0956413983595486
-0.142352263407792	0.129234390261444
-0.12245132970536	0.114443052127299
-0.114446105489845	0.104508209852139
0.0771772672481584	0.0422461292150799
0.0884854453201825	0.0515663189557731
-1.08152926241481	0.954128723499168
-0.768407690321719	0.595471767985106
-0.32686114762633	0.278934438624424
0.470412580117658	0.525353524672775
-0.156869294765293	0.150242300514796
-0.371434330690705	0.369712695092274
-0.132375953133245	0.135443944109005
-0.679834147833741	1.04654657078603
-0.106615136033022	0.0907776698584047
-0.233677370069089	0.240456872390786
-0.00954905383169958	0.00816179125054373
0.0156438324700231	0.0156020549687632
-0.328695474219545	0.296604282866507
-0.275919945094734	0.237308507495421
-0.871925121933737	1.47798659049542
0.194650438921379	0.176483845108921
0.325785432543158	0.353199358614263
-0.112985668992267	0.085145864922678
-0.063126430798525	0.0544096141826854
-0.562840526388988	0.58694225984545
-0.5840486487754	0.636340186449556
-0.26239291589657	0.285873817349921
-0.18271880531131	0.171327736877124
-0.143719015807297	0.121902973797436
-0.52707223650262	0.556117051474958
-0.0292967445581484	0.0234195311778541
0.389200294181598	0.489853547210817
-0.160333854588132	0.128525440483242
-0.373889818389463	0.440645897825021
-0.0142475876805134	0.0117865328038834
-0.644968688067836	0.759878390235822
-0.692798054669505	1.01959666438456
-0.387981559318694	0.509559583014305
0.100594223772848	0.0978420554429847
0.0791589118862735	0.0811198775382032
-0.532357762515855	0.90171622411062
-0.62740233609103	0.971027230312385
-0.0803210026157077	0.080234693550926
-0.364904521832536	0.385936628141573
-0.604963156010719	0.642573788313347
-0.000252178887924733	0.000306661864993781
-0.769822080990208	0.629875644051992
-0.0162929996051882	0.0164761444344107
0.145321748688759	0.172234849848136
0.0718413284752214	0.0721310805181095
0.381417800076756	0.526090821269667
-0.139394031024151	0.13521944480358
0.167363424981842	0.19866313819147
0.568949324741408	0.916670384875504
0.264511322196192	0.2761394163526
-0.263678669379453	0.272058921484373
0.0968986238071091	0.0819654283871471
-0.344289813929891	0.379590853789721
-0.516983487296839	0.709156080265816
-0.316976766335011	0.362644873110733
-0.378575514480072	0.423867752020894
-0.0620035559758077	0.050192824969097
-0.365885695428968	0.378131142588313
-0.0478120659415501	0.0334601134631689
0.00049100917146627	0.000327809086042319
-0.103336255825513	0.0511907434891877
0.0883624894719626	0.0338838502628727
-0.72614630229145	0.798620441480271
-0.128642161212304	0.0800656739604936
-0.451155839212567	0.480595351925724
0.0869261077288644	0.0754827615417312
0.632657281420069	0.763869105488209
0.699226526972328	0.78980235045174
0.0287676638770443	0.0274730326615077
-0.453776942872929	0.577104965477273
0.213342920310725	0.187691996815246
-0.0458473074094647	0.0259113108148255
0.0227195254424685	0.0180516501821345
-0.12249592654757	0.116372579954099
0.0335551434361413	0.0317623960643805
-0.295791370515367	0.294776243418397
-0.118802118876447	0.104386019290832
-0.411888900804048	0.417725618456349
0.344939282149406	0.335949738428759
0.282676665553892	0.266943834245367
0.0660380877225404	0.0491979806183502
-0.288873033811276	0.307269072011548
-0.369040932508809	0.384936065503268
0.208805627726313	0.174260998305823
0.0219963596068739	0.0174458422598508
0.155022964247838	0.141377220051804
0.201292648124735	0.20303169557408
-0.128447857088605	0.115471756562956
-0.234626471166818	0.20375402106555
-0.0156527038323876	0.0113907841391034
-0.658524829127183	0.851411383430756
-0.156800807984495	0.177698132108806
0.503222359163285	0.778016528776607
0.0221824027303305	0.0213085422239899
-0.260609627968806	0.274078462267166
0.0953333534147967	0.0899110817280363
-0.695004298570058	1.22177961112124
-0.693476856001888	1.20715298509612
-0.0910812263160618	0.0882303799304387
-0.130382003595694	0.122160974547524
0.331861948401177	0.352289630711593
-0.455549260009723	0.370902402387129
-0.0772664698629706	0.0805979738713403
-0.0752872325362376	0.0805479675514828
-0.275828719040581	0.315975106444852
-0.679012335208396	1.16992278763636
-0.339442291422116	0.364019831316583
0.440797313063159	0.580276843910693
-0.253930642229662	0.254133400787784
0.205702588934538	0.20819081139522
-0.0432277102643683	0.0400418351124181
-0.373637017125896	0.368592090517626
-0.121595385090413	0.103183259027802
0.203357639833664	0.208240721594576
-0.629928965030048	0.753394995020353
-0.410093482366311	0.402251926401172
-1.02186772800543	1.3620335102641
0.0532820210663384	0.0456450822337962
-0.104660677372321	0.0691241404850015
0.335183066214221	0.261856564088722
0.0911160150206012	0.0407933544826286
-0.711379058301701	0.730740257059538
0.113119884802638	0.0740913134060831
0.141043269172603	0.117062424365632
-0.0545239978432547	0.0422520692481093
0.118927859378787	0.0809310967157702
-0.284238516804247	0.259418776246206
-0.0837782621747862	0.0720618781403637
-0.507070112029643	0.682168822159803
-0.0446827365632492	0.0364716788498422
0.123735173085794	0.0906634681348031
-0.0143683015745062	0.0104986651231256
0.399521514135036	0.517664340765934
-0.337878732043639	0.362860429777901
0.1511489217805	0.1367853668117
-0.149022542476206	0.121165982078241
-0.000637372616359907	0.000389298821167982
-0.557350166227362	0.651167550713681
-0.569629184207928	0.70025775087462
-0.298599535055882	0.251742788102274
-0.40634154933041	0.360905895188482
-0.335293825038154	0.359089067537048
-0.428751609888396	0.471079688558944
0.028463220670861	0.0228343302398677
0.288271289119031	0.255472099875176
0.277048251260619	0.27579033431074
0.0861078463831265	0.0726182721019206
0.504864564590947	0.542793457236593
-0.369040932508809	0.384936065503268
-0.834965320778505	1.30870496443392
0.142742920618629	0.110437853845734
-0.376837293468356	0.421996861857233
-0.203541431988036	0.21534774291785
0.0331027270448662	0.0342499028078011
-1.02041716889705	1.64089627321282
-0.181895516988867	0.176664117240245
-0.54365746049367	0.825801541312327
0.196297968843777	0.236145340688947
-0.460763551361118	0.676205605968969
0.120200736890628	0.120698124795321
-0.145486903499317	0.161320657319888
-0.0775711726441951	0.0739534629060609
-0.301759383019562	0.432798615663789
0.293961714039134	0.33920671111722
-0.550093912909348	0.720088045054853
-0.522393229635681	0.698135132799093
0.13034794834883	0.111546924586301
-0.588362013831861	0.771462107041904
-0.112686729145193	0.106664381016009
0.28897776716208	0.25658163673955
-0.474890598518008	0.580765720847535
0.345081330127498	0.3440460910898
0.409943221198835	0.356448017863955
0.270430680259791	0.267108253526068
-0.105887816277595	0.0695093041507329
-0.624415659619004	0.795860620238692
-0.794856937387648	1.07906036383643
-0.115316210762764	0.100053252845886
-0.0451309835058967	0.0317479639999095
-0.333258473882441	0.370658470169522
-0.212013262249538	0.168164371170726
-0.847321352889797	0.914580647120567
-0.56516594831992	0.607687473321495
0.0774200164126426	0.0653554890236368
-1.34358588913748	1.80052143514986
-0.0240039400911524	0.0140546727207855
-0.0865816413497457	0.0673170671373881
-0.381152786285197	0.407206938879122
-0.522732574056281	0.493369381143204
-0.272708081396727	0.228635876201936
-0.575028036853961	0.524002173928626
-0.386118539062934	0.375468180278233
-0.551696375736948	0.845256009875667
0.573229646717893	0.791110718278101
-0.133697200657373	0.13708312842255
-0.423109161557999	0.462614659293749
0.202576990776939	0.23702910237935
-0.557209843408861	0.661400440531761
-0.378495709047025	0.417623396981411
-0.233402180680822	0.214525967160206
0.153399230262647	0.133129610571664
0.543936878511112	0.630834291738
0.526951137089625	0.554648684494884
-0.842425228254914	1.10017991566883
-0.273942734844492	0.269871803186341
0.130995556901365	0.102752037566223
0.208142723879648	0.184298840401667
-0.272635022128638	0.236874788535807
-0.736506982076958	0.929272713691415
-0.720220497725829	0.809680486920996
0.445712069846055	0.449621214602783
0.124323466966975	0.0913821569696232
0.0568196908109395	0.0450281778869658
-0.589313218420973	0.590986718168361
-0.429169688375476	0.415887163871066
-0.398691467163661	0.667543804581228
0.634310029042817	1.38604521490384
0.0169650395749867	0.0128749729806686
-0.443382677917417	0.696970700814658
-0.509860742009565	0.797466697918447
-0.764339618605347	1.40317975742448
0.105873592976331	0.0990491290247232
-0.513834132716693	0.491965244565484
0.894465347972047	1.04416128198696
-0.16300258286996	0.120056027160376
-0.185563931164726	0.111961280127119
0.0512732163128101	0.0527605049555753
0.448724343328172	0.699944964232997
0.396798518635853	0.588121180706569
-0.298729424270326	0.398587264642811
-0.0365093292006185	0.03929701031472
-0.201112037061416	0.257962573357279
-0.834557913153185	1.78274325318532
0.350392562603535	0.403202789543966
0.0552079228173656	0.0583815889671511
-0.208818833017582	0.244442241943578
-0.30734639594262	0.347251393879956
0.0250213777242901	0.0232611947219039
-0.276923608661845	0.299345760652296
-0.287168931380101	0.312629211305235
0.659978224301895	0.898493969173912
-0.307730202464209	0.287088440148265
0.403263637430648	0.361324159136384
-0.708609106920407	0.738387719069631
0.564265565111447	0.364473928067245
0.0854357153708269	0.0429398183827179
0.715435278156242	0.408031264636317
0.548348663409452	0.48873462676247
-0.129666534515261	0.0990086891204765
-0.0151832245080105	0.0107443779776745
0.14147527258045	0.114594282915616
0.143000351176976	0.137216037965319
0.091461055337857	0.0826692553294329
0.0097977890228039	0.00819973137725292
0.473780250899044	0.538653234824657
-0.161710101385452	0.16656051185834
-0.0413607736336808	0.0333941847793997
-0.27832837528983	0.210497082817442
0.125939144695932	0.0890158351088443
0.947181271402853	1.41760461917537
-0.167426567847879	0.123016524847803
0.253696331635339	0.310606391955381
-0.409440320076865	0.45179110088477
0.929794210868867	1.44018118381568
-0.208008516035517	0.214378795255594
-0.5323083217977	0.649825943004797
-0.365569755432407	0.430050117299294
0.0441150273492155	0.0353970811998422
-0.472402819229332	0.587082317845729
-0.368170675970949	0.464061950731561
0.0142667131086223	0.0133805205945614
-0.37546914304597	0.373386085263601
-0.632736429423587	0.876990776599678
0.270995456994101	0.291675471217857
-0.158956529087914	0.133409890049492
0.791338204186468	1.16333567956165
0.352935607548348	0.415441854123064
-0.385424931560124	0.43756481676945
-0.403932194278183	0.435817484449255
-0.484539522906972	0.592138570000207
-0.447795905364725	0.55539012717694
-0.550134060582947	0.905975591012452
-0.412741694771873	0.542477902617389
-0.769817937632669	1.27723318350143
-0.343614923951074	0.522220675660822
-0.65456197116459	1.35735360113904
0.313374003731731	0.348777806400144
0.0157948630109082	0.0142527877356319
-0.0588411449990538	0.032772147990515
0.355408843553691	0.360964791847463
-0.200694068615322	0.14333891324254
-0.22430792273245	0.132007573529295
-0.57604261431041	0.989092189936237
-0.0736624137589385	0.0829362307936485
0.551817049080617	0.859575069866218
-0.239620629529067	0.294679403644236
-0.082943023045524	0.0877614504680715
0.000772679770402412	0.00084387515870956
-0.433859671613489	0.498421734501543
0.0716390853494039	0.0690129329917592
-0.340856170768807	0.442696666551341
-0.438137880424684	0.602769081406695
-0.44335873818778	0.622637228581727
0.443347470054178	0.51965499583201
0.262786283202744	0.303216070063808
-0.0286883419271601	0.024187148752399
0.149118669404578	0.154038559522947
0.374782490037869	0.426719239404876
-0.331653893274838	0.249499477033874
-0.274590573198838	0.235072199616796
0.108286244728522	0.0668689946845298
-0.411464881301007	0.299236828452763
-0.474831803836319	0.280166422168669
0.853256435391332	0.892663793081942
-0.366140015651181	0.308042097535186
0.549296317129924	0.482136399771673
0.2084324968266	0.193055092167935
-0.344703372032265	0.393595266141777
-0.686043630028958	0.843404775063622
-0.251777717555235	0.261755069057098
-0.135924575251561	0.123302367273732
0.746449310115267	0.997948598108472
-0.631964060924376	0.987083366108311
0.0908071113722466	0.0844570501922238
-0.0530093585473534	0.0486712931607205
-0.419765391365158	0.521609287844949
-0.385700921298384	0.430884552198217
0.302296752492837	0.272461756574952
-0.194986166375724	0.190832535908894
-0.57746639153208	0.888203261261661
0.00240638132788535	0.00222145881875777
-0.524673657421883	0.632565531261469
0.106261734268595	0.11117717128705
-0.12992719866221	0.121438619607107
-0.163196490886533	0.15340065578606
0.154873547421704	0.150354389280625
-0.0424517881551303	0.0339516899875076
-0.0280678279596257	0.0232999075841028
0.695672706040556	0.955102751882801
-0.0987139915471308	0.0879458747217105
-0.150804483086654	0.172319763692646
0.0486010153079598	0.0399894771153867
-0.167781575690391	0.149201401436668
0.0202940457871984	0.0162808892145609
-0.384926154987753	0.406484026435416
-0.715560054872315	1.0968542311868
-0.95440866979849	1.61014087841758
-0.741227201539971	1.00445979998843
-0.272868971489965	0.291088305292512
-0.358682569703858	0.407619442280799
-0.079616640777729	0.0779537302719623
-0.224957050416493	0.217027345894035
0.213499069462422	0.224594414183913
-0.0365416964941194	0.0363184926048544
-0.06634205572616	0.0598286053115818
-0.183775592716213	0.178831573671508
0.856556518859102	1.26869632612281
-0.237433842082865	0.206237929375076
0.0596515337008925	0.0465339434497514
-0.807062590597303	1.6110149318362
-0.248047705734467	0.271158710692542
-0.404566975267451	0.428938666762807
0.86291244419941	1.51190715539568
-0.359223429888985	0.409172741449551
-0.558028803093752	0.667858276116801
-0.116388534908658	0.10943702363836
-0.145636544605872	0.120429920288404
-0.350936173680631	0.374150708328767
0.27823695557255	0.301524833247052
0.272359611619526	0.25558063757193
-0.392309363056874	0.419985239040949
-0.633276328994739	0.609129980511459
1.39747619693872	1.77469194849683
-0.351292339888386	0.340705709029236
0.429258717952285	0.363489813617873
-1.12211505303851	1.34584772729179
-0.132083992592924	0.0967880622027968
0.78644469765727	0.547351575812685
0.234752420229712	0.149118829450875
0.480117796156484	0.354560838566577
0.431909037479427	0.365015801701637
-1.16449334669094	1.37370293832753
-0.225722109273386	0.160249732500947
0.731122508898167	0.75025061573256
0.311308346510654	0.260668688779877
0.787900293526283	0.947740010135748
0.342142860809765	0.344926534791667
1.25289187104351	1.48855525078611
0.127270359475613	0.0907629917811808
0.521113946702918	0.556980056645897
0.0305139115768321	0.0202230898711546
-0.195785903924707	0.137606552696898
0.256298896149383	0.262257537095674
-0.380548493240941	0.39593038914475
0.682937982720914	0.797286388984488
-0.470470752986688	0.468197876358027
-0.144624864728666	0.105015980940143
0.655708003901169	0.792855964814201
0.477060604518643	0.522211835485067
-0.79904080664145	1.04418106539023
-0.527345178443301	0.489991316851398
-0.435930111299419	0.451487915075631
-0.783561410064525	0.927460012893976
0.548683403912904	0.57138543323511
-0.294899815965977	0.292142776733401
-0.451912625658287	0.401995161706147
0.0715609085838599	0.0546995026113877
0.0434733644848623	0.0311277131174892
-0.111369961431716	0.0858386850720924
-0.307328635024902	0.263392637386655
-0.48132386018772	0.596742569538831
-0.167650896835011	0.192183917190005
-0.793677874815508	1.45745895164561
-0.585066525548756	0.779203649290472
0.0247983148366386	0.016510787640386
-0.51016070386645	0.890210291660125
-0.634332161393664	0.578411540779128
-0.469594180686714	0.332040350943265
-0.139500505360736	0.116547033249004
-0.440579412568912	0.532116869465939
-0.289495426514697	0.41175495865734
0.0603659786533861	0.0622890029978174
0.00681872055469244	0.00806990312714499
-0.0915110807026508	0.133728569702102
0.430195148445426	0.721366632841854
0.58152390210479	0.584428261504457
-1.0451002324909	1.31567662046025
-0.416601974335827	0.304664154547305
0.0977998152907539	0.059172911837258
0.220556203800799	0.140478289802875
-0.502123140290147	0.436615501168965
-0.054989371738245	0.0304772544524495
0.606528536535397	0.489165158366466
-0.125032517709837	0.0558960141405798
0.387610130585306	0.245919089674144
0.422991297110667	0.247397636596337
-0.155284627935377	0.0994176850309063
0.470443917430772	0.364896462395655
0.638750796677099	0.39816244794357
-0.00190719196366564	0.00143901088252389
0.62221794261296	0.615584951389859
-0.46041964887262	0.590589311339943
-0.224444478613002	0.279193132896805
-0.545484843329045	0.714398046053084
-0.689636753083108	0.855068800153227
-0.287541809310236	0.327542014665919
-2.17677796758297	1.65506428309819
-0.358990835354208	0.232129642231887
-1.43679368869292	1.41813429233226
1.32676970317429	0.988069760091281
1.17490316446395	0.776621875421851
0.237211241255302	0.152683645248154
-0.194283745827976	0.139862276549428
0.101204411747867	0.0615567763193236
0.081489419035564	0.0360965790882793
0.087169308664339	0.0496893228495967
-0.412073666625921	0.300541804080207
-0.418717998185947	0.30728491162122
-0.426159935999207	0.681224281141898
-0.0307949141737401	0.0220626858190275
0.0544140386502573	0.0565459663152382
1.02801941023498	0.727897434479556
-0.22058654558788	0.154078755688834
-0.478957228942798	0.279384458321262
0.480933275510816	0.265281180394064
-0.472678192971609	0.321491303685095
0.716163034902215	0.410815596911718
0.109168918716447	0.0658848184604226
-0.582996247976069	0.44537109321422
-0.311604277695325	0.208034754332854
0.346920163231247	0.24813542127938
-0.36090843856479	0.232034858776045
0.636030301154842	0.398847975710487
-0.406497682087059	0.33813773492934
-1.5234110633718	1.59064568446432
-1.07472921587794	0.944244439559205
-0.501007390300047	0.774742664541466
0.425733412256966	0.44587523710835
-0.339580435998839	0.354084688195323
-0.481799140567423	0.565841382819474
-0.406184062927116	0.372503185156045
-1.18606729447505	1.57064608761385
-1.06671838005252	1.24909011698947
-0.228051299073265	0.161331925526094
-0.444037570326983	0.621968245823762
-0.25560166431529	0.224944266716374
-0.361378349619017	0.303358899184827
-0.297113841817845	0.30206050281559
0.700644748634605	0.739099875801462
-0.314658367754057	0.371469659278087
0.416748580143651	0.511174380620443
0.922425265514104	1.60953865879691
0.323460574462869	0.350401084888721
0.0226834505288542	0.0209524394095606
1.26385581847725	1.219677091481
-0.786044330113158	0.950900880701534
0.549738045736339	0.479372766892302
-1.23539334342162	1.07471060201581
-0.45568122120469	0.356446601048328
0.423680282639882	0.346086705351129
0.525650419247302	0.364354882507955
-0.377176533665564	0.344551010011732
-0.607582360313486	0.52408823370187
-0.941447509248899	0.869252793228948
1.54790953934752	1.82478305137893
-0.978935814806208	0.810467923222627
-0.00485660642880803	0.00282374885475004
-0.495004469729835	0.442077333719118
0.955320483159867	1.05543486372429
-0.332990728458327	0.28565053240793
0.0576429437729718	0.0421288369901007
-0.37808021798614	0.181986171084815
-0.768679452017192	0.608716615954953
-0.0419519552837165	0.0294940541032369
-0.962267925630842	0.886634598203015
-0.610516505688345	0.660606827384278
-0.480269949173378	0.328415199677676
-0.193033705749128	0.117693019489981
-1.90346293696811	2.1511112690516
-0.0551000908796096	0.0304193282012596
-0.189260513689311	0.115522271551297
-0.230991528752714	0.162933310911146
-0.187848294358058	0.132045338004021
0.308081577491427	0.353491609033811
0.762337818032969	0.72720234346916
-0.473772042959773	0.328508852266169
-0.136269601590052	0.0998193239349093
-0.587187187897672	0.45002744984861
-0.283710616851036	0.221799918459244
0.0887222496415797	0.0516436139724276
-0.0998793188339461	0.0478840320395564
0.0937153730853647	0.0576637123677635
0.250897999851497	0.140333365426093
-0.939694672004577	0.951602487566532
-0.309405655617334	0.20748624182277
1.10944470681761	1.42736832099775
-0.363834608419756	0.227796207851986
-0.616139893546732	0.81289302519317
-0.157425407254684	0.156951271814651
-0.436861088069927	0.427903572248076
-0.228533211063427	0.134417655009271
0.0731541988178699	0.0270225165320888
0.780763505507888	0.534892892427636
-0.748609592143692	0.530249359477795
-0.0594191929017074	0.0616341153291193
1.15705883676424	1.04804402497902
-1.02522870414898	0.637660114791863
1.30593861423741	1.89996399746473
-0.172336601639442	0.137941793031025
0.438831784745755	0.695707655275337
-0.139952102255382	0.130389121209636
-0.165758457346733	0.2676940441008
-0.17039735694932	0.338223111499969
-0.198544080402684	0.225914396812547
1.69735910915359	1.22920536703121
-0.11904585094013	0.0529468775630461
-1.00211359844513	0.728889426138044
-0.232292251458843	0.133656192116558
-1.30595786186353	0.983920023429465
0.47775886279045	0.264185697956452
1.51335977493618	0.784485589527796
-0.665447170074499	0.334362252988309
-0.167993601438095	0.0701468595913906
-0.162386929213499	0.06791397537773
-0.381062889989272	0.176203832527793
0.0833971392158342	0.0365540962861994
-0.272309316122986	0.148188390897458
-0.0422237738241414	0.0234862951237415
-0.105258662559199	0.0817586646158531
0.300995140821402	0.262036315037722
-0.408978255534742	0.460036092634265
-0.225142887603917	0.286162609350009
-0.69483449317508	0.97699649155005
0.0762572125447829	0.035338722466105
0.0861505221345038	0.0365460299471674
-0.478509598027276	0.279899627206484
-0.160460948397193	0.0658434820581868
-0.229981743107396	0.13274119587428
-1.53204767694395	1.38601644793573
-0.961375929174152	0.871132054812419
-0.266383526563542	0.404677308098968
-0.291763060415595	0.248864806692967
0.224779832066849	0.277566066992356
-0.613046953193191	0.382405651428086
-1.73624447288659	1.03810217555464
-0.469302869451138	0.272248412776943
0.493773793126473	0.364854852531761
-0.474831803836319	0.280166422168669
0.375863690985923	0.148069227853569
1.7027314560756	1.30113096294312
0.234074072263095	0.143124432710507
-0.100434707246025	0.0485769044218069
0.0909795300136211	0.0528483541821162
1.02904465371269	0.732939696707279
-0.0197835237558679	0.0117534892176812
-0.264299298972127	0.14123677043084
-0.635878042092364	0.768617774596395
-0.284098058476685	0.28461390941108
-0.496744169710771	0.543216920872045
-0.102824235060564	0.0870744081301949
-0.13335595808865	0.134269563946853
-0.465058034435527	0.50901009378134
-0.223607268907881	0.214299657266753
0.705827333395602	0.857844667712481
-0.834553353540387	1.42000914509087
-0.131815722665236	0.123513200698681
-0.142725271949591	0.128269358146452
-0.999453090165156	1.7417539574217
1.16550915800896	1.03734312213307
0.328278510544144	0.435769834760623
-0.891502122673076	1.53183738743714
-0.223569395562958	0.24664672390052
0.424791932577136	0.603975918845569
0.625083103198131	0.730394850724234
-0.325814268314354	0.350545157775984
-0.579108632016003	0.733210697146683
0.373600614803149	0.351875999694996
-0.429221745665652	0.46620827174945
-0.626806094135158	0.703997508258487
-0.510218135643621	0.483054977948234
-0.0789042870664413	0.0672510618827209
-0.0162509843745134	0.0117198789038608
-0.315240988299292	0.2865607244614
-0.787402748151591	0.862436643735927
0.229444699823154	0.200170087203907
0.224032981677978	0.170203662779026
-0.469641238768953	0.487206647387769
-0.312548607428721	0.204745153178667
-0.374835598209988	0.1799609669057
-0.872154232527251	0.755824243082473
0.118409343649198	0.0827728691842338
0.021968226747969	0.0136373419311094
-0.589382435218949	0.451219186201868
0.0916955604502235	0.0535648700356992
0.0723662730512519	0.0567379365404901
-0.364007243156909	0.306678268904166
-0.173278549892603	0.159530992193441
-1.9078131469111	3.3282174925276
0.525691060818444	0.639412410914613
-0.778086406982789	0.85700312610458
0.74129092644864	0.894738938318411
-0.979779807447671	1.17512881569646
-0.0852651504814772	0.0677059863562465
-0.24759029234969	0.21361976093643
-0.136907144026468	0.099898218640544
0.0855926854230007	0.0676725991112943
-0.435126142454216	0.381139981961431
-0.0750987316410143	0.0573559081930899
-0.170048396441355	0.140486799124004
0.135004550406129	0.1102132899548
-0.325684668277454	0.394231927306629
0.636374970728465	1.22638621486265
-0.256374444340592	0.272042578583256
-0.17904182821983	0.214308113799436
-0.163749232085048	0.175697331322492
-0.547621037238143	0.693358305991037
-0.427773954332949	0.604184131887766
-0.711238244252938	1.06846717748672
0.280750498611102	0.353394783583575
0.0693638580782935	0.0549532631773201
-0.668296539772305	0.879529679879195
0.136729160248604	0.105205398907979
-0.0310671816695177	0.0178814286625576
-0.448405208372286	0.665041866257011
0.121778387231612	0.13440463174969
-0.0965787499111193	0.104979390382874
-0.181490471064665	0.222154639966048
0.560002913452681	0.957426250863787
-0.129879601320273	0.140139377642285
0.0647961640259349	0.0634238943973784
-0.0620035559758077	0.050192824969097
0.0562416137985263	0.0504687797357677
0.787426313097909	1.47851464017265
-0.258666894345906	0.284673191777315
1.0441996883637	2.07214996987498
0.255739988343674	0.292073123172971
-0.272017971938685	0.273748870856125
-0.565172570316884	0.671790525046922
-0.341407139450911	0.310508659291275
0.13177280449599	0.100297520615532
-0.0594173111820036	0.0477283904126742
-0.185786822044235	0.112152536704348
0.0133270135089861	0.00846650904319074
0.0912495149449109	0.0307828939823358
-0.357127145190829	0.28995536291493
-0.0148416014052684	0.0107590833205478
-0.155511570227749	0.143912538524953
-0.502279137178598	0.70340340278146
-0.39910037228213	0.45464045882374
0.0212802978688735	0.0171849085715514
-0.171698910001553	0.166260983772012
-0.410884435194913	0.470654239106104
-0.230904777578047	0.206206008440981
-0.320639746027919	0.384348963159944
-0.0549024360201974	0.0474775654875735
-0.370246395453765	0.361958692998262
-0.533416295744197	0.571908175428688
0.366117772177461	0.418206446359467
-0.480202555213684	0.527310209831962
0.24993689816321	0.27843790811526
-0.202010606430554	0.18146032680997
-0.379071257228963	0.426008681598453
-1.06693652953779	1.73564862964541
-0.485841820951702	0.705546763390482
0.930815642519024	1.97254496410233
-0.209516471305525	0.21148040774022
0.335278398808812	0.342296580678185
-0.727584244833022	1.41867949669227
-0.0107288499532455	0.0109897364080806
-0.0926723729117641	0.0956349485181273
-0.323379438406261	0.404565017756917
-0.171532542704324	0.124843228197152
0.499456164331124	0.468566868769575
-0.355128706947093	0.265737499642999
-3.58162059846704	3.68257365365342
-0.107355003114029	0.125405403490319
-0.142351452734914	0.167934411515163
-0.293193586359823	0.361368235395345
-0.435352268157502	0.643390804308009
-0.169000497026851	0.20073056167751
0.0671661223109213	0.0759444357650616
-0.443516006353587	0.581070230376727
-0.201109002119373	0.219808110057419
0.162983594188046	0.169283281556327
0.303954677285222	0.331619578134835
-0.795135597548709	1.35763008041534
-0.236372282227736	0.277908356740594
0.000292301940213126	0.000207457959692813
0.263970713164985	0.272748017129118
0.152075535028225	0.128549937066361
-0.0755499624800162	0.0496983001717123
-0.0762232037812648	0.0393544696060029
-0.313293260842394	0.203920362953869
-0.542954813844449	0.55629215496745
-0.731568383645765	0.936408788584203
-0.279125516056783	0.281184798811928
-0.593988739214679	0.793844198645803
-0.362134098491581	0.37061888584363
-1.16646511881134	2.06359656854943
0.0946909566421768	0.0963950005878887
-0.857949307930103	1.41750930753187
0.870500569027424	1.18906388513309
0.590307124000848	0.736500543918861
0.301207079084354	0.363285981882375
-0.463393571007701	0.559712625837449
0.149284955418488	0.148742876444384
-0.761500394699177	1.30628862799918
-0.9021033715251	1.49481051955766
-0.0642986439906539	0.0574754811545908
-0.0739088098516737	0.0654803879498108
-0.188114965426627	0.169738851830668
-0.347713199953037	0.425689070233449
-0.088405505549549	0.0985506924823445
-0.0688622337631408	0.0711680058513805
0.304467055159799	0.380617733909055
-0.956172888923977	1.08865630135003
0.204953512028324	0.239882873903278
-0.445427185966288	0.636105303833364
-0.228848891692452	0.267964491112775
-0.248134270315606	0.195127801417847
-0.0168103163847074	0.00963645619459749
-1.04475001537379	0.548856914686032
-0.277949262803566	0.368412555023446
-0.0293716389000144	0.0295815666490542
-0.683226972552267	1.26498692440766
-0.0923899615267533	0.104536011691555
-0.170848326755422	0.216356865265959
0.104184081790709	0.116884264345949
-0.219266958651688	0.226512426152011
0.829962506272739	1.52198297272538
0.238710110530328	0.293235405734414
0.0194823385026719	0.0162629596762447
-0.0899001500627076	0.0859775551771412
-0.0232123690447128	0.0215945520391007
-0.344654074805491	0.414084266035396
-0.225471640053946	0.226997798771589
-0.581175208540227	0.572835553879592
-0.0387710517123972	0.0224485192549071
0.0824956805465424	0.0380564388927373
0.116835656710323	0.0825828880671467
-0.277387061571726	0.217666417948601
0.0574019206522602	0.043831360666646
0.0576343934310079	0.0447110553817358
-1.65348119137893	2.38511000556555
-0.846644925951594	1.04451448409858
-0.869973771768244	0.753012754984517
-1.36684387777608	2.45868850180097
-0.467885678149211	0.654014488581153
-0.206087353263101	0.231172940648817
0.355573731823618	0.430231688032529
-0.784524889675316	1.14309633715948
-0.310192744692479	0.338131603051083
0.201468434226518	0.188585433938468
-0.297734545875613	0.340724488387549
-0.322165491969335	0.406480243589404
0.168114914285552	0.180439374305596
0.146796080542468	0.131133085004885
0.153434897306906	0.16058361228282
-0.173717129374858	0.182824435120213
-0.176439077759864	0.201285045603874
0.209075191590141	0.256998502207711
-0.744755907508512	1.05446415712134
-0.217037356842015	0.253417301575231
-0.927329447963093	1.80518370320611
-0.834503566181156	1.02627323559742
-0.854908558152012	0.906901216607949
-0.141622229358288	0.157642565827305
-0.0380011162644498	0.0403171350794918
-0.139861924567544	0.165436556121202
0.125561814198047	0.144552530205672
-0.398283826885868	0.574188260814523
0.210817050351112	0.254431806062177
0.204070316232413	0.230984429128849
0.306855559748958	0.365715874973951
-0.0398905080229669	0.0372262069794711
-0.184894106315071	0.191433394652925
-1.01811936222341	1.56146634043773
-1.01314672064058	1.65992782322172
-0.768849623892583	0.691752366520273
-0.376622930717721	0.377044513343806
-0.336915790694978	0.313616552298543
-0.390794245102158	0.338533922459134
0.0425362414964688	0.0286521070826025
-0.275423312100904	0.300107512261302
0.356978758082665	0.496665917122073
0.257036350594707	0.30122535325938
1.06180492535872	1.82433243849235
0.519794175799277	0.752752552077332
0.251666024307142	0.292227423209755
0.426779364599651	0.483720149267061
0.218830801878589	0.22806803886617
-0.0300573319142351	0.0280833671105845
0.615561776093184	0.804118763700695
0.247766041246244	0.286571861526623
-0.0420351027955285	0.0379465552296528
-0.0731637541346782	0.0649677398961444
-0.0698613219478259	0.0681019476305969
-0.121838974594347	0.113092568253796
-0.261510691501026	0.304134461879747
0.00817656336461169	0.00843964628996607
-0.347637424735532	0.4384866257016
-0.223519183730815	0.235063461418036
-0.120290856047987	0.0897207753159208
-0.692257013024839	1.58427254980292
-0.33998065953679	0.570442566398712
-0.0887848805515049	0.098082992033717
0.0989398916395636	0.118615051255465
0.204431075909415	0.23454772944534
-0.304341701843673	0.381011005047252
-0.108510142504942	0.126980977417343
0.0142506689564103	0.0116595434138523
-0.297571690360335	0.36994995785715
-0.657908988533062	0.697829865766514
-0.476673046795002	0.452417493987014
0.0324865394578235	0.0312917099263633
0.0415100212359756	0.0364539821141002
-0.492139479453136	0.803575026162636
0.357525159363803	0.525506866347761
0.382117512333088	0.523655799820186
0.364823043982578	0.491008727661523
0.192923650169307	0.214849265322097
-0.211096039599906	0.250195423697179
0.119450246831748	0.119589675119454
0.030448080138684	0.0280850708395995
-0.498898765951188	0.602385084412806
-0.185226486570419	0.194350065277591
0.200842021688231	0.236319957130558
-0.215245834633208	0.237417992953931
-0.191283667405171	0.188441698845269
-0.195029790331946	0.192007457817138
-0.0566322732518931	0.0502867278544168
-0.351402839285982	0.407273391943057
-0.640500906756651	0.923279888359288
-0.385798012155957	0.436290637453578
-0.184511202558665	0.193969171443609
-0.533741186457848	0.729821849214011
-0.556237799339502	0.893884273072824
-0.296318598183892	0.388383038923342
-0.190847993382086	0.221118365730152
-0.26027021900743	0.278397284274694
-0.568069820933182	0.989168385348306
-0.268754413920893	0.406487369642635
-0.505161446529624	0.813950095191606
-0.305570066705527	0.48164940820431
-0.0408794336346157	0.0446434390719027
-0.0704305174382048	0.0814105011449568
-0.110998711349522	0.121932394417732
-0.293163584906547	0.349634613719191
-0.487954621076187	0.745320290956394
-0.270300973776893	0.359937247411607
0.284057964319649	0.333726805241765
0.0506354451452477	0.0455667821164749
0.1969059945119	0.223389196606769
-0.267657463360167	0.344276347836823
0.0499085737755446	0.049357047051131
0.149368619665649	0.185163851754442
-0.177985709167085	0.177816011559394
-0.10618586839411	0.116713173793107
-0.189841436171831	0.210600746751068
0.0738999801748833	0.0723119743483567
0.162787258332175	0.190830754270178
-0.756054138385071	1.28161130864805
0.431835139739233	0.603539504088213
-0.0929678684762137	0.0830897034644265
0.2100626756675	0.226454699049868
0.647062712920979	0.86147249632757
-0.449026059687345	0.599195786654152
-0.512959899546646	0.765692179069554
-0.164608825317237	0.18887319267705
-0.10554187968803	0.101827741359917
-0.362609990614418	0.474089683643913
-0.318755437205248	0.36273724916605
-0.638132965731517	0.972351507516494
-0.43525678869689	0.514936976356237
-0.114225467966429	0.126636505075862
-0.0333043431715024	0.0345304968266291
-0.05429624504907	0.0577210529724281
-0.386732640070997	0.464217750276331
-0.134822910264619	0.142622101531467
-0.258125495711139	0.295406485723587
-0.273052059070334	0.274346641322987
0.0274696566279782	0.0235004129915636
0.298844002923774	0.353114613300417
-0.144150827407415	0.154096943146598
-0.12910369631072	0.129903493566104
1.41514825278959	2.63537840390889
0.337877663536262	0.453092538503008
-0.414046571965731	0.567846502176246
-0.0878479299282002	0.0776347567044809
0.704534115022321	1.13252749662972
0.802319725854473	1.38011203530538
-0.508789238525194	0.587024809979271
0.148238491896416	0.140080048316234
-0.12737163659261	0.154054028460269
-0.910926213303036	1.09520865892128
-0.120241636482655	0.101717359792113
0.0802204580617305	0.065235563153534
-0.589761207184943	0.771680663303499
-0.530005413738864	0.689947975904417
-0.345952370016421	0.388320044326358
-0.0302746100658844	0.0277159324327591
0.0112246540917304	0.0112946777110511
-0.163146111864929	0.156876218229896
-0.496223398476854	0.718516944290347
-0.0947055672805616	0.105854355989245
-0.313121550649011	0.396385429518468
-0.379540904859011	0.554639674752799
-0.240995904083899	0.285146250217472
-0.530073511126188	0.858801355976217
-0.443011431321693	0.571217707261747
-0.3875099592615	0.420334878738548
-0.237130361764183	0.304638492294058
0.132036975545435	0.140162264761797
0.0728600526513104	0.0716712367184366
-0.0433772501883985	0.0400758559563092
0.132456283109673	0.120382797787654
-0.278216338768095	0.317772084977406
-0.446458078620166	0.62364484061938
0.0376474105526987	0.0370698970389342
-0.232306306086385	0.257420325888156
-0.408725120876401	0.510487017955057
0.677894445601124	0.951172265888848
-1.00926482167975	2.08692476883919
-0.498261043771444	0.755629285926653
0.0628856041738169	0.0599864744605902
0.748230660925382	1.3290276800664
0.0269585071782891	0.025553634229949
-0.777744341791759	1.43574269518563
-0.136093463238608	0.135976695980964
-0.00673152503734325	0.00580920828335908
-0.481106541803927	0.562081033959584
-0.343552401645147	0.454162708102769
-0.117771276025835	0.137514091007028
-0.00732374416974726	0.00698176987890514
-0.124596312673161	0.116849394953156
-0.513287950356195	0.729216841630924
-0.288624197235559	0.381704209525645
-0.682781509777462	1.24529331067326
0.0470048456160625	0.0471863012641324
0.0500980048993519	0.0550883114450804
-0.434192253393921	0.641935158283769
-0.271224669237749	0.310754316498521
-0.00829157006851924	0.00793205272313803
-0.693194014574811	1.14988040015578
-0.285409808045329	0.362268329113073
-0.524334352675952	0.675262835315055
-0.733709309664923	1.3956280707584
-0.64740903256261	1.03919431880174
0.918405549747119	1.73863376130243
-0.183746378898945	0.233252423872427
0.299380688953821	0.385817450823523
0.301786969954148	0.352302116325091
0.245509631560839	0.286830961953953
-0.109480252672176	0.112997461908601
0.435850591869987	0.607922019110455
0.640708186298001	1.13038879454248
0.502919319887439	0.700392533161417
-0.168682846590492	0.165582471771588
0.366549663757149	0.494370482870103
-0.228209387624172	0.253339775294029
0.122632759767898	0.1257729944372
0.499057603454548	0.674656533185978
0.19143501916929	0.19928178031845
-0.185443705694812	0.197317691074733
-0.130936401584529	0.133275245687757
-0.614853893035097	0.920422790882515
-0.75584617003309	1.1646752900995
-0.0609250935955279	0.0489363712936781
-0.0832201096348783	0.0815924494344234
-0.0753212402020748	0.066813874164164
-0.0370082538515009	0.0290912754526438
-0.225706093344082	0.233470461138828
-0.170527530016186	0.155678340359124
-0.0272382255155866	0.0226725110286889
-0.783660537863529	1.22710882393662
-0.150130107515703	0.140213821374663
-0.0630060736685121	0.0620324832805041
-0.240615289271098	0.285275905200052
-0.046450607048533	0.045410729993173
0.03235935341127	0.0246859529366101
0.210617463327673	0.199341604063344
-0.963258155753756	1.58786052899909
-0.684049074100945	0.853504030443042
0.626912452802942	0.654903075400491
-0.106710547907304	0.0828330220614921
-0.169652181791867	0.136287018382406
0.0795242797545526	0.0689337920188296
-0.0420435644911722	0.0390067956374906
-0.34274625084752	0.339882218091769
-0.463778003364238	0.525880592538931
-0.620036873306227	0.821561005419577
0.202881809046919	0.192652745487811
0.424378345606189	0.489204345729437
-0.534463720273234	0.649527417350446
0.048385518041407	0.034252787211441
-0.20196305097191	0.190121737682507
-0.901277508084036	1.15312158626691
-0.286858852139164	0.293657551453174
-0.844999284461016	1.16913141629575
-0.189564650490417	0.1960666681908
-0.036169967623425	0.0333647548133658
-0.119225295926205	0.101677557284242
-0.476829107412659	0.686818618121368
-0.389783430603747	0.511796435225885
0.409230433000845	0.517282125769665
-0.604557388055808	0.730206788659849
-0.54414460155211	0.749145695237603
-0.0289047673648308	0.0293824617086853
-0.509761538479201	0.692502390352586
-0.322373219938321	0.322494110177379
0.00902202539107029	0.00767342475195549
-0.251856994335963	0.27099214381911
-0.143274671071924	0.149385386293677
0.0988979218608416	0.0930728554343804
0.0499783843188051	0.0419556854614042
-0.0305861030340052	0.0257104125532539
-0.378852396458354	0.417593397802469
-0.0790140678229675	0.0685632568718696
-0.0702798193727763	0.0621075427007841
-0.312632278669565	0.336443946600904
-0.633659817745537	0.901613181330657
-0.0560811176152121	0.0451635254684563
-0.0580941923962777	0.0549406873498619
0.146884664176927	0.129445519735906
-0.288955532451482	0.278348911974079
-0.0163660501332913	0.0119397380417671
0.696372659979013	0.963004959059407
0.106196874238741	0.0968088084154151
-0.356469514608769	0.447734355893071
0.0131749855986472	0.0100808775406971
-0.346814722691678	0.344492912859612
-0.839121884882536	1.18716294625958
-0.952762927202121	1.29123506991234
-0.49220586422856	0.531569892714273
-0.125961844343236	0.142241365161371
0.129632281562698	0.149224883127742
-0.181550367300487	0.205183733651206
-0.190021159801894	0.22382442878072
0.320038708043039	0.413370901201563
-0.472645801686939	0.732600176982364
-0.207546630165069	0.240517938792961
-0.0927848159791467	0.0800566574851962
-0.259631258761455	0.246560283392946
-0.622138817941059	0.959004777914072
0.017772008310376	0.0164936227549244
0.186261440600865	0.221965617223719
0.920098904168135	1.65428972929467
-0.0152280094116917	0.0145047452266174
0.335931693567348	0.406016500792067
0.0837667939725349	0.0893681549886593
-0.224862306560718	0.250813639662562
-0.535413249998896	0.746247834470365
-0.0745752651312698	0.0719104690307253
0.0549717454706935	0.0515401643352525
0.209147728991075	0.213650298420337
0.0813192161531269	0.0821990814986902
0.383515539488282	0.478003818856194
0.281965763214929	0.278002206047001
0.0587748376355438	0.0535806209103635
0.203504484498815	0.220961644958326
0.671954887022127	1.10855018547067
0.0694023985561709	0.073010086685778
-0.37991760261928	0.447260103871525
-1.30417479319818	0.976081303886643
-1.42037329068889	1.18138173304143
-0.472176311351268	0.446915961182549
-0.355475823496805	0.39828834923924
-0.64592749003845	0.681104599156282
-1.07277977348747	1.24221677593706
-0.683908636106702	0.57996355732043
-0.623148441536926	1.19084754892023
-0.208549731435854	0.241067867094509
-0.559955542401133	0.755462845954813
-0.205113110143901	0.28289903080938
-0.149473046865938	0.169173720319082
-0.0298406187706744	0.0322293728772739
-0.280669114745775	0.413715613340457
-0.159047918375215	0.208805764493662
-0.134790302758422	0.156821909983407
-0.314178537368771	0.396406005216029
-0.423313976227913	0.498812013284966
-0.00961232043618188	0.00698575827629282
0.105981535137174	0.107251595392411
-0.070566824865556	0.0847749751586677
-0.587360583722844	0.983675559150981
0.774497342265837	1.49012025586623
-0.289833091451788	0.313023277917895
-0.262465114644613	0.295925930402286
-0.252231202563299	0.325105888497216
0.0486410458263393	0.0501042930618944
-0.45769660026449	0.764455560241927
0.167585072913362	0.225785264452783
-0.276779606529915	0.305280620813054
-0.337362109619805	0.43322948566599
-0.0657986888496408	0.0646740812905675
-0.248564896567612	0.308120843476142
0.800163767402903	1.59307184148255
0.0510167082437635	0.0534989156111241
0.0205626929834667	0.0213898974065934
-0.156555145606114	0.169015307190743
-0.0479261450107446	0.0468844274754148
0.559039457934192	0.858333661988571
-0.678313815502191	1.05705352033108
-0.407329699806075	0.244699723507728
-0.159657136224871	0.134410771240995
0.217820436167064	0.172462932494721
-0.220966185642477	0.178422744491424
-0.394726442099947	0.1137440248866
-1.06044226164649	1.51889901208733
0.266523622221454	0.14063444538649
-0.770705995690553	0.736119144816068
-0.0965790305721286	0.0824727237432888
0.109475581462342	0.129235622718908
-0.370251572890859	0.595005415833665
-0.363967977749841	0.457330661690755
-0.431714517665097	0.658948258901571
0.0902678483750812	0.117503513652542
-0.0396035926711263	0.0426672287295353
-0.0409094890494061	0.041172129210395
-0.241741542357704	0.34041822616298
-0.17334480538177	0.171562405555803
-0.328346736773528	0.353305986822343
-0.267887300769203	0.234202699949118
-0.123247296323318	0.127122320078542
-0.423392447121702	0.623822547329834
0.297585585880056	0.36400509825457
-0.342048043651799	0.451807218766771
0.388942213697615	0.596951972191227
0.423191861932739	0.594258352601628
0.347801617377975	0.442611443798388
0.0697831789807047	0.0770552968761139
0.261174899390714	0.327376537272329
0.284428993327679	0.390847195954849
-0.633405898119558	0.990751996450872
-0.000471286433550849	0.000423385493333232
-0.306990801512855	0.375977030043615
-0.296571386386557	0.41188468407872
-0.108121014001177	0.112479143382608
-0.0183375357308936	0.0196160752932319
-0.0683731294320629	0.0660437888948096
-0.350401102907984	0.459289361031124
-0.0322808049725226	0.0325388587301291
-0.348348632163661	0.442746627585483
-0.387832464114379	0.48841241416348
0.0602572193792405	0.0581780331174026
0.0785302251044329	0.0382632328314959
-0.468363979983978	0.200693052362122
-0.00467085208614739	0.00351209916675719
0.0949823408012476	0.0900579208924517
0.264871365224992	0.256864943429093
-0.161221445002998	0.161766807385751
-0.0362309912245861	0.0347541248149889
-0.0958426089449885	0.0817555793818312
-0.442407007947923	0.497879459900518
-0.126707933399398	0.119274178828306
-0.171309216286259	0.138263400531694
-0.273868582659211	0.233010920711876
0.0558135643979645	0.0417341312748881
-0.19553997174235	0.142444890195502
-0.408624518620302	0.337839065752263
-0.26946840680551	0.363868223360884
-0.232244748448614	0.283913788104226
-0.510427039938453	0.768649298646316
-0.0980384721802789	0.112605385059453
-0.112350277963785	0.132968353039506
-0.079424411875371	0.0601228543186757
-0.254520221088198	0.326687116755561
-0.422666919425268	0.562267768869973
-0.616600721808834	1.22857978326119
-0.168762726363718	0.20109747697951
-0.0244948246004587	0.0253784114527645
-0.0132987120831952	0.0119716110235562
-0.0164439733263618	0.0167161376324696
-0.132219070271805	0.148394199024927
-0.0299649677633689	0.0326170085909085
-0.375618934962651	0.531967674917894
-0.347031475157522	0.436839255888063
-0.17976525514858	0.204063985607253
-0.132419309084376	0.1347291634508
0.258993966124616	0.284110256427064
0.192471472745556	0.214994007387508
0.207286860938927	0.228678597873105
0.639416666872189	0.928680470911047
0.311753642776857	0.360187484990298
-0.195779632216012	0.212696451630258
-0.0932561545739094	0.102300865974309
-0.117795297093392	0.110515488663306
0.0758704367678702	0.0380662425560146
-0.158622228442522	0.0657723552968347
-0.532245318919628	0.502903356173996
0.600702720855077	0.809363559548463
0.726117342309132	1.06447694743485
0.0509231870168586	0.0476296032630257
0.00204523695761703	0.00192457185777132
-0.642611569222411	0.770744168815525
0.00221795231858815	0.00182339239957294
-0.197832413182849	0.159826957394259
-0.0271124448893378	0.022777358428376
-0.422107404856928	0.528929786082836
-1.34279328146591	0.636381725126633
-0.402530383845432	0.385347975813029
-0.535466026235133	0.799868815887155
-0.328070276742274	0.332201922448355
-0.415405936987042	0.446257782751174
-0.864543582412817	0.569506942291681
-0.0598380148172304	0.0417642881683434
-0.101798208118468	0.0970210692265533
-0.633559085618237	0.758762145015694
-0.149493743813802	0.186263088300696
-0.290098788067711	0.370296653893541
-0.0483945280609792	0.0550956094706175
-0.474069765293998	0.589288808547344
-0.1067466992495	0.0704877695215305
-0.635757812199287	0.75264275513675
-0.440269391438242	0.488657381703961
-0.861341984142642	1.74293736500061
0.262275820660771	0.371050756927299
0.358087628227291	0.486741538779523
0.171428360900578	0.197050274753919
0.200586405757182	0.233047860746521
0.56031934489498	0.866513051490411
0.0170084802230256	0.0154254732068481
-0.22770822758936	0.280054377578477
-0.134149854310112	0.155159605749603
-0.231339442877415	0.318227201941989
-0.910061195388627	1.48530874537233
0.397790854580336	0.506796790422779
-0.337039777942105	0.519198575537956
0.252279430675058	0.314482555300082
-0.295600051905084	0.300640090294971
-0.0552988151743548	0.0496898873818697
-0.182320968387813	0.204500285828994
-0.40598495747273	0.477475081046775
-0.427926402716027	0.506411025114583
-0.603220160318887	0.825037879437622
-0.033657062015029	0.0310642711314803
-0.67255463965979	0.924023105448196
-0.11918753003181	0.100550855890365
-0.0178634592901356	0.0131070757887014
-0.373608937751538	0.388627945633398
-0.318636119610946	0.159150078578436
-0.485939976692888	0.449635580345616
0.401799977140319	0.424577417386254
0.425427635850667	0.513209299479524
0.142586109462935	0.120735222459557
-0.155872353702934	0.137115269294911
-1.12904426510253	1.19884456137674
0.0463576503723521	0.0456620220133909
-0.447368335445203	0.58798220560364
-0.794433508768112	1.16181869453888
0.746424956457609	1.3117054669516
-0.230593111238278	0.31156025259797
-0.448022901887979	0.574710148168456
-0.309234809797097	0.286714624209556
-0.284585702512941	0.260997988540139
-0.133533199344857	0.141654905154991
-0.352393388162895	0.490546458709367
0.172399451616929	0.230741839143092
0.366820865457281	0.542938982519705
-0.0945860075918683	0.105354231540335
0.550631095692773	0.782051422683734
0.159334240159115	0.161563590373487
-0.281658740342006	0.363674183663743
-0.0324838262560009	0.032602171746336
-0.26906198027748	0.302325776983493
-0.675446970416354	1.12506942846345
-0.19680100401529	0.236924881043969
0.163504164263224	0.1737446811308
-0.311262157241818	0.398817848303581
-0.0923506095918528	0.0970616422761017
-0.120391069297975	0.0980768641587024
-0.361967501688105	0.409243413646112
0.143002424229185	0.123953820679686
0.282096055185709	0.262359502461921
-0.54018865124327	0.489104531332897
-0.592949993672207	0.232192743544351
-0.85704416003863	0.486583500103516
0.212842295513069	0.190760122281662
0.766923392154657	1.08690524245434
0.0104841949080871	0.00767244605033081
0.280434461478056	0.310624705225819
-0.364343382730962	0.388895169980441
-0.101532906542712	0.0778590821049948
-0.741737857278108	1.19100058403537
-0.0846663123949364	0.0891278275927513
-0.266598724937129	0.374208352747442
-0.568719034941424	0.840582750888987
-0.21180354698701	0.206798365337717
-0.192660388826173	0.226490316685812
-0.432928164041161	0.65744504938225
-0.943927007299462	1.89578096071326
-0.350535364901978	0.487035830895073
0.104862812972693	0.103539281484072
0.414536165121416	0.575304862275988
-0.0902063543501101	0.0945510871571294
-0.238688372023869	0.291571049598814
-0.476995805050565	0.619609505628886
0.534226787234195	0.942709601081061
0.027171457797223	0.0263414172978312
-0.258763090788922	0.305227790177139
-0.326873294236108	0.432095679037606
-0.393389863039243	0.492443555360492
-0.245313772597557	0.214216710763493
0.206975198137618	0.213673933471575
-0.412648642031917	0.426163630893267
-0.215916778536041	0.192941744826231
0.139040850600855	0.114113021649821
-0.70629926531709	0.748337399363923
0.259822245850144	0.137214909809034
-0.0814787760817737	0.0421388385899874
-0.381916019926087	0.373396661782323
0.630641946697078	0.752408192151073
-0.300491560180954	0.307284995312011
0.0330078413500278	0.0274986132550762
0.60087722633209	0.742517009885835
-0.368890710063894	0.310327886548142
-0.0133634038575962	0.0125982149028801
-0.626739837315468	0.72718911870306
-0.409026566132709	0.340226976612422
-0.0434632033968448	0.0302160283319063
-0.535982673823279	0.80768823277099
-0.726516467502484	1.00648538412102
-0.222761169270719	0.218563995729388
-0.258181901984515	0.24064055753685
-0.550506958812837	0.800340686564667
-0.0690171651047012	0.0734455602609169
-0.255696098151234	0.380205845802618
-0.70470604007607	1.32871089617622
-1.01485425015116	1.82093671732289
-0.378771528330253	0.522713846292241
-0.0503144555797569	0.0534122001641949
-0.407457547238605	0.576075610150276
-0.295425696001531	0.374946839665391
0.164134501958009	0.196757673089274
0.265200298104933	0.329812625596928
-0.167832001682466	0.185656830806051
-0.107207150732027	0.116489394671934
-0.263139390714103	0.296628004971241
-0.459563852488136	0.492762651207141
0.257329529572785	0.256373739723586
0.397059262844467	0.445135401910016
0.205932332326304	0.174905606928758
-0.0425593151794576	0.0236814754374037
-0.857776848124829	0.490843937842596
0.542028693838317	0.271660634219769
-0.0376393395060475	0.0216718299905252
-0.0891092987998687	0.0696096623930094
0.386289991799737	0.438764490891193
0.744925411429859	0.991774983304884
-0.105293148825167	0.0810602259532267
0.541607050222053	0.472352957949666
-0.160324493447031	0.147540130265058
-0.1524430027978	0.138816079120517
0.0194087277107164	0.0130495752382714
-0.275136094747955	0.143458567328008
-0.121059382240059	0.102968289116473
-0.296012699907835	0.251693016108958
-0.135483136478823	0.113508309173097
-0.0574814030361788	0.0558141031813006
-0.23037979216255	0.221916958156504
-0.2064322077316	0.218799334405592
0.0965710004354762	0.0863520325850383
-0.30863951525948	0.349923455974715
-0.0716965867868811	0.0697684819342639
-0.166430334917485	0.15124869044125
0.108011470167855	0.104520145487893
-0.0988731012770213	0.0843511683896115
0.364968531412243	0.355697950586192
-0.335725103758855	0.372488472418638
-0.254684236825513	0.259787213933457
-0.698282049528168	0.717234664602985
-0.54105208675448	0.375779163225268
-0.503296582079885	0.384613074024519
-0.538206316132015	0.36272354790745
0.757833354638919	0.32456687202062
-0.217736086909791	0.0824792913188234
0.54742959294559	0.27718282282581
-0.408244933172425	0.339801436140668
-0.131139682821281	0.0846543212882777
-0.683520394117437	0.564718338419846
0.916572686244723	0.930060093409064
-0.684615437884925	0.559136292025033
0.341497113391631	0.251223413308818
-0.691125030249657	0.632709171089172
-0.598176279289084	0.156621954029165
0.0926251577823884	0.0316587306583375
-0.715648262565063	0.435851643172163
-0.547167171008297	0.36907930947814
-0.0692843519173107	0.0372183050864149
-0.409776070115387	0.333751634952671
-0.701136772246518	0.628905509400873
-0.716057420106415	0.739215958254997
-0.575702523863105	0.698931975237561
-0.143185845958803	0.106750187583771
-0.307854287498388	0.20226906242616
-0.593531304648825	0.615448954641263
-0.27818867066691	0.26241177467151
0.424373801082829	0.428554089007924
-0.162856616135665	0.115641157728642
0.00440301012304942	0.00326003315088914
-0.23029560077698	0.205116323696717
0.711581055274063	0.616585276067359
1.44339224848535	2.12728963058738
-0.340613841622298	0.31184477155022
-0.441641857471056	0.574412168872138
-0.26760537947598	0.252943640348971
-0.836137922732355	0.379627132974158
-0.306161157415437	0.200124692564204
0.296975889964147	0.26367924693449
0.416865025516591	0.494413928878864
0.668601573202918	0.869601249266317
0.147920355022759	0.143319410249119
0.0146855236947969	0.0119661636255048
-0.468611515739643	0.485794444497237
0.266631630672518	0.260689707681422
0.0745951635528496	0.0606290006124887
-0.666311644189851	0.85453663608789
0.293645597782305	0.257286859261188
-0.759569683154504	0.521366772324915
-0.412287732196456	0.543449624856969
-0.141237440333452	0.13133835241847
0.0793920012538916	0.0772356202300547
-0.320045036440507	0.319883774577436
-0.383041970566818	0.48254835386938
-0.265324763893235	0.287671168051684
0.0733458592032443	0.0608979322766347
-0.626744058703264	0.842635817415541
-0.0466511745207228	0.0378739802704259
-0.230297902332395	0.239057239886271
-0.320401384823489	0.407920956321561
0.747736265769249	1.2283657635203
0.212966610550493	0.24370609777776
0.423530303662575	0.527156923575267
-0.359070742213547	0.470811227239234
0.623075514352253	0.910559503586236
0.271921387481951	0.296567129868517
-0.584658819365454	0.746705965893109
-0.454266817670574	0.371080127705082
-0.994419875734818	1.34089458891918
-0.282596979174866	0.289320817914434
0.889148828175459	1.69856813880971
0.155571849057908	0.155250365592128
-0.0836090655605834	0.0763622244145585
-0.0193871465577944	0.0187407428028701
-0.416429063008899	0.515936780597858
0.0426781947999427	0.0369594061668199
0.157477521740092	0.12851882718787
-0.0534612884978398	0.0490470364511733
-0.439213845254989	0.45768718920965
-0.43908333937195	0.492417680453285
-1.02656758560481	1.85036914418852
-0.483011834127099	0.594960865523566
-0.169187266559729	0.153038217808001
-0.328901108467537	0.329895847071625
-0.0879859261264545	0.076804291286182
0.0870878090970971	0.0744391316301307
0.0646465583312685	0.0602505423152807
-0.597359518083245	0.83918566032217
-0.0852529956285784	0.0816167798459736
-0.260990947934977	0.293058721896836
-0.300559124065735	0.356248822774124
-0.136087233750594	0.11202303300941
-0.407693544211589	0.603000696769498
0.262434605276792	0.279468505017423
-0.0029039316815839	0.00251332594087746
-0.186536278431425	0.193966436151019
-0.362795743094686	0.38712396762768
0.0737835032205737	0.0723764863023934
0.729839588159514	1.20627096255287
0.427745217054273	0.530523522694713
-0.258266978675748	0.283931234312452
-0.0216431062511742	0.0182168951148549
-0.237558489586976	0.223003819298169
0.0333960070476635	0.0279965323522876
-0.435509128671897	0.439632424827281
0.209080045562825	0.167635331657476
-0.398122323770028	0.47327239797747
0.198120403299445	0.199315731552609
-0.949871210852329	1.15183211169284
-0.846027803970878	1.179529751095
0.775411666507622	0.870281884711195
-0.91065150218056	1.06018338070095
-0.115729438688143	0.100293263146424
-0.130171469797247	0.12051851181134
0.0173362630548589	0.0132431738331889
-0.267887776019116	0.221962060052518
-0.732377673199234	0.91358432988432
0.266881691290205	0.268916489474862
0.669427198431431	0.853282510677119
0.0427317253252655	0.0388474762048535
0.0603036017474614	0.0454103532154206
-0.45588907256736	0.534428099771827
-0.264486012803902	0.285777074352295
0.740182929456597	1.04722257766663
0.304427050529283	0.329470867556681
-0.19601040222048	0.193673915200952
0.746781818195428	1.26812352062833
-0.10252371301796	0.097084393722163
0.52119247028835	0.648325200320487
-0.238343181416567	0.2656642501074
0.256102969342243	0.265830916062408
0.0463068754033756	0.033572977086859
0.136626909346413	0.115509379744793
-0.5743887336216	0.728995488940509
-0.12060113835592	0.121222031888546
-0.131150675758663	0.109969692957133
-0.370532804026246	0.429581422540978
0.948933498488181	1.93178050674158
-0.656607835421829	1.23876576824625
-0.107404328808922	0.105533807348756
-0.282986691364452	0.343944263834716
0.293616355082413	0.389850372310417
0.421051894558439	0.519293044446812
0.098888363832325	0.0910083888404037
0.161784300560044	0.17095163373478
-0.0557666397660779	0.054228897945139
-0.168817818505895	0.190051389115958
-0.245622463468222	0.273531288007836
-0.27869080143488	0.321228573478026
-0.183489789220335	0.16654930471199
0.145789418208686	0.133625607513662
0.132600584343642	0.109478303152373
-0.155040219275571	0.142919864055402
-0.300680690067054	0.253454410286644
-0.131661595794697	0.113476239064811
-0.333835453569586	0.399952959859077
0.0303778777146776	0.0292288754708625
-0.437238288822869	0.533023398799007
0.019957842251933	0.0184338204386926
-0.124873138891441	0.124144786304806
0.0977002303974209	0.0953627128761683
-0.0529967579981244	0.052236208640021
0.0887471223990821	0.0845097365023598
0.32077812839206	0.339888986509189
-0.130086376663885	0.123978211870933
0.434402791991601	0.447433323540889
-0.924545079453326	1.36463171645153
0.108176970338259	0.106178473378313
-0.127693799161166	0.0576857157488228
0.125864706667876	0.0965501266505853
-0.402565545146584	0.441312179551021
0.40649427991663	0.40637286403694
-0.533253656638052	0.768470994209406
-0.797141446608404	1.22312670930673
0.529317585970534	0.482908358920786
0.590520506109292	0.807154451231047
-0.0431428027921443	0.0353125138754068
0.502713186354774	0.558261035211768
-0.0842383067277402	0.0656964690634485
0.415745770612905	0.363133695377569
-0.130387991240231	0.0857107827447842
0.402208500468297	0.356785071171724
0.027065084319686	0.0228057879596407
-0.409714521894552	0.37442202382305
-1.12208791508867	1.41309012464438
-0.753272215005671	1.08895624931492
0.135535718601099	0.108866775866646
0.0925554063900241	0.0854682091537417
0.335403086798024	0.343248959358789
-0.7502126815203	1.05390196155877
-0.515908728000351	0.477487133576081
-0.316017861557996	0.338852776072894
-0.25523416950843	0.203495719900466
-0.0953578677104239	0.0625176226507574
0.270729058624348	0.296379776946833
-0.381538721823222	0.393261684547529
-0.165071051335025	0.164672898401269
-0.0505941462369481	0.0409753579159583
-0.297465452164806	0.36029005004332
-0.348650114566017	0.430921364488953
0.0907902272917307	0.0769772968956498
-0.241335591306774	0.20857193584575
-0.0184378520784431	0.0156342644248255
0.296617419567919	0.335786843152647
-0.0850263140620771	0.0739106401059261
-0.545910662879601	0.629600253877556
-0.35356557793843	0.231190054511926
-0.303792329405496	0.32978281698302
0.329311305032685	0.435712896807662
0.516729203649772	0.699078245263587
0.209488777304191	0.23426502506912
-0.235565975796807	0.308992445020809
-1.15016494797107	1.77562223507326
-0.0687093235712684	0.0647338598311876
0.250626103384919	0.306585599438816
0.46870112326849	0.535078592306733
0.54538571896017	0.641142093136408
-0.492991208540023	0.503994594612972
-0.105350896636347	0.0508868715363522
0.806661776384434	0.963590961710619
-0.259550898936313	0.299550681434597
-0.0271028635089184	0.0269910468676525
-0.13359863815583	0.133955755088937
-0.342212470272829	0.328269069594623
-0.199157694836955	0.245320021896111
-0.0395360544291593	0.0399373489271408
-0.478702860800318	0.666541747958202
-0.448076231289734	0.645773398309916
-0.539688638675	0.756239855171901
-0.859319290581637	0.877354668204007
-0.376947467224636	0.445468405190343
-0.184292957275402	0.166993660603369
0.0917304269298273	0.0868708810593019
0.112430415795219	0.0759806164920877
-0.191588335709784	0.187521366794443
-1.05962745224018	1.76292182365486
-0.314283803971161	0.402180485732883
-0.198028289454952	0.19189205769311
-0.356129790639472	0.427761500133276
-0.490565747384785	0.631511473287907
0.393090836277952	0.433597786224824
0.765928252480423	1.14852136256642
-0.358534056407068	0.442393839631242
-0.0842932524449847	0.0875412027202182
0.533736614004609	0.699239986494313
0.475902206144526	0.593955583110666
-0.0989545121786916	0.0765798114177275
-0.499084472510871	0.647626739224798
-0.349124609471622	0.355006903564703
-0.455772911489079	0.505224099546352
-0.36620073733201	0.465670048732303
-0.295281883076735	0.25453674351672
-0.492748500880719	0.439082830200732
0.249758603478672	0.271718139440964
0.398038175042606	0.526642174018804
0.133159159559483	0.141257913013104
0.0531006635833606	0.0555770084703212
0.504502893417731	0.771451964731011
-0.552090987158043	0.717675226269727
0.27241617008002	0.381325564846522
-0.465014204682891	0.681411517999885
-1.05082804778639	1.46437484088416
-0.128124099000842	0.126896122387214
0.480252873583394	0.463764572209124
-0.368875838297518	0.335989369073633
-0.687553436539008	0.908201094190254
-0.0529489519029492	0.0517210994439339
-0.637883482442163	0.917237733687674
-0.397338302770597	0.437550658709112
-0.672532046881853	0.975239390223624
-0.288383393414858	0.351971368458276
-0.476510372066426	0.550332248995466
-0.783322003402358	0.692303837732754
-0.0759017053753995	0.0861911597272605
-0.23569703638848	0.279769655254592
-0.655299751164932	1.02721364273971
-0.359954243468589	0.40990081727117
-0.077648782267174	0.0613651956174994
-0.742744312643148	0.86345153555527
0.117793547688596	0.0817088481876765
0.0771819497711958	0.062766465772517
-0.151559576866217	0.174816240532491
-0.449304754464041	0.405557468255538
0.104923811384761	0.102184787760214
-0.132781383922406	0.135870540417567
-0.117584326717638	0.0976846996849755
-0.099698975981499	0.0953113964384358
-0.243824204116302	0.26854689382032
-0.192013862538864	0.200317786864826
-0.0240198721343079	0.0203900427996838
-1.24723126908383	2.16877796641961
0.1637624124642	0.160594112062099
-0.796432424515999	1.1441849238117
0.265043535453011	0.27615657952815
0.204932218175397	0.207668446757633
0.853338359467415	1.34425397505701
0.161904988584097	0.151902132982515
-0.0539912164011603	0.0437548772594569
0.0650909164688684	0.0589472598058703
-0.498830314139306	0.551413497804374
-0.12582325882459	0.109265798550487
-0.373187363980941	0.440702304883552
-0.200644783795141	0.119761130324055
-0.768703977683433	0.60702836856942
-0.577409470248397	0.838097763345695
-0.427690590810338	0.625910724216542
0.544960798937991	0.865086064733172
1.03052281650504	1.88808318782352
0.245872011200545	0.304377884933361
0.104042557504361	0.0994842694540128
-0.0456009604462441	0.0452394164551703
0.347312219635151	0.426395306845119
0.10853682616762	0.110665612049547
0.118061548852317	0.121939875068646
0.387458928620571	0.446646384150281
-0.227097786271648	0.179296234247862
-0.0483306873037198	0.0428139413284482
-0.340080993364679	0.457180709985578
0.0289539767494991	0.0241511314428163
-0.460914347710967	0.476257349901826
-0.457696018908329	0.555761029861938
-0.307143242061672	0.312655022652538
-0.227258394776678	0.237421593407631
-0.775448597601933	0.979704995831015
-0.108876142459105	0.103279133940713
0.0951893612460636	0.102651913704431
-0.234752594037655	0.241820873240864
0.414701795181715	0.444960009391415
-0.0646992510286487	0.0453160178818238
0.502771765374087	0.774787699110139
-0.254142267405667	0.25282300952899
-0.249564125525526	0.257224763231233
-1.2467241614361	1.65021667355085
-0.596574490147805	0.710668988747857
-0.264429172193552	0.251604808985583
0.144324537559771	0.120127665357335
-0.18357183599742	0.165570402298646
-0.436412013794459	0.458287732018403
-0.0544150840393101	0.0380505157794597
-0.104337019748875	0.0786598165896164
-0.620018735028062	0.561955293934588
-0.445250307591207	0.402888386496847
-0.0160798749793019	0.0117624104883174
0.259187962512707	0.261868856808426
-0.0533300296649181	0.0480809280509056
-0.0470870102646456	0.0434234058920253
-0.139853507679575	0.130839724270442
-0.254622488912977	0.245358257392445
0.0960204900838474	0.0906113264586317
-0.257834921835115	0.286348614045742
0.154045008638503	0.152869007797232
-0.321542966955743	0.277601871868094
-0.144874494661419	0.144854642685979
-1.19585978762048	2.11891091912722
-0.140685041805049	0.130832522787942
0.450389735102333	0.526699835577046
-0.579053094660281	0.655992667306032
-0.0190613944444302	0.0158700389334675
-0.159214364654933	0.148133509675896
0.499808108183343	0.627787864910317
0.428594801434315	0.447149395948919
-0.141073836317783	0.119437512462975
-0.304278215721233	0.26335828667286
-0.0332445324325661	0.0279995025835129
-0.261273028430507	0.245369774568596
-0.220732424989076	0.177072861808273
-0.129010848009011	0.111329601323553
-0.178997285394682	0.147887320663329
0.073334352190202	0.0602050024811176
-0.276682716656389	0.505948486258339
-0.578085735927913	1.22618194761692
0.140467395606516	0.164119265065056
-0.260047581237246	0.302847679014359
-0.228940959867749	0.265870662544794
-0.130204128201786	0.135241431446035
0.0704122017547261	0.0656108717062033
0.3042298912537	0.58140276640869
0.513194510693101	0.690847942788227
-0.467487437051188	0.769583804421036
-0.0147823979836481	0.0188911879517182
-0.0882841207569795	0.0991655213786071
0.361615532132662	0.651769452609523
-0.0516903983342812	0.0686238108251627
0.095371522436868	0.141554800744026
0.681093110746139	1.03027251556922
-0.00453192780797026	0.00433123027261373
0.532919202405711	0.715477091830995
0.408041878716568	0.436502438059848
0.19890371371224	0.186357180586699
-0.666303174712387	1.07410074309214
-0.499015016418688	0.550616153113144
-0.35371307862668	0.573746015738154
-0.105912976709545	0.124077401819823
-0.01733890071827	0.0235395152240026
-0.0901871842058678	0.148877412425343
0.00333411466915689	0.00322479363003558
-0.570723268360448	0.613496925629633
-0.829925963033657	0.923187188941578
-0.458487012985403	0.364274750397381
-0.218405961882328	0.176435947981825
0.0332346528381822	0.0219743218981902
-0.844823722519734	0.840951338152062
-0.961394989669716	0.866624101931787
-0.691989704424238	0.638277363589176
-0.945517974157305	1.13282105379899
-0.231026938859318	0.185962099405889
-0.778018316338235	0.825497184108533
-0.257834412696246	0.243383698177612
-0.352588988713924	0.391563665975148
0.249667572838103	0.289674653580789
-0.387623531150674	0.582834794934086
-0.562105937590203	0.749114064432945
-0.323833785921742	0.250316529846939
-0.225336183667534	0.15707314359359
-0.939663588630775	0.960887326562277
0.340870566778359	0.262383704999523
-0.125302700510234	0.0565450089039792
-0.406355294898339	0.334522825765166
-0.794527023321508	0.864653636969802
-0.0766524889063605	0.0583627195692952
-0.308005074342749	0.434369022787386
-0.104947139427435	0.123578293851346
-0.110621359741031	0.153663576061937
-0.0454305061269811	0.0314785259348812
-0.060393603713817	0.0332319224938582
-0.169456311429008	0.141925193127367
-1.49160429987935	1.76571110416511
-1.05597152383148	1.54363126870434
-0.0171242692937144	0.0101515205969214
-0.509452433116679	0.386580576329481
-0.297894802077386	0.259323505106428
0.557607625546564	0.489682702193102
0.206283290495129	0.159658180169467
0.224394044637654	0.168848555695744
-0.17439734064619	0.145639584913032
0.0144127374050606	0.00958534606078539
-0.281457147141076	0.218148698325312
-0.639094970998731	0.631431162131785
0.657349783793891	0.791488098420183
0.585115734017116	0.574566591057108
-0.937115801827928	0.952023196358759
0.126765264393107	0.0886342001396646
-0.198144835620934	0.142058573534513
-0.304469151713334	0.25943840403835
-0.410683579994022	0.254977289900954
-0.780427861930063	0.917947289636165
0.739192704681209	0.719066734884391
-0.0916649282160727	0.0710415362870788
-0.0911646063494784	0.0951694590591691
-0.151416405312173	0.181847746272869
0.135847534445906	0.167629112579748
-0.267549284143433	0.363081228894711
-0.378136175312362	0.555778089679263
-0.0701040355557008	0.100106737904358
-0.00270354262639621	0.00256334911647281
0.0945476415240574	0.113091235287702
-0.305225862890874	0.49245586922901
-0.284085162665698	0.428048535509864
-0.120364925482469	0.171716727946083
-0.224316892269032	0.320431805525866
-0.138560430518247	0.196069089257388
-0.0877170487854498	0.0918806613666869
-0.170262753484043	0.20629000925904
0.00141241698096719	0.00145294155068455
0.0657854393137415	0.0646500218659634
-0.07588049595599	0.0605878537976023
-0.290265769501357	0.298773503836625
-0.836303499947593	0.993106743242812
-0.947423564936758	2.00581141781392
-0.212555174807802	0.269390683509365
-0.589028156580249	0.883937790916034
-0.174865749876837	0.290055437343686
-0.332744779680424	0.646386305179194
0.290276993248076	0.464406547622444
-0.560103590577332	0.716494094614402
-0.457222746575609	0.56922241549734
-0.24068519972073	0.23063518169587
-0.566398984594051	0.614280856511437
-0.661789757428963	0.7131237494687
0.269425287267627	0.258136749538106
-0.961318027693055	1.26788318149647
-1.26198289831394	1.88220251186318
-0.235464431509962	0.228041580304661
-0.245900937626948	0.271104619588824
0.0959205174591234	0.0873142054533952
0.0499534897791993	0.0482705061567988
0.0930800527736763	0.0941916415077965
-0.398136941203198	0.525376738201345
0.0187534766890848	0.0169687874319861
0.144500338474597	0.125732766965945
-0.122098646635069	0.092041382968718
-0.143887006242576	0.108276527243263
0.12907827345219	0.0912598745762228
0.213608641954558	0.174446243005985
-0.0862538928522402	0.0663918512188222
-0.440194047610692	0.42894647143966
-0.517443559947601	0.592281258649081
0.122209560828568	0.0896353608669013
-0.569341548435097	0.541536832672808
-0.091571816434027	0.0818905735610309
0.29688198028489	0.363951279504241
0.349855942278453	0.569072927109539
-0.0816987019153071	0.0970232589118932
-0.263916987333253	0.343141509591793
-0.684999296976797	1.09521206162557
0.100252061056333	0.12579643398203
-0.757288738651064	1.22185164792851
0.132105148535905	0.103926355952147
-0.900540999680062	1.24056852775228
-0.427475996216856	0.432859500918765
0.276659230455683	0.269632096222405
0.278793317087069	0.260569240856463
-0.158627196666071	0.132000639830923
0.0908775110200903	0.0782353558695079
0.00629068242136847	0.00505233357771364
-0.201045230991377	0.19884675090676
0.344263431217227	0.357423666035225
-0.720447234696414	1.07576902743822
0.441755906081266	0.522235413918628
-1.45360371754091	2.62035488357469
0.0588551849954581	0.0469518544112669
-0.147066944105164	0.137906709036912
-0.545181916374194	0.555572531269544
-1.5142520342025	2.23542406162373
-0.78224010111209	0.979286670336301
0.437073228410014	0.435294302811497
0.372105272692933	0.355462977165815
0.799374825679631	1.12464494258813
-1.48563642859429	2.72295274707527
0.347058223383134	0.257896282410941
-0.633045344292337	0.578691984154488
-0.406626446898795	0.324157167900692
-0.363899894732474	0.34785292518911
0.155296213086116	0.145142901015882
-0.167365472459901	0.124837913493794
-0.228078420735246	0.201474382034023
-0.125592783867641	0.109346825544719
0.135013404957014	0.10356178750399
-0.70119373906756	0.72415798175815
-0.0298494152971824	0.0216035949875266
0.553184438434162	0.483080080753021
-0.552038524427694	0.288841330852549
-0.535377751007973	0.348837029586617
-0.541855929145331	0.616436092795934
1.50202296242242	1.85376335358897
-0.155964970018855	0.0960001283818264
-0.184319684504126	0.130927348563022
-0.3667311630759	0.336115941733604
-0.840390548915441	0.876157002807927
-1.26902897518126	1.89731529312168
-1.19263816188613	1.90466146156039
1.26270577381717	1.24203539783164
-0.0379539695432681	0.021948580112208
0.0983178410515172	0.0600608881788776
-0.138802682645694	0.0603531962924367
0.361017894068041	0.339798252009769
-0.229062702202478	0.196058452891431
-0.565421724297668	0.535209870463658
-0.403447774484336	0.408941244463596
-1.63331460569145	2.10834639046975
-1.16485296322492	1.29064108707683
-0.640102913062097	0.636356545351844
-0.534730672387234	0.45745935313316
-0.366334185921528	0.271874777477768
0.333177715009003	0.259561052987149
-0.453416331503547	0.369426879630177
-1.27058305429897	1.28807970820703
-0.176849496270291	0.102410460856178
0.783263638083403	0.531821971034704
0.390057679449285	0.245301795816392
0.0783121883202071	0.0328749994226172
-0.163101957226471	0.0682939396668234
-0.123136928287975	0.054853794712412
-0.153511567854442	0.0956952180809211
-0.119152711934308	0.0529017182789049
-1.59098774219077	1.61391227464816
0.0836670529062476	0.0382467522925939
-1.17140420579954	1.13468388560835
0.525301875110138	0.359773004904214
-0.159341077250277	0.10201153722736
0.109225322257039	0.0725525274444436
-0.017291058851843	0.0100297094038782
0.320797058395778	0.257461328376807
-0.439397283892541	0.389130057851678
-0.131778051303634	0.101198561766206
0.0291047374435585	0.0192431515970252
-0.0861606774663405	0.0444854861141284
-0.000494029021214057	0.000281210668953319
-0.459558834232231	0.401612301111789
0.536614924466989	0.574960030338679
-0.238085185816337	0.202087410446733
-0.398114863809171	0.31770802163674
0.385746811364937	0.365924128714422
-0.5394561572929	0.359340200578005
0.528464181923876	0.36269395083555
0.490383572299818	0.355900265709019
-1.04904973991786	1.03444673798302
1.24240159860072	1.42358874962301
-0.558599549082474	0.503807755848826
-0.0180112902939456	0.0107225037271262
0.441055246730189	0.363871309724303
-0.360333196052595	0.29491991862937
-0.102089113476066	0.0684146252402911
-0.959432714706663	0.867881420876581
-0.855563747493614	0.893709909602985
-0.0981384223637394	0.0635422448035428
-0.281523589862026	0.221130709727812
-0.0195145279037152	0.0113157363694558
0.451402574424186	0.361507353397294
0.473935634257477	0.438697888549641
-0.610483077431387	0.656837866781197
-1.35180634423229	1.68667391684584
0.902017338714831	1.0180163162398
0.393915383442285	0.349264682868994
-0.664700663091561	0.332695685712501
1.02216981088951	0.724756303992328
-0.465055044929191	0.324332329144964
0.428135140349281	0.255112656978146
0.627410191904447	0.197875007571458
-0.26600545914351	0.148097837396142
0.727717150240775	0.410102890936358
-1.73981820308926	1.05219383253095
0.116156825626164	0.0329868805183624
-0.282007914306069	0.0948477685634914
-0.64474353145812	0.160333287038353
0.080556106507746	0.0372462622839266
-0.55003045065091	0.367615259625468
-0.867298476875743	0.594228073719015
-0.719536577652832	0.441529933453192
-0.263093001670167	0.140042571724929
-1.91333612126445	1.71216053035622
-1.18299214817466	1.14741202426142
-0.40988912999291	0.256699336568346
-1.05359478854386	1.01351069947189
-0.0983907637666828	0.0482120266270395
-0.67441473256222	0.342262346882217
0.623025141746867	0.281069478108936
-0.649051319689175	0.160567461280328
-1.79443594699253	0.43143762897576
-0.485399882330245	0.269369691008684
-0.306133827725715	0.157519573870327
-0.545280400041235	0.371869407586105
-0.399461360157953	0.275435883693295
-0.254767931725284	0.169847277456717
-0.55171978099652	0.286311630881947
0.0869175271777121	0.0430022723639534
-0.193867006894252	0.117950096902213
0.998997314498151	0.489408493021094
1.51771325302088	0.760893409682967
-0.772350591530586	0.280256041043971
0.109054653728321	0.0331112847711228
0.152997495098684	0.0306362187597192
-0.773264368337915	0.275951766386509
0.13912064242242	0.0351082493440485
0.328335368437773	0.147007145069825
-0.578412707141376	0.233277715170236
0.0845622711454539	0.0391664467861784
0.625733719979546	0.294908739994208
0.437493287628855	0.256982721514195
-0.206792887682984	0.0784377659698654
0.329096742755461	0.147533592108695
-0.261155741083248	0.144370632916218
-1.66584722846218	1.24711219641158
2.68629844600583	1.67446514340928
0.112448687551915	0.0716203878404961
-0.681967930922146	0.558493410818334
-0.103256347346241	0.049729742017171
-1.33772826433764	0.630134410038475
1.01746498400196	0.609339045737746
0.227738889954607	0.137899021511495
1.39216699599673	0.861051268164628
-0.76730228109127	0.6316030820695
0.0819974754878418	0.0407024191140512
-0.190202429691743	0.138614983050519
-0.663148907685458	0.488621079007199
0.394620127755951	0.252210109583155
-0.208513259598037	0.0790484021937907
0.119830541428934	0.0801340253153485
0.326947974199175	0.2617081514699
-1.03992899942303	0.532519085075892
0.0840635052666861	0.0424130167604634
0.472934758482951	0.259332369542762
-1.23223574907154	1.07078474274148
-1.33888051113696	1.36974781371893
-0.0592019621874228	0.0329881812945181
0.423003076263291	0.250248632199741
0.49416336167179	0.361043825195774
-0.124989341838286	0.0561480852967316
-0.477754450239823	0.278112922889074
-0.158655679377994	0.0666309344309884
0.251556445245811	0.141990318506314
-0.0622259583931275	0.0339709325978737
0.0864555796953596	0.0492398576861583
0.113407387611224	0.0767874385634174
-0.0819452141286242	0.0423514328289928
-1.16364660284969	0.361708993807529
0.995310091960364	0.373632039110629
1.71972813433822	1.00175727491511
0.105902151098643	0.0309018853311343
-0.380871402309136	0.110240187021057
-0.153832970123971	0.0625484721147502
-0.588721480228847	0.232740234507359
-0.383639697125327	0.115605960560422
0.994208025452782	0.4734367872132
-3.47139652358344	1.25630655783067
-0.674039948019984	0.341266546434622
0.767107848296269	0.320630992133186
-0.16870918895059	0.0700443009593256
1.39075531219204	0.862129674858598
0.429225613385285	0.249464758060349
-0.235700766617809	0.133204470996308
-0.365212754296725	0.170054748916539
-0.85328741560397	0.478593365730264
-0.863095695875806	0.742961026866997
0.296639943108476	0.146678685268268
-1.72694893737019	0.95845347299293
-1.33626946830096	0.649794633393932
0.0835667397982208	0.0322440496474922
0.152327357171114	0.0306528579659354
-1.79013332416873	0.436860451051026
0.328805737822418	0.14765683136076
-1.01174667917938	0.635003520255172
-0.625094178874558	0.406717729392523
-0.720268681634259	0.435200893809322
0.539666369375441	0.274708990471623
-0.556724438996254	0.300209174683699
0.62863464624452	0.200390435746801
-0.583323048454341	0.233194516077566
-0.367130463506222	0.16590367001462
0.101967829300583	0.0291645032964274
-1.17002841118267	0.356871080518204
0.621107439307688	0.277188428373083
0.629529247752952	0.200512290479624
-3.09004997319051	0.995518691449303
-0.644456791948872	0.160363538964562
-0.649767950105499	0.161285975344674
-1.55782169733685	0.571216275044972
-0.272694404070429	0.0915304967469286
-0.162760612299736	0.0678653164942103
2.68699345072855	1.6632608386294
0.0820217427008378	0.0350456202682326
-0.312911110076078	0.153783209868397
0.472295385440984	0.263063852579589
-0.168038035683699	0.0669238035881676
-0.469757986711341	0.196781230340335
-0.276968331752119	0.0954928895497568
-0.459598992085079	0.201607137258025
-1.16404054379232	0.353995090957223
-0.768964640702391	0.27316634429821
0.992420133138825	0.376460560386766
-1.03618414955247	0.514684657897847
-0.850799829436547	0.470247626050387
-0.454943621345813	0.200866296106256
0.0828335110631165	0.0351464658860409
1.26966205348104	0.546553920045815
0.725123631530746	0.427318967428229
0.573062225740482	0.389823437502273
-0.314456751465	0.16062281134841
-0.0622259583931275	0.0339709325978737
-0.861962673054072	0.569405449407655
1.42883364283079	0.478004862123992
0.839930188363553	0.438301886540134
-0.383639697125327	0.115605960560422
0.0882398666923994	0.0441022769642899
-1.33283438421049	0.629076872073502
0.624443002209963	0.292918897783287
-0.208827782648629	0.0784625307873219
0.303260301106384	0.142877031883195
0.0767259316111445	0.0296447947911614
-0.119466026213266	0.0533231359468571
0.0876427850306642	0.0337995574491269
1.20751897209175	0.655196293387681
0.472586070736308	0.258361359755959
-0.221834949478298	0.0820644514216619
-0.833270333717784	0.384984139642618
-0.98402812999954	0.83914318141578
-0.372977229971878	0.179173968202844
-3.7748046772412	1.51892133064523
-0.38428636926441	0.113633408755272
0.545583578305113	0.276657101383866
0.758754472188363	0.328282494069353
-0.772350591530586	0.280256041043971
0.088959810467476	0.0304843186744052
-0.0555476877584434	0.0304419788570055
-0.274358857989947	0.0895691528269659
0.093346904336485	0.0414397031375745
-0.870709915141948	0.587482919908645
-0.369193439117716	0.176283203477454
-0.260484649691716	0.143916885592012
-0.656173472279092	0.492654190189153
-0.314761919858195	0.162600073699564
-0.563010387804558	0.303891339574747
-0.722765588147223	0.431246626253826
1.06544556113899	1.00936468815646
-1.02597261870367	0.635461684788223
0.078759199346907	0.02606167555928
0.623109079862364	0.193957169452223
-0.27300639141227	0.0935031672668972
0.990896508844893	0.378080253566619
-1.16473395833851	0.355563580639383
-0.212475147333232	0.0812277568732332
-0.374418946651858	0.176584981915428
-0.716390536343055	0.434669383702834
-0.0555476877584434	0.0304419788570055
-0.776810871367454	0.625543683545406
-0.671144119065389	0.316573993470042
0.0804579309068403	0.042677488691837
-2.18154852380012	1.69992344190686
0.0796705072081174	0.0406417761999771
-0.356052293816662	0.224034649555784
-0.16870918895059	0.0700443009593256
-0.833241338691617	0.38121215761305
0.135466503823865	0.0344111852929926
-1.16453750470596	0.363272673512163
0.460495731803602	0.161565700522575
0.470889161708789	0.169836560265533
0.0823470963536182	0.0351274592162041
-0.075627347505681	0.0393531302056472
0.0883979150676874	0.0304175841008149
0.0976358504281902	0.05642118574047
-0.75574291116849	0.535610241056175
-0.828950595949467	0.365040208804562
-0.578759102422688	0.228355777354134
-0.287711529004147	0.0945345415623332
0.632043785754833	0.197127918381344
-0.72490083405711	0.44108895500581
-0.626310424870001	0.405371488926813
-0.674039948019984	0.341266546434622
0.285516172503229	0.135430314678433
0.398515703290463	0.2544337376037
-0.870374017535084	0.665098116000323
-0.234036654884351	0.134517012601619
0.537089991522186	0.277797196905933
0.723790531764296	0.41662028428003
-1.0000204068006	0.731029382944713
0.0825049214426699	0.0348955431505002
1.1797358619189	0.785291658821058
0.332097181191738	0.144904546427414
0.834190947882805	0.447291625950574
0.918632988015656	0.716812584776378
-0.157905730498342	0.0656812629520875
-1.04403826860932	0.55191295655363
0.0747518451778011	0.0333942404677869
0.243804959070292	0.13558177810506
0.546224089493101	0.275909626993528
0.287977130252244	0.139591024934745
0.328469325862386	0.147360449610908
-0.106397599442723	0.0517029558866747
-0.384037309645471	0.113617265211299
-0.128009807984601	0.0577806422002235
-0.276350796827927	0.0951215727245618
-2.69615387324926	1.63184968920906
-2.11713679983178	0.995564270245838
-0.641021202049056	0.160321009867905
0.136149928119394	0.0351567872193512
-1.86334011401676	0.787747470899316
-0.213354390104792	0.0807157515791749
-0.373966788903694	0.178152851642053
-0.317280171471102	0.161973340329254
-1.22445831448315	0.701410722615812
-0.675883156767177	0.337286547030529
-0.372513912298309	0.17827947080084
-0.588716978627176	0.233316036902475
-0.267936753814018	0.146936390034772
0.885683974274336	0.573141269520606
1.42332574691369	0.467877289967297
1.9678346675076	0.511732460330704
0.632942498699066	0.204573630547874
0.0808541519283921	0.0379414885634172
-0.136482760725909	0.0602553530052665
-2.05412084746004	1.45728183020936
-0.554929327428609	0.272387314097738
0.240370984136106	0.133632859147398
0.416794045938565	0.23614980665057
0.0913860841651661	0.0341794882922922
-0.209775775131907	0.0779670441185157
-1.89866154998607	1.20871024474908
1.51439214854879	0.764039566779482
-0.83712134396182	0.388063828423964
-0.384037309645471	0.113617265211299
-0.127822153817598	0.0585305755879501
0.0873688589711267	0.0298482305140485
0.136348268602553	0.0345664085091249
0.633587708911691	0.201494267434819
-1.79013283872263	0.436855011092279
-0.376932703288508	0.107372891898045
-0.374026084668496	0.178272203293998
2.5101778019878	1.38360210438979
1.0024656390348	0.489888504256941
-0.169182481647026	0.0683431040804865
-0.828278040451106	0.372340614750854
1.42495176944544	0.478712624316164
-0.557278848207415	0.287776487209465
-0.308913618019181	0.158967578549879
-1.16364660284969	0.361708993807529
-0.162728764443685	0.0680037705102754
0.384973889719447	0.154032649150695
-1.08739744428154	0.458946386739459
-1.40134387587471	0.870293791848359
-0.215703836715743	0.0815812364708993
0.547348911218857	0.27665216625518
-0.275683290615541	0.0927851084412842
-0.166900380236247	0.0696426034179527
-0.371392826804669	0.175456426623547
0.0863619055554149	0.0402467437305863
0.291955895722495	0.142576837668096
0.629800111350759	0.300925411916508
0.138920339964302	0.0344276615792457
1.02189459264746	0.624503989974939
0.333241704961113	0.150719802797407
-0.383256891701389	0.177932958221644
-0.0978783200896295	0.047265811706246
-0.162458044928428	0.0677291621589011
-0.832920613500887	0.38866631421219
0.376767158413183	0.152558557205109
0.82928581035401	0.438844242156347
-0.480521571701643	0.277138521860481
0.465871682100978	0.17006053637181
0.244085326244729	0.136000949752562
0.0796051950079049	0.0304788708847725
-0.837443908675738	0.366808168875595
1.90954075287657	1.12895602309252
0.0714891045530502	0.0322819694073584
-0.217383352839178	0.0827133358294438
0.988133324575445	0.375534745120507
1.18367880724318	0.78282016946536
-0.167363328909649	0.067755647278357
0.083357926668356	0.028685655847563
-0.670684181118043	0.338798891168024
-0.20955475415481	0.0760913897032837
-0.772650360071768	0.28161086287881
-1.55236030615962	0.574010823700963
-1.23270853965051	0.731122393318128
-2.41915825429199	2.86092411466746
-0.122581926664903	0.0556648589288718
-0.754411595173391	0.541153160694138
0.0879595589957336	0.0297755695383719
-0.458690618232096	0.203598758665892
2.06430082452544	0.915057560495799
1.27135530554712	0.559737505157006
-0.540390207141738	0.373373397603889
-0.487743188927399	0.270134223170241
-0.65946962826183	0.500857445392101
0.352631708960244	0.248979433237941
-0.280782410361196	0.142544058645825
0.0867827212572464	0.0360088029373152
-0.228673687844082	0.132526541275401
0.532254789102073	0.378422467944719
0.710170874145067	0.527963194682935
0.429218833097879	0.260231018061992
-0.129156917308171	0.0578424686126091
-0.210792313757809	0.0804245351591699
-0.167240447863652	0.0694601207592574
0.0795765132210334	0.0302144092689773
-0.669557193785849	0.334301799414462
0.136348268602553	0.0345664085091249
-0.276968331752119	0.0954928895497568
0.138920339964302	0.0344276615792457
-0.77954302106598	0.27103624872834
-0.382742830406048	0.112824490517523
0.108446269847057	0.0323633029758956
-1.55633392437669	0.829829145976517
0.0868746881323736	0.0370475668735685
-1.02532421782773	0.62855924284721
-0.85445777002225	0.481748344573712
-0.480521571701643	0.277138521860481
-2.0496947067119	1.49790217072089
-0.748032438319828	0.531982225265264
-0.684213037622967	0.320300381335247
-0.169564203082311	0.0674265481599169
-0.206830732037415	0.0775386295890829
-0.999989308645221	0.705748411519103
-0.377426187814367	0.17596597285124
0.63936528603221	0.401588021495178
0.0836786315197727	0.0383097885490769
-0.478451235668823	0.329544133971331
0.566459901552096	0.356429036253144
-0.46473639298569	0.200081495769115
0.373338057359672	0.251404000211204
0.770191483085641	0.486088245723621
-0.374436930372939	0.180338687489996
1.17284099746025	0.752835839000809
1.15371256311544	1.04671140248983
0.831086415323925	0.441460047451927
0.231187937572628	0.149837427329205
0.834797077780245	0.450073896007232
0.296639943108476	0.146678685268268
-0.101383360804757	0.0501388292295927
0.474538703131417	0.262123821064352
-0.383750645811862	0.172340792711335
0.10276067864947	0.0301450140139325
-1.8689110220125	0.789430489852196
-0.561437788048734	0.306902138438968
-0.208161679566064	0.0794771705519718
-1.04298062376915	0.547548917531906
1.02365064239141	0.615821705606244
1.52139208991315	0.726766494812154
-1.04974261959388	0.542565652173964
-1.16434110968712	0.363365772413315
-0.643879934910744	0.162803684869529
-0.308913618019181	0.158967578549879
0.230761212590674	0.140496701121571
0.699463361232514	0.499618679009835
-0.37410664187599	0.180212603095466
0.136348268602553	0.0345664085091249
0.152245447049464	0.0306318775241434
1.02177204480164	0.596725260104947
-0.664242767251555	0.493562263626281
0.297791342333516	0.145504079154877
-0.157255281563106	0.0616452348842155
-0.18234178379373	0.110371968818956
0.707212711698319	0.513035002154817
-0.578758516342701	0.233299378172666
-0.881203887391168	0.67767175989829
0.0825049214426699	0.0348955431505002
-1.89489664086625	1.21264184497991
-0.757656944737922	0.537514695720633
1.03645828616584	0.75082286008794
-0.268985496050948	0.149088724262485
2.50317320485773	1.40766053579705
-1.33703637811218	0.625716408408238
0.083357926668356	0.028685655847563
1.42033165167489	0.468301512909383
0.136348268602553	0.0345664085091249
-1.16344972055374	0.35414352126096
-0.286774310276314	0.0932273390302817
0.0969854026339712	0.0317965505181901
0.478563264509384	0.170030268997322
-3.09018995116874	0.995203765786597
0.629278137711488	0.2046467358426
0.0863348973201519	0.0388041496067954
-0.832765358914469	0.382505364458927
0.0922848250712378	0.0317343977473862
0.0962980542646246	0.0319398700444795
-0.371057804648902	0.172126331864214
-1.73213003823381	1.01063764959145
-1.16384354392211	0.36161718506419
-1.08263707855051	0.447197086935021
-2.132759701942	0.983210138834675
-0.588370136645154	0.232293138182038
-0.674789632428174	0.341311741024271
-1.04728111999486	0.537284701128922
-0.863347414051152	0.477359177871917
-0.556416809339708	0.303919359870294
-0.0839806610931216	0.0437369258555532
-0.460679875020255	0.20181932706116
0.0772610734949496	0.0327314863558039
-0.186505772058259	0.113450645449291
1.55765557867678	1.08881738538828
-0.582674260949621	0.234642580730122
-0.158655679377994	0.0666309344309884
-2.9751050122559	2.2214010454713
0.249813056979589	0.122847699799593
-0.258341590081426	0.13990114751742
-0.21768921146648	0.0802108035686916
-0.582592318833542	0.237008278804709
1.78487577131659	0.704427758092284
-0.57910472216786	0.229984707647106
0.136348268602553	0.0345664085091249
-0.416976031072142	0.252974571464015
-0.773264368337915	0.275951766386509
-1.67823802746231	1.29102804513977
-1.16718689768763	0.812538038294363
-0.309347584797486	0.158123697253341
-1.02136156803259	0.632909130159949
0.135466503823865	0.0344111852929926
-1.79013283872263	0.436855011092279
2.06786975472608	0.925393678443079
-0.828597320987965	0.383052543272839
0.433117206138568	0.368731999197453
-0.747737989867096	0.529041328998955
-0.583209345390761	0.457894708418003
0.265803864991659	0.138351282516924
0.46650969128214	0.169259172983608
-0.264664592900945	0.147915792278963
0.474253222653556	0.252319554978152
0.541952674764828	0.281920583128311
-1.55097469308713	0.819729576599867
-0.582592318833542	0.237008278804709
-0.557459756070831	0.301112477323615
-0.837472488599265	0.390914936767186
0.332073022317852	0.140631241508519
0.5379185734231	0.27611373602271
0.471865965509997	0.172806906043131
-1.86330528682725	0.789872992595391
0.629278137711488	0.2046467358426
-0.276968331752119	0.0954928895497568
0.935793069652209	0.250460745833014
1.27759863398412	0.562869190073986
0.932074438006684	0.254855397135986
-0.578412707141376	0.233277715170236
0.881196657531316	0.563919539137916
1.71399269862865	0.962940179622132
1.00478934523008	0.501795998194173
-2.05530422657547	1.4438239834874
-0.264958873703887	0.149147873629137
-0.212296859388761	0.077582896859202
-1.05043943765348	1.05291701502312
-0.211106948679683	0.080523701675579
3.62365029802118	1.39439826637318
-0.478033760914504	0.170296394888973
-1.08230578831329	0.450656437505055
1.42426539945548	0.468351605034784
0.0860547566884954	0.035610004358155
-1.02252718729802	0.630906843822465
-0.995770928670506	0.733585391122022
-1.55533883153324	0.822390615658147
-1.08168152666549	0.460839725512664
-0.671338318697624	0.330727784951587
-0.870680171806162	0.592992640693597
0.763437485960316	0.328612410677434
-0.747694154357818	0.532252854880878
1.46087885306634	1.17785568777704
-0.450873006165459	0.188025268652174
-1.38611112933397	0.852822939575286
-0.269040974888907	0.148884563169252
1.89530239589108	1.17603465023606
-0.014482304702275	0.00822574402526936
-0.629557125455578	0.561523261988144
-1.55042203659435	0.847068703231414
-0.260861016268207	0.144315583531374
-0.616530907102518	0.396756838918861
-0.41777333962354	0.252561337716139
-0.316517114056734	0.24414579011665
0.222688318373851	0.152462190548876
0.220770802207309	0.148973534309505
-0.310007646116677	0.158279245811845
2.75784933360841	0.826749878187446
-0.771452973332279	0.692906602511488
-0.751558008208408	0.539793445100498
-1.03788917453078	1.30865244306299
-0.37685474191076	0.396228383872916
0.02866381007938	0.0185514563404477
-0.063622909547297	0.0442977487430811
0.0752305823689881	0.0629045743628552
-0.410111226907065	0.297716574625074
-0.359738869771351	0.26763255002245
0.048243431605437	0.0350085054639692
-0.272935610803836	0.185500250318345
-0.067998565954994	0.0368864732197315
-0.135516300488306	0.0869022791629876
-0.689743170607634	0.630144621506172
-0.576882558426018	0.446911976513733
-0.557576047294993	0.306384802500165
0.397011038495112	0.255207949641421
-0.272309316122986	0.148188390897458
-0.447460830742262	0.180802487233731
0.985667312434959	0.372367602153393
1.27463690345727	0.542349918495855
1.2095845318708	0.660800836022191
-1.23200878768609	0.703550529744609
-0.662056892989237	0.316938207603885
0.454213980584977	0.461236431970158
-0.230594025170549	0.135001001880692
-0.0427045192753688	0.0242152495320787
-0.23144203288702	0.183807350013738
-0.271376951745916	0.143725469483723
0.994865388235767	0.477744871334755
1.39337896554788	0.842343309281363
0.108973231995609	0.0700874212381009
-0.470947484199922	0.274371825599457
0.454031225427695	0.368022470519052
-0.488773845857804	0.411409082267485
-0.057124223218807	0.0316733679421046
-0.0784253426911849	0.0526489901871642
-1.11653238842221	0.895944931678559
-1.64845652247362	2.44096840578457
-0.577198149195768	0.430416340018088
-0.222894944778482	0.130453744731068
0.217166478291668	0.160347073980307
0.234059457324025	0.148467171971031
0.0843717022154024	0.0488947036278498
-0.771734217320257	0.666152246470388
-0.541770575836252	0.353402070108499
0.223349246689947	0.159638641632036
1.36135351655964	1.45214174614119
-0.190638374504891	0.118029077858889
-0.12481017129936	0.106858510076158
-0.310211681026276	0.327716762137207
-0.277902297695524	0.284312916090954
0.0768508917284402	0.0611471873599694
-0.295021122541632	0.2489910805149
-0.25334129524521	0.245445305766775
-0.294438314639875	0.290165859432631
0.50767853838689	0.604606061868822
1.11440646414387	1.47581470542408
0.887610691760027	0.810818128017628
1.03715144572423	0.855465576259616
-0.455181896076656	0.539810215678793
-0.507902128973472	0.588996552762315
-0.538547221098014	0.780407195859565
-0.623617870716349	0.929958498283126
-0.555666375083341	0.784959304816517
-0.433671575510161	0.594653138811445
-0.272765364210173	0.277069481266646
-0.0422194555716116	0.0302453689434554
0.272966812416972	0.28828458658458
-0.0286777184974778	0.02422060466641
-0.19188374621825	0.173780329995387
-0.268869244872403	0.268378669042132
-0.0134886545205708	0.00995432353215758
0.48580341772377	0.472669257236866
0.149858915638161	0.130807610651912
0.856411763264132	0.985048970192201
-0.688649611945924	0.558700339974365
-0.26147784426565	0.179001340161404
-0.100735302933865	0.0660138936972839
-0.0983296984850962	0.0479136460450148
0.526886487465041	0.381230989082168
0.287863958439946	0.140162629755783
-0.187848940261594	0.135728247154422
-0.576857552131878	0.537501888113502
0.0336475992523727	0.0222524064856155
-0.265573156694591	0.263122295297702
1.00873196811946	1.1261056991804
-0.286312907227149	0.265237527721495
-0.0974832992015411	0.0809679978281858
-0.724450115281335	0.909914001664298
0.109297750891077	0.102580762908949
0.279056076538875	0.25682005949708
-1.28914348650574	1.54635060785086
-0.19977106880023	0.162241689586682
0.0591056872965842	0.0455151013655665
-0.618825833537239	0.663133869647274
-0.344514905396082	0.36151771403799
-0.072104036601177	0.0624838578471696
0.151045302701727	0.137047307925573
-0.329332177974064	0.329500545781215
0.272614305392778	0.245430238768207
-0.6413563315137	0.763296357406655
-0.459801108058106	0.504817134333489
-0.0281125059430916	0.0228584928381545
-0.309972010556378	0.33112346289343
-0.858273364335621	0.969940184307041
0.766643283411978	0.926626592485997
-0.332623479228229	0.353466672746313
-0.587739755346045	0.660761453831507
-0.035847049175858	0.0251890229359595
0.292516744186993	0.271001802885366
-0.381898966335652	0.379710037784389
-0.13809963719763	0.115045782547533
0.22517453002982	0.159873752706071
0.0295557629405022	0.0241254216479593
-0.255136481686522	0.264545099920086
-0.153836674329365	0.128014390247525
-0.327602671096982	0.349746821818204
-0.170864912072483	0.155168388578084
-0.292181084027746	0.277481414857602
-0.559674844834554	0.949249610328333
-0.0569596066315606	0.0546518890346739
-0.176624038927456	0.14339907915283
-0.297639561502338	0.335136736585165
-0.210517907715316	0.247915219013199
-0.265906502620778	0.302017198085902
-0.638116451809755	0.824194010177204
-0.057187468402294	0.0564943421964805
-0.88771545390238	1.97342817536034
0.198943573261748	0.241097672755472
-0.557386437689249	1.00975767126869
0.212253190062207	0.202563677646432
-0.0549377183363624	0.0498713219921073
-0.218594822925697	0.209323499399076
0.0175511032689771	0.0111926644684122
0.274870179076019	0.391846369344346
0.109412906751256	0.128169026707743
-0.297261459280016	0.39009009725537
-0.0932425063907996	0.119130968639777
-0.627898915977956	1.12407509776249
-0.522458774778501	0.860160529209819
-0.465417604186574	0.739141122057589
-0.290702513187259	0.383397256490069
-0.0646472752007813	0.073243600004363
0.260578142222362	0.290001209017114
-0.351548749141828	0.399129983955324
0.165637612948415	0.180628831233313
0.209418725889787	0.270886616064976
0.003709621252059	0.00337403176463662
0.148808641519081	0.139008889044094
-0.418530638449979	0.461147305328777
0.409452641492447	0.433828868358932
-0.0636172552415394	0.0510431460425287
-0.0318404346356722	0.0229599008311369
-0.263565291142898	0.176481196689237
-0.767066388169846	0.687196448153129
0.0526879389036666	0.0392291440883915
-0.122107083285422	0.0915333757405939
0.592621971404365	0.746954186123582
-0.169414272096416	0.152117457290036
-0.275966818821372	0.301380296724099
-0.26737384292671	0.30413369814437
-0.410821217740995	0.463645102149784
-0.399285268381964	0.471469103248127
-0.45040965045414	0.636197826261285
-0.59218988675919	0.897167371331539
0.0103646042370904	0.0115014884939081
0.0193079495702696	0.0178203922400199
0.229387727248023	0.177791539654815
0.252458820231333	0.264457560937986
-0.438552768214027	0.604737715259929
0.382383687707958	0.357321594843664
-0.913670812237191	1.77300096447331
-0.268548602873099	0.357465380993706
-0.219771066331209	0.274177506469925
0.499112429468232	0.740578195336145
-0.0606670032909313	0.0647484377743531
-0.378503624733175	0.473144141230596
-0.764878550014523	1.2281950659963
0.163029530628395	0.189506177250879
-0.102676662078157	0.11298976640344
0.447102434795452	0.678817699808561
-0.409632879064241	0.500586730213423
0.622181065537406	0.918203557887519
0.150513092899616	0.176888551433345
-0.105442808072729	0.0975746943734711
-0.119965120615049	0.122507454176968
0.529756594937897	0.706284320807574
0.084891133991457	0.0772239092376946
-0.460622083961256	0.497211481988009
0.00916928093680184	0.00883218393924369
-0.313428121987854	0.403089780997814
-0.118892609129182	0.119529762484177
-0.484374636197065	0.618997636346035
-0.051588664308905	0.0520470317816399
-0.558569195316285	0.669764383564893
0.0796982516069568	0.0673847516494206
-0.544946612989892	0.480724553736128
-1.2426204920107	1.71128056530465
-0.653554430768479	0.635303780855142
-0.624850577644751	0.719136082955078
-0.207841403568745	0.182253517635637
-0.0245600625934808	0.0174491287712307
-0.142479098366599	0.142737600278361
-0.312119132554914	0.284902430773952
-0.261349796620771	0.224800096167867
0.21029868789403	0.200884738266822
0.127306172371868	0.0919703142480886
0.816304506612136	0.901088475275912
0.446598131061644	0.353311460540551
-0.305217744649421	0.265115793489996
-0.222670587742265	0.180230429654676
-0.185048124836868	0.113618183414016
0.102751485802185	0.059900771747786
-0.121525733547689	0.0776000042600773
-0.476876948697095	0.344131262969765
-0.28955998494507	0.226685358054793
0.225925636276612	0.176128280496492
-0.201501473888412	0.146767153032714
0.448756820333377	0.366080549085446
0.121464158487624	0.0814310598109891
-0.0240084688999294	0.0138597551069438
-0.214459590537321	0.146906596698742
0.537651116266628	0.569385553771924
0.338866894038652	0.225199638658825
-1.39211549794605	0.890404691642823
-0.601025470775783	0.49975986849652
-0.225242218433181	0.133995885783121
-0.179485680043609	0.106871546087941
1.33502433102144	1.66011526206574
0.458296711215866	0.34466330630005
0.22173239192396	0.129574467492482
-0.470427699649005	0.331380340254458
0.221295422560261	0.164683038231145
-0.472584223282792	0.335162075069968
-0.167199715462973	0.124054270684364
0.123909957694782	0.0924930490750502
0.0525053842005984	0.0365170269043754
0.223722651582604	0.176730782755208
-0.426155701088103	0.476153760913707
0.458329068446062	0.466505111247622
0.211884648414572	0.181895050328087
-0.769208436181103	0.844348427862104
-0.00641632087665054	0.0037791709033814
-0.457229856397213	0.363270956193473
-0.862781761074531	0.836694416235369
-0.61674728982326	0.518470146415137
0.818687124355533	0.784963531784057
0.690624377940611	0.624256518182041
0.217996121498628	0.201448783667639
0.0278200540265452	0.0185273437576538
-0.329847403929497	0.28275436422912
0.106726636544623	0.0688212718541239
0.147667959262061	0.117009515458151
-0.170412119838829	0.12651555753878
-0.141853964604313	0.105353376663373
0.127919309872205	0.0978142443365377
-0.843873121306216	1.03693450551346
-0.52391201143927	0.500008950247033
0.310144163934989	0.253362263836182
-0.152976601357016	0.0961177129138436
-0.703842864471784	0.664602453473506
-0.624705667656255	0.553755663739849
-0.543591845191257	0.615956890057583
-0.322847455778598	0.346035337028696
0.0430643069816759	0.0385765624496233
0.21538863799217	0.225299597021705
-0.201510150807913	0.22368264393156
-0.189284124077519	0.19674243355971
-0.233795488246826	0.20704267251822
0.964179673693716	1.13337944443124
0.324363825144267	0.247615339245131
0.381761097494114	0.359853255493181
0.364625585787434	0.246724748513034
-0.776627960428343	0.811415029792003
-0.0750912818742672	0.0498360108646327
0.554523579341751	0.492415882318424
-0.228643628447389	0.163154833100357
0.0356781707309601	0.0238449569557044
-0.266369274528882	0.186690894649559
-0.452439896114455	0.364200905140574
-0.161299733393058	0.115184821655733
-0.414054658639619	0.340363215076082
-0.774533736707275	0.678115372605115
-0.670016591565897	0.471874111739083
-0.244766607159852	0.221595906248831
-0.070636649462146	0.0562554837430672
0.917339035531219	0.928886260372882
-0.928343804571398	1.01566327473769
0.324248748939405	0.271544117361177
-0.492891828050534	0.42932005501777
-0.407392015032503	0.248902313118458
-1.13321835683045	1.18353169976093
0.67935675061687	0.627843937617915
-0.228533140816125	0.133602603912466
-0.362994607904077	0.293034064429518
-0.510072313212657	0.399123732186137
-0.301102033790386	0.141261376663873
-0.463645586430363	0.364438651509895
-0.0774950983417727	0.0519774382758093
-0.415281915280697	0.370644387013302
0.151941940066006	0.156399256205682
-0.339527073014614	0.331186798726428
0.764181621213666	1.33103396340372
-0.0983774834846751	0.0753875111076283
-0.762807507890783	1.29511653081665
0.215278687065853	0.169197191292603
0.523994305742707	0.480592548975865
0.132592589677967	0.0947875721789599
-0.629372455261066	0.590566894278636
-0.166161545466871	0.122799174902554
0.952058999780103	0.843710427161865
0.685224671082236	0.694263853566572
0.389270332853366	0.246376764433633
-0.0611804742641666	0.0426392771181033
-0.200762494668213	0.162285376590261
-0.714944421712166	0.691076088138795
-0.0618382382726827	0.0428554487286556
-0.160379206098629	0.116464273287779
-0.407641424635846	0.291205995867483
0.116700123492063	0.0746997252267174
0.438105002609399	0.365325037413124
-0.469067413920077	0.336281041119049
-0.224784838685512	0.160257990824405
-0.524645318996496	0.402008773524578
-0.392949862398775	0.346126076739079
-0.909486908606494	0.963012810963522
-0.768251157623166	0.74371434704468
-0.964553474996846	1.24343418833016
-0.486652326411751	0.573170779262592
-0.661732511704909	0.71111237535865
-0.356858671925126	0.350658729709423
0.211778452394188	0.171981548762435
0.228670446054688	0.146980341282532
0.466991259409782	0.5920710891373
-0.117311124967966	0.0985339101275733
-0.584398510339779	0.588838651877433
-0.169168748374309	0.123390628057473
-0.60783565040299	0.644545376787874
-0.251824097217484	0.199211217900716
-0.165254297765316	0.121772843572942
-0.768380922780384	0.695986448015597
0.58675696206837	0.496718706200346
-1.40188601139285	1.92294384001641
0.428498500240711	0.363839544759404
0.219335848598875	0.167112359561234
-0.77974410356536	0.695305654437686
0.911102016099998	0.685005189325425
-0.231785676417823	0.160769101786666
-0.620683774344556	0.571255069313213
-0.276350796827927	0.0951215727245618
-0.0929363648653853	0.0446637158238467
-1.03087368938966	0.608135625720326
0.834622637940811	0.692667080726857
0.105429604751649	0.0658345336640059
-0.409089758160755	0.297624470725889
0.0870357979293566	0.0432346102299718
0.522886540456487	0.473244845758365
-1.12057106245355	1.14244445137455
-0.456093823795854	0.370978726915512
0.268966489168915	0.273207133949676
-0.842804595990273	1.17258387227009
0.519347270882446	0.470617674431769
-1.06682109051448	1.46552416432066
0.0489879868680239	0.0339001366806496
-0.31462274960933	0.296276378286256
-0.426116644960922	0.515882977799409
-0.767672666563154	0.726998146066726
0.789671173348156	0.859648670807816
0.919329776014937	0.961640224379298
-0.474677721592289	0.331014345977237
0.236850926780306	0.156157297390747
0.126488647996081	0.089434553311499
-0.44742610152055	0.517239239008876
0.778152955475874	0.753839735791055
0.054776029851655	0.0392651126973611
0.0347551612688109	0.0242676951225257
-0.576044986852729	0.44684965729504
-0.766668102400892	0.771562490817889
-0.0947391096111959	0.0625709024494555
-0.925679635304716	1.01865363136207
-0.935687297471384	1.00201991780523
-0.409696975226944	0.296792090537641
0.0397168017692323	0.0270717508138059
-0.261167997140434	0.207025368363993
0.135475139065562	0.111058141918566
-0.415653449512942	0.304424824074065
-0.0465536970569013	0.032586454941359
0.0322252760961905	0.0222690703423749
-0.26715894258368	0.14204165000613
-0.145566649267069	0.135873131701647
-0.365154152426837	0.349687726606138
-0.451427627414877	0.363559923756137
0.13589553247355	0.102222028225099
0.227085325612326	0.181695314683895
0.483238251059221	0.466529036012444
0.463967745205373	0.364583443723249
-0.159545328026951	0.115272710267588
-0.001847946403781	0.00109090500166445
0.719847666559514	0.629479558136404
0.492521956620392	0.357609194600985
0.220080322882843	0.138893312603511
-0.410479356183603	0.25692659405193
-0.0377032702969029	0.0216791202919748
-0.129713751506606	0.0589436298633808
-0.553495292169259	0.300289022204652
0.982125096719728	0.984805328285078
0.100208756681314	0.0628063815835473
-0.164649579512364	0.0682800857469179
-0.220345510479606	0.128265317652924
0.222890186749333	0.16548244004748
-0.407155229929694	0.336449524962409
-0.410759842297814	0.337323767279952
-0.0431766355366762	0.0301837998109759
0.217679479624838	0.146920318185871
0.744536392537864	0.891519313526712
-0.686920576813368	0.861734276216319
-0.976543997190348	0.808483031970771
0.130826333032038	0.0983055264728643
0.548416797174657	0.474325546383758
-0.507770297957342	0.465459620916045
-0.730997078476213	0.871706378595511
0.307285553695493	0.265707436969037
0.014288382767211	0.0091491153462366
0.0182490882790701	0.0117352352456205
-0.54138860806868	0.474874737302021
0.046146102753301	0.032047097906496
0.228758760374261	0.157047530260414
-0.024353359025569	0.0173722845764182
-0.71642162817135	0.765405738425695
0.415981518494907	0.359979496373484
-0.0401261913156074	0.0232719890059409
0.221425829787667	0.170725104152733
-0.45997525153625	0.37548944623252
-0.0951661458719352	0.062775124611398
1.2414442175849	1.41866201991032
-0.252514238349064	0.200666602451816
-0.159062620257752	0.158744540499864
-0.308933751267133	0.207311275403433
0.541665466110452	0.483340077886757
-0.126398064397557	0.0795001403106484
-0.466827318395047	0.265556144175
-0.540256941907819	0.662165618623088
-0.590921240554537	0.592542217458874
-0.844292524122877	0.950063711530576
-0.257375606591217	0.206190305062937
-0.302708484997254	0.261962542991573
0.754485555594736	0.601734282348821
0.0946467275036711	0.0532973346503467
-0.31589249018876	0.238500680647728
0.127415233523939	0.0932646370166692
-0.161601463858907	0.10214727254623
0.300474289272541	0.146054854984098
0.740029735043663	0.740059016004775
0.359631775711607	0.237565299878112
-0.470063346236341	0.332662502465863
0.320093408984483	0.137606936437853
0.721717247397685	0.632694560246239
-0.211422290477469	0.0788999400216828
0.332905842452754	0.150813409974295
0.402716473723631	0.254835328275778
0.344618502934441	0.241693070653658
1.03302126924156	0.858966042735485
0.453696687931298	0.372080684488344
-0.352404210346282	0.226561553514223
-0.317264437748445	0.241200965113408
-0.602808168830146	0.50835403921113
-1.28053929339228	1.61926808037111
-0.195834757276676	0.160453654556411
0.698643943465856	0.737384560452383
-0.227024908937291	0.16237622142488
0.122925747839037	0.0845568856582558
0.0416249891363935	0.0297111329828615
0.0247598674550458	0.0165530323992351
-0.118221267905522	0.0746230191879696
-0.368947104985248	0.273847820086573
-0.843899039158218	0.91813279971721
-0.341132547807701	0.330924032482652
0.441691069934407	0.340343646057463
-0.0668029895211219	0.0363155453198735
-0.970437650047173	0.897172831155793
0.0705503657148606	0.0550250291508576
0.137029746072976	0.101479601445481
0.133412195123097	0.10752664008069
0.49675277397527	0.375497648867545
-0.220637130401198	0.177611925432089
-0.290749347732211	0.227211148637706
-0.768598567436129	0.744597532047749
-0.405472993583963	0.366333373728784
-0.795408132924326	1.23531739036152
-0.16717285790852	0.153132812836353
-0.205656963024346	0.215577913925817
-0.737181607707937	0.96119850833949
0.49182847485012	0.540919853307634
-0.936981497683356	0.992962139914123
-0.619891679830807	0.811166504049371
-0.379171950121589	0.463661230845503
-0.215943530752794	0.195188481685267
-0.406512592427774	0.369244360428149
-0.56947286682187	0.618070003056063
-0.0480555532465349	0.0340176701058221
-0.19923971504214	0.162543064604809
-0.516993403068464	0.551020303124292
0.352507646862196	0.343132962439413
-0.298189600370212	0.241637687380178
0.0621864602724213	0.0477594293192062
-0.42975433496921	0.442153312917687
0.851490102793966	1.01650702349604
-0.569652178942192	0.542230334019964
0.779500836458429	0.872518330998662
0.816935335687548	0.771289523204136
0.233717780284071	0.141932699752088
0.231471230517215	0.143377936569243
-0.233557278698232	0.133922754780566
-0.224138472080936	0.180616903292289
0.090319080527906	0.0543462639616676
0.460855932029958	0.443386351329548
-0.487107137124411	0.454163453462826
-0.650483152164864	0.81154100476565
-1.35646566045598	1.80574495304219
0.224997216587494	0.195637368824637
0.1074065972693	0.0649425734252544
-0.439933722567848	0.431253053262507
0.464521928614357	0.534848521057871
0.433266940218457	0.484223495990972
-0.517739878079769	0.606168505764552
-0.519745493342516	0.59831943082159
0.265781529621889	0.278924409944861
0.194714430677789	0.189553650104242
-1.15810647024415	1.81357405741854
-0.495459906891656	0.585260626963123
0.0439715932449108	0.0295300689616635
-0.00989349478376645	0.0072150296691169
-0.132491855783627	0.0852010165622481
0.139334167230386	0.121470147281242
-0.194265001206783	0.188463864651972
0.123368056523213	0.0916768493413847
0.43167089830633	0.523340124779965
-0.199775773360021	0.17942901445492
0.2856196482601	0.270698119248592
-0.572188288175654	0.727886848369751
-0.965088095850349	1.23054010795922
-0.721567257423916	0.747472225624373
-0.210673539836826	0.222997874218271
-0.964790154405696	1.32436368989108
0.152876382526848	0.133024029454197
-0.250055536835923	0.22158959803992
-0.034635724435604	0.0283124281006715
0.0240236947224051	0.0199614696033306
-0.601681519245282	0.648069966266315
0.271212132800849	0.25886362714658
-0.147040331532089	0.125572055857376
0.307214353769066	0.265398750374394
1.25917728246257	1.36449800441464
-0.866270453352879	0.75044979340826
0.698808313204737	0.734230609485488
0.309814300982169	0.265999140298831
0.307882188983284	0.269996945662189
-0.775318875611188	0.686722402463293
-0.7296561922558	0.864843346511804
-0.112791006156758	0.0873498567159646
-0.399080254256919	0.413923840723435
-0.461901670722415	0.452144330965824
-0.00249091521083149	0.00182247983962709
0.0101329366721772	0.00791445732187905
-0.293662704194766	0.246255205267487
0.515257020521455	0.549527569969026
0.444123372513585	0.517723541435499
0.158251909337995	0.170607258155882
-0.195967811954927	0.204249983874076
0.660519784485773	0.943615282190399
0.0126637006613103	0.0111153052152419
0.118821633311369	0.130175843483405
-0.0732089811743143	0.0662203448792761
-0.472394033112092	0.579915871630309
-0.793427882708522	1.17006959519073
0.348658330976834	0.352122053919276
-0.0651437729374512	0.0521664073048052
-0.414161671534233	0.44045940701544
0.0282280626831539	0.023667091525926
0.260618432598271	0.261713292065148
-0.295083253412252	0.313188894643589
-0.196131940469336	0.194549665162934
0.144771915407485	0.137915157335272
-0.156235007242064	0.145286371721149
-0.0394743552394026	0.027869182711881
-0.632762232346914	0.876831434658109
-0.170756576547126	0.167672351561809
-0.107620249327497	0.101318839453994
-0.558418373933277	0.607215781138746
-0.0621162534674267	0.0496303861308301
0.938155604894734	1.50746044495019
0.290704332721215	0.26172603656635
-0.487384230015074	0.532517499340282
0.427547240092299	0.514960130093134
-0.994236276507387	1.10602246278475
-0.340850409990834	0.388926701081726
0.0291322998419455	0.0198515652917944
-0.200953361565009	0.164847701225521
0.329656566311099	0.246468600570718
0.016383223294654	0.0108124013218198
-0.199123404843278	0.160294939238165
0.670548158761469	0.705204499940842
-0.154221580262575	0.124775000772006
-0.144691491061897	0.123315480939801
0.0326708972863458	0.021818702450206
0.203465314462441	0.215950227376014
0.0101108539169435	0.0077209652943765
-0.721319432900761	0.880705615547675
0.816361658727199	0.925527425647192
0.859129365862349	0.986702763972646
-0.985272749248508	1.5050963181844
0.375283877183481	0.411912925508649
-0.0608740660650999	0.0603156158613636
-0.237457894907808	0.305204720118236
-0.66203389120498	0.87271311082386
-0.192483062789832	0.188616803156381
0.203755397397905	0.220456772434156
-0.103289184371686	0.113686733171209
-0.15184244365382	0.174338222705087
-0.463471002675932	0.60566555354852
-0.795236704345864	1.00008013294304
-0.118762700702877	0.10329389793466
-0.691470176569588	0.923320635185432
-0.0273165433622326	0.022632887528502
-0.0679124433023714	0.0593488532526845
-0.267292340622481	0.232762614595597
-0.0947869089096688	0.074852708889307
-0.0570953921018949	0.0453186476680443
-0.779960300403176	0.874709850429942
0.110742442991145	0.0722732051956504
-1.02451187698077	1.07804851286024
0.0275423585384074	0.0185978525862837
0.0429512694586552	0.0288232998282099
-0.57987663996047	0.442318426136616
-0.174762943399361	0.144146579563257
-0.0774343381149345	0.068665126014304
-0.102873165478705	0.120645124179256
0.031877266395012	0.0363053976192431
0.215769880325593	0.236127735517087
0.331669327364536	0.343231062302857
-0.665415477944051	0.880726596376359
0.0328291268512527	0.0228332410291763
-0.565762960062443	0.510625007642863
0.216205993786074	0.142534373442811
0.946065532045823	0.818884724996963
-0.196455687658001	0.119439907788288
-0.449938362704634	0.365490887049724
0.245253664055051	0.140408175847273
-0.401455714948072	0.366806413033963
0.8597943837662	0.865584787021451
-0.514082700614648	0.410058283002591
-0.0568451173387541	0.0311771999903109
0.518934269284427	0.359576469486526
0.0399038562638227	0.027904437464755
0.246940707547072	0.328111309558142
0.0888916173121895	0.103053786392044
-0.312008158890973	0.525382357138452
0.145386169920363	0.127726032673716
0.393432909275537	0.651485610222511
0.422712439183301	0.453848236794606
0.121005219698551	0.0894872921862315
-0.937468492831905	0.934786989521822
-0.591972955982119	0.583167846712703
-0.766630006769745	0.824408506084308
-0.174849596658604	0.127912370865977
-0.623561552775006	0.583581838014983
0.702485978156234	0.807006497478072
-0.102138379262058	0.0890326272120246
-0.43430657696625	0.455244102317674
-0.0895360095351109	0.0706086991732452
-0.199760590160165	0.119201172290045
0.0804191779645165	0.0411642330742242
0.455193731632247	0.363474150622472
-0.203970005979196	0.167612804644367
0.708903336740344	0.828428106895716
-0.474522999623682	0.580349442248446
0.415514767632756	0.501628439142354
0.0282338753786676	0.0276005748666335
0.211117695915165	0.212214014254723
-0.0999640823493649	0.0770909294930679
-0.372191812985638	0.391790814081637
0.453957766162224	0.463985434917639
0.0233860923265967	0.0157435076810742
-0.747575233403392	0.528137709115466
-0.353131065763928	0.224991364674618
-0.516707156579582	0.37014870915073
-0.157052772139252	0.10051333870233
0.105795242353724	0.0663905477522754
-0.153676005176383	0.096599003071275
0.223164152368502	0.184508185808593
0.00289143219806499	0.00172230926060656
-0.402745682192212	0.369430976888759
-0.259533779616111	0.264075551713233
-0.225576486348898	0.311277715161743
-0.525645402718726	0.888938555072018
-0.0684338246886962	0.0610045986675093
0.0903774314020054	0.102515892144813
-0.220051350732014	0.177896309001587
0.0875357566297797	0.0511106834661853
-1.20920254566592	1.33784343311897
-1.00250612428603	1.12827026224408
-0.49227455205292	0.540430955300875
0.0696368232958119	0.0559395489498276
-1.86655762822259	2.85894053511968
0.311487872491331	0.271387673687592
-0.089652858492218	0.0792252717159672
0.148253608640428	0.119883312304313
-0.541055771557667	0.460741405544082
-0.249276908697892	0.19591094681552
-0.408362196476305	0.40348618787049
-0.577621884699347	0.641847027300841
-0.0832997804566553	0.0570561288884315
0.241348297270995	0.172515662094463
-0.0327081471568744	0.0236064804137187
-0.340371205377976	0.317037636780682
-0.669279336510039	0.754105063811475
-0.343224698459699	0.342792177273232
0.322445551438819	0.336970446772033
0.13984116442967	0.118576758431411
-0.115644549669726	0.0889970561599095
-0.643774057102122	0.624506661427372
0.036798661507744	0.0243976562396748
-0.0257923990592234	0.0150949628998113
-1.04871007548196	1.06573748143285
-0.593577607614446	0.445383719950636
-0.727848652841435	0.430892128559856
-0.843482774732139	0.907639670964612
-0.649351424458005	0.670940529799802
0.000681318135251088	0.000450536790809782
-0.198666355050359	0.249238593386191
-0.0816936583796313	0.091327228165906
0.218480061091852	0.180141844302614
-0.337195374495533	0.44116619772542
-0.665410934545691	0.681836682738792
-0.270632494739314	0.183888234592718
-1.16037730536604	1.38423201660345
-0.415603575303191	0.338823838825073
-0.359813960581886	0.234869714370881
-0.226291261165802	0.183331284156553
1.69777733795707	1.91502197636596
-0.0156136136136396	0.00925152244427619
-0.141301992937423	0.102532113826265
0.306271811253177	0.262529120763009
-0.439933722567848	0.431253053262507
-0.188721077546515	0.136492041014666
-0.309464313110971	0.315536406380376
0.0417784954184382	0.0286425495016707
-0.171936899225653	0.149675873012611
-0.060356075548048	0.0480254179234437
0.576842670996731	0.806972717601305
0.769306080981798	0.750346618904056
-0.241531455713749	0.213200898422749
0.101167665913429	0.0621321126096528
-0.15504086774957	0.0976979595358012
-0.414079409229426	0.256679492392179
-0.248772413085802	0.198985017043901
-0.0718644820549757	0.0638853251109363
-0.280495270586869	0.237563650743225
-0.0180397488050087	0.0166770538098894
-0.171500984686746	0.142405250044289
-0.734052807678742	0.848006640655242
-0.241777913199633	0.246966336929947
-0.375611125251603	0.329551896226122
-0.550500911028131	0.578870690367665
-0.435711876700847	0.490321923140987
-0.50145853002393	0.513765756233553
-0.0466612128981846	0.0379869169334124
0.0845871696613219	0.0754538645514898
-0.789793839779643	0.91981205101549
0.237751605709521	0.193928234818415
0.737764047065942	0.845305444691405
0.372578011725119	0.355553855548532
-0.00299456553961414	0.0021335641203974
-0.269003313245302	0.234877539557478
0.129336966512808	0.0914137444603467
0.00509383196331031	0.0033573658386591
-0.319607582454428	0.245008905625468
-0.280834576594797	0.218067691647369
-0.226908444779256	0.183809031025095
-0.121314772184337	0.105442103205196
-0.419765391365158	0.521609287844949
-0.494871436554352	0.493359198968627
-0.326078355296078	0.333328705904743
-0.499137784263803	0.55611374874456
0.0907401069797279	0.0830276122603928
0.214372120181216	0.188997100036105
-0.794136426852424	1.09449402105713
-0.427595386436002	0.501167579883048
0.766982317878763	0.922614929375973
-0.270492353919474	0.237104553718527
-0.156574887509146	0.127023883448571
-0.14655856455411	0.123858853459927
-0.53654429414776	0.567107693892731
-0.396964098651199	0.341254204442781
0.0380602063902594	0.0256247201268137
0.000324856751228001	0.000222437305787455
0.80961782137122	0.870507920456563
0.70506196687799	0.866378379410339
0.646769112011159	0.608014003688814
-0.562382612213822	0.496457609908871
1.08905843625614	1.32031350468166
-0.0604942205141236	0.0413280067262019
-0.864857891862782	0.573156082796472
0.349502980698655	0.250758598662904
-0.264852256022825	0.176653232344208
-0.0823205668424763	0.040719080492879
-0.324026342449443	0.274720849998607
-0.125131907833221	0.0820146719501952
-0.43098274101371	0.412948494748754
-0.231309707698522	0.162367616834548
-0.263664751089335	0.183465287977192
-0.318102956703091	0.384618668824129
-0.49395409697333	0.434498776068803
-0.212001997800017	0.144908827141836
-1.09276957343799	1.25913610863355
-0.734979560242666	0.91968580028085
-0.180519002819367	0.149318552459454
0.308652945422198	0.264717612780741
-0.165452735185178	0.121757706902764
-0.114757766498975	0.0849930094740079
-0.128701111187674	0.129208443996121
-0.773416011246512	0.724767293380851
0.219406022287856	0.170180072414551
-0.169328553600223	0.125277755945955
-0.399207218528703	0.360182537837304
-0.198885047841844	0.201564544203077
0.15242252777488	0.142677299217575
-0.00902543519964643	0.00664489709199667
0.217226871052991	0.190768932998438
-0.180100087032764	0.149525126971061
-0.347467311063815	0.323593746976126
0.14264038565361	0.102835456824095
-0.607571697282135	0.500864970133723
-0.0202070986295456	0.0116249316129031
-0.0165873481948128	0.00986476890300029
-0.063350099109045	0.0420549057391173
0.0281820635023968	0.0188436800244368
-0.233018340691943	0.158900720625883
-0.375334638711472	0.310411676269279
-0.543615334055317	0.476674755407911
-1.62337208305705	1.47734512899534
-1.18540308283178	1.48054727419823
-1.03951396084606	1.30444815448783
-0.308788054534063	0.259727816010989
-0.329732348096885	0.33150825329604
-0.448747942833245	0.436198341776417
-0.767976427180258	0.650924850734631
0.00938531521545608	0.00599055522419355
-0.228225005805217	0.163499654320201
0.603996925932535	0.584785646428168
-0.207519289369569	0.158482449781091
0.35081050447493	0.350607138682885
-0.540153330833443	0.757781041512333
-0.0188976204677424	0.0177192133791862
0.207944888087101	0.170560794285352
0.413703297929314	0.353855631700999
0.0157306929143776	0.0133952802031966
-0.225934011004426	0.131671600897773
-0.453374392299417	0.370517099322585
-0.0118705915913912	0.00714016358934742
-0.651073430215557	0.63505928038658
-0.420650350722219	0.559901803747278
-0.534968933884301	0.954157861274591
-0.308692255786463	0.284682886185403
-0.30726319626269	0.192808442815729
-0.869392743560337	0.744482931572249
-0.223499217847882	0.126552197178338
-0.637600176780127	0.63075260767453
-0.858399543603409	0.83044680096938
-0.547771833853049	0.471169157746968
-1.21102433600611	1.34036594028176
-1.07630907857261	0.943804344232
0.13035288385768	0.0969034917100358
0.133276925457781	0.104525054296344
0.128483149058247	0.104923143578061
-0.579999750363927	0.668776648000138
-0.68396421680347	1.0259200425706
-0.400031401459316	0.42292873797967
0.528133315039049	0.475675756071364
-0.109246234269507	0.0941061325145956
-0.0347190967897179	0.0195479375865356
-1.21107107986205	1.35276387393286
-0.0196184942619526	0.0115940531343815
-0.758236580598081	0.532024329413351
-0.10743370247716	0.078998665257838
-0.341661545174207	0.494040157270285
-0.444320032136916	0.400552245140771
-0.072652636621014	0.049083079823794
-0.275294731062186	0.232595334209328
-0.376241719736294	0.311709822874334
0.10534512046714	0.0680831050465302
-0.299406925832516	0.189107402931515
0.586205485115907	0.595093830238122
1.05980694922819	1.41119844608679
0.904052552933215	0.873184306567724
1.2392614500073	1.61082298230906
-0.248305366461507	0.197708105919906
-0.486346899208313	0.430560348869584
-0.760625348118972	0.651767095071914
-0.00943521094776104	0.00551234350583125
-0.408251232302331	0.246001529275112
-0.963738073669786	0.919118407654113
-0.567094785279091	0.534500182779677
-0.166733748644551	0.123488365053732
-0.198771513279267	0.161415046577549
-0.758881542999905	1.1474798577343
-0.516730941502082	0.668740550983771
-0.629928965030048	0.753394995020353
-0.0956194589343845	0.0614940134729216
-0.200694068615322	0.14333891324254
-0.264206201334562	0.148060291002383
-0.493291074855505	0.42987654361043
-0.85156198759877	0.884925591703772
-0.609444947502427	0.641312759955402
-0.249728094427434	0.220280783538668
-0.663333470048098	0.496254525766847
0.134272044574586	0.104145061292282
-0.455640696631581	0.369949687800387
-1.53283977361282	1.07958234914789
-1.67383453301577	1.29813211153217
-0.537760489184827	0.365810948794094
0.0835667397982208	0.0322440496474922
-0.030254824765175	0.0171655017797261
0.98597622898157	0.372562468707462
0.0887356721133338	0.0470761811039324
0.296744548994639	0.266345208054644
0.130384714338023	0.104778520821791
0.238161951618279	0.286849028980932
0.244323330869151	0.323207916225003
0.15376729017007	0.150899153717547
-0.0872245496418169	0.0681159271072277
-0.0726076764892341	0.0372208848708308
0.887811599075944	0.578928227899104
-0.153492181787231	0.0616017424059879
-0.106613541029986	0.0512257924832062
-0.462643278178532	0.202654880532912
-0.832765358914469	0.382505364458927
0.0832934891716564	0.0343199793127735
0.475879544475129	0.170958341158025
-0.549232003051519	0.371026383114925
0.0879083789237659	0.10258253888985
-0.404945655927565	0.249586049160453
-0.125720807768102	0.0561706093101943
-0.310314652240532	0.158229554836899
0.324285484817301	0.144867634368948
-0.619610077010277	0.38939993392116
-0.110424707991759	0.0527848031757319
-1.33060234371014	1.26446097854936
-0.2648204252006	0.142386228170644
-0.76896247938772	0.743016014078646
-0.31222386564022	0.158651927300573
-0.479264329544536	0.27993921791473
0.261615094773328	0.137168758711516
-0.130514496580013	0.0584778391765601
0.101331043170651	0.0293894515160873
-0.85216672597863	0.474049395582868
-0.465933293071218	0.264369094623743
-0.146405112124041	0.0860492169558267
-0.611249602583907	0.608835736776768
0.624432982821158	0.919625318205014
0.538405296913324	0.941553505751036
0.226909083124036	0.231264907061078
0.0839528379414244	0.0354183827118899
-0.614053982550794	0.387399703193074
0.078549755451067	0.0302277775935757
-0.0822724197588334	0.0422372317913137
1.00346959424723	0.487238843279873
-0.288350401731918	0.0930731534885884
-0.623845141055512	0.404974997899453
-0.761883210778288	0.519196589323532
-0.126540052278219	0.126756635489979
-0.278514468568953	0.409403180574469
-0.342215743433876	0.574563696922315
-0.126548009860232	0.0827740092905889
-0.238701731036067	0.298072880846257
-0.0959952851570104	0.0464822440975869
-2.34050561306626	1.21241882155442
-0.582981463807786	0.230020439705533
-0.480606953087953	0.274299311151103
-0.26443652511527	0.144226107067803
0.887811599075944	0.578928227899104
0.713739142377548	0.530292295634517
-0.0619168321636289	0.0341088624692387
-1.91290745961413	1.18181314853502
-0.162836916487891	0.0678529530442215
-0.103036332283282	0.0508552268477457
-0.265875355781536	0.148183140089729
-0.0815555259359779	0.0431275939879029
0.086785915250902	0.0278105687166493
0.291227238710571	0.141705551549517
-0.844613424548938	0.926083644950714
-0.261198641072194	0.222275328735573
0.100121066582044	0.0973806769582
-0.248565634692464	0.320696586619562
0.0485234106644152	0.0409241710521957
-0.421705956039008	0.493069811084147
-0.208476393566103	0.0783708850945527
0.906678599068463	0.661658477762537
0.0848396848783279	0.0380531404786338
-1.38096854415566	0.81880751840943
-0.161297338810832	0.0667950018236988
0.0883979150676874	0.0304175841008149
-2.12012632113446	1.0048380656625
0.460495731803602	0.161565700522575
-0.831901025691653	0.388698435265152
-0.459238889191291	0.197649314252714
0.761982994140325	0.628924334532728
-0.478859811489157	0.540283050922181
-0.184278322616467	0.201706727441554
-0.139169395730262	0.160465010353557
-0.310600215264879	0.206060295028874
-0.173200229413384	0.193318368199475
-0.750537058400019	0.518453275073739
-0.756061678916954	0.542475254930624
-1.2271299960538	0.698735491603885
-0.402346093092996	0.284969954890623
-0.127594008233514	0.0573813618904396
-0.0365201299597318	0.0203465788600895
-0.471775217696209	0.272026888622
0.0812990790060253	0.0436675756420206
-1.23037647979061	1.0444257764899
-0.364881768178831	0.267685783561399
-0.160923511366309	0.0661429575088627
-0.881203887391168	0.67767175989829
-0.012749073294909	0.00924948710182605
-0.187885525229348	0.171840994634594
-0.924759506075471	1.01676099624302
-0.0216778038588029	0.0124888005531407
-0.0371108581904502	0.0214329552580218
-0.522389794524049	0.408514439573383
0.126465706902249	0.08436503002567
-0.0209131482784246	0.012360646514031
-0.71850337156866	0.726844520212083
1.99318231893698	2.2159249926146
-0.68912741832834	0.566956567291948
-0.0837302526690729	0.0531847419019921
0.138055917522465	0.106530013097312
0.370570808587584	0.249930990566255
0.48019889459549	0.449495756650746
0.437732993778295	0.372195142958192
0.572180036148788	0.636917836513066
0.492730609446679	0.445540651353576
-0.24839554776626	0.259323121474826
-0.0113206040242807	0.00978594558307975
-0.107392978364501	0.0925800496866719
0.528497921205559	0.700479823028515
-0.350397598380847	0.390896649142741
-0.618261852703019	0.653099555007172
0.139053877857406	0.116526445979252
-0.139097052459357	0.117663814931563
-1.17854336442784	1.73759380084448
0.261601180840518	0.26571262972649
-0.33007940430646	0.299567540624115
-0.288429907541485	0.224381019269667
-0.202523751709723	0.140708520416016
-0.895368668072938	1.19858630028135
-0.44739070339276	0.404212326673202
0.0485696276182423	0.0360151607820703
-1.59733415063902	1.69927209371661
0.0511620757879642	0.0362169323950442
-0.142799016599075	0.107008014061389
0.224103329443377	0.160000179237154
-0.212347634702785	0.164230479371863
-0.399057712965122	0.328050349730219
-0.330811348953588	0.270748821754493
0.0336407856428932	0.023028964759376
-0.404973159782764	0.398627545204684
-0.431774922265303	0.447253732074466
-0.141042375269035	0.106085902996555
0.0588773402285521	0.0448448161812278
-1.02408963946336	1.09850929469914
0.113240394090779	0.104378494703496
-0.389301704316144	0.498843138147758
-0.320896864567847	0.357389790624785
-0.0500218437543459	0.0439018813550048
-0.249341882074931	0.233784163231073
-0.292446538684848	0.294127301110923
-0.538767384774082	0.685513995836532
-0.138982032700367	0.115908980941906
-0.36741557016552	0.381937991355207
-0.222737869111496	0.198221511807754
-0.78570129914631	0.933950379810436
-0.311868005127204	0.208987591342945
0.0468580705877458	0.0335588294408961
-0.204481995467937	0.167578382412469
-0.230661216367825	0.213462540460141
-0.0155480783802078	0.0112890184947744
-0.0137255812748761	0.0129665568847801
-0.172188019395078	0.192063687476976
-0.0365604071090235	0.0299493117733237
-0.131245004622979	0.133742282915511
-0.565281156214304	0.691302430427648
-0.318589454280038	0.338017749266801
0.0717083000174318	0.0574800626628168
-0.147760059284556	0.130732941851811
-0.826093921205481	1.20720277274895
0.0175863721747043	0.013430349639145
-0.229831599286235	0.216307004522375
-0.292899078802834	0.245683586024119
-0.489006028982489	0.435783694328461
0.221872012778156	0.148010700116725
-0.848207839123018	0.921019365952758
-0.134124924478182	0.11541111846063
-0.415933783180899	0.616487649649977
0.0731146349260867	0.0744160292035392
0.512594123416246	0.978649674670513
-0.0826287982025949	0.0714518059440729
-0.225291611753038	0.201286877414087
0.0664672944121277	0.0519509723872391
-0.196701933439622	0.142397779846761
0.474261801550777	0.468622713767451
-0.602871305648803	0.516595824292095
-0.574293246426146	0.830972470904856
0.154075958338307	0.13985776900777
0.15747533042313	0.179814950390831
-0.308344041392202	0.309430574461461
-0.263769420793569	0.305290539470959
-0.751930115851607	1.15820698600276
0.0538221499778523	0.0391672488586223
-0.124429017143931	0.105693789789835
0.107798727567358	0.0679643206416834
-0.139118336503351	0.101366185947115
-0.398841622142364	0.446448195306702
-0.324017240637745	0.410079549171851
-0.285559047430957	0.306744560421516
-0.353916769281841	0.655536645920854
