x	y
0.0235044103586355	0.0194751727530997
-0.772350591530586	0.280256041043971
-1.79013283872263	0.436855011092279
-0.643879934910744	0.162803684869529
0.935074850137778	0.250435779301063
-0.103794372056601	0.116818122043999
-0.0652616449343834	0.0577555303698385
-0.0939298494137452	0.0734790768313777
0.627117080510969	0.294955401827452
0.0986292510805245	0.0833175578347237
1.21320016263682	0.686152538183903
0.131290494216125	0.0326465906558689
-0.754289719876271	0.532836775996909
0.270803328510566	0.868580432923763
0.556735420254461	0.493803587546901
0.25134782813243	0.412185192779858
-0.214680883803859	0.273544657457557
0.405534226512658	0.423982456133211
-1.16490653316079	1.36915981790191
0.213602304086026	0.178555963193378
0.786763659308689	0.534219950381499
-0.0997411683100151	0.0657945266373394
-0.477567336488267	0.46467375308412
0.136297853192718	0.103903597449155
0.270240779422215	0.261614966083535
-0.0650073324719383	0.0581767733811965
0.0271944973117779	0.0208811171935471
0.210284114537514	0.193952101804913
-0.245890955183084	0.211098556924847
0.84095314980477	0.935945003048252
0.581937706526514	0.584125438133178
0.0196288484265796	0.01287534193214
-0.242263345809963	0.187996582742277
-0.846161096640022	0.936908389272082
0.0458829902457606	0.0314402591127295
0.052654610845244	0.0398240548893639
0.221737710597041	0.174191357287836
-0.0926679358491093	0.0802554577452089
0.375489029905428	0.411186162126768
-0.0792802259547485	0.0629050172324721
-0.289579252621213	0.265629835723917
-0.36817199762277	0.35780660575881
-0.474027560282727	0.454153767732945
-0.351611782121978	0.36865230521248
-0.161212455026466	0.117291346453791
-0.0861413212791215	0.0670963503118877
-0.045354254487693	0.0318159318734081
0.296625661977768	0.279135727898134
-0.282452202978495	0.222122318586755
-0.256104105797886	0.199820571336135
-0.302602512075278	0.201468399334799
-0.216093560906321	0.078725124063266
-0.366006681303699	0.169520901207629
0.526456695350016	0.480822152143688
1.03526445477853	0.751849284205435
0.10723701154166	0.067890390896666
0.228097229442878	0.167434238544721
0.430206502863956	0.358609735965618
0.104776479797695	0.0656509529655932
0.333618965803568	0.15099772691853
-0.405808341418611	0.250374168723361
0.67262604826845	0.618687623696823
-0.197748471253301	0.143467245265979
0.0902493521781704	0.0545086772046068
-0.562246887820899	0.517545214190218
0.00383207725813742	0.00229915654168083
-0.518874601518631	0.405320737488521
0.573295485885853	0.48133862313555
0.576784825626496	0.49630343151976
-0.379369035326471	0.173284850202909
0.682527457882706	0.616915787979122
0.218878592960435	0.162690306930686
-0.52914986464387	0.520701276832552
0.144812737308764	0.116520852693555
-1.16579806211875	1.36399246647562
0.0766945779129318	0.0386013140140085
-0.318680413502746	0.374947620385812
0.107613614912176	0.0712280398347738
-0.14970971751266	0.0942312332131585
-0.315811278768471	0.298523954451436
0.2200576340535	0.180333366894631
0.608590090212448	0.635808240456776
-0.229740601829612	0.213791240978319
-0.0961442653478473	0.0644279679593767
0.110882430146247	0.0705560854528214
0.361186580244398	0.324378694329667
0.0624572943963706	0.0461073668758727
0.453964149721216	0.374551981145313
-0.0244953197942182	0.0144312063581911
-0.151279279540706	0.093228800793535
0.289019160331768	0.140054517265807
-0.229395184299939	0.130442127745406
-1.79013283872263	0.436855011092279
-1.79013283872263	0.436855011092279
0.091937540093905	0.0314691281586567
0.109054653728321	0.0331112847711228
0.999175705970073	0.355486863920333
0.935793069652209	0.250460745833014
0.107157491847843	0.0316392065615888
0.083357926668356	0.028685655847563
0.153079928794189	0.0306572399262932
-0.46493888133222	0.506732513839254
0.139805991294671	0.0352358407295777
0.775502942601691	0.652540370049536
0.0698944090529408	0.025056351841781
0.102753066632604	0.030641933525699
-0.220855511679631	0.119810962956317
0.764135151573097	0.321977938256475
-1.34701163344976	0.631317858692651
-0.385502449557866	0.112865375316269
0.758406163476746	0.327834638337436
-0.169182481647026	0.0683431040804865
0.386033144283376	0.157916651360879
0.109054653728321	0.0331112847711228
-0.451212601774819	0.192277874893983
0.135268652968624	0.0337415284548862
0.990591008718623	0.36919758783103
0.152245447049464	0.0306318775241434
0.990896508844893	0.378080253566619
0.633196430611261	0.200485458666901
-0.206441464166417	0.0768777385925337
0.0880540730876107	0.0300374263970313
-1.34701163344976	0.631317858692651
1.49882725114235	0.714379579736639
-0.828247233986396	0.384179190864763
-1.23869320482881	0.690794287410696
0.471531174443681	0.169057345385475
0.329141890294873	0.146128559763253
-0.460198861594374	0.187507131110332
0.471558126062996	0.173900761007562
-0.583670457046106	0.234242931749163
-0.641021202049056	0.160321009867905
0.136348268602553	0.0345664085091249
-0.588261551061193	0.224778730695042
-2.53812781021803	1.42488940307926
0.376107417724648	0.152459379316407
0.931503049039329	0.250030129954956
0.136149928119394	0.0351567872193512
0.0883979150676874	0.0304175841008149
1.27391171226036	0.571307984003244
0.112115552991114	0.033079903729336
2.75784933360841	0.826749878187446
-0.644456791948872	0.160363538964562
0.139320884730454	0.0345414157638451
-0.38428636926441	0.113633408755272
-0.389421703570138	0.114821837280138
-0.587338085442463	0.237296278478138
-1.16364660284969	0.361708993807529
0.98934828530534	0.37488411380459
0.632688485868193	0.200095400279662
-3.47604583390962	1.25550007339713
2.06107525950135	0.914831665114499
0.758473353212167	0.318893072256514
0.629194899720281	0.288715238081528
0.0824956805465424	0.0380564388927373
3.62289749047493	1.42603256396131
-1.16982826158469	0.362408956042196
-0.173085436121627	0.12556742118811
0.758406163476746	0.327834638337436
1.7861757983811	0.702610717557555
0.62114861869884	0.279479083867092
0.136833251350974	0.0345715512867962
-0.464060261831589	0.205840889385363
0.0883089769389768	0.0304456122165727
-0.385502449557866	0.112865375316269
1.27293486618371	0.561372589409687
0.987830205962684	0.384020695253072
-0.468028709579408	0.200006741990428
3.25578730507816	1.11753794803325
-0.163816366592856	0.0682007544026467
1.27695749707985	0.565935491476017
-1.16364660284969	0.361708993807529
0.106850128096412	0.0319640877912432
1.97041767059222	0.506347272427521
-2.58206767360866	0.711917716062975
1.96698416228038	0.513878740168628
-1.79013283872263	0.436855011092279
-1.79013283872263	0.436855011092279
-1.79013283872263	0.436855011092279
-1.79443594699253	0.43143762897576
0.152245447049464	0.0306318775241434
1.96698416228038	0.513878740168628
0.152327357171114	0.0306528579659354
-1.79443594699253	0.43143762897576
-1.79013283872263	0.436855011092279
1.9678346675076	0.511732460330704
1.9678346675076	0.511732460330704
1.96698416228038	0.513878740168628
0.155741895962713	0.0307347607790292
-1.79013283872263	0.436855011092279
0.636883452396394	0.193640062978391
0.931503049039329	0.250030129954956
1.42583795874425	0.478436248256231
1.97041767059222	0.506347272427521
-1.08370889437202	0.447242016932699
1.96698416228038	0.513878740168628
0.390092162099802	0.155095782934507
0.155657694623013	0.0307135261609688
0.0962980542646246	0.0319398700444795
-0.644023842179429	0.159615559955847
-3.48111531815166	1.21130484691494
0.136348268602553	0.0345664085091249
1.9678346675076	0.511732460330704
-0.643736072788252	0.159645094922541
-3.09032997363329	0.970811490979822
1.97041767059222	0.506347272427521
-1.79013283872263	0.436855011092279
-1.16364660284969	0.361708993807529
1.9678346675076	0.511732460330704
-2.58214966292689	0.711901044511174
1.9678346675076	0.511732460330704
0.147987984739175	0.029487788401055
0.155741895962713	0.0307347607790292
0.152245447049464	0.0306318775241434
0.147239812931933	0.0294793108903463
0.152327357171114	0.0306528579659354
1.9678346675076	0.511732460330704
-3.09477513513584	0.972395573299202
1.96698416228038	0.513878740168628
0.152327357171114	0.0306528579659354
2.75336006021198	0.827151283763158
2.75416824794064	0.846257095565792
1.96698416228038	0.513878740168628
0.153079928794189	0.0306572399262932
-1.79013332416873	0.436860451051026
-0.772650360071768	0.28161086287881
-2.57741325633565	0.711746111074309
1.97041767059222	0.506347272427521
-1.16104446684559	0.34857235017761
0.137032141529056	0.0340154215000109
0.109054653728321	0.0331112847711228
0.348154910291023	0.247284122263323
-0.643736072788252	0.159645094922541
1.9678346675076	0.511732460330704
0.147987984739175	0.029487788401055
0.150649770486636	0.0295767247661601
-1.79013283872263	0.436855011092279
-0.649051319689175	0.160567461280328
-1.79443594699253	0.43143762897576
-0.649767950105499	0.161285975344674
0.147987984739175	0.029487788401055
-0.379970928717917	0.112056766681959
-1.79013283872263	0.436855011092279
-1.79013283872263	0.436855011092279
-1.79013283872263	0.436855011092279
0.153079928794189	0.0306572399262932
0.155741895962713	0.0307347607790292
0.135466503823865	0.0344111852929926
0.0877754974514752	0.0326017294108821
1.78527289175258	0.706358734384354
1.96698416228038	0.513878740168628
1.97041767059222	0.506347272427521
0.0849797183884565	0.0319601424063564
-1.79013332416873	0.436860451051026
1.9678346675076	0.511732460330704
-0.64474353145812	0.160333287038353
2.75336006021198	0.827151283763158
-0.373633353783823	0.178993202737371
0.37646166674289	0.152689631867009
0.616367134285822	0.279107916178705
0.757421743017869	0.317804686004059
3.25192656134628	1.11356513303126
-1.79013332416873	0.436860451051026
0.130813125940555	0.0332147478146659
0.479205163478211	0.168162372739556
-0.582592318833542	0.237008278804709
-1.55782169733685	0.571216275044972
0.932074438006684	0.254855397135986
0.152245447049464	0.0306318775241434
1.7883259800679	0.705535261593489
-1.79013283872263	0.436855011092279
1.7861757983811	0.702610717557555
0.152327357171114	0.0306528579659354
0.627793141168409	0.194925786052955
2.75497641146614	0.823010688280342
1.42883364283079	0.478004862123992
-0.383140411975639	0.113318717313815
1.42332574691369	0.467877289967297
0.468573392097242	0.167493204961426
-0.380223498948059	0.110015514849549
0.10936056423864	0.033114486226835
0.13912064242242	0.0351082493440485
0.623493832958361	0.197795733894146
-0.778019720486838	0.274044482689998
0.152997495098684	0.0306362187597192
0.153079928794189	0.0306572399262932
0.931358698699382	0.24984905088734
0.152997495098684	0.0306362187597192
3.25348095246928	1.13846419310589
0.147239812931933	0.0294793108903463
2.75336006021198	0.827151283763158
1.9678346675076	0.511732460330704
0.136149928119394	0.0351567872193512
0.147987984739175	0.029487788401055
-3.09018995116874	0.995203765786597
0.135268652968624	0.0337415284548862
-1.16434110968712	0.363365772413315
-0.641021202049056	0.160321009867905
0.931503049039329	0.250030129954956
0.153079928794189	0.0306572399262932
0.932074438006684	0.254855397135986
-0.649051319689175	0.160567461280328
0.627410191904447	0.197875007571458
0.155741895962713	0.0307347607790292
0.155741895962713	0.0307347607790292
-2.5774920455983	0.729030786562669
2.34229296265192	1.83493438951322
-0.272360259806588	0.0918607246093065
0.135268652968624	0.0337415284548862
0.135951528165473	0.0344511607680368
0.135664295395256	0.0338535377218378
0.632550471751291	0.19750558552597
-1.55741644740676	0.568466145284189
1.42583795874425	0.478436248256231
-0.644023842179429	0.159615559955847
1.78527289175258	0.706358734384354
-1.79013283872263	0.436855011092279
1.27093704156529	0.559841655549489
-0.649198572750746	0.160589550786309
0.13912064242242	0.0351082493440485
-0.769278027552542	0.272269574323555
0.152327357171114	0.0306528579659354
0.153079928794189	0.0306572399262932
0.152327357171114	0.0306528579659354
-1.79443594699253	0.43143762897576
-0.64474353145812	0.160333287038353
-0.282933858511727	0.268331593136222
0.269573012022957	0.24761979053887
1.2128743258166	0.685300120285879
-0.210840471784631	0.392857780851279
0.49724588040714	0.367237022995618
3.25192656134628	1.11356513303126
0.0796051950079049	0.0304788708847725
-0.561522015735528	0.684927150086396
-0.211945050450704	0.0801752521131036
-0.117562627417085	0.120443960906326
0.399391001294065	0.448857850866843
0.312557069917735	0.351118235636469
0.0875357566297797	0.0511106834661853
-0.283063815219359	0.222000469139208
-1.09002899955269	0.98972627345024
0.78045532954132	0.760027649678869
-0.118895498737293	0.0905918940713317
0.560245894659914	0.579481407299511
-0.226720189145282	0.179876803313086
-0.146413441832006	0.122721419907336
0.718117555712243	0.525529586012345
0.133051692382961	0.100974681327914
0.546018691701431	0.48319505129069
0.521783860092022	0.476721715413346
0.225828043807611	0.169643186646849
0.706938446004886	0.368031688727339
0.582537379062813	0.383744231805079
-0.29928927360536	0.199793513330982
-0.036511539602194	0.020790635587579
-0.152764394681864	0.0971797643677179
-0.210704490458202	0.164136535289443
-1.04039812310937	1.23605221604348
-0.346238796513548	0.321877146271192
0.615655587522578	0.739323877951358
-0.160379206098629	0.116464273287779
-0.228447660101989	0.184264177693078
-0.224946217554107	0.201986058999701
-0.165324741131074	0.121116078160919
-0.148233712528616	0.112214225565952
0.226540653255013	0.141869959808983
0.00462825379888434	0.00271395702977662
-0.26161103016165	0.144536532962622
-0.863316993627044	0.75724293421154
-2.54246621227273	1.3750404405721
0.0791116025214236	0.0334411128499293
0.463089595982601	0.362452147141303
0.521479562434385	0.36753226091515
0.00686252771557348	0.00403673847749446
0.451057225467437	0.373172998642043
0.416453347288203	0.361446337041856
0.0998090434442308	0.0607431161052292
-0.83712134396182	0.388063828423964
0.471053859745394	0.253973308913479
0.23324515297672	0.143317011823097
0.0445672426186497	0.028664044607643
0.827322504677795	0.764285780035426
0.729512016193245	0.636773126728574
-1.41720917134366	1.19318118696819
0.489935851825555	0.366702637733732
-0.768415854610988	0.62533760691525
1.27169140471639	0.54699962721656
-0.480300982893129	0.267654382095006
0.0784043726145078	0.0386557646886121
-0.0140909828350218	0.00839744555199629
0.127592100934009	0.0938386922147703
0.480430957947846	0.375258252516357
-0.550370797995254	0.362560130658662
0.0771611855187181	0.0320715050102458
0.397270048295581	0.524339776894422
-0.598443170748532	0.50176348473312
-0.274281739859293	0.186759657713442
1.0041296823613	0.498088809695371
-0.00265092488585186	0.00196613757469643
0.00550417284136936	0.00442577293186756
-0.0404331535184596	0.0279578183804349
-0.172336601639442	0.137941793031025
0.284380254654399	0.26076535783416
0.212032029773473	0.187998340899259
0.106369303927295	0.0645692104710225
-0.776868615172564	0.766824912895913
-0.22836673220859	0.161843879295855
0.780351190558776	0.742338288356864
0.30897137764297	0.268012052505149
1.07171832425054	1.14022601911319
0.235597400283513	0.143254117474942
0.100353414790914	0.0620691795664358
0.482396669849861	0.268859144190581
-0.126663508379691	0.0574449955351043
0.763437485960316	0.328612410677434
0.629278137711488	0.2046467358426
-0.580142087261052	0.224025423593585
-0.382689889055325	0.17079565423964
-0.719957495693989	0.432230873045004
0.0652726296071021	0.0888994425817512
1.9678346675076	0.511732460330704
0.0843687771702881	0.0317175790263462
0.206788600786487	0.482484766511959
-0.431249764016458	0.473297736064372
-1.79013332416873	0.436860451051026
1.9678346675076	0.511732460330704
-0.0569558512209625	0.0306895012520147
-0.039323831694177	0.0512404346174897
-0.356483117962201	0.217685399990991
0.0863086512447248	0.157979658108153
-0.555786413112716	1.42921207330505
-0.0517980751902597	0.0496395019982007
0.14181608585198	0.114629708370673
-0.289434590556309	0.3104870806426
0.690156113422221	0.631472828845771
0.823384236837623	1.1429842620456
0.521287514987482	0.558334747909243
-0.23101041916173	0.248358568471562
-0.374407137839308	0.449489098962295
-0.298260341927688	0.314157719127142
-0.00757355296106955	0.00637504602942085
-0.149350129121013	0.158177881888328
-0.0211893258025167	0.0175565479490303
-0.0333112402703287	0.024200725523348
-0.561127918345339	0.61003970801453
0.885247475115958	1.10535390644522
0.612407518447009	0.748950164717912
-0.325117700073858	0.325386116156352
1.05904461585171	1.52826228591299
-0.878317986719702	1.29066519168027
-0.404133313728767	0.426519884121698
0.115066877799229	0.104161837731097
-0.37765549502172	0.398674530620014
-0.0694291076935724	0.0675974072639389
0.0669419777859572	0.0540489160812032
-0.27312523433763	0.348830600715857
-0.213080367794166	0.206162659733146
-0.669024472656564	0.753628715788531
-0.00963196704910767	0.00827710329446081
0.364511114936505	0.403054023168859
0.324994100383768	0.359519669253625
0.292866035646185	0.270232387115041
0.149723648536042	0.130582435774021
-0.147387338551682	0.12607367810472
0.407817127338526	0.249547677059818
-0.246551375168831	0.196420887814984
0.664587242491497	0.707528177871744
-0.147763305826354	0.123961798614741
0.334141593933468	0.244319843229167
0.370251489702609	0.380495303925112
0.345757212083878	0.345629262774059
0.545398760181713	0.625917390302002
0.224670972485303	0.165118729052391
-0.321983926054297	0.243650751663157
0.789976039789398	0.54462336831159
-0.252426248822974	0.170155896243106
0.434994162007945	0.448531108496946
-0.120834891745758	0.102070621619288
-0.422047340086045	0.422772875135309
0.142642009930145	0.107656446054016
0.648877979294914	0.779347952275097
-0.363006463280826	0.304212373026919
0.0303912716245939	0.020474369828393
-0.917561806322817	1.0791514749685
-0.133245618147022	0.0602223709372674
-0.0849840770815269	0.0579242379997554
-0.214100213614221	0.210692991467355
-0.48220374779588	0.526635949274902
0.0789267595940741	0.0643188768959804
-0.729954606582219	0.883792758858785
0.470845809055737	0.368095418221091
0.0607423982074497	0.0811658121366299
0.622766821848418	0.839880910119986
0.385595288065478	0.427955069832966
0.625776426647666	0.601775551428337
0.719982946201517	0.423030758685342
0.468397509443677	0.254134640083991
0.987830205962684	0.384020695253072
-0.408183861225392	0.567169469592315
-0.133190823246918	0.111353300780322
0.131904170229279	0.145443303720491
-0.0975047165159245	0.0902801198446212
-0.378775506938506	0.448111835553879
0.00380459091067421	0.00352995792639157
-0.956548295370608	1.27786534016828
0.360416143372962	0.41385273763059
0.128892494488677	0.0951920770115349
0.631891484526238	0.768901502047029
0.427693631313522	0.569391622963035
-0.268365155758314	0.258068623427262
-0.400460586919342	0.393611744033474
0.0481689293022381	0.0334713360322026
-0.641358840209272	0.873546734016626
0.230559681134773	0.168187913736581
-0.475318022408144	0.333148613536674
-0.451212601774819	0.192277874893983
-0.216056692463898	0.0820031041139347
-0.842404784946595	0.983709562102446
0.108145347918198	0.0322624935588852
-0.0933867295713471	0.178840516064447
-0.0158814026477208	0.0142290548443228
-0.541637810097233	0.360734736869606
-0.312628623878098	0.565831355221652
1.27662052732336	0.579787031336269
-0.143542355374622	0.219534821146599
0.373062666920358	0.547279238291477
0.0872182358499407	0.0957044265322151
0.22769228457873	0.163593784031233
0.210155803961026	0.186296417798991
0.559859717639598	0.575904000073343
0.68484161483144	0.922695899829104
-0.148418715968994	0.126047398922936
0.547139240798027	0.703933244098597
0.260805218270015	0.242490290385141
-0.44530474488358	0.545852046801579
0.210675193636286	0.205482683364466
0.49564041691836	0.545226081694981
0.693357133391072	0.963894190237991
-0.404305401244696	0.454325869132646
0.676158594930168	0.793297927863286
-0.360592481961272	0.230354371180127
-0.336637944321351	0.276842812399884
-0.275902002706505	0.214641583128161
0.115992481171422	0.0824366761532436
-0.145786975550343	0.118232209249183
0.376466572442604	0.354403691983506
0.283598387188485	0.268544156055951
0.405241716140864	0.408110355986611
-0.406565120546993	0.432625507370687
-0.71291442958962	0.983703344898589
-0.250012754319998	0.198410697297814
-0.350618906952111	0.373323528668768
0.946228548321698	1.3242680427786
-0.0349681062277746	0.0243406593671424
-0.130850861153651	0.112542889105299
0.135425570191708	0.0947157972664147
0.0316810129744042	0.0219400879281743
-0.293537458084473	0.253692376148759
0.329314063400069	0.26673224701062
0.0931213201717248	0.0494357299887161
0.215252657636692	0.143323585383054
-0.478373210213004	0.337668670692776
0.226556795327506	0.150024826768302
0.267966317194463	0.142443742592927
0.467008831808621	0.359805509928532
-0.389557706779368	0.112846166099981
-0.876079307368419	0.571835171829607
0.218533017783849	0.16065236907903
-0.356422088011328	0.263504547316605
0.0727598349255692	0.035358462010031
0.24245077046769	0.145155826988428
0.23454546737627	0.141012152130211
-0.777707130844487	0.697362422800308
0.758406163476746	0.327834638337436
0.222108890442471	0.139566034207101
0.692234095410255	0.626982877584543
-0.709590560621958	0.75829181124049
-0.489148809771579	0.478587468187728
0.129867491988334	0.0967401270190613
0.429337143263212	0.258925824146404
0.451000739664929	0.621348131594557
-0.281728425239032	0.214414443688273
1.57566399597496	2.10481478597058
0.608862112223799	0.483448799044675
-0.275683290615541	0.0927851084412842
0.19702490134149	0.188616166927779
0.387120959240949	0.349370786595907
-0.315725100566954	0.286295762095382
0.139814364326914	0.108064200233109
0.222364588893226	0.213701925946459
-0.368118646841565	0.380558795790866
-0.465425687938824	0.480078200041019
0.443298652685653	0.444153960942199
0.207734963040188	0.17815245286774
-0.416769983050339	0.251954415703583
-0.461137057036066	0.427996557678548
0.204160014670256	0.205253472989957
0.661973180569688	0.791859267866138
-0.587569945339289	0.595872659353983
-0.0160865629889914	0.00952910300141373
0.825179384009501	0.786401444640114
-0.849339868037383	0.478233986832238
0.0822846100719337	0.0448275835333121
-1.55007399291297	0.842708937923856
1.9678346675076	0.511732460330704
-0.641166868679048	0.157248090455696
0.462888752310627	0.528016507814996
0.109662775053552	0.0332182651584632
1.96698416228038	0.513878740168628
0.091937540093905	0.0314691281586567
0.265716426086585	0.140707634018122
-0.206085532080429	0.186114763578882
-0.704190482069847	0.686820684383387
-0.402525508079988	0.242351609437931
-0.717416054809581	0.427328042666658
0.088738869981211	0.0297735485841223
-0.778324834347448	0.281190595186386
-1.08771288392014	0.451093662399439
-0.164232290089605	0.0670667983923234
0.0963054858732612	0.031646926153204
-0.409222600327241	0.256103532785454
-0.164271349738669	0.0685870266908671
-1.55533883153324	0.822390615658147
1.00382930224009	0.471995824388442
1.77979236843613	0.691472556885314
-0.833241338691617	0.38121215761305
-0.837823719360405	0.390895338956879
0.239402649746318	0.135913513567687
-0.583553876669973	0.232253881454829
-0.27601699353277	0.0946350648024802
0.465286519833351	0.247732803639742
0.0868746881323736	0.0370475668735685
0.234772499343613	0.142893427918667
0.072080230202939	0.0295555484544658
0.328805737822418	0.14765683136076
-1.02555355663625	0.63222629071939
-0.455301758449214	0.201470073381461
-1.54276612229474	1.05726304622561
3.90763481913392	1.70634109945163
-0.852557066977149	0.480083141100073
-0.273319755102237	0.0919567638260481
-1.04438433273318	0.53624272253223
0.092972548516242	0.0319246139255238
0.990896508844893	0.378080253566619
0.889753827000142	0.581378621722171
0.0818899611136971	0.0384126298818074
1.2719873995248	0.572705201935466
0.108451423290579	0.0323086904677901
0.631090824741583	0.191179039390635
0.0867176601331564	0.0323514035997855
-0.451193747491879	0.190150486421209
-0.641166868679048	0.157248090455696
0.0749919864870884	0.0305910047795317
1.21218539433376	0.678597762079419
0.0825131622391017	0.0316619933772732
0.08865830005751	0.0307081857326401
1.27597889029173	0.577298815298737
-0.768964640702391	0.27316634429821
1.96698416228038	0.513878740168628
-2.05121322665028	1.44688147366549
0.381611683531843	0.154245254292467
-0.308046121610308	0.158695743767135
-0.833590870491758	0.380124365593918
-1.04404861675223	0.547268009521798
2.75416824794064	0.846257095565792
-0.349709002760928	0.227103689645568
0.535762831556013	0.265329333225366
2.50249054691933	1.40904400974297
0.632942498699066	0.204573630547874
1.42583795874425	0.478436248256231
0.103663272389684	0.0312517446792854
0.378767039239018	0.255863749222893
0.0835573828453083	0.0353211462877418
-0.154963968731996	0.0624306030723588
-0.188970147903278	0.116594673063513
-0.531548863270675	0.349974279301819
0.39128791551509	0.25490009992713
0.0865475119267516	0.0468421628055456
0.353971222122502	0.240177185337577
-0.0988390413108872	0.0481171665319293
-0.259815919989459	0.14100394218486
0.835608206806224	0.449424236114679
-0.172178984660486	0.0694735546877503
0.0883624894719626	0.0338838502628727
-0.464060261831589	0.205840889385363
0.0781701129622241	0.0362208638412199
0.0821541677227444	0.0313137819917321
2.69458405682614	1.57386505044138
0.115546074783433	0.0333598271945351
-0.58802733048966	0.238036217277905
-1.79443594699253	0.43143762897576
-0.283433041061705	0.0922231346756
0.720147181781769	0.416575687439777
1.21284520935722	0.603626087562164
0.629278137711488	0.2046467358426
-0.0950396163200895	0.142840037068148
-0.0298848620937707	0.0366414088209128
0.796549796547071	1.00520371079224
-0.0920876790306627	0.0710496871797942
-0.506218323058511	0.395596142468651
-0.668813375226764	0.33588926219238
-0.47057142267276	0.271833377547531
-1.89490931749859	1.20518556848029
-0.174019382420936	0.127407816973759
0.1087927224474	0.0724957020271525
-0.679850357563683	0.575840077084244
0.390765364845319	0.348691593544993
0.0158098231106187	0.00995144375050537
-1.05054009092778	1.06356154235362
0.227548062066784	0.18457069255415
-0.157936017957201	0.100423501901619
0.106530191908118	0.0666282715186478
-0.415398946228064	0.296541375736611
0.485528502266211	0.340762877235058
0.470941250387352	0.259255410238839
-0.104354566407928	0.0679259275528663
0.00481450510716327	0.00278407970616344
-0.357006515614023	0.261517934040281
0.125386150769169	0.0959301997000045
0.319027003366063	0.257679813402694
0.0296981031858737	0.0196960249412092
0.649955269589018	0.491758054214369
-0.102111640238091	0.0662532177629745
0.118764147784591	0.0808444246725034
0.0960122865822785	0.0591797927741387
0.0283485832175976	0.0183730104418209
0.242521552096167	0.135380852245905
-0.720699042056015	0.433474221879443
-0.220777314694147	0.0812529003819663
0.07595829905726	0.0348418097963081
0.537856066351626	0.376341804519982
0.523938621358001	0.372897522774477
-0.86431216479058	0.566161436345367
-0.308986475125616	0.148874434635814
-1.16201149491241	0.798977923266745
-0.863185393737109	0.814653396430229
-0.543908469901443	0.463215317018596
0.366829332934184	0.251936111824569
0.988133305414923	0.376277747590717
0.0768009093222442	0.0287888446401325
-0.266749409654069	0.182418657551532
0.571810258222694	0.388593077941679
0.214772462582668	0.163480959681295
-0.218641412516147	0.125113613197555
0.426719715575154	0.259440205284312
0.0933198535626446	0.0319192197438943
-0.438601556983003	0.481957599078325
-0.124243627068524	0.0812874981082424
0.724948217457652	0.418155561890746
0.0820318350302986	0.0382502128635004
1.42814477459118	0.470395212043826
0.136149928119394	0.0351567872193512
0.987830205962684	0.384020695253072
0.230266026310896	0.139354544489465
0.946808831080824	1.04931253784489
-0.323186438691656	0.271412506505495
-0.0605973053630635	0.0413195966034156
0.578118577945881	0.636454606657242
-0.250817047797996	0.198824021719286
-0.407554579964554	0.322917720865764
-1.09786208519022	1.22695137313631
-0.276665390369053	0.230656261159204
0.234004042951021	0.162308742756784
0.227220456933158	0.163617597431532
-0.665134418819858	0.318342957142352
-0.551433305516198	0.463337374783894
-0.723390286910732	0.730885771349148
-0.366519773016123	0.270188078203597
0.576454158498192	0.496703098105851
-0.656366957190839	0.478020717926221
0.3786834422494	0.226455828247687
0.626756165049066	0.296094674641304
0.0846206663895834	0.0324066276622984
-0.0971933865947808	0.0475684094160593
0.287863958439946	0.140162629755783
0.124852214267444	0.09151766677317
0.61247223000722	0.503828805815208
0.76479815076842	0.739074613940069
-2.12712737120234	1.02196832361084
-0.558445677546239	0.289309273789903
-0.0122840394155287	0.0101345735422373
-0.430420749887998	0.416491003769282
-0.359562568432664	0.23086756674597
-0.405531845591828	0.282696281519028
0.891655415322198	0.578780070093154
-0.644600139200501	0.163557956970766
0.471558126062996	0.173900761007562
0.0952625644301815	0.0307600542411955
-1.41022495317622	0.80062468078103
-0.303574152341696	0.153858771698157
1.16554396163825	0.917908741176941
-0.306493064858658	0.127710609471886
0.724700381788472	0.423011994204244
-0.372513912298309	0.17827947080084
0.295585889851636	0.133072416541652
-0.276684700551298	0.0947597529242465
0.0812194537263506	0.034455943121804
0.63386835008541	0.292683200032962
1.71468859311817	0.96529769739846
-0.0672754030857057	0.0364763276848464
0.300896914694742	0.145980095625658
0.324186150898755	0.140883922949188
-2.04565401475467	1.4671018987307
0.0820606851432813	0.0378342056171988
-0.862848617145707	0.754928576857425
0.242747065002329	0.140006449221778
1.17610776138644	0.759424181932889
0.265506847701503	0.139302361085683
0.762753322642864	0.330192537114287
-0.273319755102237	0.0919567638260481
0.291537372606936	0.141877779151015
0.624133365026761	0.197625616439368
0.470188608004058	0.168172845773131
0.0880026853356448	0.0339522008133425
0.629026947940962	0.200123508811535
0.327047515079578	0.142693654575142
1.42446421436947	0.468835463081268
0.382036557571989	0.156497220770852
0.135268652968624	0.0337415284548862
2.75416824794064	0.846257095565792
0.776522540244168	0.77219804475534
0.377465679922924	0.151624767131681
0.988437171883203	0.385675089722456
-0.212826272922844	0.080784722381548
1.78682564350105	0.686232619844764
-0.38428636926441	0.113633408755272
0.630173248766104	0.20033713359998
0.135466503823865	0.0344111852929926
0.62863464624452	0.200390435746801
0.220269464289883	0.162598952135269
0.0917168545886728	0.0490945155440266
-0.221461259050871	0.128112317495353
-0.365609651100351	0.170157538711134
-0.480325755369978	0.271447411788111
0.464896173573947	0.166568443085508
-0.357668244314816	0.234080158512533
-1.67394077855578	1.31596475065376
0.0879595589957336	0.0297755695383719
0.0795111059052168	0.0334166199376192
0.390092162099802	0.155095782934507
-0.363573415737753	0.232606530897794
-0.21676266667984	0.0805139712286947
-0.865873543222093	0.566087043002282
-0.581631108676941	0.234564935417828
-0.646340870593143	0.158210382440331
0.130611000572378	0.0331668723838655
0.13912064242242	0.0351082493440485
0.47122368832564	0.173644512897175
0.753159299947426	0.315000589336867
0.136149928119394	0.0351567872193512
0.890039517721894	0.575106694383225
0.628169893721128	0.286351306548892
-0.128979486657563	0.0589411900861144
0.624681786236784	0.293259506159697
1.03949867962808	0.737135297036932
0.332430366196245	0.146038911190171
0.935645912446661	0.250276438588965
1.9678346675076	0.511732460330704
-2.57741325633565	0.711746111074309
0.152327357171114	0.0306528579659354
1.9678346675076	0.511732460330704
1.9678346675076	0.511732460330704
0.155657694623013	0.0307135261609688
1.96698416228038	0.513878740168628
-1.79013332416873	0.436860451051026
0.155657694623013	0.0307135261609688
0.152997495098684	0.0306362187597192
0.152327357171114	0.0306528579659354
1.9678346675076	0.511732460330704
0.155657694623013	0.0307135261609688
1.96698416228038	0.513878740168628
1.96698416228038	0.513878740168628
2.75416824794064	0.846257095565792
1.97041767059222	0.506347272427521
-1.79013332416873	0.436860451051026
1.96698416228038	0.513878740168628
-1.79013283872263	0.436855011092279
0.147987984739175	0.029487788401055
1.96698416228038	0.513878740168628
-1.79013332416873	0.436860451051026
-0.66582059530555	0.33276043379293
0.135466503823865	0.0344111852929926
1.9678346675076	0.511732460330704
-0.643736072788252	0.159645094922541
-0.649198572750746	0.160589550786309
0.155741895962713	0.0307347607790292
0.112114865728904	0.0332945117013381
0.153079928794189	0.0306572399262932
-1.79013332416873	0.436860451051026
-1.79013283872263	0.436855011092279
-0.64474353145812	0.160333287038353
1.97041767059222	0.506347272427521
0.935645912446661	0.250276438588965
-0.643879934910744	0.162803684869529
-1.79443594699253	0.43143762897576
1.96698416228038	0.513878740168628
-1.79013332416873	0.436860451051026
1.96698416228038	0.513878740168628
2.75336006021198	0.827151283763158
1.96698416228038	0.513878740168628
1.9678346675076	0.511732460330704
1.9678346675076	0.511732460330704
2.75416824794064	0.846257095565792
0.153079928794189	0.0306572399262932
-0.649198572750746	0.160589550786309
-2.5774920455983	0.729030786562669
1.96698416228038	0.513878740168628
-0.649051319689175	0.160567461280328
0.147239812931933	0.0294793108903463
1.9678346675076	0.511732460330704
0.152997495098684	0.0306362187597192
0.935074850137778	0.250435779301063
1.9678346675076	0.511732460330704
-1.79013283872263	0.436855011092279
0.152245447049464	0.0306318775241434
-1.79013283872263	0.436855011092279
0.152327357171114	0.0306528579659354
1.96698416228038	0.513878740168628
1.96698416228038	0.513878740168628
0.0682398672821751	0.0563999115002442
1.97041767059222	0.506347272427521
0.988437171883203	0.385675089722456
0.0812956218802078	0.0345544656699162
2.75416824794064	0.846257095565792
-0.720407589217233	0.445734896267573
0.366213615351034	0.340139269493189
1.39887834356353	0.863756382971431
-0.298540667628756	0.144798355399226
0.987254373636809	0.365707241058807
-0.774240947504595	0.268231862549802
0.380006393155747	0.150931791490118
0.932074438006684	0.254855397135986
-2.34002023643478	1.25416804476893
0.331715444075229	0.145253481222181
0.385680147704266	0.158428137895593
0.0893068470197215	0.0307440573678909
-0.778324921782878	0.269511437709481
0.932219305847885	0.255045940262424
-0.383788328500423	0.111456697833889
0.111811029648854	0.0331921773436467
-0.383788328500423	0.111456697833889
0.375801396565071	0.151516954174281
0.75954685165681	0.31223858983506
0.109967775391788	0.0326203122944734
0.775855241485639	0.231437465530101
-0.457992331577197	0.201941300488293
1.21660826209435	0.665688255808317
0.758406163476746	0.327834638337436
0.137248414148108	0.0328543462042188
1.42515113579646	0.479224019474994
0.106850128096412	0.0319640877912432
0.130132966750166	0.032529304913593
0.108145347918198	0.0322624935588852
0.107798483132246	0.031371510071267
-0.386404035863773	0.111626232888914
0.0778557289633022	0.0298103236965809
0.991505105078916	0.385188900785842
0.136348268602553	0.0345664085091249
1.78527289175258	0.706358734384354
1.96698416228038	0.513878740168628
0.152997495098684	0.0306362187597192
1.7861757983811	0.702610717557555
-0.772950225831393	0.280195713927134
0.103059347311401	0.0311436889874163
-1.86983839331509	0.789102546177122
-0.27601699353277	0.0946350648024802
0.932219305847885	0.255045940262424
-0.276968331752119	0.0954928895497568
0.788000244673032	0.548633980044962
-0.459284336387702	0.197196610024233
-0.644456791948872	0.160363538964562
1.43233202051574	0.457708556804036
1.42495176944544	0.478712624316164
0.471865965509997	0.172806906043131
0.62992151264779	0.204453168240212
0.373133005123536	0.143849372367394
0.759102694157223	0.321162374326109
0.385017760801954	0.157618957334399
0.134261412812315	0.0332912566204553
0.0873074779770814	0.0335904414683829
-0.277017784094348	0.0930684510831866
0.4688744554519	0.167771162660396
0.37646166674289	0.152689631867009
-0.215703836715743	0.0815812364708993
-0.385891534810494	0.111530236372983
0.929749243691461	0.245405902764118
-1.79013283872263	0.436855011092279
0.152385045684988	0.83312080106607
0.0718581830896798	0.0976422057400709
0.147987984739175	0.029487788401055
-0.183954605293593	0.161849276157262
-0.237146000828719	0.534123550013469
0.45084080925675	0.512203267412299
0.093635940968887	0.239193751724232
-0.0787996571093751	0.130123933469966
-0.0124045398547627	0.0178253877402739
-0.0565324816172427	0.0797246845448112
-0.393897286913911	0.788458965980286
0.116118546028132	0.12431060501501
0.0140156768840873	0.0137645503857436
0.156311074407919	0.231245082398647
-0.22564918963555	0.418364670983549
0.147728367397322	0.250741377211216
-0.0605684139352021	0.0941201715854228
0.170264934968149	0.296939877300343
0.51147801856338	1.24169887530525
0.245683427412127	0.456522820308675
0.280222688783847	0.542681106892005
0.25770623122102	0.409268660435884
0.488416459297349	0.945971111983776
0.0649636519112364	0.0781804569039116
0.384273605486772	0.652197226696184
0.121432453528764	0.179931294896773
0.146879733816846	0.255743504903835
-0.1990924546259	0.366310997839622
0.117482805296111	0.184592350257109
0.314653482212253	0.683967813168801
-0.525336594802356	1.15960480949186
-0.0949267117833939	0.13794036907794
-0.431528335214487	0.870336670610977
0.120452835252211	0.191792084989081
0.7014852697559	1.20785272796821
0.129402399082025	0.143595799059931
0.118421475333612	0.119051173996287
-0.308289617753282	0.468707092466551
-0.57596271270844	1.2417636811826
0.00123612322017265	0.00144262681557347
0.132562510767499	0.19589905118446
-0.229213203313564	0.382685458074495
-0.536578114452013	0.682225040719498
-0.222023153634209	0.485537141389492
-0.0105684563725915	0.0107572155492011
0.544561716974882	0.927688580810404
0.774513146550331	0.937757435547691
-0.153117608693089	0.114304694549075
-0.515839416619414	0.413255647255533
0.501990532298613	0.377376611295127
0.906207619977187	0.664124655037434
-0.8424819141339	1.02417587009831
-0.786445770666861	0.913039280752154
-0.772870692583261	0.612944362107922
0.983317993258693	1.93145968067402
-0.0578320324319879	0.0698574814107025
0.332935680593786	0.606022608794443
0.0234351776473335	0.031133048675513
-0.0528294747491662	0.0761297839783997
-0.112470362460386	0.169120935912325
0.146756169047201	0.227616237508232
-0.0810008254784744	0.122207374578812
-0.184253938393259	0.309820293609032
-0.194604590168274	0.356410558360626
-0.0706659489512425	0.0950061130836474
-0.0497409536969607	0.055499112459496
0.229406365517866	0.311889486112345
0.0702621910750161	0.097003628684544
-0.20780220715096	0.329741861394408
0.435970843974532	0.857353694041398
0.683507030509365	1.24303133300846
0.296753486346257	0.523796332327826
0.0402690830829904	0.0523855293289655
0.235205521311614	0.40672688250312
0.206518933155149	0.359722090574363
0.282305013238689	0.530614072988611
0.268470529972842	0.488236873725244
-0.110155141630076	0.167948284940587
-0.00940690445152012	0.0114995706750818
0.503252061657567	1.153739326728
-0.468418416595558	0.990672146974878
0.207422285212751	0.314309386561663
-0.458900971969024	0.736636392723293
-0.253680662720768	0.340637199856698
0.162915418773748	0.213694152542858
0.326642114730833	0.360347959637837
0.396502288030697	0.252909940450894
0.811136043385568	0.979435307837725
-0.260025621277238	0.142827516255546
1.44310584681244	1.74027358998829
-0.231596652586201	0.192427372083997
-0.47366831421462	0.323007004035482
-0.0408984339809133	0.0605782909437459
1.9678346675076	0.511732460330704
2.51333752568726	1.19394760991541
0.772151937690745	1.40852210742639
1.39964297510284	0.842804355014936
0.0221561949499196	0.0316981430611248
-0.279987273096554	0.300296385090404
-0.103419549886673	0.0495369156483356
-0.364578742662245	0.276877351781123
0.622094918293228	0.290390961560003
-1.16264732701059	0.797766034049817
-1.24704049804788	1.03603159023571
-0.225098918653368	0.131360801853894
0.482543216390094	0.345648333005348
0.223158752287336	0.157348068439572
-0.508991617362428	0.400773465133943
0.95087199764482	0.832134912980961
-0.017514932072753	0.0100062047994513
-0.00467733445457872	0.00277033137934731
1.50050830662417	1.51733684602485
0.0819176936496229	0.041642073487418
0.23223519385884	0.162681976387621
-0.854110187572108	0.795150468579635
0.684617191498275	0.633135465848171
-0.0393479547762756	0.0280040058554518
0.658816068045644	0.513734784084972
0.116244293816876	0.0803187471042493
0.614677120789249	0.502422838492791
0.331899154322634	0.256944768217122
0.374765259099155	0.253202564155363
1.16188665505408	0.927233920636228
0.372270421212612	0.250518462698916
0.242281651252923	0.139605244306615
-0.0592019621874228	0.0329881812945181
0.0887467880609842	0.0299945294961443
-0.0629478285216106	0.034248792181855
-0.320234698818	0.202423741954877
-0.4836248352239	0.415982359944438
-0.69197283152378	0.62971280806409
0.792708624587758	0.548165802748786
-0.159030828024244	0.066585562740125
-0.287753332568156	0.295158709591794
0.369088985115055	0.251732844399312
-0.09782592467109	0.0646324811677334
0.890925600120299	0.582144299433945
0.991505105078916	0.385188900785842
0.37646166674289	0.152689631867009
0.136149928119394	0.0351567872193512
0.104608053591416	0.0305117761736335
-0.167993601438095	0.0701468595913906
-0.383390015188303	0.115591315602105
-0.548433154493982	0.371912694179649
0.362638009271452	0.256773340837205
0.220919348715657	0.150446878477246
-0.332687773831884	0.276284054404092
0.223422567896959	0.149533346385205
0.69066784875777	0.810319974735359
0.554006837149668	0.562788652523391
-0.250789458385521	0.216545544663707
0.0882251225057188	0.0497711775004848
0.772277576585876	0.931708004122513
-0.155617024899539	0.0958452390250401
1.3660648871262	1.44731814960963
0.419495302779425	0.361620754021298
0.126478150783063	0.0906026373463832
1.90134483292226	1.1891807760824
0.329219042040502	0.143863170039201
0.324186150898755	0.140883922949188
-0.212650368692964	0.0805233667218098
0.0259844759172929	0.0172870989406512
0.475409544204155	0.370367242103065
0.329429544811083	0.257431235740152
0.121299312636729	0.0857943783161926
0.245576765613014	0.14158814293791
-0.0570267173561072	0.0398262253546297
-0.625230197112254	0.578011506737005
-0.317523377192027	0.239172512259924
0.121898929660899	0.0867216817561702
0.536908214146717	0.37852663446856
-0.252091382536183	0.17045905537637
0.0768631604809546	0.0385386588915997
-0.307472212142426	0.156888986294663
0.36362788207747	0.244827905000603
-0.282986175849613	0.0948521224881856
0.155741895962713	0.0307347607790292
0.139805991294671	0.0352358407295777
0.931503049039329	0.250030129954956
0.092288827872483	0.0261202672255774
-1.79013332416873	0.436860451051026
1.97041767059222	0.506347272427521
2.75703852707977	0.827222254057709
0.152245447049464	0.0306318775241434
0.152327357171114	0.0306528579659354
0.147987984739175	0.029487788401055
0.152245447049464	0.0306318775241434
0.155741895962713	0.0307347607790292
1.9678346675076	0.511732460330704
1.96698416228038	0.513878740168628
1.9678346675076	0.511732460330704
-0.391706996357445	0.110682555828774
1.97041767059222	0.506347272427521
0.153079928794189	0.0306572399262932
1.96698416228038	0.513878740168628
0.932219305847885	0.255045940262424
0.152245447049464	0.0306318775241434
0.155657694623013	0.0307135261609688
1.96698416228038	0.513878740168628
1.96698416228038	0.513878740168628
0.147239812931933	0.0294793108903463
0.152327357171114	0.0306528579659354
1.97041767059222	0.506347272427521
1.97041767059222	0.506347272427521
1.96698416228038	0.513878740168628
-1.79013332416873	0.436860451051026
1.97041767059222	0.506347272427521
1.96698416228038	0.513878740168628
-1.79013283872263	0.436855011092279
1.96698416228038	0.513878740168628
-1.79013283872263	0.436855011092279
-1.79013283872263	0.436855011092279
1.96698416228038	0.513878740168628
0.152327357171114	0.0306528579659354
1.97041767059222	0.506347272427521
0.155657694623013	0.0307135261609688
-1.79013283872263	0.436855011092279
0.155741895962713	0.0307347607790292
1.96698416228038	0.513878740168628
-3.47101101284536	1.25716227205486
2.75416824794064	0.846257095565792
1.97041767059222	0.506347272427521
1.97041767059222	0.506347272427521
1.96698416228038	0.513878740168628
-1.79013332416873	0.436860451051026
-1.79013283872263	0.436855011092279
-0.94262170656502	0.975470680383162
0.352829360114235	0.252296508516934
-1.16384354392211	0.36161718506419
0.318008693787634	0.256035153189112
-0.102134775066191	0.0507038499837197
1.39465912718451	0.835926125205905
1.03133570180204	0.740944195192983
0.629026947940962	0.200123508811535
-1.0436925261361	0.550204641337599
1.50877338086243	0.756288866655168
0.261978652603627	0.139378916175166
0.100674635671535	0.0318769584608422
0.0816206665438758	0.0348590425580261
-2.52332208829096	1.4443071027135
0.0817353219538209	0.0269953653064294
0.434073391650101	0.26017062748781
-0.271177394719129	0.147319688901139
0.831034571839348	0.429657100540527
0.629026947940962	0.200123508811535
0.382036557571989	0.156497220770852
0.0855722056632711	0.0354615443457973
0.587883250377138	0.38246159671186
0.841950234716642	0.442840015490109
-0.159371424660615	0.0667180720561079
0.0766086169199848	0.0314955325909771
0.0827685085067839	0.0275811505451115
1.0008420510818	0.483852459799563
2.30858098734119	1.14202902807908
1.03057713949875	0.599258064829499
-0.217383352839178	0.0827133358294438
0.0879595589957336	0.0297755695383719
1.27165176283464	0.557858884579721
0.932219305847885	0.255045940262424
1.27424805479067	0.557923863030394
1.00852773079169	0.486486125399943
1.32002969654259	0.959497531988748
0.465871682100978	0.17006053637181
-0.151317016669694	0.153285874010307
-1.42543286180596	1.45478030048455
0.290656525210056	0.143490504611838
0.0870900159361728	0.0294409774022058
0.155741895962713	0.0307347607790292
3.62289749047493	1.42603256396131
0.321524845816676	0.1343088437328
0.944288779470763	0.812865290036399
-0.108649485546431	0.0522345842968048
2.75416824794064	0.846257095565792
0.152245447049464	0.0306318775241434
0.935074850137778	0.250435779301063
0.108145347918198	0.0322624935588852
-0.278252407462059	0.0919074477357679
-2.5774920455983	0.729030786562669
-0.779239117339733	0.275630292093549
-0.165275390286587	0.0667835837288618
0.0845210582902803	0.0427554017099207
0.719556521898088	0.420206427354875
-1.67598094223655	1.30983242741713
0.286555179125099	0.136537902959582
-0.106698984360165	0.0521722937631143
1.0259220750549	0.599822618944827
-0.137330851031118	0.0602081485436099
-0.311179557930133	0.15979008028113
-0.83205631311583	0.375258850490833
0.322860111020297	0.142882321623368
0.088959810467476	0.0304843186744052
0.0826725436955629	0.0283785494465171
1.00544858091674	0.501595986184172
0.632550471751291	0.19750558552597
0.152245447049464	0.0306318775241434
-0.13089036586654	0.357313341475039
-0.655705966478375	0.49268653448964
0.138503388343847	0.349856763294254
-0.199237439589479	0.272594479423174
0.0519138451740416	0.0468985834363895
0.0981365393139089	0.0884064616756983
-0.923771253008201	0.99421031425193
-0.129836070169379	0.0838058250635285
-0.775027821102666	0.625377679666561
0.206942545347246	0.201161314050298
0.519082454833395	0.613288099903114
0.144894773008052	0.13165904026249
0.329476667363905	0.417267837732483
0.257861385908383	0.28802086580028
0.211071106191184	0.262227856037346
0.354845694220392	0.360797525325816
-0.0656847966726771	0.0617938117263232
0.231089672443799	0.195652488868353
0.408979665398207	0.341236726131696
-0.493091852355807	0.599481724718346
0.0496374545039079	0.0367055977622684
0.0908112775197791	0.0817693423962566
-0.0366059431156938	0.0300742710386159
0.0616727179100565	0.0474107140345339
0.332116378570485	0.354929655297847
0.607761183085345	0.679816712872031
-0.173033408964901	0.124138052090603
0.582497119980629	0.495197151681594
0.465063146572504	0.543609973868731
1.70201147914565	1.30228199829222
-0.302309269382138	0.364384346872217
0.0685559830246675	0.0553392466031567
0.0643805361560604	0.0472018442623032
0.34823723065259	0.256592934390943
-0.562592728199647	0.305325214026064
0.244788237900993	0.141574846946683
0.633333065712799	0.197204402740103
-0.588598795479021	0.228624403664194
-0.988367848738535	0.835185431914209
0.615354719947415	0.500082062931282
0.229144772013998	0.147186296908299
0.685324083234037	0.954599128515514
0.056059315134675	0.0416684084137851
1.02136414612298	0.608912995671903
-0.855238650760336	0.47242286374241
1.15979991499293	1.18470014272401
0.110475548378682	0.0699241286992974
-0.351105957913719	0.226214035971285
0.415670491410903	0.354687893842873
-0.612276443300557	0.775186812120536
-0.333355277731696	0.352895680872319
-0.122442983379231	0.116682188859761
-0.0111797741064654	0.0104933269372252
0.0471429175486448	0.0434503912785455
0.0880501684415781	0.0796211367107644
0.0788837134858609	0.0673706927194198
-0.097480726376892	0.0940904251476662
0.248150944050332	0.263645386082425
0.222029491948941	0.202727883738383
0.0862224453763204	0.0751871570044239
-0.0374703942538615	0.0270294410130104
0.424044109824948	0.370221838427531
-0.407127763755815	0.250846330113217
-0.577375264677751	0.227414820613653
-0.150870413434498	0.157915126329174
0.252830240469672	0.143176688044069
0.373518981649927	0.242969553809848
0.079658414324615	0.03948317350755
1.42033165167489	0.468301512909383
-0.588598795479021	0.228624403664194
-1.08739744428154	0.458946386739459
0.078910897175815	0.030257442536634
0.630564769542425	0.200132268237845
0.0872827885099076	0.0334310911338658
0.633538341721262	0.293214439417179
0.0873688589711267	0.0298482305140485
0.837793150145186	0.43828060439644
0.389036940292436	0.153988592002744
0.0880489474711579	0.0304172714241184
-3.47101101284536	1.25716227205486
0.092972548516242	0.0319246139255238
0.991811155152206	0.376692433447959
1.0040802988878	0.488328931075246
0.542564973292466	0.274116887303467
0.475850161420864	0.171216551002296
0.935645912446661	0.250276438588965
0.98597622898157	0.372562468707462
1.78552584048742	0.707360534084731
0.104608053591416	0.0305117761736335
0.152997495098684	0.0306362187597192
0.668288326220262	0.79686602649364
-1.08272560954928	0.4447398398429
-1.08608160802035	0.446546351485114
0.155741895962713	0.0307347607790292
3.25270378122438	1.14110458628734
-1.79013332416873	0.436860451051026
1.96698416228038	0.513878740168628
1.9678346675076	0.511732460330704
1.42495176944544	0.478712624316164
0.932074438006684	0.254855397135986
0.129931396742343	0.0324824869680106
0.533783598292429	0.270886130476341
0.109662775053552	0.0332182651584632
1.78552584048742	0.707360534084731
0.129931396742343	0.0324824869680106
0.13912064242242	0.0351082493440485
2.50717838267022	1.41899072026887
0.991505105078916	0.385188900785842
-1.08134987369079	0.460940174958639
-0.271692235692098	0.0896808226062045
-0.663268452570261	0.30121506209154
-0.276684700551298	0.0947597529242465
-0.159371424660615	0.0667180720561079
-0.169424156949547	0.0690388721790496
-1.8689110220125	0.789430489852196
0.725678118981078	0.414198978908176
-1.04565286324142	0.537240177140695
-0.559153806862359	0.30096790110417
-0.86227583948094	0.453510727512018
-0.58802733048966	0.238036217277905
0.152997495098684	0.0306362187597192
0.108747093578849	0.0318826482875452
-0.454961597097599	0.200425914814435
1.9678346675076	0.511732460330704
-1.16384354392211	0.36161718506419
0.0865779817157672	0.28673017095013
0.228899724052764	0.582113691235047
-0.237881420016929	0.374592773973304
-0.632344900826407	1.16102603367603
-0.808233858135434	1.56215646740422
-1.48381202064406	1.9589602389906
-0.627874452241522	0.85968393165583
-0.318413118910029	0.386752861907518
0.170756266568381	0.228315859100454
0.261745145133659	0.410500887462922
0.0284809249970903	0.0362637512394786
0.0785111100785443	0.10335085525229
0.46482525075854	0.782899717841712
0.372948342977477	0.644703626072348
0.110742901880857	0.116045765937887
0.213357382199381	0.256595736238189
0.196894756589549	0.223326830790522
0.376667542524243	0.583467225072154
0.237174399252219	0.344922152709457
0.238753961016072	0.305407007597921
-0.0723397110029225	0.0734225353818254
-0.0236674235178332	0.0224158930506763
0.101761923828233	0.0969704354730725
-0.519357412206791	0.660474682364028
0.236386446735704	0.263274062141043
0.660660374076689	0.902686876501791
-0.0983104861191595	0.0855243897897335
0.024492989738033	0.0344678850465972
0.00681347808174347	0.00654888859162348
-0.132680269013968	0.123272973478584
0.292565524778996	0.267567844817556
1.16161793728557	1.32538948600948
-0.254722111549112	0.136126984001666
0.837579329994981	0.683123678869607
0.642786704739881	0.398167450800246
0.291176537199975	0.250993973722653
0.415130577226169	0.716660048059477
0.0747807844414975	0.0800069146078461
0.0669855739427186	0.0747109884144665
0.0390102911582198	0.0465751639643522
-0.0139549789948474	0.0150548207502733
0.504348963250805	0.703278294918851
0.642985124142312	0.614075040821343
0.208666018105312	0.177294711557461
0.739007002858823	0.739011303061465
0.747900553308566	0.9171479191052
0.637927502560967	0.825877894751356
0.146474333332138	0.137548316054043
0.0583673104970107	0.0714803969598844
-0.349929588832227	0.464969444261332
0.20915488526773	0.279666533002906
0.483823861885959	0.951745022974121
0.116633654889078	0.15100164754913
0.0657009143939237	0.0835252420370686
-0.0408497127696492	0.0491946866285148
0.201367326445782	0.281114637080262
-0.106180317506102	0.135577258135399
-0.783260800032923	1.54573658438771
0.536486282098483	0.842866845127257
-0.31826587860299	0.402689586722275
0.0533960732970538	0.0533198146527779
0.237094521980181	0.257923326289193
-0.194161609563595	0.155555155088553
-0.0700186580657818	0.110167367620531
0.408128874508447	0.998002771445989
-0.376150846113742	0.420561151851064
-0.541688044573255	0.689654588020485
0.782935571443179	1.10772600835471
0.640696176591532	0.997337487276186
0.746930043870999	1.21803196472982
-0.00451757217352155	0.00431376491535352
0.28307829628214	0.355242899352259
0.0163987901649197	0.0165524754959514
0.10767427797866	0.107464576145744
-0.558409317477016	0.717773988087943
0.117794325515225	0.117286914314174
0.408033851380472	0.514990742162522
0.0252274963488467	0.0169053910895669
-0.323552206218726	0.298469493494528
0.0383708813027444	0.0255572463357231
0.139817477806693	0.104653944922092
0.217345553565602	0.170267217224978
-0.0706258943515195	0.0572873445953215
0.322836049711866	0.245653653738924
0.490909733622943	0.684628825814538
-0.13036864234765	0.119613796630429
-0.120688546728303	0.0919743165259271
0.170767342365329	0.176286281389044
-0.301619261692134	0.557156707645404
-0.252257938193345	0.296470882012155
-0.207747314409456	0.200073120929583
-0.488629305683855	0.465517684901995
-0.378146000065134	0.179532185811748
0.328469325862386	0.147360449610908
1.27191319674375	0.557129195053649
1.55536294943074	1.01993549467146
0.201859131647756	0.221079175108578
0.276733517084469	0.25383572688721
0.213131894207704	0.179752597482898
-0.525151695495697	0.674362808444274
-0.442587251866433	0.501259442400664
0.106394559368237	0.102246675030844
0.208078799321966	0.193727119854581
0.308113280010769	0.271310284410503
-0.202955538640392	0.145521999778256
-0.0785891101348585	0.0407196076846143
0.0920491374284083	0.0522108316313992
0.152355006073605	0.129263050617108
0.20132808627956	0.20326671214428
-0.232454595644877	0.233433195057013
-0.549954763952956	0.705855148824501
0.549487384271788	0.869391981601138
0.200217853783146	0.195467918364222
-0.142916170165724	0.143780612174666
-0.520654784793751	0.674418725892772
0.510945107193023	0.618514124229762
0.0458885172678406	0.0408892488333448
0.482049237972204	0.549543098452735
-0.0345207525705332	0.0416025000487237
-0.674600160637432	0.819072025902478
0.113036142122382	0.112424153678378
1.03218836644607	1.53195265236739
0.807309715669964	1.13237123155154
0.134593385094738	0.113242024599605
-0.42192033148106	0.483577767705793
0.127073464797426	0.132874074027786
-0.247244594072733	0.249380615280857
0.610432037588008	0.725341339709625
0.0860702096049922	0.0684570706254086
0.608098835977919	0.496519321803016
0.987430627703984	1.26465724565869
0.87547079227192	0.92148835277704
0.301524145840509	0.258091761687971
0.229083260768683	0.16554571454655
-0.158409248498556	0.100657442381395
0.519820965938029	0.474732788950301
0.780406398955873	0.643707313153304
-0.29911111776961	0.19849544169862
0.700801479450129	0.488554281402277
-0.092520054234328	0.0731564357661255
-0.722983969815452	0.807913005045462
-0.420079452212229	0.305205885442781
0.641803390147874	0.396013255243892
0.759439012682851	0.32818137286167
-0.579450426196972	0.23000919113105
0.130611000572378	0.0331668723838655
0.108451423290579	0.0323086904677901
0.30105834538335	0.273425648725865
0.766453608067876	0.750279614666253
0.180713610405182	0.179025975584697
0.0461630881432359	0.0405946720281958
-0.769191726621113	0.785902441098939
0.673845568773214	0.620561979419759
0.221496266050729	0.166638403632377
0.638079884097027	0.388525924219799
-0.729779614635615	0.43473856996097
0.0873688589711267	0.0298482305140485
0.644547842393852	0.623508135713911
0.37185606110341	0.405884290006722
0.388742932545751	0.367354092185348
-0.724211155233992	0.859011581420093
-0.0281540247017244	0.02342924453007
-0.420992098765258	0.433082573847045
0.0631299750080031	0.0488182866001109
0.596559451420975	0.665208942181826
-0.0395296249418523	0.0309539114440388
-0.371139915493656	0.353139219057151
-1.46410177775211	2.32795223010378
0.264645091538558	0.252987156306896
1.47565842611985	2.09316932998851
-0.13813441362616	0.128943878603145
-1.07347757048429	1.27195862160407
0.541154696164633	0.27881268979787
1.40988907914057	1.84743370709313
0.226947386925697	0.150585310512782
0.370161561711441	0.318840348500471
0.328558258187525	0.271137368205053
0.220770802207309	0.148973534309505
0.349928064461817	0.25528685629554
0.918477536952578	0.87729916146119
0.310604381487228	0.267492121758718
0.634529007914755	0.384142963622753
0.351648464963628	0.255785398680729
0.0328125516871492	0.0224425743455042
0.305115732851507	0.262516858912654
-0.154399728434339	0.0982902243471048
-0.129624748809383	0.0819357066401423
0.219291104506712	0.156794877410576
0.224984466101449	0.161597016396615
-0.0164927043806151	0.00975780193539152
0.510278363706941	0.757555746453948
0.234927884496662	0.169490178557702
-0.0794832875547435	0.0532571973516306
0.0814953014659568	0.0443600034292393
0.0842615186073608	0.0324658104907538
0.47122368832564	0.173644512897175
-0.380619458655667	0.112288060445742
0.0877050694173876	0.0299113525036963
0.882895930180872	0.565497701928641
-0.151114665403163	0.128806100366535
0.712487202657675	0.523908309141914
-0.018744044216538	0.0112426089959774
-1.09362042358007	0.945560082846899
-0.377748627979981	0.180986240918791
-0.281700605437693	0.0960848540058102
0.758742097214196	0.31998123347016
0.522217209100461	0.368789700193501
1.39517096870576	0.88147108089281
0.122832461061139	0.0834901895554703
0.218436976551688	0.196032945841279
1.10336864585259	1.36119279496452
0.367967721928964	0.35965460649113
0.637024138156013	0.779751081083902
-0.174604184736403	0.141031044164854
0.21371676904489	0.184940581856914
-0.0578048905189439	0.0401936484210029
0.22957100487568	0.191184151405227
0.228951501947961	0.14918655155633
0.645640147834636	0.597049570310612
1.26140922609624	1.23580576787216
0.257971808647907	1.97766608267123
0.672332041414965	7.73793233010857
0.836462218625697	9.15607093079867
0.443295358462843	2.3655484340305
0.276906352033127	0.949346904730284
0.227943945577452	0.537716596036598
0.15210701303484	0.249695894438019
0.33894290824436	0.473038650185693
-0.0192451435525664	0.0162317511587081
0.0217339096626919	0.0200868816740164
0.0200407044100721	0.0176292129471111
0.120914390265351	0.124651402913551
-0.0190233677834528	0.0162854228102662
0.364854677154792	0.445673479685328
0.106429892286657	0.0988806458110983
0.039734917337051	0.0410517453880747
-0.168497500066924	0.124991214279976
0.999352343870011	0.481259818928559
0.160927334309069	0.172746393326573
0.158945417796316	0.168295117027263
0.214346576196919	0.204100636687252
0.354126379011454	0.343999981531523
1.59413218419018	2.13318727047066
0.934588864615246	0.743901107321053
-1.23686956411076	0.707920862371797
0.362357500938872	0.244175521880496
0.684330857108248	0.962241619016641
-0.0643495126996678	0.0567321181834301
-0.423643185690117	0.52725702772457
-0.934298152653132	0.994003161554319
0.0449489204890897	0.0385789138903132
0.23276148571414	0.141427884314529
-0.490529881961064	0.53900108699625
0.83687534320325	0.948791822075443
-0.288069787930469	0.271334588547895
-0.130509118543534	0.0950980292348544
0.412324216322068	0.523146442083449
0.0755356529428108	0.0742515974426069
0.201214182885112	0.175593139173861
-0.33654519826493	0.32966834158024
-0.787156865276136	0.857818762710848
-0.0563154755245286	0.0458278057431581
-0.382500452641674	0.321039856072728
0.684289703920243	0.865853609951441
0.908774359644188	0.885524197184569
-0.123734021526881	0.0564583834825327
-0.0300686601237062	0.152319997690944
0.219786347775054	1.87346412515455
-0.264891365497119	1.95472004630749
-0.143751113150104	0.465696827415628
0.224692563939394	0.62998084384092
-0.131506806467445	0.128013688684022
-0.0576459362746011	0.062960323976171
0.485854425334702	0.757959028710373
-0.218511968298211	0.515466140611809
0.033237047094051	0.0485413323089005
0.347595278786286	0.550119494157281
0.798547621331723	1.31667781181693
0.0945161968948894	0.0814540873724847
-0.748827836049943	0.528757108682908
-0.345053166524191	0.721489781700906
-0.161461634833436	0.318050699201654
0.0389546539007252	0.0620451580452933
-0.297572354729829	0.780377315025197
0.216466260220075	0.50674974291643
-0.0343187033475377	0.0561282925829087
0.272409043409022	0.6199245986789
0.298896591368137	0.783323918599313
0.468864405524222	0.480232393815958
0.406893021319592	0.507167581656923
0.243821262408188	0.292533398193931
0.934062207963828	1.87088453681042
-0.155981591371515	0.29519417114517
0.136003206631016	0.216223804344477
-0.165040260654584	0.165203851592575
-0.593038039677172	0.982635385361028
0.199719228673003	0.526619594126548
0.0868433867736549	0.16173168142675
-0.0635514060967946	0.0955424596575017
0.135811171889686	0.154578919883943
0.416990797489546	0.447677120493784
-0.0122884642366095	0.00893165551195611
0.336911585073635	0.340550122245773
-0.60810621373826	0.628082451848941
0.995467596822301	1.34779041851613
-0.0452823505538454	0.0319684791009312
-0.618697941640824	0.784898042531292
0.288720189240417	0.345876478623945
0.0507629521495351	0.050813055219505
0.0599210621838433	0.109279611975257
-0.0609747251920349	0.0340208591063209
0.109263381121581	0.0711992741776007
0.078809681671613	0.48662453387986
-0.223854511933415	1.86834860228284
0.197386196918966	0.906291731373008
0.22726416435335	0.82055371046564
0.755673793176962	2.01516179594594
0.475624927097156	0.664384163831776
0.0487898927835874	0.0548990067090896
-0.84375062979005	1.52089265649895
0.137781302215823	0.169716521214821
0.21043249753017	0.240640067849389
-0.0880416804341654	0.107290095338158
-0.0477786227770554	0.0730028683928988
-0.126173781424277	0.223666953429345
0.146487645418235	0.173321363286925
0.190655355315538	0.223044795279845
0.190862344465896	0.263447048938785
0.147132414103032	0.190468843589599
0.251027423385051	0.332814328397045
-0.00695536033856076	0.00590836371415031
-0.053119146323853	0.0490241532248092
0.542274488031622	0.282388833713572
-0.714326934488161	2.16692933800553
-0.0118556797306017	0.0161314589779109
-0.131893823560662	0.227343115009307
-0.234014162909613	0.466690977259936
0.290175190267046	0.601990516929021
0.4553820401578	1.1596217710663
-0.0297580118746599	0.0399457465581881
-0.0180013931101235	0.0242421481043785
0.617739974906114	0.984534387486042
-0.0936849967214538	0.109361394283391
0.132217173456574	0.15451568308718
0.132610061174994	0.163599550078126
-0.0810674842503886	0.102682420318279
0.0743230585069713	0.104092201346231
-0.339447673320746	0.431679262646019
0.135319931016282	0.15075558435283
0.472894777402084	1.3740692684693
0.100496188127437	0.167317196815207
0.23280020216939	0.435353873324754
0.361565034181633	0.35030052970069
0.0204727386415662	0.0170399600687762
-0.846925067162661	0.938768659489275
0.0692367000118125	0.0537425036122951
0.503894556588357	0.476911208464848
-0.464734710506306	0.476215575130632
-0.188491825593211	0.163010879190727
0.0324038308922069	0.0267960035118685
0.148713478664832	0.220349070119785
0.0277819256327891	0.0288281949737527
0.148745384715113	0.15113150932761
-0.024318688730406	0.0269138403723585
0.466599188527005	1.33121838850298
0.329764401589811	0.463556830532561
0.00978625463132596	0.00611501659098186
1.25152435791065	1.37771780072557
0.445988459035098	0.449310999235767
0.890959188795176	1.10766732529475
-0.057555385951077	0.312407745309004
0.242128628266561	1.81122698438876
0.119188879251482	0.419323441174093
0.229973272931083	0.762404021005357
-0.0367925813158559	0.0415721342158088
-0.178278985922208	0.281837071923612
0.231876933837899	0.413536081470442
-0.10009589094553	0.120156591567683
0.331133040036665	0.589821393269459
-0.25247393301507	0.386084919143732
-0.104943736831766	0.13502019983017
-0.0311840162050115	0.0365064433431367
-0.26580373376413	0.432755974004088
0.243411652287321	0.51493814740873
-0.0770927774842218	0.128186492720565
0.251623422357358	0.441023181775033
-0.0462979994956513	0.0578606652043486
0.337230323404126	0.639428107336684
-0.0624190442451398	0.0887720113749439
0.287302106462445	0.58449489009501
-0.0380592405748309	0.0508839727019309
0.170445649580331	0.290042651309181
0.196659942950494	0.297751520878283
-0.0334138998307821	0.0361453628550843
0.152967654232879	0.15782158499103
-0.463283342708664	0.308264412602817
-0.102320378843706	0.162770129689032
-0.0328141290819912	0.045524818019072
-0.202891101658242	0.352922834735518
0.0661623968792681	0.0883411746643727
0.690094934180615	1.64487004221512
0.194089055531378	0.262433676377874
0.287314937855057	0.405188762292386
0.212661098356534	0.45343939773074
0.375237552051843	0.641292273212404
0.124642720265813	0.172856137868563
-0.238518703025833	0.418907069354811
-0.534613913014359	0.868027173969123
-0.0148311229703707	0.016216167106828
0.449431057909689	0.998936230034875
0.506618241450908	1.1887446663652
0.122014365278498	0.128036117540122
-0.330905158587088	0.453872958222407
0.51438738793435	0.805136593710812
-0.0470731016311469	0.0458872986211479
0.106730624621808	0.110331710918423
0.280518160275634	0.350027802945419
0.125251257584023	0.143041355494071
0.104113352575912	0.168751343379346
0.00509989889819451	0.00695274663241689
0.0688186477833091	0.101343408046817
0.929971867763061	2.23910806894037
0.433910931417938	0.846992143034978
0.207804833390037	0.349738393982599
-0.00636332000015601	0.00469369417798743
0.301407932853569	0.261438075176217
0.529695054109184	0.625453054869524
0.578555707138579	0.669819612379833
0.669715442630627	0.597924505202497
0.835133015424967	1.59234471309155
0.160738990513587	0.182681780896074
-0.0694145216315375	0.0687051407180334
0.523766563827149	0.791428693613155
0.25998184569857	0.284838358694863
-0.00302398080538808	0.0121848181101615
-0.00125408687699608	0.0042867137646559
-0.0995119093890069	0.143438207357098
-0.0504076119331898	0.0735593654677802
-0.486334392295756	1.10550586997353
-0.193875897718042	0.304943122846715
-0.12981995116985	0.191249300034163
-0.207954810057786	0.354821937043886
-0.153834766161075	0.244942007795126
-0.0181670112701215	0.0215991231631334
0.554143217371804	1.02480317188983
0.591291093555707	1.41748625238057
0.52747586424975	1.34860489496612
0.26430546046719	0.433523552662219
-0.0560812003083742	0.0747608376247287
0.126946219413868	0.175405768172987
0.0981448608013535	0.139470030230507
0.279834340958304	0.505783094691483
-0.137756164922154	0.209497771131709
-0.0834655420539114	0.11277634316033
-0.795276613537832	1.78643108453344
0.691384358829828	0.706339883860808
0.222398951909261	0.402276902959402
0.486794781988864	0.829831826493629
0.215844030721399	0.30779691007234
0.267875390551195	0.289114388253432
0.864571997385519	1.04969425668241
0.518176273303986	0.470372742354082
0.315539509245233	0.513891241393275
0.320696577333082	0.531903628207059
-0.180134615433887	0.240315008106631
0.31861367147679	0.604038797804759
-0.133638119657134	0.136451704507148
0.260652525908395	0.357382342049444
0.417051023265643	0.524734610818569
0.25380655808697	0.289617615998522
0.246913324652769	0.408952602110852
0.105745865881907	0.141737141725642
-0.586543250971314	1.03696574940781
-0.0210179461533958	0.0229049996036878
-0.6518542643785	1.315585419549
-0.702684026863885	1.43050509851511
-0.233348294707882	0.398037245327718
0.00693553129906026	0.00764853119463465
0.355103357846318	0.644521460997249
0.316420695453074	0.353290681789289
-0.0609984534639413	0.0654813938039332
-0.00991382195226468	0.0121322359812381
0.264079815242368	0.511514685540935
0.0168268200063408	0.0157455102775817
0.0164641910188151	0.0190063827078066
0.0664199512856612	0.060583628722466
0.460740419226243	0.571744418682744
0.150722484547749	0.178592724666533
0.204564403609049	0.227487101930428
0.32746815387155	0.402897269340388
-0.696175480224755	1.15456264899178
-0.559040217085431	0.886268276524181
0.128081990190227	0.13484538569949
0.0450225903910657	0.22094673422841
0.00283105761347893	0.00989392454875338
0.000222743907720779	0.000593656928174365
0.0993938788951242	0.133491529546633
-0.199771934567836	0.34348702960134
-0.0984569071409624	0.137968918036798
0.0691696191328219	0.0969688023931504
-0.0743179459045181	0.105081794489865
-0.0404460096797247	0.0554125694498457
-0.089961980732382	0.124373123977056
0.247513072738189	0.447695258653541
0.219325326838787	0.323095962339863
0.299093001661327	0.479370084177899
0.549929712709614	0.911481687309118
-0.150383310382438	0.195114240036314
0.20321729512164	0.330744940448769
0.0111850491065176	0.0140188959507214
-0.0145377194606332	0.0173696596114061
0.10808234068375	0.133071782305004
0.541525799418475	1.27906379955706
0.137100915863441	0.153839177598757
0.293448851884751	0.502330203460512
0.00415485612740917	0.00550857538719464
-0.364179445215686	0.672547632985158
-0.322136897271936	0.538411323012262
0.056043080317708	0.0416809212125495
0.343516656582686	0.633740777917036
-0.206913253861122	0.257193083090762
0.0695311863025578	0.0688242789470215
-0.516533570539209	0.623442363742381
0.376471636268163	0.363740098599713
0.370246162081063	0.64923837328601
0.440959823156777	0.795831365739576
-0.724551748865905	1.31870671908637
0.17185722385275	0.247699521663416
0.346361560623657	0.358839850061794
0.13940938419046	0.133820656558322
0.36689042189144	0.732900865421565
0.184175720476667	0.278857151132528
0.274110369855021	0.454572867037058
0.0702990085636213	0.0908650702034636
-0.0391202930837837	0.0471522949069845
0.064646872449633	0.0877319771296376
-0.501280028735108	1.02178770721607
0.227688141136418	0.345202971102062
-0.308588388072266	0.504499336918114
0.173340368908825	0.238607861590191
0.379160968599827	0.58976163785039
0.557193026334186	0.7244821675246
1.26222430812133	1.23477210308541
0.105882316188105	0.122157733155707
-0.24499960697346	0.436633049109362
0.216270799933498	0.369992719574099
0.243783415834822	0.39258773881936
0.335741430913283	0.577055799117664
0.649334542619003	1.3440721231482
-0.00994364823569308	0.0102362060015057
0.0723017801768261	0.057993333962936
-0.0477335929584889	0.0545258792111021
0.314505682351538	0.479635752204834
0.234533290384196	0.36811594637793
0.26155415070817	0.339000804525591
-0.0323894313259081	0.0349817862698112
0.365155820209992	0.502298378918261
0.342377720173246	0.444956498501206
-0.512894541901356	0.744140745200178
0.663552518518647	1.09221262601628
0.199063570776516	0.284647077750549
0.136179473146901	0.0988497752292683
0.0987826613608435	0.0926518854487302
0.0514834062728414	0.262139464258046
0.0868593991442754	0.406523194914189
0.0220531817024109	0.0483822299129138
-0.00704889807472645	0.0130673546045865
0.00906912757178677	0.0176153053890397
0.251759637551232	0.318936368775269
0.0355552685929368	0.0431106242685094
-0.584024081559631	1.357072781978
-0.163508066456764	0.229438874655477
-0.0487645675480753	0.0643797122976502
0.183140538933297	0.279539583961149
-0.016810780581228	0.0216312131525744
-0.0640593143549285	0.0871918183664846
0.343940649481921	0.733140845893666
0.231898742751332	0.339660848151494
0.0718497469395122	0.0858204560007591
-0.0053309880662545	0.00507156186527491
-0.0337483675387926	0.0341546330307035
0.120459183167732	0.166796234941983
-0.00911904014011489	0.0104432225046022
0.447834865787848	0.878332132039819
0.112505453820551	0.160955846676724
0.166741591413853	0.231411636960994
0.539111377536362	1.11140606622664
0.0763811898930741	0.0865205861199108
0.0323788760002225	0.0356448336049505
0.458591645105472	0.593934669227756
0.268254437514586	0.40018643526106
0.0976363509701369	0.142680941671103
-0.0193826794405127	0.0263807747450232
-0.306845441966016	0.56454361622747
0.0629601291509711	0.0898055802405319
-0.189110589461211	0.16463477565019
-0.380812862850964	0.661282847725942
0.522989118528705	0.606487963999445
-0.546433653110884	0.68774742515225
0.960883923467525	1.16657568072199
0.352614499285924	0.254112523254024
0.328546469954773	0.254468026343335
0.334088596653087	0.255510887572314
0.081628388723278	0.041572707670442
0.134716577367448	0.164989312523133
0.317312032334702	0.504863097287701
0.378631748640487	0.63542727184889
0.58303707528516	1.33849595361665
0.46815485570534	0.824642801946661
0.278222310432568	0.369375078895973
0.313125646324174	0.422164856438131
-0.0174407325690288	0.0125785668109118
0.50171014054687	0.661179897500096
-0.0288920388676387	0.0379549452039467
-0.06081279977942	0.084126712630469
0.0539297071143299	0.0770799416497094
0.00631937364762562	0.00766769190309097
0.0686298518991774	0.0975056831491683
-0.0585914143348448	0.0846769678099358
-0.234331202054751	0.365778520585974
0.44355037354954	0.9631539118698
-0.273534007778473	0.471510897358785
-0.0800037590051738	0.107531147481985
0.355440144329532	0.603656710557893
0.12346503911395	0.157161232495129
0.618013650293191	0.585281125590665
1.70028124063345	1.26772789338133
0.950755480234911	1.23603409492834
-0.0833844718652653	0.0733968678989249
-0.0955329243883317	0.09008506139246
-0.220015825227957	0.348552382121158
-0.0289484163362902	0.0360081028572988
-0.257669635846312	0.425990778461496
0.214562853187895	0.323998483638039
-0.00998642971795342	0.0101221560344698
-0.062059444757023	0.0837991316115172
-0.03574220247824	0.040290847721185
0.197912978257062	0.20194846898726
0.157929180207179	0.160503834926791
0.229046749787554	0.162901700558145
0.238113199641986	0.332560692508949
0.0197424449052836	0.0237807727446479
0.0400627135516726	0.0494041026688876
0.250907090941426	0.371093916831718
0.714920641212647	1.24482417173971
0.207323002434328	0.25175676247376
0.518413586229772	1.01750324202283
0.554349620076832	0.653208651501928
0.124461780421365	0.133804481648024
0.282740051930767	0.453329938842066
0.144361474885709	0.111384895897354
0.820040398752652	0.777043910154168
0.200694260339448	0.194380524745286
0.0722808798131691	0.406167640333723
0.00236236275968096	0.0083480830102568
-0.0660899618272444	0.225865432351303
-0.0345391973443759	0.0939365018732609
-0.124506975012613	0.351461309414857
-0.0450365095624204	0.0923201131261937
0.21937543667044	0.664692747712789
0.168206996681728	0.266847375573887
-0.0158141303840731	0.0164847387512986
0.182180566253889	0.239429618738262
-0.0287154634622676	0.0354140400353056
-0.370020598346386	0.675190387253362
0.160047957719716	0.250133186264276
0.230951095122608	0.395767002379663
0.00560116457782316	0.00721366055353998
0.447685108331156	0.992957323815073
-0.0893260580901054	0.128306758055978
-0.101133583729274	0.134184104666214
0.251731339847341	0.397335877667344
0.438683367778588	0.573581583232329
-0.284171066516999	0.374096270000903
0.109566137136735	0.15447045831569
-0.106766873621615	0.136747093621684
0.0343447729164888	0.0417300697292833
0.316109058059563	0.569313662431337
-0.254246582501725	0.357861046527849
0.66008928101997	1.40199365583539
0.302636297280171	0.466979843824978
0.39412614991528	0.716118450519944
-0.226392119349585	0.282250614413258
0.104562284578486	0.138482126936312
-0.363800223102655	0.761472926528712
-0.145725210749729	0.234266487166668
-0.042852434229063	0.0612970980791584
0.0594031717265153	0.0809104768943518
0.285240465176331	0.263067777295192
0.301995093479414	0.527459906974066
0.0680416098982701	0.0668611075225334
-0.221771023063905	0.233429424463873
0.21475342184872	0.187163157636854
0.23735377044729	0.164049144581347
1.24322779277627	1.39692323493946
0.830813463650689	0.787116308728851
1.05744120874663	1.03359396700284
0.120319531067476	0.154583888226474
0.297404512923063	0.447060684140431
0.172701613868521	0.278793645779121
0.265569051804733	0.36159374164333
0.0175320229894129	0.0177378329542128
0.322044251970347	0.350101075400781
0.389883134739026	0.36017627089521
0.0261373213495562	0.0322436134533402
0.355964320207543	0.714082595654914
-0.0127249963842835	0.0164014729708455
-0.114253631517666	0.162198686810577
-0.067672961185733	0.0932072776699191
-0.260856822776841	0.427764684615796
-0.152985287947792	0.241875020846177
-0.311407726514335	0.585552753208823
0.481018906294525	0.980711441586279
0.0895499222618558	0.113118216509941
0.0540686038824463	0.0603607046982792
0.928558842734745	1.09508734790582
0.0538773899426861	0.0402159026413089
0.374988621087784	0.250962243437364
0.460743979838393	0.584066510363056
0.148578991980997	0.127146126752258
-0.456943905107404	0.700690717409588
-0.0622429403930581	0.0768513338719333
-0.0687431093722297	0.0939574688627248
0.159275935205227	0.228484087097279
-0.0521611374161615	0.069457145895077
0.140568542127523	0.163033649195265
0.16291797876138	0.234586834116027
0.0489812771421241	0.0624213011408237
-0.0178841120711514	0.0215882904653902
0.262452083307171	0.262668587043902
0.112309761717397	0.0761463781045066
-0.0889623308417772	0.109242408798275
0.196618456826782	0.302550697727608
0.0709428893273774	0.0813629596003399
0.4976879500295	0.953520075446097
0.451126741114625	0.824043650177556
0.251786276575764	0.350129581861111
0.00231131185520804	0.00265043002141663
-0.00429888175042485	0.00487738019629476
0.376604964996604	0.536755161211893
0.235994417709607	0.335897084470133
0.478340136804621	0.265580543164602
0.0934453272935099	0.0556896848625319
0.147020684211432	0.137573197411064
-0.350541275547926	0.67562849770199
0.581038307189691	0.722713051690923
0.350835408615036	0.355346464693149
0.27138176925118	0.256566753077978
0.29958393801361	0.273055676262306
0.0499624430485434	0.255265889798081
-0.0197370644335311	0.0715756738540696
-0.0991579768101731	0.362188762490471
-0.023333373936652	0.0584632101985384
-0.0641612272320501	0.153763557352661
0.10320934640852	0.271734897208185
0.203146226655496	0.359695551425501
0.00808426214183779	0.0116589749847817
0.218495804552501	0.374361263419372
-0.0937590387329528	0.141108362276304
-0.00550922723127148	0.00560077467818345
-0.197004655188086	0.290053185484896
0.00902491429608017	0.0112565189919672
-0.286515757105872	0.492220145404598
-0.0510041801475286	0.0679639513270129
-0.0918192795311045	0.130340703904895
-0.420504146182587	0.843977679155844
-0.110546875439872	0.156966062838576
0.00762964033007191	0.00987273831476812
-0.04435712414642	0.0541787025720079
0.0867141696619601	0.117707924669299
0.747262919481701	1.28271553074512
-0.0942179633804534	0.116645147859456
-0.241348521283141	0.404520194723859
0.271844569278329	0.49317493533858
-0.0270095423816103	0.0324249702589782
0.381019027046956	0.694476711362331
0.260281498913558	0.412912233629633
0.31132826689887	0.517075892895437
0.332059119941589	0.539873768045339
0.347307694832405	0.570675043615129
0.10166874483749	0.109223731371853
0.0796285460457567	0.0978476177690042
-0.095832910134065	0.148850020825594
-0.0715360611431858	0.109359982697364
-0.323667592130604	0.596196248699193
0.0352876138547953	0.0477485978030619
-0.0448121162052366	0.0313479778663917
-0.129088746164456	0.151642760609174
0.242471492550882	0.277204058009211
0.528117818248297	0.717925448282085
0.220065681853059	0.191872794547783
1.30114485785629	1.0842065426657
0.642708808419295	0.397371117792251
0.365676305999969	0.624792545501169
0.469834887830789	0.949946960494603
0.400009069145676	0.441967096586894
0.610272266417916	0.594336387199929
0.0866873608852293	0.122091829848103
-0.00515251719912066	0.00599638218646327
0.309495082381531	0.61387975846582
0.0395124760066485	0.0498067647245905
-0.284987413199554	0.504353939868905
0.348365839388738	0.637322640896459
-0.42685978058264	0.77732861742782
0.0978949410017131	0.117101380620841
0.0306290097421875	0.0336971063817082
0.904791611985001	1.22854258509117
1.29047675879616	1.12208454641467
0.772949682156608	0.844261070237037
0.787054002186741	0.535757891185327
1.16590605955146	1.40622229088559
0.311595036275511	0.272078448081543
-0.771199457289584	0.629645784544246
0.294003968650941	0.258070990176757
-0.165693667228658	0.122693960901799
0.268735965339219	0.245922682761437
-0.123391529716328	0.123870899218237
0.276954983616812	0.440689201735132
-0.134555788296402	0.207681185093373
0.209835649068008	0.31910658683704
0.6901529914044	1.28071435412309
0.385561189297866	0.3671255967588
0.180802792015854	0.239827831286662
-0.280438649304514	0.480973312084466
0.321819254800867	0.504132253090477
0.251585319596546	0.378689637048816
0.336741835774302	0.582861136774683
0.338116496840517	0.524730976342717
0.142650092237217	0.205577714589406
0.387437306772917	0.519992519631399
0.350255443895151	0.417676820082395
0.442671532729008	0.573709005452656
0.351695388789794	0.263644366860956
0.949691377874056	0.857172979576671
0.232552974825308	0.149138834186146
-0.0311998872955151	0.0178157609260506
0.248825942991405	0.11344487788077
0.210470025657378	0.328961640433277
0.65538240685802	0.742727829837059
-0.0509232297103408	0.0462221742999684
-0.106277309834944	0.102646692244184
0.271394562068697	0.269438156555894
0.468679255106641	0.521467265946497
0.0366987806506013	0.178434981118646
-0.0410444545193966	0.168899221474032
-0.0690703620956377	0.231671624640982
0.0257883142618639	0.0639855465152764
-0.0152876625421953	0.0288060733007358
0.053403199145937	0.0802297055936661
-0.108226479378124	0.19050522827123
-0.0189557906024093	0.0243802203612631
-0.371594658595286	0.534511740287415
-0.0566620012329128	0.071579718351224
-0.518374588133713	1.17180697944075
0.183594907383285	0.293066213206947
-0.0954586518837531	0.141337122456037
-0.279198751991126	0.458750768176401
0.212013010957125	0.338832929222068
-0.0894548449802805	0.12705115602439
0.398460762828317	0.857446635885083
-0.0199989091903913	0.0244269882765954
0.274211020228232	0.483731160891389
0.720938520164177	1.14329705861774
-0.372579171479076	0.511887019595895
0.218699079312942	0.364634464845449
-0.0541128547485383	0.0753262321190893
0.118701377207774	0.155369743485113
-0.129479189426487	0.198467123296769
0.472654091479334	0.936157943132281
-0.266473795160993	0.38438509952532
-0.192570414970493	0.284920898841873
-0.326026039117465	0.498490806234165
0.924150933652242	1.64122934168483
0.103354909749849	0.142667615142686
0.479304560480195	1.24570132598442
0.108952417493742	0.164476843509484
0.15936021560679	0.242644203680218
-0.216391552947756	0.374260945125242
-0.16092473317083	0.144758936348562
0.0158994163840542	0.0155745511571439
0.528654155789167	0.471072536553661
1.04168496011597	0.891255581335421
0.160157717441252	0.253512750693413
-0.262203638275148	0.468589003821908
0.362823224163909	0.743052406954208
-0.250718019993202	0.441921844994646
0.0602901577752696	0.0757799629380798
-0.352469144203149	0.771851393546541
0.213740838390567	0.334628625137072
-0.160168192940978	0.203644729414908
-0.653251568154309	1.37939815450626
0.187351989311567	0.271691069198089
0.574250768711133	0.488546674679069
0.503648960611826	0.470901342110266
-0.0206426712974794	0.015207094589962
-0.0872671574854958	0.0439826063735048
-0.21558802024237	0.1887397935933
0.490806073414851	0.509898304090564
0.211025270024344	0.227532999035309
-0.32059444421631	0.427943212379955
-0.0324963331381818	0.0431758767729464
0.0994308769534649	0.151689164197761
0.533994011780781	0.557700574564333
0.147088765782839	0.213579566797914
-0.0948712892348637	0.129482110415133
0.156322426531832	0.18190992220043
0.401175590941617	0.665161603553818
0.0768474687216521	0.0912732808956787
0.365098354858097	0.619007587409109
0.584606003428315	1.19992662457903
0.363262739076487	0.511058219976689
-0.54710613635431	0.913565994767939
0.585057873848796	1.35372427181656
0.147281938099884	0.189719627397069
0.115589703221664	0.0806846344245089
-0.155918790436747	0.0957030963830355
-0.0470879160684685	0.0244925951213049
0.112627293977843	0.0673917122394416
0.356366298035551	0.231192734989699
0.316309150424882	0.498502573093154
0.504503008114259	0.547634488548525
0.639821957462042	0.981327149984535
0.0382005577730799	0.185691623626875
-0.0637876944012861	0.28075676070033
0.123833039291815	0.338924493011791
-0.0934245617624191	0.214476168675863
0.229250663992247	0.585509984550458
-0.0111556995246182	0.0205432671244874
0.342191201812475	0.921073503876702
-0.0696668767598616	0.128091744272098
0.0543761570999619	0.0940242673504651
0.0820513934696736	0.13638467098698
0.028749474719907	0.0430566833824054
-0.1257705321349	0.221711498399105
-0.0415943647999139	0.0588960497170529
0.538703709938819	0.995489348102544
-0.106669186172333	0.162907471254795
0.0459410310077519	0.0621891965976681
-0.0998818621298915	0.139088675661511
0.160646986471791	0.276953202461881
-0.0901585350934982	0.12724170243501
0.0717000138672591	0.103468336951511
0.342449006565391	0.622605375794102
-0.149642676626935	0.244875406923915
0.125641939717368	0.178807914496054
-0.00412685689504829	0.00423471994746732
0.661752276160318	1.21017772616282
-0.25954404884559	0.368192149065763
-0.337431333177501	0.63210224814757
0.254274584772126	0.411029676440377
0.213283871577478	0.31207518715576
-0.113340044852668	0.157145332614566
0.284961825923307	0.403691326231364
0.262964800667612	0.419207085435817
-0.0662348843712247	0.075053664189291
0.234115044719261	0.324437093601756
0.191924009602372	0.221854768714596
-0.194140302809594	0.254523077561533
-0.105363459663575	0.160307422590245
0.0826506189577423	0.131512811892132
-0.318020045612109	0.65253892512505
-0.891197493092972	2.56994628667267
0.557681928091215	0.630442527297675
1.8972952603802	1.20455844930942
0.506688042171386	0.675705785274488
0.440006694474718	0.978357334275991
0.396529033173629	0.813812930654763
0.228795644079455	0.398227569349888
0.284543607801941	0.4899106579362
-0.257876675174936	0.498074719720639
-0.0315355857947288	0.0418707623406953
0.0173275517107957	0.0238082343735663
-0.0667839322576902	0.0924476003620986
-0.130965179285603	0.19207012104093
-0.119699646071291	0.159244394122918
0.144171349695424	0.107630199035856
-0.410379480143274	0.364838454058477
0.28821771735575	0.267480722486397
-0.516210712168003	0.555373149384316
-0.469522432219708	0.610310462593781
-0.275284462987611	0.29146801943882
-0.355230142743693	0.696537539198562
0.0935232455059006	0.124497079691246
0.272526077328631	0.399716729801431
0.0646940677291224	0.0829127760386685
0.200322504220894	0.278419390122216
0.170613563599831	0.238224926195846
0.171621821953571	0.235240693560304
0.40651575782482	0.65666026347937
0.431470772120954	0.666573229314137
0.504256420027985	0.836970378124535
-0.253756427895423	0.340745764935313
0.234882052213644	0.323624157811155
0.584781191377216	0.581312322678508
0.24729051262958	0.141612165300003
0.230222855894742	0.138288243584347
0.567917352826522	0.371852909874597
0.0942970731272627	0.127783476695889
0.0519359573153189	0.252871616257768
-0.0647598722412612	0.269578550311083
0.0687830620709941	0.24187904525082
-0.0694466417479985	0.213946617178297
0.392182567534105	1.18648556351119
0.103928044869429	0.203799159154403
-0.134685212027371	0.271064805904154
-0.00123243057065295	0.00176369588818027
-0.024064057744867	0.0395345203279172
0.0601012543966814	0.0880587690817717
0.239595217535227	0.435317494333646
0.0436313472120593	0.0546825536788773
0.172371617787573	0.266076711788736
-0.104028150979854	0.155941124118394
0.0268842091256256	0.0277316409602609
-0.214221137887998	0.321005612411042
0.08859279257283	0.120781994413247
-0.0580147838814266	0.0718491107987162
-0.415767280047566	0.730342585827276
-0.143471291003839	0.190472782555985
0.405912277646741	0.735387106961257
0.29911291682539	0.409462596545286
-0.0485777979000836	0.0574251848891264
0.19708798130159	0.228221265716007
0.527783664921771	0.774409973922913
0.271075470860869	0.316958595723811
0.178794813073027	0.21081168064801
0.402699262006586	0.763240935815913
0.352636909446579	0.590944990084445
-0.396380598567691	0.565902952691754
-0.0947495856637437	0.119774845441755
0.13987930950863	0.161997818330306
-0.484746480882296	0.735010354641884
-0.751121516900298	1.26318651072917
0.0787723854776624	0.0931969540248883
-0.461481335931878	0.55329504275132
-0.155576002977903	0.184867401610326
-0.377714742696994	0.651626887631441
0.488705707028808	1.06560313524391
0.131414552115534	0.16243380323464
0.401232959794197	0.715662503310509
0.139551464926599	0.108833964410022
0.205163065539161	0.203751879570715
0.385840581516981	0.725076571801501
0.13425272162773	0.149073422647579
0.117246946948121	0.139195647589586
0.16761745480199	0.1465055312949
0.552585220602962	0.493437371100875
0.212166838542738	0.194090346976171
0.235433271597139	0.339557037093328
-0.0268597827467575	0.0320674551198263
0.153050304757948	0.202857223252752
-0.208521277012201	0.315161286493193
0.0740689906637249	0.086867207490607
-0.12288102188592	0.143971313112807
0.233279018776436	0.359116833738981
0.357494447737734	0.554465232855609
0.111925760409992	0.145830695853606
-0.336176129740361	0.542748522169024
0.21161538336906	0.29401992030068
-0.0481731570786069	0.0508965154820688
-0.052686043893792	0.0519813774346994
0.908711754108081	1.02236145056917
-0.299935546375748	0.197790366046837
0.737109129537611	0.829607030426537
-0.0736373868755584	0.0580724239203593
0.39952922640584	0.448245690695639
0.6407589588459	0.72457194165683
-0.056338518393007	0.0643413307002904
0.0514797141918966	0.0595909783691976
0.0802859540729156	0.0947970029142661
0.475922091675494	0.600787077288975
0.310656414653501	0.416058776823471
0.202943172259195	0.22361300615729
0.476199138303415	0.817278952323235
0.527524190359627	0.795384354189612
0.294853934856363	0.414051014006379
0.343111841129538	0.534897361679597
0.5995533929398	1.03961702325588
0.468367982437741	0.734348133150471
0.52571099336681	0.862142324310008
0.433228245932031	0.444244122177717
0.477365049600963	0.752134117290143
0.334449467821619	0.445249295945057
-0.327045170252806	0.407015114823658
0.298548649358208	0.382069371430131
0.132730879413514	0.141233960963443
0.734572861893096	1.03930327365511
0.614795112369662	0.691365934192746
1.0585073077117	1.00799648461449
-0.15828064688989	0.0663428907639632
-0.0413134500911059	0.0233884434699439
1.55805933882462	1.05844200097153
0.239655114818267	0.135689377428498
0.878850597928404	0.541772914253479
-0.478817074992111	0.279240466259866
0.473580731988027	0.368469998227114
0.235536449480719	0.29859340523534
-0.0586809660865833	0.285926139248375
0.0344968982601672	0.13543901388886
-0.268730786893156	1.47309072607815
0.0659161028167664	0.192010993274751
0.018105349931732	0.0419532706904355
0.160455143016699	0.348937428700791
-0.454971383215708	1.34815113397236
0.0224887674669337	0.0384291233836436
-0.217696436408234	0.383680650338435
-0.128848056155919	0.212841588079837
0.344342922253803	0.753984869984384
0.0214123993610945	0.0285739626341387
0.0493518802343619	0.0633180549828852
-0.28672738140469	0.514606228779183
0.300129516876796	0.508135609857973
-0.0824342347278866	0.110443395821737
0.324071891364341	0.363917623611978
0.449350362339843	0.888924564209065
-0.138296577970066	0.175431746334855
-0.059480996338597	0.0664011617552793
-0.00528403207250982	0.00543230367107375
0.592145986457812	1.18284948545789
-0.14781058745269	0.190090121666812
-0.0156174021367326	0.0153423196826531
0.106161598426275	0.119786982349679
0.197110047257429	0.246386300905919
0.860097347929206	1.58733914871352
0.0606952786429985	0.0650809742094625
-0.353360596623094	0.442901710074433
-0.0188853535642073	0.0204339640979955
0.459116101968736	0.774686806147862
-0.416315655416502	0.660661837060505
0.0641899135091389	0.0755534138528901
0.0166475895871318	0.0148130452358625
-0.0839024972040119	0.0865207037665744
0.0793636945150641	0.0824709874785325
0.422153688218305	0.598094591147376
0.0412597708912378	0.0353302413406021
0.124445771073744	0.1442095486833
-0.309257570793069	0.529098818248357
0.0609315031113338	0.079983825801891
-0.292447520083706	0.453045313390151
-0.164886145929314	0.225325188410759
0.313521623433508	0.269411233483908
0.233225717000624	0.336331071482161
0.0585420426730673	0.0662649014169594
0.557427636076411	0.62736516221576
0.222236543776768	0.193317207754086
0.190961568836348	0.254925006007353
0.169820085879702	0.201311598160126
-0.603501202200598	0.89673250026232
-0.522839810986336	0.888317810586237
-0.183994857914133	0.223151909264469
0.5360125968936	0.899549359166073
-0.0093402392130743	0.00854779313060599
0.0685148052890686	0.0808432914565755
-0.0639209024049729	0.0671495266643754
-0.00265938615475558	0.00259311833314608
-0.314161295666041	0.438821315748483
0.1427354970084	0.152257419807241
0.0517038637143599	0.0474322963404916
-0.0623126593196968	0.047783844829413
0.21904595757177	0.163951076629589
0.085003863845131	0.0392964660399373
-0.316903151240033	0.292496728553452
0.128045605661177	0.108487843688366
0.282173478522866	0.273812720156655
-0.359792434710854	0.387081302369252
0.0757227682344922	0.0857056218703639
0.216198461570591	0.243868275443655
-0.199717353394221	0.22176247364967
-0.433617724295534	0.542342885410129
0.623570232205576	0.981554579363758
0.302079616348027	0.372105582804366
0.128802305604853	0.143393054467638
0.364880284872821	0.482825234182607
0.0237538897046788	0.024364951349735
0.207110357236012	0.251980022150868
0.08707350494468	0.0755685977816827
-0.0992110317246876	0.0877726660756308
-0.106027774759971	0.0909000849456034
0.611255648424299	0.897194965241718
0.932325259191738	1.3427173270757
0.588316561443072	0.479421835955644
1.57991296017307	1.40775311569911
0.332151960222615	0.149176749398042
0.0917466445093074	0.0343279493278557
0.835508806586936	0.448682357348646
0.0856248863699004	0.0487418422494044
0.172842496977919	0.1904290008681
0.0675921211373617	0.373781663599616
-0.146107354649803	0.897701973423463
0.0414664597964719	0.141134297739349
-0.0545486089203395	0.161966114965364
-0.0225312857289277	0.0523750944387058
0.0946453635467686	0.227853553095247
0.119678790102611	0.264521408529656
0.0716082696225242	0.141561931052106
0.0133657824424126	0.0222605721020886
-0.458786071871776	1.29780769781997
-0.329573681731435	0.804226565191199
0.0727552795676749	0.11314460706596
0.15599856600226	0.287255413472708
-0.158980330147737	0.302335664783049
0.0771033981922704	0.116902532772235
-0.0377948241557246	0.049649325197643
0.356047386449509	0.746417913805133
-0.129435632819444	0.200592605393761
-0.250296394202254	0.45131976331018
0.122940806655662	0.173351576802571
-0.0407359052184107	0.0492270384294551
-0.124226450180561	0.187523433319043
0.0525985855439654	0.0644716772325507
-0.188110071135622	0.26055965521995
-0.163535618824708	0.248598045869797
0.0597189857786413	0.0745536036296801
0.280138498425258	0.48298137910798
0.11203810107387	0.144822610995799
-0.336148941135016	0.579114760854067
0.0305932581576142	0.0362757478096357
0.168296429597825	0.207290215541972
0.124615891814014	0.174888052736898
-0.190237108689878	0.287861236406562
0.381089591705147	0.554915991172042
0.219353760323435	0.323167831445724
0.304979613796351	0.508431917738285
0.262305424716296	0.378382032708788
0.209061795984864	0.287159580793152
0.234514894665123	0.336262960675618
-0.216713847142088	0.298743940156325
-0.250521557003358	0.368411908283206
0.498577705811347	1.1134422549128
0.0100828958315684	0.0127118826495052
0.100537592598765	0.141744119806052
-0.131075510991789	0.200338698917338
0.126756591232904	0.0939552033029966
0.0812019822441085	0.105128240734074
0.472981426367372	0.788003575223043
0.463491511176372	0.525371524264592
0.42652589941079	0.52033573705055
0.493138509654371	0.694990365292265
0.460375612911155	0.684614851092665
0.513018955688357	1.06631443634029
-0.350022716072507	0.567373435787532
-0.293657544244829	0.424886487796923
0.412261059839772	0.797180997860525
0.474375866775128	0.873727079347346
0.300644370946018	0.408876166319786
-0.133219064768564	0.176655617838664
0.188178958679697	0.265302595541157
0.106377302833251	0.13252554803227
-0.273587891417351	0.365346064116731
-0.0628464333657533	0.072057764143173
-0.217207503166896	0.242434719083199
0.201826632564951	0.257295784053405
-0.916303960778112	1.5529947142526
0.211357745916923	0.177113888421156
-0.242935352568325	0.214009042101921
-0.0170748705862732	0.0101709579208836
0.0160838341906743	0.0102701966213513
0.970642480768452	1.34326062877112
1.01243758322355	1.07090801879255
-0.511383865563137	0.58258981618057
-0.844924205934376	1.24184897004156
-0.264881572171677	0.303694690047151
0.00174599867378131	0.00190659740321858
0.27231025687479	0.417868111962812
0.351273254440662	0.586726911382419
0.198115781976259	0.240673803580688
0.16491237171282	0.183922795881596
0.136932467797997	0.171101675043976
0.553289493112959	0.927702636090871
0.229530069401943	0.292246759717059
0.381729599535209	0.591997065523349
0.20632006899595	0.263889165911615
0.140095146577352	0.164259043013983
0.315528784825181	0.449820006793411
0.103617309664326	0.117821619892137
0.410484828106114	0.598250649696869
0.918443952780509	1.31103088764238
0.551657210719091	1.07904632928445
-0.272954304755864	0.336167436885553
0.00650466789526131	0.0069046293011583
0.178777567982663	0.212001744235421
0.635975783112883	1.14490038956484
0.0382392655321428	0.0378931341028387
-0.187067814045447	0.248760439177526
-0.841480499350265	1.09292019857576
-0.519337618585973	0.409389495587972
0.332430366196245	0.146038911190171
-0.422135379158597	0.304344390495324
-0.207458780180266	0.0787691688619447
-0.232477987350941	0.133553964203264
-0.474324947255926	0.272912703630459
0.332097181191738	0.144904546427414
1.60182568176931	1.66367292816842
0.44388618090585	0.630336384910023
0.0178061595653727	0.0199696110540757
0.0936365957065114	0.566877674873761
-0.112592598189471	0.563891872738703
0.0582215644351527	0.181110481996131
-0.0338843658852904	0.0785153125595757
0.0653290953855552	0.13039120802239
0.0214257102634107	0.0398843729205857
0.113411358518632	0.231570139983615
-0.128696340097738	0.235142494138137
0.27688263674357	0.664094127132163
0.00410976527679702	0.00583644297148833
0.520502196165386	1.34062645473115
-0.0546471561322586	0.0783557459530639
-0.133578093205969	0.208146467140953
-0.0098520698118591	0.0132247670676901
0.103530883918754	0.162044958518446
0.0642706646382914	0.103334726048542
-0.124623534447905	0.198705633667484
-0.231669019211571	0.382037913861454
-0.0904896011182675	0.123404171495921
0.0803353686622689	0.119743533307742
0.151858387556975	0.256795590105462
0.0736117009126514	0.0912237235217038
0.362589508537206	0.655175799759601
-0.180635439075002	0.250302978826843
0.217494884957105	0.356164411370129
0.221598296142259	0.279138574438382
0.103904836718015	0.147437383654785
0.0491417609753451	0.0647396268568175
0.480865709623822	0.911104045011328
0.637918658688632	1.39331492552026
-0.352551234857662	0.592206760457651
0.434166874627079	0.727221414493497
-0.0529466318283411	0.0559562048975771
0.00246528375183795	0.00259759461858133
0.029157533539922	0.0377009805381441
0.126656304741207	0.162280369281917
0.188124747364733	0.246640292319673
0.129997892966472	0.18822035952764
-0.0694622108998291	0.0757666678044276
0.0284180434881557	0.037027667047428
-0.100133795177602	0.147642382518408
0.162026498547492	0.243196583842892
0.858936605898987	1.95820781329424
0.219373029434433	0.153260975431921
0.245725328809477	0.321148763906204
0.169285336194731	0.228246326217783
0.149249082913498	0.195274628556795
-0.00160372997540059	0.00197199407523691
0.733477821042292	1.0190718698176
1.15614303177504	2.53889477780148
-0.403062345069544	0.5872822093137
-0.540590144477788	0.917320999460888
0.154215691831547	0.186748960816011
0.576476223363993	1.01320250592787
0.368600873305198	0.505635309670408
-0.140817963409126	0.172022312349473
0.197016733167747	0.282353976846588
-0.0532716358005788	0.0569757679031044
0.36634703073628	0.52450149231341
0.912073490342669	2.30962367467763
-0.132859223714975	0.143544117790446
0.361289149141264	0.564900756972895
0.245213588089663	0.351786679858024
0.127524728908146	0.160489719257926
-0.172142994628492	0.257660576155695
0.215013121844126	0.301701549762355
0.014502399188659	0.0129503809820141
0.136320927200301	0.151472561615426
-0.103834043148228	0.091242473686636
-0.49040338122347	0.67352930107162
-0.537448389542848	0.533154146818512
0.65506538259759	0.79070733614849
0.652352988777592	0.928099991819643
0.328431501383568	0.350205610326679
0.168896330650496	0.194561163933882
0.351972638431281	0.446945734665542
0.376253476291702	0.557135710592519
0.177649752401525	0.232860881035116
-0.175904620612497	0.238969318293871
0.228756102100737	0.329826299676645
0.357647191005112	0.523556779910966
0.0625208091979177	0.068700302515537
-0.0763869409371353	0.0802943381042869
0.204506201505241	0.249376989544998
0.297022295075058	0.378296595032355
0.210689617525879	0.219298365224183
0.277427668678599	0.330185572972303
0.703153730294673	1.26610246419091
-0.0411757527680852	0.0397162326294198
0.602917830611286	0.971224429653573
-0.123287634006318	0.125774707994621
0.359290993135233	0.459960127101732
0.822495108978211	1.5575726691873
0.615721973648674	0.89876461811088
0.542943517418373	0.710255735931036
-0.0242356680131365	0.0245959772774856
0.677910576507544	1.28602441595947
0.0741633894898224	0.0806657635074798
0.227750869579715	0.319687833976143
0.0661233717330348	0.0744487984455543
0.305061997079142	0.270883159368277
0.497867555543677	0.371099853982619
0.24026768363181	0.135012943003665
0.642739764552263	0.481419637681292
0.0833414077153053	0.0319424712511074
0.880602554339548	0.549329467473416
1.27527366140366	0.542125791307058
0.078910897175815	0.030257442536634
-0.084443550671846	0.0440328486801783
-0.576649236384123	0.726163272431401
0.0856130845514293	0.0925914000719508
0.0506422600375868	0.254625109672457
0.02240205513153	0.083418025980472
0.0225823005598608	0.0542804995356483
0.118676091741336	0.310089718110865
-0.170644706626383	0.416971594215446
-0.141209842814831	0.35153449199072
-0.26230337861537	0.646030984551321
0.10931647364766	0.246717487360795
-0.109114541998784	0.203642196080423
0.275711043841382	0.593979642855655
0.0209575068784689	0.0297013227998397
-0.106330593885046	0.175556173881129
-0.0275033758335031	0.041627504766286
-0.00465078749144607	0.00662591614540924
0.0276914438579883	0.0399119363964463
-0.320722227625793	0.538759218441331
0.0110922210031756	0.0138557340957118
0.261814825798951	0.46593267257954
-0.174958121541386	0.262525558847283
0.192654976221003	0.327390963459193
-0.0388076008359486	0.0519191942842062
0.45588700265558	0.880978192068381
-0.0316295274305865	0.0378727492917023
0.112528086118763	0.169344557226725
0.101815155678757	0.131273484302041
-0.350644795899016	0.61238115125768
0.32298580859235	0.353722893246808
0.301524912366923	0.474345114062111
-0.239857185294926	0.409157984267632
-0.0359532326711237	0.0426935183148262
0.00122810118108031	0.00114369373154744
-0.126644391113861	0.186132538470037
0.222291899769996	0.282975537235871
0.050489690819477	0.0588335826026205
-0.013887361126479	0.0152298732239387
0.0517015720458621	0.0595179176079982
-0.13757750746201	0.142710132921368
0.0222225413387988	0.027132114830102
-0.302359335574611	0.610062764758069
0.11432185370217	0.179082107495038
-0.170734881987878	0.245412777781356
0.440003097333497	0.857606904382513
0.300930129005673	0.259238848061774
0.767614512287161	1.40789788126626
0.200688273983364	0.276172552240281
0.499043390115008	0.676008839568977
0.0624797181448437	0.0469714465782205
1.21892592406407	2.09305410150667
-0.0168022134383274	0.0138576527122796
-0.00568644667740188	0.00540997159493409
-0.316974681907529	0.426166677593987
0.556442928527275	0.86032131328009
0.0145542783406485	0.0187181856696202
0.0950311536927843	0.130034870053504
0.368478355470402	0.661092178396874
0.165603911153318	0.237770319697144
0.527039643633809	1.09891342812746
0.34674930597229	0.628479006771592
0.0438309691138994	0.0489363409987399
-0.173421046987813	0.246962323069002
0.555346709876337	1.25616427984085
-0.262926299295522	0.432230804226784
-0.391317086747674	0.59860557488993
0.175491383904271	0.211019269059462
0.198633817682537	0.257290931200782
-0.779502363126464	0.938669746970172
-0.663207283398065	0.502227484497413
0.214817634942941	0.185986737145857
-0.260700599285733	0.143676136165751
-0.411150574932665	0.300703520546373
-0.0336761940887872	0.0242785035888375
-0.320699284775389	0.161953368739403
-0.319338254021052	0.322794167841786
-0.135252704352106	0.124072919862207
-0.25207240152778	0.293139303711951
0.0425767956529568	0.0439890043986693
-0.531691114330251	1.10664170034998
0.393414368779187	0.717326111727538
0.41082453508083	0.621017926126635
0.287803799113707	0.248907102764922
0.151739800438322	0.180796658908851
0.636643097674025	1.31803201655967
0.370058468127933	0.63891725652504
0.670119352895951	1.23668065335807
-0.307181050077658	0.426911193391417
-0.016777430393489	0.0165980028800037
0.196306613249042	0.263292066952691
0.139875622693839	0.171673825180575
0.896905471027996	1.83878361273645
0.627872392799876	1.20512352869861
0.0189666310310907	0.0197447396098095
-0.312409122228743	0.401223052024573
0.1239819940994	0.140664030932799
-0.0722620943018574	0.0795009877489333
-0.268868595655501	0.399854558960113
0.0888053847519307	0.0969497594713122
0.56125432358977	0.865106357594153
0.277869248396459	0.365768805929663
0.614198882284425	1.04033621545462
-0.116693494581403	0.130982442249828
0.442060790187405	0.851885081621185
0.0673879525823979	0.0704265645578124
-0.0984044849256269	0.092801232368527
0.426313891479027	0.688899105389398
-0.0364299406761995	0.02618487701338
-0.30140737415222	0.1972509093737
-0.715648262565063	0.435851643172163
0.640396853291978	0.406095402309846
-0.372513912298309	0.17827947080084
0.328716115584612	0.147915455954996
0.418051297316022	0.236342083317092
0.236539430729938	0.143566239086554
-0.0528809564092751	0.0366513125494183
0.214575421358132	0.253964492007859
-0.124403308693445	0.165466245253802
0.497125614831456	0.608836620534123
0.149033313252237	1.06829315328831
0.0402837366956314	0.158757776581289
0.0919672802749952	0.26401951435116
-0.146702091074689	0.40733074110429
0.0869512185122603	0.217770399445966
0.0905339649597198	0.18076553640565
-0.275513485431232	0.839420833200808
0.197395067470469	0.492026639182243
0.234562374838855	0.562651457325443
0.146343580241498	0.317293857491616
-0.265497707864881	0.580933132434405
0.184004621280323	0.363672586096773
-0.110299353617618	0.194774175107111
0.0248574225051678	0.0359748523807627
0.645678215746956	1.35270440689247
-0.451925372444851	0.98190302342469
-0.359356751201265	0.740660993981388
0.44359293372411	0.960866391521041
0.224240665985593	0.377517368980883
-0.00666818882922761	0.00865457699398763
0.290233972238643	0.608649423240825
0.349813970850133	0.740061533963871
0.277634891597	0.538138230620289
-0.0538312668243612	0.0675169227985939
0.1694968144178	0.228707252821196
0.027889732485322	0.0248154851223347
-0.230960844583867	0.306492737843246
0.131432729757102	0.199373194048065
-0.297511091007226	0.479802699108123
0.308658342038961	0.50933612377198
-0.184379336589062	0.28824252531355
-0.00191200961819387	0.00218092339132286
-0.175563985231516	0.222069479999451
-0.297863593404255	0.466478641678552
-0.138475122538436	0.179254239689754
0.02005161606319	0.0199911396256394
0.189711466941092	0.262043693142338
-0.385198874667353	0.811946188545807
-0.19665612953557	0.316099991217498
0.160562783350273	0.249170346351545
0.190555730805294	0.289004341017521
0.174645826926716	0.265745952453943
0.311897378284416	0.526884513931699
0.356556318607183	0.362811428003377
0.0537743618497071	0.0401619246277128
0.387822599433422	0.360582430274696
0.272924569664298	0.274063246986741
-0.323501886570844	0.454007296450022
0.261466510169276	0.3086649497745
0.146444077750343	0.153227181251029
0.421316645208464	0.781382389664329
-0.0774046799425751	0.108971149427952
0.0127465708335845	0.0157181571576701
-0.628417200175983	1.4801453239047
0.00667421381214338	0.00763397017224872
-0.0777125210742957	0.104013642708564
0.0673208305780818	0.0878534090703944
0.084561594684104	0.108148487787483
-0.440395542360036	0.941032953603493
-0.0777889849521502	0.0951440929881943
-0.0161881336252055	0.0180744888024585
0.283483045626409	0.43131211789907
0.327508674698151	0.470382160532251
0.447430464491171	0.704791068239587
0.8979461558304	1.26193438281889
0.444378113169051	0.358545939352484
0.387916640746988	0.359313662935121
-0.775968422229561	0.627507415931269
1.17943005639494	1.32111388054103
0.481537803377462	0.467427687358833
0.254893247003239	0.129587547587494
-0.779237104069101	0.989212222795407
1.16170171641673	1.35831497967613
0.139044878411699	0.127553026823297
0.126397199392443	0.137757605826035
0.0108279922574542	0.0130337472762198
0.167059369549292	0.237067100001016
0.175850404592561	0.262664091937823
0.00378516861555715	0.00421706089276135
0.381229056170041	0.524195831145035
0.459631359321959	1.05603613365088
0.219790036503328	0.314591281481071
-0.101116848477683	0.11521961498947
-0.0604887457515827	0.0680355392290203
-0.408227183980529	0.7508418662741
0.0951348801406574	0.105346962088153
0.351052492088324	0.524232912599092
-0.0200600501672804	0.0220512604128531
0.0887839216907154	0.102347930381763
-0.0209168587606918	0.021327948256632
-0.106014702018856	0.126895762438408
0.0588204932264356	0.0758444597114585
-0.0599619029070393	0.0716214252423801
0.127681223325801	0.161406811093548
-0.173311215195831	0.237303180367474
0.143178359959632	0.197565379708117
-0.127975065269862	0.153598284054625
-0.20511857513556	0.266563413445671
-0.298074617115689	0.431313605669644
0.861316515280257	1.92996691563963
-0.181835281035902	0.229162828764964
0.300996255480906	0.376494384678314
0.19738568850443	0.253027351669607
-0.197813223164251	0.227876451250693
-0.0394587565141741	0.0457793922157387
0.202336124784477	0.281534398879378
0.0156643439003775	0.0157261584675061
-0.443638109559688	0.545973570862714
-0.475427195336331	0.743803445507914
-0.896778393413267	1.15471020128727
-0.75642078929287	0.546178932671985
-0.465095587260794	0.201472996450748
-0.993207343251884	0.722686521929156
0.384664780562082	0.156614993594426
0.654809190182538	0.522040560839641
0.6401069434697	0.404519158702405
0.662601589697889	0.513990163068671
0.641186945643681	0.607948512777077
0.165426978528727	0.179599353476495
-0.287347348959414	0.47171706280001
0.345498002855105	0.433863185332336
0.382507716018098	0.421672257850127
-0.0201927693343667	0.089931337895215
-0.0328865724904245	0.128975990670706
0.179433633857811	0.820640542326631
0.0648533896413041	0.193847596619788
0.174063623736966	0.561850554811422
-0.101527635922633	0.272744263757418
0.117921842971675	0.26245715547778
-0.0929841800711542	0.207457468659938
-0.383818338355388	1.205258161095
0.235922565491713	0.619716543582235
-0.111020432371085	0.225080948570203
-0.147636578952607	0.300366069372669
0.110373583973046	0.191066478259024
-0.0556825712737514	0.0863328248218407
0.13147040492533	0.213429466840023
0.142123326582244	0.168452878874807
0.0074650647636143	0.00979916283651535
0.0103783786860108	0.0136234943094394
0.106139926482164	0.14827567086178
-0.0809544629590634	0.114419112751704
0.151711083395599	0.239055247287093
0.262980739526298	0.445463987492337
0.0157899219058072	0.0194022756936636
0.360034002255692	0.777838068683737
-0.0260977513697712	0.030423215842742
0.164674860678733	0.237305457969475
0.0648942348577593	0.0607314525231428
0.535507745389064	1.03333429216329
0.0148402764370726	0.0175470457241854
-0.337431115369301	0.586798603125977
-0.05584534887864	0.0664327102188829
0.10900159435599	0.141353842711099
-0.395868123883706	0.641516249346623
0.750890061325427	1.58033718588891
-0.0157222475237571	0.0177467812577354
0.246978872207732	0.347851331034014
0.390555004677058	0.496916560166394
-0.0497306460149748	0.0571282314228287
0.0981274947960961	0.151137899086776
0.180615617334967	0.30253526743359
-0.157370029494739	0.26379297065378
-0.0481209323676366	0.0684920351101006
-0.0478682143084445	0.0518185907767494
0.0331553729408386	0.0328062865841905
0.136309108649577	0.171465470028273
0.67480172281224	0.797679747120942
0.913121315615648	0.948335988428836
0.0162495628569162	0.0127078002365152
0.275103849664086	0.261772724331945
-0.0258030754506974	0.023767816641708
-0.188293479041837	0.195309948293598
-0.0367139408151873	0.0341446476580961
0.156163841011313	0.230441946839608
-0.0603971954392284	0.0844935730697478
0.327409732751884	0.64545696554763
-0.00435921442777001	0.00578660834130876
-0.00753585280799827	0.0105026750191559
0.139684307682551	0.200288352371119
-0.0348032905009548	0.044248891183789
-0.419897604855878	0.849802610738284
-0.183158637628069	0.284114021228163
-0.242688181862551	0.370557376504722
0.139748794604672	0.177183878833828
-0.117655453598978	0.150936656825012
0.0981026794790472	0.108029130503749
0.334773405606293	0.502255068491446
-0.123619017497883	0.126706670953561
-0.747615801987057	0.529289332887727
0.125423140965212	0.089164967941897
0.338435166151116	0.14784620543351
1.06152026827324	0.987477894842526
0.91563026004759	0.954432233985196
-0.627155797839235	0.397380423111958
0.443586280183657	0.448254160795608
0.94354613528222	1.06444166723288
0.438600465378844	0.528570487147034
0.129474723289687	0.135266695133391
0.299436717037832	0.529093449511795
-0.343300708037371	0.579456845571499
0.286690749432456	0.4678525419464
-0.0334990565018106	0.0379648959474043
0.494662822752104	0.849459859976408
0.434635975440408	0.670523956054935
0.129658383095277	0.103401420317534
0.271650651256399	0.285792901072949
0.11437751573738	0.0753816206477817
0.0583269997862243	0.0735522623233113
0.0681677222888557	0.0842991881348634
0.0977892028723351	0.120230287317987
-0.170487817099646	0.253502503720112
-0.107915467097973	0.144710341500149
0.269115110406296	0.404723290454388
0.0509219348949455	0.0563774204587861
0.0136738826545525	0.0154760268362761
-0.0862028985058486	0.0908627736325118
-0.664795871482407	1.16757943268862
0.125029834845529	0.153162480880718
-0.337304881524569	0.608381240611108
0.339248541306643	0.540059926397893
-0.148503413091312	0.197875586707651
0.343893577910214	0.635696511091101
-0.292566225702694	0.439601277466125
-0.0299287820840308	0.0344457112788462
0.000179843951046849	0.0000901590304969317
-0.170978390183232	0.223452260986238
0.0940165711606597	0.0853019069526403
0.0778966143550568	0.0992197652059007
-0.109764617004128	0.126914052807396
0.760855731638077	1.32979502880822
-0.0996082594882092	0.101017630400851
-0.198397245073349	0.251354566328076
-0.781596730475614	1.61759471813977
-0.125573876453274	0.157369004721602
0.0366142058063617	0.0404178077784063
0.258197476950244	0.267480550929727
-0.475695675274723	0.727685840521192
-0.569120807868143	0.634778212111492
0.344697268424588	0.240841288223174
0.764581754303809	0.635033088212033
-0.0864103280013024	0.0445747039583683
-0.728595754138764	0.435754985330418
0.581149048304373	0.364103519297614
-0.0797701700343976	0.0408886124038857
-0.771016363505877	0.68996244394524
-1.02792678219537	1.34308680375799
0.0633845429501162	0.0635134493569955
-0.330677811396369	0.558891813886704
0.292213752600898	0.255034640700308
0.698615702822936	0.73346198729092
0.0454819903764684	0.229921447583598
0.0576851632084345	0.254962514108591
0.11359013962402	0.448269778047052
0.256107785034829	1.16448856657452
-0.20365291802111	0.801007337549199
-0.00150205189972117	0.00302627029911042
0.246040338528606	0.84189448954893
0.075192312357269	0.171068319697356
0.112854343301571	0.266889395916114
0.290307581916411	0.921040699501038
0.0271103297400579	0.0463633640323102
-0.0575312512543367	0.103230278478462
0.0814538240563845	0.15752129661113
0.109296176071749	0.198069574760798
-0.0376125836732716	0.0447716018977589
-0.184683680763388	0.304512441957097
-0.215288847956642	0.419589602659889
-0.16019688948142	0.268682250746081
0.221764048926146	0.368153447100082
-0.442994447727725	1.10608604337978
-0.116615431535255	0.184160460033764
0.375340487374082	0.827083567096373
0.510130716557852	1.31004110586292
0.188717252192439	0.314724854037222
0.0967721317889865	0.139116155027333
-0.239847287370915	0.286905967618584
0.215064831389561	0.296116755603542
0.361527683302546	0.775607400971281
0.181538126220362	0.267277886406443
0.221650761853502	0.351489407310563
0.218004976339053	0.350599648620672
-0.267098488914981	0.416915096913253
0.0397547710623637	0.0455078937396633
0.291579255919172	0.481128083082185
0.106457939983399	0.143155656761723
0.424752065178305	0.578858595815464
0.3971320817467	0.677423282617859
-0.0358509073307155	0.0539435200709168
-0.0400307565969355	0.057997542073813
-0.0165115985361739	0.0241305430498948
0.0129329746179892	0.0180153850251495
0.0492892922597315	0.0588909869678655
0.157666033314689	0.214256864885048
0.676915744521345	0.949394256720392
-0.154829588398653	0.128864354739055
-0.013143405230242	0.0121683550240844
0.0237050887094123	0.0203310035088486
0.25599858724144	0.448188752338622
-0.566799988656906	1.60452804306751
-0.139662760589095	0.229060671473132
-0.0745406578945939	0.102800734495362
0.0889631236706035	0.140109701644993
0.262726747393725	0.449970150366157
-0.0661825091205845	0.0923618357076798
0.525373269646935	1.2399576062875
-0.00589798805061701	0.00676001679518534
-0.0444474691482123	0.0485857554182328
0.339104830504772	0.48816713647262
0.143309849180668	0.184223391593815
-0.211132483999711	0.190874490346132
0.783417195924306	0.547668878981527
0.222309458548709	0.16991044984192
0.430715058443012	0.256173840799335
0.396122810164266	0.366023974507618
-0.0263665909859517	0.0192621654752536
0.0836589921796143	0.0409875362176911
0.215514860173554	0.181099644621615
0.874274316613517	1.04033484842664
0.409884390525917	0.527473460864207
-0.0796075584485559	0.0714739782029343
-0.303806700740855	0.554104877418155
-0.413429785626794	0.92349107211381
0.162239714004733	0.248651890016146
0.135295763479883	0.18736518396604
0.386553931123644	0.626095285213922
0.233768632834384	0.351621444349717
-0.494872981645113	0.636553106301135
0.00425059633790246	0.00375668476161195
0.140105474121551	0.209955716945916
0.294717521532148	0.514293127381046
0.621389222129809	1.4978751384325
0.152961963879329	0.226457513065984
0.11205625921547	0.148279122307287
0.184885192731422	0.313999163639788
-0.507420982913691	1.01864853525179
-0.0389413098407434	0.0429274682997676
0.11998672919117	0.166353075883006
0.0451215009428996	0.0468245014551995
0.228586730801339	0.353490055568132
-0.00497912133040553	0.00565512751814986
-0.41907222949708	0.932132412082562
0.104225458345041	0.145360945550767
0.23870406216334	0.385790112806918
0.647193611175595	1.80972716888384
-0.532383949252852	1.2379871532358
0.0289301077215257	0.0348041590120784
0.324887235244805	0.586964271118394
-0.442542830908463	0.782303509685999
-0.537460604054491	0.66679228214952
0.209072454342118	0.31278771016189
0.709478141547484	1.33489242052246
-0.545043681511962	1.01496460844522
0.442561064569208	0.797620558879049
-0.285930454593024	0.373549660657504
-0.0000284222929487415	0.000105553273127418
-0.0856091694252715	0.110544627124051
-0.645175725844194	1.38559517622761
-0.0366757502756105	0.0343460725415149
-0.252531607581673	0.369333360883365
-0.476951654710637	0.586456164573587
0.120247567205299	0.0883480762355301
-0.541186633555116	0.375895980801955
1.17459882870331	1.12435036167623
1.16093748824657	1.05082516341297
-0.853254564566492	0.796829894636364
0.356631665506155	0.248956382342613
-0.769981919694086	0.60681365023913
0.408175223070591	0.512219422289575
0.0527067297729719	0.0581029660087599
-0.427107672177123	0.827845226639398
0.489099773995829	0.453876014416449
0.375775115270237	0.436020280296031
0.0814950282410333	0.488821368343008
0.0716349888940321	0.326481824918527
0.0359030502433792	0.115086191404789
-0.0321278578667593	0.0942325991132866
-0.195060642719126	0.653743273231281
0.171376765235691	0.568350832454876
0.136722003998527	0.364083547598044
0.0721186262586225	0.171249683877043
-0.157823953973647	0.442424955148324
0.0506713113394108	0.0901361934280076
-0.137835597943527	0.29357310280945
0.245742294120645	0.611295601209567
-0.140897255655964	0.267364769830553
-0.210897893971863	0.300399292958674
-0.288948936539072	0.567131490933823
0.0791266103644441	0.128842851483457
-0.0438139939869613	0.0634691384636009
-0.355609403285067	0.796500697293501
-0.272069588304598	0.552802358462308
0.0398121309314284	0.0602075996246904
0.140215133718749	0.236332043551729
0.152320985171151	0.278269981105657
0.189639035819447	0.313386243337348
-0.260703360915763	0.412886903699576
0.199720421634686	0.238096359140201
0.0599624198447303	0.0632804859235251
-0.145345013879639	0.251622731594416
-0.0567399356236888	0.07419123188135
0.116965366247886	0.161666939732871
0.30627545391075	0.603227571062675
-0.520755706980105	0.9176490718469
0.372670919640687	0.626656865093488
0.254299373034001	0.38071200569752
0.359832982235296	0.482013819327214
0.0747073672589661	0.110339124652151
-0.0972888096207512	0.169668747828574
0.081467144111067	0.109404969467478
0.360203377203938	0.732909349798927
0.568592962382992	1.3098906770446
0.126776931021057	0.16268700031891
0.227119199200909	0.204231140314077
-0.843561440206764	1.15217194313536
0.0369826239085379	0.0250893428887401
0.340050727725135	0.476642436153239
0.254218128417992	0.480879876722668
0.27256030932109	0.505757356854728
-0.241081532629938	0.476035252509694
0.280305188698154	0.540554920907196
-0.0857108694044002	0.129105205847356
0.836468505795892	2.75201301061687
0.0108678083181692	0.0151170603933585
-0.0618906056308	0.0945542829933082
0.0465065221015359	0.0666025096901309
-0.483161075434261	1.04615555902316
-0.164367949035709	0.213683378016046
0.678619726739371	1.24165996686231
0.466880129408774	0.760543897779456
-0.0988419279321871	0.0852859021536254
-0.162013361504737	0.0676250485390677
0.689954665428304	0.705138614618034
1.2576871789702	1.19599989281679
0.00524200033450391	0.00311530495727679
-0.208714004579062	0.184028019978103
0.319027003366063	0.257679813402694
-0.101716084358277	0.078591460885622
0.585678467122067	0.975940939718444
-0.0202760775753511	0.0249121171445991
-0.155131386846983	0.269434588076675
-0.135992973913797	0.185866930452154
0.106499787958609	0.137251588898397
-0.194306979722515	0.280464762031441
0.253233499180142	0.443177218088091
0.151768165128908	0.242537571132126
-0.282645306380616	0.444848000557005
-0.0545304590296869	0.0484358474997751
-0.0494984796348898	0.0442985889233036
0.565206662016904	1.22819689735001
0.388398402102905	0.737787950348755
0.191712424953092	0.292263263914828
-0.192296339536815	0.31924236273792
0.0694602397598394	0.080888742531627
-0.483498062878785	0.916497076401646
-0.370751138591346	0.749893052954943
0.0597090962573871	0.0809827502726422
0.057918597504968	0.0754713814074767
-0.136772578752348	0.218908050159537
-0.367654314104206	0.686858705963352
0.442368939472259	0.930214043551439
-0.426613536041094	0.782732398524163
-0.400400883805062	0.747636335617149
-0.440256382331908	0.733309112163331
-0.0314638563819913	0.0294715747338955
-0.0212535209500835	0.0231599458973122
-0.431879719281925	0.717980847244374
0.0192524500255766	0.0213572168942926
0.173627004622892	0.216168750285508
0.552228072840134	1.12377757129456
0.672136779783693	1.39553421944224
0.147195021102466	0.201897271980067
0.051634709705181	0.0554175817572155
-0.6425100754	1.10426361687901
-0.492452848655954	0.868311024932435
0.590973458205794	0.883701922806794
-0.344975762387986	0.315350015648875
0.0340089524008123	0.0228522219611426
-0.77974410356536	0.695305654437686
-0.412002515634314	0.24625438214241
-1.23035596265488	1.09350444486125
-0.115152598035441	0.07381613311636
-1.74781398566687	2.03923526204921
0.299825484846588	0.263660038898671
-0.221078267057223	0.294462892208587
0.255378456762999	0.437866867966591
0.141581590479427	0.130711950443632
0.0588993051339981	0.31767860801995
0.0684455700933453	0.303105995917006
-0.00723416880362739	0.0207545236908473
0.163418791790155	0.564672475867584
0.300887140782464	1.27171557340315
0.238164734933639	0.835562445526195
-0.0503662597595726	0.114148684888545
-0.173328317890485	0.47516884083935
0.0682386279798905	0.136318284541153
-0.0589036327315855	0.111421033324756
0.200248402127665	0.465333665194634
-0.166839146946775	0.337746519834265
0.242212912385928	0.399901750346999
0.0482314526132008	0.0726836083530869
0.249162955365395	0.530250122148367
-0.0149810551757032	0.0210118047548919
0.0983169046472523	0.152297977648755
0.0365528568678573	0.0526610476037456
0.0215982080796418	0.0307529806081265
0.108258746115613	0.17098838886256
-0.0289860294591418	0.0436663338612359
0.926270638313428	3.00558397340546
0.194457723765209	0.310210539664627
-0.0132188562039924	0.011738819508006
-0.390133505837352	0.584483406859649
0.0579378707423562	0.0787931060006315
-0.0348162146292097	0.0441595970157481
-0.0908096936447283	0.114501909622859
-0.0421302874560524	0.0538141551720289
0.0571007202505984	0.0805490984320599
0.168960368629256	0.209835119369822
-0.0050151046883143	0.00621676904351714
0.476676962588539	1.24670756351922
0.205472600700066	0.334028216544993
0.131643564357997	0.177975539123128
0.438985555584346	0.509180037928446
0.179503930387474	0.196621543312114
0.129831291065239	0.0956128906503437
0.756987060778026	0.893757587619665
0.269252107058338	0.541378137502801
0.0222202978333009	0.0309042611213479
0.37640776351742	0.883618639883342
-0.485224250692176	1.23603095294839
0.0492351977943936	0.0745970014053526
0.365466952155136	0.766218966747961
-0.164141411130353	0.217613046019937
-0.351941213240626	0.698110321726292
-0.335093354614009	0.513965260780743
-0.0435982087454385	0.0470642325669394
0.759962325815581	1.75772648567204
-0.189152168696059	0.184227476822953
0.225389063707449	0.164729181566034
0.352903075759924	0.25368723756096
0.210235177940945	0.189689701486898
0.705933850851927	0.729041788385122
-0.0887380098555515	0.0864845020912159
0.207006438180032	0.200203028787982
-0.0760746896071251	0.108950502106259
-0.0387417162276143	0.050260873326922
-0.0446338788617213	0.0539901146609689
0.0228007358113362	0.0257231424850855
0.0741430370050546	0.0863785916078225
-0.433879845725809	1.01152916684864
-0.065392567913315	0.0921038649884501
-0.0669330080485508	0.0899298571111733
0.49484997043186	0.45147182735185
0.0778564758451643	0.0788582644665343
0.797932452734903	1.04332796231685
0.286187032665279	0.419923407043942
0.175530724857326	0.252801518163944
0.285320694335589	0.460545945597276
0.331739267304349	0.603987371241613
0.112897889377326	0.159477843681946
-0.304401439536528	0.5423990402405
0.575033860547277	1.09858003468561
-0.516038157654677	0.963697077389826
-0.0362226705293156	0.0455366234992506
0.00856562515009552	0.0110894754390461
0.136115163979521	0.190219457800054
0.25241819907355	0.433247355553098
0.0375484348600761	0.0498388016766632
-0.405078439692354	0.749828707437286
-0.113198614406215	0.163635638864522
0.0208905240396903	0.0236516034057205
-0.427769839232012	0.659235743793789
0.275456011209154	0.272575470583523
0.425031390913045	0.798259249211975
0.252790062836719	0.343764563408489
-0.607944780839882	1.04227423799085
0.0794379167127894	0.0800014573473226
0.43275016252297	0.754583984948255
0.129366578772105	0.162208891094345
0.19202898339854	0.254741088452383
0.35498153673763	0.531578806432541
0.0581733935786716	0.0507000149671569
-0.372399413209991	0.526418632324292
0.199843909323883	0.206583322044166
0.0421721847013001	0.0286745369697439
0.0818503139961143	0.0425611617796147
-0.511085319079872	0.471791213648775
0.837579329994981	0.683123678869607
-0.447338192907343	0.35468878189202
-0.0448080258924146	0.025498019318585
0.637721012498646	0.394878610848167
0.0701268685486626	0.0519820543212688
0.174314481104443	0.21684393777362
0.00231123243534817	0.00948274010264592
-0.0016774544011872	0.00587633648227889
0.346946390458507	1.96037859145938
0.191622260027436	0.754153697976758
0.14738432300439	0.484348503997231
0.167457842713764	0.525522542430388
-0.133080557514617	0.369292431452059
0.113251678742219	0.25300513393729
-0.0454062467531363	0.0830118964352475
-0.197047764372331	0.455899783964274
-0.143807985633846	0.273526670825367
-0.131956435262578	0.192165092883931
-0.106143754419681	0.173671193082645
0.0864634376627859	0.150391406806861
0.235729284712	0.472847252426203
-0.100243576232031	0.161994657383916
-0.0217832141005155	0.0301298931425084
-0.040120757279573	0.0611359732257666
-0.240421945240264	0.43196672076151
0.111531229300001	0.197537768093831
0.261348049174022	0.421039900949616
0.567273963370484	1.31798996642457
0.643548679026923	1.06747474296924
0.118217098350358	0.12576261976073
0.0530060000466834	0.0748275710667411
0.029104935439237	0.0397613433449538
0.289775299821027	0.528349649528665
0.243742777860536	0.44220241271958
0.452243411412432	0.870058818687447
-0.234735814777974	0.354735853222623
0.325679820382364	0.457663356889112
0.355797169398892	0.43477449574923
0.148409160087409	0.248294317727672
-0.0547571772467342	0.0743612678345437
0.0107492377543811	0.00851178092621818
0.14956164262155	0.132997588183962
-0.0286465588846696	0.0405534630963181
0.0932293654145242	0.141210843053536
0.0932686857940207	0.143965022721988
-0.444519280163922	1.01109903988498
0.258564204100299	0.475785028674859
0.0185709898306946	0.0244346203713658
0.0818450194374313	0.102786941358764
0.199800305842935	0.256147892659377
0.0693841620882042	0.0753813539299999
0.28562368022411	0.381168683199661
-0.728649885822051	0.856475193894644
0.46957920952754	0.254835579529608
0.425740009457817	0.24893413665893
-0.271891161139373	0.26160566796932
0.225928405830707	0.162105086409756
-0.293067380280783	0.245813225393262
0.797067251224891	1.41673414163236
0.101873026636848	0.139249510903112
-0.255897099402138	0.44243774538582
-0.207220426086379	0.319003040002966
0.102263533605932	0.124390559883711
0.418400431520627	0.719073406314719
-0.118308872782032	0.164543165542597
-0.414907317260062	0.938999747885628
0.0412393410192329	0.0498127883582201
0.127937914627299	0.165571025441441
0.108812900907763	0.146309187018396
0.40436788812446	0.698031645764089
0.066759583815844	0.084609711131384
0.0970829666179142	0.122971062190427
0.069918580482203	0.0791667193702376
0.00815644409450849	0.00982431194665537
0.0737169306979581	0.0962696484538744
0.0865930626210376	0.115748808741278
-0.106505434449887	0.152881630941388
-0.0756774250605892	0.10200953132286
-0.313388856629497	0.524572611075355
0.133463726800972	0.163111402690292
-0.161598561953327	0.218929987055511
-0.188840005380202	0.210035629982066
0.219564600782133	0.28833918575443
-0.138425291807984	0.178523465618035
0.0836997223743475	0.103831588564987
0.898988164083644	2.01016562499304
-0.577125601304939	1.02859340893294
0.198215677924912	0.276338658307878
-0.0885918560261075	0.0981600928179494
0.495021005772236	0.901627243522744
-0.0921542754131216	0.088372991010124
-0.532774939711479	0.753663423225362
-0.162092149639496	0.134682946798461
-0.0789134785381186	0.0541076367488148
-1.16825001464359	0.82112237730802
0.612553783900608	0.511355032664556
-1.23551304680619	1.06578288295986
-0.0373903896117809	0.0213134181184298
-0.0767441664332599	0.0395906824933615
0.308473377767453	0.364104738279033
0.211889622955455	0.211079061389693
0.136192232474662	0.186455640320556
0.121746144726764	0.844782803930915
0.152174952734873	0.869135937294162
0.0797362220566225	0.296290011347411
0.0447209504325893	0.128614198140366
-0.0505912207394612	0.136939542775592
-0.0274183536545973	0.0642628256887181
-0.16047330992313	0.457778089962963
0.0119508976722334	0.0235924567963657
-0.098449154454343	0.237105809904925
-0.138909364405445	0.284343961584467
0.444754485305993	1.00284819175397
0.396905721522087	0.994246992148907
-0.411995291412677	1.21573102108871
-0.154737373393287	0.289560144995811
0.0823152594713508	0.151997813314143
-0.0593845824416694	0.0935712175767745
0.0946815750467136	0.178517105787134
0.34462861725903	0.873429915084944
0.281633250216437	0.686003324986514
0.168666527730004	0.293844030146086
0.301715724138428	0.605201861476065
0.0158172597637525	0.0166310897689148
-0.448093488516745	0.728882142586228
-0.0392759957262192	0.0574438657315221
0.145937670049491	0.252502389821196
-0.107457891667623	0.167180192054211
-0.0143640047980629	0.0194656462546036
0.306408795184601	0.587764494163717
0.978416932791425	3.28365891744266
-0.0584699038770456	0.0804590425902707
0.509922716064112	1.20017879392306
0.00495032614495233	0.00522493544233845
0.111420819325432	0.172224969195367
0.121264237326726	0.210850971935126
0.142627744941483	0.249623553357549
0.3166758140451	0.656736352849003
0.0609929214794999	0.0860336724797205
0.0962504519935241	0.139595897709515
0.335075398863824	0.729640253114402
1.11288557691685	2.21328109346459
-0.100597789176947	0.118567652349628
0.157657055032037	0.172551294709104
0.0267911280426439	0.039469078497505
0.194305809900329	0.335864372584584
-0.18643149247217	0.343255264556553
0.0274610135488006	0.035933711132112
0.522995063058018	0.631125167481399
0.613990648112869	0.501175282887815
0.074248519023295	0.0647276124879922
0.306540514173792	0.262482868046539
0.210074385595246	0.221699289190865
0.128902571663327	0.139054945514167
0.0374151875761836	0.0508773928596346
-0.622589668549285	1.47222045927922
0.385177697697616	0.768358826696753
-0.0672454347783864	0.102584148437308
0.0723365614627423	0.109173700461521
-0.00252229237975318	0.00312983739337467
0.361913430051942	0.687817992033035
-0.0990856615444329	0.138591792796524
0.11795191136205	0.180237875927911
-0.152488418465022	0.203433595080779
0.476814902236162	0.97554786076047
-0.082403255277666	0.104945477941032
0.512499283754941	0.683713101918964
-0.0799948964047933	0.0973544444912745
-0.0876663291878491	0.10788711204985
0.053544403061995	0.063183054742208
0.0756703656850484	0.0769330449709286
0.30600809086512	0.513545780919333
-0.248571735855061	0.368830972344952
0.039621917713331	0.0471384493596812
-0.388112731126913	0.759155778325699
0.297667108744058	0.363712517886794
-0.93195432119221	2.19721525752736
-0.240386653387019	0.258824909093412
-0.129436507515948	0.0830175580509407
0.108854472948897	0.0708521537717416
-0.674130977072164	0.549557919242753
-0.864820896680757	0.560235241121698
0.0114838381228664	0.00726272043211459
0.116941086249297	0.0807001114700163
0.18386872222417	0.20425705545112
-0.00857473950519454	0.0364608694879696
0.0962926094119823	0.481709093186567
0.0464027381264604	0.140517695935066
-0.0305529905289907	0.0794435147701971
-0.258670043220253	0.947735300315072
-0.157074568562069	0.43558707585338
0.289362743261689	0.926427803447178
-0.334874217024506	1.10254489437307
-0.514637968124546	2.11184809626897
-0.553145424390679	2.04992281444974
-0.160577948735152	0.356597679260806
0.072329408778681	0.126511974311823
-0.221610596373716	0.400902102246009
-0.393537674063598	0.943935574368638
0.3849548927397	0.931206846985443
0.335748256606024	0.776776419909887
-0.282210425431755	0.560765425506197
0.134762457765906	0.235505299465697
0.0503064199686895	0.0669819189311117
0.129374924606352	0.203982810420156
0.368922730344248	0.795748219690019
-0.442585849207039	0.954288217202793
-0.157823098479097	0.293712791086962
-0.370880448535747	0.821065662660189
0.374282526715586	0.737752886360897
0.0160908173928948	0.021153421799588
-0.403974022484743	0.852958057772765
-0.212145601804133	0.338062315571647
0.121929446476013	0.18000151427261
-0.00600731076560429	0.00800114320623071
-0.327463488642928	0.660931014111375
0.384226348721737	0.824872365148915
0.0790404593078332	0.122308510321433
0.119552765922413	0.192688461791587
0.107591792997545	0.163940869638186
-0.00051535197715003	0.000674224066805694
0.333997871259686	0.255097634049849
0.245251507538367	0.431531810819461
0.202048885896918	0.315038852245624
0.161140623661474	0.255009681272712
0.365112950401621	0.668798287897981
0.0245249802777934	0.0328672571171908
-0.0141040732512117	0.015650383843486
0.141854835043688	0.181100991673313
0.545070987087584	0.857307386099965
0.432017374252741	0.79438118347387
0.812167895192809	1.82930574241648
0.242462570954566	0.343213303607189
-0.075482781627748	0.0979531152765218
0.838166228055076	2.32315841136253
0.232753313142469	0.382397512419187
0.537245269260808	0.451926407149474
0.463197038508044	0.599933712866468
-0.0172527984402524	0.0158380485958243
0.0644224237888912	0.0745188646970705
0.10260895011588	0.139791017332181
-0.0790485212179455	0.10032603790741
-0.0434463639825529	0.0492172842944734
-0.00364742657929383	0.0037233446207846
0.000429632287614456	0.000511140139430861
0.0521854529903418	0.0548892473947986
0.240577514903678	0.322254655687214
0.18087284506858	0.232230590113811
0.299416339679016	0.366952782623406
0.287922085492835	0.356375287291288
-0.0244028125348834	0.0261050400635925
0.0038599899435629	0.00352897027814751
-0.0706445018335245	0.0791080915746464
-0.509468165064638	0.825794282979874
0.654670116843654	1.32568409111295
0.546987038066468	1.01025418503121
-0.1947830839633	0.292788436729014
-0.0672840988006687	0.0821923638257385
-0.0597067290609082	0.0787163276200565
0.283169955163334	0.271440414403323
-0.775968422229561	0.627507415931269
-1.33517997543007	1.27606826595568
0.724323898959644	0.389351772521073
-0.748874150846413	0.530966438532205
-0.0995874165976974	0.0484123645978187
0.0561046591620079	0.297177315366211
0.11300035117518	0.598427735898823
-0.10098419534326	0.38819753188402
-0.394787206850272	2.24280882258259
-0.192750516835145	0.666722931006896
-0.179636152146123	0.562090800804492
0.0780104862262636	0.197849772321354
-0.371868111690599	1.40930798924989
-0.361694528373303	0.881742177246451
-0.341057610363222	0.975874394914808
0.361232630735749	1.18648963759578
-0.389423925556128	1.12295198488501
-0.0619436682518515	0.110766322467931
-0.0481340571866667	0.0771251688295078
0.203394616179606	0.449719527852825
0.296912306006716	0.733889493039916
0.340029343751343	0.896438831594848
-0.109214561208605	0.184928077616486
-0.383421853036429	0.882151062603928
0.272317059703491	0.485658142556487
-0.464163284272908	1.10694267389218
0.0231023041110478	0.0355705539914492
0.19313804643215	0.354837469929903
0.0623887637887995	0.0912230614784313
-0.392979421429059	0.906245080721011
-0.0683728446983915	0.10467536876794
0.153862193486545	0.249308227120848
0.172384483440225	0.276452532487807
-0.242199528985545	0.440752809588702
0.144566074255285	0.180967513504148
0.344610805502541	0.708038269902261
0.733927714151726	0.830865922999131
0.126982019926255	0.201036827485754
0.239273769057711	0.450848449069683
-0.189091676115723	0.344315761077433
0.0894036164496623	0.144182987683854
-0.390561208548595	0.973035991345743
-0.068640367719126	0.102355045613697
0.3794615589018	0.705450641608014
0.372832237702565	0.34850815411822
0.444942070808233	0.529493553810412
0.138549788055959	0.132454250059963
0.153537704462286	0.189012736503974
0.469923013320986	0.350307294435741
0.771921125326508	0.768663719349188
0.679645640061401	0.619996331413605
0.294836836036686	0.272557276012684
0.545508904043323	0.775268723727359
0.0405139917830298	0.0274252140859146
0.450719211947639	0.609025396022845
0.661607851859518	1.57172196347634
0.11734799849325	0.156416740636641
-0.280827144655759	0.497437702886269
-0.314554381805575	0.540172898889149
-0.0116521386416712	0.0133136839433412
0.223927773463438	0.359190464915097
-0.0350808947629967	0.0385429201754744
0.2104681583306	0.236716963309088
-0.293885090473093	0.518742642643371
0.0625997161057468	0.0762060290420133
0.355500622687746	0.456250956240998
-0.169533763275166	0.224829911584798
0.096231822596471	0.108741588828988
-0.0642030591056676	0.0778254396029978
-0.21542443218924	0.340678605757892
-0.0578833216467955	0.0727642539414407
-0.0474975319395554	0.0507037618406627
-0.55367014650662	1.09190786278988
-0.508874135341	0.684994126309949
-0.190872941279858	0.135027692341852
0.479279699828011	0.267518280178642
-0.408812195603324	0.293401079591682
1.33191105286768	0.935722683450911
0.064177646331142	0.344777092628751
-0.0717012751079565	0.317383163978029
-0.146590896378983	0.625507762971001
-0.261907022798221	1.13090411074584
-0.0663875427147104	0.171919330695081
-0.132830330868334	0.371205253527001
-0.776752090974149	4.63277277605648
-0.71501183074893	2.49676456954383
-0.233804743381328	0.579909138621998
0.179200547396788	0.436081547544371
0.0618812286766534	0.111988807371625
-0.131828027969351	0.280338574180659
0.0570226377151034	0.0992259587023723
0.0616255994232149	0.106009511800767
-0.0235914678710511	0.035028592086787
0.144338528740437	0.279341201628735
0.572699496564342	1.58523653179593
-0.0931111805931428	0.12641779561347
0.0722163107662033	0.0840682843007159
-0.424847812180967	0.833405820781035
0.41213338757709	1.01849576312398
0.13489967411283	0.227423883524413
-0.10918599128447	0.17050120794194
-0.0914484373734639	0.140546381009304
0.0290085331327295	0.0388069836591847
0.0847983105667656	0.104120981745791
0.499299262862994	1.11605111425782
-0.365057679213068	0.682086086135614
0.258198704000889	0.346467863914873
0.338572367581818	0.630758417099516
0.0834260278444569	0.133082429745022
0.107534764075705	0.164831850230765
0.0704762253925497	0.108475642001792
-0.151913020733937	0.254029126506248
-0.0643111331382454	0.0876565628677738
-0.104251448381708	0.138699447856775
0.276457414932162	0.435571334211974
0.345628194340384	0.259908885418
-0.366812259134011	0.359057860083115
1.058837714	1.87289436471603
-0.527892841905198	0.842671629709702
0.281117175464893	0.36584308535999
0.237844965330373	0.412732667304114
0.387726541782103	0.246730762364977
0.223385581578213	0.142030096675621
0.719888527112453	0.629383928812186
0.527494393342519	0.624925717889577
1.1031766472974	1.36524697217521
0.0454259415009102	0.0390153259754277
0.456858550225009	0.859694428676243
-0.0206821916358525	0.0243749418949817
0.236359090601062	0.385505617147185
0.414496079331807	0.712936334504051
0.458704863982629	0.813386183235996
-0.375431485252041	0.677308564413887
-0.0330901088692391	0.0355993320981356
0.385956414618888	0.729230341245522
0.070310953682126	0.0860656838878253
-0.903539390530642	2.1272271661912
-0.64375018515707	1.10866788208265
0.0726104689567164	0.0625015800996353
-0.0937890059362868	0.117590453605771
0.462629390724695	0.785326398062806
0.332209044111005	0.479578442952058
0.776523081858338	1.58397588172377
0.0567887883473995	0.0557484748959487
-0.451616676555942	0.745511055228283
0.0133017780774561	0.0149153399102096
-0.112131346884013	0.130882613114792
0.0961790649106263	0.0854580287103214
-0.338491967867125	0.528845506260596
0.266371238355865	0.292206840437393
0.117879017776354	0.0803616304847279
0.0877776411906165	0.0480884205231202
-0.148883822533102	0.0928475933502119
0.634422221446783	0.383712588808844
0.0134938147200796	0.0586609016061065
-0.133557954282039	0.751667391473608
0.0814833820024289	0.280742811557786
0.28078076512891	1.18980909374473
0.135907116405493	0.424418764040031
-0.420684002152037	1.75843440287314
-0.205377183807191	0.412099003328403
-0.167793055176758	0.397209396409092
0.0967483695437221	0.216763467913707
0.161700588639063	0.340585858770635
-0.0333916043883255	0.0575776030126989
0.068965702571706	0.123861392719678
0.388351549563689	1.11868146469502
0.0359492092498911	0.0575416918257254
0.408033949431783	1.14237205509338
0.121352158564232	0.197844274261264
0.234570981667545	0.454277631229336
0.478239273281815	0.917242906430299
0.0617227787634393	0.076691988582232
-0.0398077438335573	0.0563808706028913
0.0722604436663474	0.10188212520862
0.0340510806339305	0.0438975638761561
0.120652320051521	0.203670185851868
-0.231436248369197	0.42048558255504
-0.256285207115753	0.414659003838654
0.439535535568031	0.877363848335184
0.33406715494927	0.636327648557866
-0.792612900154807	1.47345868697011
0.194544580891847	0.298405959838063
0.193923563122954	0.336354904387515
0.0493440277361432	0.0713330540545304
-0.255380322127214	0.452285166184572
-0.193780872007823	0.347504708754588
0.146216868139948	0.24875676874454
-0.660855888906532	1.60901845576938
0.154684293153451	0.253876050825112
0.0802271973804947	0.101750696765383
0.265827060336742	0.436367079327998
0.315668071617311	0.581542849808622
0.486223878695756	0.626322509764301
0.448447656524634	0.445505109465131
0.603813990556395	0.805058249326073
0.326659828679123	0.336128475190411
-0.058716331571181	0.064826610622714
0.239077723428129	0.314726292388567
-0.0157977169577883	0.0220089501322843
0.0485886750476979	0.0346919810027447
0.0877588614843096	0.0479594286600536
0.383825775430051	0.419601194007516
-0.0959508427013215	0.124194005686067
0.0422601619638352	0.0552647831059111
-0.0412872528261296	0.0439378285164479
0.159823828749743	0.223750756560621
0.19914047178481	0.30093759311624
-0.26527144942871	0.405023833577735
-0.214670027619911	0.323010680374663
-0.0950217212586247	0.13030857642463
-0.241502939658598	0.39669900565406
-0.106427585630757	0.136379231781778
-0.0158306876344157	0.0185693070023815
-0.0871528918760299	0.118437271330491
0.0147618751191112	0.016342394322374
0.0913008870880967	0.113476016469485
0.172105243647557	0.215557991627389
-0.0327074786217422	0.0325794977855925
0.522962368755039	0.965481269457927
-0.0720951604460892	0.0821132138456316
-0.263097873121909	0.384204194422569
-0.236470479847245	0.350962426881206
-0.202030931766037	0.305799684563508
0.104114448872133	0.0987282357006201
-0.111407390702097	0.144703914226509
0.11598497272662	0.0790697205438355
0.394978692892426	0.237111315779035
0.065394741148758	0.361278428260606
0.278988312342446	2.08749468836446
0.306950745625106	1.69236400455223
0.144972505020974	0.493063510500553
-0.0568981051404531	0.141011784766758
-0.217621168653765	0.500224854450153
0.0339978469836884	0.0637914093634325
0.0173895746125668	0.0354988509100146
0.557055588448221	2.06926830803908
0.438905770671268	1.47785340327951
0.196177686244472	0.450917317705993
0.0991099094755947	0.192912197930938
0.483200518243674	1.39565857765101
0.0869648237590759	0.159229418104396
-0.000857610740041769	0.00119198746475555
-0.00915663901824369	0.0117994838519736
-0.0843658056216052	0.0940969907992921
-0.0346502241525578	0.0449213636957995
0.239691508455209	0.505091555881336
0.0386541762730654	0.0557612271335003
0.0356443997679679	0.0476684158206151
0.0495632395346837	0.0725761419441361
0.257798530102779	0.462686298402744
-0.507454589778291	1.16818690743831
0.108745569446857	0.147247047176551
0.261564035058507	0.374956591901009
-0.0510074084530933	0.0655095100450441
0.0664211580692561	0.108701865153681
0.184990033633634	0.297437859702284
-0.0800285599879039	0.114723828883261
-0.0320055500092081	0.0470940406736213
-0.281562670400908	0.535725223204024
-0.113101519162158	0.182762319990061
-0.0574230012223982	0.0851005370622732
-0.216358221351284	0.357026671462084
-0.413186972532683	0.836774105341671
-0.115310115018394	0.141373096568402
0.17963625377366	0.270272973247599
0.416121463914843	0.93806515753632
-0.0885415636963443	0.137759519192861
0.185870185360791	0.282817913435574
0.423932065223503	0.367399286985014
-0.110051803832139	0.0813823585144982
0.0744915723647426	0.0588886129291745
-0.0978594092096114	0.089720741346843
0.679285721235157	1.25049519700488
0.353314989446682	0.445797897540865
0.240738346901291	0.418699511884799
0.315044649934941	0.616158831129568
0.0435001212017018	0.058224412968685
0.0335363977106577	0.0484087917251383
0.227014686760209	0.141588723391845
0.217358705763839	0.151723565261184
-0.224774995796156	0.133283981269024
-0.340116640554875	0.363576001797765
0.671813142217698	0.609504665032991
0.114997091861063	0.158432165869543
0.1231279631009	0.178377717329711
0.00183808249566443	0.0019949651419772
0.484057916012526	0.907824710915239
0.0156136527248427	0.0203099089708102
-0.073691842789503	0.086965445001283
0.612604288696033	1.28008266861755
-0.158144702909497	0.238422893634754
0.182791002820419	0.249288626994171
-0.331137121159148	0.56477936371947
-0.171671514341672	0.270867953526967
-0.219262444665634	0.35660638701571
0.146540423784	0.197833474662632
0.327885963482751	0.532655663026603
0.156851538669647	0.237676818165956
0.151448652413957	0.192590289077097
0.506047712239406	0.797994486070442
0.634430638433385	1.18777481899155
0.680771754887861	1.36314708539222
-0.0510696799044291	0.05828071181954
-0.0251826124455117	0.0269437873388309
0.209927365284711	0.29342873122672
-0.501424498179809	0.821862098216272
0.222760244066066	0.255674552557324
0.12774459907667	0.151828157387376
0.573379335679153	0.390474102322105
0.243708165712144	0.146942493919517
0.47538281617044	0.266513584221076
0.165587276114216	1.19014982752715
0.191527509859324	1.13277282560718
-0.164718428982282	0.689122247704133
-0.884200753846508	8.38956865523215
-0.826486205580478	5.10617758567986
-0.301090348660172	1.14061000782403
0.0765859158762145	0.165859008659009
0.100646192183622	0.208362213761878
-0.0868214839109088	0.181466458258637
-0.0473643760884567	0.0839352702418529
0.362185866193607	0.953295658443712
0.044855558130597	0.0685942527109692
-0.141354352120726	0.263098350318445
0.0806640574036022	0.117655376192537
-0.271568244185702	0.526070400389549
-0.203971218996541	0.323787846104631
0.0614455771561354	0.0809294251378674
0.306380061757364	0.666073027596204
-0.307684959074256	0.572747631213288
0.0129418898098479	0.0165175118310163
-0.0157049389436536	0.0213286346154891
-0.367984847830332	0.720315058732994
0.398062646457368	0.791171456438214
0.20020300441938	0.29933245095879
0.0756148140228486	0.0841105123179466
0.0757955386007516	0.105041868065416
-0.338851686096296	0.583752304716609
0.273748292152035	0.427813853002889
0.0327542876032279	0.043704832329593
0.126626791977059	0.174562032682885
0.0925254049741283	0.113406894607129
0.0634259898902794	0.0671203945511188
0.0835255013249328	0.0985430853509158
-0.215090502818604	0.324424709445526
-0.146317240567363	0.219044104332479
0.41969683720775	0.664394169777202
0.302130449408383	0.266761142706637
0.364496966025435	0.335141817886824
-0.289316839393073	0.299878598633356
-0.208872605612569	0.246893719802834
0.379898246515491	0.492628184481525
0.326009841135334	0.405936213952626
0.603543369904539	1.27767067026223
0.530614082321206	1.08127523274465
0.246114619072888	0.376430818862373
0.312243090650099	0.403318365721871
0.216463401784436	0.183220885915061
0.707081750257144	0.528382989423353
1.10860745354399	1.49386773004083
0.88338506326742	0.796750395258294
1.1533938514115	1.15806110088186
0.381063964744822	0.154693651039811
-0.298275556642746	0.257821049159289
0.208943751840991	0.180510117769675
0.280676041089215	0.374287513828539
0.417890994019423	0.670280557654961
-0.257698000617892	0.38523340635682
-0.064049039976705	0.0754588066536374
0.359726633026654	0.499024516765443
0.373573483177597	0.562101663385832
0.148150558898672	0.199943123276491
0.380421686411573	0.524862702272901
-0.521985493720625	0.878670482449927
0.314547423835433	0.448593755961666
0.414282074362786	0.653443451545885
0.643452201753277	1.09900827751777
0.238156912436183	0.33208764076396
0.279143199012959	0.393106164792867
0.00597785260790226	0.00669518375544891
-0.593128046706161	0.996392677206584
-0.0928932317005073	0.107947238214307
0.13755810367798	0.15452819578989
0.213713676325489	0.220654253387736
0.148902146945067	0.145939543272849
0.160685599634852	0.17582957830576
0.0306619499550361	0.0286109828562414
0.115594104482996	0.139031867215778
-0.298564239380459	0.440713896323968
0.304909360387811	0.413346475548176
0.25778911739147	0.133205042756297
0.10665870478395	0.67518539087646
-0.0904384814651429	0.439710422179771
-0.622039040883239	6.31931286519968
-0.778347093696834	6.16662129301424
-0.375700850346421	1.99592072348328
0.299504637015672	1.27113432288253
0.43161879363442	2.00583997559121
0.222808467839399	0.72178309897327
-0.0529246701385088	0.109244622951963
0.0795977782176248	0.172124131698876
0.337448814673967	0.975148439031035
0.0449569499641396	0.0842327675022719
0.0534028917650883	0.0880408364207167
-0.0696155948194487	0.116443718023848
0.0821149424628474	0.114000963937897
-0.291090497990173	0.609770457553271
0.167737873535629	0.350519852507103
-0.000872900190548211	0.00134558881790123
-0.156867289306396	0.29188943230276
-0.377128562076245	0.843728484567233
0.277076768360925	0.532623320011342
0.197406582220819	0.252183841592097
0.112047988717711	0.154707256922883
-0.0462795146298495	0.0612057653463743
0.657476817965192	1.64503122085031
0.571887612617461	1.29357490844855
0.0397124302288123	0.0575971700831545
0.173458950098266	0.280951352213664
-0.456403908055448	0.97940922097881
0.193755364234902	0.317398962572655
0.221559913601548	0.331101500016291
0.14852483442933	0.199368499334297
-0.238278068702347	0.444637388903055
0.207220400834983	0.326792256230769
0.210694222922215	0.290342435560219
0.137650707186081	0.166621410189752
0.322228033972768	0.249304718038068
0.221915275576007	0.218461900058204
0.208317266857757	0.201409563861757
0.291491515525929	0.435891083909074
0.398619375019168	0.805341012605353
0.377694909728134	0.692128802245435
0.229100150135485	0.37439734446271
0.221785653196928	0.350374809996745
0.068081806087192	0.0918943618716606
0.0813270524076155	0.100160011634789
0.323414855785433	0.271605911259512
1.47205601295021	2.0807390188509
0.610738534664395	0.502762338231235
-0.342250692015443	0.314996679986944
0.265041255205134	0.29277622721484
-0.084598169085284	0.114595719516044
-0.0192069378972936	0.0212884251412212
0.0411949066571548	0.0460410755387071
-0.000084444662835881	0.000196650726632223
-0.22025822569259	0.269073163268886
-0.0163994399985838	0.0190237375482941
0.0937265207248313	0.10711160560213
-0.221927135299674	0.283083299658076
-0.06310439523992	0.0741781023856314
0.0699856835201969	0.0776558113124433
-0.16327427765992	0.204453826071486
-0.14331599788368	0.192348159375999
0.747098266484685	1.64121148263612
0.166041521642868	0.193512249358046
0.149329084554929	0.190548733138384
-0.2346115656351	0.339863162903311
-0.133099322398757	0.162182871519191
0.101114794111999	0.116900706373941
-0.0592742674042115	0.0655621121569262
0.0999256950106688	0.113364381439788
-0.0600598578164868	0.0535056102933858
0.562155294244632	0.769867903551859
0.00266694634093371	0.00250602317965276
0.541918357576218	0.752501187081521
-0.321463463489726	0.422865422448512
-0.106838784951467	0.120241337319575
0.0467484128215599	0.0537394450352359
0.464450224353305	0.902390427271877
0.0824892390144568	0.0310225404408597
0.0772610734949496	0.0327314863558039
0.0125994455124478	0.0556860711649029
-0.145788555694045	0.872110408627202
-0.139593192261941	0.560536015381624
0.303663987077979	1.63968471933137
0.2321132040857	0.940490156903509
0.352258256669752	1.39877097417044
0.225154060209762	0.730146878386314
0.316096381626401	1.03349019605957
0.601649085869516	2.97842419278821
0.12414646572089	0.283228685365915
0.241750794424659	0.632103413870686
-0.000719658250696899	0.00119273801892978
0.169172392853774	0.375791516294244
-0.0737367860007661	0.105655865745181
0.121164131375075	0.205471215441326
0.179080343359411	0.401190726418804
-0.0510315496939432	0.0833445515461478
-0.266897938286715	0.562599515607843
0.433445724566989	1.26344246255348
-0.186838161632967	0.340583717748581
0.201669425640419	0.375595915122744
0.165607468195497	0.23839607685069
-0.0883915322833557	0.129669898928871
0.0482915973071077	0.0658826937450363
-0.000975743092526174	0.00139739737457092
0.287553453053051	0.5116001187786
-0.0808580013052613	0.109187676879677
0.0347736235103029	0.0468714915073589
0.18818098653491	0.287013270694671
0.174414806620142	0.292338745161384
0.156846490146587	0.251561199326765
0.380160864009158	0.749885253935469
-0.413872532481689	0.745232969457555
0.156777338217211	0.260802825587262
0.377772190111143	0.78766262510923
0.507273886345781	0.558325015614419
0.199428709731082	0.209640432979001
0.314857955370005	0.39331778337393
0.676645715931224	1.70067698984755
0.0880770624019506	0.128882793141293
0.0828759700263031	0.11768690992538
-0.0275785643086448	0.0354863999763333
0.166220073072312	0.253796546861826
0.256292894140911	0.373592981029207
0.557807133671649	0.490302107725045
0.429088383021251	0.452216015289356
1.04181542591476	0.859240317761079
-0.64186349500001	0.626375053502392
1.53343889612383	2.48077724741593
0.357473825366085	0.227852064209428
-0.0548838471046066	0.0530663250701743
0.19683833740667	0.201166753968156
0.00242975026999796	0.00243931561855907
0.144750249602003	0.120850735838114
-0.0575891256851904	0.0759822346310153
0.0892811299588854	0.122374173040557
-0.302882047289758	0.483583486481583
0.163728185144569	0.228759237687788
0.208433084957625	0.287029482458388
0.102665040966574	0.123610072263479
-0.578811977752077	1.10919001007038
-0.190143413990788	0.26623830702497
0.374308527632265	0.615059718574218
0.151973920586179	0.203819993858591
-0.308340495271681	0.456589386716571
0.0515959399924762	0.0616729160631378
0.300689766362522	0.457471214096467
0.0682846440682737	0.0857198524773805
-0.0147397784547945	0.0162736126330404
0.234643770129408	0.316742505557688
-0.174762947274928	0.239982883657745
0.39823178774207	0.641242189245885
-0.385633044931469	0.644288493001391
0.0510316788242398	0.0562060406694879
-0.0588068813721352	0.0618459776474661
-0.0291823857696137	0.0243681363754566
0.424296338917919	0.687629258301217
0.0234231771341885	0.0252859245631641
0.383717908658276	0.658265649211619
0.0105961290960443	0.0126603219099958
0.240600070478206	0.28343455917252
0.089528399979962	0.546165109347478
0.107302420517313	0.602986379030455
0.36584704069294	2.781019463843
0.574275433911808	4.28661981262183
0.359621081051156	1.68212972385166
0.158453171944047	0.4836185158868
0.260047374001378	0.803769079508252
0.224562719288521	0.640121936657291
0.378273629640744	1.2370323173621
-0.0653157930379306	0.135014359069369
0.198186796977307	0.436467775639789
0.180565229394383	0.388081567879407
0.0631436325392138	0.117484795779857
-0.0413173540448627	0.0739010853779197
-0.00620076980178403	0.00921595749360808
0.06372794739891	0.0977666358954811
-0.136336170215987	0.251178175823674
0.108708863117248	0.188339664837124
0.0883477697845266	0.157316837054086
0.250566521324469	0.428797240673643
-0.00887909774038479	0.0102491720840294
0.990509964243472	2.53540424927922
0.278393340130631	0.434656751525427
0.232665473611705	0.438314525397338
0.468960046218252	0.910066083756819
0.137066240368863	0.210495979867773
0.0523633232897665	0.0663584760698463
0.0143867107252211	0.0153697944755359
0.677423195171535	1.43305592658912
0.199682787339458	0.327694848879536
0.415190864386086	0.729163307774622
0.161983739536244	0.232313353132011
0.0377095658692934	0.0474558736114602
0.0954267251483964	0.161007477294664
0.174149798347582	0.275744577287886
0.351308843793018	0.550683302401159
0.379605273871341	0.647670685147669
-0.00576334106365706	0.00696390092145448
0.0639627176681295	0.0883251466772804
0.639050064845677	1.06900714669996
-0.111446580039048	0.119798974654285
-0.148038389960758	0.121228346942466
0.0247324067417858	0.0213629047683976
-0.101148390592704	0.104596986357566
0.400912761748008	0.450729409107379
-0.672556558493901	1.23174308647448
-0.219437215853277	0.296786739025092
0.389648077014558	0.679992718906652
0.221637313822546	0.353853878666138
0.281674482722935	0.416504592828862
0.386968146387726	0.625194556670857
0.0206776544488261	0.0245303556448284
0.286960719052582	0.536626794781442
-0.208490176933204	0.266007304114294
-0.21614300646358	0.260873690527718
-0.553477832473028	0.824658209967469
-0.0524587526221073	0.052480445810872
-0.272120608979153	0.326370171558283
-0.263719173238224	0.347991124636232
0.332301938885256	0.450688180100253
-0.193023880245672	0.265184939951867
0.164196126204577	0.219227635363116
-0.134564439513013	0.195844555380821
0.26202376004489	0.314686223964196
-0.0141260363998998	0.013132959127568
0.0870777815508713	0.102353928400558
-0.097301573089958	0.100325225138622
-0.23072373440769	0.302000125909528
-0.373068236675555	0.459554990053933
-0.0351823082456441	0.0350412928029383
-0.171339838833022	0.220010152384635
0.0215525625838105	0.0199359256420614
0.288055844618612	0.258799398428949
0.34168916089547	0.447238962628906
-0.0540582371374995	0.0659110224844914
0.283583203262468	0.349015685659863
0.0337486060979143	0.165190402396635
0.350478186256378	3.1129348051099
0.432169922331586	2.52443112945659
0.302844718190809	1.42566101035187
0.255313714270102	0.958512560143228
0.532409787668354	1.88497700755248
-0.0845479508417653	0.16171583656018
-0.139505716292971	0.274481349783257
-0.114376368174923	0.207888107879775
0.135171344093634	0.234111164742567
-0.018777007450501	0.0287675136658941
-0.113647357644554	0.30675886647943
0.509753934806377	1.29246081007084
0.064073553211775	0.0899327590163932
0.620658125189402	1.47753313892196
0.0944174365022736	0.14277740771614
0.26695033747893	0.406265612220244
0.400287229414899	0.717263440784105
0.43843786517439	0.601208515177661
0.658804274404864	1.11800929538583
0.0274651147362177	0.0228313926815541
0.258894793796431	0.341329256580038
0.186906867654702	0.297032413648752
0.201576278238547	0.356806423881159
-0.281775160004039	0.507201164006167
0.0891835604517226	0.146439914435351
0.137449139040269	0.287674599073727
0.269992957684045	0.267803705860655
0.679554771225487	0.881786774705329
0.118175669478951	0.148844773263884
-0.453606470200944	1.15142156731366
0.272994681808562	0.504381866050727
0.123491378713217	0.172812398087478
0.302981728215628	0.685116332516739
0.217246144325909	0.428777570707469
-0.251873388276986	0.419889283224881
0.220894498813388	0.399677894199861
-0.247282081229292	0.534066817622239
0.185177944599786	0.289412269408604
-0.231304201598279	0.450966344014342
0.097319481309433	0.177699846037723
-0.0725919597140511	0.126209797437164
0.364038901238211	0.602734215118355
0.151111661812307	0.138619274812898
0.133852376362611	0.148256313830512
0.688030417312575	0.959186959657999
-0.00865699154980303	0.01387867675022
0.139583768670174	0.219736513199233
-0.207443571064377	0.482544869727377
-0.378705064744968	0.580320883220736
0.249695159686868	0.281412468012478
0.594314166177801	0.634354910747479
0.206134943032689	0.165235909405205
0.134922982300722	0.10621978007121
-0.625332587009005	0.716276653505683
-0.776759698659305	0.689648981748741
0.0472858212009785	0.0342628958263454
-0.403248672686672	0.394027230873901
-0.997779588598152	1.72016454435232
0.406179750601389	0.807821582280804
0.103675866826368	0.13565729661434
-0.0180600480678769	0.0152825483125683
-1.13413218137291	1.64912192903285
0.950528991670354	1.04858663584765
0.607917017966618	0.635446823464733
-0.404395899626665	0.32965109726759
-0.309435763120638	0.263667139710571
0.272276990970107	0.25494790577739
-0.785174468852115	0.868841583400307
0.330988038873896	0.343151007382186
0.424211510163899	0.361126449778538
0.614273675083793	0.767844148702887
0.0254745299521665	0.0298306713096237
0.345485655188746	0.366127158631648
0.190387428733742	0.388062054250885
0.0796051950079049	0.0304788708847725
1.2756729265531	0.552393422796233
0.093088771589765	0.550546899888981
0.104616343673203	0.504143604511193
-0.0054396284739204	0.0153415751856862
0.0181086668432127	0.0484550360860973
-0.078040238726994	0.19319289369244
0.0733364901103729	0.164866137820435
0.0298129543140763	0.0557724587664529
0.190561744883779	0.512833017234969
0.0512674920963438	0.0882352479301027
0.141683249295178	0.323989940368399
0.0556308407250731	0.0779982713533587
-0.372640810433177	0.824948802014181
-0.0112111133576525	0.0150892317875381
0.274465885957126	0.601592281738669
0.0128076238265093	0.018385066640404
-0.0864481520925413	0.119815631028413
-0.50105469073795	1.0471276640701
-0.303904059326862	0.495769855505309
0.206427606163395	0.296846454432688
-0.0286195334816595	0.0314656637532787
-0.0266850301547768	0.0274724121286776
-0.00723836827227723	0.00797525569915116
-0.00136172511553478	0.00155535929565595
0.454651535092898	0.732081314900635
-0.0883910811204039	0.10464661390433
0.0275006532628009	0.031001151211325
0.0980633371801664	0.113748440325917
0.652688547209196	1.60969483071046
0.152908781738481	0.197840090310519
0.141634006751886	0.17826098914523
0.492549082702038	0.903366217698557
-0.116084282710621	0.154346521357597
0.00412352919328416	0.0051400853854097
0.487204871793425	1.00240495045755
0.121545667060156	0.151975582477067
0.484930434700833	0.458556110268474
0.145182432798645	0.134669301403339
0.260707769558676	0.278172063121406
0.534467985030056	0.551759659344327
-0.269562632665518	0.306060880369234
0.0235010940012169	0.0218564597351719
0.0742129283992455	0.0761699374754127
0.0900346190931977	0.116607331708054
0.234011842439315	0.310434538089505
0.0187764508678623	0.019931889143425
0.0545797526212977	0.0590446585783395
0.341968378981121	0.586145584823496
0.4086104050101	0.673994312467766
-0.345971450550527	0.560145787987821
0.244668660581615	0.338661287422235
-0.295418815132975	0.417045528838663
-0.113299961831952	0.125378071925072
0.150868261964592	0.150056014027345
-0.0445482655309788	0.0399662216541894
-0.0183715586748046	0.017124498770438
0.207554940701162	0.219184124247833
0.0322520794445741	0.0308241107468784
-0.577667392381795	0.922764595675785
-0.526090637778537	0.809080244553401
0.208580844654376	0.253465842517958
0.372896682823161	0.602072620194862
-0.475057320813324	0.884346129638408
0.297577827834058	0.388817110852182
-0.185552979536412	0.216619558483407
-0.101481345429714	0.098185747730805
0.282767428657219	0.338543624668622
-0.918980948853271	1.45884813020412
-0.661942321240865	0.927792727957993
-0.900820596950944	1.48307368545574
-0.134842233954109	0.155748260012408
-0.228000572696247	0.25494950525983
0.0655344639591946	0.0693403320931654
0.20485382847251	0.293957902706097
-0.265253356266172	0.148879522690749
0.0860636473133735	0.505072597189314
0.0659284131449363	0.28342175984563
-0.0266903179317033	0.0849763155160036
0.0982775709864137	0.308822133800337
0.138969930437265	0.419427076815972
0.189786899158603	0.540937749988403
-0.0850088011572392	0.211053556664832
0.0732852238940123	0.151100775778599
-0.130274193988458	0.244529866961963
-0.0502846877763964	0.0834274322274973
0.0644387984186263	0.0965117776105729
0.0528928218997613	0.0797572120571885
-0.044114572787892	0.0683090833053452
-0.083174827506706	0.121618352978098
0.129461713203952	0.217457738697358
0.133839168535643	0.204844184854988
0.477436782732087	0.943038327478194
-0.133952933118602	0.193352479044114
-0.195174295152488	0.329109776625919
0.118527320895229	0.166301486522627
0.000678970357456712	0.000823445231302311
-0.350920747607839	0.663325033689536
-0.0115587445899221	0.0140898532776974
0.386727806647614	0.677454229359813
0.394142420712929	0.504914333878341
0.0466931555037622	0.0455852910147821
-0.406709750014392	0.645881050961162
0.357212834718272	0.492449698399862
-0.0096421879950509	0.0118546543459026
0.437306093511514	0.817010950806724
0.162887889578843	0.252166101123106
0.0840414174600077	0.110617772418804
0.087813897692948	0.104441271536651
0.00267620450647467	0.00306924107412584
0.353927719436106	0.666440986613545
0.19590868012441	0.219401822938696
0.553953543708014	0.484924757693948
0.382329998173449	0.364562610776273
0.647205104773677	0.483236806498264
0.73671830861291	0.840864519879736
0.382843748178354	0.353658985048504
-0.596621925052211	0.492971209754262
-0.939732199836331	1.62286688408295
-0.126988520093588	0.107667189318486
0.654535534082759	1.13354888828063
0.00420701893984538	0.00496142801744476
0.35401047094181	0.590169904125424
0.443661113494371	0.77530908499768
0.0492236604668087	0.053215001961528
-0.112366208295655	0.158377951389453
-0.403432749181875	0.738706463307372
-1.1223919528523	1.82047419890971
-0.123880817136408	0.13844209353246
0.268600462981512	0.264650790072733
-0.285443662798387	0.426851261427898
-0.1521747876479	0.190474133193091
-0.381653640555061	0.614320796081354
0.492788780380713	0.767295514715907
0.547393170246226	1.01074002775091
0.209747762081594	0.262009539430382
0.107511837778071	0.136382455549406
-0.272122541863649	0.367788358169081
0.195805456876656	0.233881909900673
-0.21491540062643	0.288341250885706
-0.270029117789145	0.396469348818756
-0.199063256398195	0.296332700656738
0.120720497007133	0.138930795563901
0.26018432338434	0.357903076667452
-0.265337618204942	0.374169487530713
-0.0909054356380053	0.0946325537123683
-0.257549270695294	0.313263676746916
-0.082317057348316	0.0918192807485786
-0.0912775573333237	0.1010564739025
0.0685728158900075	0.0803653369998396
0.0479924430363457	0.0484161581818769
0.216385362515109	0.178043637203561
0.207969050781518	0.259288169893809
0.0694253072197073	0.075246683092849
0.578602242053367	1.02544559164672
0.17842247069503	0.237695839688305
0.0247790531528284	0.0207600376848768
0.126836950276501	0.0905913769901398
0.244085326244729	0.136000949752562
0.0272627766367463	0.128044273676858
0.0379984698945252	0.160386813378156
0.0794133322994994	0.247037460629378
-0.00444978822615086	0.0104643118773894
0.195694554633099	0.585227458451626
0.114883390810473	0.308270868916022
0.387889252222281	1.36697864914176
-0.117367973169496	0.228834138959753
0.0537181753764015	0.0891464660550723
-0.0280115544775608	0.0413055125745677
0.325460652644159	0.757252740309548
0.260466041160932	0.585333313616998
0.197789205047963	0.328732656521067
0.159959030078773	0.231403208794339
-0.292551181086542	0.494701067295076
-0.334343583990491	0.554341810003116
0.19240638882555	0.278455669256504
0.0219079817973633	0.0249162226402771
-0.0634495888147096	0.0706656289953267
0.0283546300527001	0.0372752145083498
0.286223633334062	0.478250084346922
0.178353420165676	0.270416699499339
0.752272294812757	1.29106035129573
0.103300857159592	0.121894923245589
0.593446017045278	1.28565132021304
0.336990456150708	0.613758736998953
0.355301761968753	0.618482176932846
0.25625455399665	0.424486521622276
-0.046136865138884	0.0450786358539086
0.211058381676215	0.264784093519507
0.360786756542195	0.427554039322429
0.214225326447648	0.223746932428857
-0.342668197824845	0.451672862154425
-0.743619959777166	0.976766489443819
0.570666783260233	0.871265412100178
0.135493498810186	0.138155110646422
0.515373785175847	1.05325037297113
-0.0593981358307658	0.0662756149238613
-0.0605573184744611	0.0688781773774034
-0.143419982784844	0.186550245359314
0.324258376316029	0.619508981794158
-0.0186498584801983	0.0207000586929001
-0.327132336643832	0.511657210628438
-0.173451364501107	0.231839804346726
-0.145266312660974	0.192091819068762
-0.395725413916735	0.631564088234754
-0.305914905068192	0.44984916777903
0.150501146172086	0.208856182023669
-0.00846653924619294	0.00949722440538739
-0.296534457157053	0.360475844943576
-0.124543000178574	0.131137278023904
-0.853654390507795	1.41611720130783
-0.522397423042057	0.816729908476589
-0.658506971992284	1.20409077981424
-0.208902167865697	0.236674584031807
-0.42028201581736	0.635095573598726
-0.13997733176557	0.167410570280699
-0.188523215952651	0.2331333702629
0.0342756012016052	0.0398436847165115
-0.409525281312985	0.480928192168527
-0.442177263384859	0.628608029176029
-0.162690062564244	0.175616272250678
-0.229089866341041	0.306155457451915
-0.0867808648854518	0.0843859169226434
0.0589457674081988	0.0630763084706975
-0.0208154784771803	0.019366813169003
0.351259155272273	0.453603334382664
0.116232615264583	0.0754598006494099
-0.143590727569124	0.154014293425831
-0.0330050661519051	0.0329258100938862
0.497943641028828	0.962619387987182
-0.107331930691214	0.1468405429961
-0.0902131005454932	0.115051459309761
0.774854627359482	0.948781077917473
0.261421230925484	0.13422419319869
-0.387376402291235	0.173808012412459
0.0815609967698238	0.030646844454941
0.78030314719685	0.532213728744725
0.112676868757908	0.730727894172929
0.0446063625180796	0.171692126430178
-0.0123779435739283	0.0339372374047169
0.0307482214187826	0.0789236524856079
-0.280236796761514	1.25580712110794
-0.469441053532136	2.25259593558006
-0.157309210074114	0.312289564033942
-0.0107652065663507	0.0180081513353051
0.155821916809752	0.241089111743265
0.180849908936192	0.283329287265928
-0.0372213189715693	0.0465791006560338
0.202028788113196	0.295766411114818
0.0951434119900756	0.145666484015784
0.0498779404303122	0.0690314444433814
0.290605614155741	0.542690786152721
-0.128426130438578	0.164249355872988
0.817524669611988	1.56852377390378
-0.183645821348553	0.28859544937961
0.223110131568502	0.335515888110023
0.190087869470463	0.262290693404453
-0.24400648490491	0.307926980634158
-0.121189014935388	0.142527393240694
0.230983707123613	0.36597463597161
0.247902136545406	0.368878349827125
0.183339300302486	0.269476688707017
0.0698623833129843	0.102494050772191
0.418536325676062	0.729666651412349
0.52930066845766	0.556955187764834
-0.242036352964172	0.275774010793764
-0.57875253049405	0.575028615041961
-0.558887989126368	0.581557049356809
0.10643577772681	0.0994461181378328
-0.943345159916231	1.2964376156239
0.0240244049941996	0.0223086457787098
0.465919988919075	0.659482672566437
0.0624108930050114	0.0736990274144843
-0.0742340529277502	0.100928063717089
0.018756191435674	0.0254996117713856
-0.441191991840668	0.909571126446919
0.113687580912986	0.163991331586523
-0.132508026384442	0.184226993459963
-0.15340252045845	0.204124298967324
0.205788781500304	0.26334580434601
0.0934022571207954	0.125117894313784
0.337783068946206	0.593639332392562
-0.414682567337895	0.657058328927023
0.182278727529727	0.246242459214303
0.523506779997431	0.89248521875519
-0.876344737785981	2.2895909974893
0.00223904634327124	0.00260701572571387
0.0371876299000292	0.0342883721963725
0.0350884459873995	0.0354383144417379
-0.0268019287528192	0.0270244659371359
0.2784492163758	0.373920905014787
0.121501496012284	0.140034395903657
0.483790335617741	0.845995746417482
-0.0126682594800636	0.012594569182179
-0.232734400333616	0.303404243530848
0.766173144254041	1.78099821812821
-0.442585887678428	0.710776766744855
-0.0853168709589182	0.0960211167512944
0.695913079024413	1.34277019393009
-0.378290603078064	0.539970634054719
0.0151455861295212	0.0148898326969236
-0.149757586990504	0.162116827535181
0.236334065552171	0.292490429213595
0.33808524934413	0.4588313159393
-0.0602333183711835	0.0674808725218307
0.0235216459797829	0.0239483636453663
-0.0695921745859879	0.0669550959347331
0.29799472767005	0.379628900786805
-0.0462711298785858	0.0453123487200824
0.680610381659411	1.31674784041407
0.264385295073624	0.383222677227329
-0.111239870316237	0.140789811317069
0.308042167475005	0.516238097861697
0.0814289871771615	0.0693606524324936
-0.775694726768299	0.604774501767682
0.625373151166759	0.296052996581659
0.0839506666353603	0.0408560914960641
0.288881637128778	0.136128156074348
0.0388308118848668	0.178756383691465
-0.0513808638449042	0.197687280550786
0.147982682436985	0.582182109674402
-0.214174867673518	0.867344348038499
-0.306413962771403	1.14860404593917
-0.26677186940187	0.87804267154831
0.0222772251414065	0.0139511369977266
0.158579149484718	0.196200077359313
0.427455124823434	0.865682208503223
-0.0210247043745419	0.0256358024495389
-0.480139168835361	0.949054705246717
0.0508442157036501	0.0625253555754163
0.112987577188634	0.157704288718783
-0.140028036217622	0.200787545825999
0.166129383771866	0.261189347390214
0.883863792240432	1.92929560363941
0.574597708035856	0.994580715169821
0.804626382555577	0.96978747272548
0.273554839954746	0.256861552778729
0.19865441420706	0.214516927871407
0.126494689022817	0.151970131293442
0.0552522737513541	0.0656823421844711
0.687831592056588	1.40946411599392
-0.0661379497381984	0.0825617956504354
-0.0760378789657108	0.0825805377305347
0.0708549475266635	0.0840947919314847
-0.408444629162242	0.663634295211517
0.435931216579567	0.817142075543995
-0.329009323644867	0.536412409489802
-0.412275828247837	0.631806263112412
0.255188579347752	0.364606920510758
0.314568243195381	0.538664481240662
0.0775012352044283	0.0942503281098179
0.338121723350515	0.597328322872836
-0.237768000297467	0.259810968183128
-0.472672803738785	0.333908402786309
-0.206501747612117	0.146750139316163
-0.189843533701109	0.113638221634275
0.648670172287412	0.627996537252025
0.245253664055051	0.140408175847273
0.788276289602068	0.549864359649029
-0.554760122696349	0.669815540708255
-0.670398636107877	0.779037909813914
-0.0440590736581914	0.0441617660047697
-0.539417150411751	1.09472152747732
-0.095329005775739	0.132441181040291
-0.229367546631836	0.36468532485035
-0.127889330833299	0.180176311209724
-0.0722967048854963	0.0910561571019094
0.269158440412807	0.387901271619425
-0.146381073653746	0.192232986198599
-0.138915086251229	0.187190068634901
0.549028951944709	1.21539962784327
-0.571137335938123	0.696980583544904
-0.00294482778004843	0.00284146379277489
0.314888699964044	0.242506081938897
-0.21085626033106	0.286032880343922
-1.00713194409725	2.56652558229156
0.507259496193824	0.774277642148042
0.0765372964230644	0.074447431565618
0.0558897212191417	0.0523716865530814
0.553255049535466	0.926832308786736
-0.485962293093478	0.787694002725791
-0.0403547423790924	0.0429113472210109
-0.0577368502562491	0.057040864923745
-0.206428327506754	0.301625117283135
-0.011883421564355	0.0112363498454161
-0.0400941153596903	0.0471051188526998
0.129955158041239	0.157408842482383
0.127159997534758	0.138404544114963
0.399361540793838	0.481391781574447
0.553386097653371	0.892578448647715
0.287529724800967	0.373538317994618
0.0774567209498081	0.0793849200701992
0.00147953779934155	0.00151469568254385
0.198494161762789	0.207852882543016
-0.246793106521087	0.318717044027495
0.0745999299878888	0.0745216550199053
0.323279489543199	0.362236302310593
-0.501146741353839	0.709834262987493
-0.189200695679681	0.17418522812431
-0.352682777552431	0.22814291989958
1.32560385565017	0.964829454082933
0.514847818928821	0.344331804276661
-0.831551373122705	0.38760207830276
1.03584894290497	0.734134811517673
0.104073425461412	0.654674681968113
0.00855785503001134	0.0305383918459503
-0.192379415586568	0.983602147995186
-0.435204922666535	2.66145851069125
-0.0755475906752776	0.138935814814614
0.060940082835815	0.0829417068176318
0.0344972841815608	0.0445343540489158
-0.0282939628229274	0.0374871804579754
0.755857841726529	1.79064749911046
0.0299049265097849	0.0381501895995767
0.393562138882033	0.735978307507877
0.0738923949516974	0.110383130560109
0.27491106009851	0.50539687329046
0.354001362937389	0.429139268526019
0.329682854926705	0.504333813438845
0.218336833115727	0.337834115589318
0.330780089634601	0.547429468490369
0.130914980630548	0.188682862768243
0.725992390798413	1.72235403936253
0.257667483296005	0.376636276886987
0.0740408501197383	0.101364413874883
-0.0216170023603015	0.0273319731736081
0.0874956708199947	0.121826143008854
0.457311857420608	0.941909801570119
-0.093244065717842	0.124577452230889
0.152088406558626	0.220183300015107
-0.0529109008854129	0.0612168278238184
0.0790238875905833	0.109829835290899
-0.0439011090672397	0.0399619963101986
-0.254059525374548	0.203877470846247
-0.535328306543733	0.65083992139617
0.529552420509461	0.372980013594714
-0.351054924457367	0.341227763780506
-0.186144050505248	0.168791811045157
-0.224316409334204	0.159577252072518
0.246110895885926	0.274823977926692
-0.0647811000857652	0.0583178220114959
0.171149031440107	0.173687244963374
0.104763628308579	0.133809723551841
-0.456976425152152	1.0622012173251
0.0496481242553373	0.0653672980167269
0.194769869111343	0.288354121957722
-0.195169250985957	0.292361329175986
-0.496902138137501	0.896153584970212
0.385038431036027	0.708656846872727
-0.293041285176814	0.492593474985367
0.0484296754492401	0.0649202117773128
-0.684250639130141	1.00933342417471
-0.444533526154812	0.717350400238122
0.152384274894012	0.135678361314277
-0.250010118546647	0.387297856912993
0.88154879244784	2.35072680820023
-0.59361644996249	0.948475773516935
-0.58095903828476	1.12742344122844
-0.412268037543847	0.622583664895877
0.052849378411872	0.0560332144638693
0.657115868061274	1.37403863812945
0.0915391961286779	0.103816205147226
0.0277423982564802	0.0299315406169016
-0.455732455715659	0.724184362338167
-0.0886733209634913	0.0985661053809475
-0.259898616952323	0.350016837717779
-0.799954391013995	1.49974798538569
0.256297656675891	0.359176277310357
0.0595102393747589	0.0642097491796897
-0.523747385908693	0.77798081483333
0.462324318805023	0.759277193639188
0.465578361914749	0.821484563099732
0.170948599986872	0.21226398246876
-0.267985680336638	0.356635606186409
0.121097810942797	0.130451729119092
0.00136524781633087	0.00136213683524527
0.173073664354305	0.21436411206203
0.041731595636651	0.0463530172684738
0.163383304023631	0.181279563925639
-0.0135039187319154	0.0143785853957463
-0.300129879568078	0.260374753891052
-0.631575015681185	0.590917649014977
0.0791116025214236	0.0334411128499293
-0.0789572728474958	0.0402268766230352
-0.372120959981605	0.177364449602232
0.774565283395282	0.632117540500633
0.734816666376524	1.24922678057473
0.112382415713013	0.718219593915969
-0.104992958896235	0.517254984159637
-0.315370643033468	1.83433710585495
-0.452943603115709	2.6283612896396
0.158836820721159	0.383593766680201
0.0628011068140256	0.115465566739611
-0.119210954337879	0.236486037984828
0.124691169562107	0.0902553852049636
0.29865126322447	0.45420802873924
0.00291734491440999	0.00336497649612193
-0.886643558364335	2.28460652151247
0.891835166851243	2.8347991858044
0.0067795878285224	0.00837400412435651
0.216887421228511	0.309033199517652
0.163257400020073	0.23289913355002
0.544652072567098	1.25329058941312
0.366844658750306	0.727836759664692
0.112531001445958	0.172796233684328
0.314805324849163	0.634882381808605
0.210295891690932	0.344957085285848
0.146753868747998	0.206817978940189
-0.535242142944808	1.04576027301163
0.0664446965443465	0.0948272709468784
0.41594809302928	0.856983222939345
0.762843628740705	1.32812349475918
0.295510124867717	0.442575689554996
0.303758592772747	0.468621380774947
-0.0030962193100356	0.00394677773708204
0.42868231767319	0.886247294541941
0.0807526500976968	0.0957225666325638
0.61464655991199	1.24536328961393
0.596148987537863	1.1907632041226
-0.264035626882008	0.386532567358878
0.295400471295801	0.51113162184555
0.216226627993456	0.339694741435008
-0.039917751409184	0.0491120424760186
0.316766751474623	0.555587517083851
-0.276248095217619	0.416623618138044
0.389348192028756	0.701988242600424
0.303890273684678	0.487487968913318
-0.329573046796392	0.570058038001724
-0.406312040509257	0.451990641122626
-0.476771877111405	0.340482501843981
0.208364699895229	0.201901364648802
-1.32887296895582	1.18942145506704
-0.07664649320836	0.0518692067603108
-0.874887000134893	1.33935851103948
0.0989536200535666	0.0609558427636974
-0.0921068283991311	0.0960985583844209
0.263167733610818	0.273623413890007
0.110951278692907	0.114852833553588
-0.0827012874252014	0.0938818245167744
-0.0834783940935531	0.116698884463329
0.137000669508497	0.190852896145704
-0.310465989848545	0.527366933786459
-0.014302572770968	0.0179815805372464
0.0786871102633108	0.0965431880441077
-0.179804160561297	0.23042002162751
0.0168868029084808	0.0196036101915853
0.58565365877114	1.16933962113954
-0.547424201881923	0.697685612788407
-0.131683069941134	0.142858083893419
1.55279883446831	3.13243042472407
0.174235432214318	0.244645750029118
0.2974686207306	0.492675742144194
-0.269166264249856	0.3329975568383
0.129968484693183	0.147020163297608
0.146107545580614	0.175918360342188
0.525211408785978	0.828622843360763
0.0794584267991629	0.0975576066224473
0.0694576579905725	0.0714761755755415
0.00845083740456422	0.00834195389380155
0.721281700212027	1.53121444003791
0.146609826822514	0.192072852478594
-0.14758354473416	0.186720317383926
-0.290412037830293	0.37178500952614
0.727587173326905	1.5027220554192
0.584711039407769	0.845215417311846
-0.176497773120798	0.22378227824021
-0.555755900621715	0.965040330041981
0.47133918832479	0.726962811715328
0.105020080407229	0.108195134841541
0.307416051216759	0.410015945709481
0.624107930237259	1.04600459445206
0.459566106269875	0.757061364335255
-0.56291859322039	0.847014160701572
-0.147814349946671	0.169221691148523
0.2753627192309	0.389449291514672
0.0642312172893479	0.0776846866976526
-0.0225843997330326	0.0230690421403838
-0.0764884190267192	0.0685761635227245
0.720070507274381	0.893148111828595
0.23979288716437	0.145338649894836
0.0826466994457989	0.0315916863143365
0.650668474653172	0.51743499427214
-0.164609905143799	0.0676011304908446
0.296061652170933	0.143822955113066
0.241908255114985	0.135701055962465
0.223378928448385	0.183628712957432
0.361061332444305	0.44542332116601
0.0489000981316587	0.25453085837966
-0.131995570027947	0.724291518982599
-0.452638013365598	3.58633929797708
-0.566870890597366	4.1336211769708
0.0584824980380271	0.170336895865535
-0.0541882792184242	0.142092197396035
-0.0574396451541663	0.132786570349373
-0.0409446629409574	0.0827310443789847
-0.0368663797394185	0.0700808883225222
0.0131976556160914	0.0231303470529128
0.703787623865388	0.741086608820753
0.023675697787768	0.0336781180653575
0.340562959212916	0.711370366567207
0.0832829229483931	0.126625787930034
0.176764510417783	0.314245882721249
0.792091431987417	2.219534599132
-0.0608215941600346	0.0823535316909524
0.234828253997125	0.420954952795602
0.0542733763621821	0.0790159074810711
0.325971040803894	0.628514847455539
-0.0369150561899165	0.0519180325985202
0.449415180524014	0.945680617768669
0.117321700635666	0.180396968872585
0.180518956779004	0.269438152242437
0.262448028952947	0.297194392332874
0.0919822762025735	0.107987899713797
0.389280727222292	0.427480071224444
0.101692448630169	0.088774602955149
-0.0975037729503637	0.0958607832611566
-0.107462369201561	0.147841432428842
0.218201330659629	0.313426094089759
-0.00593700649326516	0.00777240620330939
0.596914531385403	1.45269399862287
0.4863155077686	1.0776433662482
-0.182588816374677	0.295937595822875
0.290051710509169	0.496917891426631
0.239988556355469	0.384836698519812
0.429940714585561	0.779790340937198
0.0209848706763064	0.0262403996494684
0.0514590865967837	0.0688810808754324
-0.0990459015601627	0.139021386479763
0.00518939543001268	0.00653149648658089
-0.0761444535165863	0.107349043449107
0.159476574051446	0.26244573559453
-0.643029116411467	0.993335171440346
-0.443090092844061	0.396573061343012
-0.467470860584705	0.596292456572553
0.364624561812347	0.240876578860252
-0.00613958053097232	0.00458191437752524
0.136872719355117	0.120729744934603
-1.12090160428229	1.40703246202185
-0.69586492559277	1.11593142677321
0.874874140965031	1.23968567105114
-0.293397857101968	0.406821939766833
-0.169251973610108	0.25135239006655
-0.0211622625913986	0.0291230736225951
-0.0408168164181932	0.0579845156521468
-0.175905636350865	0.275954892348744
0.245931328440626	0.399226329740609
-0.0569942580990508	0.0739721170233911
-0.0536298614188411	0.0662312739250903
0.0821376494475721	0.109123381051876
-0.246542432759746	0.439976371496344
-0.174035991778356	0.204038395857688
-0.561134522740867	0.965901625134673
-0.410350367640274	0.459411342052441
-0.137860821280323	0.200500852180633
0.365458812946276	0.734706321234075
0.163739631482363	0.204007165316843
-0.0574353862331291	0.060734243499362
-0.0601496317478212	0.0583916807212856
0.0851895236568257	0.0953729792570392
0.042206682340798	0.0497501685356655
0.0549263888880237	0.0655811574124537
-0.0233983894991704	0.0239906382740994
0.116019836616755	0.159335060039618
0.407899326082454	0.684043109598275
0.0757063325820245	0.0980609892412435
0.252926611649107	0.325954795265313
0.526821786851328	0.921163355273961
1.00261252489343	2.13424125104613
0.511814752792495	0.906362239548785
0.363547931745734	0.604550279058482
0.0132895543316977	0.0163477300258848
0.319448634328597	0.459320466606331
0.332571144199317	0.526606324547509
0.0505030993699289	0.0543217900534944
-0.084337950377784	0.0890353157455088
-0.114027675427283	0.132874462229241
0.648194555068586	1.13059821968374
-0.0878919059828473	0.113573176375769
0.33543707464624	0.514681844750865
0.505066654541046	1.03483296771452
0.795605335903491	1.67368557094228
0.647342841978417	0.623188262883781
0.634997709327092	0.402782387677439
0.791780715549306	0.538551719346418
0.835939719827861	0.443971281728221
0.652561728972288	0.506194254227297
0.236068491592904	0.143685402387546
0.245053785648841	0.13663780043538
0.304229072565667	0.25622298947305
0.133689387574288	0.909466264506053
-0.122313961555758	0.624193314130738
-0.441773948330113	3.28460380234781
-0.196979139991615	0.896491298064781
-0.0309345243130533	0.083407850895668
0.094269837685305	0.259101004907856
0.0382798958870635	0.0854676858154113
0.16290844920396	0.386070401028501
-0.0766653266838759	0.147822054036625
0.500232807129873	0.375228811077113
0.220624953827535	0.164158618947253
0.771042339084426	0.735027748485974
0.0996983357398882	0.122741627910617
-0.0260648612646996	0.0336261361936723
-0.160332867478774	0.242875018979419
0.281470533541097	0.495070940114829
0.0973963082651902	0.134118337880987
0.168265139031145	0.210156591146135
-0.0380793454610622	0.0438210296276668
0.0441011460230107	0.0480526034696713
-0.320917998922132	0.477688348733037
-0.479666736145634	0.934281923929288
-0.293250794495629	0.5088697896329
0.139012129398183	0.184742253998524
0.158872117454386	0.175504431674907
0.25682974476585	0.286248583378959
0.0151753409498143	0.0120806473839947
0.374581997651616	0.409131296227022
-0.189632073558633	0.200932511203468
0.26770817828761	0.358860739846613
0.12928080843866	0.153731871334382
0.267454255690356	0.367820777797758
-0.0572169729829228	0.0767297276534587
-0.160520774120995	0.209188877455094
0.404547070065329	0.638900696939753
-0.243076767719313	0.341117800946779
0.317911810971697	0.501049271089868
0.139281431928153	0.181125785186431
0.193324751958517	0.261193590398654
-0.692323990227852	1.31589482743789
-0.151561354027202	0.185095207008068
-0.0200495994022406	0.0214525901374936
-0.0527840958875543	0.065650785165948
-0.155781440223384	0.206013981541287
0.192049912198977	0.31201608400506
0.0363513555873185	0.0447412006184865
0.481176414870987	0.626518876965799
-1.2713109816401	1.45013728399579
0.211504526031281	0.188416074967445
-0.558314265672545	0.305680626075357
0.491562591123051	0.444084331132899
-0.565501736500248	0.614522500816804
0.224512284041377	0.160527752988285
-0.0606718459111154	0.0600722907121365
0.146969480048157	0.138956423789581
-0.112157502488592	0.126247362446163
0.0244742504519671	0.0276575262203338
0.0961734192467242	0.142426843729642
0.182332869456402	0.270391893848394
-0.0205425031156992	0.0222630047652411
0.78270781566816	1.76785013184859
0.264977718307737	0.397324154264668
0.366570289328683	0.578043379441932
-0.561277127106798	0.948684750066305
0.0284747352117736	0.0363033655840492
-0.12165750155927	0.114021700591291
-0.0131097537741919	0.0124636517058265
-0.399940386830538	0.401478407130567
-0.488051688224547	0.872895335798265
0.585049716622212	1.18148229997747
0.518044482480567	0.835074350234456
0.334137366168463	0.443634084971255
0.374593234472993	0.446687211641842
0.25491463834945	0.277072147196519
0.523428422435828	0.707021102333219
-0.346533995031651	0.436823272463574
-0.192800698020875	0.231719649518473
0.425020625197506	0.683736524330378
0.169925373446845	0.212326037434629
0.10638936118971	0.125724312016717
0.448187788581008	0.676328470449429
0.789627402313848	1.45188605726838
0.266917936825217	0.291241001349531
-0.11560172585747	0.119803684741907
-0.547925067015722	0.790922355970972
0.493361353863444	0.747211704347215
0.692505081398058	1.09216756119651
0.297151242147289	0.337427003832268
0.264295852876791	0.314321367108621
0.240954215532157	0.294851205414042
0.517333608265436	0.832858140602287
0.493807993675095	0.74089733932819
0.294245350770843	0.376384513256818
0.286043117925013	0.370737566293894
0.494644168317818	0.36065255982756
-1.33911449015628	0.612873751611275
0.762765987318851	0.322034822754662
-1.79013283872263	0.436855011092279
1.32894496218309	1.00022648943289
0.0873688589711267	0.0298482305140485
0.06035577765836	0.316027693240808
-0.06533568820783	0.307279262281997
0.201468746720225	1.14970395080118
0.458443634603596	3.2417368587998
0.29060046252326	1.26994442488074
0.112368662187111	0.287026657793087
0.0899485234481463	0.211539293895816
0.158465234209094	0.386371121877629
-0.0123885871536451	0.0223156479521744
0.114495190942125	0.244759365883801
0.105175405515116	0.240231292404916
0.549706802467444	1.80646497587531
0.306249435838774	0.667572198590858
0.967308193233306	1.34133149469215
0.0912198776468167	0.0530414654503501
0.225928405830707	0.162105086409756
0.31597278856498	0.250649474019819
0.717761785292878	1.20631921262827
0.0861442888191287	0.110441403114429
0.108030835356208	0.156440858446022
0.295655221591312	0.460570927344199
-0.155274086430267	0.226659757228274
0.735515721419428	1.72063196273122
0.180594303819045	0.205411801477498
0.118331701825189	0.12753278255566
0.114861989018469	0.147335067715665
-0.365866946783446	0.540714992703693
0.152328610535954	0.219585017822777
-0.0473264165278143	0.0621268722936426
0.150519657633998	0.195715304492672
0.784828158186184	1.89966429294809
0.203162518925759	0.284776555867259
0.28923923223601	0.46747234433697
0.213997969122478	0.294164251386847
0.360999663221799	0.585314001253219
0.348067691744092	0.501956276006355
0.169820601847201	0.234457811436632
0.280409527116632	0.312563542488287
0.210619648913774	0.248058776604062
-0.830773653893241	1.2738613848399
0.577293898801785	0.966816640844448
0.661908587442228	1.14437706231425
0.436752909000166	0.792824556884556
-0.221035792379269	0.320027544736473
0.239211244048125	0.320284662442641
-0.220633044841397	0.352302416128247
0.288011978464267	0.489347678816323
0.272681961795338	0.334487260090143
0.165263843857893	0.196178465814385
-0.205539255109156	0.252942814722781
0.283217197595988	0.360975319241877
0.832667018462811	1.5948914174299
0.0926062314201357	0.100415390897706
-0.133422721413102	0.159505922905772
0.101514344432653	0.126885548133506
0.731909175874293	1.54739723017679
0.0373213071973597	0.0453587803793117
-0.0162979245291233	0.0197577179439968
-0.159521988867046	0.248550970090712
0.430043243351784	0.642079559967255
-0.567475400365575	0.619393540136836
0.132299509120691	0.122635256434959
0.441383167837679	0.451640582365616
0.0133944219354819	0.0082651249285797
0.102049768948892	0.0937466562201352
0.216281236296412	0.179531676354091
-0.476449822089777	0.668658133840208
-0.273725948324387	0.296930128970719
0.494963563890174	0.824061207965982
0.33403752138614	0.451143715905985
0.218556017844101	0.356001163580016
0.53209032583504	0.946049190131004
-0.637899915535101	1.20559919900846
0.415272221847639	0.685385444369315
-0.251572912051117	0.337784513150179
-0.0658504753270475	0.0681698924952825
0.321743172421043	0.552873195761124
0.262175332418273	0.384461985309348
0.0930304387071545	0.0834658446625548
-0.418759506645587	0.616584007323648
1.02206314174691	1.83018429867333
-0.651724777410415	1.1384465142232
0.366924780921784	0.641688492236067
0.467762623560633	0.533292947641055
0.192626664864216	0.203768093451
0.809013880521002	1.16133944745108
-0.366349079960193	0.35720847107939
-0.671930621642042	1.07062491587537
-0.308041815318076	0.376934358133014
0.121341504771838	0.129245231763088
-0.386135990391879	0.526937246873445
0.0873824380994116	0.0983864578580345
0.00386793105317166	0.00386839934544814
-0.453045463575906	0.598614488979105
0.0528555289606087	0.0485537474225753
0.0421384278468646	0.0368923907429878
0.153706324461223	0.147321778311568
0.279524566877698	0.329569736600878
0.191073006759492	0.197128932735227
0.43493462449241	0.511234572775119
0.784169764411964	0.843707300949184
0.250500104437778	0.289543075550075
0.246335731101625	0.296679662155833
0.326022590121685	0.418517885639613
0.380048390976527	0.151905822116921
0.331816825929678	0.149312592186759
0.46823576439156	0.164910083769207
0.0219643859290024	0.105630564081121
0.237518547620908	1.95182491075932
0.513337378381291	3.76147446568618
0.17863351748328	0.571341623254404
-0.182140069654856	0.47364965884725
0.334408063501339	0.916793172116707
-0.163485119281522	0.394006236197264
0.0781279717103369	0.196910858702107
0.0758317710403194	0.158258289836892
0.491529501205246	1.52294278917488
0.223691100982542	0.423196171673367
0.527129847804923	1.06788881624186
0.602276230508737	1.83852165104664
-0.0329077865003186	0.0503170328241097
0.111358385540881	0.180417508436978
0.0846596351001704	0.146670301172085
0.0624687379942613	0.110326029457676
0.0835800295227766	0.145817537170017
0.32356524290413	0.582148152547459
0.388451953928749	0.654107191000034
-0.639094608197948	1.20274512879734
0.694161584652138	1.11037466416053
0.482487199776452	0.607229475725618
0.163838092994933	0.184759799064308
0.153968374483402	0.160348580634691
-0.125732198747916	0.107909364891003
0.430001857025201	0.563780936244565
-0.0427834696359973	0.0381635323447011
0.774723166599911	1.71675685236222
0.639787344171948	1.00551795250218
0.0874245454260024	0.149996113436741
0.813964070953446	1.15956474191399
0.0494409062441582	0.0520755163285999
0.17281055508395	0.1889041886126
0.625671053000804	1.31547564377599
-0.339237973293018	0.658090450575145
-0.000535648808773856	0.000622399635430911
-0.473845653047849	0.696557463747785
-0.115798835083865	0.105772153564545
-0.503127528008951	1.50265912727846
0.116355847380997	0.208537184255158
0.140545371522823	0.24270654157143
-0.318411556367256	0.560415190669955
-0.137223618785254	0.241092921210955
-0.33235315742633	0.856160083771869
0.145513862598226	0.177509021339067
0.0719080007071726	0.0744494948073409
1.01046713525609	1.69646879368039
0.017996758539754	0.0157317337298538
0.589254094731552	0.746742841151721
0.672289025301892	0.775213243562868
0.478192584971455	0.60664249946127
-0.355977188523062	0.383631821816838
0.00183819641800127	0.00133488577032222
0.709382511752324	1.36692209998775
0.297424764168841	0.385090063447391
0.315953199946298	0.658181313759978
-0.440717864936512	0.962875499031815
0.249224753597057	0.39372361430151
0.0804916020644965	0.13770600568386
0.068352837740524	0.106002751810458
0.152138512561456	0.271018310053918
0.11639470009876	0.186336290128885
-0.0453124185365621	0.0616135648068833
0.363865361463459	0.79289379709518
-0.293771569572833	0.539900082741687
-0.153418023431495	0.227086624299793
-0.24912879445454	0.462400156129762
0.334365089783737	0.818458959271203
-0.0758919861800225	0.128854467208034
-0.679171191934031	1.4491666577902
-0.0638434125967033	0.0620163493679892
0.000382526701212247	0.000447643500543045
0.0759512073158123	0.0774932271529741
-0.494113146877716	1.02134576540333
0.141357219243	0.131601311094896
-0.0976887570887719	0.085202544305088
-0.179291524279399	0.246577573297969
-0.167101602945674	0.312499590909435
-0.0519752908088772	0.0632290960203152
0.0399377689963409	0.0630583482476646
0.487927068825752	0.899417671383177
0.0844178924921161	0.0848466919143459
-0.400524292920076	0.361611688823307
0.133486980046155	0.115409739467429
0.528979046470842	0.613591543694125
0.545884705875587	0.479684400869606
-0.202132922132467	0.18200163563701
0.340742577055534	0.340368448582693
0.845276030428352	1.21476466717235
-0.309411738257447	0.290413591634035
0.315876757043383	0.468065742107492
-0.0492775222476413	0.056192197709027
0.0659765064578224	0.0508221535201247
-0.216012656696446	0.186731622390419
0.960953130623044	1.13031698940042
0.556853991889393	0.690282255125027
0.153079928794189	0.0306572399262932
0.615676814732719	0.27832302791521
0.106092311147029	0.666361889327257
-0.00603548691160689	0.0215029176360997
-0.319678864968961	1.90573221093409
-0.278328538193427	1.17960562239234
-0.452065674895743	2.29390698259883
-0.667275991125237	4.23320318449253
-0.219677678195776	0.790385091668666
-0.280170238203877	1.03491698793392
0.269446417147789	0.669886789563989
-0.198668320056492	0.334502750109049
0.314147334923685	0.500046598500279
0.685427105514783	1.54362648581806
0.429718004399273	0.739632463545981
0.239800751862869	0.403535361684376
0.118918648386866	0.18180551556494
0.125007934945589	0.204756451182336
0.361307909655971	0.738734774061277
-0.151061539640748	0.280900783810244
0.390840149543865	0.824758804604513
-0.237683064691188	0.407437882157286
0.413306204232572	0.80121449985997
-0.0218126681437006	0.024042562555362
0.358235861787486	0.436920472191664
-0.312234892242478	0.380368965793949
0.54117465538094	0.759463999813009
-0.274195304725109	0.331811162946659
-0.332547192083817	0.527259707050141
-0.63695054101996	1.51095123582482
0.776427834505148	1.71261128462735
0.169719469637184	0.23392887971385
0.0587935709081298	0.0984661385281061
-0.48181644216983	0.788082985038078
0.498416330082148	0.970282312961437
0.146696061225876	0.197996955767268
-0.0256024446668908	0.0320859626792852
-0.188617004110554	0.259056691538961
-0.0829641003864364	0.126749573870968
-0.513240307193901	0.747872144233984
0.125232432647108	0.166087024619547
0.309333853383369	0.675432754866331
-0.17802246360022	0.276473581128657
0.322497575799072	0.601863423580609
-0.244000602615625	0.401242848164426
0.0601406658336069	0.0888967697357364
-0.0823849439574719	0.147649224219415
-0.0335406137054209	0.0416904084072113
-0.893196786911582	2.10991149690411
-0.243837150427188	0.280860852551454
0.233587544229606	0.281212884570207
0.693342756731513	1.08664134104401
-0.0552059521670747	0.0431752964871591
-0.0945643663934202	0.103613269912702
-0.0719461157361232	0.0630223950495232
0.0872748023855421	0.0924957441670287
-0.50552466118788	0.80191089072257
-0.0806931880373738	0.0967572369803896
-0.206639770869346	0.388218493456001
-0.455547402784638	1.11208752427544
-0.307791238029976	0.597218530420934
0.366156190940285	0.86258129835593
0.164353720346626	0.234693705657166
-0.10738700624986	0.150420181091678
0.356061962149076	0.521791993177266
0.401371095015331	0.586366972244862
-0.446965675737992	0.703397396240885
-0.394498413706997	0.640587356449254
0.144125402800439	0.20491313469747
0.157292145789745	0.241441415573122
-0.151379595830494	0.274448605434131
-0.106207180951141	0.185894796521372
-0.0621993346893886	0.0878825153807658
-0.298277677025871	0.446448129408807
0.17967853436376	0.203615580278252
-0.326609062050778	0.513417714692056
0.265988859600059	0.435122197595329
-0.71037346066114	1.04652639173299
-0.66308175736974	0.868847952955479
-0.0299033314323516	0.0358505446407617
0.0607141726803841	0.0875893998953716
0.065184351139266	0.0857050890200366
0.149156371543497	0.239910860188855
0.161258145414422	0.217873664791923
-0.178002563912228	0.212837026558756
0.799273331256575	1.0281681735243
0.0876288894214801	0.0753136155320047
0.368333101109021	0.348722116531021
0.202746016583249	0.170148154194998
-0.524336021861333	0.501583548981466
-1.01232354341555	1.65126080639899
-0.636651568698426	0.876177281419901
0.0251782286136006	0.0210773378473702
-0.216952701079623	0.279039916161545
0.0579603470632458	0.0669552092799596
-0.212755786322814	0.185821147369854
0.638332852657398	0.400531689792912
1.89965086314273	1.20697215495115
0.535514245533899	0.25574816426351
1.50307348844801	0.741702137352619
0.0645486275159949	0.354203749068397
-0.0776475593568458	0.359297611938257
-0.237755532717488	1.23110357375851
-0.0742853128621889	0.241772509995779
-0.241333461182216	0.999129457668305
-0.201809082540452	0.675918307208728
0.157363288842073	0.496364459382662
0.0858225858584077	0.19041215931266
0.0524841264771665	0.0922804993772876
0.128629033966176	0.22916438210703
0.824785841162407	1.43888418809255
0.290056570291119	0.25032416813805
0.0675396115892492	0.0529401273998681
-0.0775238264988091	0.0701746357831095
-0.222218011869614	0.316351271215538
0.0300838854314067	0.0317556793510996
-0.969845981618899	1.69287812947417
-0.13490242634217	0.224081295769639
-0.537847731260887	1.46890914394671
-0.288642546163394	0.538968814868561
-0.273133023139211	0.572442428499295
-0.0556907235568205	0.0800943811175101
-0.3232483798334	0.57631594183933
0.0830555660123286	0.107513719573456
-0.0340585299055228	0.0416717101866301
-0.33423535609824	0.626437649953781
-0.323906308696225	0.644392440984225
-0.0358412935921723	0.0551576928526943
-0.106059329776567	0.150503254519332
-0.513944505540539	1.19688280161666
0.0503676027052672	0.0696379451186177
0.248400736191994	0.407844411444838
-0.297866764089566	0.581678334556287
0.319525272718912	0.618619357831539
0.498368131127383	1.24900757101088
0.274619984325598	0.400067436775823
0.267080302557036	0.521871612430032
0.203474414463609	0.240816274074089
0.118046219796856	0.144668876181291
0.149222603545388	0.161414539244189
0.37349910714975	0.433383695134014
0.263243381901504	0.324445662853988
-0.117973791415661	0.179326417120394
-0.453609729285094	0.930100593361575
-0.170642118182003	0.258632357603288
-0.218069234552006	0.427395678392262
0.299418317014425	0.585861712359773
0.204697529624663	0.262065368242815
-0.22737889037752	0.327861432124795
0.744496647188043	1.917391700759
0.728140348921699	1.46745041005285
0.0863268195933159	0.0976208405471857
-0.23043636116215	0.32539723309357
0.0279973214532851	0.0333557524295799
-0.07080349519508	0.101606110483706
-0.363715479435413	0.682326324226976
-0.104790991507022	0.140465408717537
0.0392802657141442	0.0550028371405759
0.220502484603903	0.42830071293091
-0.653050466236244	1.30444193670717
0.0743707126704495	0.0628465322633186
-0.275838398293896	0.29833371285822
0.220624953827535	0.164158618947253
0.54552639388737	0.774583001584643
0.671681212909659	0.936839925580271
1.1168593961921	1.75279906450765
0.243373400763598	0.335655898168625
0.170992315288548	0.233369745218315
0.265385913535368	0.429882682943227
-0.167722073496429	0.302743469330507
-0.120257541316851	0.173112153723325
0.529478623743177	1.10026497430451
-0.611884025351672	1.23339613092095
-0.256173439420306	0.40909647961573
-0.155207388787684	0.215793195265507
0.469356626069642	0.955525775013669
-0.0611362795868162	0.0856408462782347
-0.2815186586991	0.411282917067751
0.0630478211624403	0.074329370243263
0.510723009790929	0.692571494498633
0.0676988117878482	0.0981373993343866
-0.192626871526573	0.301717340855225
0.0355975870707433	0.0377828801189029
0.0146056727498832	0.0150378513878383
0.300738737466535	0.373382520311415
0.780654881799759	1.51360071165299
-0.062468628161347	0.0612935929592978
0.00696015190436816	0.00682704280401976
0.0495244341472502	0.0509145757115071
0.649077119428911	1.08691150809451
0.310394722645878	0.516023564322472
-0.796656667914804	1.94845105191046
-0.24437764282433	0.28457239715044
0.581053444170889	1.00272288146143
0.377422831802109	0.497611721410309
0.62603404190413	0.287453784733605
0.087667108936393	0.0335249184121293
0.332430366196245	0.146038911190171
0.0793139868474619	0.454084074284469
0.0237936661574289	0.0898689514360275
-0.0637584460706058	0.222903281693208
0.048723175705049	0.139166468586773
-0.0629636609769326	0.165203935774497
0.00241745866916961	0.00541567593609497
-0.0604873210025328	0.140327044403153
0.173390729225283	0.526476596557842
0.382812305652235	1.38575604235636
0.0808772523190678	0.149243906580106
0.262495670295067	0.571949052854805
0.612760970318701	0.673373869935033
1.17240160476233	1.44300304341009
0.290845862421392	0.263740988252443
-0.15537917764084	0.197955677102908
-0.629468128729219	1.01566340877705
0.480465698595247	0.691932987568018
-0.0235662256607247	0.02718899725199
-0.161530352594448	0.288693563733595
0.221569287861064	0.398665603863936
0.115633895422571	0.182104304547506
0.0267330011232231	0.0372833795308255
-0.0249811661595053	0.0283614874918798
0.0275136455974648	0.0333539306812503
0.21949046080744	0.353731975802176
0.0325448002968199	0.0393541035258282
0.20636602443172	0.350508531085605
-0.0331281122721586	0.0455795256107079
-0.0137077299562234	0.0161641833123363
-0.454829518520077	0.903397502426363
0.11551989425761	0.170751168508343
0.418613849773376	0.847958751482726
0.149615365874422	0.230669664192485
-0.516164154680589	1.20146440613589
-0.122377909396712	0.171730033470276
0.406662256859115	0.741064635684751
-0.757449021849495	1.87766033344551
-0.252545429779685	0.35638027515745
-0.39011668798558	0.557868925814111
0.203041356296184	0.227066403381761
-0.423718106743752	0.501467943910308
-0.243514700821702	0.28962953134892
0.0205880590555859	0.0261577903792736
0.17445770492423	0.262191280278679
-0.0611853540662197	0.0774783343945463
0.0288614014203263	0.0378330437570088
-0.152341411608022	0.238599551568012
0.07140260801829	0.0857341928664442
0.450600250618302	0.79679897112015
0.260828950029738	0.370082581246981
0.521035695962868	1.05124278011935
0.185339967400711	0.250209756456755
0.485639866188275	0.993376907951362
-0.48180984053945	0.860100979403391
-0.110495779637506	0.141517063173882
-0.439580591464973	0.802833983327627
0.0162911835309205	0.021189793574846
-0.295547232152851	0.584041965845806
0.340139165501698	0.487658402046647
-0.545345177474987	0.477992546860006
0.517311777481245	0.629169639452088
0.889080853144179	0.815288692942705
0.140243832945041	0.108744887055924
-0.187917718227353	0.179389648274162
0.820595369887122	0.775483862227629
0.144913207924172	0.158916813664944
-0.10663016085183	0.183284825279978
0.175356558816521	0.28188177092499
-0.150724983313857	0.20711818502691
0.310910086488914	0.52091417914523
0.0565766507775429	0.0697542845384236
0.112935535859805	0.142791190374661
0.710478170880898	1.61440608909321
-0.359278882694229	0.692920101295835
0.260570021365955	0.286101880094827
-0.528655559312338	0.960416748557955
-0.0623003086716582	0.0567585360238751
-0.522810719176241	1.21751881738746
-0.087516402852096	0.119383037597156
-0.200960211295357	0.251239056290246
0.601635388846917	1.03529763554463
-0.12631728123363	0.127368899316929
0.136866240912497	0.124862073032044
-0.306121351411426	0.421424975984833
0.0195437171501714	0.0193424190063225
-0.106186443167516	0.106491875736931
0.313392817548951	0.432399429706012
0.208007320429536	0.258804529559481
0.448128640858523	0.671355202742785
0.217191942567215	0.241747131772167
1.0980332839395	2.11510351596336
1.01643127785409	0.608537058706871
0.093871243831773	0.537943671579711
0.0765100181283861	0.339343228522916
0.215361629360192	0.968586038129075
0.187697492549352	0.698430018896598
0.202681248479434	0.7295483694223
-0.13594521076202	0.455193875303586
-0.129243760827532	0.341019886303548
0.0193417569083721	0.0394479001349501
-0.127977141207218	0.343783995670493
0.177720655954503	0.46649262723321
0.354260004264565	0.94743937363287
0.243382238441377	0.526322886952143
0.438157644475656	0.50993096596772
0.247382662952745	0.336805386032126
0.274904936799939	0.256508544741273
0.445419400033719	0.374814629181034
0.00122660886622739	0.000752203698440834
1.16829923578293	1.44736475213365
-0.202775284227867	0.238117143513956
0.120387658605573	0.115401588228826
0.493312850390843	0.604781948245381
-0.570486422056678	1.04263325603834
0.127697507196904	0.199321774546715
0.550806967640675	1.30853610247599
-0.570801802174328	1.28040953970558
0.541432793480194	1.1477000129905
0.350079071983187	0.59749294307632
0.131170281973541	0.165092069261052
-0.112365894587319	0.16015369582546
-0.28701550018317	0.456569059847605
-0.331201576215561	0.640155589683963
-0.479953920602996	1.07731537765089
0.207394274622964	0.308670663927202
-0.0925490488018002	0.120066408460905
-0.329374524891376	0.546473272373205
0.288876512456109	0.409128479819517
-0.188944223574866	0.287827554950397
0.254940954440648	0.434654168955159
0.251922823569418	0.387816233995137
-0.37411520113053	0.541945176323221
0.270622533761731	0.418934128476788
-0.0177998804845011	0.0164853366468817
-0.191150312047243	0.213879653346222
-0.00809404362702822	0.00685406547896736
0.620670618549845	0.83173224730623
0.526274407137446	0.769258935572738
0.1262947554487	0.155192695909507
0.03604366757388	0.0403181191053352
-0.296301339477472	0.394017761249482
-0.602411726116888	1.47069882661872
0.28328988911524	0.482715332338943
0.0231939501549355	0.022735969062288
-0.0467941864968597	0.0531418198683505
-0.0691415581304586	0.0764652811610503
0.259719665564443	0.357925130964145
0.343312002626364	0.529067521508161
-0.0260142281497761	0.0302723509285554
0.205694761264925	0.279516697559695
0.0593295859285391	0.0734151606692068
0.0696681247799332	0.0914333827962186
0.168839470928727	0.261909432011581
0.047977196038552	0.0441950866840269
-0.637561904652654	0.625153629746857
0.507239619234882	0.554849487117619
1.05310324993627	1.02406624412615
0.203016039588518	0.19430597039989
0.119929032151207	0.080700668816107
0.217202012719534	0.160162922405689
0.278141505814703	0.393364220944621
0.348528871580746	0.577107072880028
-0.153951201581156	0.255133109031918
0.367361932773384	0.650476612596835
0.0544869216273681	0.0637922232020627
0.493874352062513	0.95901347385844
0.0258142030820131	0.0280629469047024
0.185011620748965	0.245452091684654
0.083947594345677	0.102946905384933
-0.543166650534936	1.16144783882249
-0.0594173685060242	0.0571145448580956
-0.134848590855077	0.170287768444564
-0.496814588290706	0.592776675939182
0.177118609279413	0.229408929174305
0.325476796055669	0.566032586586064
-0.00696217625119118	0.00663601457929191
0.248974238150627	0.295800305574654
0.515660094919441	0.770787702007343
-0.658263912810941	0.867870400511361
0.64340019339968	0.878607891716681
1.10253453501188	2.66693519870265
0.00307428019539566	0.0026733768714436
0.390368950836013	0.59158804977237
0.119202088428134	0.12501277996285
0.0143345030203426	0.0132925665183831
0.121417086669358	0.123883512542831
0.300403093819424	0.390698378844351
0.444994490240878	0.532818179384246
0.0977525287842357	0.583101103250676
0.280759094530093	2.08187171127482
0.237047663081663	1.14323290088299
0.0783780322562932	0.253404666998827
-0.408712976449013	2.61360797941947
-0.414591964465733	1.92872039569981
0.117125277852021	0.326030411000392
-0.0331531823363902	0.079662439277063
0.174371504188558	0.515889549971817
-0.105192999702194	0.215691400744962
0.0306672773962642	0.0530795100767586
0.0209981055659758	0.0185086568891284
-0.0298482248455374	0.0363920499282495
0.123827510075388	0.135589345440282
0.249631506439919	0.34210348381932
0.779251703536666	1.22347017383447
0.265438262190787	0.256564786940834
-0.503228861725513	0.382821558177126
0.30206460924367	0.268831575509652
-0.327900569024712	0.245526197733602
0.571842885948112	0.794186846244038
0.398809161760331	0.490198390520696
-0.320062703646158	0.29976975146657
0.0165360391251524	0.0194146461983307
0.0993202711248687	0.154726457129911
0.198262846785712	0.339860186222648
0.179569226968329	0.298669992336511
0.0352815988808088	0.0466288021170866
0.043626545206331	0.0540025455593974
-0.111094283502666	0.15842884861844
0.179946035322088	0.268179163016365
-0.333024173095745	0.590548386126685
0.17472665275797	0.266161279414576
0.0368685732110106	0.0522189411147094
-0.119891966047482	0.175063559222221
0.0996595907434562	0.142484159318744
-0.110993859371516	0.136743154125309
0.397863993377106	0.795487836404132
-0.137268911587269	0.228634765298687
0.466395773904346	0.965499268776925
0.148663354263633	0.221619558628904
0.389838224744451	0.545176663097935
-0.157514715604552	0.219183786630551
-0.325314967900736	0.348754411933429
-0.748356513479704	1.16854756155733
0.696521354509012	0.880212490195475
0.220181602012686	0.211374406613436
0.506488366825795	0.69490405802248
0.376857460791484	0.612302360751758
0.127989828004751	0.192914024502274
-0.103292285780235	0.153705711645718
-0.318389677310956	0.476934853837706
-0.0663993115297928	0.0875326128704455
0.26751735561047	0.451886016715302
0.0149401837025164	0.0184795234996069
0.193766350988482	0.287420492185853
0.17436195887244	0.254470084793424
0.188032765215558	0.274169659642458
-0.163360766145654	0.254355425558068
-0.00477167431574274	0.00540931817668975
-0.510747338033808	1.01131273907937
-0.269922388887711	0.445866042104819
-0.0176677042283521	0.0144599804845824
-0.113610977032813	0.0832402658901655
0.221862811515864	0.188529663771884
0.716305430335449	0.403282179261626
0.0523273955058796	0.0373160675230484
0.957047417179089	1.24242142164159
0.000195091454320815	0.000170296502756716
-0.62556161714743	1.57073387743684
0.0475223211666303	0.0636259604088651
0.245690217382305	0.384348738967407
-0.436751999028606	0.775828848609406
-0.41149802728486	0.663287008175345
-0.0186400395966103	0.0211391504024084
-0.579899289670036	1.21016797800654
-0.134296483977144	0.185805935668753
0.114808928918707	0.121537054125829
-0.331877168104047	0.461482367663286
0.721425810804588	0.975357685891231
0.0831477089525458	0.102216503519407
-0.43294219339068	0.821737873285438
0.261375665504434	0.343872240458874
0.173282018128327	0.203988967701961
-0.94599986446261	2.06332825085432
-0.154307716570119	0.177385626404858
0.780300126902559	1.53725402709801
0.259914491564766	0.325870694326107
0.32684881839422	0.454083684493782
0.128644161841516	0.177514951373826
0.204686201696576	0.245485955406291
-0.2013326976982	0.239239975808259
0.388366512252888	0.535185751415358
0.096259028007912	0.105807900235592
0.158435723681921	1.17230510961292
-0.0944875910762755	0.475884320593195
-0.146894869944743	0.76286282290779
-0.543331055489353	5.54306015229361
-0.670146549875589	6.1206893030301
-0.189158447910485	0.690740397438037
0.152807900662774	0.517045038121426
0.20454220110403	0.649075757351334
-0.0638123400071569	0.128448096189668
0.246779702373658	0.555662411142397
0.341930299153873	0.433626010891429
-0.118368459841431	0.162874916129594
-0.568635674651109	0.980526428910037
0.202748569582209	0.254317344904831
0.838604313806963	1.47915648187114
0.504670229747453	0.692768496438353
1.46960157735142	2.45751549354612
0.0272857905381278	0.0225708081345876
0.00316783028519894	0.00209600402784178
-0.367434884505387	0.554977750958052
0.0557496577542972	0.0571534952813439
-0.573416530732055	0.767140918110863
-0.616707128787967	1.36967935919366
0.480120984306109	1.01758827935598
-0.349041834671765	0.604241998970199
-0.358285646838217	0.684758122910114
0.253797541441297	0.431892388039274
0.105954607226375	0.137426934651405
-0.0222527199956958	0.0257563630988949
0.156985493212465	0.224215824471199
-0.156655717911013	0.209824034757937
-0.0126125637297873	0.0156916213825339
0.00768813880329807	0.00893628926383895
0.668180487467649	1.44272397161416
-0.525214600649097	1.1052299026779
0.0791860690358161	0.109635966136858
-0.0525510311260857	0.0606845143687754
0.126132225585846	0.172526790967503
-0.564618760774474	1.26109291380149
0.509705068488449	1.01528769920484
-0.119062942927734	0.139579948348007
-0.632592226523725	1.28292203895719
0.0982511910208518	0.0941785661585057
0.417569916243629	0.565990789361702
0.205719897287734	0.225107189664596
0.474270040385399	0.614009012096063
0.106889013630465	0.137185781753656
0.0942526929964609	0.113879073469079
-0.0468586264665353	0.0548303342953876
0.5042670997591	0.899076272455516
0.712911387505237	1.38894361550014
0.309999307096967	0.436604733734608
0.0914474332828164	0.100175168027597
-0.13367968016086	0.172926621721495
-0.0347436562449428	0.0441032386277661
-0.315513441566004	0.490360841898996
0.0976365531373636	0.123547799258304
0.156021538934418	0.245740726077923
0.400451814253241	0.786565207237526
1.06476179593632	2.44692902546122
-0.503325271218623	0.521557990267844
0.039757491378384	0.0347631111103622
0.580973885618701	0.474911730812633
0.302663240398961	0.266542942317544
0.723600786263849	0.89986455824741
0.119039137046155	0.0837733757567958
0.0451148101775662	0.0563484194031798
0.237795432486323	0.395156347457147
0.524030182181567	1.02034189302978
0.42056051336078	0.646695915911552
-0.239789539387075	0.369093815055026
0.471638607495154	0.777332871980335
-0.0154207324220066	0.016592873463822
-0.066347454062866	0.0737047189704988
-0.444665854776779	0.814823973924814
0.646757224867239	1.2286266193748
0.177283606076921	0.213904309670963
-0.931470036990587	1.40446398090342
0.587105227297552	1.28804025880289
0.263691009374684	0.425555400851155
-0.108683562396988	0.118443719842332
0.00986161350510612	0.00900462759320459
-0.397635669327689	0.445513841738592
0.659175548699551	1.00729161581831
1.24440613029261	2.87277837878641
0.133833044259417	0.146342387602018
0.560052962521693	0.958198453326391
0.0497153542265334	0.0442264677694246
0.335252847707621	0.428654758703739
0.165744072331492	0.181818897674757
0.104187754927808	0.675639363212413
-0.213968416347676	1.71977720172883
-0.407572808043174	3.65070946285988
-0.160082265363199	0.731851759180889
0.153168138188159	0.54793407260945
0.316949022418405	1.40513545861549
0.460443067037667	1.97733229041351
-0.0309064354421096	0.0553238627739176
0.23312774467662	0.511230883438915
0.699945760074301	1.02475467553915
0.265834501532484	0.531521912779596
0.00539343681575853	0.00698328130380931
-0.0549699363874864	0.0882026318359251
-0.551504013404839	1.40248865547019
0.126801195818283	0.177461666752599
0.808187966379981	2.08718046974701
0.535527339408175	1.16385527455383
-0.274620344943125	0.491493642187888
0.0135827487872106	0.0190777874298053
0.110168750454816	0.172866067149863
-0.52444616107575	1.33230623487872
-0.0678410956753654	0.109462076843867
-0.267055850350808	0.52301380424453
0.176340584805791	0.293007066385868
0.0343265340548295	0.0472463949100052
0.12308437150051	0.136136480517215
0.391523865599991	0.67375723003698
0.176060077293119	0.222034247937053
0.536096175570605	0.994727162507286
0.568924779997679	1.0559926589893
0.061446855829585	0.0671013929776153
-0.127127811674375	0.164532152582022
0.0790419772142326	0.0921391565863206
0.0377509664557803	0.0440032960572376
-0.139890426070733	0.249233717006833
0.815776644526086	1.80711519606172
-0.385028597665471	0.684521882877282
0.102417516389978	0.138154264290819
0.114514875844329	0.155146664268207
0.110678296925554	0.15260346762153
0.22663491298788	0.385002921269285
0.167647561684371	0.302173142129896
0.225414560394425	0.444773125845701
0.051867176133351	0.0632222581259814
0.0810590892267741	0.0826310360630903
0.131505993677466	0.157643863688906
0.490768141228898	0.768429043186286
-0.0522436750338366	0.0569568649869865
0.00343295984239255	0.00353360540559552
0.365427634938723	0.793931408192519
-0.168139639917694	0.281393896482753
-0.0498548034282029	0.0713583115063184
-0.176444150673257	0.331547173951748
0.183080496504002	0.270071521279974
0.310534089232518	0.597736325795449
-0.0203841232105806	0.0205614712152995
0.419646786836043	0.597359502392424
0.0396363431917495	0.0486638435042657
0.217146810290107	0.270625787892837
0.164556728355825	0.261115403203402
-0.00827450886788922	0.0116193132258846
0.0179710847842417	0.0245161806504862
-0.0308471443118069	0.0422804483518794
-0.804680769256545	1.94229663620109
-0.0453093582542029	0.0450256057462039
0.556905075425544	1.21607719755393
0.115087634264713	0.156997861125617
-0.0527353717810999	0.0518325856496666
0.517837624417071	0.813983192559254
0.117524202766576	0.173335288124801
0.0465468256614748	0.0675294815265006
-0.103991663540914	0.135350975472103
-0.202601076140328	0.330563642804028
0.135604844526811	0.202926622595116
0.664885878659323	1.42723636866078
-0.61166936066823	0.73408197311915
-0.339259375751493	0.402704666200064
0.455367901512997	0.536484022650883
0.202969822277443	0.211596144900467
0.628385195764952	1.03925769421563
0.524418653732329	0.639773203475762
-0.080106228084353	0.460780701133993
-0.0681086161390788	0.31636965588587
0.033012468710371	0.105891134036669
0.533188987518629	3.8390728924527
0.653801303182153	4.47496510421623
0.374190259709828	1.56764969907207
0.118646459736177	0.260185373382017
0.305116393751241	0.792979191692185
0.437349971704082	0.520889327368179
0.256524691862566	0.444727893233013
-0.146401258625843	0.209934998920183
-0.0631581345029997	0.0770085794427146
0.329683777572791	0.50742599753043
-0.572661750361126	0.858688330560932
0.776465866755241	1.01708357132083
-1.22673596394506	2.24073874481416
-0.381593921631293	0.52814989686141
-0.297997000609492	0.475192357293357
0.171829161102226	0.260041847798225
-0.29832297702758	0.41115646157646
-0.396572927150346	0.868414303208652
-0.154058272784162	0.24841709065116
-0.0347395552232146	0.04713227204205
-0.183315871330227	0.285443922693883
0.540393273772441	1.18758371764741
-0.00213217330187563	0.00238789855991277
0.0425395099652982	0.0503766566274627
-0.315561704161847	0.472616581918275
0.0590924997909438	0.070589120084163
-0.0152290449252572	0.0178055895111309
1.16956813037433	3.42715085681233
0.0743472541268164	0.0960616528791738
-0.00911709279583842	0.0102741972005359
0.014997834141806	0.020836544851556
0.158667766192189	0.212353898617608
0.261560284186667	0.409223916876763
-0.402834421454674	0.801094241337158
-0.0109763190809298	0.0138068642458229
0.287056264921133	0.386462618879682
0.104008132421433	0.139151424008407
0.387901693390808	0.509169152061056
0.15150743186771	0.170734342429264
0.691285072737967	1.38421183937354
0.564233680208102	1.17961248860969
0.316566212864868	0.430812036041062
0.284000849467613	0.410354663621162
0.460884086367687	0.757985837299606
0.109301859801871	0.121739240296331
0.32285986131348	0.459373650254453
0.395203781889713	0.822162359706972
0.187770996755619	0.324101987574173
0.112089498224325	0.180077347258871
-0.639435043146281	1.55416616879454
-0.47583794941193	0.629922576993589
-0.738005941321729	1.38435636326087
0.0546886699572045	0.0381922769851891
0.322813020830688	0.373847777696633
0.344352027520274	0.447063608354754
0.00466640204182708	0.00631610750626692
0.170966754128305	0.249315993383029
0.141125180769551	0.17085165317415
0.0520845162142489	0.0605001075447228
-0.073064025478478	0.0771938214167825
0.357838863219777	0.526660173040148
0.363302856894484	0.586691748372348
0.078577211772811	0.100343760874925
0.0836877339293532	0.105448498723453
-0.100297346055085	0.105485438363301
0.258695908467596	0.383900885343709
-0.246189834987674	0.362366106935881
-0.0068535086501528	0.00575575734757973
0.362474734836394	0.43132366323749
0.380785063035783	0.411681387431343
0.26101340847412	0.270343214509245
0.346602887440449	0.451819593837873
0.585178707679234	0.804556682298604
0.159396395991889	0.179473510971836
0.0205619496558832	0.0922526680669226
0.523533646423143	6.02474252189921
0.491194823820488	4.22654450525768
0.45461183504064	2.94624431176521
0.565744341776542	3.66969584461789
0.303531970096744	0.927958346419262
0.304807287011113	0.862799738998184
-0.175355155397483	0.196408362419809
0.130001647733271	0.192207164708464
0.305857695378503	0.554673359919812
0.356130804067762	0.62298639429998
0.164119379574716	0.217105328774357
0.328091526676943	0.355970705606905
0.379477321593276	0.359757306149153
-0.533874964791866	0.531683700768241
0.285039629727871	0.280969708989396
-0.678664506128512	1.4404608159701
-0.379012601192385	0.615892040336447
-0.405375080231433	0.4859581842847
-0.374221096477959	0.789214966813783
-0.0393597458077769	0.0577238416257347
-0.143734144488501	0.219924181161958
0.0529145840832791	0.0670285007624139
0.040793007957825	0.0512215553480012
0.122776976751906	0.157695540538301
-0.0342917041943296	0.0396719435819415
0.384364875625671	0.6526872473236
0.307835976140217	0.481981264744064
0.356942484496009	0.555154841947723
0.128153087679922	0.186264856978075
0.08903170782218	0.114193703246504
0.0819390731277233	0.109742674834167
0.245571034297596	0.443665629301224
0.179394207063538	0.254298402811219
0.120427358195003	0.175682941268518
0.26884366186593	0.420533640636988
0.361442029211994	0.525068296267847
0.119068149689643	0.133013704177193
0.123628464235421	0.172196050766473
-0.0723950811208968	0.101919529800911
0.200883668297533	0.341574182095398
-0.233766995395538	0.43357041513495
-0.163146872300305	0.221352948273615
0.203842726941661	0.203954133995264
0.934253859987288	1.74198858275667
0.0198793511675721	0.0133524182509814
0.881402474565689	1.11336979054091
-0.237184977496038	0.248703329121678
0.867777439987285	0.923626380508796
0.0176690272014128	0.0174439272020213
-0.238174914265596	0.380360388091033
0.241137172764399	0.319332267572498
0.180450013485803	0.201312032655293
0.560659377775761	0.867565443992874
-0.0128017233669092	0.0121731208745625
0.0366590184304816	0.045182604521265
0.665630786939946	1.03501915579571
0.106499431683485	0.0987755190869875
0.314785080082863	0.445406370897401
0.0158346926815345	0.0724384081869451
-0.0400250758676836	0.163250724000152
-0.123609280333172	0.532641032419649
-0.0570721985986023	0.158396409860144
-0.0128179183600132	0.0242440139341059
0.0287078600434321	0.0481610722723581
-0.664486857555744	0.859726848952828
0.120713688232155	0.211070920455434
0.0558792747382081	0.0959732166975641
-0.181191700566774	0.359915946883142
0.0560450256130422	0.102028868292759
0.0147042066668673	0.0228083015864766
0.371423300038283	1.03572681120206
0.0207624670340015	0.0289191971350215
-0.288567398036437	0.67765940707935
-0.244284937982307	0.572285191951907
0.128033100254658	0.255340200427252
0.0276538714636243	0.0432985186066704
-0.519850773589829	1.81665597836034
-0.0205504275251691	0.0269627642015319
-0.00515247552677805	0.006391365449216
0.109580843915346	0.114899441147108
0.448942140412596	0.609145149669205
0.579326950768657	0.917026073976493
0.00983056732895682	0.00838895634711396
0.861915085326543	1.50574218254393
-0.159907982545998	0.159216943749128
0.756393446360425	1.09879511185962
0.204335408225213	0.219487206939413
0.0549217979684817	0.0593485100364221
-0.31374454290377	0.45227833549266
0.013089735071648	0.0227676073615875
0.351162534032901	0.523968267854607
0.0842361403731433	0.0894473120458752
-0.228433909880514	0.282446621020207
0.119631832113962	0.152225461120112
0.0598316836361377	0.0883538700189472
0.281690168887807	0.364206705085218
-0.0769414610201766	0.136092933018113
0.0522658904811902	0.0855414717971348
0.776486085287889	2.8735277782395
0.0865922435446723	0.125341229915745
1.05074719915399	1.8105460500714
0.112068093794467	0.188775263679983
-0.170533894785231	0.311644810370242
-0.355107449189129	0.735234619095341
-0.255308989701218	0.668480630365787
0.0284652843193372	0.0464903007274034
0.0547773907608584	0.0819406541997225
0.253037177227677	0.503949749384683
-0.0321284183175253	0.0443454977596509
0.024119174074111	0.0324732005352575
-0.0542506715085459	0.0748999159016997
0.131985260430048	0.146902875640039
0.0350431204713395	0.0457425192073227
0.482872654886197	0.619336147847044
0.389840982753005	0.433940528120843
0.0151934192132265	0.0259512202782705
0.093647265501305	0.567603740650429
-0.065765685685438	0.311311024778272
-0.187405363366429	0.91186935510374
0.0807683823726999	0.228470181884545
-0.10924237606577	0.276267425359049
0.208339102395042	0.312003536581974
-0.167114991733773	0.287511543125482
-0.289609569761456	0.502533062562313
0.203281958606978	0.290347428194972
-0.15102275380531	0.189357290371738
0.958909098511769	1.69073147068182
-0.118005586207662	0.101633984110049
0.0588168685539877	0.0421005738419599
0.0984766198429039	0.0897669648467213
0.348611878044144	0.524033706120448
-0.361766896621609	0.561835212890953
-0.425054832559939	0.555760412236861
-0.34936114646381	0.778625973914704
0.144344518411632	0.255959723521179
-0.274212886078368	0.556745412395936
0.284960351890779	0.569106390050135
-0.280056033605527	0.447272543510036
-0.167419793360318	0.215546454491517
0.242386224482636	0.332068929378305
0.15604109250871	0.223911146146137
0.204705590891468	0.295839953475015
-0.18126568897699	0.265648310381733
-0.0970587524915179	0.142774259178715
0.00439564854855083	0.00478522717687246
-0.609879044325028	1.35457045924609
-0.156233782333633	0.285829260761286
-0.182783509740455	0.22573696435815
-0.0742900605727236	0.0989023438496722
-0.157978985540126	0.238656371375332
0.0977477743829604	0.132496320307095
-0.00141831221878728	0.00147776063770868
-0.00223459256663102	0.00265577896703817
-0.0258100085648099	0.0245394048001486
-0.0147605520059352	0.0156022641382263
-0.0358079902051542	0.0357382350418977
0.138007529325635	0.157376836049576
0.320291835887983	0.459669235420153
-0.0182437207558444	0.0249807181588658
0.227559607627995	0.374002849963893
0.245799244013356	0.349322407849307
0.404661703179977	0.668881564551926
0.399093082061622	0.610809831204987
-0.023076916831707	0.0247903393048669
0.316140406555409	0.55653859954246
-0.0870612180966756	0.112690202202322
0.0125146604320051	0.0165684738255396
-0.379363127672628	0.794668392359141
0.3424319978566	0.730347778743129
-0.321327140915483	0.478186727162935
-0.510028398750714	0.586657623557063
-0.0846600816452342	0.0818269137524642
-0.784218756204708	0.884291077825949
0.0720515905157626	0.072125350354948
0.51895202952666	1.00010892230628
0.284592612594538	0.377748167652901
0.288841137009313	0.384273737394728
0.0595841673478045	0.327581765660809
0.00178222911299117	0.00656971900597022
0.0288871336519958	0.0928234765431732
-0.0103953017696232	0.027145401613215
-0.0144977229519335	0.0200161924620217
-0.0804751316950888	0.122852956762727
-0.421334524899107	0.808952744554858
-0.11382738827854	0.159035444045192
-0.24759094408661	0.300216975561942
0.256625344547961	0.271650861065148
0.00263736087004157	0.00191080174630346
0.232533631812065	0.16444609245969
-0.0128441626635327	0.00953122627184307
-0.827361979456342	1.84407213870876
0.110741707351209	0.10771717440281
0.0524330790973161	0.0469503084773812
-0.596925971977055	1.51429305945545
-0.237663374452073	0.471650917049169
0.284184525607334	0.530872815830846
-0.0266748829404408	0.039509826290727
0.246043907922262	0.464891595329349
0.0727732424052566	0.109168132950853
0.0336430331644372	0.049199096130791
-0.180819933817778	0.317821435608158
-0.196748389528448	0.361952118025581
0.197498895050919	0.372765636681242
0.0803316915138687	0.131734220707972
-0.623947648376168	1.62626873603093
0.322718457383629	0.729809792832999
0.0420928252574741	0.0610562730740814
0.367068661769548	0.755285700208737
-0.0526554110953076	0.0810680471384997
-0.120007911550154	0.192174186837071
0.315731141635833	0.618343611638915
0.240737760637335	0.387359233453026
-0.256242521126311	0.439140567039992
-0.296859435908947	0.392601084699197
-0.177193760453957	0.213846212213935
0.167041490720286	0.183624033407316
0.201106143687803	0.210603858012785
0.874062567131678	1.90558584042976
0.0802086478542747	0.116907193725161
0.203416049168324	0.311263366035501
0.428287720611422	1.03083677150585
-0.468129692417663	1.00394585488367
0.206735312312553	0.377971457240128
0.0600940026813729	0.0854287246909268
0.504879618796211	0.848516357312818
0.0570467306540119	0.0418370272692771
-0.380838682972971	0.457668378042639
-0.334203185675654	0.248662662621908
0.037044303712262	0.0315187207800875
0.162669316812397	0.256622769249844
0.196997934695998	0.194766220602271
0.0360385454847944	0.176959797773146
0.0159990982248336	0.0584763675797655
0.15789343727894	0.696811359979153
-0.115617436578143	0.228965003797597
-0.240343021177271	0.416980761829863
0.0718599173296831	0.0815536750956118
0.0834763310419342	0.0919326056586782
0.715538708029311	0.97444668326098
0.708146540850699	0.893099144358755
0.613753890318021	0.68703200615085
-0.294859260075116	0.248279311521306
0.241058588754381	0.135611190413231
0.69806834244061	1.10162230722354
0.0454564553259179	0.0401767749830409
0.488396888820851	0.466474800481109
-0.491242294167153	0.917627187952704
-0.0532139076379691	0.0788292220560184
0.0997764630153347	0.145261059877696
-0.38781396641399	0.839181544939132
0.184590322263608	0.325316859776265
-0.238796682446514	0.440132859144563
0.241235477551	0.443988606487135
-0.117490328743003	0.202704961143023
0.0573144735949297	0.0854568171170904
-0.121179606095641	0.208083974646563
0.0914641907262369	0.149288761219149
-0.157268274783564	0.259413197765867
-0.31276383031901	0.595087544968186
0.410475780585037	0.928603529361163
-0.10773632670327	0.150870597226158
0.012623747497311	0.0169532710865306
-0.0740740320966484	0.10697766262187
-0.296222280522343	0.533301579369903
-0.0696146309670262	0.0899404009458302
-0.0558869856544934	0.0721382575864826
0.430620639999251	0.602042515505087
0.422966749985236	0.567828233174897
0.0919140703919789	0.0802338020490656
0.103129849776788	0.102931197618575
0.154015240031685	0.155066784396209
0.145998791999854	0.212952670813699
0.0704057965914336	0.109290918861894
0.452918585886885	1.10113582319611
-0.0621570120145321	0.0812150820222984
-0.337120116702488	0.676132089000988
-0.0957114032241479	0.128780465556481
-0.0270142232791651	0.0354678785480515
-0.332513922504335	0.436497278810778
-0.141782094315808	0.103466210547105
-0.25178119609774	0.272328108128514
-0.575574673881196	0.446079616670293
-0.396826385127774	0.352879793392704
0.383764721205709	0.36312878940419
0.128166803868906	0.192343001807716
0.0288150605636847	0.0368748681138014
0.0788113655512645	0.447326103043431
-0.016913122813932	0.0616326851737252
0.0593223822311921	0.128110049367993
-0.0225639338608591	0.0257033073899667
0.178749122649964	0.196753019309401
-0.121751664480224	0.113570898573899
0.28113878281375	0.265069172083044
-0.235485939950487	0.163357333209889
0.468201743047533	0.359621909069157
0.230359792067898	0.135724046712643
1.2843682630502	1.11605971708757
-0.272385602236899	0.183156699812189
0.22329529466768	0.180745038141021
0.469423847135879	0.254119952861787
0.369113704438007	0.45609325651837
-0.573261898262512	1.19312006434108
-0.20592374924495	0.306816266418051
-0.208445561906528	0.352115820522482
0.0692171340508255	0.103877794413742
0.255839642750849	0.517885641468407
0.0292239062843496	0.0414722836052797
-0.193999747103029	0.322924049076327
0.231429395831135	0.417501057794697
-0.241452252076511	0.445666099698864
0.375036563449617	0.826760248055358
-0.526379898775733	1.13030286549352
0.153820316157877	0.220768491235398
-0.406308694651494	0.728843291791761
0.144177966106256	0.189596869024783
0.414169085369365	0.898633489255632
0.317928237454352	0.626582263108402
0.2143704752145	0.357327485415778
0.34969965659949	0.403129236735335
-0.245771489283374	0.23946966452736
1.00098246991247	1.09514502922295
0.524426306180563	0.56733092608322
-0.038411936123837	0.0500540602775314
0.0123997834588829	0.0154171294191134
0.0457260049219147	0.0628444071550886
0.440676233799233	0.753018260178541
-0.531968586928619	0.901079358700467
-0.161175486558624	0.195790643376108
-0.168093000935013	0.152312957135456
0.582812441812498	0.380967202288733
0.348390798123786	0.258652336801788
0.915000601125314	0.708006457270623
0.0923550113250648	0.0492751493315639
0.695600264432815	0.474456767115588
0.143489627874358	0.202384554056239
-0.0951674763588814	0.117595463682065
-0.0919773140854113	0.130721189290661
0.194017269953402	0.276819290895482
0.104135813279383	0.131754684829728
0.0393778462710347	0.188851960296016
-0.0110501572442437	0.0340179713784779
-0.223097448611946	0.285761446878041
-0.302075436553203	0.304979479950459
-0.846819696187385	1.04374233971969
0.347596631066881	0.333304510164707
0.0223527052792005	0.0139158380875427
0.264968074828057	0.141944631282458
-0.375563746824381	0.176978252965857
0.634592927493605	0.29346359294168
0.537434975542094	0.47587383155676
0.401594566503298	0.364391413233192
0.220731152645102	0.128505861487341
-0.56564587576466	0.668766192688566
-0.0981307502105089	0.114928328041656
-0.465876405503684	0.798321116641579
0.481645978007737	1.0277539675271
0.32571121960403	0.649666231278129
0.0818066963024038	0.122372840193988
0.324624023864895	0.683636185140188
-0.0695556555477112	0.104491495091377
0.34934793781401	0.717938926807638
-0.0784484276899319	0.122254534020614
-0.280612462100544	0.581857655256334
-0.307378043455637	0.544770301728236
0.0384255996652421	0.0503638804215438
-0.403981030727482	0.593810880542514
-0.373463028548974	0.612663908723631
-0.0613739763607208	0.0849983294769868
0.3434652819165	0.606565078105991
0.420121624033165	0.335309551572637
0.434709458078525	0.370437647772532
0.0268541761797789	0.0356527726315961
-0.46688857700428	1.03671837692618
0.319254664407793	0.584424263723894
-0.0954034505129818	0.125718535669018
-0.386719209843521	0.584282294650192
0.105403085334745	0.125800414636771
-0.184014493744486	0.194895891357068
-0.462304630600489	0.47795245082063
0.847846568144314	0.433632829210218
-1.33758029347509	1.24121260697148
0.236964225703122	0.141594887892583
0.8388737410442	0.681300080190497
0.475333132204836	0.367677742868267
0.173720936226966	0.236759636415077
-0.119246656090316	0.153685352724637
0.0245817693795699	0.025468226652291
-0.614299365323377	1.03727770539147
-0.563861709090821	1.24977601149311
-0.10133587102064	0.149285186588728
0.291544704173641	0.458585785819911
0.11871817809452	0.121267130764788
0.186929622685494	0.285130765891897
0.440505107300994	0.861565326623439
0.0618257782078266	0.0813580908118112
0.30843335667676	0.52499160507279
0.0637164945998045	0.239105408354699
0.0644256342840093	0.0505039657289716
-0.860528936706534	0.736342889681957
2.68629844600583	1.67446514340928
-0.778629286952523	0.281185357772247
0.106850128096412	0.0319640877912432
-0.388913619100522	0.114726527739861
-3.47584945193512	1.2298753457669
-1.79443594699253	0.43143762897576
-0.644600139200501	0.163557956970766
0.838285444660843	0.450542101930708
-1.39093316132434	0.870166702527941
-1.2981706474805	0.963181435836382
-0.0182292973247178	0.0104465382422388
-0.163587215436522	0.121299313842865
-0.264186522511844	0.252132833428081
-0.302960202390674	0.318853623011183
-0.00438403334445287	0.00326299437289139
0.0948889172280652	0.0861628394629522
0.450248493961452	0.537868514651148
-0.0772357402955654	0.0689320230979451
0.467536021726213	0.544091999226898
-0.0319652435888836	0.0264928690986795
0.0142146025490825	0.0104563415419228
-0.130085777567912	0.0996012730730715
-0.781838597627793	0.598630639837876
0.776131336965437	0.646588359632213
0.679842760468724	0.867758358546621
0.215948493215421	0.190427204185919
0.129491131537886	0.102554081401758
0.277962440941995	0.256677331949556
0.0425078695849927	0.0305727637230973
0.211593243748303	0.218121363312044
0.217601927142347	0.173096112040975
1.0319696855561	0.727986205865819
-0.0971933865947808	0.0475684094160593
0.333996108603965	0.150177321307284
1.42515113579646	0.479224019474994
-0.588374362883891	0.237029586044192
-3.47624227504132	1.25515559280998
0.137032141529056	0.0340154215000109
0.629278137711488	0.2046467358426
0.141597734159494	0.120349574161255
0.492329176734075	0.466113942683208
0.319520775163353	0.251143100725266
0.209833785844589	0.180324831209122
0.50408790629843	0.479003512191949
0.219735569635982	0.16316148826714
0.83932578411326	0.4582379329993
-0.015764423558644	0.011494882422874
0.22183758457856	0.156075433048387
0.736338909348727	0.819091786539476
0.437098708583616	0.338710775422654
0.114863385180548	0.07704776786953
0.0703096907613468	0.408384534539007
-0.0768295794143204	0.422334638830111
-0.192813448014461	1.31734348851063
0.0443311616620508	0.173625545167112
0.781186222983919	6.60969389805481
0.74678347075927	4.60248730132927
0.335238843156052	1.03746895539367
0.0690726740829778	0.132631711183339
-0.00752062311053999	0.01457518677733
-0.115923814675549	0.286067370174739
-0.0594607043754152	0.110220455487675
-0.2723015297593	0.977313216733562
0.124689622030952	0.328435120068595
0.249240466803521	0.740590653198497
0.0908844170713789	0.174802792320691
0.336720070385149	0.918773141421087
0.236265875486172	0.49528390484221
0.167712208466554	0.279437122445699
0.0905983624240697	0.132694532581507
-0.44070431399358	1.05576655933945
-0.189503964481367	0.350707656419023
0.262852642543558	0.523049461906138
-0.0820002865716375	0.128603966987438
-0.111458119904805	0.180701446147455
0.131746436187772	0.26770415755433
-0.137226547703129	0.21004539589856
0.175861969505029	0.34739672673357
0.158946439303578	0.283511199066145
-0.0467606777517817	0.0741286190643433
0.109324018149221	0.169851558022349
-0.00353061390120707	0.00512538611926187
-0.048411893069033	0.0515727206705509
-0.00527294728808715	0.00632541992015623
0.129006196691304	0.178292550775964
-0.143264775638472	0.228361625867406
-0.0816713802253013	0.131580172879889
-0.087085467047014	0.149714722962292
0.0183149483806022	0.0243205983698432
-0.139372599712468	0.1806705416569
0.223970659467106	0.343158579384862
-0.157966978049861	0.159494955375128
-0.119798137618375	0.14815253085733
-0.343190110374594	0.56711047308775
0.340607409920734	0.536853974065086
0.237912129265607	0.401926938932701
-0.0124485875878718	0.0161188793398504
0.240383574396536	0.339681031072798
0.786355590579346	1.35616343827333
-0.482070646870269	0.6548201358514
0.207493364186918	0.229315992740755
0.156403776894272	0.152936334032697
0.163492126730447	0.179515872813216
-0.0809375346653623	0.0790853018055753
0.0480663485030508	0.046538873069655
0.0663052533745381	0.393060568820963
-0.16176931243629	1.25533315459925
0.027487599352452	0.113561558701393
0.635339566122406	6.81318146666616
0.362590923909048	2.10488326409683
0.293686659708564	1.2046768481021
0.0403695623289216	0.0940201786265254
-0.0346631841989659	0.0796088033743384
0.124529514040576	0.34990720163997
0.0487299716246231	0.113531000105442
-0.135973969967127	0.433346443226292
0.344968758008687	1.18232669724148
0.735781463826099	3.29323577944225
0.347460628865231	0.853232499805456
0.348210077584213	0.65327845959654
0.130970298970046	0.182314106033657
0.46825141319593	0.825951435480494
-0.245094636977709	0.334133463040594
-0.316782633803967	0.474479848597913
0.711681026754046	1.62994540079487
-0.135301044732014	0.197602166793596
0.00504085843396811	0.00631339767042945
0.0795229410084656	0.111349944838817
0.120468494238531	0.249464664475285
-0.128747180300454	0.158924853230194
-0.0074983102114489	0.00925948794255683
0.00752346414609668	0.00920523173831418
0.288470324452518	0.656448101939283
0.192221813810602	0.391528892889658
-0.0966129258473921	0.0646979807992889
0.209335430504491	0.210871662035561
0.157456360528689	0.257683678564211
0.713301070695354	1.61609279097113
0.218454368078867	0.347257089632703
0.290765112011606	0.497984295234862
0.184343789419442	0.264980892796115
0.394902771208739	0.430339007608783
0.457807314862768	1.13183083468637
0.0312296168084646	0.0389029796807382
0.122295757867117	0.184314691661563
0.252353947448547	0.3276320091819
0.00488039530221696	0.00508607365626354
-0.527103526982307	0.497701376254915
0.575980268755291	0.489223982947285
0.293937704085494	0.268221972956437
0.470044830514067	0.373087242054695
0.746838006484493	0.851251946641582
0.670922247086624	0.766193315991409
0.0751307980824818	0.468731750552664
-0.217210352348737	2.00363455086431
0.421275617236035	3.88497810960996
0.46565787606292	3.46978259607798
0.197007323922848	0.729493334639376
-0.0168983892443524	0.0377010238784454
0.130615283313285	0.397507479575278
0.307236201161637	1.3386781200422
-0.210598063997118	0.708878425924968
-0.0513641754820795	0.14024903608394
0.209612941529693	0.609171692681883
0.216498891695865	0.524958561279124
0.117779725848822	0.206395647891102
0.643576106733491	1.5340765640567
0.403104317764181	0.744528393327506
0.0639339242169447	0.0795145869364114
-0.0430132335395932	0.0449376865357795
-0.546513951920314	1.00703041214
-0.238538527914908	0.378554763039343
-0.124229509555092	0.193274339670135
0.0139044711779665	0.0161333634055058
-0.104655299158679	0.148147477477595
0.24503519012216	0.572292920578209
-0.0467372235015705	0.0568021668742523
-0.257758327814089	0.398693515532418
0.0192870272028358	0.0259141051859418
0.145223865162494	0.197383395951156
0.00139082552258112	0.00213502970336722
0.0231535353825895	0.0375595500214485
0.814921837443618	1.3560360951854
0.194148532693681	0.328634712251639
0.204396265511784	0.34756446399314
0.397891402058411	0.777435155195196
0.499905492173906	0.509325525154625
0.382516092167782	0.440697769152745
0.707855679905311	1.10587522173477
0.135269751064107	0.0967180810967632
0.0892043165319134	0.0502804011535268
-0.287971171280449	0.244980612110565
0.403202332053511	0.366348429785783
0.653275384982924	0.628746737312065
0.521661916610287	0.544649286733029
0.0596657720490773	0.345099055102739
0.0405177304788609	0.185696968616004
-0.0222771576379524	0.085775934056765
-0.144373627650545	0.636048159845851
-0.0921317678576883	0.312911395766717
0.232768307262115	0.954867083049074
0.246617319250375	1.1077810200366
-0.0338296227701262	0.0942403055881379
0.0933669270770455	0.28297412058986
0.0810104023020042	0.121451508503758
0.391542713465514	0.647835601068738
0.215876514365893	0.239369183570348
0.160524183829601	0.18182981968848
0.485927724286047	0.96496866962386
0.405627351829406	0.587020937778389
0.0399011940287336	0.069729744637796
-0.376974308599655	0.466078346933939
-0.461885372958442	0.788213712625816
0.114343666471662	0.142149980771753
0.140387686367309	0.252576242765236
0.051323867372314	0.0536135542594287
0.0160653166932274	0.028011124499189
-0.027059353764551	0.0478973397874636
0.177188963981861	0.206226762185312
0.56370382257268	0.484577550631303
0.394636463268697	0.43821583548907
0.109182981133962	0.104334297478864
0.0493842425476213	0.0633342100493049
0.310333846578699	0.738088830822654
0.435580077517292	0.689367921342365
0.299020933689158	0.263678736510692
0.519797720720569	0.479296065165709
0.434076122396653	0.763514482481895
0.318036527744676	0.364364047788532
0.541650171454034	0.707406386362361
0.087438866996431	0.0475756129024213
-0.966454130644123	0.721843011778662
0.474243301482786	0.258263316464697
1.05889447658489	1.00460300346019
0.0881295278347156	0.0506685190100817
0.53117530724293	0.373267955081349
-0.0487515877939631	0.234015630734571
-0.0553602628450614	0.289208632776889
-0.557623274322092	6.8315299843256
-0.125420266485019	0.585628181624059
0.474727311086241	3.42123135718332
0.576570058341634	5.00251470352451
0.307700958921788	1.70303625769084
0.321589108985314	1.4720788789167
0.239224401776778	0.270308954407876
-0.0536324984397524	0.0845627878679197
0.174798161589932	0.243892620392335
0.566522497336114	0.68720791093976
-0.422372802158052	0.499052201028812
0.357235319590419	1.06541246011229
0.259859396655098	0.680501391037442
0.58903076815126	0.724108931192104
0.647156269933602	0.71042128156544
0.0030023661345174	0.00179380260893436
1.58238488530796	1.36897497074665
1.38900796591854	1.25351903124762
0.266631273428855	0.1409071742101
0.641536101447627	0.459403211734661
0.661778944452094	0.513967567725407
0.717119481569283	0.64065065926885
0.207997210874664	0.179234285861508
1.27501539372546	3.3343000520212
0.0564515642929572	0.0677094643618721
0.173517821294825	0.21286477888967
0.439530807388411	1.42711950506562
0.314117837474512	0.948963356471262
0.165150166220207	0.164191965138644
0.50111139744387	0.377144829231662
0.53160593124826	0.370472491875254
0.699219601830204	1.28612559878689
0.412258266766676	1.04139093708752
0.668233236908382	0.726003621834546
0.921507439177852	0.96306933240982
0.0865467802571931	0.0364369264864296
-0.0973486461131505	0.0469659703388734
0.0836738876064106	0.0423643874716096
0.547027896315644	0.27889303005266
0.00421605141067058	0.00246065222080715
0.601264665919196	0.65011975339556
0.323448526089112	0.245831406363697
0.297197065538535	0.276547968531652
1.50735086127472	1.98892292928644
0.686477434600751	0.617622837728475
0.697812254757262	0.780384219205063
0.660054716584893	0.68415007805943
0.40371629818685	0.821713786931373
0.368015747415911	0.671407156605677
1.00150175049334	0.485058460295064
0.46748437023022	0.163819566894309
0.931503049039329	0.250030129954956
3.25192656134628	1.11356513303126
-0.0435155934910576	0.151115661045891
-0.308517933234605	3.45662691655395
0.0825942160938348	0.408839868576223
0.456179236606695	4.08517886530209
0.523794672445831	3.82113705325408
0.257512078374022	0.304015053716227
0.0303931058588226	0.0252826658022471
0.000935851729651131	0.00102535538422953
0.551813135814866	0.556238230097485
0.688703253703453	0.688000044369999
0.235615785554536	0.653550789665174
0.624261760476285	1.96626044941396
-0.098296432795545	0.0649000761863074
0.322629101228341	0.23901857289645
-0.991056940249193	0.796733687612011
0.912658683867525	0.684482386332049
-0.311331886139362	0.163103458899141
0.716683708588712	0.523902128947079
0.232275186559329	0.125286239398634
0.838663571195093	0.440398087812529
0.538216661390954	0.27778704436884
0.544762668356973	0.463852921149816
0.660990166178808	0.851341407942587
0.384291248957951	0.65498213434255
0.595013267922516	0.688239470861587
0.51198236098028	0.650564931414189
0.848988760432138	2.70475402613759
0.640785701193739	0.989604480635264
0.554308982624556	1.52826492881266
0.804499559817342	0.856737828977275
-0.00195434826400232	0.00112789641251401
1.16002734418201	1.07416937071533
0.732271008254579	0.408717486193745
0.718953038201099	0.414412559124827
0.323572491418583	0.144307556307601
2.3397553071868	1.95378639878246
0.995645475268772	0.360623108376062
0.353659243131714	0.245520386467385
0.224407786673985	0.184856358672719
0.634760311996655	0.3615234240232
0.210880546606273	0.198422440463734
0.0912096435370688	0.0476315437099717
0.367668634303271	0.246606183650178
-0.160228051617447	0.10235896245896
0.316793573288147	0.24934596996289
0.194908875143348	0.306480349602206
0.330168827688713	0.572952984933858
-1.02513463201245	0.625021467682513
1.27063922612762	0.557828803801788
3.25578730507816	1.11753794803325
0.0599183922041388	0.346032886506933
-0.0596381817730043	0.31893850967767
0.0333595307117412	0.127336481071752
0.508426781493008	4.39995033792576
0.0496263406390946	0.0359456580048025
-0.00608591259553833	0.00898543637608026
-0.0519170984123232	0.0636150265474416
0.450798216823787	0.453463269378201
0.554708554860172	1.67262831082586
0.817837558306184	0.967964103583072
-1.1848614488365	1.1428927375582
0.38470523288596	0.151506143013537
0.651586361771571	0.391279179231885
0.781814389885191	0.52955226183929
-0.66921041552181	0.333858371668152
-1.34066273515718	1.21449440772148
-0.101684215819564	0.0502853040430325
-0.544442508997466	0.473251376669347
-0.76730228109127	0.6316030820695
1.2576003037427	1.37208887373648
0.590874333879143	0.989145719797795
0.81569241794635	0.872166692402973
0.136883021241758	0.204871428904392
0.597264846404085	0.899246455189328
0.00798311714238399	0.0119797771418543
0.416287298289447	0.366934525449585
0.763623228683231	0.645318399816369
-0.0837003457280063	0.0433771663372006
0.262430781016367	0.139352186800344
0.321337362180113	0.351937253413037
0.647123366665471	0.48851311729014
-0.478863143136672	0.276880445487159
0.385969738785996	0.244479580921103
0.673528392298004	0.720860940549935
0.314682554815228	0.589899908819825
0.709979423143432	1.63585605806908
1.70201147914565	1.30228199829222
1.77979236843613	0.691472556885314
0.152997495098684	0.0306362187597192
0.140919534491428	0.944562056215222
0.406927942803305	4.78200517449893
-0.242306321888905	1.8543267169262
-0.154559552079094	0.81408083695763
0.380449955995133	0.441468794336308
-0.898845597306279	1.42828021874083
-0.258981383290631	0.259834335375739
0.187873803270006	0.227496675025565
-0.124041052449602	0.104438408775278
-0.112421185390403	0.192810480637403
0.123625628618442	0.0917490396396088
-1.06802138005626	1.45934653717658
-0.517015427410558	1.43983537236628
0.355368319436684	0.608079642469324
0.557392522169338	0.610264972531223
2.27711363252758	2.41270318116954
0.0873688589711267	0.0298482305140485
-0.364881253539606	0.169639133069034
0.644191349442344	0.404317842805861
1.03255641696247	0.728841321779457
0.833933201968408	0.678735926723776
-1.30091696318542	0.992840020130093
-1.3853756623707	0.86860127442438
-1.13376330479072	1.21454458907712
0.510427866316955	0.473458093734214
1.04195035464099	2.3694138135491
0.365895796093765	0.58480898876072
-0.0715404466570137	0.117611530172066
-0.716849653956821	0.417394691244995
0.0860287795065159	0.0469876975187685
0.100160401289237	0.0602338883957413
1.90138809152935	1.19347825055591
0.07838798190524	0.0666894095491681
0.42168773578161	0.250690417314737
0.229846846837007	0.161978860509521
-0.0828136287895024	0.0558380485455247
0.0393688603197285	0.0272371792904057
-0.234050309647916	0.392114254150379
0.357882112256095	0.566528929249478
0.549382261286443	0.259576852520098
-1.55211305724267	0.571184138509822
0.152327357171114	0.0306528579659354
1.96698416228038	0.513878740168628
0.107698232626987	0.726941198069864
-0.0452937457100152	0.216812070444818
-0.467640878807789	5.86985262925421
0.376118606304853	3.17150286578518
-0.042873148122487	0.0480964781885168
0.367254321968021	0.557898477288206
0.0909799301246308	0.0919051734305817
-0.128008098383471	0.140914496248123
-0.239825955903915	0.33981155804412
-0.0392008369427075	0.0491645471751094
-0.263959045867168	0.421126300056276
0.475541750307341	1.37685710312033
-0.359615260534763	0.499949173597126
-0.141341372176398	0.194637349769985
-0.0887801994226474	0.1042721355679
0.00931235688664482	0.010022570198289
0.278705535150702	0.555630260373258
0.502864153029772	0.770131664683615
0.220201189366886	0.174792941447549
0.118079448349087	0.0777832825506314
-0.0531514671275653	0.0366419458763909
-0.353925563008761	0.222624768579733
-0.235714700625985	0.165514686335928
0.00462825379888434	0.00271395702977662
-0.0738504670098127	0.0501812278712304
-0.551492264362573	0.635306851789382
-0.251394947495839	0.246484675643332
-0.0648168138830116	0.0876439317379179
0.107663737306624	0.166953603201189
0.68116344013346	1.01891028620072
-0.668684941670991	0.878983759454694
0.100421859872792	0.0613783755948155
0.662146457481736	0.515401205280599
1.21660826209435	0.665688255808317
0.215770166010011	0.197591688047517
-0.0766929256073219	0.0600015645573764
0.0829782653921701	0.0683802850793648
0.711790646724956	1.04660922903753
0.26608810362706	0.474662304829393
-0.167820125662207	0.262580010556891
-1.06249491918065	1.29839091784279
0.109964887070791	0.0327061813132043
0.109054653728321	0.0331112847711228
0.935074850137778	0.250435779301063
0.135466503823865	0.0344111852929926
1.42033165167489	0.468301512909383
0.0186920861455456	0.091130411746847
-0.121006704005219	0.872121602060169
0.566550111716111	7.31543081775149
0.222359816670077	0.309553368582305
0.217603339229859	0.305869656050974
0.461143425312553	0.864512248246598
0.203195029730912	0.325481195747928
-0.202459704868643	0.319022997367904
0.0799176417922129	0.0986875793229537
0.048990567652929	0.0865472519700008
0.424495437176284	0.676601372416929
-0.0189151186186178	0.0206695553701791
-0.0187828647490954	0.0220610563984416
-0.303756890003354	0.559755032294787
0.256222143830741	0.606515582559424
0.567700725691375	0.451981847353615
-0.417076455394247	0.302967091836286
0.55699585283143	0.495033882873184
0.394280070315848	0.360325762608987
-0.969391965601146	0.870352362498452
0.232123313073937	0.184226075726743
0.856560983623431	0.999641893001795
0.00455326340528072	0.00370105054050497
0.0410509562411497	0.0404177045548994
-0.0944199405993651	0.13381186812735
0.446415947232611	0.682186078036802
-0.0201448765497138	0.0306244194087021
0.035819749700754	0.0417702669393846
0.0189054869539126	0.0285346203828422
0.534785681975334	0.645051071707172
0.47090349348047	0.461809210172403
0.0799293223281186	0.0357096191073967
1.40178430792734	1.32265053365073
0.046222212635646	0.0408878936960713
-0.104787025261337	0.081443836794861
0.203995128412457	0.271846258386921
-0.216911775049938	0.151318470261661
-0.439636098606446	0.396022384438241
0.261147174980051	0.244925567204519
-0.535791630408638	0.658732812330539
0.156845000172585	0.296049029914939
0.0786542376541733	0.118121687930957
-0.91018495317191	1.02925088096808
-0.772350591530586	0.280256041043971
0.630173248766104	0.20033713359998
-1.16962817192308	0.356875386553442
0.932935430920093	0.249293404431222
0.471256153677638	0.16970123630098
2.75416824794064	0.846257095565792
0.0934815772700349	0.632483620603448
0.320491631568546	3.38517190883659
-0.249718804283585	0.353691701413207
0.10269169961883	0.0997372618679739
0.161097272144667	0.184190473390997
0.277918329135697	0.428066348454919
-0.31892585390154	0.368186215636435
0.0493146738355098	0.0860254763934311
-0.19589386754279	0.175403871674185
1.60179908182405	1.72264462092749
0.267376106363098	0.142666262289618
0.469619407938948	0.257872512010022
0.523736902422514	0.357878406910892
0.858128261057472	0.915574377082377
0.202393666353715	0.190741735971257
-0.110345182550516	0.137056979117316
0.201934025085626	0.326059611537887
0.161238352119549	0.269455998071402
-0.11875764860578	0.144537573334894
0.0359598042281103	0.0595627559346906
0.336512212786401	0.26068012300146
0.139736414468547	0.109318726858835
0.0103553986827786	0.00673790696700019
0.302090172949768	0.229023357602843
0.748488559364549	0.928219042022609
0.206972106972675	0.186643298669847
-0.0789367416442988	0.117762157384651
-0.167537191812052	0.281582798886426
0.0788824666908077	0.0301855817441825
0.106850128096412	0.0319640877912432
1.9678346675076	0.511732460330704
0.0744824109682556	0.454969250318583
0.342938947666484	3.37621194609867
0.157046964544524	0.77845177229893
-0.166528069274998	0.66030415928977
-0.0584060170735544	0.149870477324587
-0.014784846336303	0.0287509163254755
-0.403739354467847	1.35589750153563
-0.0986916374911361	0.194354563239646
-0.939460351741127	5.03263877822376
-0.478543097273928	1.45651000236732
-0.283703887202248	0.776059080803559
0.063023017676891	0.112640109872166
-0.161468948506337	0.340481404487159
0.015011822685458	0.0324190026724363
0.255392604029825	0.319670516453347
0.242067255240998	0.402084025553925
0.0856685114028378	0.151156182101591
0.265234970056575	0.511711160656154
0.103170182348047	0.0908811774823075
-0.0483400255369996	0.0434282353736545
-0.651957045131095	1.02803410916563
-0.388561202051609	0.575054849575497
-0.0233651388386382	0.0238899190016921
-0.298638300050454	0.63953701169415
-0.276443551467994	0.494813804581749
0.10036083712014	0.639189733525543
-0.00497849525511554	0.0181701357454173
-0.0750972397619915	0.268761795123714
-0.0386492071155841	0.114105439607123
-0.038550931134412	0.096726202808026
-0.307750145886202	1.20866241631905
-0.0770258931141405	0.190261583028584
-0.582987165806613	3.09681220332843
-0.143020350442599	0.364889332123412
-0.214233975506649	0.659858913719203
-0.0582656139241982	0.11507889287997
-0.171962004163775	0.438274193031673
0.0513244656625355	0.109963438986721
-0.0933788664759859	0.185195589994571
0.0384668658554348	0.0557278947519123
-0.110056065420982	0.23802209595383
0.307862988092552	0.539362282099109
0.164749428650166	0.243567287087637
0.125676697257611	0.210317383927494
0.0559229219545486	0.0986862015676173
0.154997531461561	0.23795249149604
0.178842533017984	0.294802284181163
0.10318243292743	0.158855365670223
-0.0588893579555094	0.107649388064213
0.183754931198761	0.315692275538066
0.422821152592103	0.872027611516376
0.138543272343882	0.167042345087039
0.559306114427498	1.24373472895884
0.272988443302568	0.548185083170344
-0.123160641842494	0.203372374755796
-0.102109326517805	0.130599356571377
-0.416581580506586	0.856661211937401
0.215868931560228	0.257651733886304
0.06269376006213	0.063051812006371
0.244640082314888	0.281921602709411
0.402534877849777	0.608828901032543
0.333418014262321	0.540763503781558
0.00497428996669057	0.00558958110720006
-0.480246246446825	0.92341588562538
0.184234124972738	0.253963958491037
0.044933669599931	0.229068084014355
0.0129361474569313	0.0482823230146737
-0.0127732603530663	0.0396905644274627
0.0870711883216127	0.273946379210005
0.0320459824072834	0.0836789122779445
0.163751877143693	0.561180368778311
-0.224065209056445	0.781674111582386
-0.091378272315152	0.240223002733107
-0.180404170723437	0.583355207498423
-0.0811437199612304	0.188584212315708
-0.213078425392262	0.625137784627367
0.141123522984967	0.356361658054121
0.0726060382230073	0.142933383806323
-0.0255221126641725	0.0483719339548613
0.0563104855571838	0.113226318635887
0.121160228804663	0.238504646299144
0.0841573794194891	0.122985263933876
0.324904997753747	0.519893370010025
0.53006813286777	1.02719119636667
0.0912798638423047	0.125670975141914
0.240191243083255	0.497542020571563
0.0798455444678917	0.138347806669497
0.174052819251614	0.280390249056505
0.132278725637381	0.203248340979155
0.00822894446152315	0.0114580917250503
-0.27609816482724	0.60052820218318
0.0736879083676441	0.125452319072799
0.159838183574809	0.303842103883711
0.0341019619228516	0.0447020705368358
1.06509096922862	1.79779679916525
0.334187141296096	0.526075818029508
-0.0539828008605933	0.0662328929014482
0.112379231804651	0.163905936971773
0.174078433786628	0.257504512788781
-0.0284427183848208	0.0348914249922594
-0.121197405276639	0.198613372553176
0.1635850377193	0.231307212850928
-0.255577486139907	0.461134011924718
-0.0414522083518198	0.0450920887672514
-0.00157285152891268	0.0016033799928426
0.0332578194359341	0.0379356283221855
0.32535270408621	0.524266725738468
0.0399540316810708	0.0427548955426668
0.227609937485203	0.301944283474861
0.0744451598102237	0.0884767090922962
0.604519520492742	1.36912546999708
0.152508346690251	0.213831800053861
0.0501916228286743	0.0612202326592534
-0.0875431848825835	0.124589586202982
0.0115145034081511	0.0512520876587011
0.124705531714542	0.697105995247047
-0.0487945234265612	0.166640516766488
0.0429871212692846	0.12775942009278
0.0746829411341579	0.233247805429739
-0.302432919424493	1.33044004384298
-0.0946722130174618	0.287013420723506
-0.123672869686052	0.396033652113538
-0.129487009236877	0.343091061769289
-0.128402003512613	0.348883636635765
-0.0647886607869851	0.140053366013409
-0.26326925377677	0.734688561867791
-0.203458020321365	0.564651137970449
0.0425526483113605	0.086066186075996
0.0178171745915928	0.0332745797468354
-0.11836475739683	0.211585467702051
0.33644561936712	0.918647197443239
0.463953741043446	0.727267606476988
0.131087677754758	0.150976013954629
0.146662279427229	0.197058155114089
0.14368543260114	0.285321014934551
-0.238069957661295	0.470494136015767
0.0745937321876886	0.12480620524038
0.132117277950809	0.227792563669697
0.0836573618824106	0.135754892135366
0.0218929467433361	0.0314740574131794
-0.0377253320899027	0.0562675678175789
0.103071964899965	0.169178246890425
0.559134638162919	1.46409603506745
-0.11808863118028	0.211031224690203
0.257164755655318	0.336416041012956
0.0311646951424876	0.0209531046553127
0.0853672768875311	0.0744526832187871
0.148274352260548	0.196868404799381
0.373260765301179	0.680820174007955
-0.0749395551527227	0.109162640492995
0.0192658987107623	0.0272005299122329
-0.464799439068126	1.14722673705512
0.508086735534562	0.870312996763166
-0.00226897812301249	0.00254508772522374
0.398332796485223	0.527880616556578
0.205014737260556	0.318082812853573
0.163697638737943	0.207038462404207
-0.00380987366918451	0.0042796621646762
-0.0596842563193659	0.0722053068137443
-0.311556982135918	0.488140990597647
-0.239010523844409	0.378286044686716
-0.121157138684716	0.154345087008548
0.132493971189086	0.183829335400841
-0.631952852513928	1.31533688760947
0.225029904347131	0.340099309393403
0.13076809214372	0.182954814569856
0.139545048452392	0.180536259437148
0.0314336069125109	0.0379016584143301
0.143792002864688	0.18946400134481
0.624862463094245	1.38452179260195
-0.04143492735675	0.044709449681743
0.262363580843647	0.392658287262804
-0.218346240108375	0.324781459146063
0.0532557072827044	0.0607098998869078
-0.205119556883195	0.302517132315017
0.0593298187266392	0.331337804127584
0.0176789427164689	0.0690156223000119
0.00242934553173089	0.00758988113848157
-0.0141047560335115	0.0422513955774932
-0.236449716060989	1.12603561972677
0.114743337663096	0.393750833666744
-0.234885916816489	1.01871466917535
0.108754167417353	0.291285522157256
0.0714583655300475	0.178546562889913
-0.0248076090390286	0.0433791605268079
0.12896016442675	0.294284360904063
-0.0704300753225495	0.161564420275682
0.133902284197521	0.323898971622254
0.037858178850548	0.069333930701062
-0.137784814034674	0.270384980851223
-0.0542935459606835	0.0919100270645265
-0.0633818981383076	0.0789798206746543
1.31747674700029	2.3574110214512
0.560508305402682	1.02865484193973
0.269248112086367	0.368320664170086
0.0224917609249396	0.0291122494585656
0.232057497243488	0.333394909234448
0.296703734926586	0.485419497214451
0.144304640752272	0.272189914048048
0.0808282324703771	0.157037876021041
-0.177551274801732	0.377972956327069
-0.00997957800114264	0.016236619192326
-0.214760316795787	0.473158908235044
0.118164425690139	0.220408374619712
-0.326408322597354	0.852579478242882
0.0302110068076831	0.0448919298362026
-0.00881333116829945	0.0138246682438537
0.334070657487704	0.771719482855903
-0.0251224603819376	0.0357664816293123
-0.136641411311418	0.211689173670653
0.0898931451303484	0.141259873608451
-0.135668357207851	0.147516389120996
0.23701021778324	0.142841501701944
-0.0116951190329941	0.00857266686205411
0.469912479855012	0.251769276268148
0.0625018793005506	0.061730503459291
0.690332708513768	1.3540628798469
0.0549751001799519	0.0675540506446634
0.304056551158112	0.688726096260341
0.139967322546975	0.219530526432527
0.648547592093084	0.937593578630092
0.247983627396778	0.335838346109943
0.222213634770452	0.179277055576457
0.0121853183484689	0.0153764763407001
0.108649623838717	0.181938377366053
0.600353426095807	1.33312621545812
-0.0177144621966032	0.0230182078047725
-0.0380099858553707	0.0450434170422555
0.0212821411536098	0.0262392322400683
0.140783402423005	0.229869631565085
-0.307106505447628	0.501028104623149
-0.37974204766433	0.710556093271874
-0.654218566494537	1.57237207717711
-0.341241481058156	0.652981906043527
-0.359126567780602	0.593392120814032
0.146048642464485	0.218289578285341
0.0589686617803296	0.0756217067636071
-0.104521311617321	0.14147795385233
0.697546933632563	1.66516611315432
0.131377788954206	0.207368603447591
0.158389702243129	0.215539761711034
0.339212061471387	0.501855019252029
-0.102699024717976	0.134812801500566
0.0462725845806652	0.058807570020874
0.206669479894013	0.311459839210124
-0.724911413566109	1.21442823403128
-0.443236561288952	0.823088401446013
0.154681897544819	0.157895307144953
0.399014093949417	0.354643161162253
0.0770058855027292	0.45669600866892
-0.00600495205636555	0.02206504730504
-0.0199701362010985	0.0655103119672871
-0.0280935854499032	0.0869442498456275
0.132389587312996	0.460377558324743
0.0682251336184558	0.21142909985365
-0.0490916908964578	0.114430735249244
-0.0625221964917591	0.146621482883863
0.0491211019484266	0.0965430591955284
0.0696274893188122	0.138469641939667
0.184033914092961	0.509436224272074
0.107603143179969	0.239173504021509
-0.203868117499483	0.473709550779911
-0.276342298719919	0.677417683219235
-0.308211279034534	0.697335607165062
-0.0844593620876034	0.111850066402679
-0.0551745479442501	0.0633822498484754
-0.634357849013455	0.763624612304486
-0.185975668417869	0.197957398566851
0.482930101378157	0.74745177397936
0.0834165753655659	0.108269418616687
-0.280344366336571	0.420208527860214
0.641710307684118	1.28382501498105
-0.146464029282676	0.271335107970869
0.037413665314631	0.0621470111899146
-0.243101992398429	0.545514006364375
0.0700936032432612	0.123830416010313
0.0476349392839319	0.0798459710711228
0.0993551061321525	0.171961181674837
-0.28823752062873	0.668879615214836
0.121143566761573	0.209549605475353
0.0214645050066549	0.0340180627081367
0.0144811428813517	0.0216844551194851
-0.0171752388227766	0.0236669553818279
0.411110087145628	0.766700929623075
0.103259691754267	0.143292754113311
-0.606567118794582	0.787923909585054
1.04263404503408	0.727637958905783
0.539982175190671	0.566862777790835
1.33496414352632	0.964854094444131
0.833456092608893	0.685713286947036
0.142815985661112	0.139277663128108
-0.0632552025198452	0.091173388595619
-0.0661067186721162	0.08862794437668
0.525735005801445	0.636209347539825
0.0663991269592135	0.0640009416069076
-0.190186619548338	0.153358110648098
-0.0682266911437578	0.0818552479235099
0.0656581071029015	0.0965204781865533
-0.0636106163157221	0.093836988819006
0.125188490864977	0.175278383817825
0.321809515672894	0.570310080444597
0.271310195733737	0.456552196875801
-0.271133045653796	0.471402618128299
0.729282505027797	1.61693795256019
0.176337125329868	0.245551204449115
0.0527265356079809	0.073240139442957
-0.637924786723611	1.52829264179143
-0.375566862216109	0.771373293890581
0.157346322550431	0.255849220051831
-0.154268409950028	0.23392319794656
0.163908144811641	0.261421461347455
0.145266774247955	0.213102800407968
0.259775708429338	0.472768664177389
-0.0162182961966524	0.0150594861850048
0.0640780915621988	0.0713179031796276
-0.0142317054453249	0.0155969762271929
0.0792610960349513	0.0937133836207693
0.0464641882820893	0.0464740928329999
0.374944630652312	0.651128956189402
0.326739007083289	0.510340347565162
-0.298417688206052	0.455074845915128
0.0302218246840241	0.0289978684467036
-0.426144346742539	0.668835395689382
-0.203100920803898	0.200847115851345
0.0838450896036308	0.0680059088613376
0.0495679829766577	0.264701956962631
0.0307505827206595	0.128841304479643
-0.0504872959399755	0.179326420697738
-0.0310806935757093	0.0912296484416394
0.0286664728422861	0.0804952425765325
-0.0176698261144686	0.0400974481737598
0.0807614877539279	0.216133390388061
0.0746061000953895	0.14495334011727
-0.0681201123408	0.137053068641796
0.105802911836935	0.249378824725584
-0.262273449827045	0.73332225642717
0.0274765395615832	0.0476291479615926
0.0567584041989136	0.0976877985590471
-0.26292794666058	0.597536813061792
0.400168746262	0.618398921141791
0.010438258986467	0.0106972874614673
0.5263124550666	0.625108484175594
0.471322473034343	0.649552974976037
0.383863732261502	0.484917310102341
0.532456940126747	1.09299518951392
0.37143895709642	0.607558018936304
0.397789731127444	0.734505372470724
-0.331070951792394	0.748154548878901
0.19786440013531	0.438137101217515
0.172482283915048	0.361344413053938
-0.0150405549529213	0.0256779917605586
-0.0606796769995817	0.100079369626612
-0.00845262211884209	0.0135425027481925
0.0885176813097953	0.166579506819633
-0.346546856164306	0.856450347131065
-0.0573921421740211	0.105589209550353
-0.0440140700027985	0.0708202757139296
-0.299421285664394	0.568522544155445
-0.15878255260888	0.202486248965602
0.254008204207353	0.425547820030398
0.306701262189909	0.36362232221112
-0.128135604021059	0.058623039608398
-0.34141617062198	0.28865652307846
-0.750517865013579	0.537414270643831
0.215514528113587	0.174302189914712
0.683473161265588	0.685324590057992
0.68716307738223	0.856203817343634
0.685507014680267	0.791507011170315
0.272598718803436	0.291672833089452
0.297218076778666	0.367209544905097
0.21740630624107	0.373700508149534
0.431220567380504	1.02960297040214
0.126925068997189	0.182647158353929
0.342899970010575	0.612707856692431
-0.154611839058338	0.258126873774488
0.240813617725995	0.305217431896132
-0.773208314304955	0.875560699129358
0.070479006374787	0.0870607022190393
-0.505431723316361	1.1024247245634
0.548795865192991	1.33827522577917
-0.00127481757980606	0.00158702777865749
0.114888125356367	0.186365830042603
0.302635438383413	0.588281487735782
0.234049971117184	0.33491132356647
-0.535757016709495	1.09847911838112
-0.207773688593955	0.323701562622974
-0.0825474992328675	0.118368597160086
-0.246686615038669	0.441969266791789
-0.329491151356771	0.62054772991589
0.0525437003352036	0.0706085800441691
-0.330975056570045	0.59774556527431
-0.290728207773908	0.50396929535766
0.220478653766666	0.330447226163085
-0.104611030040498	0.136744567160958
0.162365812893114	0.174569152970784
-0.449648498920416	0.92117422750811
0.0234851731796926	0.0248045610512897
0.345392131651515	0.522649811268918
-0.24945338944303	0.33985756980202
-0.29261680695668	0.436189959152045
0.00443865077654307	0.00532824214465721
0.43598416275769	0.884405398947397
-0.209236244540322	0.290274845280644
0.29962058698511	0.369960783474812
-0.527572344126905	0.881022709986945
-0.508721392346259	0.592127028442013
0.368371368563406	0.246480103008875
0.0372366197735957	0.19087302851919
0.0935753570679668	0.493053203433625
0.0957257110944926	0.391983451193161
0.0402246937844791	0.127478782660423
0.00926044689703153	0.0232360149304797
0.323906492602086	1.4350882928007
0.332036056309455	1.1253595621248
0.1920515010022	0.527785849907669
0.00732681662392782	0.0151912447159983
-0.168703737793471	0.460565683734604
0.210746156060099	0.54187416863966
-0.386522214524796	1.15903978488642
-0.131433478744622	0.268405108246515
-0.482926663775584	0.971076316062925
-0.295674928229939	0.485189713951773
-0.375644281899159	0.469222646963395
0.253941155144607	0.319056952091131
0.812780573746959	1.6892301723946
0.222583474015065	0.405721982655415
0.0318328857076059	0.0397301330613149
0.727418302741626	1.84309795524744
0.159663750233879	0.332515250125566
-0.0306366082511901	0.0525508729686291
-0.187719879924521	0.429433397013958
-0.152269910172839	0.340631666809893
-0.273173002388077	0.751493299810974
-0.210874513580496	0.493608292085665
-0.181540877760991	0.401377739228168
-0.130249250046792	0.258202226923855
-0.0996045675659212	0.191175039903012
-0.00959184997691693	0.0153733414856635
-0.276053354355944	0.620678022754728
-0.409425211656362	0.965894327261889
0.368611149572469	0.662728722147879
-0.157549594480609	0.252051372216735
-0.380042678244993	0.479163283604495
-0.135494731065363	0.0861713353158137
0.689240634330412	0.882748082344626
0.225771672674891	0.142492437181412
-0.145093830534944	0.108644382784256
0.471481950823444	0.460424816545379
-0.606251045713784	0.518597154701504
0.148068237036693	0.118447361058114
0.0164267156709475	0.0134685555463363
0.380926211570829	0.535627748604796
0.235885457050002	0.439675413796703
0.343903545440442	0.643387002285476
-0.0812967221313966	0.127961655172424
-0.0625955929427317	0.0856079815006678
-0.0179661533654363	0.0150878866173225
-0.429374253629152	0.498534044359482
0.474830132997426	0.540820722201376
0.283168657472877	0.529473539747415
0.0184541141960409	0.0250297251983363
0.0215445811917028	0.0276820833488207
-0.153108129706057	0.241881826591426
-0.0372980390614232	0.0491903260894446
0.204679014996228	0.30390597281245
0.512049269790707	1.04714109301779
-0.722409904960194	1.62752562804431
-0.173161412198951	0.302419671905684
0.110434294566593	0.158588569070336
-0.00536866852319887	0.00705191304855951
-0.0411168110371258	0.0553163912331848
-0.422650181262067	0.927360966675436
0.429266312575878	0.952122957348962
0.420827575294737	0.724524854237758
-0.167391310080538	0.169018184264557
0.0564919380454217	0.0710471129219885
0.347323387243841	0.640835375666664
-0.165282316769125	0.205896428946813
-0.0191327973213662	0.0213246326179288
0.262751554309268	0.420534789143009
0.362450823362043	0.592348231489858
0.208244077059303	0.323284788622674
0.211065173177372	0.302987986438136
-0.0538930416699619	0.0537509669793737
-0.052390546128801	0.0584012740408272
0.414240789601686	0.50813620354585
0.208560308029793	0.179646840602582
0.0651049015930293	0.368000019553472
0.0352343099739734	0.145422376712816
0.0107396455497091	0.0349238209181029
-0.0953470822009917	0.338170523750995
0.0617740403903148	0.185577853972759
0.0523804597045315	0.119218597927075
0.170328960417528	0.491530219922194
0.00483518918256028	0.0100394443816211
0.147783131123068	0.421874997658968
-0.119189006445553	0.275968929265239
-0.225654916020572	0.574300957393774
-0.0609187509765445	0.115892796947903
-0.125850948501962	0.195725102242955
0.457490531184323	0.842412434154514
0.206788497450332	0.209128727216085
0.0209764925341601	0.0212052425046593
0.639073991400192	1.3892300477075
0.151601327368949	0.251704286494667
0.126502791617802	0.17174403050167
-0.188288820838422	0.274828393352135
-0.0775396096797422	0.135343479052356
-0.16266372628969	0.348173301982415
0.125062394943807	0.245186515912659
0.240004789469502	0.58305292778031
-0.250877333608735	0.674607007936271
0.0375256062153659	0.0645067772426007
-0.266021894025766	0.673917411004089
-0.01438818973956	0.0239450174574779
0.135788371950924	0.258925493874476
0.328005998533882	0.816970535908025
-1.09377718499013	3.41312028719931
-0.0633787207555971	0.0907320481903112
-0.471320325407683	1.02130041163233
0.631689410174129	0.849088905347175
-0.847894503905558	0.847913694989805
0.341922724863854	0.340680415313176
-0.303775855907765	0.20373267459757
0.606287539896733	0.677778612235613
0.221883304995336	0.177741994177169
0.32202847262576	0.245288800668355
-0.362191739499696	0.436252372233412
1.03305206707528	1.31942238238692
0.0224254744163615	0.0277097826115543
0.159759577128032	0.164741227011711
0.218110542577845	0.270637895442033
1.17765232187768	1.9584091098442
0.281740100305568	0.519138144092983
0.122508943218404	0.18621054198019
0.172416099241646	0.27197725803458
0.134693217515066	0.204236102183329
0.0381188378660149	0.0509721404792354
0.134682956397616	0.211559160184195
0.0329311122133848	0.0399244355806936
0.0343942197164442	0.0465431641239593
0.12342165734692	0.187822997708824
-0.067357320140806	0.0977243161076438
0.09188006268727	0.137509641697787
0.0641333081555556	0.0906646522720165
0.244087316428759	0.398502897018473
0.158973261806684	0.221151448497883
0.297738548456086	0.499746526495246
-0.0545457504905895	0.0579891540399607
0.0109186197245025	0.0111663357335175
0.338153052022832	0.514398741786835
0.415530523747429	0.860040971361961
-0.107557323865531	0.144393439581709
0.224835691416176	0.319108069160038
0.679222955026248	1.04142044543743
-0.156824103798595	0.16789936006923
-0.0121643611291092	0.0538982619439298
0.0546804393826991	0.249543565192394
-0.153194294027967	0.746688121460479
-0.0667664948097583	0.236116672832967
0.0947816700046399	0.274422123188149
-0.0705455532343992	0.184739922288834
0.23229525283124	0.948147726422459
-0.0373488088087658	0.0904366172351804
-0.13984165798092	0.396032168702701
-0.125710398160128	0.295595680956954
0.326771603587689	0.968378804910754
-0.472654132079131	1.20610779889768
-0.128660437477899	0.199881716229106
0.0375191451548207	0.0320936271215933
-0.0794785881336312	0.0901320994918101
0.164893427141453	0.191389926088932
0.211664738226592	0.398860647133677
-0.159311314000252	0.248899106694647
-0.095091122593726	0.134649167743343
-0.0181766812268521	0.0311247491053071
0.0559167933170467	0.103896705153191
-0.0157753072015131	0.0272749398163912
0.0951683526995887	0.190604580495168
-0.125083798335625	0.275892844158558
0.191892932486379	0.428309151596733
-0.482287195147965	1.60504987736289
-0.0183346296323172	0.0293649957916816
0.0894670842425374	0.162212271030136
-0.158286035894927	0.340937646170267
-0.0139495093817069	0.0203402101441196
-0.0931754222114442	0.135770369471175
0.0540804179353876	0.0799198161607612
0.48943601690842	0.771270155142131
1.08996533985093	1.27614817946651
-0.172105844805668	0.137904213421771
1.35962051286115	1.41324718094147
0.733910224269012	0.744836112712021
-0.0860006906866502	0.0666716754117317
0.716904033453939	0.611187251817882
-0.269298989856565	0.321759304349534
0.0849980379358007	0.073750140042148
0.127879866473386	0.141110109504952
0.114447368657245	0.170203760672139
-0.00160834925866772	0.00139898999005534
-0.150041041774745	0.168636259101911
0.0661333982040087	0.0516649666865827
0.105651182783857	0.147587985315033
-0.0404299327503294	0.0547751858833033
0.186785234170243	0.329018726483164
0.104854108678731	0.151824445024112
0.077896185738915	0.111209251136725
0.315266116648027	0.513244884883496
-0.15258861721341	0.191166248735023
-0.196353775860816	0.274106491421694
-0.0205544842590517	0.0248062253534917
0.391577042051936	0.739088528835491
0.410613827796752	0.84416628637296
-0.00738852035605619	0.00886397687819903
0.0148830598319657	0.0700910650988237
0.0323083796804143	0.134563564854615
0.0272467937713523	0.0960810534728443
0.321291864776106	1.90345732770318
0.203440231585844	0.852899652314008
0.127467692345188	0.482304838167331
0.12291335363449	0.434734182192877
0.031012646963344	0.0805411629115375
-0.157057438290605	0.447966172063497
0.0820106976852382	0.205306928548476
0.0168647156500035	0.0282004562994489
0.207767984009642	0.408825206740253
0.0631187875034877	0.0713096092837074
-0.0603475078457907	0.0690937488890142
0.291203414861667	0.533676012319901
0.212122943247934	0.459476427739344
0.187777925115314	0.353479693135086
-0.2133258396723	0.431015623334118
0.0245690302734801	0.0465873199864235
-0.348456524605607	1.13051149091114
0.0731352694924323	0.143298326837336
0.0535612007388763	0.106024472817083
-0.0639219757375664	0.130635891663899
-0.14133176663243	0.303488456724214
-0.0282931546234046	0.0495664425239974
-0.0164261047668625	0.0271286700563681
0.274614836791913	0.587611674700517
0.338761742296767	0.817105879221716
0.0767358138549722	0.0851200293475322
0.386761174348304	0.354768082829449
1.2150024254739	2.39597583366192
0.694300708852998	0.734260641399696
0.472492139164748	0.464840976516078
0.613339970275496	0.753500917558353
0.922113537290364	1.08926243161746
0.500365861955899	0.70369960210456
0.200508953066675	0.196292000620211
0.332877049141984	0.535029374730817
-0.236274852187348	0.230622854472069
0.125623794752883	0.200675949500035
-0.0536309840236682	0.0846632642409387
0.0738119529854008	0.105226650724372
0.387857790388993	0.858496866306285
0.14938107410821	0.229927991520876
0.164122252468162	0.256592555347633
0.354952541484199	0.62822253308366
0.211052988852954	0.304491916566275
0.51306917414631	0.988984039152249
0.0675969106915069	0.0783088763217451
0.150400851362672	0.227290118203917
0.158029284612602	0.25256616938734
-0.158685955284166	0.199617058498738
0.0346812304657764	0.170815719448318
-0.0351003792366862	0.148936827470193
0.188615318748832	0.954165359565652
0.217295540938447	0.935494259699272
-0.0986811043209273	0.34340428920309
0.030698197006998	0.0821068797362436
-0.145216109874262	0.489284683843272
-0.258758564610822	0.967788306311572
-0.13591166565247	0.385275068550187
-0.253697057746671	0.559608730385713
-0.00733695671096536	0.0101992756368709
-0.355679531291679	0.72049801977366
0.122446156504374	0.170823340250724
0.594176641820229	1.39019748994342
0.349482365940347	0.937726315531364
0.0227002749842412	0.0336562271836654
-0.111827640229523	0.191104959490104
-0.189268293784586	0.418162583765493
-0.137797149108332	0.285938915001027
-0.139562895318333	0.2665440210905
-0.334088451327247	0.86746016357227
0.185691221359049	0.390004115671358
-0.24059712956988	0.544740572247073
0.259177012806431	0.561500969838435
-0.138097287466909	0.240571343819269
0.278509855692936	0.622972041226979
0.196574435639481	0.287184918874085
0.0329867432588793	0.0278927478457969
0.743096604129748	0.710461688992133
0.0840291322835282	0.0678875062689227
-0.244094171488637	0.234047135767783
0.400475662023935	0.365042461358071
0.592188945490896	0.905983592295996
0.44082048819181	0.59171540531463
0.0545065889828086	0.0606670450359168
0.322889842802182	0.577861584915758
0.212000380014111	0.39930352267049
0.0501088369709317	0.0647127302426377
0.0302397895534905	0.0332557471082294
-0.135942645631356	0.194653816427265
-0.0930362128658985	0.145802752496358
0.499407421371507	1.11449137107766
0.343933820320893	0.517470729541555
0.0612291353606004	0.0601421216553042
-0.260967010186627	0.405033631454205
0.0801639576343578	0.0878511411320015
0.1361894293398	0.151112475879056
0.435830008362624	0.735441231246353
0.11206238473263	0.139439872706522
0.403851422764405	0.450630824615321
0.430042277944818	0.368228355278372
-0.00624420864496375	0.0271304862793049
-0.0771839078032871	0.351415144507536
0.216616735859508	1.10398593383978
-0.165977681932294	0.783966687708592
-0.135361324905293	0.540954681214636
-0.229624299461504	0.998030366155766
-0.434437062308014	2.19825418920882
-0.540746526238997	3.29694465421591
-0.526324969692447	1.94632528433985
-0.300202836632989	0.713214316070743
-0.312430720195736	0.5575839826526
0.0688117491575759	0.0837241639417277
-0.197143937808871	0.329346562725682
0.000228363295014671	0.000351185714907952
-0.337623406388141	0.903695919357212
-0.205886481500203	0.405092568741873
-0.0324425018281704	0.0621528513417192
-0.268984542027755	0.703164435819146
-0.194557888143451	0.41584031742494
-0.0744972199106244	0.137181440340236
-0.326817068279802	0.828492974190988
0.369471329118972	0.974075378065479
-0.224100176899003	0.489631434206704
0.288314530886777	0.672367637230941
0.0135673181255763	0.0203365741096583
1.03137024378703	0.691265592743418
-0.440198544011062	0.504040095419063
0.62889428311321	0.826766683511781
-1.42251921808783	1.31179155324224
-0.0662055439691591	0.0695442199681651
-0.079575595548805	0.0707527527342909
-0.0355638360185205	0.0437821637024467
-0.0798961163814031	0.104421703848034
-0.406079842368731	1.07482773149619
-0.0794606365022915	0.141212085876242
0.203886116804877	0.408806211293473
0.159993617385848	0.267352621057798
-0.542123865573066	1.28819265384973
0.0327193550019565	0.0353065061166188
0.297123993753355	0.335691273608775
0.265920603294383	0.454039251776674
0.0978203517668088	0.142431729753245
0.16580075521209	0.228049349142265
0.0832269459061504	0.104900649774903
0.223688750858835	0.313978469636947
0.435226028972709	0.724582757369131
-0.421779267779349	0.672348478343399
0.50493906472969	0.983086752860996
-0.0483691329333485	0.0558688436195463
0.34316023213832	0.531972145371872
0.0466435370783534	0.0510088560975003
0.151435742152995	0.212139258599097
-0.161221445002998	0.161766807385751
0.105567905803907	0.0677765824217598
0.267376106363098	0.142666262289618
0.560197679852714	0.486866791460378
-0.0575338498224324	0.324298269988359
0.0180068943661779	0.0665118481320274
-0.107769869598218	0.484751848091495
-0.279549199223459	1.6322148498384
-0.518031231617475	4.22375697161975
-0.695397778440749	6.34289515669304
-0.65956376598815	6.47959302210945
-0.706451938402129	4.2413494776774
-0.061846895291217	0.135035966571793
-0.121211659808605	0.32441194860493
0.314561736932394	1.1500721253504
0.0982720552456153	0.233323754588549
-0.0782257593297613	0.189711978937674
0.447324307824513	1.98122825498588
0.229402600970047	0.811088766472184
0.0731906518781949	0.156316664693416
0.0327197709141365	0.0577764584133473
-0.194878199602479	0.35760634620496
0.146872426530568	0.237995308369094
0.0048562569833482	0.00662509345215266
0.104641490840438	0.150402250907971
0.249766659802463	0.478262704148105
0.332367693820475	0.701157860008846
0.463870733692397	1.16281830751199
0.610833249996155	1.7730939233106
0.286615238560514	0.547905176249022
0.0233688014111839	0.0322217425731167
0.337689794966442	0.673467932578534
0.194878495993394	0.305780684108417
0.161972660804021	0.283414414788424
-0.027903747593355	0.0412387844984661
0.0615791612074763	0.10856740523131
0.199719882267536	0.464426054640044
-0.0955258442067203	0.168020161346546
0.286225114584413	0.588913814802612
-0.0823516472955455	0.137888737818587
0.125028565714034	0.179794025254322
0.319858633873013	0.509411332373377
0.0845857225890407	0.137285874564768
-0.11222213893332	0.210592331271997
0.00176316796950521	0.00271596208073187
0.289820507067718	0.558117140555914
-0.107434596664318	0.152127759232974
0.180441276099464	0.200325743273837
0.869818562358054	1.75357000902555
0.121003901774311	0.132437674616741
0.325633046693766	0.452738761607289
0.205383171055257	0.274857019919428
0.437327228354919	0.579648182088154
0.155134918775839	0.213868804599171
-0.381016014431529	0.563461493683227
-0.0105738924395496	0.0114691689867314
-0.362114943089748	0.545471991818915
0.572464635146493	1.2510744566712
0.333535821908535	0.769763288212683
0.612684834456264	2.00541613158337
0.203641217221467	0.209623623301989
0.0890781719627573	0.0511631703835791
-0.679776107706443	0.316640300624919
-0.125032517709837	0.0558960141405798
0.0959579312255115	0.0316469417362103
0.00685291410725214	0.0292525665947313
-0.134218057613113	0.794542842570385
-0.264172463187338	1.7096718433352
-0.331882700184463	2.17918311285084
-0.324576576603692	1.73437567836798
-0.491250885074637	3.56140638402591
-0.350293877875904	1.25701640726532
0.0571032637522756	0.109251569872923
0.175473263014323	0.314342408787912
0.255177195704692	0.474290958779693
0.224204703618403	0.421612516667532
0.653421557663298	3.13897874495099
-0.0334744049322693	0.0584223040788423
-0.5689430171306	1.75038543916223
0.0739119247684848	0.145186926095341
0.524000829338295	1.72365433110502
0.108771302549071	0.186503560235505
0.238134883467065	0.568450431344966
0.0785346578766438	0.138609153590988
0.126085587104097	0.2190019454498
0.186558900550811	0.377694213335444
0.830556270501812	0.780383539569092
0.361153279906491	0.455721042051444
0.792296096571727	1.26433760995979
0.871526330606385	0.772379885831835
-0.275170252713873	0.329499782626342
0.311191561057779	0.34724592010157
-0.171986341166085	0.214571379145532
0.10643487469235	0.141540933452359
-0.0546748219067642	0.0822466087875344
-0.197081743909508	0.404782889645425
0.102409965265445	0.163000372374981
-0.10038185630917	0.137214104282485
0.214518193702615	0.369655704345988
0.198428746365148	0.36957906033647
0.735864010197249	0.977846723716822
-0.125600025946776	0.201014004531555
-0.00166936708468388	0.00216012903849493
0.179850251407352	0.251994422940405
0.406956934026987	0.658340612573622
0.242579508303844	0.346384544528462
0.403461377542473	0.599370909641558
0.242229791972662	0.337362718345775
0.309843312388032	0.347079783651017
0.173650900201241	0.211978309769925
-0.458935572726517	0.625595956360903
0.135792880526119	0.163271176742391
-0.50454896202367	0.883370969172422
0.401740751823932	0.532287551305542
-0.294323811833454	0.4188722165533
0.257582585899168	0.256194897159505
1.70007549394528	1.23235214107809
0.663024140882092	0.516799410016922
0.385017760801954	0.157618957334399
1.05310324993627	1.02406624412615
1.14370529652865	0.947479283517028
-0.00946843720825359	0.0425529836026065
-0.101577500382732	0.564200706808285
-0.279404511238991	2.10743136073441
-0.543287911806624	5.12015560117537
-0.485041548899918	4.05394612160595
-0.120335631576743	0.372657452882958
0.169130150333003	0.481789661849798
0.306968337878411	0.78188341222015
0.392729861847522	1.06447153759369
0.128729510487901	0.230014109618375
0.0625063487115395	0.147699851012758
0.0713343249065792	0.146143020518736
0.0768714719050911	0.139246904757883
-0.269884568782186	0.913547457313088
0.211746062189973	0.593265916481016
0.220881493201385	0.594527564670561
0.163424858737669	0.382473578304573
0.143417090540752	0.326152008337949
0.187258966725688	0.409567619195231
0.829391346985406	1.46973095323889
0.00796186284110342	0.00466533491585326
-0.447276356805169	0.745538416031001
-0.573802239772112	0.918626720163497
-0.064866924411081	0.0796260946823016
-0.0314932089975638	0.0414968225507885
-0.35681831561935	1.05858922966689
0.0397584065710527	0.070840997210297
0.282578031183595	0.65967889254327
0.0647353031710874	0.0894978733465907
-0.0134976027082247	0.01921394491421
0.20632827317439	0.392074487538057
0.122915543243857	0.181650447627414
0.102264503519658	0.143317340039512
-0.0143772508753508	0.0166275190579335
0.525535332048826	0.973747398248575
0.114856092369227	0.154966174691683
0.365179219678219	0.663166373982346
-0.266825716488634	0.421300567435258
0.251799547637036	0.336203693530943
0.507908119601878	0.904685056142216
0.0924132086765302	0.0848273641667837
0.63284608372287	0.287810286343189
-0.0202157936509091	0.0963227976886805
-0.178853329012672	1.31042242773104
-0.693421113095864	8.9742686414178
-0.146464969912614	0.777563769699883
-0.108887122875108	0.374017283028209
1.97041767059222	0.506347272427521
0.419130373279607	2.09155490158418
0.612556965572263	2.40457979642975
0.472668152667309	1.49987744214716
0.449928896819767	1.2945418344998
0.55430708086692	2.93858510758425
0.366992495687528	1.26090707070271
0.443522047733221	1.45181841346479
0.136847616935885	0.347888186074227
0.136382237237465	0.346732483271443
0.365824372244337	1.11873021640522
0.302140984650824	0.904484268562081
0.398956202104339	1.23328849936383
0.11096344001061	0.212617405364769
0.383596610899825	0.403923890312922
0.603913782057673	1.00703032424558
0.549509930922669	0.537949357710185
0.211181034229357	0.225441431105563
0.289603303438807	0.373319475682483
-0.328913902152144	0.28237112458383
0.173937544431702	0.222717886042844
0.477373072012421	0.747720989173735
-0.0221063394494814	0.0271099423223976
0.266048814546009	0.535104852019521
0.0533470232379523	0.0935216319023795
-0.0668361650273027	0.118007097715367
-0.0163712593138128	0.0254313134210793
0.023764244896637	0.0354366402081479
-0.098224588713611	0.14342951922139
-0.0031021108138213	0.00454640697288702
0.223100029819445	0.396651636836451
-0.0308356335220811	0.0455498263543023
0.124330620729699	0.186685478340453
0.0753446063531957	0.100922281515476
0.0446255787367568	0.0543357714853789
0.12093684507964	0.171487375414833
0.270164714599244	0.444039130596745
0.512711986466285	1.11171553514945
0.248315137636021	0.339190554396652
0.388264469274829	0.695576855977917
0.774624572281336	1.96169071708788
0.277163170864503	0.442364462326735
-0.0164729583396465	0.0763297299108395
-0.248976551093103	2.26770442481624
0.285057711423854	2.41606701289568
0.385599523070592	2.41583744030402
0.555862247163255	3.23367034230191
0.303365921910694	1.03512351651326
0.199830096246534	0.518551657401325
0.199022427740202	0.484778904562786
0.301021139399221	1.18808599368956
0.453039487798503	1.90927679973617
-0.0922672793661162	0.19038100854664
0.641377171473807	3.13830347378287
0.236338319880687	0.64246708262057
0.154060591912424	0.340823657083997
0.328286604249559	0.996773849004741
0.111359000654317	0.241042294089981
-0.0747077046378051	0.132209199226284
0.285081224887195	0.730798931170899
0.578594140787992	0.741629763042361
0.45792275270915	0.652055251844203
0.026378494170827	0.0272820013054758
0.418827034275706	0.448978820297259
0.0561675592999555	0.0697825638425561
-0.447035262692111	0.768843801567921
0.304818765114671	0.570663598840213
0.112522237799724	0.185155092699598
-0.330062582790145	0.887165558252871
-0.111800575009567	0.209947016714136
0.0168274305990144	0.0242270923899592
0.446275298274006	1.1159170962077
-0.104737139057917	0.156830167400411
-0.0682613998131591	0.105543879007916
0.0717546765504601	0.107725492899533
0.0161911323197323	0.0176088884421513
0.155139669225162	0.209980668714916
0.137361428486565	0.180946125748235
0.0458383098320908	0.0551008296110917
0.307824238758696	0.516056731278356
0.294356974664033	0.479435298058851
0.397969512745269	0.669484602761502
0.757316650646074	1.32357460940424
0.326800263637054	0.499921066996269
-0.0423655269134562	0.236157306326385
0.393699116934868	4.48726915922766
0.587761497581405	4.45307095860213
0.601685379064876	2.93957796085259
0.626542178995581	4.93422328506506
0.492970170664305	2.86072151738717
0.456296073019968	2.13789377400632
0.456100732789149	1.89496378656741
0.112373338960547	0.300293300449385
0.0175077771931657	0.0384174309783336
0.360151716859323	1.12577107782026
0.480537638340925	1.65020198637803
0.5159026372841	1.74683751887249
0.171260314174389	0.373610871500346
0.104014596768081	0.20000036104933
0.0131656234377012	0.0194866851167186
0.413352581003617	1.01710779131786
0.249958214697523	0.520206227465049
-0.490971389844271	1.07402900849205
0.164639044301363	0.273752323320056
-0.488700352910353	1.16302154086326
0.305167750490748	0.540106295982069
0.387094998121814	0.979890708242224
-0.037747817282541	0.0592231662621858
-0.206757147399272	0.429563569234418
0.178553106497736	0.31469954301476
0.377264119781337	0.944071403098549
-0.167535209850616	0.272187268619841
0.163322928141675	0.253752082701636
0.119969917453796	0.182474838926048
-0.0835714260175845	0.113436956842655
0.145311113902899	0.217406040051767
0.143758356867238	0.20651710383483
0.421480562078804	0.668824220896826
0.241008882476184	0.305087246659333
0.0516533711068176	0.0518956456959945
0.375801927964174	0.645972465600741
0.19824804634535	0.249802964858966
0.438485875041214	0.785769737151438
-0.130994321662947	0.169413861489463
0.0173730798442074	0.0179365523320073
0.29073039977716	0.394921655071271
0.599444791168746	0.968277250598013
0.509577570728305	0.847983623291373
0.0810758526198135	0.0857376300876878
0.799188455946384	1.35374219744459
0.319872020273925	0.459885426031814
0.409523173521617	0.61797470491635
0.015222520531212	0.0705215086938267
-0.122991343186369	0.684935807349648
0.312750082861864	1.78940999944385
0.308406765753301	1.60489486598707
0.688223896860802	4.96434997024534
0.309398034228003	1.32142415626261
0.0991423497649885	0.328212400608486
0.176051735465684	0.627005367339708
-0.007335346591256	0.016727126471145
0.167986918915158	0.511717978796297
0.178815833862431	0.436271224379953
-0.186187616629597	0.412836111305284
-0.18348572892797	0.376236105622038
0.298784169328487	0.699485284581538
-0.281739255373635	0.620612999911888
0.1479809677634	0.206726681905996
0.348312385616405	0.425414722024599
-0.127408776231626	0.189304436253641
-0.0771505495973972	0.101983912749027
0.0596974462834773	0.0635266177635923
-0.0817845681723687	0.123799498930389
-0.53695142299596	1.42859581883149
-0.152650295022115	0.287351525847221
0.0331109867381802	0.0505723040018264
-0.108417406396054	0.212452682124139
0.0141866332356207	0.0191421547303653
0.115644140439102	0.215422631184282
0.503349349064403	0.734543435733665
-0.283882881787173	0.34619331652956
0.429025524187212	0.819709844013724
0.0865011804066785	0.0901517919599888
0.329534373912981	0.583924298987447
0.227542690596037	0.304068799766883
1.14739367549138	2.60550489821957
0.0749446254417969	0.0779740663786257
0.206370835021414	0.256383003813914
-0.28333634306836	0.363217212176395
0.571726940367068	1.02179501451569
0.157427797723449	0.169644877468189
0.550045975842731	0.957928231230836
0.0163519598889024	0.0664357035428216
0.344814387031894	1.8094982868779
0.433460377845184	1.96893931162979
0.508390108189948	2.01219389335831
0.341938917323311	1.15030354463793
0.108459970006935	0.309697487064395
0.272488703049623	0.875341015172983
0.12922344676337	0.264492222501231
0.306608634886664	0.912022166035965
0.106853729846877	0.193296555873025
0.184703638280168	0.279313693769538
0.370465490807472	0.704853528435451
0.0342908919620132	0.0423563147005787
0.684508735541934	1.30414495095168
0.334326702167063	0.262785501591371
0.00205772119893535	0.00185107214294983
0.32181543348451	0.262675332196872
0.154640324239898	0.132019145815248
-0.124046266376364	0.11674706654392
0.549652755502607	0.55850338203807
-0.558483647208536	0.815355920697017
-0.144961018911525	0.125745332120536
0.0207673139161037	0.0222129989082887
-0.0996176067518586	0.111311460546536
-0.0637808753896711	0.0667695317904984
0.344944391176638	0.348421518590214
0.152977458302139	0.143703061633029
0.213399988533387	0.186586059080773
0.213611454601969	0.169251092948299
0.545469365071973	0.666101545767746
0.398874945230422	0.356820593738329
0.0841985964595705	0.0738560561331976
0.342298020164241	0.349562762069017
-0.844973813009781	1.0589609982661
-0.444205186837027	0.43398694712409
0.475805827791629	0.510329475151427
0.729185246117585	0.410514661935447
0.4718010426502	0.375002075953912
0.477547066304405	0.57835195051452
0.483966458277276	0.467005632122134
-1.79013332416873	0.436860451051026
2.75497641146614	0.823010688280342
-0.0274766377064397	0.123723016030272
-0.0900935355278435	0.42831165669388
0.0872272457111969	0.312697533968155
-0.305613632470225	1.50566386837001
-0.540271801351164	4.73063656466782
0.0740495047586573	0.227730547875028
-0.22488926335165	0.687635859505202
0.0432480774851697	0.0906799188143206
0.186649119722289	0.391349621387218
0.736615758869443	1.74055800617173
0.337418218642385	0.594253623832985
0.00924336758007129	0.00954771428477453
-0.176402928895474	0.125300143586834
0.539363278827352	0.724376278823797
0.519385640670627	0.703349162559042
-0.119623740813283	0.0903825840179477
0.0650411632350818	0.0699590092126617
-0.0494884847649752	0.048862049043413
-0.0567726565250538	0.06999995382462
-0.0813519193494022	0.118364923772379
0.0570124511690839	0.0657578862395923
0.202082178484306	0.169618928749806
0.79531912912629	0.998010087982831
0.620435523673394	0.827208821548971
0.936922705311547	1.99091270950529
-0.711824569959262	0.75358979735289
0.312412194424451	0.265682772164233
0.133544314819217	0.0926124866229954
0.0102758736475503	0.00664210630256854
1.6280023588588	1.99065977298789
0.372539642992887	0.408131093763935
0.0383582879828636	0.198732284404631
-0.117028915006105	0.790515293224915
-0.0528840292400966	0.213416279359928
-0.548573016287531	5.60926333224551
0.0503813771318071	0.162842916969521
0.0332768625987229	0.113805957223363
0.117114896261632	0.24703861212331
0.0229978316193212	0.0303620018181644
0.144790813455824	0.173120555311774
0.539206504050804	0.868203770539295
0.743160261299198	0.990615429156882
-0.0402125463766049	0.0854686525886337
0.106917544297829	0.241154365053725
-0.0055539516558518	0.0102055032981504
0.0886557372194148	0.165238278159762
-0.0734943736804716	0.140272082766111
-0.000552148954812508	0.000946760639019498
-0.0966956845141995	0.141701855036439
0.373147170510642	1.09361713486506
0.252520512591695	0.688853137972656
0.0106348605509953	0.0169528092012689
0.124564722209824	0.155218841243586
0.483595606604157	0.748427773545463
0.0676798428720621	0.123554315549324
0.265612452222507	0.445558463479119
0.231812057214459	0.154229805755751
0.947795774593894	0.817518648910032
1.55662857949952	1.04935820506197
0.887808654721877	0.794741597497755
0.463199658906526	0.358315471624568
-0.321182707781898	0.266498653321208
0.37703344388823	0.357228023874097
0.371797693909242	0.59472362679264
-0.70499312665374	1.20475958448595
-1.56177330440395	2.01140440558518
0.216374587445897	0.143992733135079
0.342817789313873	0.235423099736635
-0.992928100810943	0.826344671830604
1.29000615334909	1.12013815701136
0.0530131546726324	0.253668707353849
-0.0411738530475424	0.193450831614357
-0.310104083926512	2.79747975570502
0.133801440577739	0.648089894461214
0.0921664754005572	0.387739946307978
0.343952162326422	1.26992016231335
0.260184849605943	0.554224952373829
0.794443143120512	1.98804842433165
0.585895984845668	1.28680445248483
0.197284902882611	0.306463843580648
0.756026640463666	1.36221565309427
0.267422043666204	0.37428807408712
0.340339363151814	0.441167835318429
0.440652194966892	0.686299186615845
0.375446585751776	0.594633677680733
0.0139993125067958	0.0192067904572052
0.0500278663621131	0.109399466600317
-0.048596679469782	0.100104842230252
-0.0555906526550768	0.108396450119354
0.0527712345801793	0.104208238074063
-0.00555723458754452	0.00894120016080151
-0.0805977500191623	0.152058842327537
0.157124495761991	0.34948162066742
-0.0356369747683744	0.052171912396314
-0.145145754571605	0.329913409985085
0.0377719445684168	0.0671645948682543
0.161535263482562	0.237579665796301
0.326088554946887	0.93556356165974
0.116943358718309	0.11875682815915
0.57838000808618	0.89704813993613
0.0640846392176489	0.0491547180048874
0.0145716721760991	0.00938604284710778
0.369321532435566	0.248667040843367
0.949834747437468	1.07323301610949
0.559273355929116	0.48414782994337
-0.0691013072055542	0.0462366394860884
0.378642492109915	0.36064287205255
0.0890267820349087	0.0755924430403521
-0.612388141322874	1.09465408231932
0.0327392592968931	0.0322242038466124
-0.332564765617153	0.30023516767291
0.321343602742485	0.261958377063731
1.25269627084135	1.60472567516547
0.566977941299924	0.563065262864455
0.222776613882999	0.182535735390092
0.227644482229283	0.175792831695159
0.0204898915066132	0.0932701524771285
-0.0774605253848536	0.400266770114147
0.408903246567387	3.54478665342479
0.264006027462756	1.59386008846447
0.449186505376824	2.06079961718633
0.536408847537552	1.83987085973132
0.458874253395525	1.09788361695229
0.655280594342646	1.57761037209406
0.365605262345381	0.664860813755942
0.406920336614098	0.7106183150269
0.449814581098039	0.798514153629375
0.371949040679329	0.625342033139078
0.230336543135301	0.493768418108404
-0.178662419307693	0.343126750407983
0.00599240984783503	0.00883259198139137
-0.140024388513273	0.229133023980639
0.014817623272499	0.0204839368804602
0.0371476528751384	0.0590536957649377
-0.00119842211453815	0.00168287207602412
0.20902279559734	0.341841470559841
0.121019307118832	0.135893932340775
0.579807346019146	1.31324701140397
-0.305967871856802	0.626416430493177
0.250528900224235	0.313927971356372
0.530859640403168	0.778333104021562
0.0180584688166621	0.0135905515891397
0.690264967648514	0.715469678805942
0.493057524365707	0.551151953079264
0.344995932348541	0.34298920530384
-0.230659288205922	0.206195958360927
0.70219186764059	0.770697945004785
0.275596526334957	0.262682787818695
0.152890792116289	0.144407255952988
-0.0928399008037136	0.0956364272140745
-0.0949621956891668	0.100605074115126
0.0768726807185437	0.064149626347063
0.420066132312047	0.368317728717794
0.613910116923279	0.511140541367912
-0.130523169258096	0.11191825465688
0.768361428940518	0.756168747535996
1.23478846502836	2.01238251782491
0.371816584642595	0.245935273333672
0.588202162258506	0.715793324513149
0.571328920708488	0.668314707062386
0.587760958457172	0.574061072755601
-0.0317065923576597	0.156747248131622
-0.13416970464093	0.857002331895999
-0.312837931059829	2.58059004195469
-0.00116660588628888	0.00346740887149523
0.431610519282128	1.98749830389802
0.630888024607151	2.60169929275231
0.131250087972697	0.260644537794097
0.307498170644446	0.772121244550224
0.445919312815258	1.18061763957949
0.195099911238386	0.402514478984201
0.184581798991272	0.328113981612635
-0.0542450746195083	0.0583363150594042
0.0993174014201824	0.135554431573165
0.446046838082669	0.926016292133884
0.0686656630559335	0.0745470408243826
0.248038568441584	0.443099672562075
0.24412532753505	0.440157964828811
0.000417672943182117	0.000639779752573296
0.157663471149213	0.262508112613639
0.147630770357731	0.239726543015471
-0.112877747611775	0.157721735559879
-0.0240552202007814	0.0291232210537747
0.0109478056700533	0.0139298536350133
0.178777940580937	0.276747786237025
0.11363556101324	0.110891363011618
0.0417881991968536	0.0353757489405674
0.731024092100659	0.97295462295913
-0.282076709393171	0.321386933205644
0.976249059597765	1.8642946604678
-0.668277046943264	0.975446005593092
-0.68071846927871	0.815842845431584
-0.201855350642462	0.263231714571885
0.0496175310255591	0.0584209668841061
0.389019466722126	0.673320929068826
0.449787006562541	0.697592532102274
-0.565606152149224	0.685915567910346
-0.0351920199599772	0.0295705119674407
0.803455793263048	1.12449846865704
0.269419985952256	0.266265443825555
0.207657138615799	0.18130917728914
0.201404823422827	0.197004708982859
0.502533223379631	0.476267775013557
0.286755237951098	0.353361699455233
1.04836680356878	1.77912307973262
-0.0326181049438804	0.169941445605749
-0.0158011854570141	0.0706501807027485
-0.213103594685784	1.22435753603091
0.352356813901579	1.62247080771547
0.284208565015781	0.738657515212565
0.031515621841527	0.0526335210238837
-0.0401857033442634	0.0693825604505473
0.05335972411812	0.0791879460581939
0.494503547105443	1.30921382736369
-0.256143781971329	0.545905065010759
-0.0573999795486276	0.0822230496516081
0.398421692923816	1.02641603142197
0.137904303985641	0.278135031179988
-0.176960075337239	0.390020411851976
0.0894995247262895	0.186076366404013
-0.0561283677861373	0.096549646112807
-0.0526691405601215	0.0677575172160262
0.370823187144616	0.805376306300668
-0.0074775741233253	0.0110103881294947
0.0346666245721775	0.0521105360481814
-0.150215763495776	0.236488387662106
0.178718090914992	0.25846283059865
0.0463041984648843	0.0405007556453427
0.0228902679711873	0.0181167583091274
0.743710217487183	0.855477202398614
-0.161886949039453	0.149957658197226
-0.274263124093955	0.283729184396261
0.818408752338814	1.21484459748099
-0.189952555570637	0.189966993491265
-0.356231546235959	0.470791734243563
-0.616590504546508	1.24220409308192
-0.373931306680473	0.698060835235049
0.0855557629975828	0.0763988798685551
0.496528415484575	0.601064429189795
0.209286893317669	0.192876775668267
-0.172478735677989	0.155925882209081
0.600286565854193	0.590706831209665
0.20504072111466	0.191501019501531
0.141550839216923	0.126599966004921
0.36967051616827	0.249766753352223
0.106491412255196	0.734513813257397
-0.0566718313758402	0.249315990742809
0.142506007198648	0.514930584258146
0.124361739795869	0.305777653001767
0.529924511343745	2.02176462735442
-0.0541995849998991	0.0979388228997804
0.156499467274856	0.315656238129214
0.0294606104968873	0.0540725931840329
0.18781251430041	0.395323313016037
0.0562913521172668	0.0974017674609801
0.111257012517095	0.227617671235612
-0.146837297914991	0.244556420384846
-0.0625675724765197	0.124910362956845
0.26075853073631	0.813822272404317
-0.19153605542674	0.489461205334246
0.0133750582675803	0.0193581143856735
-0.366805800177364	0.669052282514404
0.322609488056674	0.539155213365295
-0.0366575523636982	0.0467657268892424
0.344792286090029	0.811583694494525
-0.0180048860581605	0.0314381244881227
-0.00385907752641215	0.00569326087814008
-0.0291685775005539	0.0576406938063148
-0.0250910827201931	0.0295213032343238
0.0443394213162113	0.0546411246382963
-0.231200379505977	0.242286061496522
-0.492933980144818	0.651815055665642
0.319675300630507	0.353532845969987
0.296820786555342	0.272221362004568
0.478641467047304	0.530266100904252
-0.83161356233512	1.5971690228586
0.346804487695286	0.422757478398112
-0.272304831559721	0.32926560857855
0.368922047284101	0.681257322933724
0.0698681044805087	0.0934036384293977
0.2063779118764	0.220203125363343
0.323639458416779	0.360070916845319
0.0447391232293508	0.0404831141790146
0.264596826105807	0.263533242630968
0.78055900649578	1.11084341285135
-0.521776726457598	0.480039159063555
0.759534735326358	1.04586433735609
0.23608165820186	0.354248477392987
0.0887031242674023	0.536369702188321
0.267759539958346	2.08551311233759
0.128840496422385	0.502187848522087
0.214557544783454	0.898934696124126
0.0307609617747675	0.0776077294371937
-0.0160601494717705	0.0343920198244097
0.384979796327581	0.564994013413987
0.101853499763984	0.147526290284503
0.166163129399514	0.210004776433854
-0.243537752394544	0.478057035960394
0.0763906650775856	0.115030547661436
-0.270813238338802	0.731442331712079
-0.46523686359151	1.49895435220649
-0.565912684138111	1.62191652688394
0.219216507897166	0.457350730486481
0.240013120876644	0.386114157101782
0.0823232018442757	0.0974193080418031
-0.43567931461423	1.13128040460849
-0.0184027932988146	0.0270829283386681
-0.105860734093245	0.138739229159956
-0.121711790157428	0.154539606879464
0.407702189808014	0.665412645711632
0.250068954351061	0.390190823433366
0.203217596111899	0.300885255164675
0.0191551407278206	0.0209474344218866
-0.371487847907654	0.627689236094639
0.18673395657167	0.305079143542707
0.0135225585019403	0.016883338274821
-0.0199006692794659	0.0278165578205469
-0.0190353483374107	0.0224585022704351
-0.0126432017436551	0.0143746785088144
0.238119208156994	0.339748908676161
0.285644357677794	0.43161175318689
0.0999638122026447	0.109111128269206
0.148860564012101	0.141536430873899
0.232535281809642	0.303110203833175
0.220382708238614	0.31649724144407
0.399262210747834	0.593306688940203
0.514759450094158	1.00317312514208
0.420290004419768	0.683871330557856
0.58163109527669	0.645266879244109
-0.0766381473211384	0.0721110481972589
0.212283998628736	0.223429454534909
0.401703931496611	0.582550771305928
0.374445926001217	0.538382976691818
0.109920591848469	0.148127136855356
0.35882539996227	0.682506738145477
-0.335711889874816	0.9371304765137
-0.435061430033814	1.34366474393898
0.225698046143351	0.50085627239472
0.136076813597885	0.244053616952611
-0.129845689454835	0.133182502867318
-0.120645884995818	0.190880212586138
0.229672620458608	0.466513690186919
-0.058067340160643	0.0845899617504534
-0.107795469537394	0.160307156979904
0.379145349454908	0.788952495599352
-0.0412425728595352	0.0562883241383085
-0.43237585137995	0.950603544357852
-0.22372271170983	0.381172294797068
-0.47773161020504	1.00448389418892
0.125903594158395	0.189328322640708
0.0132776950982492	0.0181342725268549
0.136684423681049	0.198151994497322
0.339632718722131	0.492527199359256
0.440242933468089	0.883764209783602
1.21444349092386	3.03176309545777
0.227684400716226	0.328384584901722
0.362235261566166	0.636927637761366
0.228000403709233	0.174624335411064
0.395562642233552	0.491055842252448
0.343983366739693	0.254547331337321
0.746969349495631	0.934515119510653
-0.0272734090432421	0.0227858750531255
0.31936190396291	0.364124052736539
0.358954722596958	0.517876180132791
-0.0337502357964962	0.037484295770981
-0.00307488338315406	0.00462219974169405
0.133904245495831	0.243952402345983
0.129442450986874	0.230452541127354
0.013128333112355	0.0195411573110779
0.229297207428866	0.410713003304113
0.286680648047624	0.274613578316657
0.312296986570258	0.46432306428074
0.10768766562555	0.0682653256203702
-0.426816661058903	0.842565779717421
-0.394397687780109	0.902009594378738
0.193161913843807	0.347864871364704
-0.317023497897135	0.650685556432346
-0.144259691500325	0.227742596311335
-0.592201177746445	1.51935298271389
-0.331480597545874	0.705802742161682
-0.123777730173363	0.193713823030174
0.153253219801562	0.240287113185654
0.120082496530611	0.18242037090125
0.614134321324916	1.62028700445041
0.142790391981813	0.185650050812302
0.313330487081871	0.442018553550932
0.334925074378534	0.689820678894692
0.349987243120446	0.342928033772531
0.0144976009441917	0.0110443508344353
-0.221746849792565	0.155691087226253
0.223725141462343	0.184778146035841
0.25708864807384	0.273869627918942
-0.150166436415414	0.141254584453873
0.0425956648056051	0.0449909872801859
-0.506981898859805	1.01752084516362
-0.131423295530418	0.254575393218473
-0.0947337865208207	0.180587330438334
0.0404076869828131	0.0533560860857623
-0.0292376069526042	0.0420421225163075
0.034156760604716	0.0489333192171516
0.17609183779186	0.310674754871726
0.357149204192202	0.840354652870064
-0.10566485107568	0.176085720943462
0.271821907134018	0.579948796471709
-0.251244823587672	0.48382625638777
-0.0514848167996079	0.0691397488124081
0.210623293909808	0.402187460469812
0.199537542814703	0.32972239886558
0.329397234658284	0.495584201507419
0.245273245938924	0.340894377116399
0.356622699177945	0.589069130762356
0.354035247450874	0.417888507510357
0.32259669018252	0.244450781135055
0.88743811360914	1.26777126668488
0.428666390296566	0.609060031314912
0.609723315999605	0.747728103886016
0.245760660388775	0.295925756358855
0.0926369145418237	0.120380883011666
0.0359710392966437	0.059524558401523
0.021412496040837	0.0341136019164383
0.302489758449184	0.360498364519631
0.148717486175378	0.12302413614044
-0.349156013467703	0.666672932249092
-0.287667743998045	0.636632758513148
0.0767966017964009	0.122214285622895
0.00215251252656177	0.00305588990673523
0.00631226031406338	0.00867381085235893
-0.120416639581947	0.192677773999405
0.37487292586404	0.820645166286144
-0.207962587685062	0.411333340185853
0.000714719125387819	0.000962827225388233
0.319977276525209	0.663510311000957
0.175138211898209	0.248703238559869
0.316709214284753	0.512339362285474
0.351539772973812	0.569565853284907
0.380914133665032	0.602693619996873
0.541060887352404	0.561711672052796
0.335270109107474	0.396837864437302
1.08166267289159	1.21265475983096
0.59539259060017	0.599327818537692
0.127936806094968	0.229525053056281
0.0506480451645966	0.0784073430563726
0.320166126742963	0.667485894356249
0.330527519650901	0.350806582456735
-0.0474626675256056	0.0385605978146496
0.160427407275186	0.241278128544759
0.150266574534818	0.265339935579404
0.174232693065956	0.296317069516082
0.215072824978485	0.374458035733923
0.0266621376391624	0.0381922751505662
0.233460410080015	0.417356424763931
-0.275210505569245	0.566333938767234
0.217360396927679	0.373553960439233
0.0725327223209692	0.103053856823131
0.274192950706422	0.534849520992611
0.531652113590665	1.0499591641834
0.184481303451596	0.303261944448074
0.134965419751751	0.205106584125423
0.418030287246208	0.630970727901109
0.610420897516042	1.25727282239996
0.0809706586318268	0.0947419730287272
0.221253148866703	0.276872262157742
0.25483382058479	0.280661614562262
0.580935112065559	2.73336003578694
0.329607830881619	0.346919613112268
0.33746792089556	0.409061060175393
0.677373029490743	1.31295192656561
0.40239278513544	0.571080747385357
0.00168943301503466	0.00264319287233861
0.106442348578113	0.209430149634345
0.0968956842666975	0.177993032279156
-0.658570478983549	1.82752532935413
0.410852569438568	0.551409681939624
0.186151191737862	0.336869914668031
-0.1072437080932	0.154982509722473
0.265732378454042	0.517683990161523
0.21036932409774	0.430537772090854
0.377823647217583	0.766918182033401
0.30996077634605	0.563675513390049
0.0956456637044638	0.145621483595594
0.219003373753656	0.38967433207147
0.351098529422324	0.732562975556664
0.429178853311058	1.00617168713911
0.346617490629968	0.668587609204423
0.0523408993225377	0.0707870247711873
-0.00344335753279813	0.00388359017825363
0.431617243772734	0.567876075601226
0.417214386120493	0.751411008029888
0.493214880344139	0.856024329604478
0.332803198165636	0.432921278947004
0.720321435123222	1.56794357387708
0.135559546770092	0.178095368440754
0.16744689634533	0.22505485549349
0.0822105256893044	0.0798561293942176
0.497238228210118	2.37703194752086
0.469789561428561	2.04156721519488
0.947831983243351	1.2323613295775
0.659503271031002	0.845000779733192
0.0964830451739975	0.114399309012269
-0.430553850727727	0.599061561992391
-0.0376067958911031	0.0448412815404512
0.0398954525126699	0.0667782723137007
-0.0192562625115351	0.0309085662262247
-0.278596754042483	0.509879408948807
-0.184773287146065	0.208269164098394
0.209623243555465	0.39956115640928
0.101115822606513	0.14598297241356
0.35704563659911	0.780510620247571
-0.306215374916822	0.482280079321187
-0.0265656140713165	0.0373859380974564
-0.0717124256024808	0.0931440930515965
0.202214360716752	0.273389661199128
0.133920099406668	0.216199357744756
-0.182276820802972	0.288472521386858
0.0751980874831915	0.101188020458724
-0.309094504586612	0.472869474568952
0.108657517580793	0.109941903636174
0.00570730240365934	0.00532138121499294
0.789776130666331	1.87868718689166
0.542611400636692	1.149229839931
0.186464221507963	0.636764910825259
0.35017609149831	1.44660176744973
0.59550825967881	0.982652040259245
0.612095231736383	0.729785124343146
0.422746999017883	0.517387751100098
0.35044028544389	0.334307594050838
0.440762842425208	0.789867866941004
0.477960752286125	0.747138228816658
0.0971780225095469	0.125113593717714
0.17069866927388	0.30669451585418
0.0331723924228532	0.0567858116247933
-0.312313308975105	0.842922436768453
0.0110646551475942	0.0168636385110223
0.617356670246294	1.10472770884646
0.0382500218202618	0.0525059326478735
-0.321047735045211	0.658390795357344
0.111369744663392	0.187594451871672
0.162137685553846	0.302830739579141
0.300092750890306	0.590348409212437
0.0602788024517377	0.0769623969213166
0.0219150928839499	0.0297789428023962
0.113364964390438	0.147009471042203
0.298134237930228	0.528988254696074
0.150379950053163	0.239857228057455
0.178839506115762	0.30218721133561
0.225363630568475	0.37442684478509
0.0764309983816932	0.104843539479482
-0.020344396542966	0.0257851435892469
-0.190442673346268	0.310607849989658
0.125944257522376	0.172610372717755
-0.0786163158243442	0.0998362419576401
-0.549622495726345	0.786119305911903
0.184508627483978	0.276827744921592
0.108640112173138	0.139382969344916
0.541511307834888	0.947315440421951
-0.0382337902981626	0.0419612085731111
0.442269817611459	2.84934856974626
0.351909090654282	1.69279042238314
0.25411285211925	0.350324717869893
0.392033633413749	0.814418126577217
0.175805993925014	0.184292954818443
0.403341016668016	0.545847334812907
0.623988535725001	1.18613595313229
0.0195129608574631	0.0176830060715019
0.238106384781013	0.378732993621314
0.173752574603405	0.238117747724281
0.296497150962227	0.540256069757406
0.27174240607899	0.520374068930192
0.222526836157825	0.554969228730897
-0.115742952815101	0.197840295200787
0.200503913506966	0.456237806731509
-0.357437931745788	1.00596496266215
-0.00765444028784394	0.0114819069576561
-0.568495197409	0.942760830619962
0.559140150596876	1.19110353286529
0.40357523544142	0.521757606375224
0.0807013015585748	0.122301529749751
0.145002577685435	0.255318742883832
0.0142274542083263	0.018419747897879
0.0894219223288287	0.128968520242687
0.120325660418253	0.193214948314379
0.697667301232314	1.86356260915711
0.371294648672754	0.692451156518175
0.115609788948363	0.146352404949782
0.042890565297424	0.0573282567048088
0.197671258673613	0.31317604272898
0.614467025041399	1.53166777805415
-0.13725474319281	0.18685775992633
-0.272182978320486	0.419984058526721
0.479320078281109	0.864489962073269
-0.0697879692541089	0.0618914658718452
-0.10545684417113	0.124335124505718
-0.0757398460594399	0.0986874769774282
0.139022065812663	0.160446965127782
0.35999073771215	0.52528319280885
0.598050524499346	6.00984031463392
0.367560560924382	2.23182415271333
0.237558154060222	0.828867446047576
0.139568528508184	0.239640704967318
0.717983445927061	2.36988652766357
0.3258525037299	0.466050555401461
0.30742128758083	0.518598347476364
0.348863266098887	0.59800546366787
0.586240204095931	0.898449092443052
0.111355299993035	0.183291598329619
0.244331550841319	0.375607313566759
0.331220375348551	0.685631318974908
0.042109491581911	0.071183134561517
0.100903877908267	0.2180801802734
-0.0691204477934127	0.138072034488422
0.151468951489153	0.318299587186842
-0.0875519186719952	0.146692139457199
-0.0449594613519812	0.0735360178755268
0.137261039633563	0.282569926759299
-0.0440277631637796	0.0683394620349193
0.110196628534151	0.138008173168189
0.142125187799311	0.217588012563642
0.387579604091297	0.607327851684525
0.00580247869266112	0.0077759996161394
0.133270358338796	0.22564390632242
0.0172894760215116	0.0244213287084258
0.304102092333577	0.484243258673733
0.104137195463472	0.142406866365397
0.0850436468434605	0.117250783368989
0.625597383895663	1.42780822097776
-0.0656698578122123	0.0797521035731042
-0.0351248267468086	0.0447187629657709
-0.526642894237319	0.99909320878886
0.233785025329139	0.325235079713465
0.170853007227623	0.225934051674892
0.867645147914626	1.46094386216135
0.326639713321431	0.505669756139231
0.00022274429556347	0.000306687287762747
0.22491504528454	0.292361038190396
0.465133941488133	3.84965584311778
0.614834635963918	2.30070278064597
0.629253540491952	2.57133774803181
0.174115801999331	0.405653789061638
0.33519092899711	0.799899226891272
0.0344096561535028	0.0615975487515606
-0.0143000887089567	0.0255559936711551
0.0686941947094577	0.146251002418856
-0.301888024437867	0.945134478831609
0.196443483829334	0.576444483995318
0.0543471120521978	0.0985295231574554
0.00795640264853299	0.0125832648731201
-0.101298875438984	0.192873545621657
-0.00669659464376323	0.0106468780288138
-0.374248173457417	0.876865875983724
0.0398666306484683	0.0585496264141306
0.10303321094695	0.20010325993178
-0.296829302237031	0.701306534955285
-0.133073165889515	0.255318130306147
0.431477111434711	1.18341660222651
0.151203600318824	0.287967740285565
-0.313613339074266	0.667743392070981
-0.285739802549388	0.493140114233034
0.0899290664135833	0.126212647503227
0.0198974200933445	0.0209509446462402
0.138414033909937	0.180957031110462
0.372084491987508	0.582982500684009
0.061569107448147	0.0665464455066259
0.518823190597824	0.858964066936269
0.299820595357217	0.410691523354991
0.214665774336986	0.235751863894085
-0.172015728992668	0.189505683177909
0.136075660418223	0.15896213340909
0.381026102843156	0.523942481461967
0.0493055930577535	0.0614311578539725
0.625963662819053	2.6686885401393
0.412210766664579	1.61681234106834
-0.154722439973683	0.397989978605111
-0.231122894780239	0.498845933073632
-0.0636018775947147	0.138859097141054
-0.027383192657914	0.0549794198264181
-0.215926144149381	0.707441277432821
-0.0565012492983466	0.140512107516066
-0.0393551206278985	0.0908266408271727
-0.0225160805360651	0.0397612604159038
0.336941452186056	0.880554349735613
-0.287986300864338	0.755518157015851
0.119346527075438	0.237565141894432
0.377580784764656	0.844314876609429
-0.0497439691050756	0.0762172943391678
0.106302273557294	0.210097947325847
-0.144023334773642	0.29286732202478
-0.00721815197351178	0.0117910498423909
-0.0974918317714483	0.176035565497108
0.299934936850882	0.794814381208739
-0.153607401503323	0.287110303119202
-0.405850083115549	0.674789216772301
0.00427946217955551	0.00424393304417802
0.493389397943484	0.726538726201086
0.165382566738887	0.213833014234996
0.0874051642608699	0.0921937583764996
0.397490752699028	0.508800921907268
0.251828509313852	0.292797479368827
-0.423331083867361	0.573027315888672
0.0248033133918803	0.0220259507408797
0.780421583473901	1.46610968775232
0.509063367254527	0.692738101258124
1.16747368427531	1.53776874331812
0.247649863806954	0.337870103570539
0.0775896652633731	0.0809392026617236
0.0188065249145475	0.0215258440068835
1.00476138783877	5.29818408345634
0.847672404330866	4.5140528876072
0.279813600958061	0.79877011089117
0.300512896101096	0.595761663225871
0.12551295553043	0.32295608279753
0.30513415285171	0.988251353926132
0.200041282295074	0.649977925887148
-0.0475154180542651	0.111071402406828
0.166838759676401	0.524764411759331
-0.077133872280269	0.155743982572993
0.171338695165338	0.363592557254337
-0.446288524450374	1.449852372009
0.0536684360896291	0.0896825160237659
-0.246447946755771	0.501796339473967
0.0669043721377248	0.106145095907717
-0.0443514310531053	0.0833492263152271
-0.0502629796821329	0.0824005457710531
0.051479312219814	0.0899789346669644
0.672895684479989	1.77141448603025
0.139837460738529	0.271217455234622
0.306034159179148	0.700556408433289
-0.140581729441983	0.178986986798184
0.137148496289402	0.160476538260506
0.324679454684505	0.411699210069582
0.580636907761101	1.1261566335171
0.365297451092242	0.511624077366271
0.392943297980168	0.618325251101668
0.103181857184931	0.114380107782685
0.266795838930092	0.450562385263534
0.549697770438694	0.701636998860775
0.218760624397223	0.226644535230081
-0.173849307499643	0.160294823310772
-0.00319873303241645	0.00302140576890966
0.446045796537503	0.559987448807211
0.578877580010533	0.968563347033484
0.590592690835963	6.19083252443892
0.384231277436955	2.40386781003856
0.253906724138592	1.2090447543138
0.329763140002155	1.47824710779656
0.275087892855573	1.06050014537646
0.170434700689771	0.665353324901933
0.0582499796399514	0.165396929428689
0.0652907072235989	0.176430114763549
0.0675253627717529	0.132729384340836
0.106946861181339	0.15253980527215
0.21072845202277	0.335391746721062
-0.122738762124592	0.193007339608932
0.211532296526125	0.469246430183057
-0.269294960130059	0.344897002122576
-0.242653663551929	0.298507460154373
-0.335398411460713	0.719679348248083
-0.341749147594001	1.14833369458624
0.154913203205027	0.305089015600753
-0.0833029207409498	0.183159950449696
0.252920113276967	0.439028645062535
-0.103021239349565	0.132469982546342
-0.968433696009713	1.37649854423572
0.435470706930394	0.432600833596028
0.265984402686467	0.285607085273103
0.628256486526361	0.955679685707051
0.0661942791811823	0.0852450383822823
0.491094655244117	0.472762618453108
0.849676564096867	0.978533176946494
-0.435231549765078	0.427374461564681
0.562134504568414	0.572963361036436
0.492108121584359	0.476664172695708
0.212782723199168	0.184875412661374
0.861177200393943	0.86869616124953
0.382158488544283	3.75558876876317
0.204659012297816	0.621760036973014
0.098948665394827	0.331995822234002
-0.0283356143555187	0.0663443447327467
-0.00130560820611954	0.00259521492601888
0.02912958218184	0.031333983651557
0.353206797074644	0.446231955664369
0.0738315187244699	0.0610277041090409
0.102340290780012	0.100628436639596
0.479236691596423	1.09943167225491
0.741339392506494	0.84155079550502
0.707373418721104	0.511950392060716
0.653484824154394	1.15524706854159
-0.204252527177559	0.48734207607659
0.157433033147668	0.231959718917569
-0.203726644665096	0.4989429195047
0.114132289905036	0.114429940485257
0.0569256004824639	0.0420386730923793
0.237606817561427	0.132325955386941
-0.308652877849201	0.157636162193948
0.971720483654857	0.952544553356542
0.881010347485595	0.796248600158044
2.05770585535023	1.40439602192881
-0.312825509884161	0.238764850569743
0.0482600880071501	0.0340706026609158
0.301829067118406	0.371721804686308
0.324241309013709	0.358339486939232
0.327288171970789	0.146528474183185
0.630700358549846	0.364615679934053
-1.08304006474403	0.436829403578501
-1.01133291336258	0.591472881237039
0.497230265790478	0.370866625715391
0.566497079759734	0.365677395825032
1.06466638192013	1.01162111884279
0.761035114374024	0.314817165586746
1.57694501849858	1.36127859020822
0.435245059988538	2.53323192584728
0.157123648122845	0.634723436526375
0.259930514043591	1.17099138293117
-0.0110396658723157	0.0229796229530922
0.140834425625583	0.25340383548627
0.341678147204231	0.508065236714696
-0.273524095974958	0.350754967906336
0.311014922158401	0.550401766636437
0.0552528292274934	0.0821223289830607
0.0150305246305856	0.0131370104828125
0.822788799584183	1.17710750542861
0.118412305305982	0.147539226644504
0.14870567444396	0.320004091268753
0.390622770360392	0.875709542059604
-0.0692383168241693	0.131698753463603
-0.0428499147154713	0.0456634424242365
0.530410733401457	0.664721511161253
-0.0553306413101078	0.0379570599835606
0.236261908600115	0.172593758305427
-0.132392505533077	0.084951725684171
0.100457787210046	0.0627706166878107
0.00949672432861159	0.00617696330397581
0.0526286146126409	0.0386899045713322
0.270951482120181	0.248757748207359
0.068071251174569	0.0537940479310716
0.332447768338785	0.428463683181484
0.868367543854542	0.903640909751664
0.874254507557522	0.781863553794249
-0.0313153742522267	0.0177733356430584
-1.21310705536648	1.34275652787589
0.866253073847841	0.912856844862427
0.442940937176266	0.353166306508877
0.525317336854581	0.478008958204252
0.646341041272399	4.61505288169694
0.22348680902398	1.1570413762939
0.654929996215621	5.08607371086264
0.39161265497261	1.47773131652173
0.415086563632092	0.681125139855514
0.0236200434070003	0.0200919238163647
0.0426363727734404	0.0301081632458996
0.24303172448372	0.258832705651413
0.398913808801524	0.762255785590871
0.21834463422754	0.199602648963356
0.636437921936329	0.697764348919566
0.569803440346608	0.782433014107731
-0.145877170594912	0.296473443924995
0.362551324176532	0.596471641711226
0.179842334095307	0.467038855912464
0.0280522162634132	0.0189443254006129
0.427917669809659	0.427920298912331
0.582068111939473	0.387044126243605
0.0966825459975534	0.0562075480509382
0.287977130252244	0.139591024934745
0.715435278156242	0.408031264636317
0.0801302043435984	0.0407187263210508
1.07877700610792	1.13311935888564
-1.30474789801767	0.992860785504001
1.607259510323	1.74092662035401
0.451383435122188	0.512454780655085
0.238613502170991	0.145048720578813
-2.35082034055531	1.21319016743546
0.0779750060032139	0.0287121867522463
1.15764927602545	0.909247735117551
0.600089755004371	6.97621771386339
0.290004215354711	2.19429818199099
0.435836004109739	3.03983781300151
0.219976427906059	0.792826749147163
0.369081788690713	0.963698860201987
0.833138468079001	1.71163381327521
0.650963452259104	1.04534374095242
0.147967008480359	0.20029314864921
0.0623534772375714	0.0937508382469193
0.316701850203269	0.331934175207594
0.349825764199449	0.353342769052944
0.434397776843427	0.789752797588472
0.345991079758342	1.00570962922903
0.426097569326465	1.01649251086719
0.0471403525390237	0.0849063386569394
0.158567462732294	0.177752469427378
0.352103684355462	0.416622178565452
1.34272805525903	1.50851243047862
-0.272557138106934	0.139035290253792
0.540325912532064	0.374115937454288
0.377593567148935	0.247992826710679
-0.221376959147263	0.157930137526582
-0.256630925358427	0.199394970261347
0.390659261022166	0.249039573226849
0.568777790807176	0.658647806413169
0.32705566945605	0.229939565184406
0.232696235147541	0.147389173886138
0.22316389565937	0.152109161920259
0.504513568598302	6.33449345098988
0.202041259920967	1.44603312350588
0.322644119292662	2.19104520109781
-0.00551763930275309	0.0144187676434642
0.123141483299279	0.247226143833289
0.48795892787598	1.07733844852635
0.273087029419379	0.394050983641476
0.665663331699367	1.92938820389721
-0.117969080430025	0.201831199908348
-0.0456624230434126	0.0439435428438513
-0.104644939586896	0.1068029231988
0.344770813456086	0.551834819136335
0.264001337966744	0.681277037713684
0.528178503141964	1.40661033267974
0.108281544462667	0.233746614333976
0.448271497207939	0.687733922862398
0.0823358512781057	0.080643298813546
0.767143732741006	0.916073203441175
0.206722004016642	0.172494929264041
-0.00389725701274262	0.00243011745411898
-0.211323087584405	0.165095345243988
-0.200918017104359	0.163394685314546
-0.198550770468935	0.142056342022059
-0.669597096202518	0.763340084641463
0.208791049982336	0.190641181929552
0.72398391946516	1.34401746664972
0.221528913290703	0.14541649282537
-0.0379539695432681	0.021948580112208
0.429512831517118	0.256688333785792
0.23446295135869	0.163941642183702
0.416911575210821	5.01445724425114
-0.380229288324314	4.05885797493875
0.00867369752735775	0.0267969381899707
-0.278949896793807	1.36702036178224
-0.0847085455342758	0.127918738861933
0.858664833208775	1.41759852918263
0.434166333479264	0.577336475087568
0.105425382727755	0.111380409677229
-0.0848857729346116	0.129497928899416
0.474799322545952	0.443425452751607
0.391918120365421	0.35818140153669
0.164540080402967	0.172842193231344
-0.27658040216847	0.742056116740771
0.43212978739928	0.910561525579898
-0.249612785146229	0.708512485518764
0.0269362797829927	0.0216936640801466
0.402148639806716	0.3655057062955
0.0100927760370302	0.00652697257083042
0.0995043981388692	0.0567489891193075
0.628379078544629	0.368600123319184
0.340085116023011	0.228820056906251
-0.523817897812651	0.405524537896663
-1.42443211454074	1.16350162170794
0.878884836711976	0.798577418209192
0.875848847170385	0.760801475340099
0.214730869483288	0.210185445411417
0.244395800871203	0.136911298640356
0.0905198948814723	0.0414608347380811
0.0795111059052168	0.0334166199376192
0.0453861022852992	0.242996920147973
-0.262274559272542	2.61077356322963
0.0444342421353202	0.173500405568262
-0.449453717087164	3.97824089969481
0.179197954245785	0.644705259321232
0.166439442752609	0.38632505070765
-0.0174845332985135	0.0259115364192747
-0.156371260886203	0.32207463911232
-0.0917055111736073	0.177235348672205
0.0572425838853029	0.0771669396810391
0.322786585053453	0.571905989881081
-0.00165294783124071	0.00234854363615775
-0.0799055508253258	0.151664681351956
0.48387520464251	1.3490332727873
-0.106393859211943	0.207262585960925
0.402832204090548	0.792729287707966
-0.558581401636131	1.16686531955965
0.512567752037784	0.728385009483415
0.20835346840942	0.229322499195619
-0.174291121384111	0.170886653121513
0.299098002518646	0.277885842264401
0.962503428624213	1.33684393630033
-0.0181819407493109	0.014728809966943
0.317154497437389	0.350916187229798
0.35894885937001	0.441963939977159
0.0357801275937288	0.0371618036549314
0.134114382751049	0.115490234377271
0.623060460438931	0.757129874214221
-0.00492061809144689	0.00423042414296415
0.0991654294326392	0.677570381280441
0.0162314770589629	0.066227925441803
-0.638222335750035	7.40054057624461
0.0515515126499282	0.126761371002986
0.194373358789289	0.403813487749465
0.024373506979253	0.033640025215091
-0.353628980589696	0.913526519547573
-0.217997930913292	0.564816152268144
0.473482206059284	0.827670255127848
0.0384570764666788	0.0415340077925767
0.0225570963535436	0.0306236732265778
-0.112159039077441	0.266701688535451
-0.115942414072095	0.227042313970599
0.0446749926108823	0.0973674752974138
0.148196281470939	0.212099740581896
0.278910205455281	0.369386485224738
0.219296866897415	0.206770108266825
-0.193990297990627	0.151793442908484
0.293404067026068	0.273243254701317
-0.111722192935688	0.0969160139600282
0.684738527499028	0.803502450845997
0.280945425160761	0.252587594327066
0.0433330552667343	0.0377868601889538
0.508459115231383	0.469456680074741
0.337452359401939	0.252833169494941
0.601662099797799	0.653706507290986
0.0197981433748282	0.0946269018683356
-0.354573693799544	3.88757872316019
0.481099730016211	4.20511930590592
0.366284797208775	1.50791010259523
0.414155924543496	1.5456789357663
-0.0120425917580776	0.025243670872505
0.228392800372992	0.759594774469676
0.534474476160784	1.63915238750969
0.446627892661012	1.17322362646231
-0.120087996434612	0.276456347280668
0.261021324082675	0.982914067738655
0.0551425878945262	0.116855235187711
0.326596002820598	1.30088984849512
0.196296984803089	0.401635071263221
0.492408871630409	1.28059389747383
0.459645692015545	0.658489893185179
0.339618228435001	0.450318408577968
-0.626705068969137	0.740143999671237
-0.130837320811896	0.112526033282596
-0.174881503883855	0.196065447825401
0.162718056682847	0.168468839108435
0.285032202070166	0.372026315042055
0.406183403341133	0.604457144061305
0.0237100560696163	0.114510793614965
0.065665813352066	0.304550649717377
0.0804181459858425	0.253133125757053
0.18017911103882	0.576055276637082
-0.447537568785317	2.58215443812861
-0.184753826898294	0.658669750177941
0.0584928227163919	0.111270760789054
0.082668915131777	0.152729996727819
0.125212967625034	0.319423922741955
0.0481655008639454	0.130285116539993
-0.170259385459432	0.503306501010697
0.0851269751340866	0.231354805810289
0.285635357428391	0.833565989259504
0.310864513626758	0.818563352639398
0.0209000380999813	0.0221843633896646
0.0145052157650959	0.0142998980822819
0.125699558171571	0.141958291896392
-0.00275644061922335	0.00280586536295174
0.315384384899033	0.440496866018761
-0.249637413461187	0.339006204276807
0.14578921613972	0.184837034156989
0.540246877382563	0.744048030213822
0.0547699200467541	0.301502188826754
-0.0499303059546268	0.225880710251343
-0.122701911126628	0.565952100575791
-0.299995931593886	2.03241750209422
-0.0490128518712967	0.146332374051439
0.00943358322050247	0.0228014719753188
0.158246752902545	0.503308285813037
0.218062846960564	0.91791360664032
-0.236510773234698	0.73880735086787
-0.390647131667989	1.7713235427776
0.291767581751309	0.813166476305428
0.0131298789492891	0.0303001051989628
0.100095590934625	0.248708196047004
0.298678843610351	0.754686402246716
0.311251045738247	0.74358842129331
0.319761669924454	0.778772028800355
-0.0219575809284189	0.031107272691847
-0.0162372022158347	0.025077501480749
-0.025195611686125	0.0350981709617891
0.220120096054285	0.421039518187825
0.00794688648670067	0.0347985927783055
-0.065941015042162	0.30723685459095
-0.204019909981923	1.18388997370723
0.121012060641077	0.467193327955055
0.289083506994084	0.892731736622936
0.125588553976744	0.378529023368341
0.148644604753308	0.537874370716909
0.28856888411113	0.7797137171634
-0.164168128029313	0.423293479689464
0.506080386164307	1.36947819266284
0.348168420572865	1.42106177018808
0.0894443780521369	0.225438618063997
0.252787522321109	0.652889972158572
0.122241178800433	0.240068072150318
0.0389526716764339	0.0649819803738077
-0.181768447995569	0.319799689922351
0.202236724741364	0.415957231297889
-0.360902514675108	0.835218607276114
0.255281402920683	0.532351723941667
0.359310268102846	0.919925494325328
-0.0378670812088983	0.186107769515806
-0.0934788802002825	0.456760671306623
0.243577464418204	1.34285768204025
0.0699796351199771	0.210368075068116
-0.0137848264390376	0.0371958162888668
-0.00253834014995866	0.00608246310334294
0.340926070037397	0.990116758445643
-0.141601447404891	0.339182726199139
0.511648683375785	1.28627137341055
0.318940844106968	1.17847917263089
0.183246060346257	0.571266120725177
0.0686570896546498	0.139636787620076
0.108830836459934	0.197037008478002
0.05609472324036	0.0967099335839992
-0.218622347301385	0.439463819301144
-0.152674310261501	0.297657007323988
0.279212987435706	0.605884597061461
0.182496592758414	0.345922255528286
-0.0317581782581308	0.152871849803103
0.0602329889562397	0.285505381963232
0.144849783633557	0.666639233556069
0.142339686519312	0.581951125563646
0.0535623815505473	0.172539848323464
-0.0825514654609869	0.222076367089084
0.127622850516551	0.405221346187399
-0.00953507235457831	0.017810600623471
0.0530105299433646	0.13401060073122
0.0714859745681615	0.166500899085909
0.0297041091088887	0.05119927601993
0.164849319388209	0.32992004828816
-0.181173022602584	0.360203990875564
0.238716601152385	0.449767455168746
0.0575453436920527	0.089384453859454
-0.122451284024703	0.206337056668561
0.0153959512001305	0.0222529370334601
0.0804576987362748	0.475588490404199
0.0302910476012519	0.118077401069217
0.0466868517752658	0.151864143157936
-0.0122243326842192	0.0335026472756697
-0.0748632080982486	0.238348672959481
-0.0402997746329192	0.109940749460939
0.31508973477838	1.33214125308378
0.246198605306855	0.886310797706569
0.381581568386285	1.6436407171934
0.580765102173903	2.06255877449164
0.258280509661581	0.591780575755213
0.137569998185085	0.251173687645702
-0.0508887141127313	0.0797124600868889
0.275360223861016	0.636897124758911
0.0224448225384751	0.0329663335445899
0.0502538207011129	0.260139426903579
-0.0240020814028397	0.0951860684892028
0.104056931954576	0.421110774929098
-0.187088984693117	0.526119506094163
-0.257596081615921	0.969453615419796
0.4067752503605	1.12583625425372
0.327085359576633	1.37003095961789
0.258315540380116	0.964806335927286
0.100214444780013	0.242629337066601
0.187399813829943	0.509470138087738
-0.0726013200718319	0.144946956211467
0.0679809329135203	0.125901027903136
0.431699649136305	1.4434336523026
0.0185200383212243	0.0291431605003836
-0.00905021208669956	0.0145241956961581
0.073712814872203	0.409903166610477
0.183527813400907	1.17407087590566
0.445504150002175	2.31478884653901
-0.0742248032737673	0.215503235187576
0.411513248495634	1.3093126618103
0.340334585039237	1.69993616594444
0.400492814623295	2.11936998418931
0.351365010939447	1.319542863486
0.24729377533991	0.784422520752325
0.0133398754586045	0.0260982239870621
-0.0190242569834547	0.0361658094486608
0.293419342615395	0.803182722957619
0.114411470016705	0.244781260715354
0.025500110122923	0.0417538325586121
0.122797131398867	0.879635808992822
-0.106684646853323	0.596498968225857
-0.157393411427794	0.904322590652106
0.271500082428882	1.43203784190691
0.247430990244031	1.41790190608446
0.141466264923538	0.558373121676098
0.491775480684878	2.21776386877665
0.234509454461749	0.649758491779494
0.245387329231421	0.611854608397338
0.200019418078298	0.440662888743375
-0.0190889472864757	0.0298253436510038
-0.019736356572005	0.0320576408216474
0.00315153689860265	0.0139763034521397
-0.000508537547780405	0.00195876342120267
0.532523484309747	6.55316397514694
0.514812025821098	3.77063594736912
0.331340422333655	1.30574996346857
0.29860547744377	0.59580320606835
0.0929246313475371	0.137759268479075
0.191385376159848	0.295772590364295
-0.0867343578845425	0.131673429385935
0.154672175064168	1.22222529548362
0.645980198932058	9.89257450484944
