x	y
-0.48147301933415	0.273564733810321
-1.07805751488143	0.442901639686901
-2.57741325633565	0.711746111074309
0.342270801194909	0.319871139500815
-0.455659990229323	0.200991304333024
-0.222185543802073	0.0819666994795406
-3.09004997319051	0.995518691449303
-1.04959686283764	0.51951335512541
-1.16453750470596	0.363272673512163
-0.272986315301571	0.0902186628013449
0.490818383972284	0.471526768073474
-0.719096157855118	0.433949453552922
0.131493175741787	0.0326935192001207
0.995310091960364	0.373632039110629
-2.12646622099236	1.0170390917639
-0.277635310955746	0.0934237645993319
-0.644600139200501	0.163557956970766
-0.28365610192691	0.0935519422204775
-0.640875581071826	0.157275469944862
0.292996063903292	0.14166507698494
0.0737079113347007	0.0331611903175084
-0.382492604274814	0.110694008395328
0.759774625906189	0.325165886576976
-0.212089012488187	0.0777334404504344
-1.16453750470596	0.363272673512163
-1.08138996055446	0.444675140890848
-0.159030828024244	0.066585562740125
-0.0942346356117705	0.0448043315971012
0.0880489474711579	0.0304172714241184
-1.55260763258996	0.570869293254599
-0.283321094601656	0.0949223614428779
-1.16453750470596	0.363272673512163
0.139805991294671	0.0352358407295777
0.481664661328325	0.26793307967604
-0.381393877743809	0.176800310889993
0.0832308642264011	0.0317567925425828
-1.89901854333443	1.25587212279835
-0.583287327537592	0.235338619146458
0.433612387042856	0.25829551096574
1.56488113170108	1.04593052788007
1.9678346675076	0.511732460330704
0.471256153677638	0.16970123630098
-0.769267410555053	0.271859192640099
0.624681786236784	0.293259506159697
-0.463362799779627	0.204173052490432
0.427002926516415	0.256505955993288
-2.6968688229864	1.63936142244041
-0.282678193795424	0.0965332120382799
-0.824936396615544	0.363283434977437
0.328805737822418	0.14765683136076
0.083357926668356	0.028685655847563
0.111811029648854	0.0331921773436467
0.380711528877485	0.155184266731623
-0.459388799108084	0.203183249420525
1.27327103336419	0.576441603542615
-0.773563593084493	0.274619250831942
-0.207810186440228	0.0793850718004011
-0.587680383007199	0.236957816983008
-0.372179830517694	0.176449884928067
0.153079928794189	0.0306572399262932
-1.86423156422362	0.787011119700427
-0.383889457820693	0.113406633144808
-1.34175332530364	0.651897482192793
-0.16536548802202	0.0674340011316571
-0.831581322918935	0.37742991970293
0.475879544475129	0.170958341158025
0.621766676363881	0.286101535760853
0.0839257151831231	0.0321858227958686
0.087667108936393	0.0335249184121293
-0.262934434378367	0.142287154384608
0.758406163476746	0.327834638337436
0.0890075283980982	0.0307071946025054
0.336584165657794	0.147438534499196
0.116191083050644	0.0335327682229978
-0.854016949288543	0.467934015979913
0.0917466445093074	0.0343279493278557
0.840366897722405	0.449116847389436
-0.751519374408891	0.524242676341147
-0.163933052529211	0.0681968331997625
-0.644600139200501	0.163557956970766
1.39517096870576	0.88147108089281
0.0796051950079049	0.0304788708847725
0.0842615186073608	0.0324658104907538
0.724516177167441	0.422771113204543
0.11272462121937	0.0338915360792968
-0.272338895978974	0.0912266723684106
-1.23238299369606	0.692873199651509
-0.58390116817417	0.230664826660482
-1.07402288423066	0.426387866053761
-1.05512024083622	0.522826491716665
0.0781885168747908	0.0299642919004842
0.11272462121937	0.0338915360792968
0.0917466445093074	0.0343279493278557
-1.33626946830096	0.649794633393932
-0.221834949478298	0.0820644514216619
0.470586167033051	0.172818763268529
-0.582939776540003	0.237028595876618
0.758122912526615	0.325881568855884
-0.478557237400534	0.277517226826415
2.30150584000015	1.17185352035743
-0.451212601774819	0.192277874893983
0.122987420507213	0.0850315635739674
0.136149928119394	0.0351567872193512
-1.07871010206958	0.443440977317822
0.381726791496339	0.155900053042255
-0.772650360071768	0.28161086287881
0.139605136110259	0.0345533226977288
0.0832284799518302	0.0352438613977314
0.152997495098684	0.0306362187597192
-0.644456791948872	0.160363538964562
-0.383390015188303	0.115591315602105
0.0883897594094855	0.0296497688259872
-1.79013332416873	0.436860451051026
-0.379718438417275	0.112039617275019
-0.643736072788252	0.159645094922541
0.881046829997211	0.561963162130288
0.0926320244103551	0.0317295282538535
2.50213940145377	1.40593987594578
-0.374751152763855	0.177542862084802
1.78897729310624	0.70482093072839
0.752809477718337	0.319884864543397
-0.126961062835744	0.0571419037338898
0.472535280666466	0.169705163747628
0.625012485145701	0.294108270656176
0.37646166674289	0.152689631867009
-0.413107040071005	0.292416869391381
1.01693708932493	0.601996309185002
0.326673234422761	0.142436641867271
-1.16453750470596	0.363272673512163
0.131493175741787	0.0326935192001207
-0.277017784094348	0.0930684510831866
0.103059347311401	0.0311436889874163
-0.772350591530586	0.280256041043971
-1.86300749937276	0.790133673050189
-1.04120145518752	0.516891081007533
-0.27601699353277	0.0946350648024802
-0.388524281071859	0.113651694161061
-0.276968331752119	0.0954928895497568
0.136833251350974	0.0345715512867962
-0.211458004445709	0.0811563578849673
0.0880489474711579	0.0304172714241184
0.0837032889104602	0.0315613393173067
-0.675133994014824	0.341313786925815
2.06633029593796	0.930156361241897
-0.772650360071768	0.28161086287881
-0.211809146898673	0.0812479879443443
0.987526987507254	0.374720153749486
-0.380871402309136	0.110240187021057
0.136833251350974	0.0345715512867962
-1.79013332416873	0.436860451051026
-1.08337443565589	0.445279940231538
-0.773250188856655	0.27445305322462
-2.13176866840336	0.983496944776943
-1.55270167370058	0.811997497075567
-0.382492604274814	0.110694008395328
-0.643879934910744	0.162803684869529
0.470921211153915	0.173073255821478
0.103059347311401	0.0311436889874163
0.092972548516242	0.0319246139255238
-1.08197459667148	0.450745147906183
0.376107417724648	0.152459379316407
0.08865830005751	0.0307081857326401
0.0849563970104516	0.0324765053922216
0.630492069774427	0.300966095117367
2.06633029593796	0.930156361241897
-0.276968331752119	0.0954928895497568
-1.79013283872263	0.436855011092279
-0.276350796827927	0.0951215727245618
-0.582939776540003	0.237028595876618
-1.16453750470596	0.363272673512163
0.992113431292352	0.384932033612769
-1.55109729009352	0.825817183780584
0.135466503823865	0.0344111852929926
0.0753014611138806	0.0305329356953936
0.153079928794189	0.0306572399262932
-1.79013332416873	0.436860451051026
0.932074438006684	0.254855397135986
-0.101806616019741	0.065491326640751
0.474230560026555	0.170263190359371
-2.12078553178073	1.01764181617077
0.62992151264779	0.204453168240212
-0.414516457338338	0.295351678852714
0.0708803285474956	0.0299710597696673
-0.38428636926441	0.113633408755272
0.152997495098684	0.0306362187597192
-0.211773156150664	0.0805072814456831
-0.769580054067457	0.273533478998611
0.135466503823865	0.0344111852929926
-0.379970928717917	0.112056766681959
-3.09018995116874	0.995203765786597
1.50776562247378	0.751755901383343
-0.137219804724494	0.0604978438860031
-0.772950225831393	0.280195713927134
0.46650969128214	0.169259172983608
-0.383639697125327	0.115605960560422
0.987526987507254	0.374720153749486
-1.16364660284969	0.361708993807529
-0.208513259598037	0.0790484021937907
0.625373151166759	0.296052996581659
1.21392642627288	0.669801043517067
-1.07772515013054	0.446297540699
-0.643736072788252	0.159645094922541
0.153079928794189	0.0306572399262932
-0.459388799108084	0.203183249420525
-0.379718438417275	0.112039617275019
-0.383140411975639	0.113318717313815
-1.55757016427164	0.560708539003281
-1.16473395833851	0.355563580639383
0.0825049214426699	0.0348955431505002
0.762417410319734	0.329143753734825
0.0862246378201379	0.0401612338929524
-0.162419514523295	0.0666231020665539
-0.310007646116677	0.158279245811845
1.78792907621528	0.693124038210664
0.885777089825093	0.576213042733907
-0.538010151677185	0.361812517911556
1.01866319211603	0.596491519564431
-1.04834053682305	0.554143878991696
-1.08339514631258	0.44463102901298
-1.75105170715171	0.833040310080946
-0.27300639141227	0.0935031672668972
0.104301871851823	0.0308121201606341
0.108145347918198	0.0322624935588852
0.474901300560738	0.174305828211983
-0.83225076366592	0.387542306425686
-0.219123602721779	0.125719490909499
0.0959579312255115	0.0316469417362103
-1.1585550435677	0.801684919979216
0.536686845686133	0.276048192442101
-0.459048102717891	0.204213563611746
0.632688485868193	0.200095400279662
-0.581978732713648	0.236300240504589
-2.57741325633565	0.711746111074309
-0.157905730498342	0.0656812629520875
-1.16463180056356	0.770784091366275
0.241494583099456	0.137573556953941
1.020690178594	0.606184606810572
1.51736256998903	0.740690916243324
-0.277919331621794	0.0935210142712222
0.292685329858755	0.142792810948642
0.265803864991659	0.138351282516924
-0.37808021798614	0.181986171084815
-0.584359861023492	0.23096503922044
0.109664819706304	0.0319544034478275
0.892860288430437	0.565259660130266
-1.34631747303121	0.616797896916792
-0.370376940920571	0.176583716203578
-2.13242557078022	0.988007664345855
0.103059347311401	0.0311436889874163
-0.217383352839178	0.0827133358294438
0.762417410319734	0.329143753734825
-0.314761919858195	0.162600073699564
1.27296540627515	0.563191440836931
1.51507397696503	0.757622394772607
-0.772036605904159	0.27434150069079
-1.08068686400857	0.447350652750009
0.0836941678020922	0.0281959884001993
-1.09339757453113	0.437928670839162
0.0832318214854979	0.0381865072293312
-1.2330812255454	0.730934204609881
0.0883254140778703	0.0373428988858205
0.113028976575038	0.0334643312157967
-1.33842248002726	0.630876158520107
-0.556724438996254	0.300209174683699
0.109356121177513	0.0325992022473656
-1.08201327846135	0.457159153484861
0.089994009906873	0.0303753848738174
-0.665073859356426	0.334343002402995
-0.64474353145812	0.160333287038353
-1.22675984976855	0.70042897923932
-0.665891513871487	0.318422251169129
-1.09275303413766	0.447138652626451
0.139605136110259	0.0345533226977288
-1.86300749937276	0.790133673050189
-0.772650360071768	0.28161086287881
-0.38428636926441	0.113633408755272
0.301683607476873	0.13825401366991
0.0866832296781232	0.0291926616858438
0.385988920622761	0.156856312018295
-0.587338085442463	0.237296278478138
-0.837156332296375	0.389771323832642
-2.5774920455983	0.729030786562669
-0.15971227274594	0.0656040879100566
-0.163070845121611	0.0672486778152632
-1.54813953890977	0.547219542528047
1.54988737121967	1.03929953341069
0.258993068985709	0.134272801720255
0.337341767068297	0.148995667380317
-1.04601157349346	0.532171596661114
0.628139554408097	0.287107752008804
0.384664780562082	0.156614993594426
1.00922757322318	0.488599866203619
-0.272360259806588	0.0918607246093065
0.299744179204118	0.145820127361215
-0.582939776540003	0.237028595876618
-0.376423409984479	0.105448434826053
-0.27725347994972	0.0933961386021004
-0.394726442099947	0.1137440248866
-0.992460091866733	0.824899520874694
1.00957337013962	0.485703023267545
-0.282651345628584	0.0933155228934672
-0.383390015188303	0.115591315602105
-1.16364660284969	0.361708993807529
0.136149928119394	0.0351567872193512
-0.221481483268638	0.0819651149205902
-1.5483894971882	0.558980659981954
-1.08437807538219	0.436746974057161
-2.5774920455983	0.729030786562669
0.935645912446661	0.250276438588965
-2.5774920455983	0.729030786562669
-2.57741325633565	0.711746111074309
-1.79013283872263	0.436855011092279
-0.643879934910744	0.162803684869529
-2.5774920455983	0.729030786562669
-3.48111531815166	1.21130484691494
-0.379466028011223	0.109923062639244
1.9678346675076	0.511732460330704
-1.5516996734188	0.571325966800664
0.152997495098684	0.0306362187597192
0.153079928794189	0.0306572399262932
-1.79443594699253	0.43143762897576
-2.57757087120046	0.71149422126265
-3.47101101284536	1.25716227205486
-0.579450426196972	0.23000919113105
-0.0852347661814359	0.0444158221383684
-0.395808234418972	0.226821474132494
-0.998782199697697	0.718702580612764
0.837907198807007	0.452484514390341
-0.719215295031327	0.427337064498619
-0.104924047311523	0.0491344166026507
0.533783598292429	0.270886130476341
0.0849563970104516	0.0324765053922216
-0.466522375885431	0.262677882551746
-0.129436507515948	0.0830175580509407
0.385680147704266	0.158428137895593
-1.01174667917938	0.635003520255172
-0.859691824570196	0.481084454131255
-0.124466917382684	0.0564755549901326
-2.97145690657204	2.17752593998644
-1.90463153596353	1.24132073146605
-1.08168152666549	0.460839725512664
-0.772950225831393	0.280195713927134
-1.078378000367	0.446844468464748
1.2169338010446	0.669660096575234
-0.463567473625104	0.194261741409528
-1.55111837617302	0.841915408482521
-0.0991393734202047	0.0485086330523274
-0.783889165925242	0.271428113845187
-0.649198572750746	0.160589550786309
-1.08134987369079	0.460940174958639
-2.12712737120234	1.02196832361084
0.10936056423864	0.033114486226835
-2.3390435471495	1.24177894167818
0.475879544475129	0.170958341158025
-0.778629286952523	0.281185357772247
-0.832221429218601	0.388727969901298
-1.55260763258996	0.570869293254599
0.230960684186628	0.148976246537168
-0.276350796827927	0.0951215727245618
1.51472363527267	0.777058368374732
1.42583795874425	0.478436248256231
0.136149928119394	0.0351567872193512
-2.57757087120046	0.71149422126265
-0.382993135512967	0.112841197824569
0.922393647244345	0.714124997366807
-1.56121657205173	0.815404506145501
-3.47139652358344	1.25630655783067
0.129931396742343	0.0324824869680106
-1.55716420905783	0.568578006504216
0.0866402927327878	0.04304966031347
-0.353701897866305	0.224937150531042
-0.163475265181134	0.0682437749161833
-3.7750477894478	1.53178630982093
-1.5516996734188	0.571325966800664
-1.08101831948812	0.457426544657416
-1.15499156564518	0.751193344582491
-0.768661969452337	0.271905255353026
0.10905825457717	0.0324153823359966
0.0798792637537585	0.0326649137909159
0.630173248766104	0.20033713359998
1.00043937870594	0.483449245874635
0.471256153677638	0.16970123630098
-0.836137922732355	0.379627132974158
0.627117080510969	0.294955401827452
-1.07772515013054	0.446297540699
-0.206127415760455	0.0768615625911655
-0.273986898321334	0.0920825761519211
-0.772350591530586	0.280256041043971
-0.279335595082393	0.0934626578156697
0.135466503823865	0.0344111852929926
-0.755619925255069	0.544587236952136
-0.122897861159477	0.0553687372320844
0.136149928119394	0.0351567872193512
0.0757400854003323	0.0311158992966924
-2.57741325633565	0.711746111074309
-1.54863953409435	0.561663214860531
-0.275705785934111	0.0928935515729628
-1.16453750470596	0.363272673512163
-0.276968331752119	0.0954928895497568
0.292852780852348	0.142921293079301
-0.876784290589203	0.684928176474298
0.380202205839398	0.151704464757904
0.135664295395256	0.0338535377218378
-3.47158936576016	1.22567982826572
0.629669696544949	0.199948663374727
-0.388524281071859	0.113651694161061
0.135268652968624	0.0337415284548862
-1.07739287214911	0.446383782844418
1.42583795874425	0.478436248256231
0.139605136110259	0.0345533226977288
2.75416824794064	0.846257095565792
0.103356339440502	0.0307497345089179
0.129931396742343	0.0324824869680106
-0.276350796827927	0.0951215727245618
0.108451423290579	0.0323086904677901
-0.19497400660268	0.113029960511522
0.136348268602553	0.0345664085091249
-0.382492604274814	0.110694008395328
0.108753087782228	0.0330076065780737
-0.768661969452337	0.271905255353026
-0.306133827725715	0.157519573870327
-0.666539288939318	0.333596313009592
-0.215703836715743	0.0815812364708993
0.629278137711488	0.2046467358426
-2.5774920455983	0.729030786562669
-0.272694404070429	0.0915304967469286
-0.276968331752119	0.0954928895497568
0.327383458345123	0.145633115663574
-0.382742830406048	0.112824490517523
0.395865851989906	0.246894592799383
0.0849609441670282	0.0357036554447231
0.62992151264779	0.204453168240212
0.623493832958361	0.197795733894146
-0.276301753342703	0.0931407110231296
-2.57741325633565	0.711746111074309
-1.16414477326082	0.355714622696977
-2.57741325633565	0.711746111074309
-0.649198572750746	0.160589550786309
0.152245447049464	0.0306318775241434
-0.581978732713648	0.236300240504589
0.640848989213378	0.405471973547302
0.152327357171114	0.0306528579659354
0.935074850137778	0.250435779301063
-1.79013332416873	0.436860451051026
-0.765855887889352	0.261591030962092
-0.215703836715743	0.0815812364708993
-0.584365529692343	0.229113627024281
0.0831191387975689	0.0274080001875486
1.96698416228038	0.513878740168628
-1.08134987369079	0.460940174958639
0.130611000572378	0.0331668723838655
-0.844954681326336	0.451205040890019
-0.369230925950477	0.310774949623334
-1.23161254424659	0.725161467280416
-0.211458004445709	0.0811563578849673
3.61816002247214	1.42235369631499
0.632550471751291	0.19750558552597
-0.389421703570138	0.114821837280138
-1.79013283872263	0.436855011092279
-1.16414477326082	0.355714622696977
-1.79013332416873	0.436860451051026
-1.09208088266479	0.439972529367091
0.152997495098684	0.0306362187597192
2.75497641146614	0.823010688280342
-1.79013283872263	0.436855011092279
0.153079928794189	0.0306572399262932
0.475236536854256	0.170916076525265
0.0880489474711579	0.0304172714241184
2.75416824794064	0.846257095565792
1.9678346675076	0.511732460330704
1.9678346675076	0.511732460330704
0.0987808446091075	0.0283295817846287
-0.166523484030474	0.069081841305753
-0.266625945955469	0.181227144780263
-0.5394561572929	0.359340200578005
0.0981448164328304	0.0286896435178779
-0.860505642949956	0.461094115564854
-2.57757087120046	0.71149422126265
-0.644456791948872	0.160363538964562
0.470640843882326	0.166325523540639
0.152245447049464	0.0306318775241434
0.152327357171114	0.0306528579659354
0.155657694623013	0.0307135261609688
0.135268652968624	0.0337415284548862
3.25270378122438	1.14110458628734
-1.79013332416873	0.436860451051026
-0.382993135512967	0.112841197824569
0.932219305847885	0.255045940262424
-0.581897683113755	0.23037880602752
-0.649051319689175	0.160567461280328
-1.79013332416873	0.436860451051026
0.62863464624452	0.200390435746801
-2.12646622099236	1.0170390917639
-2.57757087120046	0.71149422126265
-0.644600139200501	0.163557956970766
-0.644600139200501	0.163557956970766
0.152997495098684	0.0306362187597192
0.103663272389684	0.0312517446792854
-1.79013332416873	0.436860451051026
0.152245447049464	0.0306318775241434
0.153079928794189	0.0306572399262932
0.147239812931933	0.0294793108903463
0.153079928794189	0.0306572399262932
-0.610967526294515	0.51672740220143
-0.778935312785854	0.275631344923444
0.932219305847885	0.255045940262424
-0.380115810338265	0.110148180358744
-1.73603920700828	1.77071705977947
-0.383390015188303	0.115591315602105
0.112114865728904	0.0332945117013381
-3.09018995116874	0.995203765786597
-0.772650360071768	0.28161086287881
1.51370990328092	0.764543667856757
2.06107525950135	0.914831665114499
0.152327357171114	0.0306528579659354
-1.863603170234	0.783309473484698
-0.385502449557866	0.112865375316269
1.78988491260466	0.691776128554299
-0.65511760282169	0.157194087526382
0.136833251350974	0.0345715512867962
1.97041767059222	0.506347272427521
-1.72510152996215	1.72345689043292
-0.777409580657713	0.615669687517662
-1.04439409555026	0.55181324666839
-0.671437037224961	0.334806131490142
0.0830209772015569	0.0285037073284343
-1.40055226343571	0.86621997330653
-0.772650360071768	0.28161086287881
-0.226035001550015	0.133996808218918
0.629529247752952	0.200512290479624
-0.383889457820693	0.113406633144808
0.106850128096412	0.0319640877912432
-1.16982826158469	0.362408956042196
-0.771736195798064	0.27307434267397
0.082194644094158	0.0378240329394134
-1.86830643364414	0.769883787451061
-1.86363716845473	0.79391576598913
-0.644456791948872	0.160363538964562
-0.276039045143427	0.0925585074732555
0.152327357171114	0.0306528579659354
-1.16384354392211	0.36161718506419
-2.57741325633565	0.711746111074309
0.470921211153915	0.173073255821478
-1.12491040279094	0.907930305215753
-0.863629306198288	0.818897744479592
-1.2233649538595	0.7127995587859
0.469637108474275	0.165698574856198
0.328335368437773	0.147007145069825
-0.777409617181352	0.269428449132046
-0.644600139200501	0.163557956970766
-2.57757087120046	0.71149422126265
0.425974062024561	0.259840657485842
0.932074438006684	0.254855397135986
0.152327357171114	0.0306528579659354
-1.79013332416873	0.436860451051026
-0.641021202049056	0.160321009867905
-0.306133827725715	0.157519573870327
-0.832891892202008	0.380168958139359
1.9678346675076	0.511732460330704
-1.16453750470596	0.363272673512163
-0.644023842179429	0.159615559955847
-1.33283438421049	0.629076872073502
-0.586649245510192	0.231489261773063
0.137032141529056	0.0340154215000109
-1.79013283872263	0.436855011092279
-1.17002841118267	0.356871080518204
-1.16384354392211	0.36161718506419
-3.0899100396852	0.971451680411881
-0.831901025691653	0.388698435265152
0.152245447049464	0.0306318775241434
-1.86019090954359	0.775688421128985
0.935645912446661	0.250276438588965
-0.644023842179429	0.159615559955847
0.152997495098684	0.0306362187597192
-0.643879934910744	0.162803684869529
-2.57757087120046	0.71149422126265
0.152997495098684	0.0306362187597192
-1.79443594699253	0.43143762897576
0.934928213971668	0.250251965251752
-1.078378000367	0.446844468464748
-1.90867579621699	1.73399380803187
-0.207458780180266	0.0787691688619447
0.130813125940555	0.0332147478146659
-0.772666209567505	0.269181013617093
0.932790044800162	0.249112741186188
-0.643736072788252	0.159645094922541
-1.79013332416873	0.436860451051026
-1.16453750470596	0.363272673512163
-0.380367594676954	0.112271073947858
-0.161399467520624	0.101354935259505
-0.580670248735701	0.224320263625322
-0.276968331752119	0.0954928895497568
1.00478934523008	0.501795998194173
0.0846206663895834	0.0324066276622984
0.0871314415868119	0.0364930487444013
0.626756165049066	0.296094674641304
0.471531174443681	0.169057345385475
-0.772036605904159	0.27434150069079
0.839601515733658	0.433336385258911
-2.52664753265098	1.47255833581421
0.381021623904943	0.155402003494633
0.759439012682851	0.32818137286167
0.932074438006684	0.254855397135986
-0.582592318833542	0.237008278804709
0.136348268602553	0.0345664085091249
-0.828217599048028	0.373697943357594
-0.281394682143897	0.0939413830942032
0.0883979150676874	0.0304175841008149
0.632297169083015	0.201427292338264
0.136634301514529	0.0339031274190082
-0.365609651100351	0.170157538711134
0.135951528165473	0.0344511607680368
0.332569715965275	0.148783475246266
0.10905825457717	0.0324153823359966
0.932790044800162	0.249112741186188
-0.772650360071768	0.28161086287881
0.153079928794189	0.0306572399262932
0.630817132594893	0.196262216603294
-2.33973158602315	1.24763664219208
-1.34666451105348	0.628598639036857
-1.00968016306519	0.725284012410337
-0.662738754360811	0.49910146399615
-0.45424488328085	0.2003003154571
-0.463700626493782	0.205774077487892
0.152327357171114	0.0306528579659354
-0.272672599703481	0.0930280320335916
-0.206830732037415	0.0775386295890829
-0.643879934910744	0.162803684869529
-3.09018995116874	0.995203765786597
-1.86019090954359	0.775688421128985
0.152327357171114	0.0306528579659354
0.091937540093905	0.0314691281586567
0.135466503823865	0.0344111852929926
0.0832308642264011	0.0317567925425828
-3.09004997319051	0.995518691449303
-0.382993135512967	0.112841197824569
-0.383639697125327	0.115605960560422
-0.0521704608874497	0.0285376902665057
-0.833241338691617	0.38121215761305
-1.03993981070255	0.544219450927041
-0.857834707040991	0.483996096942138
-0.674759585346416	0.340326225626512
-0.852993715199063	0.483401972437259
0.290656525210056	0.143490504611838
-0.276634992473252	0.0950034649741594
-0.469422568708617	0.201185577072024
-4.24971872791108	2.06258559663864
1.03361585299773	0.721132623564634
0.078910897175815	0.030257442536634
0.0782166969083514	0.0298416355091975
0.0838859793968704	0.0350340091048379
0.0866709786797724	0.0291553634274104
0.341776829150277	0.145208199542448
0.300166407185364	0.145745173843389
-0.276968331752119	0.0954928895497568
-0.0882030413131627	0.0448725065068279
0.0845969807298204	0.0323269644934412
0.830756456454708	0.433226673748434
1.01826392675419	0.611045538538965
1.14696693096102	0.992128572849835
-1.53763993291017	1.07984205129158
1.39184024991184	0.864894853216869
-0.272360259806588	0.0918607246093065
0.628885131064681	0.196485095929906
-1.16434110968712	0.363365772413315
0.135951528165473	0.0344511607680368
0.932074438006684	0.254855397135986
-0.389167621040152	0.116399518745081
-1.55260763258996	0.570869293254599
2.75416824794064	0.846257095565792
-1.04404861675223	0.547268009521798
-0.641166868679048	0.157248090455696
-0.649767950105499	0.161285975344674
-1.89829347325442	1.21429224161187
0.759439012682851	0.32818137286167
0.983750812771138	0.362772705021263
-0.275705785934111	0.0928935515729628
-0.166183172918217	0.0687956508219946
0.135664295395256	0.0338535377218378
-0.276039045143427	0.0925585074732555
-0.207810186440228	0.0793850718004011
-2.3403640442744	1.25365925993279
-0.265049870433547	0.142513316689167
-0.670992467102339	0.336168772670351
-0.276350796827927	0.0951215727245618
-0.27334027114682	0.0931534889630348
-3.09032997363329	0.970811490979822
-0.30568250613641	0.19697715170573
-0.0593268935022572	0.0320283111820581
-0.101456624224913	0.0483880854212011
-0.874221431266575	0.575587000459557
-0.111781407128158	0.0529217796489602
-0.0991393734202047	0.0485086330523274
0.10936056423864	0.033114486226835
-0.105646150804225	0.0510506041508526
1.03886681013221	0.733383317631559
-0.277301771229429	0.0951277141110843
1.51439214854879	0.764039566779482
0.0896537980653765	0.0307427553147153
-0.308306761847194	0.156396989778978
1.00957337013962	0.485703023267545
-0.565186291330426	0.296429534208966
0.574581685284801	0.374767804187663
-0.477754450239823	0.278112922889074
0.0836589921796143	0.0409875362176911
0.288905030986394	0.137365790010288
-1.54974718439594	0.821093806948875
-1.05335951061541	0.537048983506398
-0.869921522224432	0.591270091859665
0.113028976575038	0.0334643312157967
2.30263555748286	1.11298842385622
-0.861600460413083	0.576843034435111
0.0808950371625868	0.0343696319697994
1.51379912405783	0.717598797205047
0.63384227093225	0.197583163682632
-1.55691205026865	0.558187794859392
-0.548479099815952	0.288280208717533
-1.08804627817393	0.44898687554573
-0.838175036285298	0.388024120365965
-0.282007914306069	0.0948477685634914
0.988133324575445	0.375534745120507
1.01184216805111	0.57847726582081
0.466208589434694	0.167700228204841
0.112420137081601	0.0337869998743869
-0.772036605904159	0.27434150069079
-1.89938625055903	1.24979906472856
1.009927511359	0.486335961966036
1.51279347614616	0.735607418751025
-0.858171570743793	0.49079663827351
0.0883897594094855	0.0296497688259872
0.091937540093905	0.0314691281586567
-0.854848145898418	0.47843396785487
-0.275372614417701	0.0924331968935444
-0.454943621345813	0.200866296106256
-0.211809146898673	0.0812479879443443
-0.210478388232219	0.0786476089629641
-0.867385970917848	0.574453693720194
0.381726791496339	0.155900053042255
2.75416824794064	0.846257095565792
0.288286710441303	0.140471848255048
-0.475288192722198	0.334935075835888
-0.781238668436423	0.822583790009668
-0.267479295573589	0.147068765696641
-0.0967451643411797	0.047292142882539
-0.477797921679041	0.336095969832784
-0.0733963828087226	0.0373541181743122
-0.265855184423669	0.178457291029699
0.0883089769389768	0.0304456122165727
-0.210829824997646	0.0782437228093417
0.632559960962487	0.390835005748524
0.466172426604026	0.166581401032966
-0.167993601438095	0.0701468595913906
0.0844222467142179	0.0428089438222065
-0.268528635397881	0.148617151220577
-1.01563527744044	0.637761254307375
0.0807934239809682	0.0401252507903351
0.492506607174707	0.359841845117288
-0.833241338691617	0.38121215761305
-1.01968861335232	0.645113551649285
0.224341803996633	0.134046599281321
-0.570964512263549	0.424025697420167
-0.0815555259359779	0.0431275939879029
-0.409101722630706	0.242473851093946
-0.0537515763125335	0.0294719222708926
0.0899015460379706	0.0511890048457808
-0.162419514523295	0.0666231020665539
0.0817601792013624	0.0377632395629308
0.332528960285323	0.150535604278335
0.08865830005751	0.0307081857326401
-0.383639697125327	0.115605960560422
1.00612285631725	0.47430914659062
-1.01834617340943	0.620057014286115
-1.07804598531015	0.446931079889871
0.130611000572378	0.0331668723838655
-0.214411219702456	0.0785247879200783
1.42515113579646	0.479224019474994
-1.04925638428359	0.531577314471173
0.0824892390144568	0.0310225404408597
0.109054653728321	0.0331112847711228
0.632603195607734	0.274956446286482
0.76080687005159	0.318665358521175
-0.377683600334258	0.181399366735751
-1.39024717153201	0.884945392234528
-0.124975868396198	0.0550786032520333
-1.04475001537379	0.548856914686032
2.06844472143452	1.38838954977303
0.547751238700635	0.27708262186077
-0.828917309181218	0.378130824598062
0.624407085580479	0.28892816733955
-0.380367594676954	0.112271073947858
-0.623543218555177	0.404092949990915
-1.39616040483348	0.862930448764427
-0.453622290889014	0.397003837040124
0.323421499766906	0.242495820467038
0.0494479372574962	0.0353848801508121
1.1621622489623	1.17489584096549
-0.014899007494278	0.00895591775137277
-0.153732673811907	0.0931042093035511
-0.469748851651287	0.273397556470465
0.0727954733831576	0.0321016181409451
-0.0105727566357647	0.00636232487098544
-0.223325455200358	0.128802812904484
-0.0773392408727676	0.0403722664608678
1.39559038371351	1.25741147272038
0.427182163100756	0.259180171352255
-0.874597142479657	0.678046976501653
1.02189459264746	0.624503989974939
0.346372434543507	0.241080311216796
0.476589683895953	0.377256697938999
0.589691791726583	0.494677512921412
1.32598375395904	0.967638175633835
0.835861774326415	0.676737983464507
-0.476340276364564	0.279675695986936
0.92270377240383	0.709995535310635
0.0865717084459421	0.0486338160980058
-0.368423184637391	0.27376276868538
-0.347254762104217	0.222084181881316
-0.649225322067266	0.447432464271732
-1.53399451674977	1.05980898190638
-1.17611408521068	0.78539499462046
1.46057393571635	1.1881880055181
-0.858114610271666	0.486760531276926
-0.221276382491549	0.128648220167423
-0.832221429218601	0.388727969901298
-1.08272560954928	0.4447398398429
0.47520845155246	0.174086333588503
-1.33626946830096	0.649794633393932
3.61816002247214	1.42235369631499
1.42563804016937	0.477925898976834
-0.309781697404472	0.156468216860385
1.55443483728219	1.03340056283611
0.08865830005751	0.0307081857326401
-1.78779095438264	1.48235561346356
-0.371786262910876	0.176350538329424
-0.626266760450953	0.403360249060479
0.0778557289633022	0.0298103236965809
0.478692623224783	0.269585794818174
-1.07892137747963	0.964700185828912
-0.25965487049221	0.143108406546943
-0.492047545136136	0.250028387940967
-1.53674360978246	1.08508150746168
0.546305343194414	0.278756957865266
-0.470501592695333	0.27427811354864
-1.33696115979321	0.649441174598548
-0.0481116626977864	0.0323895092280675
0.574986345072823	0.384208601081914
-0.779535434003387	0.767711906643292
-0.353925563008761	0.222624768579733
-0.55057051819541	0.462579798664073
-0.640480146233098	0.642496811325198
-0.0999707469915137	0.0475846962402403
-2.51578798958177	2.3981118020418
0.252244647684603	0.143170713472246
-0.306568122311667	0.158645424870862
-0.271849723160523	0.147331227294774
-0.225709590728888	0.13418683195117
-0.757318390519095	0.541063440689405
0.651855281821234	0.510710045939793
0.0839022749949855	0.0323151285658236
0.0878708281311191	0.0496636726680062
-0.0543591394942891	0.0291490175774187
0.0863378955831899	0.0495076930956433
0.576707873938801	0.392139043314669
0.901854265545847	0.874919548758933
0.136087733847769	0.0968768143073424
0.321400346346661	0.260979879425787
0.091340027382859	0.0531158408845661
-0.228859739446447	0.134619568246357
-1.39656003395122	0.908224496940638
-0.754818414997181	0.51754323472306
0.423926243332861	0.251271669323008
0.535310765745151	0.270509762525111
0.778139140893417	0.538393560627834
0.0815430978972605	0.0403248687226661
0.0843176593577678	0.0391698586256812
-0.413042872760692	0.252029968033384
-1.03992899942303	0.532519085075892
-0.675965978122521	0.327933340367616
-2.13176866840336	0.983496944776943
-0.382993135512967	0.112841197824569
0.0883979150676874	0.0304175841008149
0.108145347918198	0.0322624935588852
0.0896468679750347	0.0301248504628419
0.113028976575038	0.0334643312157967
0.0963054858732612	0.031646926153204
0.0810086624622218	0.0375516860909407
-0.861469255639057	0.577392646086252
-0.459048102717891	0.204213563611746
-0.879937503751954	0.682727743646709
-0.466522375885431	0.262677882551746
0.635852374016637	0.393196320481186
-0.860483458998479	0.73453219494899
0.5379185734231	0.27611373602271
-0.116362077442265	0.0501747917975692
-1.01645898179356	0.640142296014888
-0.474188234736649	0.271753662302821
1.00509399746915	0.500915082875313
-0.859291164093929	0.833202477792382
-1.25365417776976	1.25789751058504
-0.66744749681835	0.494393901908533
-0.191006625138851	0.153519670074918
-0.543485986948308	0.443081026227563
-0.778034581247226	0.779570662317287
0.283921615886079	0.262824704920329
-0.55589564390602	0.300089634057701
-0.359813960581886	0.234869714370881
-0.26011060913609	0.143274807987269
0.478986309549834	0.270045555845676
-0.0927857908935187	0.0435997455857091
1.02551894322702	0.614389891780656
-0.454529988199513	0.364687502905246
0.615971181898478	0.598455414268079
0.773788290212269	0.756255271016702
-0.719662641123646	0.442100475556069
-0.0429725511165113	0.0248269591136152
0.430080145518507	0.259671183434347
-0.1852667774478	0.130195957772246
-0.945214007808699	0.902967436129018
0.986337458366513	0.961552968969139
-0.164994352351498	0.102557295470863
-1.42955795207716	1.42233720322607
1.69585576099813	1.2220857510322
0.474796929441692	0.26060032848942
0.890039517721894	0.575106694383225
-0.47463279609099	0.272877862703135
0.382036557571989	0.156497220770852
-0.557367374662817	0.299433163715219
0.290499357831163	0.140055556728953
-0.311941090624844	0.155408810396846
0.471865965509997	0.172806906043131
0.62992151264779	0.204453168240212
-0.279029695915983	0.0931502070642067
-0.382993135512967	0.112841197824569
-0.724280260047071	0.442486660321458
-1.63532899196334	1.47640226781023
-0.753492385833593	0.545733543185807
-0.539918749101345	0.360606712379251
-0.26161103016165	0.144536532962622
0.635741449329379	0.403758994891612
0.840453840124118	0.678138777438076
0.724218957615518	0.419357683551158
0.269317053661199	0.143536616620319
0.489535545422648	0.367241669695821
0.0844222467142179	0.0428089438222065
-0.674385291736188	0.337173631302708
-1.38689077444654	0.872252353810278
-2.1832700405774	1.63410141434113
0.478563264509384	0.170030268997322
0.632942498699066	0.204573630547874
0.112115552991114	0.033079903729336
-0.360392181652123	0.303854448139274
-0.843650810503237	0.880068393923013
0.208728363895514	0.186145296197848
-0.264712376389606	0.225999662843016
1.18187812317242	1.70114781948275
-1.52483410312397	1.29622950796873
0.115638706390756	0.0781976831560805
0.0898239743966308	0.0482688500895518
0.318664436689345	0.137244911727457
0.482688322985189	0.266968879784684
-0.619804247829566	0.407737874941197
-0.537876373919405	0.365509499673117
-0.268071922992565	0.147499402807339
-0.0395238681184867	0.0221580359282871
-0.250923464570065	0.193325343791052
0.10605729748549	0.0653423198257982
0.324355990137082	0.247685389465029
-0.0384547348297146	0.0271881567710793
-0.356261629836948	0.264236717645531
-0.0701730721077102	0.0470123087885404
0.109556062421479	0.0729226409940331
-0.530043522239895	0.344743072603305
-0.516219738724265	0.406389752799592
-0.889075042264683	1.12336197280547
-0.669532071575372	0.338701988947361
-0.150995738739645	0.0921504417190844
1.01746498400196	0.609339045737746
1.2128743258166	0.685300120285879
-0.351998824980937	0.211655631925738
-0.989300665581787	0.831251680663539
0.0732431213247893	0.0322001917274028
-0.725024227842159	0.443767830543485
-0.122936274020669	0.0789653271598176
1.18778395285932	0.80108214680479
-0.272983990729088	0.18682342381479
-0.67062124750041	0.337794490389889
-0.484337748305699	0.275590259407572
-0.471470850852297	0.272029114820708
-0.624299966700056	0.40669664469202
1.01854595261248	0.680065987305766
0.837793150145186	0.43828060439644
0.758406163476746	0.327834638337436
-0.221601244841726	0.129337925182009
0.244465360956969	0.139800770680213
-0.875363964058516	0.689034267903953
-0.659099137357793	0.502879082173893
0.248217013258756	0.141185433156286
0.0814593988465125	0.0373714251172298
0.532419930704801	0.267215927384442
0.0816206665438758	0.0348590425580261
0.0837064662631174	0.0288114799617396
-0.675133994014824	0.341313786925815
0.981843310617311	0.371167956743374
1.00377530896338	0.497417143371771
-0.687389625953818	0.570375624145382
0.246726834138854	0.141609531875163
0.0333375800056076	0.022028797744945
-0.77502059720494	0.771675535326242
0.116405768345911	0.0750795506398854
0.0986690220900251	0.0592966204872757
-0.770001101398803	0.68338130007183
-0.0778008554547662	0.0404452643738007
-1.01609932933589	1.10183690034687
-0.211270103232155	0.117065786324797
-0.162836916487891	0.0678529530442215
-0.0622185040929808	0.0339853731129845
0.0834236880543757	0.0450004536255149
1.69420363210644	1.60831029865092
0.394934413900962	0.253469658525595
0.0967539734734093	0.0577753280159119
-0.0806847437151959	0.0417900794728842
0.390875233661118	0.245438934885645
0.000785432564164787	0.000452704357680551
-0.018744044216538	0.0112426089959774
-0.26147784426565	0.179001340161404
-2.04823721457386	2.52734258178393
-1.63570678075752	1.5760931142572
0.399455921261236	0.255572526848399
-0.868603430425932	0.773479147416512
0.0856262942807667	0.0449670009322532
-0.153176204024981	0.0977786857943151
0.220005551738628	0.139043108016843
-0.410714769434411	0.302522044830447
0.0801660670727841	0.0328977321698489
0.300166407185364	0.145745173843389
-0.556309971035544	0.300774864385305
-2.53708110866317	1.43328755890584
-0.5571390478686	0.298328382309704
-0.0131297014245259	0.00780442148881225
-0.58390116817417	0.230664826660482
-1.55077016433524	0.846796200050313
-0.316375768059362	0.163202462339616
-0.772950225831393	0.280195713927134
-0.852557066977149	0.480083141100073
0.478547274385418	0.26872736593669
-0.0759552828556922	0.0393136891296531
-0.264594993038758	0.14341546151555
-0.853338135962785	0.484376071305202
-0.578413008262629	0.227503737528196
0.0815919489326552	0.0383405649811398
0.646128851197434	0.398757162030153
-0.264206201334562	0.148060291002383
0.0842820548158963	0.0352995496388338
-0.282678193795424	0.0965332120382799
0.259287501526824	0.135739786210957
0.381021623904943	0.155402003494633
1.94785617958006	1.67479011867276
-0.747615801987057	0.529289332887727
-1.03023056892717	0.560337402709267
-1.22520013169942	0.694750969746748
-0.10266564378275	0.0488407276686821
0.26595598191356	0.13900501162036
0.0853503497218102	0.0391614365318527
-1.33626946830096	0.649794633393932
0.633196430611261	0.200485458666901
1.26665348999256	0.553525555524196
-0.365634339386752	0.271409118425271
0.106444349331825	0.0692632843787164
1.16428734960879	1.38689678140492
-0.115322269011416	0.0734075009785655
0.0958573621344714	0.0534244318357442
-0.326382746759037	0.272650187518561
0.501391748875624	0.444839938780682
0.119700125867565	0.0801757921096924
-0.10161392936749	0.0491577413289573
0.10171111270862	0.0630418923247547
-0.658365359455888	0.476761562011419
-0.162463888331999	0.0993816153135558
-0.224449048360703	0.13330390168665
-0.472938853105489	0.328083786846979
-0.102285387427878	0.0502938413656596
-0.0866238560110855	0.0442051581478065
-0.537743391752087	0.361433407521924
0.0903459356974693	0.0520938885834939
0.716716618666207	0.520756597045371
-0.311612228244803	0.159611391849835
-0.103656152305559	0.0676739720300634
0.502945419208355	0.373695044843339
-0.0367023846064272	0.0212538890972834
-0.754464814192946	0.531139406245236
-0.179286732233272	0.123563014938423
-0.871125564036489	0.592882718105285
0.111761679813392	0.0708357874212784
-0.0649826008759901	0.0349423320425684
-0.309115886769627	0.209181515280361
-0.87799425792686	0.669898982056536
-0.983879189137627	0.814838287136542
-0.668813375226764	0.33588926219238
-1.08608160802035	0.446546351485114
0.380006393155747	0.150931791490118
0.466846865711531	0.166936747068741
0.0842615186073608	0.0324658104907538
0.287977130252244	0.139591024934745
0.469971788342555	0.169266326339887
-0.276350796827927	0.0951215727245618
-1.55194761890526	0.568220929644301
-2.117797359562	0.994859569014986
0.3866952114675	0.157355077558861
0.725546737767549	0.427991047924053
-0.620211931830374	0.396265971774874
2.06236381279737	0.905517718762218
-0.72015042001872	0.430940653832543
-0.464655123256409	0.197757802546208
0.729667861022301	0.414104747894455
-0.875984948470044	0.685421563274956
0.716080897336217	0.52283989489582
-0.318158706372322	0.160042743166141
-0.415006758838241	0.256922498205406
0.0909295695978614	0.0489459253024004
-0.724288414812322	0.435686479148949
-0.53570189493018	0.364356845020467
-0.0610532888052702	0.0329263157717032
-1.04332689320088	0.542967604373717
0.0832284799518302	0.0352438613977314
-0.314126244762447	0.161076950534772
-0.470802297098412	0.321061476136307
-0.126977760320179	0.0575890884428252
-0.865873543222093	0.566087043002282
0.385327062863562	0.157413748425412
0.075520968241172	0.034707796467131
-1.2286208191963	0.721599216003025
-0.31639766037367	0.161691140499146
-0.190314183215999	0.113850349343563
-1.04509555280994	0.538764739476133
-1.03923765481145	0.533192129086267
-1.23345402492614	0.726777116441306
1.50969604760333	0.777626948091061
1.96698416228038	0.513878740168628
-0.608657299290243	0.658696710792927
-0.994756007088171	1.14824656530734
-0.5703087368805	0.62066358465222
0.0318550638454916	0.0208829500610908
0.41409741257909	0.361568089242612
-0.0378771318385389	0.0259886650877637
-0.0463046240141066	0.0328884741470497
-0.58841583409654	0.595821957479575
-0.00269213708132725	0.0016211448523158
-0.478738468847692	0.337444921611942
-0.541186633555116	0.375895980801955
-0.480106916398313	0.448391575245339
0.496472249348697	0.369791717666569
0.0842615186073608	0.0324658104907538
-1.68459316481182	1.25896941935941
-0.0795085245191874	0.0418568205609365
0.430823529363827	0.259271773591999
-0.870752607898084	0.651756280462683
-0.940738040104513	0.922679776660611
-0.359459028135895	0.232696259034449
0.655848645417571	0.502498205640116
-0.0630572163651238	0.0345891443456547
-0.226167132928475	0.159321401026971
-0.228920487864989	0.156986900289583
1.45854723491149	1.17475644095663
1.16544931210221	0.924253428043949
0.434127485529302	0.358548729368286
-0.871883559065881	0.588925700986858
0.380711528877485	0.155184266731623
-1.22675984976855	0.70042897923932
-0.660962219267153	0.479482114490267
-0.208513259598037	0.0790484021937907
0.32918114794808	0.147928533811648
-0.276684700551298	0.0947597529242465
0.380202205839398	0.151704464757904
-1.08168152666549	0.460839725512664
-1.22857282770582	0.721756105499941
-0.556724438996254	0.300209174683699
1.51002809465456	0.753245804262245
1.16294452128276	0.884940493199782
0.0868047819932	0.0369385014057618
-0.414044201988462	0.254429034372685
0.468886098030382	0.257186588564214
0.328805737822418	0.14765683136076
-0.265504894973755	0.140915185025597
0.287132562522644	0.139939843653156
0.883671322305124	0.567329060388292
0.0883379154858361	0.0338904032122791
-0.305338280636656	0.206644620150037
0.0818933340006634	0.0372422278291465
-1.22865991824483	1.03542419062473
-0.752235112224592	0.548205617054657
0.292660541406929	0.141154819426495
0.537521437143376	0.273554577509786
0.0794232544633365	0.0360818378265375
-0.468103415677277	0.267028174610711
0.226942204220484	0.141196512414252
-0.621472273688531	0.410754869024071
0.0751967922655662	0.0376442797013549
-0.377287115912489	0.179724690739647
0.0866615589632186	0.0403895016920898
0.885624546307354	0.583851534676021
-0.102060723829972	0.0494332164412129
-0.061990691659608	0.0329616922693231
-0.315067352396243	0.162791543166072
0.253449552346191	0.143444060490145
1.2091430676333	0.675679824629789
-1.17181228059409	0.810492476763126
-0.218816883684069	0.152876181087924
-0.188496859725369	0.1165829287616
0.239260446810329	0.13529487429149
0.33849710434731	0.245199717941069
0.562250182791666	0.495315973461052
0.868426555438661	0.901111787177305
0.222184035876111	0.164330528447564
0.0851592596315775	0.0446885795790327
-0.0989957485658263	0.0643927792789793
-0.537082975874714	0.36550367113375
-0.845686513182883	0.45854132712706
-0.865334974227098	0.58860353611315
-0.216409635771674	0.0817737154968567
0.612162756610147	0.600141444091393
0.82941490220526	0.636918146099878
-0.219226971351804	0.124907084899455
-0.212826272922844	0.080784722381548
-0.560699334799371	0.305981986403802
-0.107000573109521	0.0521800014505176
-1.07739287214911	0.446383782844418
1.46384074915785	1.63535236329323
0.082910715524543	0.0408991272859495
-0.866942974443602	0.577839171266665
-0.269442505037216	0.14894729926881
-0.155147593011076	0.0949616644085193
-0.70155947903825	0.678767711339776
0.636303454316156	0.395124614332337
1.17327259123862	0.741784323893213
-1.0224187947377	0.643561257736608
0.0865234749674368	0.0397327222133423
-2.97033471716571	2.18107500593908
-0.977932486576468	0.824409304443175
-0.378808236462352	0.181215592592653
0.0873507282827377	0.029496640401645
-2.04607894727388	1.36947095527836
-1.05440045472675	0.526554635420878
1.51037806012744	0.774547954360601
-0.380367594676954	0.112271073947858
-0.827227468040467	0.375770586455426
-0.643879934910744	0.162803684869529
0.155657694623013	0.0307135261609688
0.478563264509384	0.170030268997322
-1.55533883153324	0.822390615658147
0.470251021263023	0.16905111959911
-0.773862914801316	0.269192695785966
0.376107417724648	0.152459379316407
-0.148628871912388	0.0563128171718719
-0.269501652449061	0.149052286273957
-1.73981820308926	1.05219383253095
0.0761650551047529	0.040133556275068
1.95067279373924	1.71062824780747
-0.211494892792986	0.0800807802243172
-0.666512120631954	0.329256659076913
0.240768704443972	0.133618743654736
-1.54392706835563	1.06788693139886
-0.133979005785743	0.0601123668119067
-0.308175704832622	0.159526804502253
1.2722936929269	0.561831119501035
-0.71115789066076	0.409517100720612
-0.132956906625696	0.0592520478045244
-0.106698984360165	0.0521722937631143
-0.553815541213145	0.294036090649896
1.42632421001939	0.466844525706766
0.758754472188363	0.328282494069353
0.0860807946492807	0.0366729099638285
-0.132197533630779	0.0591036670211426
-0.552021921994281	0.298605886877617
0.0812956218802078	0.0345544656699162
-1.33317859395394	0.630781516003561
1.42883364283079	0.478004862123992
-1.86423156422362	0.787011119700427
-0.58802733048966	0.238036217277905
-1.05445868565053	1.03890122302244
0.0189713280218427	0.0121928625837334
-0.259362364205518	0.17302271913779
0.716743343324249	0.636180418218171
0.223681512405002	0.147355335353547
0.974972857358944	1.17882545968186
-0.265955269214588	0.185909946579823
-1.0162356517801	0.594456283425462
-0.102809642527108	0.0496357734313574
-0.628986843149994	0.397526845432543
-0.553495292169259	0.300289022204652
-1.08303864901776	0.998146994141593
-1.0157197439817	0.634393376732455
-0.475931468635632	0.341204079397019
0.0799962217893551	0.0432447812871323
0.0816690537531378	0.0436103702644499
-0.154963968731996	0.0624306030723588
-0.104987537756819	0.0508286077867286
-0.623528681262743	0.381134560879767
1.20979493823342	0.652777977846931
0.0846206663895834	0.0324066276622984
-0.662366700589396	0.502401552851661
1.03407132320947	0.741977207672243
0.0788303395279597	0.0424611553581329
0.886945961454157	0.566076084947225
-0.265641106502467	0.144323330167473
0.478226689940068	0.166526903032937
-2.17010150717408	1.53762762069659
0.328094292559825	0.147090058418055
-0.157222334022837	0.0644916403975608
-1.22711229160517	0.719972085478439
-1.53533602009195	1.02030137224227
-0.837156332296375	0.389771323832642
-0.674385291736188	0.337173631302708
1.20740407760666	0.663923059752093
-0.379466028011223	0.109923062639244
0.130611000572378	0.0331668723838655
-1.08168152666549	0.460839725512664
0.926894698267532	0.249794759119976
-3.47643877535185	1.22917727838674
0.135951528165473	0.0344511607680368
-1.08608160802035	0.446546351485114
-1.03993981070255	0.544219450927041
-0.772337113524779	0.273027647189755
-0.778933839032612	0.276324461460291
-0.252670131034766	0.133713735866837
0.839373321999868	0.444539623564822
-1.55167261006945	0.819280896738184
0.626395152196308	0.294156375567445
1.21320016263682	0.686152538183903
0.632043785754833	0.197127918381344
0.880102105860038	0.571288432362644
0.0840428999601435	0.0287463467280583
-0.719720866523178	0.427392526816156
-1.53797179265745	1.09037342475756
-0.162793804424622	0.0654988172200902
-1.23196350808489	0.718809618152354
0.0917168545886728	0.0490945155440266
-0.582674260949621	0.234642580730122
0.328094292559825	0.147090058418055
-0.21212410842254	0.0811362988501105
-0.668070011407498	0.330653177147534
-0.718790863622047	0.437970555842102
-0.459621591145312	0.202556620427378
0.0835429355056079	0.0319595750382102
-0.769580054067457	0.273533478998611
0.0886979892406291	0.0340423810603243
-1.54710714320842	0.818651001502909
-0.84248977435279	0.354364665724002
-0.140993437272776	0.0553929555880928
-1.16453750470596	0.363272673512163
0.135466503823865	0.0344111852929926
-0.158655679377994	0.0666309344309884
-0.34416576123739	0.311517634566439
-0.553911156926037	0.299720312166635
-1.12116082646163	0.882347674037752
-0.378233772297676	0.175064835331041
0.330269252206196	0.146923278992875
-1.00300794077616	0.749841197084695
-0.21590486593651	0.17089749482904
-0.368965747475236	0.356589907079667
0.0751967922655662	0.0376442797013549
-0.670652535703296	0.328843778675366
-1.39095033417316	0.903204822344664
-1.09813266335379	0.430470498427253
-0.483581232753646	0.275549425925565
0.0823350806210271	0.0277957808812364
-0.392443478333191	0.309709906437214
-0.5139283933029	0.391334731454361
1.89693113847805	1.1683533249707
0.763786362279702	0.329058759499435
-2.17326416733661	1.6257347278003
0.47122368832564	0.173644512897175
-0.772650360071768	0.28161086287881
0.629278137711488	0.2046467358426
-0.133245618147022	0.0602223709372674
-0.19880771970502	0.116958102344177
-0.0635276476924617	0.0348214969949728
-0.457634769832646	0.200116188108533
0.646901534165489	0.39333109155539
-0.623995594943261	0.381933613228346
1.2084182818487	0.656762777239931
-0.0781912790550467	0.0396794584651073
-1.73482729833441	1.03958660478544
-0.587680383007199	0.236957816983008
-0.665447170074499	0.334362252988309
-0.385891534810494	0.111530236372983
-0.365212754296725	0.170054748916539
-1.16913752538967	0.360776495986612
-0.458349987708699	0.202545990083748
0.0883089769389768	0.0304456122165727
0.264014982742484	0.138792971706841
-1.55463911721537	0.822841307744292
-0.409752720629198	0.292827084525004
-0.181354510446341	0.110211063320659
-0.567406844711957	0.298941536053992
-0.369255314982082	0.17753502325674
-0.581018039230886	0.228871362972492
-0.125818604304001	0.0555828364997566
2.30583617733903	1.16717093816104
-1.53291996834288	1.05370375867244
-0.282678193795424	0.0965332120382799
0.759439012682851	0.32818137286167
0.140006786138873	0.0346674416600826
-0.858230178159793	0.478508812087071
-0.578066982272421	0.231583321799173
1.01786452407642	0.613846153429573
-1.00874832834105	0.738904677029318
-0.0367023846064272	0.0212538890972834
2.07037998468357	0.939271737069733
0.0883624894719626	0.0338838502628727
-0.771736195798064	0.27307434267397
-0.37808021798614	0.181986171084815
-0.167616966157326	0.0700242573063517
0.0780768414596881	0.0259855098172478
-0.212826272922844	0.080784722381548
0.761732317175234	0.322617805268175
-0.38428636926441	0.113633408755272
-0.276350796827927	0.0951215727245618
0.0814493871837749	0.0380878657189707
-0.553911156926037	0.299720312166635
-0.192622364487296	0.139503693565511
-0.0371766648029245	0.0214019420416425
-0.566245687001284	0.301203182518545
-1.00346066889681	0.751136853329835
0.085506956634678	0.0491616340011262
0.094599833117697	0.0582459219986889
-0.86907169636408	0.773193658505175
0.396032590574533	0.251781324902101
0.632397033352873	0.3927539949401
-0.844559189367902	0.452124600705816
0.384664780562082	0.156614993594426
-0.0798366657065499	0.042225710977257
1.71708185087024	0.954343274604169
-0.118839676592644	0.0516408623862671
-0.155303526959629	0.063129232175841
-1.22931197002804	0.706820258132581
-1.41828415154965	1.16273395690625
0.542274488031622	0.282388833713572
0.330943747457789	0.14357256851809
-1.04868376610955	0.554180702760555
0.333194486190864	0.143357027388354
-1.86363716845473	0.79391576598913
0.5817134459502	0.389487215518337
-2.12646622099236	1.0170390917639
0.217864186371931	0.151665801746348
-1.16414477326082	0.355714622696977
0.787621473122097	0.533287352996979
-0.222251168749804	0.127379867260102
-1.54710714320842	0.818651001502909
0.0770609091123488	0.0254527979674392
0.0823240239571997	0.0278318786677997
0.62009196169385	0.282790558132133
2.06974764950025	0.935429228608625
0.538241109058168	0.273651889041503
-0.309574884409551	0.157181154766558
0.296219296024808	0.146762887291026
1.42495176944544	0.478712624316164
-0.578758516342701	0.233299378172666
-0.38428636926441	0.113633408755272
-0.276684700551298	0.0947597529242465
0.109662775053552	0.0332182651584632
-0.778935312785854	0.275631344923444
1.51437320515084	0.755693323771838
-1.79013332416873	0.436860451051026
-0.644456791948872	0.160363538964562
0.136149928119394	0.0351567872193512
-0.126861108039331	0.0571318488463327
0.0828720610580768	0.0318112876215164
-0.832891892202008	0.380168958139359
0.136348268602553	0.0345664085091249
-0.831231481656047	0.378499978112867
-1.08134987369079	0.460940174958639
1.00478934523008	0.501795998194173
0.08548898110449	0.0399656514075189
-1.17311866134924	0.790606711274842
1.50776562247378	0.751755901383343
0.393193845787275	0.232104265790426
-0.588032446613627	0.232035602884022
-3.09004997319051	0.995518691449303
-0.158655679377994	0.0666309344309884
-0.769580054067457	0.273533478998611
-0.214059246840464	0.0797145734064771
-1.16473395833851	0.355563580639383
1.27357527930356	0.556591887117665
0.382036557571989	0.156497220770852
-1.39095033417316	0.903204822344664
-1.08201327846135	0.457159153484861
0.10936056423864	0.033114486226835
0.932790044800162	0.249112741186188
-0.382742830406048	0.112824490517523
-0.285116221060404	0.225327329567632
-0.583313736839088	0.437144451467776
-0.325739139117603	0.244298523912895
-0.674180580978731	0.535841731346407
-0.421777104053507	0.306273411825049
0.5205697314312	0.364526530992386
0.911203034045511	0.694539918012465
-0.152290745708929	0.0972542723876821
0.911515297339917	0.693170959707767
0.321485068258411	0.259901164127344
-0.0588205651315361	0.0316088672586762
0.0268599189607014	0.0174373013160408
-0.561019938533246	0.305317362464275
-1.12195861258255	0.859340164610552
-0.998648813366757	0.750596904017632
-0.308175704832622	0.159526804502253
0.0943827579468934	0.0570566936429634
-0.419183614298753	0.252558018382712
-0.159496437662276	0.0643926093059374
0.292685329858755	0.142792810948642
-0.773575069813807	0.627381979395492
-1.63035255046712	1.53855683439979
0.236893976807671	0.143495543496878
-0.625210056315809	0.40504778917904
-0.406600370922861	0.250516464919909
-0.268071922992565	0.147499402807339
-0.127086172357858	0.0577467209250188
-0.369255314982082	0.17753502325674
-1.12829471464212	0.908639164633098
0.0832636044533976	0.0443302862995186
-0.356537581431877	0.233809679075229
1.26625726660972	1.34581885117509
0.00545420529719383	0.00317206681650927
-0.454943621345813	0.200866296106256
0.47035335284764	0.257494780553768
1.39075531219204	0.862129674858598
0.626425352977786	0.295771445848541
-0.869030697224099	0.583585800433456
-1.08039361582286	0.44490351378498
-0.670684181118043	0.338798891168024
-1.07772515013054	0.446297540699
-0.769882178885387	0.272223114165061
-0.777714618969396	0.274044533331317
0.139805991294671	0.0352358407295777
-0.159746196665537	0.0666730635613241
-1.22410729136529	0.712444437743929
-0.455642256624857	0.197688177999939
-0.832570978680795	0.389830571128625
-0.619457460968935	0.39378262501981
-0.562288613836427	0.299145103014883
-0.163070845121611	0.0672486778152632
0.252841634861061	0.140192506888684
3.12265147408163	2.44906173173756
-0.715648262565063	0.435851643172163
-0.374358905457563	0.178251175398493
-0.562273915848133	0.305500264236464
-0.10555954019598	0.0509922883489888
-0.162728764443685	0.0680037705102754
0.0876998852250638	0.0301575381785863
0.0810770455762741	0.0425268329802979
0.0884693648782968	0.0404891896809896
-0.211458004445709	0.0811563578849673
-0.463232261037104	0.193786619136361
2.30583617733903	1.16717093816104
-1.30430182927734	0.993277398804845
0.336584165657794	0.147438534499196
0.0773217717706637	0.0384173904984474
0.0873688589711267	0.0298482305140485
-0.282986175849613	0.0948521224881856
-1.0168780588451	0.647486360760697
-0.643879934910744	0.162803684869529
-0.609973824049898	0.658949119286341
-2.01572813638729	1.94447183813593
-0.0303187147110534	0.0171953726256264
-0.153511567854442	0.0956952180809211
-0.318203051025675	0.235048795879602
-0.257592233853358	0.1402927216977
-1.23505198922243	1.07666064889934
-0.227619407768738	0.130637078212928
-0.364748306861474	0.271362560724262
0.221757964134594	0.15722445769531
-0.409311187062617	0.333617125485461
-0.494292511958299	0.428405708965021
0.10936056423864	0.033114486226835
-0.078127652918186	0.0406474136153139
-0.161186305064587	0.100868813200976
-0.039541534190673	0.0225139608392868
-0.474257765416736	0.331819565331611
-0.888364206306371	0.660392571710259
-0.365278771668023	0.169006409727953
0.604300237876487	0.488189033686068
-0.749794692541605	0.530847542677106
-0.312959032446858	0.206934479823891
1.17931289449804	0.789084628129565
-2.01598244325794	1.9039316120338
0.0835667397982208	0.0322440496474922
-0.268689830991144	0.148301289095379
0.884506754685531	0.559429621745412
0.0874384706277076	0.0393276705330848
-1.73642735276961	1.01417201967857
-1.29256851523786	0.978978346072795
0.465247282005594	0.363409806625709
0.519886485947581	0.356205296438355
-0.311179557930133	0.15979008028113
-0.0813475232505869	0.0414751942930028
0.232299438666255	0.143745283019835
-0.162760612299736	0.0678653164942103
-1.00768020230718	0.738524342440763
-0.866500117667434	0.579009028456308
-0.268689830991144	0.148301289095379
-0.854917430501103	0.48444666800201
0.0825131622391017	0.0316619933772732
-0.418235982664787	0.254403310084913
-0.132825579334374	0.0602144964877811
1.32320820833083	0.938347587857213
1.50844569375098	0.757172649616879
1.20983169990704	0.67531371408713
-0.783554400939513	0.268165202742257
-1.16453750470596	0.363272673512163
-1.16364660284969	0.361708993807529
0.0840428999601435	0.0287463467280583
0.0896537980653765	0.0307427553147153
0.0900006636440301	0.0303154365837328
-0.454961597097599	0.200425914814435
-2.34070794258166	1.24624838316329
0.10905825457717	0.0324153823359966
0.0837064662631174	0.0288114799617396
0.83523056158441	0.446308720541009
0.286823780664677	0.139382607757264
1.00114771598383	0.496650324200702
-0.138490960779336	0.0595884133465151
-0.102809642527108	0.0496357734313574
1.27980461033177	1.07003867184851
-0.558213618689898	0.298310515372813
-0.157394733443002	0.0979294524553042
-0.669963562452918	0.337951169595331
-0.41075264506043	0.24848664447191
-0.836840887219673	0.376963873370588
-1.04263467649248	0.535045338991779
0.0890075283980982	0.0307071946025054
-0.717132160344768	0.425839071130821
1.0168296993268	0.605793176572065
-0.752235112224592	0.548205617054657
0.381331005634845	0.152173718727342
0.38754192338577	0.246751435838627
-0.560382089340048	0.29483202158979
0.987830205962684	0.384020695253072
-0.831901025691653	0.388698435265152
-0.772950225831393	0.280195713927134
-0.773862914801316	0.269192695785966
-0.578992844939483	0.443365286279828
-0.0388365192097497	0.0225674639827574
-1.90256491833955	2.16161669441279
0.000762634161482004	0.000421163859690282
0.705515724567722	0.714923468034562
1.14910061237254	1.03864280004591
0.227794655490594	0.146305636181553
-0.7045707075983	0.705987493045002
-0.102809642527108	0.0496357734313574
0.0817490247177366	0.0460486464245921
0.087060682547233	0.0506002682201234
0.891368410064124	0.577784925858081
1.09124780146229	1.25220582804329
-0.320307876270531	0.237526378342695
-0.580382942102937	0.454693129849527
1.28777569559959	1.07556595307958
-0.513566758526364	0.395300576659206
-0.192311111372303	0.116272476111997
0.916270361316562	0.695751602937702
0.247089781515909	0.135168155661277
0.248397734987718	0.141532550539598
-0.127700528174948	0.0806163328325898
-0.0902267053357718	0.0460755905101442
-0.836804997426992	0.389790048793096
0.259666746379015	0.137045847009471
0.392127465236049	0.246113569946762
-1.15984607114036	0.786473904694932
-0.192672458388964	0.117399050640126
-0.460444015474196	0.199930616527668
1.15036166212188	1.02070036408801
0.393696144410247	0.244880224427078
-1.91288438166978	1.72796786458163
-0.558801260147065	0.293433088598088
0.572551842781744	0.374560981765851
-0.0998875826955535	0.0485168904591057
-0.561855780459618	0.306961457423787
1.00048812097382	0.495380407759829
-1.04403826860932	0.55191295655363
0.296180608438725	0.140439484976506
-0.465117178640114	0.204092984332235
1.00514373399471	0.489964229120471
0.0831617942937931	0.0350525336750947
-1.04332689320088	0.542967604373717
-1.040296551271	0.541349578981248
-0.837472488599265	0.390914936767186
-1.08239097308342	0.436307205370226
0.08865830005751	0.0307081857326401
-1.04509555280994	0.538764739476133
-1.08101831948812	0.457426544657416
0.381063964744822	0.154693651039811
0.0845641500575876	0.0348565239216905
-0.828947493610244	0.37948085129013
-0.0967451643411797	0.047292142882539
0.0840063512086996	0.0314544198947571
0.0879777454247279	0.0335240303179965
1.21193624951269	0.64353414444291
-0.478957228942798	0.279384458321262
0.245839871338404	0.135921903585286
0.538216661390954	0.27778704436884
0.085190111029721	0.0397953683850642
-0.459405681547374	0.203720851202463
-0.278693263064856	0.0945448451301344
-0.474689209193612	0.28088597145652
0.0832076686729771	0.0320934434977448
-0.867880432253657	0.58772220878724
0.077444066679496	0.0388583848141267
-1.42496749356295	1.45829219024564
0.0837064662631174	0.0288114799617396
0.0735344961849433	0.030372595226232
-0.277586355801153	0.0938635637286369
-0.282986175849613	0.0948521224881856
-0.383639697125327	0.115605960560422
-0.151878418706394	0.0962385831577748
-0.223321807397467	0.128874783927452
-0.0399963665198631	0.0223423161873667
-0.629561634112225	0.56329435705283
0.447542604815611	0.352960680010226
-0.999714442080097	0.753310475105887
-0.357689020173684	0.230273229914105
1.0383146140314	0.885892377259355
-0.406333164195148	0.249957937620755
0.944627689495171	0.813704439383916
-0.355443334805215	0.224325106021993
0.778526424323291	0.647547315066161
1.02519349817848	0.695272394831683
-0.61198217660301	0.385151605170926
1.21218539433376	0.678597762079419
0.365651210694558	0.250620797541881
1.01674846030355	0.608190265716912
-0.376557313373551	0.179115732527582
0.470044830514067	0.373087242054695
0.0267783998941615	0.0179282247033096
-1.22373606629421	0.714242644599636
-0.0839772637112212	0.0420082892862924
-0.852216853246717	0.479202561857448
-0.10843016697093	0.0718426710564879
-0.158866512182356	0.101597839203189
-1.00148284897828	0.709353325564115
-1.55563479398806	0.819616505512983
-0.548299274192541	0.366117361207547
-1.01248691942746	0.636555472698684
-2.9762686408857	2.23204753995149
-0.383390015188303	0.115591315602105
-0.586991032317311	0.236224244273927
-0.474017293345041	0.270278275649815
-0.57871100230738	0.446488807265806
0.998642189559345	0.480462969441205
-0.0850419757813424	0.0432918474666171
0.539757665754729	0.275397703608674
-0.259359808727472	0.141341559562201
0.0820217427008378	0.0350456202682326
-0.263093001670167	0.140042571724929
-0.0974258503755494	0.045217722421143
0.130132966750166	0.032529304913593
0.632942498699066	0.204573630547874
1.78043855997847	0.686973170341772
-1.04064185784356	0.535017940356644
-0.773264368337915	0.275951766386509
-0.546407228095779	0.368167156609235
0.108145347918198	0.0322624935588852
-1.73518145475918	1.0470376782661
-0.460818616901672	0.197529320393915
-1.02010496807612	0.646484419026069
-2.69528394152233	1.7264036465606
-0.458562955527793	0.198347751364336
0.136348268602553	0.0345664085091249
-0.209179258588871	0.0780552345188269
-0.155303526959629	0.063129232175841
-0.102368317425428	0.0484891701305972
1.02583452449508	0.618921619439822
0.762404465574554	0.322350857399061
-1.08168152666549	0.460839725512664
-1.15973082415393	0.801876291568073
0.0882398666923994	0.0441022769642899
0.0873688589711267	0.0298482305140485
0.36302553556208	0.241644580338921
-1.3353035147416	0.624923880450846
-1.34105918736266	0.632883471297829
-0.257885368156725	0.139734013425764
-1.89600408948826	1.19548712711206
-4.02862861626916	1.80219055311043
-0.21671981219559	0.0827381630631181
0.382698444520541	0.15549131738934
-2.4171729166936	2.21394834165502
0.136149928119394	0.0351567872193512
-0.273064566235411	0.148816684153313
-0.199834483132238	0.142664499538965
1.42176857058952	1.72455822103303
-0.465454876743141	0.201542064104759
-0.723846071951304	0.443501293859398
-0.585043116511027	0.457781240301775
-0.414673693829637	0.255128096290316
0.726697425859638	0.422735424838194
0.0813210734852292	0.0340781024898359
-1.67295757282468	1.25586992316753
-1.6348465885953	1.58350423834467
-0.762817552792371	0.604414087401145
-1.16879869863128	0.799536356796069
0.0799411630969219	0.0431627075832755
1.0773396635473	1.13723438889554
-0.217030706230475	0.0822870305859765
0.266253380374269	0.138701649157127
-0.778629286952523	0.281185357772247
-0.470335205783652	0.267523450605329
-0.230450678603974	0.133800296667446
-0.984584646569204	0.846127611785975
-1.01715954807024	1.04037009229298
0.0910549436128176	0.0489135136748795
-0.232292251458843	0.133656192116558
0.54339591485552	0.282131304679604
0.0769940985208857	0.0357900857223199
-0.565083203399069	0.299447583498468
-2.19826387026898	2.42466115855833
0.329893582171434	0.147706112113346
-1.04332689320088	0.542967604373717
-0.384535507391052	0.11154654613173
0.629800111350759	0.300925411916508
-0.676664652387061	0.559851358044072
-0.373308462313641	0.180005894714473
0.991806627863386	0.375637029636672
-1.1270316736429	0.908248098205884
-0.876220579163362	0.570373197283849
-0.750266249697716	0.516966850609099
0.37646166674289	0.152689631867009
-0.310589904595437	0.161288916083908
-1.01760900772351	0.635174105266957
-0.837472488599265	0.390914936767186
-0.383243519629738	0.11078508469637
-0.272360259806588	0.0918607246093065
-1.23721783776204	0.707986964606354
-0.463700626493782	0.205774077487892
-0.837156332296375	0.389771323832642
-1.01719741793017	0.637923491316443
0.324999091970749	0.144661775466169
0.0876427850306642	0.0337995574491269
1.42883364283079	0.478004862123992
-1.04475001537379	0.548856914686032
0.840415369594655	0.454793894645718
-1.3328261685957	0.62802127507698
-0.719957495693989	0.432230873045004
-0.277378571638047	0.0913459682428708
-1.04869866990129	0.55239904354299
-1.04403826860932	0.55191295655363
0.112420137081601	0.0337869998743869
-1.86393431850831	0.793651432556514
-1.3353035147416	0.624923880450846
0.112114865728904	0.0332945117013381
-0.77954302106598	0.27103624872834
0.381374251715984	0.156401863873602
0.630173248766104	0.20033713359998
-1.12622731570148	0.896371021775056
-0.458562955527793	0.198347751364336
-0.57910472216786	0.229984707647106
-0.454943621345813	0.200866296106256
-0.772350591530586	0.280256041043971
-1.16434110968712	0.363365772413315
-1.07739287214911	0.446383782844418
0.630492069774427	0.300966095117367
-0.579104409914922	0.231662980331936
0.758754472188363	0.328282494069353
0.542351459778267	0.280118898787308
-0.863245137959282	0.577023616881797
0.471558126062996	0.173900761007562
-0.772650360071768	0.28161086287881
-0.773563593084493	0.274619250831942
0.0890075283980982	0.0307071946025054
-0.383390015188303	0.115591315602105
-1.86576595709014	0.775264736006185
-0.670992467102339	0.336168772670351
0.290349285682017	0.142306842383646
-0.66432758122018	0.329116669485705
0.152245447049464	0.0306318775241434
-0.383243519629738	0.11078508469637
0.136149928119394	0.0351567872193512
-0.581018039230886	0.228871362972492
-0.784838905872798	0.269676041890658
0.0774946642576945	0.0295509163780564
1.00558406157858	0.469470929685001
-0.833270333717784	0.384984139642618
-2.12679576746813	1.02231846801764
-1.16084557487619	0.355904583770559
-0.643736072788252	0.159645094922541
1.2679286631505	0.556999904407133
-0.281700605437693	0.0960848540058102
-1.79013283872263	0.436855011092279
-0.775498930828999	0.273200449391042
2.06633029593796	0.930156361241897
0.155657694623013	0.0307135261609688
-3.47120373928544	1.26404679883983
-0.644023842179429	0.159615559955847
-2.57741325633565	0.711746111074309
-0.641166868679048	0.157248090455696
-1.79013283872263	0.436855011092279
-0.643879934910744	0.162803684869529
-0.389167621040152	0.116399518745081
0.136833251350974	0.0345715512867962
0.109967775391788	0.0326203122944734
0.932219305847885	0.255045940262424
0.135466503823865	0.0344111852929926
0.152245447049464	0.0306318775241434
0.629278137711488	0.2046467358426
0.135951528165473	0.0344511607680368
-0.383390015188303	0.115591315602105
-0.582939776540003	0.237028595876618
-3.7748046772412	1.51892133064523
0.110270631928751	0.0327215995700281
0.108753087782228	0.0330076065780737
-0.383639697125327	0.115605960560422
-0.773250188856655	0.27445305322462
-1.79013283872263	0.436855011092279
-2.57757087120046	0.71149422126265
-1.79013332416873	0.436860451051026
-1.55194761890526	0.568220929644301
-1.56291577074295	0.552388230722407
-3.09018995116874	0.995203765786597
-1.0947819252964	0.418883493994484
-0.38981107943392	0.114437971210744
-3.09004997319051	0.995518691449303
1.96698416228038	0.513878740168628
-0.836453748729387	0.386956055439622
-1.863603170234	0.783309473484698
-1.04834053682305	0.554143878991696
0.08865830005751	0.0307081857326401
0.109662775053552	0.0332182651584632
0.635723281585449	0.193049284343688
0.0828485017606193	0.0317389914430046
-1.55211305724267	0.571184138509822
-0.649914682169787	0.161307982236608
0.102149520587099	0.0299662545939995
2.06725536171229	0.934145999148106
-1.16453750470596	0.363272673512163
0.108753087782228	0.0330076065780737
-0.849339868037383	0.478233986832238
-1.08138996055446	0.444675140890848
0.626881216304525	0.288006248781463
-1.16364660284969	0.361708993807529
0.153079928794189	0.0306572399262932
0.135664295395256	0.0338535377218378
-1.16384354392211	0.36161718506419
-0.772650360071768	0.28161086287881
-0.28365610192691	0.0935519422204775
0.931358698699382	0.24984905088734
-0.0970467993808638	0.0473686692261589
-0.588721480228847	0.232740234507359
0.129931396742343	0.0324824869680106
-0.382993135512967	0.112841197824569
-0.772650360071768	0.28161086287881
-3.47120373928544	1.26404679883983
-0.773264368337915	0.275951766386509
0.139320884730454	0.0345414157638451
0.155741895962713	0.0307347607790292
0.109662775053552	0.0332182651584632
-0.383639697125327	0.115605960560422
0.147987984739175	0.029487788401055
-0.643736072788252	0.159645094922541
-3.09004997319051	0.995518691449303
-0.644600139200501	0.163557956970766
0.931358698699382	0.24984905088734
-3.47158936576016	1.22567982826572
-0.383639697125327	0.115605960560422
0.135268652968624	0.0337415284548862
-1.55691205026865	0.558187794859392
0.152245447049464	0.0306318775241434
-0.379718438417275	0.112039617275019
0.112420137081601	0.0337869998743869
-0.644023842179429	0.159615559955847
0.136149928119394	0.0351567872193512
0.390092162099802	0.155095782934507
0.152245447049464	0.0306318775241434
0.932074438006684	0.254855397135986
-0.641166868679048	0.157248090455696
0.932219305847885	0.255045940262424
0.136149928119394	0.0351567872193512
-0.643879934910744	0.162803684869529
-1.79013332416873	0.436860451051026
-0.382742830406048	0.112824490517523
-0.394726442099947	0.1137440248866
0.083357926668356	0.028685655847563
-0.281058966359122	0.0938707870012577
0.153079928794189	0.0306572399262932
-1.79013283872263	0.436855011092279
0.932935430920093	0.249293404431222
-1.16384354392211	0.36161718506419
0.0896537980653765	0.0307427553147153
-0.386147744571546	0.1130948312215
-3.47139652358344	1.25630655783067
-0.646191836651531	0.158188054630626
-0.250294608289364	0.221451466451559
-0.990001125443472	1.25496871960681
-1.09275303413766	0.447138652626451
-1.79013332416873	0.436860451051026
-0.644456791948872	0.160363538964562
-1.16453750470596	0.363272673512163
-0.412389278709866	0.33676649695202
0.136149928119394	0.0351567872193512
0.931503049039329	0.250030129954956
-0.368517746911207	0.334498172185259
0.294340921458445	0.143912514284271
0.47520845155246	0.174086333588503
-0.581365923179866	0.230500025127603
0.228341708245868	0.144108735059241
-0.222715933922656	0.128208718919273
-0.394984903515917	0.113821734733264
-0.649914682169787	0.161307982236608
-0.382993135512967	0.112841197824569
-0.644600139200501	0.163557956970766
-0.772650360071768	0.28161086287881
0.0843915457865271	0.0288715102667809
1.7883259800679	0.705535261593489
0.142794791422751	0.0347080413346559
0.135951528165473	0.0344511607680368
-0.777714618969396	0.274044533331317
-0.382742830406048	0.112824490517523
-0.211591943473682	0.078957977404808
-1.79013332416873	0.436860451051026
-2.12078553178073	1.01764181617077
0.08865830005751	0.0307081857326401
-1.09306172145472	0.437950061454584
-1.54888964966201	0.5586851468797
0.541232239153472	0.279169289790194
0.116781587272321	0.0747812245747639
0.0265676842214031	0.0165725803531408
-0.406175238057116	0.291722119331774
-0.472835369600287	0.324160649020833
-1.08641544348807	0.448514254954964
-1.16384354392211	0.36161718506419
2.75497641146614	0.823010688280342
-0.276350796827927	0.0951215727245618
-0.389167621040152	0.116399518745081
-0.581978732713648	0.236300240504589
0.632550471751291	0.19750558552597
-1.79013283872263	0.436855011092279
-0.643736072788252	0.159645094922541
0.153079928794189	0.0306572399262932
0.139320884730454	0.0345414157638451
-1.55782169733685	0.571216275044972
-0.366255875213603	0.43495238796658
0.153079928794189	0.0306572399262932
-0.211945050450704	0.0801752521131036
0.136833251350974	0.0345715512867962
-1.86983839331509	0.789102546177122
2.30181395889767	1.1644812794501
1.02064288133014	0.60721556704589
-0.458690618232096	0.203598758665892
0.0883379154858361	0.0338904032122791
-0.582939776540003	0.237028595876618
0.375801396565071	0.151516954174281
-0.874085816127417	0.582621395883782
-0.463341086542234	0.204296486676518
2.30892042340821	1.14429707386534
0.00588274100558424	0.00352420122061479
0.26722116616025	0.142188087199747
-3.47624227504132	1.25515559280998
-0.548231637269121	0.371567902022594
-0.479711727356988	0.279425789589238
0.103059347311401	0.0311436889874163
-0.64474353145812	0.160333287038353
-0.276350796827927	0.0951215727245618
-0.386147744571546	0.1130948312215
-0.277378571638047	0.0913459682428708
-0.862677678303874	0.469143814368117
-1.01563527744044	0.637761254307375
-1.16933822744481	0.355300877964834
-0.45587763617029	0.194346809571626
-0.459598992085079	0.201607137258025
0.382036557571989	0.156497220770852
0.152327357171114	0.0306528579659354
-0.222185543802073	0.0819666994795406
0.11272462121937	0.0338915360792968
-0.273653282761695	0.0924167202226525
-0.643736072788252	0.159645094922541
-0.287411361442355	0.0953193426147623
-0.172516274561252	0.069971448739912
0.995831154133582	0.971500007194841
-0.369230925950477	0.310774949623334
0.0464331410906947	0.03325482686489
1.05136441586291	1.01421822742888
-1.34244446128929	0.646527532574442
-0.272986315301571	0.0902186628013449
-1.08804627817393	0.44898687554573
0.0873688589711267	0.0298482305140485
-1.73588721081789	1.0196566520361
-0.280723339485891	0.0923599031044661
-0.772350591530586	0.280256041043971
1.42446421436947	0.468835463081268
0.630312326249084	0.195889657045268
-0.383889457820693	0.113406633144808
0.386342110200561	0.157858515534477
0.0719304804011396	0.0324948715865054
-1.16364660284969	0.361708993807529
-0.383390015188303	0.115591315602105
-0.38428636926441	0.113633408755272
-1.55410416807372	0.55904847840479
1.9678346675076	0.511732460330704
-1.79013332416873	0.436860451051026
-1.16084557487619	0.355904583770559
-1.34313878616783	0.631493837554816
0.988133324575445	0.375534745120507
-0.583287327537592	0.235338619146458
0.471558126062996	0.173900761007562
-0.831231481656047	0.378499978112867
0.832178782721761	0.431016903520867
0.630853645652793	0.299784133614005
-0.684213037622967	0.320300381335247
-1.79013332416873	0.436860451051026
0.0960030486659937	0.0383056381431826
-0.674039948019984	0.341266546434622
0.0842615186073608	0.0324658104907538
1.27628346679643	0.564562502823265
-0.12359070821992	0.0794941993688421
-0.206830732037415	0.0775386295890829
-0.511165993771565	0.405588078190908
-0.317115774703123	0.163362283232626
-1.55636090040169	0.839377472961179
1.21729764951333	0.67057428138469
-0.643879934910744	0.162803684869529
0.470921211153915	0.173073255821478
-1.16453750470596	0.363272673512163
-0.16355444289971	0.0685053721302952
-1.08072563171882	0.448174635687186
-1.33626946830096	0.649794633393932
0.932219305847885	0.255045940262424
0.10936056423864	0.033114486226835
-0.773264368337915	0.275951766386509
-1.55194761890526	0.568220929644301
1.00542363536993	0.48442123981117
0.754173804247954	0.32214223099419
0.722222137405798	0.409787327103379
-0.860016677592359	0.729017749774859
-1.29541692978657	0.986694489535195
-0.158996768606754	0.0664311811619607
-1.33248177107044	0.630033139927397
-0.37410664187599	0.180212603095466
0.08865830005751	0.0307081857326401
-0.282036055188525	0.0961553001587544
-0.583670457046106	0.234242931749163
-0.644600139200501	0.163557956970766
3.61891049166586	1.42844236989378
0.629669696544949	0.199948663374727
-0.459048102717891	0.204213563611746
0.474565974965902	0.174050129956977
-0.281700605437693	0.0960848540058102
0.987830205962684	0.384020695253072
-1.55741644740676	0.568466145284189
-0.564444755793225	0.28925221556033
-0.842654870182379	0.380291924149103
-1.74052350065363	1.02460078104081
-0.383889457820693	0.113406633144808
0.0890075283980982	0.0307071946025054
-0.38428636926441	0.113633408755272
-1.8689332967637	0.773419472978401
-1.08072563171882	0.448174635687186
-0.671437037224961	0.334806131490142
0.0795061881977611	0.0276700220943601
-0.280723339485891	0.0923599031044661
0.9165637384613	0.707477097424219
-0.578412707141376	0.233277715170236
-0.458707738272365	0.20206531800742
-0.378476968942889	0.181603573414227
-0.373574803029587	0.177245496161003
-0.163848688368941	0.067812997235401
-1.9035182915839	1.27416430606437
-1.7458868111892	0.997816950874079
-1.54710714320842	0.818651001502909
-0.774546637750342	0.272824155883858
-1.33696115979321	0.649441174598548
-0.668070011407498	0.330653177147534
-0.778324834347448	0.281190595186386
-1.73142015976653	1.01131662222403
0.0890579667362973	0.033974853528337
-0.582326450122822	0.236321093295849
-2.12679576746813	1.02231846801764
-0.831551373122705	0.38760207830276
-3.47120373928544	1.26404679883983
-0.384535507391052	0.11154654613173
0.136348268602553	0.0345664085091249
-0.282343009721938	0.0964628980921411
-1.2267427405703	0.715003308961755
-0.281365244471319	0.0944808105247056
0.62863464624452	0.200390435746801
1.27391171226036	0.571307984003244
-0.274663716555522	0.0883685107596507
-1.86953659665636	0.79318768552275
-1.16384354392211	0.36161718506419
0.629026947940962	0.200123508811535
1.27631559349219	0.563588098434142
0.628052171464467	0.195032713326623
0.088959810467476	0.0304843186744052
-0.161639909112472	0.0669577631851548
0.136634301514529	0.0339031274190082
0.993049930053797	0.3696754868131
0.762068746394606	0.328696223914444
0.932219305847885	0.255045940262424
-0.644456791948872	0.160363538964562
-0.276684700551298	0.0947597529242465
-3.09004997319051	0.995518691449303
-3.09018995116874	0.995203765786597
-0.588374362883891	0.237029586044192
-0.832600587084444	0.383883994484192
0.0821104383805661	0.0347978555253376
2.75416824794064	0.846257095565792
0.08865830005751	0.0307081857326401
0.13912064242242	0.0351082493440485
3.61816002247214	1.42235369631499
-0.163475265181134	0.0682437749161833
-0.130198731175855	0.0582213151244264
0.152245447049464	0.0306318775241434
-0.582592318833542	0.237008278804709
0.988740938203036	0.377100744798547
-1.08339514631258	0.44463102901298
-2.57741325633565	0.711746111074309
-1.16434110968712	0.363365772413315
-0.587680383007199	0.236957816983008
-2.12078553178073	1.01764181617077
1.72022660000563	0.932658249118751
-0.828599268085196	0.365040274716381
-1.86334011401676	0.787747470899316
-1.16453750470596	0.363272673512163
-0.578758516342701	0.233299378172666
-0.383639697125327	0.115605960560422
-0.544815665087554	0.372519324871847
0.0857445425783519	0.0482243409235714
-1.90279162503766	1.23133285512013
-1.08673021478986	0.459079468721275
-0.618561452807476	0.378480207588647
0.762068746394606	0.328696223914444
-1.04763933142207	0.538753364309602
-0.837156332296375	0.389771323832642
-0.455320096200262	0.198751449591392
-0.277301771229429	0.0951277141110843
-0.276684700551298	0.0947597529242465
-1.55236030615962	0.574010823700963
-0.768964640702391	0.27316634429821
-0.276634992473252	0.0950034649741594
-1.08706378584202	0.461189355309019
0.988437171883203	0.385675089722456
0.104301871851823	0.0308121201606341
-1.33248177107044	0.630033139927397
0.0804145019915688	0.0378095253877907
-1.89901854333443	1.25587212279835
-0.85704416003863	0.486583500103516
0.270063304776288	0.143111942727768
0.136833251350974	0.0345715512867962
0.470586167033051	0.172818763268529
-3.47139652358344	1.25630655783067
0.63623564212057	0.193412028518999
-1.16434110968712	0.363365772413315
-1.16453750470596	0.363272673512163
-0.649198572750746	0.160589550786309
-0.168370353767925	0.0698286307228616
0.629026947940962	0.200123508811535
0.109967775391788	0.0326203122944734
0.463494334149777	0.161904522873294
0.139320884730454	0.0345414157638451
0.624772770298551	0.193637018333257
-1.08197459667148	0.450745147906183
-0.133245618147022	0.0602223709372674
0.758406163476746	0.327834638337436
0.380556019456798	0.154530039605557
-0.373240753924892	0.178895111758964
-2.12045587777505	1.01482625123681
-0.870234920664427	0.590528907388383
-0.287711529004147	0.0945345415623332
1.50934618826082	0.756095966324632
-0.0996672888189345	0.0476531973708489
0.764135151573097	0.321977938256475
-0.772337113524779	0.273027647189755
-0.84974337719069	0.465684264668284
-0.719096157855118	0.433949453552922
-1.16453750470596	0.363272673512163
0.078549755451067	0.0302277775935757
0.0839257151831231	0.0321858227958686
1.42932002148632	0.469512819379328
0.108145347918198	0.0322624935588852
0.623493832958361	0.197795733894146
0.375753079833198	0.149678560024963
0.98934828530534	0.37488411380459
0.136833251350974	0.0345715512867962
0.381331005634845	0.152173718727342
-0.212790623761811	0.0798677140309636
0.0917168545886728	0.0490945155440266
-0.582686375074604	0.448540484546618
-0.069192844416194	0.0367147118377924
0.881334996849275	0.549363121035008
0.113334109630621	0.0335671328902194
1.71672614332397	0.97984557959922
0.47520845155246	0.174086333588503
-1.16064674237351	0.355992211759294
-1.86393431850831	0.793651432556514
-1.55219564218498	0.555882002221057
-4.02804360376898	1.7376863704843
-1.22485007964769	0.697902293639053
-0.26161103016165	0.144536532962622
0.11272462121937	0.0338915360792968
-0.687220363539526	0.627646787866828
0.370979867606706	0.254828389916062
-0.719720866523178	0.427392526816156
0.0979332492626369	0.0579895167436301
-0.235005304970235	0.13390387482092
-0.724467698500829	0.438002692598078
-0.3155033438447	0.163696479613603
-1.08804627817393	0.44898687554573
-0.541982668439869	0.375876105595003
-0.102507662292053	0.0495276232835323
-2.52193467612096	1.41691252856615
0.0890878940281072	0.0294569157750836
0.249647596535594	0.141609311072773
-0.475660605879713	0.26648794449583
0.47520845155246	0.174086333588503
-0.457634769832646	0.200116188108533
-1.39611796121324	0.891647565390135
1.02579044142277	0.741074058580117
-0.831551373122705	0.38760207830276
-0.832600587084444	0.383883994484192
1.00418546255125	0.48044602999446
-0.837472488599265	0.390914936767186
1.27759863398412	0.562869190073986
0.634955069123642	0.287579666346968
-0.82321536488951	0.359913736544594
0.753841776211526	0.317256639268976
0.323572491418583	0.144307556307601
0.630173248766104	0.20033713359998
-0.582410136202263	0.224548450646099
0.471558126062996	0.173900761007562
-1.33564948101927	0.630837530605689
-1.23270853965051	0.731122393318128
-3.09506174237982	0.972185375755423
-1.23233596718311	0.72732497520853
-0.40626796341065	0.250057632138203
-0.126451492506785	0.0555121446506658
0.130869343967479	0.0990503272325192
1.96280965535653	1.72818369934169
0.588054074359711	0.58033672690012
-0.171992307225719	0.124279653298226
-0.0459599593041797	0.0326395417139876
0.232744292577506	0.124830083666519
0.104210579773417	0.0672264528235353
-0.130337422386372	0.0819526752348587
-0.0719535731818553	0.037139131204937
0.106378184254026	0.0688292905468742
-2.04197790467431	1.41554470159604
0.0873344659121641	0.0473089553164915
-0.100720772110248	0.0479962867537674
-0.492476549852302	0.333202381584572
-0.581739818377595	0.455945071064217
-0.359918834000164	0.232474559929203
-0.62096599758441	0.396175485808837
-1.79272481739793	1.44992593780984
0.0886126883687481	0.0298207533161616
-0.313087535920654	0.158921724713567
-1.74053084119378	1.05741913182326
-0.86301421696649	0.454503405211772
-0.771027953763588	0.623407019234822
0.336249619477369	0.147929263446614
-4.02862861626916	1.80219055311043
0.0954933168858049	0.0340498269715649
-1.86363716845473	0.79391576598913
0.762753322642864	0.330192537114287
-1.08906362237555	0.434336886165647
0.994359354455379	0.360504487001858
0.0828485017606193	0.0317389914430046
0.326908188310801	0.14563529020708
0.328001837678443	0.147727029434491
-0.836137922732355	0.379627132974158
-1.55211305724267	0.571184138509822
-0.585514897417503	0.454200587717353
-0.376954284709216	0.180781346470262
-0.211106948679683	0.080523701675579
-0.518886842757766	0.497524873133166
-0.120923877035711	0.0923858578012977
0.0721581347718568	0.0560844421981544
0.134481554372036	0.110956867610416
-0.847444086756457	0.859475808101763
0.0732908731095739	0.058489950122761
-0.459190753999346	0.364879137931395
-0.655805020325299	0.488638473376327
-0.199875536821093	0.142424931515071
-0.0583702283882561	0.0324185509659121
-0.435551874525522	0.404395152708826
0.490383572299818	0.355900265709019
0.5712962769312	0.376332309090791
-0.319666546802317	0.156433705381136
-1.72983633317976	1.7893601578503
-0.410040613552997	0.342836604474283
0.229438512013716	0.160247451035022
-0.065299383519311	0.0354001360982007
-0.450828873061525	0.367920398988536
-1.67673103144984	1.27174932188743
-0.0591802775054814	0.0316043221692091
0.632688485868193	0.200095400279662
-0.272694404070429	0.0915304967469286
-0.383639697125327	0.115605960560422
-1.16913752538967	0.360776495986612
-0.64474353145812	0.160333287038353
0.0765368310439824	0.0322060033886697
-0.377086344621466	0.170211951338616
0.13912064242242	0.0351082493440485
-0.233415045973321	0.135077295396384
-0.707602933618322	0.395984833490795
-0.155619523582788	0.0950659888697085
-1.22957652561505	1.05242369925712
0.0352990857832544	0.0240537934248468
-0.306568122311667	0.158645424870862
-0.623390461409822	0.40140560036881
-0.986411497966029	1.06440542423732
0.0532378497464187	0.040111458850909
0.28613325830276	0.261233008047111
-0.911851795825381	1.08215201370365
0.136319874150966	0.111878537145479
0.130166643788705	0.10175426963069
-0.377683600334258	0.181399366735751
-0.273446533613748	0.2366567669331
-0.0111488206859841	0.00649837703169256
-0.681209791461921	0.575808371977789
-2.04414387871616	1.41817240324249
0.0245767657341604	0.0161767052782141
-0.247466877040209	0.195956356737475
-0.751436830844639	0.546563993642612
-0.620300494575922	0.553679339195508
-0.584352348847897	0.450382790934014
-0.0664884283343065	0.0360393000629526
-0.114739546980255	0.0531112502269341
-0.400869773907239	0.240892667009566
-0.985986409271961	0.823703643099694
0.873093930911702	0.538445656450126
0.988437171883203	0.385675089722456
-0.455301758449214	0.201470073381461
0.334332700554971	0.150151403917833
-0.369982308274728	0.177296505494586
-0.587338085442463	0.237296278478138
-0.876447840119907	0.682643549451248
-0.0802308306775919	0.0412341244463513
-1.90416657819476	1.70684567080354
-0.317422037326388	0.236056063623041
-0.837156332296375	0.389771323832642
0.0773217717706637	0.0384173904984474
-1.32967603223483	1.26144552097115
-0.299416342327363	0.146156687101175
0.38873756734319	0.357645649738573
-0.112883971468875	0.0847560958882791
-0.457964283669916	0.506475425258789
0.127010766010884	0.103803328397496
-0.567568815386375	0.537971948980899
-0.873198958055947	0.706055179396411
-0.0772483248365417	0.0510240148444825
-1.13465032783585	1.17652354689393
-0.269856521131074	0.25091429407168
-0.420503571288653	0.370440116381791
0.0964177719354598	0.0595186654228671
-0.859291164093929	0.833202477792382
-0.243281559538065	0.183127807749148
-0.474004133330984	0.337436100997154
-0.435039265604869	0.381486858791131
-0.313918181353113	0.210054124911189
-0.349239570174641	0.225684515751759
-1.23752172700984	1.05149746333557
0.0832076686729771	0.0320934434977448
0.0788824666908077	0.0301855817441825
-0.82862840261743	0.364463363245898
-3.47584945193512	1.2298753457669
-2.12679817359718	1.00869394798212
0.078910897175815	0.030257442536634
0.078549755451067	0.0302277775935757
-0.151404735268988	0.096307993074657
-0.106590167598624	0.0706436571709646
-0.417655522685134	0.304669783908887
-0.0864883162234928	0.0447381565031945
-0.686459907226402	0.564136452250971
-0.579407765199034	0.443653319626128
-0.374835598209988	0.1799609669057
-0.0152449408569059	0.00909343961737819
-0.383057352823986	0.395596726937984
0.130365950278732	0.101765052525204
0.132515042798512	0.106481822863147
-0.521640370904706	0.404740372106727
0.0934295220355045	0.0506169753977568
0.232900699240326	0.170275824342327
-0.264136763825967	0.184536973912345
-0.352261051712328	0.226919806884834
-0.472145386029253	0.272121293466956
-1.39616754892044	0.915481616722099
-1.00224771112339	0.747646928149669
-0.306974041921737	0.201327804036348
-0.312872432933539	0.205388882505956
-0.542430860520665	0.359936764295609
-0.928043316202636	0.99255298187557
-0.141446937466483	0.102702566165098
-0.535991092958995	0.530611655946984
-0.75060553124184	0.522528743513852
-0.758525323203489	0.533703021350889
-0.478202314321441	0.277607949542922
-0.683449711308622	0.320193213893859
-1.01729558384936	0.648875186218128
-1.3376532190989	0.627532708408839
-0.388913619100522	0.114726527739861
-0.382742830406048	0.112824490517523
-3.47139652358344	1.25630655783067
-1.04265934740411	1.0343492505977
0.57623928013744	0.390104812348185
-0.580665673648536	0.435912958129082
-0.911908653748053	0.982505164034318
0.125423140965212	0.089164967941897
0.20490530128578	0.182054234628004
-0.225620228779016	0.196597875004733
-0.991023809640864	1.06654591651644
-0.225672059741249	0.152317114906108
-0.835892898767028	1.01522535133338
-0.459031580298166	0.201338304715753
-0.543692030893704	0.560597107016124
-0.450743772951597	0.357988532964539
-1.29937733764353	0.996046811958378
-1.52786087528638	1.3866914225882
0.118599096476131	0.0799715316483582
-0.440784983917381	0.376374973945614
0.0745928363450282	0.0333912536940235
-1.29957260453191	0.983714774672541
-0.837156332296375	0.389771323832642
-0.192443865372373	0.113786398743825
-0.578413008262629	0.227503737528196
0.0791129793369749	0.0392962147990802
-1.00270066188625	0.748936123858862
0.130257820903927	0.0932727862857417
0.220960579298091	0.18493021763304
-0.0900712076389844	0.0702983354599744
-0.0591809685338597	0.0408425859719673
-0.291146048731254	0.245877977215089
-0.866500117667434	0.579009028456308
-0.157504495709645	0.100076086839987
-0.221165861905832	0.130277747607221
0.080964547698938	0.03651452908634
-0.0629478285216106	0.034248792181855
-0.754411595173391	0.541153160694138
-1.17268305629604	0.801943639117937
1.02695841968981	0.614055978278227
-0.668441636504229	0.33423920798284
-0.487429487570254	0.432103143975928
-0.265955269214588	0.185909946579823
-0.369982308274728	0.177296505494586
-0.194270927442639	0.140192100166505
-1.75214394912804	2.45515611274512
-0.120781110080282	0.0523447439948468
-0.10797269482489	0.0522092462005449
-0.12945904653528	0.0817584526066253
0.212963114322007	0.211554775859026
0.122497213306366	0.088021267993154
0.0461762200885112	0.0341966893986844
0.30328358342584	0.260446329114959
-0.0731940505178323	0.0578221757915954
-0.510909482948682	0.38015920068611
-0.0774176554084179	0.0506554795219064
-0.408760755002598	0.255984224548601
-0.538353994018447	0.357888481655876
-0.978866818360585	1.16458561969615
0.0824651268406789	0.0414143866107255
-0.751316457448529	0.539005719220889
0.608171592721025	0.676139557629172
0.73151190585776	0.732719954422736
-0.85705174529138	0.815696129584971
-0.862677717707661	0.827065138962652
1.32075759148841	0.957013081584222
-0.223981676947823	0.132595912558784
-0.195358425260522	0.118069741260879
-0.769613083617582	0.606629426049799
-0.41483837802303	0.252359001508674
-0.174382602085103	0.127161015568782
-0.705494698673681	0.701581663566289
-0.323480037513659	0.245320249447832
-0.268394360742426	0.146175575400575
0.0954848456739932	0.0586334768927855
0.0798387425049613	0.0334379356394777
-0.872807419177421	0.684851671648084
-1.02043076606287	0.651049406220461
-0.266533678289339	0.232257846501928
1.00457828603554	1.04748188883141
0.498220215329699	0.366277881528078
-0.305511933905655	0.301573852641499
0.329837608865412	0.266365062736581
-0.402400426143889	0.362200949170303
-0.455639333937152	0.369435219572243
-0.182237442514699	0.107250813862406
0.00251456333549259	0.0017457215086006
-0.69753178253676	0.632006910343654
0.0797221892994598	0.0361593730149772
-1.00180703282678	0.734212279022951
-0.153176204024981	0.0977786857943151
0.54339591485552	0.282131304679604
0.709861908200126	0.522652332840345
0.079472250656542	0.0427939019975462
-0.472628798559335	0.327012259406675
-0.260861016268207	0.144315583531374
-0.536156385254376	0.364123381755841
0.0876427850306642	0.0337995574491269
0.282951993896662	0.138558173795041
0.580464764200203	0.389568972069208
1.18045960316981	0.784871198175197
-0.465784705296822	0.324423012379089
-0.217425576989096	0.0812152126191236
0.00129112927735097	0.000729465506111075
-1.53242819782478	1.07351267352605
-0.307308284549915	0.152748236751054
-0.480972637242584	0.275861483351014
0.294760854008923	0.144625061432868
-1.02117211333198	0.648720412621499
-0.676002572142441	0.552996313025087
-0.197828220906117	0.157986176844261
-0.1235102987729	0.0938731865948892
-1.19075419800525	1.51449390320207
-0.150803255358985	0.0932464046090794
0.830919471090749	0.686465085610143
0.220240464328127	0.164017565978695
-0.322230289079603	0.244404767897192
0.0418085100352881	0.0285607232678179
-0.228999881486536	0.133792177981359
-0.187989133885732	0.134183466047285
-0.789805154943665	0.790437929275325
-0.770187774682664	0.617555295268723
-0.228206648884957	0.132832748858399
-0.222426789709874	0.13075992284792
0.778697382730825	0.527869002067604
1.53899562329144	1.77795637131854
-0.464060261831589	0.205840889385363
0.721138286095684	0.42144673789524
-1.12165105001934	0.908971427622037
0.0881361375493118	0.0292998082416634
-0.350638828036739	0.226061571521091
1.2830677228141	1.08803465792577
-1.74017447589642	1.05780330882796
-0.879761815636436	0.56395201195605
-0.226945986995315	0.131105190061105
-0.621928320637039	0.409013545119792
-1.22820342418218	0.723606608904445
0.633176179060399	0.291358702487406
-0.388524281071859	0.113651694161061
0.0812500425478398	0.0404532157813421
-0.408715800576639	0.2450840106354
-0.994416714822717	0.734215807028763
-0.662056892989237	0.316938207603885
0.0887657187297698	0.0401855491149735
0.233188202953478	0.141589808667126
-0.0546283866082016	0.0301838115808592
-0.350638828036739	0.226061571521091
-0.320866997244333	0.159504451856554
-0.186582040394897	0.11293581732217
-0.545134883604467	0.37595138170031
-0.359239424443254	0.229644425990055
-0.721129545259885	0.429881515323729
-1.16813490908968	0.796801532491352
-1.22857282770582	0.721756105499941
-0.185563931164726	0.111961280127119
0.479548186754511	0.376705117707384
1.88857571356256	1.99824777921782
-0.20451699618563	0.0738871361042914
0.267515777541261	0.140588594563026
-0.106249476285222	0.0519847710418037
-0.770731642049985	0.670582033213802
0.889596245077217	0.559871280541434
-0.10378687287039	0.0511504754902628
-0.751775712713001	0.544876760343341
-0.129258063037419	0.0574597547637242
-0.212649425975371	0.0803678001222219
-0.881945227082761	0.664070477287677
-0.0789156844793276	0.0406956313426834
-1.03958316343186	0.544312522190088
-1.54318437687353	1.09808022418062
0.0814493871837749	0.0380878657189707
0.0808908079544043	0.037161886080287
-1.56382548390365	0.547731129930814
0.385327062863562	0.157413748425412
-0.0888364467765047	0.041533299927043
0.0886978832563985	0.0501568870644237
-0.311905704185319	0.159293801259106
-0.404889533648784	0.248336396631739
-0.516634508247619	0.40659723056603
-0.311502908008789	0.156707682067927
-0.383788328500423	0.111456697833889
-0.212475147333232	0.0812277568732332
0.134616412754157	0.104666495910147
-1.86363716845473	0.79391576598913
0.0859255174564845	0.0401943866250474
-0.406001012285546	0.32698031237836
-0.464419992602215	0.204504882138832
0.632942498699066	0.204573630547874
-0.463002991241101	0.204105376812232
1.78767455359426	0.692165512168414
0.542274488031622	0.282388833713572
0.383359910631733	0.152535608099115
-0.463002991241101	0.204105376812232
0.987526987507254	0.374720153749486
-1.33592376037565	0.643426082677713
0.0868047819932	0.0369385014057618
-0.67441473256222	0.342262346882217
-4.02950684203961	1.7801611119809
-3.47604583390962	1.25550007339713
0.331816825929678	0.149312592186759
1.27101910354351	0.545723442260656
0.08865830005751	0.0307081857326401
-1.08201327846135	0.457159153484861
-0.128425750313738	0.057934893461743
-0.601399701284867	0.504453213750678
-0.260566495414237	0.142919931671508
-0.216736732685932	0.124730394453574
-0.102205887572463	0.0490123620850899
0.0883979150676874	0.0304175841008149
0.0812194537263506	0.034455943121804
-0.774184655261557	0.6234083877719
0.380711528877485	0.155184266731623
-0.463722703840727	0.202865643960266
-0.158996768606754	0.0664311811619607
0.226911843546259	0.136817924901595
-0.581018039230886	0.228871362972492
-0.641021202049056	0.160321009867905
-0.03984009837126	0.0226955353441878
-0.308169039375719	0.208834367098987
-1.34735884025821	0.628382758674526
-0.131670694977848	0.0596615156842541
0.752459567954489	0.314442676995216
-0.37410664187599	0.180212603095466
-1.2338032644819	0.712461064699444
-0.86498676276562	0.570469428673179
-0.582410136202263	0.224548450646099
-0.221481483268638	0.0819651149205902
0.0775868325044095	0.0326921894352927
-1.55741644740676	0.568466145284189
-0.486144753244405	0.563437722291612
-0.283750944500552	0.291747726869285
-0.364881253539606	0.169639133069034
-0.21229849705414	0.079071352515853
0.619726157692025	0.278882148659869
-1.55782169733685	0.571216275044972
0.932219305847885	0.255045940262424
-0.0979732358165221	0.0652495499664139
-0.831901025691653	0.388698435265152
1.79139525720363	0.673310688378305
-0.376774214777843	0.363746902509577
-1.12116082646163	0.882347674037752
-0.276039045143427	0.0925585074732555
-0.0622185040929808	0.0339853731129845
-0.67106055108911	0.337867396631509
-1.74016749130919	1.01270406174739
0.619987267656234	0.284338809014822
1.78988491260466	0.691776128554299
-1.55236030615962	0.574010823700963
0.112420137081601	0.0337869998743869
-0.646191836651531	0.158188054630626
-1.16434110968712	0.363365772413315
-1.08039361582286	0.44490351378498
-1.55194761890526	0.568220929644301
-0.582939776540003	0.237028595876618
3.25270378122438	1.14110458628734
-0.269002383623363	0.0885719313110814
-0.646191836651531	0.158188054630626
0.630312326249084	0.195889657045268
-0.383390015188303	0.115591315602105
-1.16364660284969	0.361708993807529
0.513215275285718	0.563416911607638
0.319640580328757	0.335928563086703
-0.772950225831393	0.280195713927134
2.75784933360841	0.826749878187446
0.112114865728904	0.0332945117013381
-3.09004997319051	0.995518691449303
1.2772613973147	0.576505605197888
-0.366290391015299	0.3064138500498
0.152997495098684	0.0306362187597192
2.75497641146614	0.823010688280342
-0.0524130656398398	0.0362724949211939
-0.262066466605573	0.144173827111698
-1.23203469607538	0.685192547316013
0.932074438006684	0.254855397135986
-1.55211305724267	0.571184138509822
0.630173248766104	0.20033713359998
-0.644600139200501	0.163557956970766
-1.16414477326082	0.355714622696977
-0.833821964614586	0.379263109080952
-1.56382548390365	0.547731129930814
0.130611000572378	0.0331668723838655
0.375093019558827	0.148557717557637
1.27063922612762	0.557828803801788
0.629026947940962	0.200123508811535
0.930463351747685	0.245433611335447
-0.644600139200501	0.163557956970766
-1.86860867879126	0.785807806473197
-0.383639697125327	0.115605960560422
0.0825361139921972	0.030949475127864
-0.272338895978974	0.0912266723684106
-0.154209852485237	0.0628168991453196
-1.021497849399	0.628499530646359
-0.162419514523295	0.0666231020665539
-0.481895936606287	0.418581166171636
0.0697471625570147	0.0542358593402796
-0.67062124750041	0.337794490389889
0.471558126062996	0.173900761007562
1.79230657733309	0.68328928895943
0.108451423290579	0.0323086904677901
-1.55211305724267	0.571184138509822
-0.0420221747932596	0.0242301666172144
0.0890075283980982	0.0307071946025054
-0.410730943096772	0.300105730286513
-1.55042203659435	0.847068703231414
-1.86334011401676	0.787747470899316
0.229523490269929	0.136214389966579
0.0833414077153053	0.0319424712511074
-0.457651767568156	0.19772254522146
-0.21251169202595	0.0793888361274501
-0.383140411975639	0.113318717313815
0.140006786138873	0.0346674416600826
-0.383639697125327	0.115605960560422
-0.837823719360405	0.390895338956879
-1.16404054379232	0.353995090957223
-0.644023842179429	0.159615559955847
0.147239812931933	0.0294793108903463
-0.718472439469378	0.416098898931134
-0.319819878444855	0.161673066027401
-1.08639673108412	0.449979433985566
0.147987984739175	0.029487788401055
-0.382993135512967	0.112841197824569
0.720711606880924	0.423026542946313
-0.772650360071768	0.28161086287881
0.13912064242242	0.0351082493440485
-0.643736072788252	0.159645094922541
-0.383390015188303	0.115591315602105
-1.16344972055374	0.35414352126096
-1.55211305724267	0.571184138509822
-2.58214966292689	0.711901044511174
0.446719085518669	0.457598725260255
-0.263457361427736	0.269820511902485
-0.643879934910744	0.162803684869529
-1.86983839331509	0.789102546177122
-0.00962560948793609	0.00580896387185607
-0.76077663878067	0.604054008027181
-0.851274555817817	0.457376265006427
-1.79013283872263	0.436855011092279
-2.5774920455983	0.729030786562669
-0.383140411975639	0.113318717313815
-0.773563593084493	0.274619250831942
0.13912064242242	0.0351082493440485
0.152245447049464	0.0306318775241434
-1.79013283872263	0.436855011092279
0.632942498699066	0.204573630547874
-1.86860867879126	0.785807806473197
-2.5774920455983	0.729030786562669
0.101019953263342	0.0293082533789564
-0.582326450122822	0.236321093295849
0.0779409668376329	0.0291452125968568
-1.16982826158469	0.362408956042196
0.152327357171114	0.0306528579659354
-1.16364660284969	0.361708993807529
-0.778935312785854	0.275631344923444
-0.779239117339733	0.275630292093549
0.112115552991114	0.033079903729336
-0.644456791948872	0.160363538964562
-0.778629286952523	0.281185357772247
0.0893566620071705	0.0302761945735296
-1.16384354392211	0.36161718506419
-0.85344915031618	0.864419695891835
-0.513685262162439	0.480396968152882
-0.389167621040152	0.116399518745081
-1.04399472505263	1.32586655169934
-0.185563931164726	0.111961280127119
0.0883379154858361	0.0338904032122791
0.10936056423864	0.033114486226835
-0.772036605904159	0.27434150069079
-1.86423156422362	0.787011119700427
0.550249574120139	0.271566424172021
0.38537065282944	0.157114309054217
-1.5580733097088	0.571102626716349
-0.769882178885387	0.272223114165061
-0.208199450892353	0.0773612910786454
0.829995298970839	0.440995699981677
0.11272462121937	0.0338915360792968
-0.649767950105499	0.161285975344674
-1.04298062376915	0.547548917531906
-0.210441154362998	0.0798028746341087
-1.86830643364414	0.769883787451061
-1.39469700618806	0.884531340638753
-0.831201805920294	0.383972556080559
-0.778324834347448	0.281190595186386
0.097590597968145	0.0598901777533923
-0.31119830293614	0.160953176714204
-0.357221003882205	0.227890109763108
0.633538341721262	0.293214439417179
1.89555969215859	1.15893425519434
0.130611000572378	0.0331668723838655
0.152327357171114	0.0306528579659354
0.152245447049464	0.0306318775241434
1.42794349730736	0.469903091949021
-0.167277393637964	0.0697653288883947
-0.837823719360405	0.390895338956879
1.26856509285867	0.552284482921969
1.42495176944544	0.478712624316164
0.474565974965902	0.174050129956977
-0.211458004445709	0.0811563578849673
0.136833251350974	0.0345715512867962
-1.79013283872263	0.436855011092279
-0.644023842179429	0.159615559955847
-0.621306826217013	0.571669263227191
-3.09018995116874	0.995203765786597
-2.58206767360866	0.711917716062975
-0.53741315448737	0.365447167555599
1.18706041353381	0.80148602684043
1.00216102835779	0.483448412392558
0.109662775053552	0.0332182651584632
-1.55194761890526	0.568220929644301
-3.78001959778906	1.52181968530488
-2.5774920455983	0.729030786562669
0.623493832958361	0.197795733894146
2.69388820140928	1.57498670563221
1.51004581880443	0.758035302417278
-0.778019720486838	0.274044482689998
0.10936056423864	0.033114486226835
0.633196430611261	0.200485458666901
-0.575274982974497	0.2097264014685
3.25192656134628	1.11356513303126
-0.275192800546319	0.212445267523178
0.3979461454973	0.254832859898281
0.138920339964302	0.0344276615792457
-1.55384981452555	0.54906939812391
-0.581018039230886	0.228871362972492
-0.619910170293118	0.393120185057627
-0.157563906830523	0.0657021292271579
-0.719353530348256	0.430064842851534
-0.281394682143897	0.0939413830942032
-1.54939903807325	0.81705082349593
-0.0813475232505869	0.0414751942930028
-3.47120373928544	1.26404679883983
-1.16962817192308	0.356875386553442
0.32918114794808	0.147928533811648
-0.583287327537592	0.235338619146458
3.25270378122438	1.14110458628734
-0.586644064113819	0.231822286732537
0.0841205270671578	0.0388435950334046
-0.208476393566103	0.0783708850945527
1.21251131943899	0.684337894817016
-0.383390015188303	0.115591315602105
-1.55194761890526	0.568220929644301
0.0837064662631174	0.0288114799617396
-0.75185811882772	0.52767865603921
-0.282343009721938	0.0964628980921411
0.62992151264779	0.204453168240212
-0.16870918895059	0.0700443009593256
-0.309944960059088	0.210831108303533
-0.262840397380931	0.183844212964755
0.382036557571989	0.156497220770852
-1.08197459667148	0.450745147906183
-1.54863953409435	0.561663214860531
-0.644456791948872	0.160363538964562
0.762417410319734	0.329143753734825
-0.272694404070429	0.0915304967469286
1.27327103336419	0.576441603542615
-0.376557313373551	0.179115732527582
0.633677096900353	0.381679825412682
-0.383390015188303	0.115591315602105
0.091937540093905	0.0314691281586567
-0.388269648981461	0.112081537011745
-1.39060575159044	0.900107058814824
-0.582939776540003	0.237028595876618
-0.64474353145812	0.160333287038353
-1.34631747303121	0.616797896916792
-1.30875581277586	0.922085313811971
-0.469087495160523	0.20084791930846
-0.769267410555053	0.271859192640099
-0.773862914801316	0.269192695785966
-0.717254165610424	0.432927611143602
-1.55007399291297	0.842708937923856
1.42863181046749	0.477492125110696
-0.769882178885387	0.272223114165061
0.131493175741787	0.0326935192001207
-1.08370889437202	0.447242016932699
-0.158996768606754	0.0664311811619607
-0.389167621040152	0.116399518745081
-0.83779636723803	0.373383585324206
-0.553079569028435	0.299600344692254
-1.07772515013054	0.446297540699
-1.7355332239676	1.01267474015124
-0.836804997426992	0.389790048793096
-1.5516996734188	0.571325966800664
-0.372513912298309	0.17827947080084
-0.772650360071768	0.28161086287881
0.932790044800162	0.249112741186188
0.153079928794189	0.0306572399262932
-0.0813475232505869	0.0414751942930028
-0.552460174299654	0.291945218516824
0.136348268602553	0.0345664085091249
-0.276350796827927	0.0951215727245618
-1.04939959386552	0.554002440356311
-0.374358905457563	0.178251175398493
0.296106886509408	0.144240062210095
0.381683825664064	0.155498649868734
-0.359026865306603	0.271742731955881
0.372145246007013	0.249244508043484
1.45910412535604	1.19022677238646
0.419122199490242	0.366543909081819
-1.7398257691815	1.02345897344999
-1.9091384289691	1.75086375850552
-0.670250141237991	0.337777282888667
-1.22894234296875	0.716411770230843
1.83198945857047	1.46697244871632
-0.541968274895277	0.361058460640133
-0.768776995329673	0.604742397964228
0.226990085347475	0.147336569948369
-0.41154402026946	0.246537461561466
-1.39986993637731	0.890470300161688
0.270605680047656	0.14038598969106
-0.670307927250693	0.337817429778195
-0.753276496166074	0.536991653671227
-0.981691706707409	0.848884296291353
-0.470063346236341	0.332662502465863
-0.861600460413083	0.576843034435111
-0.12986701018738	0.0564999698961076
-0.215338743901026	0.122252321867935
-1.38615626721059	0.888972040298144
0.0077530084951818	0.00502858595742593
-0.193033705749128	0.117693019489981
-0.409502217278578	0.248325180508314
-0.621016373422179	0.410739042687773
-2.35047483251493	1.21360687521018
-0.617829834615151	0.396973669028326
-0.83225076366592	0.387542306425686
-1.04368253450741	0.549142122263132
