x	y
-0.786335725108224	1.05680811566571
-0.0824392363174959	0.0566110788834161
-0.015954908849172	0.0116360360526096
-0.753154344308689	0.548038218346681
-0.355587626749747	0.230432260162705
-0.305724520169273	0.307193263166569
0.0137103530060102	0.0103974006968106
-0.211846135065509	0.2189168778137
-0.0578759457641514	0.0459383102654979
-0.655041167309608	0.818696453769893
-0.712475881254732	0.985615980246018
-0.301120335766185	0.333955874598884
-0.216370880816094	0.171330017442621
0.0304628370388905	0.0206792241083278
-0.256051741716362	0.209240096563445
0.256943321378171	0.301774563711288
-0.0396369905913425	0.0360257295885455
0.297145632921866	0.345343676989597
0.150628461391504	0.148965651720427
-0.3677757210255	0.329784513398377
0.0336434002506389	0.0225036937649182
-0.686546885389481	0.750086368722075
-0.0413380630278131	0.0235233513472476
0.0927548347058586	0.0794480813788063
-0.617138123459939	1.06953312284832
-0.0922473474118725	0.0902960474148853
-0.30089635864066	0.353067372109854
0.085941958400554	0.0815055692371767
0.272778584589666	0.255137211608779
-0.364007243156909	0.306678268904166
-0.409734820715345	0.433857320750715
0.163852487861251	0.170277901058729
-0.357288244372254	0.336470989628271
0.0354639738216075	0.0332290513518975
0.170998856140368	0.204220969284541
-0.666576751178987	1.24871029765229
0.084472742602602	0.0803575944104409
0.211695131683302	0.212196362887042
0.278972301393739	0.273902250085347
0.0875861615172354	0.0775325894080003
-0.423872497202216	0.434586234557873
-0.233015746661399	0.165524066537887
0.213164794440009	0.208792492844181
0.0197779386198613	0.0160691029580454
0.122572826663584	0.124230924192479
0.200617850241778	0.182837839182178
0.329016339236536	0.406738909997241
-0.40079520915534	0.449907118919252
0.281072648058933	0.25315696551545
0.130396474132843	0.100716385695981
0.0352757946317594	0.0334618076439662
0.085777965843461	0.0904107964451166
-0.260893470728509	0.268835576278107
0.210622001362223	0.171206369620839
-0.232162452698371	0.263649324751301
-0.249883650591763	0.194601448387669
0.6361902406969	0.690916814689943
0.0683006529153223	0.049647180958163
0.261559760206783	0.274469912543581
0.0625138008684503	0.0470729826608608
-0.971564266612585	1.13179936096773
-0.303932425270824	0.422476729661858
-0.121399345140755	0.121592817522565
-0.261071852879793	0.280963128865438
0.447176924178594	0.61767070550476
0.401595206254526	0.410382900662605
-0.0874300909729084	0.0686491839682832
0.0703250990036341	0.0553561910494633
0.491560813365942	0.548218479691402
0.214992974320862	0.18271241437583
-0.146055369027177	0.0901717185830539
-0.291140904727987	0.26947419423726
0.146878825184093	0.121374607522742
0.018341068579353	0.0143104556375597
-0.12299489392042	0.108428545662697
0.136445199067704	0.109166832832887
-0.249787937464142	0.31997953887489
-0.492779245684315	0.72444867203222
-0.511076334456797	0.584300218543983
-0.000566610713778816	0.00032071874537848
-0.145731313463184	0.118199923899051
-0.514096222533351	0.588186606792952
0.828525153423077	1.28806963724749
-0.0405645153573811	0.0366380238543842
0.278186453902771	0.269857144081551
-0.327618143266603	0.349394306559081
-0.131543880846848	0.131254515365283
-0.308477359248698	0.286845101778966
0.034111375500246	0.0226973585274024
-0.100451912399224	0.0751498472836193
0.371444779550434	0.341854151283577
-0.114444711245421	0.09956590932875
0.990719830557182	1.23965818121678
0.089617156801625	0.0799935368025006
0.132197038561031	0.0998368499233181
-0.253960413423447	0.201934256403251
-0.315896024862711	0.261772073517395
-0.658772965960689	1.01744937968594
0.043574140211376	0.0440282824700493
0.434386555331164	0.753248279640636
-0.0636869902242489	0.0634563573337752
0.0974211393302095	0.117661646873374
-0.518806134653599	0.786608889123932
-0.31845254280121	0.440058557359142
-0.710602203742059	0.929721380660587
-0.394928353426218	0.453316534689948
-0.69796906112612	0.860928546235897
0.216746390090238	0.24075274467187
-0.0200328025207034	0.0143882111701738
-0.233761628991187	0.256213892615393
0.72238153962197	0.977542352893232
0.345980169844318	0.355562180420104
-0.101116470391799	0.0764377015261076
-0.281695150884873	0.322226489269938
-0.504571637772826	0.550544290479384
0.152472269594653	0.154451921999109
0.196971720040962	0.199349713141906
0.0817929399016831	0.0700297763346759
-1.00256180865966	1.69866724240486
0.0277833347203278	0.0269233263474863
-0.0859444750653156	0.0844582379250759
0.205642352146886	0.241899294839388
-0.0764809541102684	0.084070676863349
-0.0548387456422905	0.0503464194757527
-0.167163175508369	0.200624482540744
-0.423774757535832	0.517834532905704
0.11117746475639	0.105474695830657
-0.103503159374631	0.0803885028170907
0.203000978756359	0.201841139542138
-0.208533732669786	0.212907462400982
0.00430525233018591	0.00311876455073829
0.265180302598257	0.277663051116526
-0.442098931439558	0.400586145679766
-0.0766032404341637	0.0604821773384536
-0.368574605134001	0.276942083151973
-1.18480487276534	1.76671577870454
0.594770998116455	0.883917312847409
-0.647073745980245	0.721487983414821
-0.129222180043024	0.111375289884465
-0.543915860977978	0.53910560353323
-0.300114595414555	0.270836457006477
-0.411118090085115	0.435297274814404
-0.707911828997359	0.930980964707195
0.0244671821710672	0.0225708711023317
-0.443190192514446	0.649819408543398
1.10026761259337	2.00318309093016
0.1013784990002	0.095069376278767
-0.460615371730351	0.672695854186207
-0.37836684768827	0.465797734994749
0.158440313126723	0.162104235784824
-0.407756885064542	0.401479000925176
-0.256710999785298	0.2254565669174
-0.459010639627273	0.431269996304514
-0.226344676519052	0.201095323472529
-0.00283803079807984	0.00249807569626693
-0.550675799741333	0.701941022357191
0.248855231872496	0.320782862261401
-0.12359937508019	0.153353235188583
-0.200843991546507	0.163379583543433
-1.00872572928155	1.05570062539387
0.349559619994465	0.264169713259066
-0.358538206996378	0.299398509067454
-0.90164075053267	1.10015668029812
-0.409982610272382	0.297873633642505
-0.284331523790211	0.266602435085103
0.177118238863104	0.217228523101349
0.137453838530458	0.179962846158193
-0.000432019026012459	0.000449553015651915
-0.359376328964234	0.297925084806214
-0.0236728950993075	0.0169060543417249
-0.104171999767317	0.0496296226657967
0.605125571824066	0.488429962605973
-0.0226634667756858	0.020501347967442
0.0309312229212233	0.0265745941151644
-0.0376683791196009	0.0425562036191194
0.0897999798888216	0.132168184095814
0.0152731535741224	0.0171148571937163
-0.0134239859453359	0.0133142978025144
-0.137571613965249	0.159223190715358
-0.781153608086955	0.80246330092885
-0.306859182307747	0.203847761922159
-0.315067352396243	0.162791543166072
-1.86393431850831	0.793651432556514
-0.564661439684765	0.296725352681374
-1.01198726434444	0.607551839888232
0.867005381872735	0.774079504178559
0.167308780531049	0.187136525796409
-0.0251720813130461	0.0355268267444013
-0.298332919364724	0.576675807801658
-0.316852099725441	0.310826418834385
-1.41706063349769	1.15092850760715
-0.274114925304123	0.146931541763604
-0.668441636504229	0.33423920798284
-0.721920590929065	0.42555350808298
-0.603209855953409	0.518114991379895
0.294554656482073	0.264116185714787
0.316942299605019	0.361060936332278
-0.136006999932493	0.14843387808253
0.205574401583616	0.327584427266322
-0.338782521107093	0.443977138527215
-0.691693284750676	1.16930011767271
-0.159515191150231	0.154012147277595
-0.175397159274607	0.129006173089795
-1.04565286324142	0.537240177140695
-0.0316726392131179	0.0180660793907268
-1.11658883690223	0.839185934243737
-0.48226318312057	0.268143122070018
0.528561417430216	0.36775608132221
-0.222128261477426	0.258399907412359
-0.416546343817047	0.928981423331449
-0.355991405543521	0.721921620688613
-0.162411211367195	0.0993184394762537
0.757164926038896	0.318417479052015
-1.22373606629421	0.714242644599636
-0.761048894217746	0.539097346454809
-0.857776848124829	0.490843937842596
-0.71220979663815	0.418938243960795
-0.0160792106732641	0.0136779329270977
0.256348250109584	0.305540235813325
0.923166618523025	1.61747570797445
0.607064022229763	0.75539425725321
0.258271348921427	0.263218584474233
-0.0853613908106113	0.0708511436697229
0.211577108391412	0.17820614960423
0.11240979272214	0.107721614401124
0.530700547431085	0.615645425919515
-0.0053827648987436	0.0039386102109501
0.217864337103673	0.171853990814605
0.255950850576175	0.251904467452416
-0.0592967368510142	0.047362270997753
0.362284790163806	0.405601266924084
-0.23161365814036	0.207331473700542
-0.199980914014434	0.163321188863099
-0.621549694878329	0.705250701233855
-0.400301518571341	0.416970391626248
-0.591491877903844	0.660501501213335
-0.313121647178746	0.376907085873464
-1.58373305863475	2.41446376584625
-0.102721005353501	0.0874698037699587
-0.305335818709753	0.303176404101637
-0.564950707451552	0.618982951724347
-0.421934858228645	0.398344262731382
0.0296319082872338	0.0279488001340966
-0.43951752078867	0.489149727570891
0.646057372384326	0.829225247662651
0.220559932712656	0.220030442184936
-0.188506507562237	0.183467154474148
0.0432570182974492	0.0312047615875723
0.407831991279717	0.43500875847895
0.605111584326409	0.835798996426149
-0.108507082687446	0.0933128777304342
0.849654670765076	1.32838357692444
-0.780935602526107	0.912954980218514
-0.170663894986316	0.143034656206342
0.855361635231923	1.49553654374423
0.405017599464939	0.525038808060595
0.514670043395612	0.708296847920042
-0.577215917231866	0.69790251351432
-0.188045026511393	0.186557230699134
-0.101206787489212	0.0969688865151593
0.299652050828597	0.365947127328859
-0.283080960530388	0.431607940429108
-0.251629466410202	0.274881250596917
-0.130380560507225	0.119166529954275
-0.00129323161886272	0.00123522687961755
-0.662452786163033	0.86993869104137
-0.237349411888333	0.280418769414558
-0.311891660096181	0.37235824614841
-0.378263592540114	0.499784609894371
-0.193282661906834	0.189510801880594
-0.307807158654044	0.351045171982824
0.283650730215553	0.27500574089758
0.749855808723373	0.940545495527439
0.272331812521287	0.267752477300259
0.430931393006713	0.45538208491884
-0.412827356699487	0.305620655692904
-0.569214112995496	0.619836545606263
0.217162510284827	0.196321315114957
0.155240299888361	0.152926951363944
-0.148909142667521	0.120409727734102
-0.158457170874866	0.151197168271219
0.267991674772527	0.27612436920191
-0.100455837002601	0.0956413983595486
0.15612786594858	0.148962410524855
-0.162623060444389	0.137082521088756
0.214972547501904	0.207835032005242
-0.082982958362504	0.0729559751013668
0.627663718714794	0.769058434542534
-0.361594202000359	0.453160336119488
-0.694642194693855	1.067414195318
0.0437615673410769	0.0443727924163207
-0.0980966862157072	0.0967152102990706
0.0300139518107085	0.0237584637417035
-0.231787331843881	0.184486952074102
-0.726714123048436	0.861060846761481
-0.74625135710479	1.08583281324519
-0.262255475307966	0.246709270315949
-0.176020302389361	0.194414223774069
-0.462202487216405	0.508965942732484
0.133741625948531	0.146390882342795
-0.0716783952685673	0.0632297682892436
-0.106778170851243	0.0995742045820107
0.420533127400981	0.476382506155944
-0.0570947615652466	0.0506989297714374
0.544055102179196	0.851884649183834
-0.37749099970381	0.39752316934744
0.715919373187432	1.06411754623581
0.428202190546865	0.445384868087199
0.824219680378761	1.23613889348449
0.413717337094624	0.35773171573595
-0.128870339189098	0.109037062563079
0.747424091292185	0.912547909965481
0.274284048262937	0.277980698158539
0.396845515115753	0.354731860392499
0.143443370604519	0.129359755504262
0.256680889385212	0.262021407450938
0.31287772067746	0.34365479107621
0.279210087701913	0.272781421251851
0.149692866489873	0.146057787679864
-0.324176567590444	0.34508380521082
0.0720672981417033	0.057011962926975
-0.274434265962904	0.257490841938633
0.102172683329056	0.105329986006779
0.0711194302251768	0.0796361924503448
-0.0556831429113824	0.0534898766545731
-0.690031399185139	1.14105730630413
-0.435066066843722	0.49167757368311
-0.683430391707366	0.903152230506049
-0.10445111177103	0.0984003317146223
0.321910381119137	0.336543979101005
-0.369621552280655	0.381378218300505
0.116465236410442	0.122573697123189
-0.0706862220623978	0.0607245404406442
0.265456199282609	0.291200880634278
0.0631184548444338	0.0595200172383125
0.777274286612489	1.45404730676606
0.0714195195420585	0.0575682866285109
0.11601085855839	0.108153346424402
-0.250301352522449	0.252177570718219
0.367182255262994	0.361799045371808
0.334181712021127	0.26527958027505
0.0931756380393218	0.0813931409570881
0.0467832888982758	0.0324970766454244
0.1543805388903	0.137540647623926
0.0995649268467574	0.095274362903726
-0.0652046626540592	0.0572660583718682
1.00185676327039	1.38888307706776
0.583466593657152	0.92683714529301
0.0966055512638605	0.089792988716974
0.153655060086825	0.132439584323437
0.49395138933384	0.609464178440227
0.0608843390379904	0.048298263290206
-0.301225397712755	0.253789356778515
-0.240398421932609	0.229969861792647
0.425301219420509	0.599216098629973
0.00495852882442721	0.005045242816913
0.00774822074391729	0.00726919332114313
-0.307691769723416	0.374061596527352
-0.734060223695079	1.31741221195607
-0.184604353611614	0.215588618406684
0.0975573613402533	0.0929037689947636
0.0950830676459254	0.0887682858247671
0.989632767831216	1.5140287416666
0.635745567791191	0.780110607445952
0.0479909308436573	0.0457578321192359
-0.312988859406329	0.415554820199266
0.504831735710157	0.804388050302024
0.366148666355628	0.573513568624605
0.0629589545390913	0.0682284652593484
0.463945733060666	0.687198084870405
0.223414966801907	0.274018549900591
0.141718754939498	0.128498722742192
0.208857803046469	0.193287290101241
0.497944684574527	0.439825771883368
0.986484890413152	1.28572021180653
-0.094230954926649	0.0619418670387055
0.391392698238607	0.355174572030612
-0.259895654404293	0.22048846234748
0.0995384696796239	0.0611033987961775
-0.377335615557965	0.372890520041016
-0.063397301216902	0.0508885919311079
-0.642125498702321	0.645495692026599
0.539069541690149	0.711003261365658
0.106166476830596	0.143553070187317
-0.354989577560475	0.647298458583541
-0.457482249171619	0.701823659514275
-0.433049264948724	0.422366112898598
-0.222854754446092	0.155770457408818
-0.0944071805116081	0.0742276720583379
0.141112103769914	0.122193998099617
-0.32876441381244	0.303440787658021
0.375087900356495	0.451214753574965
0.138227086286524	0.132043570055013
-0.265791726146593	0.308180819982206
-0.330394458421838	0.410740959090449
0.408489118961819	0.532167690930375
0.0583471185192051	0.0589513034710363
-0.176260976771171	0.168984700938652
0.444359063753373	0.461752227073622
0.809236862842984	0.98141183158332
0.477709573473955	0.525761266166252
-0.134837319727302	0.121683477148914
-0.179590272503712	0.179648235499857
0.34818601486736	0.347968792308271
-0.400118271662458	0.448692268753235
-0.620383849151936	0.693350214464473
0.882901779691206	1.32374473001067
0.193355497923524	0.196264063362284
-0.00649660045795688	0.00479461592254595
0.0307152135351996	0.0289323690553829
-0.0256595311262482	0.023671049325156
-0.300046868759881	0.391245682677551
-0.749776897524011	1.53663416698299
-0.207521495034637	0.240739087084737
-0.43168997788017	0.63919788770379
-0.562990996312463	0.922644655496587
-0.172709939744793	0.206334434367538
-0.280257445351484	0.273728817430336
-0.445267875040317	0.556006600869982
-0.68280979218572	0.81891796788128
-0.126067258597832	0.107699929135527
0.0300012787466543	0.0252156987476171
-0.182474832816792	0.1656264527817
-0.948093115134799	1.3115944594757
-0.540458629046748	0.662292505124163
0.0771051880743159	0.0789428362221897
-0.648904939190702	0.77489919352772
0.154649137822015	0.147288252590875
-0.497570324747361	0.595246154282975
-0.0888428241457463	0.0937546694082542
-0.0221120719672585	0.0183758890972115
-0.265396661315373	0.283623843071046
-0.127525174878187	0.139824207885859
0.596420636457137	0.853639599858223
-0.0148295707772131	0.0141260388054167
-0.0464204997904517	0.0409692357250271
-0.116977313717721	0.118084652950351
0.527732002841178	0.703672380246048
0.357115135525646	0.423206982600971
0.2119027089622	0.171993896139205
-0.0396216500415729	0.03645566493366
-0.231024352702987	0.201828242020827
-0.225545078091573	0.200591246082683
0.548892400015374	0.646932945735715
0.00787237216002598	0.00622034814479466
0.667047791687243	0.922664485693429
0.0853621972030837	0.0760323649833211
0.425436897612182	0.524201700405713
-0.515349766106678	0.598282189881359
-0.042115693896385	0.034535193341458
-0.13894950972627	0.167249995036564
-0.591806335221702	0.988822777079324
0.16902345817167	0.170801550047387
0.327071325017751	0.360580629498944
-0.786630665062526	1.15167097210751
-0.219425164939475	0.208260869444416
0.148129541790374	0.14775937477717
-0.0303315315644685	0.0277863263915509
-0.119975510022672	0.114275347077025
-0.0587941810538664	0.0513676931683353
-0.340185141894078	0.366234542009036
-0.105409829599164	0.0987756632333215
-0.0204866569881309	0.0174070104178047
-0.561489536129906	0.611751013354412
0.146337640974784	0.121097745827186
-0.363937642235159	0.48153230769312
0.461780342625966	0.614081785047479
0.143987895676771	0.179122660551687
0.544952183881007	0.997207538299177
0.094574521797334	0.099919263113532
0.162800569084061	0.161907473206671
0.421685355241824	0.682198519154775
-0.236409398909719	0.224693137996662
0.571676379754725	0.647265852239328
0.37446760201892	0.347027434453931
-0.274363053688269	0.278061915940992
0.312967098709166	0.262961972260565
-0.0550769604811206	0.0436254303498863
-0.126608947286139	0.0970373614164837
0.380528149159432	0.348881432663322
-0.328635552292442	0.28024484110969
-0.843952974977994	0.885384695742337
0.115047625131532	0.0747183798534101
-0.234911330922482	0.232947893864307
-0.0213990161722677	0.02612482149897
-0.178874367318379	0.146360711259433
0.209824908732561	0.187457540176018
0.0217388939779647	0.0176214242975724
1.35288624666791	1.95049715781088
-0.324047058578823	0.301522436361632
-0.0507873587755244	0.0487291307359087
-0.312571804487014	0.292251177368673
0.0183336558260105	0.0164886221895748
-0.260935989944422	0.244466441060382
-0.214799913248994	0.211602704603102
0.090644676175533	0.0835591071949697
0.154228058614896	0.15169634962768
0.110951278692907	0.114852833553588
0.588943535999984	0.813775529729787
0.611314818368144	0.810971597953314
0.40786982009357	0.506094526826848
0.133670440953587	0.110289204387584
-0.1373344835223	0.114084851385408
0.259459732321829	0.279438036684826
0.3236438648526	0.293761291565921
-0.306190552565313	0.29610078531892
0.612355896384317	0.836849742154142
1.24106831509151	1.81431386092522
-0.182845180891373	0.16588828679937
0.456672653980726	0.46107464964031
0.280872711549762	0.258798376922135
-1.11395519317558	1.80298647626845
-0.306034604289786	0.416068583169118
-0.158954174126982	0.180064912043238
0.0545738285804602	0.0624744343925999
0.0268493870274202	0.0250621784507825
0.417874568472967	0.517650550190771
-0.744417321617341	1.00709240074858
0.271324393373568	0.251535238936368
0.211109259680939	0.197231042359593
-0.668927085320489	0.743948304319647
-0.441299491343405	0.515581788543444
-0.0331467311308432	0.0303181826602974
0.305453692215879	0.36143104410778
-0.350666061306805	0.369221254578521
-0.0877513375576391	0.0779172401036531
-0.482570079875309	0.527789786093003
-0.0166305974841732	0.0140364633313127
-0.0472726621864136	0.0432142461150306
-0.484297492084211	0.57072456988737
-0.415563678001035	0.374169387087098
-0.105980604284311	0.101775352836586
-0.0875955044443268	0.0771076911595425
0.406622713412815	0.554075511484868
0.00313161317420896	0.00286005773475894
-0.089321690554171	0.106713229446851
0.205909828204944	0.351828326173488
-0.184835144633778	0.211365125257007
0.481728461566854	0.665733149924429
0.0284098681018516	0.0258267340984945
0.398268862756641	0.348469089171371
1.41141031151667	2.35633125950882
-0.4576986187089	0.356974073888813
0.6698332377829	0.606209232757292
-0.0996896572657231	0.0768089118881846
1.41727403140761	2.18273161249311
0.138012928274706	0.111772595763083
-0.211647092022759	0.167903274699695
-0.374905849492652	0.347107133712207
-0.350494319543794	0.278137577523048
0.0867927962044127	0.118803237848125
0.0141008084433145	0.0185439665131691
0.0669205746839113	0.0510387590367712
-0.140411258771332	0.085244839702454
0.154165257591479	0.134326865504173
-0.00579233524274587	0.0043212554596567
0.129662700134431	0.0955753324585394
0.411119722472327	0.360466803070182
-0.112889709568069	0.0866374414335312
-0.213574564941997	0.187236434765692
-0.182321561503785	0.161107118718557
-0.143787054798706	0.108986842876128
-0.0993859707072398	0.0775182742821048
-0.847436147972205	1.04545278179985
-0.263459906294047	0.245268359809291
0.659522928939653	0.6591079534883
-0.0224988992772321	0.0160153127295238
-0.0185336982288085	0.0129180671257536
-0.230453801451085	0.201028925083799
-0.282933858511727	0.268331593136222
-0.855644219520216	0.808151418023848
-0.219327985069952	0.208891106189915
-0.0981766375928701	0.0771929559698959
-0.0269058208891458	0.0251131164332919
0.265921099209131	0.364152561595516
-0.539629949930872	1.0919380714374
-0.00686059800539109	0.00912740015514057
0.0496710896249866	0.0496209969088318
-0.295917771527026	0.377103322311153
0.104506416800185	0.135563363972424
-0.749013478213285	1.1466693065766
-0.205306753685174	0.165994150854742
0.0475953913947325	0.032556119515126
1.0812137799733	1.1462763614622
0.826847403067554	0.804581336147306
-0.763999829160465	0.658740059358
1.15840510033798	1.03594861222425
-0.53919321771052	0.361965030346933
-0.0966508395929491	0.0630784728166233
-1.4275233803596	1.07542792670815
0.952199781445691	0.838333231076177
0.0479926183265575	0.0346693517549497
-0.183091936767979	0.323653917369013
-0.139530056997463	0.248917510426156
-0.410299857422825	0.435103319247094
0.515618497328467	1.38879142291493
1.03967959433626	1.22366883603276
0.472755688618987	0.374987942264621
-1.00813109846508	1.13103298606857
0.254279583210919	0.142344932452243
-0.348145137101019	0.247355183511469
-0.0481301655878135	0.0253379245251032
-0.247858803368972	0.196856327117392
-0.0497461409109357	0.0354805688515341
-0.106495811994738	0.0829397879247936
0.373163731011683	0.411896898177189
-0.36644374390971	0.327894723716897
-0.0498231227483434	0.0412599154796313
0.810039079293579	0.938810169738197
-0.0633928068525225	0.044297562414177
-0.302313441755425	0.258828618229878
0.220304482354685	0.150716372446333
-0.25422850332476	0.203525860558869
-0.377664833937973	0.368751906938508
0.00156837644531663	0.0011403338860984
-0.369885850373769	0.279039400212454
-0.151625370796641	0.159872579295107
-0.178011583142231	0.187452101017787
0.0128331271614793	0.0104067343241427
-0.0195208389410111	0.015809675757117
-0.249899513655205	0.257595548621097
-0.0578250168249147	0.0530083633384428
0.009157495394705	0.0100456747618173
-0.180382331444975	0.303791551253176
0.196987275345108	0.283012038112017
-0.0929641363312386	0.111090056126714
0.443516558711647	0.835609007291609
0.0826635042114171	0.0726862623520313
0.609880727270067	0.658178910946362
-0.371117608584698	0.346937459971708
-0.51380473431238	0.571615474486861
0.9417858154285	1.45912498188395
0.318651603631812	0.328596327198044
-0.244208347599387	0.208865073210276
0.138591021345686	0.126978706056077
-0.0820866556005664	0.065156700695774
-0.0797701700343976	0.0408886124038857
-0.111630271645758	0.0830046397552768
-0.0622331855943838	0.0489303016308478
-0.0297144855604689	0.0264665327224499
-0.102151205414733	0.176261847790672
-0.219651084244399	0.379702569771539
-0.0320129572069582	0.0318734079402137
0.219085927010293	0.427158556549838
-0.189721173905645	0.186342434797163
-0.150320077198577	0.140254773036431
0.189807728027235	0.183733566170555
-1.06802409173926	1.26730680417021
0.0941482827232676	0.0870416795348005
-0.773960556036875	0.80575216663331
-0.209591371155832	0.186415779811624
-0.359020555985427	0.379012742932256
-0.700865768923078	0.96002101238261
0.281904289843605	0.274021662025634
0.311862847145329	0.335420612370643
-1.21109469641112	2.07402000371106
-0.219566546145421	0.210419880635423
0.539287633177665	0.750251078941292
0.465792909319519	0.524087562028575
0.0360660689880764	0.0307523594101198
0.0540146393018248	0.040308090534777
-0.840601904348077	1.20470367731479
-0.0115479690493712	0.00856939265987995
0.039521158899474	0.0339992094233486
-0.244609281708491	0.234415233436133
-0.264267794746581	0.271267497247302
-0.377436766074598	0.377052425928862
0.124560300858833	0.189154691423979
-0.163813856625467	0.265928212997291
0.0859537731588924	0.121667922576643
-0.10242875681093	0.13904689698209
0.269895975566332	0.444133190226032
-0.283220810514513	0.413583036080452
0.0572171822021623	0.0685820791921367
-0.126778130296958	0.121162652609794
-0.3293355140553	0.300652661167747
-0.383247098237428	0.41990008253563
-0.408688196508231	0.513399763971506
-0.057524528496165	0.0551260578322887
-0.00502965517883245	0.00415129835944394
0.0675661096839414	0.0779223705761694
0.720102969545685	1.26429026349372
0.548787778305609	0.888664602394275
-0.188822145066607	0.222650642164735
-0.374852934446758	0.537274641099477
0.132729881738274	0.160872820781648
0.00121664777073031	0.000796370335003572
-0.207725569943859	0.269453351820313
0.391738782899738	0.594605593709457
0.0756934314786564	0.0874286890467649
0.00826530910721515	0.00860577128211606
-0.274694528465275	0.349154734690354
0.855323785844763	1.58660219050789
0.707680654294533	1.54058470852761
-0.206852715527375	0.284125266475689
0.504200598045657	0.905393491480766
0.68857164039049	1.15836949124499
-0.0366626194111765	0.0412718650073707
0.375687329998232	0.600950275179043
0.411654885177756	0.579145272582241
0.492310514678481	0.751553740632253
-1.16495411331346	2.4717995795487
-0.209928500107807	0.243714085452771
0.267078991735418	0.367002580428754
0.000836833336588488	0.00086295920762642
-0.776358879993919	1.35957265710479
-0.189507413196285	0.210297998698113
0.11181454039844	0.146421347216844
-0.0486268809550957	0.0474297323410835
-0.491506200843192	0.633314561812514
-0.0730580451163335	0.0769252269021155
0.0339739816613747	0.0334880593619288
-0.0136577359428932	0.0127086590983777
-0.455421281206792	0.724063316158178
-0.574334768953671	0.913365598550084
-0.0240794728329588	0.0335608295312243
0.308888532753414	0.573683796719217
0.623956943424345	1.31899998935429
0.0171728293582766	0.0209455205554267
-0.190648120415766	0.264400041923958
0.354030872534673	0.53831455258022
0.256469733903701	0.366847349185875
0.0261052762811416	0.0293289081043152
-0.0676532574959733	0.0726606314976262
-0.0344419386292344	0.0336377136895708
0.197758038039916	0.233661416392415
-0.0199279877934331	0.0187065164907576
-0.0445639097307251	0.0414249375860962
-0.214799913248994	0.211602704603102
0.210260477197478	0.267097003529662
-0.0250824077464685	0.0232997445440703
-0.251948166883639	0.289012904921423
-0.0289426229161294	0.0256673661351929
0.480577991129964	0.676492722427904
-0.37302166539856	0.448885039872537
0.237801507719353	0.302653434342029
0.419712302660049	0.493150345632893
-0.205581156290152	0.212035918549629
0.456427345414147	0.681323116784984
-0.106600196722038	0.125454189982867
-0.422960028450932	0.653012294985245
-0.133730277188472	0.159556885700959
0.310675455468381	0.44462480935494
-0.267524700928543	0.332373069193061
0.165233420487412	0.244464107084555
-0.111631845262035	0.129358643589912
-0.0391364775233118	0.0385215391318541
0.0524541281934761	0.0548671489698756
0.0442258254468452	0.0390471508920928
-0.088220191087531	0.0789847075457447
1.09190681570579	2.08765079183772
0.396913879995896	0.537477799045877
0.242448947547228	0.296388753539769
-0.0395599046129943	0.0394371866288653
-0.178049075962283	0.209934644124719
0.155395168699164	0.161032801917909
-0.376704655752665	0.480362376747239
0.0983453148991077	0.0925859710811197
-0.000306204229940784	0.000211821919254903
0.891950089237275	1.58274669133524
0.111299723481943	0.126854494188703
-0.256410726977564	0.305340294774716
-0.0106918067559294	0.00986296752108046
-0.178222885362689	0.18339780898135
0.0204331288832403	0.0284381681403522
-0.0466854236568494	0.0649397023266974
0.122484167462337	0.197314056439046
0.310612421079184	0.566416644635721
0.0179394167268027	0.0225316825746802
0.179886331095125	0.278855378729419
-0.383281484315553	0.570285031039124
0.049118171201354	0.059315544511585
-0.153513216986984	0.199572514119839
-0.581678160980243	0.935604407622845
-0.394204212533702	0.53094409063372
-0.217156047230517	0.252680751157637
-0.0836837149417039	0.0802653671451476
-0.11060890161801	0.0956715642960108
-0.422208149346259	0.487471491760092
-0.245870204215067	0.254103563264175
0.457266407621152	0.602767276603917
0.305350572687079	0.337401743134538
0.0501273461705506	0.0458621313459755
-0.452560102235352	0.647678379401587
0.0104319072381921	0.00919657215620161
0.122841829903297	0.128199379612749
-0.0632367304602405	0.0620450218709984
0.644088624086945	1.12490676237896
0.0743618836280631	0.0845334244469401
0.795376247559454	1.59888973439982
-0.218463355550817	0.284659590041958
-0.186109561123666	0.207165553573274
-0.0361051359228059	0.0403891257482989
0.0367347125598184	0.0396199774056307
-0.299694436765051	0.479464765021895
-0.165061244111487	0.19654159617192
0.0222935976108353	0.0231539579980683
-0.135964568503718	0.153311457694891
0.491856834519276	0.686684108720824
0.414080570764399	0.587680695630087
0.556953621078772	0.799267336528879
0.248598480427236	0.288747480304589
0.545389431100152	1.06522277250466
-0.0155715866365867	0.0160386604413395
0.00780512561943431	0.00732961259480436
0.336670667594379	0.442045875913599
-0.314829602291894	0.433570049545606
0.240104963790716	0.306657700045578
0.107215059166882	0.105904144286787
0.181957653452025	0.225578509634238
-0.176048623527904	0.2219390675586
-0.219392551572645	0.244694183367863
-0.343453576424717	0.447221888019324
-0.0418025044497733	0.0413986279373147
0.32736719796442	0.411345398894307
-0.261158530049087	0.313841928145431
-0.174886670010019	0.177895927293025
-0.240118358377954	0.275903834618551
-0.099247813656253	0.157555366152287
-0.0426598154888099	0.0569003844262545
-0.0936150623118799	0.132151824598947
0.257505126683565	0.462785075215377
0.0757880844573422	0.0835415243180588
0.147364178645465	0.160502141174499
-0.0607200728839792	0.0646733815024885
0.30390106485633	0.373884662701337
-0.342662420960285	0.390298124221426
-0.678361977410224	0.939035416598625
-0.0970811783675737	0.0937489070524855
-0.677543477370409	1.01069452084998
0.373345792327668	0.429000426917047
-0.324193935005335	0.408671753876758
0.359221353552633	0.512070259902855
0.450900542445951	0.512771935170081
-0.522633159714795	0.753733009083574
0.290716126329055	0.360510969977309
-0.305766283532673	0.343991108323983
-0.544877037522559	0.841897683834905
0.0142836389647132	0.0123095130544115
0.179260971688825	0.211666765297583
0.240547349154499	0.309925901562004
0.140551556687253	0.156530307418253
0.0226573396728303	0.0230187188132157
-0.385995257661652	0.490995986171736
0.442697704243883	0.7339974404728
0.322860898304377	0.420624935266154
-0.918305467669241	2.0609187456972
-0.119233749108392	0.124949291554449
0.159379327240875	0.190516272102507
0.0949951905053581	0.110589484116618
0.10660786683924	0.103536924820125
-0.408286593824254	0.567948744604196
0.0684298570124409	0.0673295578696114
-0.139137741869153	0.15998055467423
-0.272152339815315	0.348635587702291
-0.00826898027250909	0.00924664268355877
0.224283453504029	0.275446726846644
-0.0612700584716693	0.0640316288050167
-0.302638910869679	0.38135678509835
0.311529028669038	0.418523117979835
0.0705570904455818	0.0700546972948514
0.135597060215191	0.160875323719266
-0.694179839119133	1.27409194515606
-0.288967213051059	0.319780315349975
-0.566353248984243	0.911667312884408
-0.124350546978973	0.124545063765408
0.132586167828119	0.228361283020584
0.116247288955036	0.187197136646988
0.318252458535481	0.626438829967159
0.0952742230157731	0.143506734355756
-0.263601343447489	0.387865844583925
0.000130922348125689	0.000158160317987216
-0.26444086770306	0.429248120178881
0.0779445046289358	0.0944472265715901
0.141014095952571	0.173983530580015
0.10164290936719	0.120078365930456
0.00311156835275256	0.00288686746811163
-0.326277999442381	0.38693753893457
-0.321097536840127	0.387206271159715
-0.296820231147002	0.339286019083594
0.0979162681893524	0.0586274651032862
-0.0813195190660925	0.0735306657665511
0.65615117207321	0.981837987777052
0.153134811491941	0.16789383601459
0.0490428715883169	0.0494496550605446
-0.194715904604582	0.257233561149324
0.0538375379295849	0.0570450132149248
-0.386519263006301	0.578516188176113
0.23707009534897	0.297665668756524
-0.106852269271082	0.109207692125544
0.11826516153726	0.147664578471452
-0.632163125757277	0.842239257055476
0.860580264005582	1.53307656847961
-0.0814696931829416	0.0926493767697241
0.282187899956197	0.442522880411464
0.366445070145009	0.508754636664521
-0.426800382463551	0.491627551842449
-0.224389140572464	0.214500879640341
-0.0122467486106372	0.0115192036116064
0.234618320143111	0.266436210171111
0.17201916533996	0.208984544220609
-0.0639919807470906	0.0634155181799082
0.837098591445231	1.83109363894017
0.216931410217726	0.260787696198208
0.328468379089116	0.446126552803893
-0.371676832726888	0.505353654496532
0.172701196105388	0.209309583312094
-0.00764356960265055	0.00820730142313512
-0.431088982116853	0.585886180560869
-0.103633058658012	0.115491944877868
-0.156025917404995	0.18380758930719
0.290777127776859	0.408613052829604
0.0179129335218906	0.0182576890190525
-0.163478549294686	0.183339613369892
-1.02899010397514	1.52329124305147
0.231145898212302	0.579895513223811
-0.0673644513993283	0.10774864083839
0.250385776554946	0.554688118683709
-0.0418222320631424	0.0635954448097276
-0.0239353643226713	0.0351065914505604
0.280194348671841	0.497931580298261
0.331399351058867	0.668749323621496
-0.160077659577187	0.235778307138872
0.48578385142273	0.994474050607014
-0.197791048466733	0.278946947896405
-0.140523728978205	0.168824562175086
0.286214521524588	0.2784094003326
-0.603680789561652	0.638732992813884
-0.357852695205505	0.353800006911526
0.224989693605393	0.164195072541865
0.0984960612073501	0.0889538463370726
0.287750158809195	0.317125614698648
-0.239147118699575	0.300740795162751
0.335572201798599	0.447004955233376
-0.679749537366859	1.51797090126357
-0.0817698981837192	0.100156509695643
-0.249383099146444	0.406560852996608
-0.333110779944894	0.537121871421878
0.258523301557158	0.344158247681564
-0.192998269863305	0.293587122063233
-0.0381249173635693	0.0394425104662777
0.339466634259334	0.572919488754609
0.402859049807184	0.79008346500282
0.398164924379307	0.825506612971806
0.434669397510201	0.599547190921734
0.52919311465312	0.643603890735434
-0.271859706547456	0.273152518475246
-0.0955293758753576	0.0920275564671466
0.311928667220229	0.371365709160989
-0.235555206800956	0.330859352118983
0.0385298630646336	0.0487806276889798
-0.184613095320526	0.296301423569977
-0.491852178661892	0.954176241904571
0.256826978637681	0.388874969943046
0.0873742534436444	0.110111183028231
0.279117873297563	0.41112384970345
-0.925150277722861	2.35307812378322
0.206326411960368	0.276616927895822
0.365057331485288	0.670512975619376
0.142739781258021	0.180208573651112
0.591255859882636	1.09759000452955
-0.504636312615767	0.852468659811017
0.0851205037266864	0.107839622523066
-0.160982496975329	0.204908327610818
-0.0219277366074416	0.015729338474824
0.0692363814450291	0.121436462339139
0.413963128421852	1.01510269443377
0.0295504274265189	0.0485515756558817
0.338689677058586	0.788004142870978
0.457178611529904	1.1246514242358
-0.0933506525746369	0.147385302688903
0.695061601739114	2.05280342862655
0.61463839917802	1.73779292029114
-0.147627027571506	0.222102292337036
-0.196941739503071	0.242325245293779
0.251951085706239	0.311652215152634
-0.421181622016856	0.496484782838995
0.00742276143858659	0.00567281665295272
0.671892297066502	0.708797959335407
-0.154623706724223	0.110218486218782
0.204006806150984	0.210556719724114
0.356479861315975	0.361615502220828
0.215689561875568	0.283175193632897
-0.294903106818926	0.423110193623617
-0.0651348712744905	0.0767831537622351
-0.0675185119198954	0.0749843705375986
0.0462798276973773	0.0523862600939717
0.247792429949362	0.35721555195058
0.18167707178231	0.235317319507928
0.0419942763715597	0.0515092522239327
0.247910917000687	0.336419592672406
-0.517659304161907	1.00854018736505
0.173531887697309	0.236396631763009
0.212531474993653	0.349899479523085
0.381322458765931	0.51194180938438
-0.203304264760338	0.16423001454219
0.400256002825357	0.436722410876139
-0.185429695223531	0.21021370161203
0.107914875422597	0.103439693092291
0.342343951144337	0.617477552296193
-0.0168143683088861	0.019441667746634
-0.116255313209336	0.139530985685131
0.294434026408605	0.486204810302478
0.201357943032454	0.28269842168639
0.165980807052331	0.198392104199839
0.0787769924767499	0.0977269085109102
-0.38256510917827	0.660008754485215
0.167029540496778	0.23970131732759
-0.0101236539569209	0.0115717685007945
0.496914762385979	0.914278498196348
0.613921518957567	1.1125840545943
0.108255076875012	0.138848507732412
-0.271873890553432	0.44671255830434
0.577988582513417	1.09720680713357
-0.335099138195811	0.540003887532427
-0.252076036176884	0.36137717612445
0.355265835271671	0.250155159074243
0.853607299309472	1.05383631271725
-0.219252920143575	0.242620578695775
-0.762799679261915	1.2594316470076
-0.116402876939128	0.090196279347466
-0.102558419906405	0.194995586845281
0.121907052330063	0.232560526475014
0.408614511366268	1.08843463576409
0.0711033699276721	0.122471384166316
0.461895834409231	1.08322939025531
0.0799082790868715	0.116115642914017
-0.186823946952249	0.305734647211219
0.126789795973532	0.17497131180612
-0.243353955250164	0.382308975099911
0.193009512107129	0.284553638161804
0.0902427915353349	0.109718741802402
0.211230963886981	0.236137848191632
-0.679688602426349	1.05288220763812
-0.0442547155816114	0.035795394508626
0.459858771728106	0.454384679077057
0.122360524780969	0.0896096245259283
-0.72033412636284	0.984420446584348
0.309172441407008	0.371643737773259
0.0739179071419199	0.0809489834329906
0.22807291037103	0.289849653610615
0.044926471874395	0.0520231480098908
-0.180176583840397	0.232329008218085
-0.0718250143014406	0.088433647001199
0.0750021671557608	0.0861141114817681
0.481110396745797	0.837526527497234
0.22252157099997	0.312869391037559
0.212710934533747	0.276100410395754
-0.454724803904011	0.764198261646873
-0.108121473684951	0.153844821439256
0.060191806632801	0.0769625410488339
-0.0364163774943462	0.032603802075246
-0.922091463257958	1.45276324814923
-0.213016073941282	0.266121815570528
0.564450693828925	0.883172211902159
-0.176709218251602	0.200453513355119
0.199895210890995	0.299150030903332
-0.0830476705962879	0.101271066365137
-0.580188561997221	1.08936435221914
0.283607537129206	0.39918752916291
-0.192445423911549	0.253196407753072
0.7969362831535	1.66952932230045
0.471170113344266	0.829157156404432
-0.22748672118635	0.312658507086334
-0.638386904035384	1.27124769634785
0.152402435871967	0.195780941867874
-0.163630135555309	0.199510092905155
0.00846422115874975	0.00875854576120776
0.185979292208106	0.240306136921485
0.153882957155346	0.16131632513648
-0.273149728684688	0.365334445900898
-0.268051537944052	0.351125699701757
0.372032465155399	0.508111307450345
-0.0857186328102895	0.105474872738078
0.0540806191912035	0.0581011490844885
-0.339008834670923	0.496484949582919
1.17778597474528	1.43080724666965
0.229267057227909	0.164520919086087
-0.270772328932868	0.331777526062565
-0.0555272191298137	0.062024586241599
-0.0618246279150205	0.0691439479571696
0.0673962752458486	0.0554850991388414
-0.0596763754305184	0.106031456551812
0.195992574967404	0.41081540328964
0.114912238971054	0.219968355070726
0.146353425244785	0.275408697391223
0.410162027439288	0.99102810111633
-0.117221820005906	0.184311654511528
0.366916856661425	0.778812963538891
0.221001033841766	0.392259925341036
0.125669220239606	0.173799371099122
-0.0556148345684697	0.0726233194429266
0.0344483334954685	0.0419384443540242
0.118474767858682	0.14465573678204
-0.164353170895996	0.242178984518694
-0.021987462916054	0.0287640138271986
-0.32563511060621	0.554262484578333
0.248974370828424	0.397354892954705
0.177050391285973	0.265169644365221
0.183911890622104	0.260165706793846
-0.0739681567324662	0.0886420292387698
0.307361931623998	0.491987200478589
0.515440013812283	0.854969583870013
-0.0651971406172464	0.0586409852293799
0.132281863995078	0.143564293847454
-0.354968472222802	0.484896612494194
0.37893645996782	0.429236754196471
-0.108425928349404	0.111847651351132
0.529407870329036	0.795361059766377
0.20749277491519	0.238551689718476
0.564250582183625	1.00624043556013
0.384754912263439	0.519276362816175
-0.131059426898358	0.155426906364849
0.128622797698736	0.168228029351576
-0.191436340605677	0.262808869015698
-0.0444887658290695	0.0579932631249019
0.37581027724201	0.765914603977559
0.973496909120279	3.63848060504821
0.0152446561501919	0.017296297290426
0.0724651871938015	0.1102007537823
0.162349930743511	0.195758886089763
-0.0503849924394016	0.0540773014960753
-0.233063227992081	0.328099842649446
-0.21671086254608	0.271396862107045
-0.289191850331855	0.333224751915185
0.00847030778081432	0.00845503401212974
0.20444908293109	0.231579524329794
0.594653177222276	1.09282369330543
-0.02837268661544	0.0290608467035531
0.333791347833589	0.493909416661537
0.464253307794278	0.680682910118054
0.371544991173604	0.54351526565928
-0.346474453385451	0.474675525714536
-0.258801585842143	0.299027260934222
-0.156703194957432	0.180347431461768
0.112225653240416	0.133520415608848
0.294245350770843	0.376384513256818
-0.514417841272445	0.819287044607029
0.0374744136432154	0.0394000006351988
0.296481958932031	0.394933266476363
-0.221440143814813	0.227238341384842
-0.0229268524074288	0.0237556257312254
-0.528749621251602	0.874636470268809
-0.248984902347935	0.329324810566741
-0.251965231768292	0.302490519286371
0.173694255770728	0.186336014111873
-0.107566021579056	0.123762972243647
-0.141726264019273	0.153809682152455
-0.217605182922501	0.238133452929504
0.59279796439122	0.950009563958001
-0.0268665648724154	0.0299423673126291
-0.0677613226369718	0.134534887025854
0.630258306999639	2.49651912088331
0.172642921741446	0.343130614720366
0.369021688788271	0.94923088052444
0.303760685623297	0.745270081574102
0.566373639139121	1.57313685339951
-0.203370211074657	0.372584236883449
-0.00317705269849349	0.0041487050858837
-0.324370995208824	0.593671335274458
0.0406687156149682	0.0541206006526118
0.411364036915573	0.72018211680778
0.492191089425991	0.701279891572237
-0.341324198092585	0.402082001703868
-0.245884794659502	0.237247461511302
0.89656081379358	1.46415160964731
0.0748596041373856	0.0602831764436907
0.252289762064511	0.284532483383515
-0.00485374117274066	0.00460746490433496
0.299736426182871	0.411733893102193
0.228469645322042	0.293740525891854
0.1263368425639	0.162503971989074
0.238296718415587	0.349275824030111
0.415350256528586	0.79073759004454
-0.780152907114478	1.88499946375216
0.0729787933384294	0.0959140349429749
0.192788670490703	0.278509623612564
0.0518615698309267	0.066601215316114
-0.315639576131244	0.59081613182739
-0.00917295541854685	0.0110513512517556
-0.175902015645953	0.222110666686587
0.844713516508011	1.22240535947585
0.331590509689252	0.358768438055329
0.202632665110835	0.232864064433119
-0.603161775471263	0.805197291854969
0.407558109614548	0.761300114071271
-0.444034105822796	0.943651122157402
-0.263808799634969	0.449311032707011
-0.0471181626698852	0.0493587085874413
0.0412805578215738	0.0506480972814781
-0.0750742811346323	0.0839427638141736
0.637374545411557	1.22591590267206
-0.410388652250121	0.834999182609436
0.295939939634263	0.451301189188033
-0.418273640443558	0.766665079345889
-0.00538470043204805	0.00513399803714509
-0.167389582316374	0.220404829466313
0.382674394630639	0.613764479316899
-0.489364744619178	0.802713523959806
-0.188647544493369	0.267486268012889
-0.276350901395516	0.369033101279833
-0.111075984703182	0.139257061480402
-0.0716071723276162	0.0830355785690854
-0.196528689434935	0.279462079548885
-0.310068105536954	0.414614334530438
-0.0126784377719293	0.01370565529164
-0.51698472914942	0.878077005033108
0.613511846445681	0.507870187313713
0.35580926098831	0.250990133579839
-0.098264561347847	0.0901104835614781
0.213179746848649	0.207854133225307
-0.0975955304236356	0.105389176960711
0.525453444109966	0.898728800027831
-0.267417349793232	0.234209145888335
0.194481541223144	0.526849175514358
0.0847088510426269	0.171883379571455
0.167884347950249	0.38075539967869
0.137244755493971	0.266856647609456
0.200174623193806	0.410433744172616
-0.194746493923281	0.381495429606349
0.157157656033452	0.305053213662314
-0.0322336027662102	0.0470039629450554
-0.00246251049766979	0.00341700235369908
0.0475314685495153	0.0631144141750318
0.182046372372246	0.251024704700104
0.0938498220778865	0.12044036842975
0.147810228238873	0.160717229986283
0.218899145556391	0.242605753114136
0.217698162434475	0.180655933784372
1.08228907527694	1.89731357112835
-0.16628639997925	0.12220856549371
0.0656832505087039	0.0625336860771859
0.160703602804286	0.167038035183843
-0.129520618971595	0.149006655907265
0.0127844029081671	0.0130719232601281
0.272505888171112	0.419508122189865
0.443337958139476	0.742511573317346
0.985139682160911	3.0913175372243
0.231129641176582	0.313341528251314
0.128117295832637	0.18624208707655
0.250267027528916	0.445564964018236
-0.119625253226323	0.158164768000416
-0.196083159364732	0.232334249513786
-0.325907628395019	0.315708193276276
-0.512018089442783	0.68274452945521
0.18998306316596	0.232611158186891
-0.859532774790723	1.61212575627489
-0.599954527692971	1.23419294981471
0.234755713905033	0.384967199891664
0.154748156144827	0.227950825664953
0.737733914155272	1.7308565033601
0.0535441777868154	0.0622582320738885
-0.0251561352256434	0.0281452836005664
-0.59880125195099	1.07690155671415
0.260575041067249	0.379804546700786
0.189120665783897	0.263064425948382
-0.177052272922175	0.232077948707313
0.219214369235197	0.275386685661434
0.241946004829543	0.345319351344681
0.149022628280039	0.190949176149322
-0.0117462403805237	0.0132677653345683
-0.175488302854985	0.232716000084571
0.111923041153934	0.142008608378752
-0.0314907793409106	0.0370691362850057
-0.282387807547978	0.443868439283346
-0.102778722561025	0.120786962174671
0.18175952594952	0.243173046137885
-0.00932764268487601	0.00958113319295896
-0.32732993612915	0.514898256019331
0.914110313471646	0.681758983513246
-0.118895498737293	0.0905918940713317
0.604779126455394	0.490421811214674
-0.569403031501323	0.528031050028003
-0.127014558835381	0.108562566331407
0.130238512637519	0.149584603497762
0.554541159166653	0.929546591540115
0.161436353342243	0.168572225001797
0.0897975694305598	0.096516102712602
-0.345523487154138	0.31481768052369
0.143836714198769	0.354241323621002
-0.178145004357531	0.421004151530475
0.269650282723965	0.652272010285945
-0.177967937820914	0.383196806837401
-0.360831565940416	0.906857716143879
-0.424049122532123	1.00620060366259
0.0363796262762961	0.053650156615208
0.150626791765471	0.261404382644411
-0.314315582503248	0.60601438191088
-0.352636544858212	0.664949256794057
0.0667208485159919	0.0924886272818925
0.779493889805501	1.84403153865533
-0.34847658387314	0.480549424680851
-0.239021127519003	0.305198158436329
-0.253736887648653	0.322300182489268
0.358581381367979	0.443443072630169
-0.30106951708017	0.455178062286547
-0.134482840271419	0.154624943475158
-0.0363828486748397	0.0396855510547199
0.138434186653184	0.16265184350749
-0.0904723514064616	0.112511007405996
0.442010125899605	0.805336641138329
0.066305176781173	0.0885979222135678
0.163609888567062	0.251326309622073
0.081415035417764	0.10229610040607
-0.0762198409042272	0.0919385649971873
0.169045528083344	0.225749130998756
-0.165195122907263	0.201486577918544
-0.608064955288302	1.34153108330972
-0.0888805234610421	0.11328536108621
0.161397030647274	0.24288319367577
-0.603316207811782	1.56001370515143
0.0738579158089969	0.0897424168448107
-0.107533679615092	0.13602559592196
0.000938719622066759	0.00102330463895231
-0.457434335851467	0.801711672030127
-0.604915365331186	1.33851639272271
-0.135750189795189	0.176370107847921
-0.0116486746989211	0.0119951858872851
-0.228581258523542	0.320472150168009
-0.445284608662991	0.787023289242973
-0.314297150146678	0.504392190359269
-0.743331802230652	1.64062211310663
0.103570551145006	0.121207811851936
0.118070713500753	0.141315481070244
0.202464342673187	0.252664708760878
0.48799781896244	0.763377077619277
0.241222250723963	0.354206920777343
-0.00996149028412927	0.0108892377694157
0.248210182808092	0.343239241809216
-0.0674459938424862	0.0529696609792758
-0.0866696668073098	0.0773568849320587
0.210190830342139	0.198429468818164
-0.618558600869078	0.850143987440135
0.106176569645032	0.102608892549284
0.204001432575238	0.22910688667766
0.14881537097826	0.162123771080736
-0.336811906950117	0.447475240141046
0.0890375053182731	0.0924649854179042
0.126711492311174	0.161665514589533
-0.200242749426097	0.27918535780658
-0.168533826458142	0.419676467045035
0.0549533630472346	0.108016227511728
-0.167306299015823	0.333379364285549
0.0818435635989325	0.156524382475822
-0.570719806372457	1.71894924713308
-0.399941472419746	0.962777627737956
-0.460219515732848	1.22142567801092
0.0318343047914908	0.0415516313182392
-0.0852272364666069	0.129949423263131
-0.140762680261147	0.215166613144681
-0.0235929273989183	0.0310589609403834
0.0471273048168875	0.0514969217575619
-0.0447501628248656	0.0488619749283803
-0.0226779450601761	0.023047588803054
0.00329574311179805	0.00310015438760799
-0.149077858755665	0.148294320278254
-0.133748397058682	0.154794892805034
-0.0558961897685677	0.0578389346736153
-0.132218083116813	0.1585524959542
0.255254043947219	0.405214719985762
0.203566831338877	0.271670910364049
0.103994350192184	0.141824634789158
-0.242499019769685	0.413023371594529
0.0700798141924001	0.0931702487061166
0.252171764973605	0.314300395573392
-0.535750907421041	0.960997499569495
-0.110326289839659	0.155032835997539
-0.582589794881185	1.25548585690329
-0.249071388132898	0.373832214345879
-0.296357783325813	0.437528313480305
0.47365564668793	0.837779171913333
-0.0942029447752218	0.112708647343812
0.127116051001318	0.146962123612823
-0.481551507031664	0.747003619987784
0.332502177260141	0.509788216495391
0.0735417844831544	0.0854177398161691
0.457559512818649	0.667192984044624
-0.253412755250652	0.337000887147633
0.224712863380565	0.308666721871145
-0.125127159232664	0.160214658831219
0.417743492152262	0.583999806074162
-0.0848414014989191	0.094792562109919
0.103011278846425	0.111553693423892
0.256894588283688	0.334153418829993
0.244926214688023	0.301514556928685
0.148876929004369	0.16836148290465
0.147317961255257	0.166705894313531
0.458969372323583	0.752868731454154
0.175035393193131	0.190728160323354
1.03652456657695	1.23129795835579
-0.317954471500202	0.298527551211855
-0.169353199111588	0.155980622743386
-0.428036646435967	0.444942603054629
0.218069543687182	0.195055943416935
0.143928479269064	0.16779047623803
-0.277150060283704	0.303550465347241
0.0602378503629159	0.0557887666972361
-0.403278533527476	0.592441776638574
0.13531622295669	0.23569523622677
0.277825627127043	0.556381951409247
0.0482891203195845	0.0633987408007708
-0.197075119951745	0.343026454174467
0.0431324479872035	0.0549778202211431
0.0346293751671323	0.0407827719676572
0.0923084661682936	0.113716955016979
0.000311485563936009	0.000188979909018845
-0.111662780933702	0.130056771838087
0.145336803713465	0.189500697095484
0.0381826447387588	0.0469170034874103
-0.0882530073044683	0.123697201255273
-0.574839638458153	1.61005939010319
0.266088268492484	0.546922770516726
-0.279935437134875	0.485933356065266
-0.134375493853628	0.188273318747438
0.0366714924221216	0.0493867625709423
0.53518603871816	0.938433859883187
0.413837678315593	0.508705433377504
0.513150324783472	0.715553083709711
-0.430573771956799	0.686009347715568
-0.114636754459689	0.184341784305327
0.0373689143547594	0.0556333319067262
-0.299897586020449	0.690783645182744
-0.502874836651913	1.00910528954534
0.0095531840989665	0.0150318325110873
0.257689772984959	0.306531860864166
0.369458438920078	0.441342014143249
-0.25684436506398	0.24182149713164
-0.200450855778534	0.164331147031259
-0.162470551063024	0.174735735958076
0.323790559462867	0.343016260069281
-0.189364551125725	0.173288783602803
0.213035808473857	0.228640571084275
0.306009236167428	0.343414213315143
0.255481707038562	0.304023188941012
0.099919729627498	0.0913507155111659
0.114844610039457	0.119391562178695
-0.106157820818878	0.0922978560033001
-0.177046336416705	0.176077856272326
0.281517971108869	0.264659331634079
0.138092933628862	0.125102300757792
0.101646512988944	0.0860089935472809
0.317451598170422	0.333209039423046
0.333337052912543	0.348670193461539
0.417250574628949	0.503736358241927
0.506208124324527	0.4713137472931
0.221001647607308	0.209983063537685
0.350743569994476	0.402017291775891
0.363915618213907	0.643996495498406
-0.00871135870534079	0.00943995218108189
0.0648395687073592	0.0671254258345899
-0.0502751337578267	0.0544259854314973
0.144635169537038	0.1727641473329
0.248689980211053	0.250018012450841
0.116051443476467	0.212454929601319
0.224754581457771	0.389022659903254
0.00181310264391081	0.00214609942713701
-0.124537182336574	0.160208291276563
-0.30509701279744	0.465832033979089
-0.0130306307522372	0.0150866884496667
-0.0357646292838737	0.0401736492848134
0.0734244269082649	0.102597548038133
-0.0484267949492577	0.0719727155619336
-0.117982363315066	0.154167731839141
0.100590107937973	0.113603576521526
0.481015799664933	0.749399287950904
0.210451792740594	0.20256038230127
0.540879438174785	0.632896040834864
0.346505696371514	0.355649778317461
0.150869691815744	0.148428553006826
0.0454264962924106	0.0448014200651224
0.0587454121663183	0.0863345825074997
-0.391455723689673	0.909957297083565
-0.685961354721318	1.40987818296148
-0.203080451023234	0.385604831829333
0.589495504516888	0.963006935992954
0.146943756082345	0.127324447184338
-0.137228546828038	0.112096313971168
1.2544915578964	2.39156449467485
-0.118243164926491	0.103071658238988
-0.174255573352848	0.141654329451569
-0.135005038247782	0.111497806301287
0.314073143459183	0.353887319966498
0.663879250049152	0.993387688367411
-0.427955542343734	0.528830707332915
0.525236597342755	0.609816448604758
-0.44077318162309	0.600806590112776
-0.51873645594679	0.721458267508041
-0.0717966775627546	0.0634125895278828
0.10163284995878	0.096675376908424
0.357107233928684	0.416843174701498
-0.153242062559778	0.14096709522556
0.21151192459737	0.195796044016431
1.07454879718833	1.61057908972003
0.762474120325763	0.812806432575903
0.246926886179466	0.270327868643142
0.366767041773608	0.427304638046498
0.707112918094192	0.730612437703214
-0.0315945151802334	0.0218560931865763
-0.286843155137836	0.281594753171954
-0.0442108331559863	0.0513062289111523
0.334151847913369	0.442274348007877
0.270498623061233	0.355972683048697
0.123968630483158	0.12847034557545
-0.257316950481796	0.344412121147004
-0.145161842170881	0.185742994603461
-0.0938081638901638	0.0915142381850531
-0.11706401513443	0.100149932307177
-0.258885269511997	0.217419150169727
0.0207336565619175	0.0320992222454426
-0.0609653790640976	0.111843878368886
-0.355457787200804	0.590655407379175
-0.0771107062501029	0.147914296792659
0.0160052332874608	0.0148459758299378
-0.0600468161521198	0.0548589446014553
0.160931502117502	0.143178308979392
-0.00251604707947539	0.00186674125830051
-0.899793799751458	1.15115318811079
-1.19212592944158	1.95825001247101
-0.367975713286801	0.364726049636045
-0.350074070991183	0.368965517341654
0.158005983532391	0.155462269570821
0.568810705837556	0.787527981938799
-0.0930000940854792	0.0823204549030624
-0.0884853036703339	0.0932175454097339
-0.336242939440116	0.364174644346314
-0.17765833966137	0.163410018490217
0.671428180436926	0.916054801635093
0.0962536200317933	0.0894041151382901
0.211121447483635	0.181116798915209
0.319922054852771	0.360616621706381
0.524640390738119	0.629155748334351
0.25234522362674	0.29224178508719
0.209699859519281	0.20309390525346
0.264887365400575	0.302778382590196
0.350100630718141	0.350204777686176
0.260077848909933	0.250496986423217
0.217740584988894	0.184781466655099
0.274654594770487	0.25852849743475
0.0239075283457486	0.0200416849651532
0.655320265641368	0.928765130216378
-0.489377740875082	0.484584453314597
-0.0931177982764367	0.0806687855068828
0.203620287876029	0.195974549653578
0.0765082646319838	0.109600122780131
-0.0728910517369774	0.106363878119535
0.024349641094369	0.0304471920548256
-0.156828382400849	0.237661827320571
0.207286409071019	0.333690695371518
0.0715624738215061	0.0826544294065835
0.0605169207437034	0.0761297751687972
0.00834693458676049	0.00637473883473992
0.203201013637332	0.190598542474221
0.621621002294762	0.681534364190371
0.222516401953514	0.184802338239674
-0.147488311721732	0.372645412799659
-0.333021032957937	1.1383660285832
-0.459176077091664	0.863692069861289
-0.0547692283122918	0.114255977586507
-0.318056059770203	0.314535010729841
0.0135094213251184	0.00871373789687657
-0.43603786476972	0.424354508491231
0.914674400556278	1.12652398029227
0.682453071720916	0.783320148248571
-0.159805809496768	0.131910689605174
-0.0577100932112249	0.0455941714612656
-1.36316575251883	2.15780280977723
0.395551928910133	0.360481458055134
-0.892874695409385	1.25944939296158
-0.0641755889589368	0.0621704223398296
0.0265583009280214	0.0209641215965396
-0.247657886594208	0.219139561228342
0.283769332086008	0.274213997575172
-0.50712347930492	0.514733239433503
-0.917967917707643	1.47313872900704
-0.134081200611	0.110656654057268
0.29324919360597	0.243071346613081
0.138864731891948	0.123540031119723
-0.122506757217413	0.0909001800219755
0.461014495434884	0.449968008310549
0.696387489635404	0.609279864046003
-0.580760174079942	0.562565911004744
-0.494303667319997	0.577611451595747
0.523950594045543	0.566018070862415
-0.212486407108	0.18356377892269
0.0843089364751956	0.0682870339131262
-0.0886585486592624	0.0570892560216671
0.35164378027267	0.356950438385729
-0.200338901705637	0.360776347851612
0.0518151560723859	0.100662704913831
-0.101509276869828	0.192699130382967
-0.148154796569877	0.302122511913096
-0.032289559982272	0.0432848577919122
0.0358632413713557	0.0577251879738696
-0.217113020923298	0.354575182823049
-0.264565387145817	0.372740374116971
0.00855321638210275	0.0134651443656397
-0.307427686950523	0.674694596758757
-0.0788189839015117	0.116776435194566
0.123025313776325	0.209808043080626
0.0897754407607191	0.129066924390409
-0.0297525506570263	0.0465161478993192
-0.222047399820167	0.53538461813738
-0.201620300992753	0.439277442189441
-0.421483642050414	1.34467781608995
-0.23588194643263	0.495798445193726
0.213755885572034	0.385205095277916
0.0675037412967633	0.102151805941472
0.195476945907065	0.320646990316701
-0.137581924691228	0.209977384468261
0.290193702872704	0.577220787881801
-0.867330083871908	2.70674090177732
0.0203367406481398	0.0268723039263506
-0.217799433186696	0.373479947584572
0.225213139258069	0.37729282976799
-0.158636016019989	0.244456691805721
-0.31345173543009	0.584213896503702
0.0764881591063307	0.115560922231265
0.0849238154703663	0.113025821310243
0.129732238092484	0.198974894266276
0.195600794695208	0.276972168537265
0.499970540532275	1.09005338205537
0.0790077577476195	0.112486076796068
-0.0301035183356762	0.036949638741989
-0.00761146691852929	0.00923833918660952
0.204807336814319	0.337472466480228
0.165519952761613	0.230111502617977
0.446564097908935	0.788650173321124
0.144143497486499	0.200725256859019
0.117675416242186	0.167139365835415
-0.0761367529689392	0.095607561747768
0.239957630917418	0.35289820003172
-0.0573789975124957	0.0748191973724011
0.0688360120145525	0.0891714188716632
-0.140867902816059	0.234442895456875
-0.144350111721932	0.228389969780761
0.126153674911733	0.165354486293919
0.000604125422365714	0.000888675421843758
-0.0959237489030593	0.163293346606485
-0.0967947719332024	0.161864207348745
-0.0291626547128635	0.0420742124860838
0.0733453403657318	0.122950065289451
0.19105344455076	0.385797979654298
-0.00972946508214355	0.0158178414917493
-0.0946090754697793	0.13981751358697
0.230782081770065	0.292090034730332
0.296361439808069	0.480601446525318
-0.354867307102718	0.767967873028954
0.175614185224378	0.275301328768604
-0.010393176088825	0.0149347594383438
0.175726866324956	0.350355435552341
-0.089286829752815	0.153443224130538
0.314937853436505	0.686633346577146
0.00344995023669733	0.00481577186191316
0.0515298754057846	0.0731324277872963
-0.083981171939884	0.121621371211491
-0.0928828178151868	0.143596598876653
0.169173384282368	0.314694354324828
-0.0131605147497942	0.0184489271446142
-0.00736423011311966	0.009520820794466
-0.0823790844671059	0.112104888651908
-0.104101597442529	0.151843282020182
-0.052667594031929	0.0708756794202603
-0.20268760515883	0.359778228871314
0.0429895426477455	0.0583277987878073
-0.164610595533521	0.264203837155428
-0.109138925531187	0.15510246216553
-0.194415378989491	0.318852063038595
0.170660493885273	0.248382380449256
0.0143711048302935	0.0176260589958434
0.349371614322736	0.64793893114188
-0.359770959434733	0.676243619849793
-0.105408569160682	0.1531072300428
0.142932546594459	0.226929276810817
-0.34419104884262	0.646602255018962
0.0218745051376693	0.0260000621195199
0.00922896109787459	0.0119203704250739
-0.733935154050033	2.07907247326349
-0.407805566500446	0.779853862152004
-0.796773267401236	1.82151664998631
-0.104161060246321	0.0682604767740484
0.132833175743366	0.248197611855852
0.0163812477376081	0.0270546044436739
-0.0553893711670686	0.101477740996383
-0.0671042848851	0.112356274463063
-0.641919419196271	2.0370455044947
-0.0277452652286078	0.0450456573170197
-0.180611216617859	0.390915473207625
-0.123006907830633	0.256623360166593
-0.00741408751523226	0.0101309105952169
0.327938818357588	0.447246351114377
-0.358445920851285	0.583512554896968
-0.183431299808795	0.335633990415835
-0.238948929038794	0.369058563132873
0.0519465172049801	0.0877369727431663
-0.425640288457212	1.13530367477037
-0.197416062155712	0.400049696118368
0.400507406005004	1.02934760571402
-0.246026480367424	0.531812208727081
-0.0776158596776509	0.12369576584897
-0.0168103654142495	0.0242994653124714
0.331570311412659	0.796626608967874
0.308102999051762	0.723140085431409
-0.620718104774458	1.98974965278193
0.200855291513294	0.324555369704709
-0.340570471056654	0.626693936024222
0.374337235145878	0.866550803308653
-0.0424182599630161	0.0642337666069151
0.265965582440616	0.49525094237557
0.14149099133379	0.245011780690792
0.0686739101824437	0.106288363157478
0.329453885028472	0.716298894022826
0.0922069911522822	0.147407310539659
0.0577183126738049	0.0821865954922498
0.0723565320974256	0.112673523736544
0.238773410846544	0.461600990113109
0.302061456931755	0.568233603608024
0.0276284266047551	0.0371383244661128
-0.0339454260504308	0.0454652783725991
0.0408073688417595	0.0575520117742799
-0.127644363971658	0.196224622548744
0.427562108912991	0.876988919502625
-0.229242386565823	0.373725945985066
-0.600825377037532	1.52419247374093
-0.344954939377106	0.745793828846542
-0.318912451802225	0.574186175159814
-0.477778980343619	0.814413999698337
0.205336543125951	0.479567030925559
0.0623925911567243	0.12259552356238
0.16326340382988	0.326551341541991
0.269769883299687	0.673651323968846
0.196285931122072	0.494731211354905
-0.368546894252398	1.1224453813575
-0.106703056851352	0.159180180046944
0.235342172425628	0.328321843947138
0.22760443898337	0.342100012336492
-0.146031835420616	0.247338057685866
-0.0185263489524257	0.0242573249463549
-0.316910672013745	0.83010400786149
0.0761063239079704	0.140304376758717
-0.248024487546629	0.582645952528954
0.353206438005092	0.870975777236562
0.265485522591668	0.607711878765131
-0.057332666915727	0.0934792026924786
0.103223589651939	0.186845672278202
-0.106564591714232	0.200608038977173
0.13748892675966	0.251862409894744
0.536747948010565	1.66159969784669
0.263785837544313	0.548805725959515
-0.0476224381310715	0.0708037433508539
-0.189760458543613	0.378276888022082
-0.399993457582514	0.866370459151777
0.118892892366462	0.205077766790885
0.175058134141906	0.338153892289942
-0.201181564620727	0.374736316916091
0.488403243233536	1.2511539427779
-0.0681794665632079	0.104819201217312
-0.114459271871233	0.175311870014301
0.129579981316842	0.231833297668444
0.22307630508427	0.437315347525564
0.0989386773114098	0.165427057795032
0.188623610511075	0.303691163898229
0.157274166089321	0.264831439728191
0.0817091101922018	0.132012397985071
0.0341483827747218	0.0491916404260292
-0.0192459214961307	0.0262390411807833
-0.0866004324464532	0.133910917723632
-0.206841046318296	0.406580050493651
-0.238760103277595	0.495662102424939
-0.244632275901342	0.457569212094518
-0.351223549270726	0.737459104346536
-0.442472420343608	1.05555674898837
-0.471134224286648	1.11311910690778
-0.413812715274158	0.930461691590138
-0.411562038640562	0.743166505996291
-0.00550189749219484	0.00923698786893003
-0.131644590685596	0.253649724842422
-0.0653987805689674	0.123327744986011
0.0757990803244809	0.137868318954979
0.16704294687901	0.360303978230092
-0.183615551867616	0.330744034049137
0.523761564344882	0.866494327013022
-0.404523543551131	0.721358156036772
0.0135121554636448	0.0187987977070866
0.0846417204294377	0.1098284362232
-0.332552393567171	0.756406448073479
0.134085763383184	0.257295764405322
-0.333700779485143	0.89324986537968
0.0291493505296525	0.0448975443103126
-0.0111027366020749	0.0163971771016394
0.0684097949082704	0.107169865313438
0.22893084432196	0.446647781811335
0.137595350651975	0.268773465079562
-0.0175774203828676	0.0253699802677575
0.382316773724285	0.973248864106429
-0.693647170350203	1.98992192743772
0.00616275117080513	0.00873853930130509
-0.158776219418001	0.272077281463945
0.0229576048086121	0.0337607297927377
0.15854103498649	0.289474913135634
-0.00660526534311745	0.00906428095127817
-0.0976302785575574	0.151353728180535
0.283355510002909	0.553886562034445
-0.241080413885278	0.470067961960495
0.198094508111479	0.318896475011978
-0.179020149463167	0.308300845841342
0.452011791158692	1.10726904402449
0.0841257310744812	0.1212325815176
0.343295896806526	0.698054686541556
0.107798496560636	0.167660852612519
0.450131947381351	1.14736546502085
0.450901376647	1.08876356811368
-0.0107200401844053	0.0145209931284727
-0.0695319327533951	0.106506045643183
0.0872057449303571	0.136898656828324
0.0951806984896311	0.151603801360108
0.289788894069495	0.573199821368139
-0.184390511471913	0.347586080660251
-0.298591567517389	0.550033294984949
0.0722586327455703	0.117146737496062
-0.00325620210155477	0.00440112180241158
0.154717427583039	0.272908111481575
0.0822863463190452	0.119328828583471
-0.340747940930449	0.660291141935753
0.116042247896216	0.174720535037715
-0.274763363733924	0.515172286194371
-0.118946483203098	0.173808420501852
-0.60445724101488	1.06080844054462
-0.0232630585528308	0.0411268034998057
0.192958211111293	0.454166456376893
0.132813712201109	0.296904675307677
-0.14055979308187	0.315493246743444
0.16179691038739	0.279779169673866
0.189111286668325	0.2812741512122
0.154611957950712	0.22438069073424
-0.261952977007713	0.511620460524164
-0.360197648780271	0.696240917382534
-0.358556400702819	0.961566771353756
0.00103414713474094	0.00164280909657891
-0.275333341841826	0.704178877097117
-0.0225116756278602	0.0348620042367496
0.229610516215336	0.513821975884533
0.275027971976813	0.634860065961985
-0.453000679896244	1.37011675659015
0.252734511825778	0.574236204661395
0.0582938390056544	0.0993815761688964
0.210989333765093	0.436483893338224
-0.0205339215300657	0.0310148517050315
0.3493854489534	0.825852927417557
-0.221377912768867	0.464361242516519
-0.0583416221969247	0.0959707500177305
0.00181925477844099	0.00275582928442386
0.0976355267770435	0.168986046532063
0.0140290903674777	0.0213503616534047
-0.23539590185059	0.470482656080695
0.317569232745729	0.711092746051245
0.0616118342637111	0.095371770209937
0.052903457113553	0.0851093466324193
0.193442662264704	0.343234277770921
0.0951074658683839	0.16782100310996
-0.120555306918999	0.205310006254761
0.0251502130375986	0.0365414112253338
0.42865798003386	1.02442258203281
0.0845338670550896	0.138048729687475
0.192575774775654	0.360760104521869
0.33623736373318	0.743429355602229
0.0053568203336709	0.00729807571815047
0.095726299090052	0.146133298019223
0.241610311046276	0.474616847656224
-0.0398260466672826	0.0600085328471318
0.101151470986943	0.183509185965783
0.0824908064124886	0.133078325787203
-0.000306527827392942	0.000349150645555361
-0.0756733501633578	0.117161480536855
0.408183875664122	0.953020853737692
0.049635343424753	0.0756018097027523
0.0608565256288153	0.0966928428414784
0.170163530353596	0.325910559886012
-0.034745303005119	0.0497347493496026
-0.22271594574467	0.395881879291687
-0.498513878513591	1.29729661037875
-0.633008546363006	1.79001015701481
-0.0765880342261352	0.14744833648204
-0.0290071646751999	0.0444349684896093
0.37029206199447	0.629779750029415
-0.170045261353213	0.259968781494107
-0.297872385578041	0.679049471487048
-0.180871775313717	0.281932758936069
-0.105488587441015	0.195326942526782
0.134386656500205	0.260371663935043
0.17764919326921	0.385230471901108
0.121575143711496	0.231023336484378
-0.397865736507335	1.10550254897604
0.433887959138531	1.17561393773214
0.00997329995261755	0.0156967974570178
0.0064018767343081	0.00974718190775837
0.310211960755047	0.774334046302812
-0.0745485804513838	0.132910284769805
-0.00567946354204335	0.00769981803258678
-0.218549646253021	0.407970723897747
-0.222752814084061	0.467530814977649
0.295611620383429	0.637552316926792
-0.146074142166201	0.245967522320999
-0.247021072844635	0.503386662699796
0.191617288434881	0.367063865202508
0.0558735223277496	0.0834918285214289
0.511372516318563	1.39726814880954
0.262890707414205	0.553161081528906
0.394123232379439	1.03204762366445
-0.00393138350673623	0.00551781081621284
0.400351758962664	0.902154315750183
0.0304850210430548	0.0451930714144916
-0.0195825340788177	0.0260274056193027
-0.168462844590338	0.304402516562816
0.324544009607673	0.733985613092399
0.275012472337759	0.555702214692626
-0.472239722593332	1.15641520921531
0.0702892236346116	0.100138365319778
0.0764768153752997	0.112927588892636
0.247581828367133	0.468336684489143
-0.192131310698085	0.347332050951688
0.0216694384860912	0.0310693878005033
0.372648752854445	0.93870067599909
-0.178220284787264	0.34251636341605
-0.220450970759066	0.418556322883262
0.155206430040967	0.279548268570192
-0.694848485223514	1.85358478614165
0.117963042451231	0.193457846264853
0.440208992252432	1.10202945472035
-0.172156718835076	0.294367335800955
-0.37614923529705	0.739678250858268
0.15550602435813	0.267575022754882
-0.136865115143459	0.220516275954083
-0.296409756486977	0.575996673112562
-0.586201275669557	1.19715541316165
0.0378085167299327	0.0678154058120715
0.0250643158066009	0.0447210773222651
-0.0999519143114394	0.187800621692173
-0.242582644519961	0.452129510997566
-0.0737906162821368	0.0918794164501426
0.190803538336898	0.268338726477985
0.0997015697200384	0.158620581622094
0.0169711243961438	0.0219264911859432
0.0709104946952734	0.117875526205679
0.101795799571337	0.191683251971419
0.0685700289652321	0.117816389814191
0.0334806238182812	0.0476826311160709
0.125503591589483	0.24054565981434
0.321539988072789	0.715774493043497
-0.35773038240818	0.744401108881028
0.134040360449952	0.25792572860347
-0.226694566558353	0.43195960872071
0.141888104660138	0.260516786640213
-0.0509776606063163	0.0702356906059761
-0.420284899287324	0.859978185939772
-0.00774688524004897	0.0112420011806782
0.0342250586007841	0.0483439553373631
-0.110813725348042	0.167559990836045
0.0658024150450636	0.100968511524068
0.28274237758894	0.580066840728446
0.0630637091147175	0.0950273829831505
0.297383303556992	0.51530369777639
0.0956761944772968	0.141018118746109
0.127437139016945	0.215646798831492
0.443692781311925	1.02770722544872
0.129259524136631	0.204478326296952
0.159782588391266	0.247839803040637
-0.184216425804764	0.292057682117224
0.0990378414377673	0.152015509305777
0.485093426524234	1.25417262247699
0.241466470688647	0.440107090002357
-0.0693758311095732	0.0957188218889157
0.0307207426817561	0.0404024754049356
0.191547629950981	0.306120748282133
0.393141111449299	0.841942572117745
-0.220946535310292	0.404268138598484
0.0417591577740741	0.056791203660302
0.184305810661059	0.345895534916843
-0.0221406261883176	0.0303131487204249
0.35481425159741	0.685889056420436
0.197969701019489	0.319772607711635
-0.350076632456987	0.698268177220515
-0.147797917714392	0.240995934118803
-0.156356907583616	0.237485846554146
-0.280710666731364	0.523186675786744
-0.0639576848696321	0.0832205653936664
-0.113063274184195	0.175503238690053
-0.0767173190440277	0.114854339316523
-0.541429063262385	1.14072236201998
0.0792830343266643	0.16226878105697
-0.0772222768650102	0.160775010200036
0.0883664367445643	0.188675376329101
-0.453104329522662	1.24577788371642
0.2981199829322	0.517860717034917
-0.0355795814222392	0.0460284234975633
-0.0967644584895136	0.171417472683011
0.272893110743683	0.685664875024267
0.367644488578813	1.04845489069531
-0.0267336713538521	0.0432590003213596
-0.173466191022612	0.346388695800979
0.0569879772859584	0.0937835474948764
-0.503265711801228	1.52654996574754
0.145281293113916	0.302814518419683
0.175849917018485	0.35709906120688
0.0508988496462441	0.0876398452658839
0.195724648492239	0.380985592293484
0.114637131841539	0.200590258497638
-0.159474880141793	0.283151442483725
0.174394461372305	0.336786771902464
0.186526801164122	0.352071440056287
-0.0360366974749374	0.0576650577991828
-0.241258647465836	0.46618911732544
-0.080542687383611	0.128667089757502
-0.183928648255708	0.343497093870181
-0.278913809455749	0.543214398518364
-0.00863718078663238	0.0119892462754407
0.222251776735378	0.425076613659722
-0.0274571217574881	0.0414532220512995
0.224335549787124	0.41645821805791
0.376223325054239	0.842811053650926
0.141086520107425	0.246561639890245
-0.200722878855022	0.358826775500611
0.400825909415416	0.954092815669354
0.139233864407195	0.233197733046778
0.276713066534139	0.527508998595434
-0.192898076855621	0.34645798429074
-0.287188159750021	0.607602161404823
-0.0635725639295641	0.0938540623736439
0.172463816879972	0.312242840566859
0.289676895460889	0.653810445269351
0.383289132828952	0.911307548970948
-0.103224125047684	0.163210722971526
0.176643758642188	0.313742541158232
-0.163695517526989	0.288786053221546
-0.238041455283875	0.480802935142428
0.17554909022953	0.314479380626131
-0.0161280750505381	0.0217288450453197
-0.177545573901772	0.31000390418651
-0.214664082225015	0.415453132596101
-0.174754258249502	0.312883435170727
-0.305631643648064	0.582183151099857
-0.27844999013254	0.412052110474646
0.00136452369217697	0.00233798596500951
0.0101121350332545	0.0181993910454794
0.111891730960193	0.194394588429033
0.298130950022917	0.450290577332228
-0.163292777048543	0.25636268751901
0.0571466970715692	0.0849486671481922
-0.191554335565137	0.392987319245231
-0.0127239767181279	0.0210949091502187
-0.0410226184295593	0.0746797626503464
0.220020510144659	0.469170349749663
0.215547411057737	0.472975985031932
0.324577498887089	0.795831446874219
0.0254973958900968	0.0373268796230868
-0.0179100233282126	0.0280545868144456
0.142376928652761	0.268900639331584
0.0126654013168259	0.0194488365446761
0.16631113455234	0.279442757018992
0.18784656290737	0.327464697262409
-0.179661976694904	0.341479315178682
-0.22196154348544	0.46593328128936
0.30959206526977	0.66705400376646
-0.3987433646078	0.869008585480907
0.184904612579854	0.343895411466798
0.468161572652094	1.2281872411081
0.000597522360340682	0.000692342770302923
-0.074053012973041	0.110010661909621
0.203699695881179	0.388576462014555
0.410965818235355	0.926682169102017
0.0906151931619527	0.140710351406078
0.0914564488697644	0.147676261959766
0.339388000834545	0.733432952058313
0.229655246240334	0.452474667279964
0.367371377781944	0.82527846641299
-0.114493374644442	0.176159357427868
0.330711837920609	0.626861627495557
-0.0292164960075786	0.0407793140600555
0.0363639623942745	0.0505024562375225
0.068306603114008	0.106297731640646
0.120432241579173	0.194639998893185
-0.201372120469028	0.386073127940917
-0.349099836623555	0.742715630931065
-0.0201491739919803	0.0279378276832768
-0.399487428235424	0.885471708653901
0.088471279135406	0.130447532166626
0.475381612374752	1.16414629645527
0.104699467125721	0.153487925699232
-0.413601774137767	0.971024883371606
0.0921621475045219	0.140932816000753
0.090072292078611	0.130207688055564
-0.235055874334114	0.429045336758254
-0.4677637711367	1.03554949258995
-0.243260895550631	0.437066590740071
-0.392390639406559	0.606733320049255
-0.0798093083199759	0.0697911104146837
0.0085878532879949	0.0112973512372731
0.141518812475012	0.274242965170943
0.247663382027973	0.586936862296703
0.17845179866459	0.374260471520813
0.155487196617939	0.295311649076419
0.125427478230301	0.231097712440825
-0.125427330410509	0.212019378863631
-0.0601450584191065	0.100552547295965
-0.0312275315710669	0.047447466224292
0.0884555765936236	0.148764909538228
-0.0146480336787213	0.0200780210597094
-0.0927016967870012	0.154193350981815
0.301247427011124	0.636815311295058
0.419785899725638	1.0394602116883
-0.151276618840465	0.274428049152377
0.148548148376375	0.253607069983264
0.311440247362568	0.637183234094534
0.284409849988328	0.553733199031272
0.185376161300431	0.308756623898598
-0.165450584441084	0.276382435640248
0.321005962088274	0.709924443118455
-0.101200243224747	0.159886590173084
0.549828684678719	1.46154777533961
0.44231226635265	0.989291026348663
0.33633760279109	0.700761915754808
0.125442085858836	0.211754664470907
0.834767851839504	2.35254359276232
-0.476830647770996	1.09306489813506
0.56270457149569	1.44691478603712
-0.118484446339661	0.171061856267673
-0.244082978139378	0.403979955261281
0.295407643512214	0.556074572875067
0.159941840361984	0.284354684191792
-0.291369272299871	0.604570745589344
-0.118887791670686	0.20067406183492
0.131803302421355	0.204822784570953
0.122857208729621	0.182226504650564
-0.0888421743727346	0.125010843367812
-0.106333820688363	0.151121735132454
0.244879042243012	0.442128433300936
-0.232290474959676	0.42299241030695
-0.0288137645140885	0.0371411510848897
-0.0781303984088025	0.106641704171975
-0.347738139882824	0.731383310080848
-0.235402849906427	0.413465876575152
-0.0443585799019039	0.0571262125428418
-0.253725654777348	0.377015121408922
0.0444932433959772	0.0320896071515754
-0.296590818567125	0.321922166309799
0.337322937782894	0.632673425019097
0.028213351028643	0.0393938531446113
0.362993816851451	0.980314132382814
0.268094123053505	0.659266693835538
-0.339841619641082	0.84463278852989
-0.0951208558423269	0.184332678709958
-0.268140893345581	0.642489264590958
-0.165337291239311	0.336560611453781
-0.248645059709377	0.598044513540294
0.424405365786256	1.06995034935482
-0.0167171565203575	0.025446451523162
0.194139981926177	0.359435796460316
0.129834378957447	0.234238547068829
0.00597022590590947	0.00887011538364514
0.234505765923307	0.471810733182575
0.396160994284305	0.962221921195327
0.184022210993151	0.331326301692593
0.341677386106859	0.770373946757282
0.204351424285173	0.403830961711171
-0.000166263160419354	0.000272563618079392
0.407736898845827	0.939285503811404
-0.0264394920991643	0.0382070100054321
0.364080525251052	0.827126901204293
0.233930851507359	0.461330128543354
0.55840469988064	1.39336766835246
0.112818743816304	0.172322742446871
0.0305846250513491	0.0438053390342861
0.0189871727362346	0.0253690997465333
0.00945599453779204	0.0126269624094741
0.07096746545226	0.105750969510003
0.103397472750455	0.163289284130423
0.262291940835173	0.484564924108471
-0.151606295378007	0.26093418738209
0.155310550961758	0.275021835838913
0.156761284747538	0.288298769091634
-0.0498456317750285	0.0783369904981486
0.0398853843685154	0.0567751672043075
0.237272489430664	0.437928853453526
0.693716152289762	1.93359883971754
0.122294812917317	0.184138612247625
-0.206387867024367	0.348152793388132
-0.209744390056285	0.39355505839418
-0.161156205502472	0.270733213838555
0.0166725734165904	0.0195288918172266
-0.117462942335835	0.174101571585356
-0.256556731717985	0.472606415076716
-0.575145824843689	1.45460285511224
-0.321276185830343	0.49863754281962
0.362835425256547	0.960969007364193
0.0720404121411845	0.125216201671892
0.318466717403185	0.766731907775108
-0.0469209210890187	0.0715191566792215
-0.423314351110478	1.28711708052313
0.0212109600464207	0.0329140643034665
-0.0116856883308914	0.0170316976583009
0.214460741071391	0.388970101187047
0.0878224761557173	0.130984987765881
-0.0281512476279391	0.0427969157219532
0.0821430461786131	0.128553005172996
-0.216635860451241	0.398725001827748
0.0124128094287178	0.0168870691392226
0.0692791405990889	0.105154011383423
-0.0486639799998014	0.0725538497955622
0.260599086273249	0.523397741130403
0.401329157943673	0.825453944722275
0.119894166902775	0.193103658648306
-0.154527801002274	0.25676740912591
-0.0504147314953074	0.0721887443168418
-0.0443494091351151	0.061232460462254
0.303258709159969	0.583721445139476
0.0836804686112553	0.124731549340504
-0.0967020147832895	0.148393405210274
0.250114393431448	0.472350253909156
0.136985607272512	0.217196603280838
-0.0547833409552156	0.0800664338001105
0.245199539871797	0.444194744468419
0.290384311841871	0.52678852640643
0.673667936770557	1.91200365860255
0.151482103997495	0.264008658600408
-0.0899083125053542	0.140799469076269
-0.084932682894856	0.120333714176537
-0.185161791973541	0.326054501159232
-0.237646289471362	0.433941220541162
0.465440416729327	1.06105783066137
0.0193157870176681	0.0250888647377899
0.17718358930708	0.304539960642715
-0.209653238089381	0.385028343373811
-0.0230813949514927	0.0292164406773514
-0.371881133547521	0.760724727125627
-0.357257935465776	0.684891556329437
-0.219918047633107	0.378235767716485
-0.691357998649999	1.2924256653878
-0.174512589726895	0.173336690567909
0.112509045082726	0.197760280418946
0.195547874630324	0.422102115020905
0.0276276935348763	0.0450847493374768
0.264350310646411	0.574493243977972
-0.00179657215500093	0.00271997159491013
0.075059226257579	0.122548652176748
-0.0163331399283329	0.0242762101677188
-0.624451510344451	2.13270064631159
-0.28569600338828	0.629637058949298
0.48981120899922	1.50839799322658
0.128875922775067	0.212156779101642
-0.32282609419398	0.678860243226068
-0.037052257144289	0.0552517607440908
-0.120109385814086	0.189161341744229
-0.110919671898555	0.177342819449497
0.0740870937500227	0.119542140268447
-0.171985036581651	0.303707729510909
0.608962907446541	1.56893432767753
-0.000210915154993371	0.000249018599151726
0.670926947148563	1.85370652093822
0.213640146430268	0.406165670885688
0.237494625420142	0.440622393930019
0.0690798246172811	0.0997111487589485
-0.23598534714908	0.393180714817944
-0.347550434761183	0.639971748550417
0.180886065188731	0.316035575211338
0.272117011843961	0.545061909888387
0.0848293550006532	0.119924278800249
0.18328884638628	0.309908049094454
-0.0824181421978863	0.116499210402786
0.094004864994482	0.137483227131663
0.0104331530018624	0.0139816654036238
0.201216299916159	0.335687491670028
0.310686862218212	0.59704852879518
0.36028154446172	0.76671595677681
0.0086884539003572	0.0117660762790333
0.0739896613374386	0.104091973231198
-0.0946473915621173	0.122474603995036
0.224572460443261	0.37415493844279
0.105527938041248	0.153318413746928
-0.130112796731039	0.21740850096997
0.0535481818617327	0.0757773951657012
0.295999459585247	0.540182944621522
-0.305157257572167	0.567053173433032
-0.00316159515109766	0.00387469072865921
-0.250329766541605	0.421497948579222
-0.347770649533323	0.563131773392403
0.093544203559603	0.0855533172882762
0.0399901158290002	0.0339584848314951
0.0133757390525975	0.0193079972305272
0.159484038801042	0.318779611256635
0.0635493562841686	0.100580766327209
0.0203803479743705	0.031126935511565
-0.118573718426039	0.213942102591424
-0.321358857173709	0.74096589461644
0.315026928062856	0.725975501191986
0.0807815460947924	0.125594258049762
-0.0216821186554813	0.032547179317217
-0.229233336087794	0.422965463718877
0.108952473111067	0.180124887225798
0.099539501733294	0.171459567014248
-0.0776174762240745	0.121670617727546
0.222697889680912	0.400667702734079
-0.152942580504209	0.263193448232554
0.192784612489022	0.317266419335019
-0.209276313841002	0.351153603899644
0.260092160550103	0.492024343819566
0.280807466650073	0.525484532204454
0.282716177364905	0.569421097117934
0.0153766796896045	0.0203496817085759
0.109848661369205	0.174883367740706
0.160692244996778	0.251883247004094
0.105323076955665	0.156299889091246
0.0592406706740236	0.081826930571644
-0.0410107055028026	0.0531386343374309
0.254127255195057	0.42924212152247
-0.0217819652455617	0.0281433005871177
-0.154438640566968	0.261101783346693
0.3822042563982	0.67356741244851
0.456333834945517	1.01493376299021
0.183585361474277	0.304127206259332
0.0353765344711215	0.0555060490179604
0.291002836516161	0.534029786230579
-0.325017133734789	0.709721055426808
-0.35751078042541	0.709481402382068
-0.191606156355739	0.294648788680763
-0.362625007307952	0.783401247840151
0.00275956726004235	0.00363215832405641
-0.101530500544537	0.144595743185157
-0.0893397953871229	0.129875507971575
-0.279811575221697	0.428376217940714
-0.0118433870821401	0.0145821176816865
-0.160445578686179	0.234955940161456
-0.181719132531964	0.285794314510197
-0.12130215478069	0.142023063447947
0.0206157622907381	0.0166958150512837
0.10977525363346	0.199914879586539
0.159943899398897	0.309483262093608
-0.377659036966947	0.840064056535279
0.0380544317727975	0.0554513366777656
0.0544399570823814	0.084029645026558
-0.338624959446638	0.653626443966466
-0.0715798402416996	0.112629626528862
0.184898387245603	0.313332863291286
-0.128618911988831	0.222176002877693
-0.245583051324241	0.490416513999113
0.266344099297127	0.502955940989103
0.0564705465742742	0.0846790146920057
0.086762854681319	0.129210851318492
0.461063253836884	1.05625651879617
-0.0245589670936423	0.0342149202705009
0.0419080439236515	0.0591840852482331
0.0746588455476737	0.104610493465526
0.0144401291875092	0.017239953720832
0.181929099974328	0.292602394763513
0.00740436038269977	0.00896278785920575
0.516547964380477	1.12253448608226
0.194932811486088	0.331822938057641
0.246084143686605	0.347619655036188
0.145394670199452	0.209415110083499
0.0353734576002615	0.0456531300068035
0.416306243361099	0.86321687200316
0.311651462902918	0.587683087035683
0.836958671307583	2.28371199527723
0.255688143602541	0.412582614789224
0.290947253716241	0.478770164933649
0.47149510524976	0.919053995275211
0.0991657088133081	0.1425542849973
0.0327648495303503	0.043604123546581
0.0216034651744593	0.0302720257933226
-0.00991015614848418	0.0114785237662486
0.477267438925438	0.995291658132111
0.122176725875678	0.166894917474836
0.332124097053896	0.55434280412133
0.0847588954824545	0.10856198861828
-0.201819283982745	0.32686792660207
-0.130148553167335	0.182665917762626
-0.00873010002843996	0.00951582426833683
-0.563097809582951	1.32587939111423
-0.140318825820882	0.208865224513258
-0.373745339870019	0.689067940315103
0.166563314541088	0.288364566994943
0.135440658522564	0.208329946436057
0.0223766182128583	0.028153439151156
0.192472313836491	0.310193279998647
0.082502104921027	0.118455758839804
-0.366771410025196	0.689578162415548
-0.404262098320496	0.823285612490073
-0.214126685757022	0.338014724513604
0.480908002954369	1.0601755654831
-0.237729006413293	0.340785485779578
-0.24297516412503	0.425918936892496
0.284296914409946	0.439778534825231
0.0580187789484469	0.0631027219696834
0.379596583763746	0.67758274339533
-0.156776770514026	0.229153433588389
0.272961683979456	0.37089369741389
0.0405264686914973	0.0454541761652699
0.0506007032296406	0.0544200891303508
-0.00735065364713075	0.00701634143292986
0.269199698064735	0.411988120550694
-0.0859996218803471	0.0923893207931687
0.601713446301166	1.24499502604716
0.352849536946578	0.529903251414403
0.179173565342345	0.215282152812984
0.434479655661347	0.754197112406271
0.208358515649374	0.274212156462823
0.391351804847353	0.603020811840596
-0.170351749771223	0.214301988527359
-0.216059493509254	0.301623841565682
-0.492966322548138	0.848664338607344
0.0815887211384727	0.0925774067790926
0.354828273443435	0.619049697777761
-0.0362951391452737	0.0414147910057074
-0.207933592225923	0.303557456851756
0.279509275414038	0.388866496791809
0.0100816231547973	0.0099507422636932
-0.82943603045273	1.68974183682338
-0.465306319610104	0.715219409966926
0.170363879370732	0.199185511485157
-0.0600273828460443	0.063850604979101
0.426827919006652	0.764697575768854
0.454141257384311	0.699751046917417
0.348780533559388	0.519406810029629
0.153243016431003	0.201603482756336
-0.163587119417516	0.225529499018602
0.0550499291009908	0.0644260702153508
-0.0196001727437554	0.0211367495521956
0.272360698564791	0.465852404392943
0.0597920328107245	0.0714068292123465
0.293717365950527	0.477123852023873
0.108388703819811	0.152669991416612
-0.120632122891796	0.181186301882175
0.0418588298563297	0.0511381631935495
0.320434937749561	0.501616827506456
0.18755668050629	0.260078775692578
-0.0203499229349038	0.0233840343799106
0.215463401143136	0.321602896814971
0.533247865772708	0.99639089953472
0.1652322848553	0.247401782391983
-0.639708938015418	1.24176824722011
-0.155615754807167	0.203804171990195
-0.351709766451444	0.528197401066612
0.128859885413732	0.16371529137679
0.0254723745281503	0.0300729872339017
-0.0158651538102121	0.0165977115499681
-0.209354552357751	0.286113300040922
-0.391812122738143	0.634499085713472
0.0745467480398049	0.0830527326567813
0.501853609262233	0.774735455094709
-0.14477310169294	0.182353412740254
0.306302595089161	0.41548402232262
0.673265185941228	1.30068747544356
-0.209510622260726	0.271644294783093
0.0137262300519784	0.0150715979866465
1.25770176432666	3.72532164883791
0.268529591797116	0.39756177355173
-0.0314912661713437	0.0348351927524413
-0.00549121016782346	0.00566459834567721
-0.0965447298104697	0.100538118861113
0.258799543032053	0.329591059349648
-0.432887562235423	0.644082157745291
-0.0837347805472879	0.0836114298293893
0.201303099199075	0.255204561796775
0.011626097778725	0.013006987619495
-0.409465089519398	0.616665795711566
-0.332150371356934	0.475604260313254
0.308476867476688	0.381614476443627
-0.317880593265795	0.401446268245624
-0.0573222812170077	0.0671386388212746
-0.0640013343989388	0.0760861170179168
0.00602796022128148	0.00716769662108474
-0.262726440330851	0.477822423388639
0.79715993520916	1.81468781934278
0.444919014789582	0.763400032423343
-0.0592481307814085	0.0683924000277006
0.423141189976051	0.563252023023673
0.306295787125642	0.373343808550616
0.884865512475079	2.14156099676466
0.160057745301419	0.22545119832331
0.313977586869107	0.450099356226806
0.560285610201559	1.05694572951817
0.0758304806115963	0.0878979517406243
-0.0441838744022765	0.0543457836724907
0.66097598607871	1.36532553944492
0.260969330764294	0.303592757687936
0.378297143480987	0.53507778794455
-0.101649039011506	0.102420477063885
0.17720725816982	0.207111691739664
0.33056584647308	0.454605815654275
-0.400792504116363	0.577847109502582
0.129676242201039	0.140502948181392
0.402122631311752	0.649162580061409
0.543306014388423	0.918638134582095
0.458871584741177	0.671968932607313
0.74512557951406	1.15545597873196
0.132907539608272	0.149242904755458
-0.0955524640855064	0.111464814219391
0.419928703868358	0.630627122991295
0.391804046903976	0.511595571541574
0.0364454192273865	0.0345840915103185
-0.10591322579828	0.120521489664023
0.0641838818237861	0.0684579637410157
-0.356844416649345	0.455662711406625
0.00255364076999581	0.0026280116491076
0.359067941874628	0.534139238221268
0.196662891791686	0.243553808939997
-0.202827274936475	0.202317374183577
-0.267983786422208	0.306953247888782
-0.51234095434924	0.689335435653622
0.612614031270314	0.830359307501977
0.112558354074618	0.116349291072523
0.200139101486362	0.248082272142117
-0.16566783234271	0.148356070269307
-0.290019176882319	0.336073265577901
-0.100806237986397	0.0965711179462249
0.351432509059773	0.670188175375417
0.0255129653698378	0.0293478602476079
0.0424085191754938	0.0532334440609131
0.383278384661875	0.599386003537122
0.0419335244579208	0.0481251499854698
-0.0381622024859076	0.0429285928759772
0.222063548819619	0.321015875149526
-0.339485798268274	0.532230411571674
0.594687626094767	1.34907560712516
0.367562136838646	0.64226050545353
0.459312363841825	0.76159182684339
-0.237248796302904	0.338303642268241
0.375152734595004	0.585770316157473
0.373733947698505	0.570307230047986
0.00167122485395913	0.00165545717332606
0.369953528471993	0.518827193072013
0.626167210502652	1.37577787796722
0.208370300602894	0.259566775223015
-0.0454627576137898	0.0507422870343422
-0.00592899120614506	0.00603738725536319
0.505940107771751	0.738589902879276
0.350185823971367	0.440253017980969
0.475546850348577	0.816422076462928
0.493514785300232	0.764143582317444
0.162439707944741	0.1717481095087
0.634532320187549	1.01324331092372
0.422444883553489	0.610053623423196
0.834278936581829	1.43809007051729
-0.120679421682266	0.116239466420648
0.0822170866955444	0.0830231985327682
-0.31909207149139	0.434616764655088
0.593561267594424	0.966605498534258
0.176850901124517	0.212236891005657
-0.16266073040971	0.171048702234806
0.198276275877432	0.240362605340289
0.25233697578041	0.313425031024824
-0.101000710245617	0.116165684744054
0.156208701667013	0.148989893576333
1.2009253200696	2.57355731917699
-0.0667836092437716	0.0702188864966283
0.134314367152069	0.164051173299369
0.343361177793181	0.489375100039055
-0.429107679700983	0.61247001998501
-0.598180516949167	0.930808563879795
0.371831733601571	0.525894232633798
0.162670552870595	0.179881512790868
-0.142913209502607	0.148627939357826
-0.144541487974187	0.152336016832669
0.185405198167384	0.222255856766098
0.294210431741277	0.364836476767145
-0.308245735742854	0.3945749489571
0.592036984529375	0.982722407306982
-0.0757460709881368	0.0732758171818703
0.0328813111425278	0.0326107321671943
0.301431248428969	0.360459060361272
0.057032832814287	0.0537484912712766
-0.316322687690179	0.364694335494262
0.198853745970179	0.213946190537441
0.590416292963631	0.740603650064465
-0.108042804305518	0.101273026863092
0.207800870003511	0.212587837456078
-0.0264531121523556	0.0225507892568192
-0.0630263902633861	0.0564059696951812
0.262977682803594	0.29489696147401
0.214479307308493	0.185412960668266
-0.695342258587903	0.931884779909131
-0.606575734840774	0.647186454999621
1.01696116893624	1.4591694359276
-0.739516714533926	0.905879320959561
0.103162145872057	0.102672011000275
0.903002869980062	1.70865746540705
0.279999069231855	0.291590619833149
0.286075035642016	0.364755590580218
0.0936962707137412	0.080616021562944
0.0986330996306022	0.0876842946984997
0.409149522231729	0.516905988589816
0.61213671238126	0.802346517744017
0.137140381457146	0.156331141948278
-0.258131820365727	0.202651188820708
-0.144809264277052	0.133550558306165
0.149699312230078	0.135303615896994
-0.577209149484291	0.730184991274125
-0.182660687332217	0.165012644362006
0.089095529022887	0.0927901024713075
-0.123839341764415	0.13355942056922
0.536374067113681	1.15034422974239
0.225796860471718	0.357741745691452
0.0805857843273556	0.114623536621718
0.55214875971836	1.07706760813433
0.539549722802248	1.094218961776
0.154171468556829	0.213548150346926
0.243034645531483	0.362340503229864
-0.115711239597262	0.169582474465355
-0.0717095577651154	0.0902650587499689
0.421262994985677	0.868095164231768
0.357896910828157	0.631957592740325
0.437916217168638	0.756045971354403
0.289718632640005	0.429983378386562
0.430351722181582	0.81150660370369
0.0280253106960475	0.0320572615340611
-0.0662631079639742	0.078232883527331
0.239226568983071	0.341465797382847
0.133552229507034	0.160081665377905
-0.312683372945006	0.496123451561945
0.455913277863965	0.75110884781212
0.278470759792209	0.438891590372533
0.185684142715557	0.222069489132492
0.246354044975636	0.315980922081574
0.361292362669863	0.511213374185011
0.633064677898769	1.11186872062885
0.499660513110065	0.75615781806111
0.409199931321977	0.604799034020591
-0.120409473173415	0.123369541683757
-0.135055305235702	0.152624716960505
-0.342250092344199	0.526432923044734
0.0740731008264819	0.0798709607306087
0.391819616121202	0.590831790012773
0.755034713145162	1.51418861899649
0.148985354231416	0.174586282090647
0.00816944954955907	0.00798064714723909
-0.277494531649486	0.348803117132525
-0.157094199745663	0.176029444090986
0.252444428120948	0.270741221161214
0.252237002230047	0.281515136667824
0.0314726900791871	0.032702102995037
0.204264899951406	0.209512341510579
-0.91414406734556	1.58845371160242
0.0646856738231218	0.0617228677162925
-0.134067899353991	0.147236876698607
-0.0361454075733545	0.0351373218073343
0.018360213660199	0.0214188114628953
-0.0829801513201358	0.0965999833475994
-0.185364667238201	0.283534315174745
0.0595086444027798	0.0884151868164854
-0.523474291186679	1.37839487703949
-0.21289839772594	0.374940404643101
-0.0377436095812337	0.050715555121332
-0.241098799137322	0.396712956791585
0.302166762310095	0.562672587622317
0.0462729106281723	0.0597540760067905
-0.704533392647266	1.88000580332225
-0.0428512253369113	0.0567020267572018
0.2591288005182	0.426477017140598
-0.424360272608034	0.730251079828618
0.228899224743837	0.3244295232412
-0.468003618829171	1.05000095745631
0.483991610260752	0.946172473755981
0.367047738294948	0.679762629006854
0.129321248443079	0.171568832681542
-0.0874857732211213	0.104642361844019
0.197889474129067	0.300448495301309
0.450311047703085	0.784305269453519
0.292574285214214	0.432505619819579
0.447844368648765	0.797443070020252
-0.0273565263610986	0.0329593671688674
-0.0279832582291454	0.0327250749147699
-0.0473310039049457	0.047755506273446
-0.193192937012238	0.271704035102429
-0.112098189062512	0.147484616813641
-0.0767643535030624	0.0801868099319809
0.0832070660356724	0.0874015333129946
-0.12102933643572	0.161115299118397
-0.46141998517269	0.736686061750063
0.0502006137498892	0.0602571074267314
-0.383798508361989	0.565987136435214
-0.0425280302633429	0.048222817866449
-0.343187377315791	0.550532973850089
-0.100244648233135	0.121617384259435
-0.108969029690048	0.121864970475582
-0.306822845336364	0.468600528028984
-0.653560551713983	1.19580385218707
0.113923950938874	0.137822855842128
-0.55545395077669	1.0827910851776
0.219255176902581	0.291350075156586
0.128130854688411	0.144359179830895
0.208967574227361	0.234302886268105
0.484037452425516	0.759058095998929
0.166663266750474	0.216000384459522
-0.114669485153844	0.149977101759457
-0.617034221146944	1.06964436121589
0.153311715398747	0.141262931305476
0.304113340526808	0.704013474396267
-0.19976037867946	0.36179658819834
0.0903341987396229	0.152100829830668
-0.121737533115994	0.207397754426884
0.0587537021216311	0.0887712476550445
0.0117941283681941	0.0154176793468019
-0.0118376533691083	0.0167665250090268
-0.10842485829625	0.170659445609387
-0.506370069609614	1.16057022984007
0.00693282035896185	0.00857954996647059
-0.213850612476185	0.331848659167193
-0.0885856804275596	0.116454429702283
-0.129981727053423	0.216890072453048
-0.165178553582178	0.256718863192532
0.0442532238038808	0.0564756512821111
-0.537598161435584	1.31450633483444
-0.371074059774042	0.621359070277504
0.338296470364828	0.5794341296312
0.133001932200112	0.171271990359909
0.165548934221343	0.211303910276366
-0.290360055498129	0.476345641050711
0.296332794190968	0.528266611864715
0.0457359478579583	0.0587082135850091
-0.219856926500974	0.319782602457553
0.709872970922891	1.40464621476959
0.464432255485486	0.919946808939125
0.00201368363319448	0.00221364089449353
-0.107124703539242	0.12833955258799
-0.147558064417583	0.186103928112825
0.240989680457144	0.355209151981998
-0.0171107770299168	0.0186747608906706
0.0838809689710217	0.109262664472679
0.284288522214769	0.474221054780784
0.119967705717819	0.178116961797572
0.190266193461399	0.29056404076168
-0.0467530341044341	0.0549497660670446
0.1809749902626	0.241552697164076
0.0241112012029077	0.028095572275514
0.110587546144081	0.136256791245051
0.00531806554410274	0.00620167476009713
0.14438288153607	0.199605367222453
-0.154089173531286	0.196653738979764
0.545699267094737	0.946390370946326
0.201636537745938	0.272611526193061
-0.156044325963335	0.221609955806459
-0.473584151077232	0.895007520768487
-0.110511392872296	0.114693142387707
-0.146996822212909	0.3000081080342
-0.0120955434584797	0.0194865996451088
-0.12899422601679	0.241534964281962
-0.206785683017518	0.417806009515062
-0.233217473983998	0.545878163458543
-0.369800750098551	0.94747707867007
-0.370706723355902	0.911656909269318
-0.294407264120609	0.638532016755959
-0.219586583655669	0.416623521108061
0.205509686094097	0.372979042894047
0.00276970108915547	0.00359157711232097
-0.0948994031621972	0.156715683729607
-0.238741100587376	0.450503698235049
0.485709296167467	1.21609021384566
-0.214875188073752	0.377968469396601
0.279423612195166	0.473859105864973
0.34025497842977	0.690792520048646
0.012677357932131	0.0169716817235795
0.0463208482049106	0.0587055227434698
-0.140846883559284	0.213024372294037
0.139698438227057	0.214446130080728
-0.0342520974958116	0.0455851497679597
-0.095658484022013	0.130498788835197
-0.0163778977991231	0.0205474003812362
0.0017011914795616	0.00196130954420815
0.296112724567723	0.508090042510818
-0.134688822093624	0.200565146652073
0.303957906712775	0.504276057149089
0.116322942734089	0.1536957305993
-0.207233046105937	0.294462901551314
0.131495208574487	0.191583124956149
0.234080325176544	0.401869566489921
0.116733328625219	0.165524031090545
0.246092837147237	0.423471859617466
-0.764937046132508	2.07003622951667
-0.136946083908464	0.181583731225426
-0.549079530290737	1.26088946137278
0.560245114660278	1.37257883197932
0.0887821072301647	0.116639994402515
-0.0474591737145655	0.0606729059767563
-0.309098894220634	0.514540036954911
0.0295752547947737	0.0334159029652837
-0.168474951719742	0.237912742282197
-0.378570127535045	0.709678736240378
-0.104887872321163	0.14626443631719
-0.294434168644798	0.838539846909562
0.167133633709334	0.410729013418859
-0.0605488984666825	0.125083686227175
-0.361661989792953	1.08451482491124
0.242413080386922	0.624360405594544
-0.372220509919317	1.01010159152149
-0.283271987143736	0.701277142256377
-0.0809347378600612	0.154430740712556
0.11213367626945	0.202327619218062
-0.0479120502674738	0.08239384393544
0.0873052077413008	0.133875533381272
0.151813120282645	0.270921510474749
0.0991882778566423	0.172246242511044
-0.0781896838604679	0.119009784430113
0.119707253514242	0.201606579944059
-0.0581205504249542	0.0860813634389542
0.296364579615276	0.67080086912974
0.0825792542219067	0.127147116148481
-0.00314097605858091	0.00437880643096791
-0.229048010146422	0.392300724197305
0.084613725738162	0.141122858864776
-0.218406864648713	0.396747352731368
-0.0462295868282135	0.0701918013940574
-0.0125840036773028	0.0157200700242948
0.148032053597936	0.225959227106729
0.0238487658315818	0.0322973496043041
0.193512743944512	0.373755138859287
-0.1850492008534	0.297810566446848
-0.0350700337476358	0.0462763059789991
0.0248117286393056	0.0324906637320461
-0.568173391478067	1.4065870322028
0.358084058124132	0.721713641036998
-0.200024280549481	0.354106319006187
-0.0814204747557819	0.130731636541254
0.0506918477437705	0.0753304714960585
0.362191916254891	0.739335902924799
0.0174428663629352	0.0235198854988276
0.658872337935491	1.7136764474942
-0.0293773096610897	0.0379543154064934
-0.473354161199707	0.966414585936514
0.15381994216723	0.25631112513253
0.402603118675963	0.791849188956978
-0.0918005473123305	0.126990660544789
0.21598368535871	0.367569734948401
-0.0773187651236307	0.10172187829387
-0.55111196015213	1.16718535570634
-1.00756331070632	2.30709213771493
-0.314956117134395	0.330123009721639
-0.00785483994735233	0.0139497087703596
0.0208874299516353	0.0356445825477295
-0.00351671546784112	0.00577469141636277
0.0378266889456747	0.0638830186132263
-0.0259540076670906	0.0434311063192609
-0.792908484776417	3.25608919063087
-0.246624862714223	0.596274545523952
0.312937946409483	0.752161453097911
-0.420743576487941	1.12662140517451
0.382161783771075	0.885012945790608
0.0558928404246412	0.0810686283584569
0.123468736008705	0.21708626862013
0.0676732946349492	0.114865043672103
-0.253026815908369	0.500932891929406
0.199478213721941	0.343644803241163
0.108450684052966	0.166288710760473
0.100422921117829	0.156043275262598
0.23180576117773	0.391420936980956
-0.208768393289306	0.370109686028255
-0.0664931649562623	0.0996301156633706
-0.292201791701505	0.558953086891572
0.345864060228033	0.714871059129922
-0.0490252300047604	0.0614591031907808
-0.447864364266644	0.954815798930457
-0.114535959974496	0.186004303961794
0.393668017758334	0.802910759169213
0.678949774566441	1.96861366484617
0.0105117542425914	0.0119865626387901
0.282834511155739	0.559989384768686
-0.158077062715352	0.24759840626213
-0.157172302080202	0.241444062186761
0.00673759070228667	0.00848256732705884
0.141027042763592	0.230467342395401
0.194399815090946	0.326429969914743
-0.164766041759461	0.24105579580087
-0.160162519726091	0.247950868446057
0.288185730366891	0.487917816138196
-0.123093736168799	0.160874734533593
-0.124661426517266	0.180263661088479
-0.143445213880196	0.216448579690264
0.263587935863895	0.445610543508591
-0.00632056582455925	0.00714206591299278
0.0650225338755856	0.0819570020667527
-0.195185846608247	0.307119145963829
-0.477362224677419	0.922549526225667
-0.822146903603746	1.73875633487643
-0.680898358070688	0.567533376000303
-0.304365677650368	0.279602511309321
-0.536255402128207	0.541984177921646
0.0994171270379069	0.235942731116121
0.104332707971257	0.222448485904779
0.0279094533753908	0.0485399719756246
0.126608568149168	0.251959679307232
-0.0908653218193196	0.185240958881711
-0.391617321738767	1.16937790886095
-0.0372442248330071	0.0655935570879279
-0.118728870021749	0.225089156268648
0.175458184237417	0.347958899108492
0.0202278630430326	0.0311427708349815
-0.197855815740971	0.414281757324631
-0.226839143714589	0.485611660151792
0.324462149046685	0.69819055077716
0.0772790206146706	0.121265281602797
-0.0609097583099722	0.0923939182484066
-0.0913241136982845	0.147940121147015
0.381919282944601	0.83997449600112
-0.08576066322425	0.126247426280402
0.473964726723928	1.20603150646665
-0.0852472485835107	0.135889886098429
-0.119081838263748	0.214680425570314
-0.114475315715529	0.185546377845931
-0.416346398781998	0.821914752842996
0.256871088049966	0.474987743600675
0.0274679279985279	0.03735153213598
0.226785966889374	0.430400124674982
0.0417070077560746	0.0574680201422335
-0.0809507253843675	0.11581006893402
-0.105874217758951	0.162279945916954
-0.167608632279786	0.26413619301579
0.268719354930335	0.553286978481195
-0.266942340793659	0.534032282042323
-0.143319030227996	0.245899398125579
0.395874327012665	0.870457798962646
0.1520848063553	0.249545461195289
-0.173486557397783	0.263727049420435
0.310620334192887	0.572322028158575
-0.10999539462433	0.15862755331746
0.199276107382935	0.347020836922516
-0.00621641842494718	0.00809632644497292
0.141133782797638	0.202316659047367
0.626092141268798	1.49784398751996
-0.607368420282958	1.52327540723904
0.286921479750703	0.540901978276726
-0.313984106907151	0.449698343262598
0.0556001236666154	0.124851386691716
0.167163500194419	0.435147685645836
0.0728188329515804	0.150887124489262
-0.285774670171757	0.798234836870877
-0.593244297121844	2.44369848710981
-0.451758581058727	1.56886174370507
-0.0528067491650269	0.0918946226920517
0.125043615241506	0.259623870580414
0.0617205566251472	0.107610012589932
-0.113394683331826	0.201879802023024
0.0463819452357649	0.0802210815557585
-0.0144560421817991	0.0215175363889929
-0.180444975711621	0.330073609513743
-0.315079275200591	0.68634843643429
-0.0406891100473042	0.0643834474276115
0.357436222887545	0.798222387787075
0.259176527819855	0.593244948808561
0.160602241271165	0.264561436679
-0.39369897672498	0.874067708973177
-0.102646677526405	0.163131356849016
0.0515529741327979	0.0750583138242123
0.284218136730643	0.596243903420735
-0.0528384443454142	0.0733350918236133
0.0914037591846712	0.145406448472365
0.394635817929976	0.801648531168232
-0.259347252815193	0.448002264682401
0.0192221913051335	0.0264039987021966
0.142746567344485	0.208333988312949
-0.379328594899968	0.782934041314542
-0.00387502646112031	0.00517056800741618
0.169793515839477	0.3009643696675
-0.521907662014074	1.38391758067235
-0.00118385229512879	0.00172977530039328
0.289629485035004	0.538568535625757
-0.0890165176183064	0.124383917471086
0.452023507528308	0.996234880389804
-0.126734826273368	0.193533522046065
-0.0691711956062507	0.0996177481255302
0.0645014567181505	0.0959812238104512
0.123514339883925	0.193535286468841
0.090229240853321	0.125404676176936
0.0382802430674855	0.048680929514119
-0.229930057465985	0.389590948289717
0.00420541990915307	0.00518492791517231
-0.730526924852222	1.52983729181332
0.0521168089518062	0.114500571268255
0.0088669317058207	0.0178405703838506
-0.242913178428912	0.687438971630665
-0.0972633324497646	0.20549185661071
-0.0227825826643365	0.0412025483150151
-0.452595110173068	1.65189136847673
-0.361669025750155	1.14775584755452
-0.083155215891489	0.158872598079482
-0.136887017764777	0.274341746549407
-0.0349000405849287	0.0528625937674058
-0.0291129364619474	0.0451536762851434
0.191061668871314	0.38140806086324
-0.15026864756328	0.263303085229589
0.318588358755877	0.692679199094269
0.0280913235696712	0.0381047333171633
-0.0729161260834086	0.106371872101706
-0.0947688486083047	0.153646780503299
0.0547287523462988	0.0862038129401952
0.4472835935584	1.05676201775859
-0.0197639646798567	0.0262763502744913
-0.189396368422824	0.323778114813867
0.103315684826161	0.154116532848559
-0.055478395088851	0.0814522503836444
0.449679925673884	0.976665120983191
0.111436392519759	0.161548360624743
0.475215551525706	1.04764833499965
-0.0308423665073354	0.0421544471090445
0.275220657640695	0.475930472007437
0.129719706050761	0.186405361742385
-0.0125551954815481	0.0154884847067542
-0.360291547776113	0.716284633245249
-0.0537995424092652	0.0708050458646244
0.119846943872624	0.178699148587507
0.274812023843718	0.536223051391076
-0.326221364345362	0.669537493604843
0.385788845387798	0.785268415287666
0.201894470553737	0.319778577741711
-0.115074002689161	0.15235568551958
-0.169324599931729	0.267523118039028
-0.0222837396828087	0.0277967303444764
-0.2381296600287	0.381419217964891
-0.0773758470045919	0.101193330785407
-0.32176685310285	0.615823066007795
-0.64389979641859	1.47873664354469
-0.400510784963622	0.76336562036375
0.0802684649499548	0.0838295034730691
-0.772016071119229	0.745734742206991
0.266537964854814	1.06264408291731
0.162631984706486	0.516078922997666
-0.103594660462416	0.274563108669472
-0.0364240753624679	0.0803567664772735
0.0377531896398604	0.0805355311647971
-0.426235744127005	1.76564634035039
-0.432751827776381	1.79287346252373
0.0937813559452936	0.20903334706873
-0.133574339336247	0.288997149918473
0.0310725128108751	0.0525191274359238
0.1532996895573	0.335825533538067
0.240605956019994	0.587329452940873
-0.00114049249840728	0.00190894178763457
-0.205981020842019	0.440942999761914
0.0139007358319713	0.022209586674736
0.254273871476822	0.572839381835058
-0.201454615905559	0.408843492282901
-0.120060721303194	0.227976371714019
0.532718709152616	1.35494608024529
-0.0207560517966477	0.0310993958109494
0.120386272324407	0.20830990444705
0.231343739365286	0.465583673922008
0.0969895289760848	0.165790148177742
0.0905907840353764	0.136955622672749
0.262566711751348	0.57347771141562
-0.113606122871265	0.198992306058644
0.351916143564711	0.774088820689109
-0.199230912827453	0.378954358316285
0.573855205324614	1.65366468110916
0.0677040831535823	0.0960515263627069
0.0912507144401108	0.144074603431133
-0.0694540869685581	0.104908881103856
0.244765948265106	0.493002829722691
0.146865452962696	0.266193213242566
0.246122990193187	0.510490770507402
-0.0561049379831497	0.0818522231082727
-0.0583522072380738	0.0819196944237278
0.0183732076174343	0.02525473118892
-0.270202379579597	0.512206260629349
-0.0847454150829389	0.132647301077132
-0.0760346742068583	0.118120868113519
0.435146526873784	0.980966533324464
-0.212518957418286	0.37634342100313
-0.455226715037187	1.0875450998741
-0.260061717519614	0.47345517576281
-0.758118016831087	1.43620574485783
0.15587918800027	0.49267072613359
0.131086308444436	0.393127693932922
0.294163250125819	1.1687278563812
0.173424233435549	0.479632969241143
-0.14934519006141	0.387853353702055
-0.190636531469243	0.481742353195273
0.0530058580578558	0.105719896768648
-0.0504637015807202	0.101714861608701
-0.158081302300051	0.357738627744437
0.0110660150546019	0.0192851955080215
0.303117414994171	0.74665853474953
-0.0159605094991733	0.0241652103211517
0.30010613949186	0.713038876608555
0.0474364396738646	0.0811348028583453
0.20870916776819	0.400754154974526
0.00290108828100148	0.00410404217866458
0.20606069754584	0.383146667344129
-0.242686917224602	0.490019190663348
0.188800204768806	0.372825325046471
0.339460160485627	0.725151930228833
-0.0124948849263436	0.0170472856129949
-0.0891189855535894	0.140925568548047
-0.00677395149327507	0.00960627756636606
0.107413207317975	0.159731158263417
-0.130371992842388	0.19668275668006
0.06704428749409	0.0997233918701086
0.321322763731927	0.652412431833553
-0.0814613354135781	0.118653395685735
0.175137439523512	0.275070316036806
-0.483665916509929	1.06808431111261
0.375352548056075	0.792320803252378
0.333120500204665	0.707111365582183
-0.427770826983942	0.907219079157781
-0.199227389518831	0.329551470353671
-0.244538677335931	0.478745271077743
0.0976079733241865	0.148240388410745
-0.0391048548596231	0.0523828024382015
-0.0491902746037311	0.0673856055789282
-0.201353150025092	0.317507945181397
-0.11248862565831	0.156114043198688
0.0260116584123664	0.0320368620578363
-0.318003994920476	0.483332073701816
-0.510401993862309	1.03041536693218
-0.490606329133554	0.705678396097112
0.0567104624548327	0.157468026116229
0.427446616194537	2.4663110224975
0.15816018706932	0.553666557102842
0.0260426408651895	0.0613679473271068
0.0305633965367626	0.0710006234747825
-0.0919046246292945	0.225882207392702
-0.394152553498143	1.58941139687084
0.110155279839826	0.283610910107535
0.329759613468748	1.08948677436257
0.189955980677074	0.445568845564018
0.223331718160214	0.554332131749117
0.162462589015069	0.350486997515698
0.011159872850335	0.0185912589954538
0.0832878818844297	0.15293578014658
0.101011312106433	0.188189651720859
-0.259959760490378	0.610074564506502
0.123278725674658	0.243380367134204
0.359005954295517	0.932949175593389
0.0105742467298973	0.0157606723509396
0.178566804157118	0.319570142189767
0.308716739144789	0.691517703024224
-0.124372897130703	0.220106939982543
-0.319906074006299	0.775319996666692
-0.176578634507936	0.318968898263528
0.0872404580692354	0.133526874897353
0.0514217202647875	0.0772018909892319
0.125269986316675	0.222225335098758
-0.00939394019535083	0.0133724232836634
-0.218903536753264	0.386919106593415
0.0602170558882208	0.0929662579332224
0.0374574434858502	0.0524052041752519
0.026392209177429	0.0378162051344418
-0.20235166987259	0.382201451271715
0.0953551725474957	0.148360391367719
0.326604265910139	0.805326133003207
-0.042489532266804	0.0586565927494154
0.0671105251148046	0.094728317289442
-0.425401872866844	0.996300447818528
-0.221466066672222	0.379275933671891
-0.0975488605614916	0.138610536725479
-0.211539050868103	0.298620370445308
0.371790286820072	2.40512129824765
0.372016018735768	2.22788076296898
0.411659761128411	2.33603714566835
0.0872471029931075	0.258093143709562
0.103300066570138	0.292252579365249
-0.104090598423005	0.277683140758209
-0.243688780196292	0.893353631684032
-0.0794895039256607	0.201412232913295
0.101660626726909	0.240498949720509
0.0432949284396331	0.0884182398094969
0.287188417054417	0.793667131267967
0.271451007450495	0.719751331628269
0.137575980073176	0.311736104020845
0.0416739025950974	0.0750299193152811
0.0964168672146745	0.181456377867855
0.0585251524087876	0.105873942387477
0.178882509937756	0.362635736836918
0.261991725779499	0.624287772985342
-0.0609516864408232	0.10509094483817
0.264781133978999	0.565984476830965
-0.0545972770581174	0.0948028292515341
0.294670277796266	0.729706820769355
-0.072056503092162	0.129882379157114
-0.0183361237467731	0.0262129741009954
0.168555163148726	0.315530143077382
-0.0645884376892874	0.106287644860822
-0.011467173347012	0.0172364654951858
0.0517446903002734	0.0800481092456509
0.549093157282617	1.5897815552918
-0.364225228127874	0.885405695300004
0.174748496064038	0.32205769860559
0.0785914005197356	0.122771079598698
0.106353741645354	0.182394975693862
-0.380306901030757	0.973035768920396
0.142841548300894	0.269543911589563
0.0528588428102902	0.0785591272536242
-0.15067695004336	0.241675101911449
-0.0693555470697721	0.10139033855125
-0.125850948501962	0.195725102242955
-0.174771266445119	0.300902925203856
-0.0714834841979346	0.106254487735584
-0.512307363536393	0.843731118754848
0.410269550877705	3.04405579608776
0.526687886078057	4.20969684536892
0.430815252808409	2.7469646501943
0.295842516795083	1.39938513662687
0.0725697912415157	0.201254730612912
0.0340009046634404	0.0773062530295549
-0.235230565401649	0.864019362633917
-0.238028194347737	0.898339221965928
-0.0651120485562039	0.143053559883605
-0.0433878533550883	0.0884019369878868
0.0285263484394357	0.0561251676657351
0.0296045152375788	0.0545144639546027
0.0776256896541437	0.162495574090927
0.416899054846169	1.38836439933391
0.0409116568505089	0.0753130728808334
0.151287405660284	0.344673982422122
-0.10128732902253	0.198700998617993
-0.175693409044278	0.361127576908165
-0.0084609336455267	0.0140574550518007
0.120785292371544	0.221611077892033
-0.0186014679714121	0.0303159332061297
0.0416691627650508	0.0689614523842916
-0.229001796229262	0.497370439208171
0.320338167806852	0.709905181456576
0.136060696609882	0.252782902489197
-0.287337123878062	0.688653686727239
0.260286930810421	0.628141917292327
-0.321461341057804	0.778330466386065
0.309132032381089	0.717039240158377
-0.0221859453236338	0.0324256565517026
-0.112611115423025	0.194355003389562
0.221056128177363	0.42436559605909
-0.691576898708591	2.39937776082806
-0.144660606043833	0.284259749875519
0.147850083724148	0.288779969404637
0.485613891184776	1.43746164601608
-0.193629601675361	0.339667658417191
-0.108858427724492	0.178465493389782
-0.303590159604302	0.673565672446881
-0.294503340535609	0.502292584735836
0.52251675644583	3.78296780065764
0.596834096049044	3.7760328395868
0.259221003950524	0.982064125976848
0.345097150293069	1.43163202757336
-0.116297903098947	0.297861471261295
-0.0362318086503027	0.073169720843896
-0.378984448470829	1.40338987936815
-0.260752719568982	0.812476819457156
-0.0425306172859345	0.0789077465852876
-0.185026777857876	0.44731965719737
0.347216011218398	0.906435212557287
-0.0240197110854437	0.0409458848982942
0.40624167338263	1.16688128174378
0.111612477722778	0.198719806437405
0.213671086604486	0.417825630333438
0.416413160393226	1.02569271836789
0.279704113656527	0.628331743356776
0.145963249980511	0.250767077904634
-0.234734322216268	0.46314768544241
0.305364422539788	0.61972218888937
0.246135806972396	0.463190910852435
-0.0967656329740328	0.14373987671058
-0.388508190807678	0.924279600102322
-0.335486031481599	0.597605821285041
-0.474626118278371	1.10449633202841
0.184907919216908	0.293975414799964
-0.230388339433845	0.414589880734211
0.192752120774699	0.284816031117186
0.146964516497792	0.233112398114809
0.0101275390222986	0.0132823478663558
0.485457991564142	1.01109457767769
-0.226702338170324	0.396586701362118
0.0434614185945265	0.0602148397420065
-0.138670434139282	0.212553313458305
0.527514624855195	1.24880245497382
-0.261774731987642	0.432942649483248
-0.0262062451878253	0.0328007321229571
-0.287689788886212	0.39530722806452
-0.354248551876031	0.598389936290038
-0.50052636771158	1.24174344698646
-0.289230399518219	0.583433019858087
0.78097730198946	4.69761093990977
0.26316110032788	0.728112728590057
0.0795954957559901	0.162082258242434
-0.00836634144568515	0.0142210318604004
0.187208287694689	0.414365343918162
-0.341333316570429	0.945746243072968
-0.463799414193743	1.36046349196245
0.0953493376884042	0.145041842819008
0.35057930442817	0.859960735473974
0.250000722520778	0.449665739643815
0.336272653185683	0.667042088933187
0.461853272117124	0.980237041919054
-0.0574493088738973	0.0807727441301919
0.294970806654319	0.520176501168266
-0.378734879688974	0.586782852650385
0.00524628249359675	0.00643804734809535
-0.155471537085855	0.221772272839473
-0.133362769568979	0.172461333881972
0.196402206703143	0.297445399839266
-0.202046886775828	0.273018193848136
0.135171722983229	0.16138676614369
0.213009599398342	0.294987470726882
-0.0216357750551664	0.0234403422830828
0.353569515090249	0.535513758418531
0.86177760550517	1.90429937104735
0.123465930557932	0.148872991744975
0.0389413568171069	0.0417036154265064
-0.269243367244337	0.37123567305566
-0.0468546380311332	0.0580386423193051
0.560543101531152	0.950302606670052
0.406575875435806	0.645855191762524
0.252773196865091	0.391012574297908
0.0844089931152179	0.0961967300807621
-0.547174470470731	0.78089535182888
0.408292383090134	1.65412458548831
0.181827107604633	0.491758860587337
0.106345489595003	0.238932405776313
-0.14677779918588	0.323395022413971
-0.228531210090159	0.649425157171416
-0.365186612392284	1.17020736288427
-0.0422540918252707	0.0685219308097739
0.303964300178968	0.689243742304914
0.38687121479277	0.983151512730559
0.0336327543941188	0.0503958910846011
0.0779568709893458	0.1166329189571
0.611043986522636	1.716224266922
0.29397886123334	0.525703324954026
-0.398683437193174	0.846104160501362
0.18790400958895	0.30129444142176
0.338294989101317	0.614723395121537
0.569389077552876	1.43231458017784
0.279726547405929	0.450154596442781
0.452519010465354	0.923158477852084
0.0232887614140587	0.0256697399904127
-0.138668609404545	0.18046007200588
0.100690658533072	0.145095203227297
0.151455362381546	0.216938066483607
-0.0208268163137835	0.0230614323438801
0.24615492135703	0.377988909085259
0.269239126481487	0.401988124144783
-0.0517476382726342	0.0652466037206115
0.358772293838802	0.746556152796428
0.160774300442492	0.211662526880744
0.231958479173661	0.358495732053951
0.941746292590847	2.64694384542743
0.0320200596990796	0.034581694310492
-0.126327319728111	0.153816360478544
0.636802050787092	5.28453361818426
0.28178208564831	1.20312462493776
-0.0318542034333305	0.0779115466013285
-0.272991704010666	0.982607785239429
-0.516711057717216	2.69843968034465
-0.537258839738001	2.76007985061192
0.10918816147274	0.256944621707594
0.0841826077399171	0.189030337558959
0.12931217985252	0.26086655454071
-0.0145266456526258	0.0220126507171208
0.233726506491731	0.529883355485935
0.010488876745581	0.0162451589663404
0.37991031034565	0.896936203458047
0.155883967733064	0.293386530799278
0.13091257082994	0.216721876436881
-0.015535702774773	0.0199022728301453
-0.280795043825009	0.476702406164116
0.575683008139585	1.34478374155217
-0.473922610800174	1.10479017074657
0.339845191756444	0.717723018171959
-0.0879042515801305	0.118305414734806
-0.0361035211435154	0.0507553280374822
0.343657153437196	0.619741291010023
0.181219540830489	0.274035906870067
-0.236763274387734	0.432186388355375
-0.963640774313705	3.04025223733623
0.079653169836721	0.118771947530811
-0.050893780065755	0.0666104719626879
-0.24786619218768	0.41143413050374
0.181924460010218	0.303449741690268
-0.117013186518252	0.166924444357336
-0.00762408426258275	0.00888058347984624
-0.206114539846813	0.350823869384136
-0.574501456814197	1.25624533726482
-0.709475267437784	1.69285187784901
-0.0402729138655705	0.0512366099417143
-0.2619166376077	0.446812696510505
0.0275797309969029	0.0367646023559449
-0.519958580979954	1.29406558812315
-0.238979193909009	0.441664364467559
0.21861654682639	0.361905404828799
-0.280751832743235	0.478704771487064
-0.255192355658979	0.394363484714678
0.0262802834133303	0.0445079597659627
0.158055317731267	0.306020365817907
0.00159381788086589	0.0025344433080593
-0.113487654521595	0.190296219383315
-0.162675350640499	0.287687475311706
0.15572110396326	0.287671017886981
0.0418766570151754	0.0681928399447947
-0.608413694954262	1.76566551260371
0.0948305907882553	0.154280912998107
-0.22243069934839	0.453478597948505
-0.709089778846074	2.32370890953042
-0.10409100224827	0.176963301339318
0.0523368300564739	0.0868075241930239
0.0285070988217543	0.0423599293837561
-0.273126703722003	0.598808787985789
0.0555203706792038	0.0884253399445092
0.0283702184197721	0.0544671761875221
0.0294609105912298	0.0535150164362012
0.214499885156112	0.535610348359654
0.263937765562896	0.689274271458272
0.0207374014572502	0.032833260028289
0.147615171798829	0.314332770828744
-0.0378014020363365	0.0644002079639845
-0.134938621186255	0.262839210273194
0.00729041558029907	0.0109270222373443
0.137095249126953	0.248051047040251
0.0536502783083655	0.0899234457237765
0.13530671044555	0.263178811176638
0.466933918680247	1.32081320889564
-0.0131843950578934	0.019841315825984
0.174634052669583	0.337252685825743
-0.155132501065117	0.303559292126801
-0.138087699287885	0.242505232969656
-0.144516133600841	0.265936110217191
0.172319469370488	0.334780576338829
-0.0666699088494997	0.111584386722992
-0.0505836949978831	0.0796870161840435
-0.10937543041201	0.169402800914352
0.258701712058785	0.893958397348976
0.224994031007261	0.724998253694524
0.172121413558241	0.468121400937466
0.0611734161589868	0.122450282374973
0.0820318942030089	0.171870346074279
0.194184731341044	0.502208995711336
-0.157366996861928	0.366744620290612
0.102516697009451	0.207450971590693
0.0915265841596333	0.181826679449897
0.43322773462845	1.49620228849336
0.00459806341724138	0.00781434100386096
0.286740321461678	0.716417478187462
0.155790742779554	0.294482664548623
-0.0504264961872417	0.0830873627786784
-0.14247774881631	0.288869095163302
-0.0710223137529304	0.130090759644484
0.360575281063207	0.846291297346136
-0.0966984081712117	0.169093545709921
-0.0517003717129251	0.0829417154630092
-0.308962577665172	0.766586082979986
-0.0312234410498992	0.0512612471240567
-0.186260429087658	0.403357405597231
0.076047884545426	0.14199498190892
0.16642177677008	0.31717388915622
-0.0387110113707698	0.0613788565616795
0.216387428295491	0.850791492044109
0.216054354746447	0.818974228108792
0.164238939303355	0.491217124483266
0.109760388973682	0.280442507635291
0.123313742160715	0.321444339578631
0.231183090284157	0.721416958802301
0.327143303712023	1.14348540693178
0.0576423234433552	0.110699623368348
0.401379451809039	1.41884934430409
-0.0496260563792484	0.0954844561718022
-0.128395593936442	0.279793499704399
-0.122236153477688	0.246270673079997
0.0698636267055577	0.131792469164436
0.155851472144084	0.338941614271614
-0.109204474588145	0.220798282346395
0.1890956399856	0.401164602406107
0.093619546897372	0.16919562689074
0.0485573610847312	0.0859338203704593
0.1749694676219	0.358048593191222
0.455608926456963	1.34152546986549
0.263589586442943	0.531227022132954
-0.14367621908257	0.297146945513989
-0.0609222275366126	0.096356666183626
-0.396996267665072	1.06823918670217
-0.0194237220217996	0.0314090284038783
-0.0655522541553702	0.111061806731979
-0.0577498121544351	0.0991534892925671
0.302548037033241	0.706997468949481
-0.0779900290495889	0.123513723839683
-0.091497833619446	0.150845345214734
0.136552049907162	0.235886301286434
0.0348538008130435	0.0515013768803663
0.141715393272077	0.269697634907164
0.241613170230553	1.10537068689169
0.469306244988451	2.76588437602697
0.212300764521635	0.714189496394154
0.135599502126763	0.376642535587119
0.309366892355679	1.09928055799006
0.236504228158701	0.722679261996914
0.150804298677481	0.392115652038578
-0.118729331026882	0.284334352833299
0.412049960938626	1.41529070200673
-0.118527376635362	0.253160276711348
0.158362427409648	0.343621598505226
0.194263972108261	0.419263225564456
0.241479472674866	0.61781904978321
0.027605754984921	0.0476894862799425
-0.097771659740672	0.194287239404337
0.359261794079926	0.96626244567247
0.293464990618335	0.723930150222324
-0.0188455429764697	0.0318263917500252
0.114564913285044	0.205647291267454
0.0919008580782912	0.165870671766753
0.351819782320349	0.901485924163681
-0.0749751576856947	0.129823886763465
0.0577676988199086	0.0907843724426161
0.127379628377066	0.225209741471966
0.223452117522493	0.507279118075855
-0.0128972406813539	0.0204114695798924
0.326193106087526	0.816477171619757
0.119112751100798	0.22511361939297
0.213223370688704	0.429440323168836
0.511615311384044	1.41988068408501
0.395484604374681	0.931051971479049
0.024813644173603	0.0353983379402654
0.208868021182487	0.390879569663489
0.180803087142904	0.310401618160136
0.22195769596931	0.378255965936778
0.150626564338537	0.256115072778171
0.38989091498334	3.16917376761831
0.750804092248393	7.25147389395833
0.463060477950177	2.82684511172297
0.257911850479651	1.01781457106778
0.119169770289088	0.32257635348539
0.348015741490524	1.3778392727189
0.274039144408498	0.947955606649665
0.541502215256939	2.54342143318705
0.360969310833839	1.24758387810636
0.377322782580956	1.29581518610588
0.302398127184924	0.873220165360974
0.146407586366737	0.320438134982814
-0.255471461205868	0.650460827294933
-0.0487226800980423	0.0894017543114915
0.264690407996558	0.674888926861816
0.22810259727211	0.53670305506073
0.549905102570828	1.79741671626263
0.299199502258609	0.720510220303816
0.0055777849019048	0.00900556889124703
0.0810740352970295	0.13944555192829
0.00911630990445115	0.0142857109032678
0.499557931694836	1.50556182777035
0.0878686230643148	0.151768071303315
0.146037926943749	0.263445588871758
-0.196308540059611	0.416746003458502
-0.216746868890106	0.442624522918108
0.266110339482757	0.616999375092747
0.143618944749644	0.307498994494224
0.0286139531561079	0.0453641742625407
0.341600336931658	0.835400408165032
0.0234359980306482	0.034124238742388
0.0665079428881607	0.102413928148676
0.256480588133979	0.470987271719582
0.300493689993224	0.654491249293735
0.286507138293793	0.644793162647904
0.317645780778733	2.98918213040543
0.492345951703211	4.04862658124576
0.568535545358648	4.64154766897904
0.159969069111468	0.594382505155113
0.264512746215909	1.06760502851841
0.324808459884145	1.39256482603616
0.130316666880081	0.375799307611989
0.0741417128329206	0.173485817387999
0.206986938640195	0.640474020787179
0.206228286133937	0.586082599471148
0.207117200032462	0.574586467471337
0.24170080316112	0.692398841810794
-0.0384606708412495	0.0714911072142313
-0.00134761170403977	0.00243737375718101
-0.0484071525020677	0.090143161186225
-0.138752826895912	0.302614543286142
0.0695886584643533	0.120681794989949
0.0632263221385594	0.115750768547878
0.181423576153419	0.397779993858275
0.12868164947241	0.253337299036722
-0.00739875354335307	0.0117714455164031
-0.06584096762523	0.111077689953068
-0.0368881361300802	0.0615383925067427
-0.117805350995297	0.207051412343726
-0.10296220828972	0.191257881097857
-0.180964264837366	0.360522909751845
0.115694551817543	0.217908248396949
0.201759462368896	0.425127785251515
0.425057152627684	1.16282326465642
0.38386030917825	0.899777548047338
0.230403606212085	0.466711556899977
0.250078823548212	0.481684107344441
0.210617986617811	1.98698301167101
0.191569271283691	1.39039593338985
0.197010241910176	1.19057106824216
-0.0706920598320892	0.260093346873635
-0.199065537037982	0.955216221837859
-0.222400405262469	1.10856615150975
-0.276813375399276	1.37291809583229
-0.339607749846288	1.73528959966136
-0.402610429098929	2.15725514045529
-0.0868862897865182	0.230662547047136
-0.208507568387191	0.526379385400696
0.115042404647169	0.223298372192773
0.138883016061951	1.05645898043725
0.0392187324851321	0.175844380267013
-0.0956316249378933	0.419898886467961
-0.239277153191897	1.36576027999059
-0.214355865595948	1.1078699550271
-0.269061299175231	1.36308198850951
-0.173773674201738	0.709200263279123
-0.25811443455793	1.11030933977454
-0.0661606108980837	0.183504806449042
-0.00210058344194839	0.00464814343262818
-0.281708055524865	1.04916170705614
-0.26889562117938	0.922945169131361
-0.211170180043742	0.60162332242323
-0.145682671683048	0.347374302250687
-0.111583396889236	0.23789231011114
0.138521245948442	0.287322531044969
0.153154905026992	0.300316147377102
0.101118609120163	0.183186137958859
0.0523795171253237	0.288684466736437
0.00754180424379604	0.0294360870785663
-0.105004463255666	0.496485334724401
-0.0162505363725696	0.0534837943236766
-0.254841144927359	1.42551581631533
0.0979385468433068	0.343232770758187
-0.0325603777761064	0.0867643942005677
0.0320847399899345	0.0796298635983214
0.0474122875193788	0.117824307528532
-0.222836836185087	0.835532876265021
-0.0901922833519974	0.225029576312328
-0.051302065566972	0.120378564928497
0.133220205494024	0.332620834203151
-0.124695467777217	0.294877055197518
-0.155215884477044	0.381038618915694
-0.00595647805220495	0.0108393631282593
-0.0774542859230794	0.154867841644162
-0.151508721072278	0.363917996285878
-0.196912878161281	0.450846392636386
0.078780218785342	0.155931992986787
0.086229581951462	0.536944965533913
-0.0294708406846904	0.127478011404821
0.017739567813454	0.0613889391672546
-0.0637171751869986	0.224822581200878
0.218643467740739	0.964199774289084
-0.0036385931586255	0.00881527228164623
0.10626054290309	0.309645916069131
0.195293121713497	0.673846843115368
-0.208246473016863	0.692108105632293
-0.0330891092548522	0.0702929826863097
0.257398007167554	0.875171810810347
-0.130537227747343	0.325619308387856
0.0464524159444909	0.0997398664580888
-0.0945451557777614	0.201801555505055
0.145680812546784	0.333897568560429
-0.212373073510648	0.563758262112826
-0.0888828121435876	0.192223498548538
-0.0381820684169596	0.0709764529321349
-0.13002147675146	0.265162727485201
0.00234704737698593	0.00380247305000827
0.158571155062634	0.335541046239509
0.306637397010141	0.690750383423245
0.0726381352597695	0.123132179693909
0.183221531613937	0.365908738098357
0.108245762286182	0.733108073479573
0.0641735820884763	0.314624413146495
-0.0109093250991987	0.0359293888043582
0.0699664726279747	0.249855735750833
0.241697168826853	1.14459667483718
0.0528362424054156	0.154383865809084
-0.172911459266068	0.60487538884995
-0.258619915733021	1.01507478715257
0.0772220551438374	0.186909605144052
-0.102963356973022	0.266549145842088
-0.0697159473690185	0.159031025874946
-0.22930063267499	0.722734139662312
0.115408640852254	0.270102665610225
-0.16559756781227	0.400123537829635
-0.0886633156784195	0.186894572492102
-0.344978489243051	1.08181336999615
-0.0749116718058097	0.154181314268524
-0.114726296248853	0.246970666135965
-0.0858113532778757	0.15896506239322
0.063092999561707	0.118429469161096
0.179185375460013	0.363942273976351
0.260041011870844	0.612795323470335
0.339085190539974	0.794849247267079
0.221402567423044	0.454939290210518
0.12928462326039	0.969698958803179
0.0463026633762329	0.206456484461561
0.253197852262183	1.66355232610312
0.313978075991256	1.95504245533493
0.135451031064647	0.519018336022823
0.14465731441411	0.537617287530432
-0.306382362111218	1.35996300163341
-0.138424685195852	0.413413080690891
0.252664166618782	0.914030953115925
-0.0465599350750295	0.113937000745399
-0.0587946975608605	0.140670885736105
0.0855385288384126	0.19783083076771
-0.078756103674632	0.169482356882381
0.091056662874844	0.196684042876871
-0.0959404200497064	0.186241112895801
0.147111406666355	0.332151568700243
0.0851048877537893	0.164556876937257
-0.289607205067276	0.721941691514853
0.0274297764913422	0.045785733749963
0.284908421096953	0.670791443624882
0.0489172238062893	0.0781408036732759
0.241334350072047	0.53464439305947
0.116747143716305	0.806601838658876
0.220613496041794	1.72855319754709
0.105183467187303	0.474760170015787
0.14720900635602	0.632176334859015
0.113995966686919	0.421908434576775
-0.10105405880246	0.333034211949207
0.0119296614603564	0.0288802864767869
-0.243878840377367	1.01141871345122
-0.0529599139913906	0.100303148222912
-0.165425891029972	0.38869352968015
-0.248449345726713	0.653583176029382
-0.194975297572461	0.420373823267463
0.0943483705745971	0.173060368333085
0.183376436949074	1.56962684135647
0.125060132944644	0.763496877556202
-0.040136274421678	0.151167182727877
-0.121588389188162	0.530018084778263
-0.11342437133826	0.438594512381896
-0.216030290595307	0.544702236312961
-0.280803718779378	0.848538869318403
-0.132114622876473	0.286121633244209
-0.0360577078309382	0.0599861064686355
-0.309343455553086	0.782651180139397
-0.00162650255194358	0.00266275097892301
0.114704652155915	0.797024996087374
0.0132216707370353	0.0535474359618763
-0.0463092516176949	0.1767061394472
-0.00640371749401649	0.0192627966309615
-0.141619638853096	0.535134433643519
-0.0615807565070967	0.193612012525723
-0.282623282589503	0.795014420919368
-0.081559176518088	0.169058931584576
-0.056869846619281	0.106085189011792
-0.101833182282471	0.20124970181871
0.0911122602805109	0.169196063591167
0.0869545746947131	0.1627667482547
0.134028411660798	0.978795961813778
-0.00579292102719017	0.0220977977395915
-0.00901793107662529	0.0302473796504675
-0.105406762746265	0.408526912780559
-0.11761953087476	0.446351876747945
-0.0644627304908354	0.197109696788545
0.0476219728160682	0.123343619183015
-0.143300153738207	0.422419069827608
-0.180066637365808	0.443976030136416
-0.387768963607469	1.2005467033119
-0.126487897559076	0.289282424222827
-0.0919312950048407	0.185435314993554
-0.312543925328825	0.807563844381571
-0.301733452662342	0.752336504592611
0.177870985678292	0.380870171279071
-0.0136302129167885	0.0223736784354875
0.093232475684778	0.602522022845349
0.011437126625988	0.0456226777164633
-0.00721627168705179	0.0230877555396134
-0.0830325374462039	0.319303963423453
-0.167627211805905	0.732267057337169
-0.129407601958495	0.481079396531413
-0.117660778462148	0.356114351780862
-0.0910840559515154	0.259041303975125
-0.109960296386785	0.292136754900776
-0.181794674195767	0.466659695039583
0.254124387851121	0.747021287935015
-0.177271473784688	0.450749105054615
-0.00823032944281099	0.0134604660922183
-0.301775001850223	0.76775975279679
0.312182713413748	0.77610902287191
0.18571169027454	0.404945583524384
-0.121866520437951	0.238025950953217
-0.212795564492831	0.491022048352515
0.335820643035035	0.879948583608219
0.188191132351032	0.370630899323067
0.128034278759865	0.923904051487816
0.0561945587751823	0.260383615922199
-0.0063203933659484	0.0213567024578132
0.0527885589322558	0.180303556124733
-0.0544120142503266	0.180051000754075
-0.101240593458682	0.305347655619442
-0.126157887300491	0.387915519752072
0.0596443163236458	0.142891080045643
-0.262055859370086	0.770227807689528
-0.0559963116308225	0.109993803887326
-0.0485548887691621	0.0966840602056278
0.23946463236109	0.637472537056153
-0.228062185370572	0.563054932887062
0.430952735930636	1.31001299243795
0.0165126263884758	0.028161092403949
-0.0706070552392441	0.131280586841815
0.164199016250227	0.371605342125447
0.142515132848849	1.07427105228913
-0.0154346119881643	0.0628794956926806
-0.0660430165842273	0.26029054454384
-0.127420996428498	0.525293012855732
0.055213135084286	0.169079532468403
-0.00593325822953972	0.0142974843872696
-0.080616593407925	0.232135392128903
-0.0067307696078038	0.0149985467650504
-0.163410562582988	0.464329934216699
-0.184582551794288	0.536165191445805
0.10160778367996	0.224947975909025
0.0706074621948564	0.145005513164091
0.448620746973215	1.44522230186202
0.0443139004934618	0.0786773085730167
0.0955789624092307	0.177587911949857
0.229241362763134	0.502675011792416
0.150247666578239	0.284027942968027
0.0858886418938161	0.545449952662982
0.0723886663998764	0.363599518167543
-0.0403194366088506	0.149353045271768
-0.107645285615556	0.412800174209922
-0.0879172989888871	0.292609382028387
-0.211694376974549	0.916425952801428
-0.168489832846783	0.592007213060614
-0.0453203831660742	0.115309650468785
-0.071752222350578	0.158160449954423
0.145414665738131	0.384437885610027
0.211127646221193	0.538791698105984
-0.298416317675546	0.837921016300866
0.077267047408817	0.146512916212879
0.115413370672095	0.23650945082781
0.181668423823356	0.401001013309982
0.153985051092454	1.18415788181859
0.117522435570005	0.680898652353214
0.0327402063428025	0.115940821948047
0.0598102966920725	0.203911370066096
-0.112729847265129	0.418543244555993
-0.307446160018157	1.56805042295079
-0.138892757287436	0.445913830684809
0.221564246218024	0.698368910062143
0.087801334699269	0.194460498443764
0.231966613932855	0.622403344922607
-0.0612110198968469	0.118736538853337
0.262106998853392	0.728936354314677
0.0908165663730326	0.575283436148989
0.141906253506871	0.897626488881066
0.0410491216163875	0.147471714598115
-0.0725184801387404	0.267847200778106
-0.0506623478281662	0.164962308403641
-0.0621464598013854	0.184455915812184
-0.0723945250914488	0.180429536360205
-0.0555637590761684	0.131671121228077
-0.0202605471756348	0.0421428130048058
-0.00963306052295057	0.0178128514958418
-0.0382424736552415	0.0765139119912613
0.152955927101828	0.357354652436818
0.193163873342827	1.65636487668205
0.0635851492280022	0.297489346933293
-0.147158849994954	0.760937561994249
-0.0583556658906521	0.20085852076989
-0.0483119290733687	0.140741349020305
-0.184646286920745	0.689885945440042
-0.0834747842084448	0.210959783216598
0.0159696073663514	0.0342912217969407
-0.0884874518695034	0.213930471923389
-0.0670622457471634	0.146338807810857
0.19676078607461	0.470483933327094
0.0740194203932407	0.151677333362247
0.0152720242801551	0.0687691143941016
0.00648188308727479	0.0245837303810899
-0.0175179335264602	0.0585376982278569
-0.0114376132064768	0.0333240785470047
-0.172437303867384	0.656096408974454
-0.187003291282312	0.71449711242091
-0.219776832790469	0.848924760592466
-0.0550281131729126	0.137117182970467
0.000576804605329587	0.00121221476808755
0.358442315959867	1.42565381722306
0.00913048249466864	0.0168509511557157
0.352757896679112	1.11860584867402
0.260904573552925	0.734669388504343
0.241205301646116	0.633411197419609
-0.00393879792710856	0.00662751853823111
0.0897587950982076	0.575296348172133
-0.0108693899068961	0.0424160793748364
0.0730225521967847	0.301102658552814
-0.0510775218044572	0.173885548903215
-0.0847481924377109	0.293938633281438
-0.503052686513262	3.38378384602039
-0.119675190844957	0.374475803480763
0.0104480200134712	0.0239308799079217
0.2999853159378	1.28180166451508
-0.0290556881374441	0.061663060807198
0.0909155389607315	0.209066203646223
0.30682024023879	0.974036038399092
0.016873589609842	0.0328247892778122
0.108497891103349	0.237992444110566
0.0414417812412042	0.0851077438267259
0.0808606616925295	0.165272435568948
0.294794618599167	0.77211322605745
0.116979439035392	0.816131983619094
0.0747841996465532	0.384561207524375
-0.036148187417873	0.129421899364785
-0.225370975833814	1.21886568304218
-0.357089765320192	2.17882366367705
-0.102232732812419	0.318927156619577
0.281298685494133	1.15474364187911
0.192299157615864	0.704774503509323
0.0151540153446882	0.0324409936333372
0.212768273445763	0.63091955951147
0.26950167919715	0.857422063256893
-0.108842986532508	0.247004764629743
-0.0698578675462945	0.14431758010856
-0.137099485769084	0.338994895505673
0.000865193447856117	0.00160337667490678
0.321155262580516	0.801955212997759
0.079850223518097	0.482210999871811
-0.104927552129567	0.56162331227412
-0.0917608160992383	0.393750945122804
-0.30792251581216	1.96349142420421
-0.378024749608035	2.43066846001534
0.0862278332302488	0.271824008834306
0.247422508102153	1.06188479783345
0.377812752923748	1.89417223587965
0.165516965861362	0.534060538283396
0.18169716062132	0.532001927823411
0.144986794346857	0.385101028186373
0.0961145940009531	0.217423720294684
0.059793447950033	0.124464665096497
-0.181907966829526	0.487813870810729
0.102087132584587	0.221706673307521
0.219175418426126	0.512788808537845
0.105889331402809	0.705925397979096
0.0524945664490091	0.244313497061067
-0.0163705939507417	0.0547447138507765
-0.233079429335358	1.27065531145537
0.0892976609778906	0.307162595642764
0.350783499885695	1.88084907796927
0.243005813684872	1.00637509104979
0.193984021338991	0.635010014733992
0.109254893951665	0.281034768489621
0.124112363786061	0.321054343521142
-0.0982960607244119	0.224937312516612
-0.0995518933402927	0.226204499559139
0.254862840213845	0.769859020526529
0.0135758567813275	0.0253376558092952
0.0811514778222626	0.14899084933185
0.133083204114498	0.965154027273419
-0.030114692283611	0.129222467120256
-0.00864423757064472	0.0282609810915174
0.31487835575256	2.01855589825276
0.390580312084267	2.57486812274218
0.330301583257029	1.73379704427687
0.236952323865595	0.907043130695005
0.241315395819992	0.886942657888834
0.177063555157181	0.541388432740293
-0.11081485130212	0.277765263108975
-0.180097510499123	0.528212464791287
0.0818322283207394	0.190857480350163
-0.13321960821749	0.325377280631316
-0.0262943908220986	0.0469807919850809
0.0846172436433517	0.180152363742498
0.134385280833145	1.00416276374046
0.11365757929715	0.658220152349817
0.507705045940065	4.81547436091749
0.354411766568072	2.36435811068117
0.270165602816056	1.40108306359572
-0.0889134673576749	0.252324204935137
0.100206827151738	0.28139417959866
0.448080607985508	2.13191020320481
-0.022157544982752	0.0480929097326586
-0.0363157909497699	0.0765763948665881
-0.0268798825431336	0.0558233665265957
0.0453427198613809	0.0942776794981055
0.207873259362362	1.94694672761788
0.377228118943655	3.94895057328299
0.379222853369161	3.04917456835048
0.000245399299554813	0.000738496476707473
0.291452145879558	1.53872179885408
-0.0260131130229637	0.0650696843137549
-0.0293635723735928	0.0690248404687651
0.129645043651412	0.354463133368682
0.0340578144954783	0.0762276996168321
0.166551940839623	1.37047499849169
0.0174018565013877	0.071942257943691
-0.0397448255180748	0.150902761918987
0.0686349014217575	0.222073324643514
0.0848169904310612	0.535604869733254
0.0301863026691542	0.134921193204239
0.0885519301146748	0.575190466248637
0.00841910003657208	0.0333960185544812
-0.0415093603877215	0.15768992464946
0.138976983530659	1.06803847091508
0.113108212447896	0.656823531426028
0.0346190283618728	0.107166729216533
0.137452086911552	1.02022491915595
-0.00820767336261185	0.0315866670874041
0.0200995215157982	0.0675786189321848
-0.0313884085563994	0.101958615889097
0.118365986330582	0.8198460523262
0.0356451565323444	0.152781958721126
-0.0534602037283371	0.207547789997918
-0.0481682207885968	0.169416260258029
0.135618054499577	0.995226049230177
0.0230573754163527	0.0952886553871799
0.0964547240925813	0.444796108922782
-0.0392599028778932	0.132774014663058
0.0288826713619242	0.0854992347663133
0.0677927529596384	0.39234984300302
-0.0275073909130387	0.11683513165444
0.109764281652482	0.52374543399687
0.0513737832417859	0.173200615696089
0.126445653610595	0.908616431353563
0.00840310396075972	0.0327108835012602
0.0175130824382027	0.0608919853144739
0.0623719322550931	0.24023849558608
0.137020075370905	1.04082690731689
0.149422799350559	0.975848959941708
0.130729980267541	0.676754781564857
-0.0150476341957365	0.0491047355529657
0.0951483484002526	0.600351980231303
0.0611003431478117	0.287800947336717
-0.00374861329399308	0.0125705425501003
0.110497784324671	0.755624892295848
0.0979203880967432	0.552892136168441
0.045966998365176	0.181602045552603
0.116956939948526	0.482278061938284
0.173641460143111	1.49921763275705
0.265735770157715	2.46477895302845
0.343358893530069	2.75731145882084
0.200941567305046	1.91175062101171
