x	y
-0.662270372642172	0.493617729081412
-0.558099051633067	0.292523680126804
-0.269737991600747	0.148995140454973
-0.31222386564022	0.158651927300573
-0.28677423020662	0.222097152549779
-0.159403185304009	0.101011225340638
-0.616539974447064	1.06350137823923
-0.834183981943655	0.885157520852678
-0.569315324126126	0.62794951183438
-0.104210117990591	0.0685000445193835
-0.419053617899149	0.303341076345339
-0.53398104874717	0.586185959723632
-0.49988607682167	0.874141060460006
-0.958565480064246	1.41789404261575
-0.721767925633706	0.834766105850926
-0.140303626892943	0.1828889504834
0.116067624500007	0.07859898796463
0.588716892110773	0.575634512190705
-0.591739963351907	0.590896956424132
0.101303785769697	0.0623504152039786
-0.406473833708198	0.246903888544929
0.0544180669282151	0.0414389312604733
-0.826108324335525	1.22751606138908
-0.30286850084599	0.38546275733487
-0.400198690343101	0.566056569427106
-0.408067484393255	0.552049643145122
-0.14607347786145	0.158239238995074
-0.284441604799731	0.330481249535272
-0.287122512227935	0.26256698760168
-0.893355192470399	1.15595060776663
-0.474104274139666	0.583893526081719
-0.126281304639061	0.135892530357452
-0.74984436398473	1.54891165250652
-0.305708006251381	0.410129193894683
0.158094538747208	0.203024138469025
-0.349109510946145	0.522824428430337
-0.10008492107307	0.110590200956328
0.109077211683847	0.122509198767004
0.0949025601416717	0.0902546912792002
-0.519643137319366	0.949859424421566
-0.437492023106886	0.518414756313257
-0.710450577733697	0.68977062808088
-0.453936680767287	0.722929264209025
0.100238319487638	0.104522341646619
0.122749549501952	0.153942554197331
-0.326525400802871	0.571891302420325
0.294378874579552	0.441031726164642
-0.22254263612988	0.308736212009895
-0.255205461912081	0.310942341288693
-0.489337384996405	0.766719555003325
-0.988985436365005	2.13983810224192
-1.33916511825562	1.49105517370408
-0.412039029137062	0.423554346879467
-0.226770173164104	0.321344957079046
0.0106082400133592	0.0104787964826378
-0.185345169659745	0.270904465277824
-0.349146567517362	0.669433813572485
-0.000829661554180157	0.00098614153806666
-0.269055637336668	0.388913698663612
-0.1132843973883	0.116015278938825
0.133681864653104	0.158453066983239
-0.78070498024306	1.55248153219137
-0.227472577261403	0.252539868360858
-1.75589067993023	2.45816843549838
-0.480919803814426	0.556441238531515
-0.42935559579703	0.831851944369202
-0.363052015201209	0.595294171970688
0.089867206720793	0.0986711114148016
-0.485340549902254	1.04426178860968
-0.254929435620309	0.406202215944176
-0.315435156949234	0.500458088833818
0.138378811737348	0.172935604900803
0.543351937380343	1.00736833692008
-0.522738003225949	0.866437656618497
-0.317363986183588	0.384176126310381
0.0772656785255777	0.0352267058740656
-0.643576928836735	0.946546155135459
-0.276189781792496	0.345233762802152
-0.41642645518806	0.586767461796141
-0.0838923027336506	0.0565555781473869
0.040109606292905	0.0341439837357049
-0.594385601062234	1.01885316471082
-0.53686745000148	0.966370401556208
0.348650879325729	0.453725415614107
-0.531754601546764	0.933830129133463
-0.623365861748571	1.32005898696041
0.113423067129767	0.141993856870299
0.0621783884143447	0.0672892244338061
-0.1258128138455	0.141662245168006
-0.313419555050996	0.434089061464119
-0.445907167687178	0.622944954804689
-0.478202314321441	0.277607949542922
-0.120619318183273	0.0536446747183604
-0.562721094965885	0.681427687667165
-0.2975018548821	0.315561529489462
-0.115841993177929	0.0875350545055829
0.21190744200158	0.179008602067363
0.102046394799015	0.132534520171845
-0.102812153688373	0.133439444359211
-0.170775384678395	0.210945222659748
-0.114688077782731	0.169628450360608
-0.0623347822754011	0.0732989893882084
-0.902802331052555	2.34078183173916
0.245226424945596	0.352450421324989
0.252184884293018	0.330237975537624
0.151282764088905	0.177356914883597
-0.371448626784332	0.470223092910971
0.00674089227195814	0.00516179216883638
-0.362004841546436	0.350185760478079
-0.708996249142113	0.749386739507439
-1.08079539572453	0.985184478416132
-0.636176054105087	0.888354237344512
-0.0650368037645552	0.0628516185631238
-0.5175151872328	0.584438210281318
-1.08377991761655	0.971819995096606
-0.477541429467855	0.451058645540479
-0.0616737755643939	0.0425984582476088
-0.0917157928441595	0.0612057481891966
0.397459002162921	0.434748763710986
-0.200951631274877	0.272343274465476
-0.268062155162628	0.394329477960182
-0.133796286219062	0.16257424504082
-0.689170675110274	1.50931318136056
0.268261001901386	0.38775354424309
0.296709409399241	0.445248511504538
-0.333829478008944	0.501099734638662
0.0783650308612858	0.0684264649098194
-0.0614763633716816	0.0662252396011547
-0.180289993489691	0.202285482779446
-0.29603376096722	0.22672989492773
-0.287438424621844	0.221299166783631
0.770584342002609	0.850032452442998
-0.85743936769152	0.486540592695976
0.378080176762037	0.253315691447119
-0.139553496407442	0.114949862349538
-0.236737533097326	0.261826227932958
-0.355223583680021	0.368456497739208
-0.0708339322625367	0.0623767834961721
-0.075573642543429	0.0513705177234626
-1.2330812255454	0.730934204609881
-1.0039387148701	0.750474253073204
-0.931568303918832	1.00046785408328
-0.440403956404565	0.45853967246211
-0.0793795098554393	0.0544571098421651
-0.128009807984601	0.0577806422002235
-0.0810918292427672	0.0429980885026786
0.00117804752930778	0.000699525330595355
-0.0897410670864129	0.0667557454843235
0.258959899825862	0.246895070505171
-0.399075360575213	0.752997054179019
0.125532075120133	0.167297813765516
-0.0416213285303416	0.0450472602597467
-0.373995457012405	0.675173001346791
0.0213127829948829	0.0246755876042884
0.0514125123459856	0.0616848064909481
0.230298005768717	0.282212996554568
0.289647074163279	0.363897787130485
-0.790352022322928	1.74982728695003
-0.14365276666591	0.16187423144736
0.0020524521179158	0.00129627173447534
-0.186505772058259	0.113450645449291
-1.54432044818843	1.03381105341099
-0.561699818995359	0.747366928466305
-0.398972619597576	0.58950086808557
-0.162897512435873	0.163434517924239
-0.43338487431054	0.525985828690881
-0.331659109021108	0.347043182485394
0.168077256841744	0.185115891643476
-0.960252758087061	0.897275662961165
1.10138423564028	1.28493820663237
0.140777438462306	0.111833330178867
-0.430824414495498	0.452315230268478
-0.359121472415492	0.225084921834073
-0.077993527190716	0.0401408831964984
-0.197597866990779	0.160540641093163
0.218322461444502	0.161537695015392
-0.34681884164241	0.345384812346609
-0.320374728774735	0.509957190997374
-0.140974943896992	0.172248431831977
-0.199165701479044	0.255803958539712
0.053597869284338	0.0616726004526236
0.280225320028763	0.373163398761013
0.0865281865991088	0.106691475171983
-0.306920020865003	0.393029550639223
-0.271365377459436	0.329652469247421
-0.0348903647700357	0.0349488560868116
-0.523714410968676	0.74284791542913
-0.96907024483636	1.13299007590009
-0.272523669820907	0.300641770336103
0.127698643693357	0.0890407560455238
-0.669160705888219	0.337020178903176
-0.0834544599160905	0.0817122891806301
-0.208239861162216	0.228861837528469
-0.0106802698264535	0.0100153599962447
0.199534968954127	0.217630809050493
0.100889193697532	0.0885860702468271
-0.129091585265097	0.148072368219254
-0.0185149560466887	0.0159062041156537
-0.234950722301022	0.256973797668355
-0.327896319133222	0.385037851395307
-0.430528714825195	0.369972671144717
-0.143209205733227	0.134815828198212
-0.866237780918044	1.47431453126619
-0.487093078918336	0.466323788639213
-0.126131899413998	0.0817611422803634
-0.842038063061241	0.992101206286606
-0.37016484513334	0.312921251371819
-0.811548391715059	1.10856178074649
-0.0187371507364201	0.0173975957692984
-0.0690912143019368	0.0812281893520697
-0.0947566563851318	0.103750009621296
-0.382547458345081	0.622927825722409
0.093712955233387	0.110128173398248
0.0887996770669699	0.0930573424069975
-0.00642698485532601	0.00614492817560004
-0.236916946170178	0.291116904702622
0.128215686567548	0.138830913493873
-0.808880896704621	1.57493271309065
-0.261456487100453	0.33221813424517
-0.0689501259089935	0.0621974738382615
-0.317514452469293	0.316172293945236
-0.190038760625871	0.214777740748187
-0.310832879484956	0.412153728086828
-0.0251189852606179	0.0248517085246256
-0.158482807756428	0.182823977881512
0.654945604245253	1.14752869623424
-0.301615291400742	0.376094168289887
0.145843073611204	0.139439394509388
-0.174400648700306	0.185941783864362
-0.579441813199202	0.817686879131142
-0.434205219933193	0.558440351989923
-0.104177037858459	0.108092165255239
-0.290539166553279	0.458722382676512
-0.223208920066931	0.279349145845537
-0.723603917081282	1.65950313455721
-0.0264146348945769	0.0266411666665394
-0.0633530997729256	0.0657421445100539
-0.0181510618806985	0.022235368212272
-0.460229238504741	0.660569907698492
0.406492138047429	0.540729110662148
-0.56127664311366	0.849363080274024
0.104038647316667	0.0927471041841528
0.0623232271717309	0.046307265952901
0.0223645490729815	0.0207411375193647
-0.636947587748899	1.15963317273386
-0.397674855610225	0.679382748302123
-0.294621196892877	0.379895679111547
-0.282606717928671	0.427759362807688
-0.648409302750769	1.11831247917866
-0.284415818046716	0.348923147926232
-0.000877030231253427	0.000732288527917153
0.49788910154907	0.703865660214836
-0.0951774453584797	0.0979676025399365
-0.328146787220338	0.426998717072387
-0.986483592695967	3.29477012564055
-0.379181871127029	0.518904754483677
-0.492002978305102	0.697149286441409
-0.483597402526268	0.952882990517909
-0.145122570459811	0.205326778964174
-0.0930473495977978	0.134252154779544
-0.825523026096112	1.26840119990804
-0.301288508375809	0.409656461625526
-0.337467276243785	0.605385275336688
-0.24176135667103	0.313429435375042
0.143275448586462	0.172743426364864
0.0377454588543274	0.0355769410757265
-0.404020183411501	0.673349854999166
0.259214060047494	0.274313479652362
0.0810178083858999	0.0651326623632948
0.843467777118113	1.18496968556326
0.351381179320703	0.354590359257872
-0.267979591754653	0.182811445854565
0.0979986112895218	0.0924688144662957
-0.20716070432207	0.270011001382912
0.546061611293705	1.00577306531424
-0.276131957594066	0.437945302156028
-0.224589730460518	0.295789492872496
-0.721688548236963	1.17679038273263
-0.0856535880578643	0.115176992921292
-0.257802130848209	0.415282668579174
-0.0379484883757501	0.0430835922512746
-0.344741104343059	0.481813019905919
0.123804648780279	0.135488166203535
0.092005529538003	0.101492102990286
-0.202606069021953	0.24296447973922
-0.367725609996274	0.562606180835417
-0.678892955603106	1.48570738392473
-0.421358374220231	0.913026433862159
-0.230339033507607	0.286720467246823
0.27559347646388	0.283293756917989
0.141481817367183	0.12870920734445
-0.161258831291647	0.220055626846617
-0.457215823168319	0.94167783262093
-0.127578460253591	0.162654101867188
-1.12622039573498	1.43859393006785
-0.228543285031493	0.280953929812759
-0.663153295606776	1.36232955510799
-0.185336319270298	0.227193751537132
0.0719154627185666	0.0785921232100891
0.148943560156975	0.160067714957476
-0.0749922047430378	0.0784182619341396
-0.171945503900867	0.192940658734334
0.429357969908423	0.573627760867113
0.312196538052289	0.344272899258115
1.17351423656673	1.5267232885704
-0.26674645045296	0.227779211010102
0.145290827447061	0.140250422349319
-0.277741709648089	0.403295359893563
0.735022694107777	1.31331679037511
0.0712065222673651	0.0797873644151465
-0.0360396496851162	0.0408601371084084
-0.538475850090082	0.985742962657402
-0.122544371889554	0.159001583718545
-0.167101881141752	0.236976473943362
0.355274964249159	0.544712209357831
-0.0448766937245877	0.0479480305006295
-0.265615851196249	0.359638126210459
-0.0646868438917715	0.0815605636825698
-0.365770184506267	0.473766321694834
-0.198249182906389	0.245509266476061
-0.38154418590384	0.589494793081864
-0.541896481357762	1.44750944310646
-0.132769860242635	0.216776272795674
-0.186196679635952	0.263374017602345
-0.268488091538338	0.426549562801632
-0.122340584662567	0.175547268017872
-0.239124187203905	0.445141761761181
-0.188856165831973	0.312599225907121
-0.202762426536863	0.365703201363503
0.226464112803197	0.17354867717426
-0.293253244152742	0.225571065653185
-0.464986874389291	0.867628039413638
-0.601134409744373	0.509347541691977
0.391658859148992	0.246105765155768
-0.870234920664427	0.590528907388383
-0.472079792524547	0.266665118394813
-0.264500856198754	0.148665793203851
-0.123449614286471	0.0548513820027766
-0.115194652692695	0.115546191820615
-0.475408151838676	0.95024674122276
0.0375669166688224	0.0498201835495752
-0.686891575877653	1.26144994663696
-0.279574756716329	0.523768504067271
-0.169310862930178	0.217847898345117
-0.139820188076663	0.150790618039463
-0.29300887285042	0.271953924307399
0.207835863867331	0.190287059975424
-0.266152936407472	0.274147812743032
-0.0856259350512274	0.0779202989854746
-0.398672173512719	0.571645670566127
-0.473164625961478	0.665216168902553
-0.33886883529608	0.406133606965015
-0.0921211687194995	0.0721590438008189
-0.418865252803677	0.573370510839928
-0.343285931596868	0.661299150837373
0.413950982375895	1.08997347156811
-0.300573635641553	0.58082258560366
-0.0495453330970083	0.060093265763841
-0.0305626376961762	0.0339062823923773
-0.566248085077398	1.04587930997396
0.0815059665892575	0.114087052425147
0.0684816914760822	0.0945185078011487
-0.070074047876185	0.0992137602822928
-0.426629184977504	0.635292030623843
-0.568684382252373	1.14831153306577
-0.101025641101846	0.142358300985906
-0.272309316122986	0.148188390897458
-1.34210252283467	0.63188542895999
-0.363869252413055	0.273784775696631
-0.146390465975345	0.19654526045842
-0.200697404398829	0.272323097724579
-0.0172287977658856	0.0146454849178171
-1.42172546239138	1.19406424132401
-0.62268361733822	0.406658985034825
-0.19296265886309	0.119128785647763
-0.783634218328363	0.899319265307434
-0.58905242524339	0.71930301388287
-1.17829286963379	1.52367163656369
-0.465802731121526	1.11758038573544
-0.480157866763973	1.30509937397442
-0.349035587902365	0.69593739675546
0.235218585134274	0.339559013740555
-0.324528612562432	0.56361442501592
-0.0304126534151941	0.0392120141538583
-0.597774020333112	1.65457871297427
-0.00553203654425088	0.00687005679208247
-0.127760472194832	0.195496537291661
-0.0683118404038872	0.0890593500680002
-0.437964790199953	0.698563314558599
-0.291481231799977	0.521895802453452
0.061818780416451	0.0808449389913613
-1.1585550435677	0.801684919979216
-1.04439409555026	0.55181324666839
-1.32206132151424	1.17926637695266
1.17116988578446	1.46345807550625
-0.0454586356407451	0.0511100485990133
-0.396335617145923	0.740065221979574
-0.0822415380600808	0.0806147735320822
-0.205518553641703	0.310202826013345
-0.451072529771935	0.658844323772386
-0.305777857732728	0.350330555214612
-0.191118386125549	0.153537052685452
0.0870512775377462	0.0488973774346523
-0.16949350132641	0.152441880270699
0.529088910393946	1.11041910398643
-0.194925811005357	0.364369435637218
-0.118798301169585	0.200322421416206
-0.10534754157526	0.13242471096649
0.178747309685905	0.236126837721068
0.250620496161891	0.356669107771323
-0.375252481404233	0.870949670508936
-0.142546023091846	0.22594926046753
-0.308011560357674	0.372922488797989
-0.254790480671978	0.335462501314066
-0.112384568888693	0.136291845718451
-0.729651083694664	0.4344010385431
0.0830209772015569	0.0285037073284343
-1.33787358000918	1.24692181729717
-0.103976915572588	0.134799164515077
0.0618226320910151	0.0653178876735712
0.217391358265542	0.164353628682545
-0.201927246179801	0.248350125259187
-0.673415830440055	0.967539590144419
-0.782007118785999	0.683895378522393
-0.578412707141376	0.233277715170236
-0.557459756070831	0.301112477323615
-0.289129507778395	0.273529145180195
-0.306729985972674	0.155650222189581
0.444601035803604	0.506149728957391
0.582795938726164	0.504078301558598
-0.315198442128301	0.162737115189107
-0.443971947149243	0.502881322326181
-0.043096153992058	0.0382037630226961
-0.320905723314073	0.566131772482569
-0.175185147558724	0.290490906385527
-0.198586935283118	0.305429939786764
0.164847542476984	0.200605854604543
0.157477062661404	0.214230973224389
-0.441337718966373	0.881509987831849
-0.0682937899386365	0.0949582268508299
-0.145948898560759	0.207720131660362
-0.113768833869582	0.15076237266567
-0.277846837856585	0.408787833866763
-0.396945981967022	0.512899211685427
-0.0659684657055349	0.0356935230478969
-0.458900750393005	0.201047013284427
-0.828217599048028	0.373697943357594
-0.124570757654459	0.0565269926937532
-0.255260954511102	0.202616154657858
-0.20613552446779	0.290401665214005
-0.189766725192555	0.249297622730862
0.0883696946252336	0.0783600584861458
-0.235272616051824	0.329666845448298
-0.697265864936631	1.14434410272851
-0.129501853395011	0.0851227305496514
0.224000911242887	0.149678176729785
-0.545556103037016	0.44812937040311
-0.981316534145084	0.844409438379831
-0.278973069265266	0.241284894131824
-0.633252976986044	0.753823023464181
-0.221825758090904	0.179921895204571
-0.436653568457454	0.387654770355545
-0.578128888843453	0.729880144127117
-0.135192341868876	0.169368681408412
-0.16781928950184	0.275515047112713
-0.227041094330512	0.367753115179413
-0.136208712605448	0.16752630010444
-0.177446347202967	0.157532148457375
-0.35222769787673	0.436799646893108
-0.190355504746366	0.278405210452265
0.0276554050926485	0.0393673692397124
-0.407208505542553	0.839888239855418
-0.0714813384670154	0.0864712854187285
0.383924682197134	0.63350509576659
-0.356728672545543	0.6588450064934
-0.208167314009637	0.368327974363477
-0.225723779701375	0.233467337259092
-0.234036654884351	0.134517012601619
-0.128870661489406	0.0586270867047973
-1.18224065966263	1.15544286559607
-0.40700503799877	0.28245316150422
-0.0251673537981627	0.027053352904641
-0.21244846629789	0.281474674175207
-0.0955340931548577	0.0820145428662387
-0.134326756106284	0.176730639107453
-0.320060504913215	0.352762424852227
-0.657232558447834	1.45568639094772
-0.31323648535426	0.29223931041355
-0.124546612256292	0.0801101860868418
-0.305211472945477	0.197336525907586
-0.508824714001342	0.393519915197091
-0.408919485133747	0.240533433901201
-0.156579653106322	0.0999573358752802
-0.00233898287582178	0.00255757490677017
-0.217626076631646	0.305481260319041
-0.180126931282033	0.257607806813445
-0.0836428717420593	0.0824650955498178
-0.246980125095936	0.336754059860577
-0.487188492598866	0.546844622146992
-0.516219738724265	0.406389752799592
-0.444508264449339	0.575580955144908
0.285363456291781	0.425839242351075
-0.255749762465396	0.47722438798762
-0.500528716289311	1.12161575919565
-0.660733637717253	1.26736795016226
-0.693341977667152	1.13003330462301
-0.519981355585954	0.87305411480374
-0.299654337485531	0.51775460264261
-0.459959190657121	0.203054971254536
-0.264871500119824	0.263329637731663
1.51302724317457	0.759033410677135
0.474565974965902	0.174050129956977
-1.86270980782424	0.784035571537364
-1.38767093120678	0.875312495517514
-0.556309971035544	0.300774864385305
-0.434496659280808	0.640409278088334
-0.794320421574477	1.2941314096969
-0.937966001139644	0.936849112461002
0.399455921261236	0.255572526848399
-0.831551373122705	0.38760207830276
0.473665422278661	0.2611711826812
-0.0929363648653853	0.0446637158238467
-0.784273398393908	0.75957800080233
-0.844501888061784	0.455669547132659
-0.20720853690395	0.27610409610052
-0.265684717730538	0.390534951915651
-0.187275095008893	0.219411948248168
-0.338384461320837	0.528981426093278
0.276922976148773	0.396104114282173
-0.455711302416089	0.75026601431414
-0.284595395241322	0.409689688923189
-0.500442508541405	0.872249853822745
0.254346943022888	0.315826313311928
0.313449279306105	0.45367546848301
-0.298756363618276	0.411033170990437
-0.0837337569380525	0.0991006194852413
-0.429915427881345	0.664864151266845
-0.301048796390751	0.46170520561044
-0.703050150665454	1.66012630044101
-0.166957029347668	0.188137074939256
-0.297440938530748	0.330957743770667
-0.772804767826231	0.625134424254628
-0.54071386588974	0.550567924742993
0.080556106507746	0.0372462622839266
-0.867571780464447	0.817788856877202
-0.226344676519052	0.201095323472529
-0.408903433144559	0.552836018693802
0.256650838615972	0.323760040730321
-0.325753632645762	0.345930337744112
-0.533478456128654	0.795101958438455
-0.632983686150252	0.862286327252621
-0.472970395000101	0.443239669143031
-1.87795455920236	2.40691412838992
-0.0719140764331843	0.0576258299764772
-0.285220158131081	0.275295533256296
-0.368898464830282	0.432686748144804
-0.365202061107395	0.376487789558782
-0.475120888572719	0.676548303930501
-0.415482439287819	0.531593293190318
-0.273981784837921	0.312900034925989
0.283206938545294	0.269500852372496
-0.213210744690553	0.224991758355715
-0.0951719357976831	0.0828644555027843
-0.45664418245909	0.551897525323156
-0.487289067041832	0.827000309050357
-0.0611208270985047	0.0719622809913411
0.094542049201061	0.123503189197165
-0.350249935412667	0.679959689680846
0.11145449305311	0.129006713416589
-0.0180213428154734	0.0199254198952944
-0.179132963208174	0.275640636996698
0.100751404898679	0.132259877518772
-0.490812633092746	0.83446018054851
0.12164410062746	0.13158990471833
-0.0178680354807095	0.018663106282588
-0.285322843920348	0.472483224615603
-0.159774835196343	0.274247613674492
-0.0793861646496784	0.109722830612737
-0.120517533299998	0.154276696662989
-0.313805783961162	0.49964434025404
-0.428380238693653	1.06501721571313
-0.200373909018767	0.210066026241089
-0.321139211920236	0.160735086025479
0.0815103519527577	0.0464067431160577
-0.403559470864843	0.237348909370097
-0.2261771127687	0.13385634700844
-0.142370278484813	0.121046296213886
0.362427312351958	0.628546943427882
0.228253600401498	0.342385016141168
-0.273920617255839	0.300290707945491
-0.392557118408595	0.685888446390605
-0.0672607517565749	0.0591027380013299
-0.117203698638135	0.167587767900177
-0.239172847552334	0.421813826823272
-0.29587500858769	0.253601607629042
0.117352972323477	0.0799789734625797
-0.363338934871289	0.276066898708747
-0.40176885072577	0.422471711288829
-0.299510405803129	0.247826591923044
-0.656363859511192	1.56082100713146
-0.534411106006244	1.37095940560302
-0.458997920913723	0.89786597503702
-0.195084364522758	0.189342690397784
-0.236906515146577	0.258123686593112
-0.205011274520167	0.166597465452724
0.2801602328221	0.261577468502509
-0.618384366172851	0.694513910440489
-0.245444864918806	0.351091564197095
-0.559846115239694	0.632247472919989
-0.272192367232908	0.297649244939787
-0.149844088322114	0.218814890191207
-0.472063041600589	0.631567010512168
0.216752405879343	0.330554431676706
-0.366829871402838	0.627204864574895
-0.438292874361547	0.857236751615734
-0.378894495178781	0.588440853834737
-0.099652903822555	0.12404868265414
-0.159453514169487	0.22731363284707
-0.192633177336794	0.287303486480211
0.151495795309673	0.196316303328715
-0.058915219856074	0.0624140499456951
-0.300458450426038	0.48845942391068
-0.127461378240288	0.177989829121735
-0.149934283654984	0.234096976251014
-0.230249121443722	0.349084518740565
-0.153629542747924	0.224522948555995
-0.171715850575375	0.222784734822661
0.0863378955831899	0.0495076930956433
-0.316381821436845	0.24126328017927
-0.204485400078647	0.21745700787413
-0.354919907500006	0.674668255664176
-0.0611437951215292	0.079214924235162
-0.735363627651309	1.44338708748835
-0.237836094204698	0.374094678056801
0.124937312096892	0.141133785278466
-0.485915635092065	1.06187600908693
0.109054006748602	0.152843859336386
-0.264194961247416	0.34990524543082
-0.0999673993104936	0.10232193543266
-0.161182990260518	0.16317990586652
-0.541680626156646	0.605873553298346
-0.25645863411418	0.281441742924361
-0.499192618246523	0.552148538124795
-0.246135240927586	0.31614796832882
-0.421677018591165	0.583591364759803
0.522802660848182	0.818424390691563
0.171177822812547	0.240822904467147
0.177885691050109	0.249196883195533
-0.24616037780337	0.384814592044529
-0.13029905483694	0.123724740433826
-0.722108272305966	1.19418503727298
-0.230767665615463	0.278855243323916
-0.199605985677593	0.20931677798942
-0.382169064229594	0.800173098044424
-0.258286937114461	0.409425794751186
-0.16433736264209	0.216255019366518
-0.18415257428567	0.270715238097246
-0.264378177490255	0.369672658167649
-0.120819666621519	0.164985114142599
0.000225632628433686	0.000387738114621283
-0.0796783079338537	0.0963837992976143
-0.0386275382918955	0.049028837020331
-0.0000507065720892731	0.000121631987490371
0.131750605594645	0.194557680441638
-0.208567060798737	0.334771625592144
-0.202083370168909	0.270957409460975
0.0701390714689018	0.0936168899830503
-0.132279548453172	0.187728120741709
0.0597642270722336	0.0665210225594236
-0.39113335297196	0.562794071858537
0.113737633980851	0.150716798701185
-0.537895333547489	1.1713199457216
-0.311052795811965	0.485289686333859
-0.362739281068324	0.452256224735257
0.0544526060581522	0.0685423672942623
0.29178255786255	0.458552266504441
0.0254630309666676	0.028767723923368
-0.121896096305783	0.15708760940393
-0.192188967476374	0.252254157935603
0.0653932620103249	0.0839423447815605
-0.276340517588732	0.477671246957927
-0.212937390850332	0.305004283655386
-0.0585668214769228	0.0701599561646253
-0.405221631043466	0.615471509047417
-0.0650093742752113	0.0622327509724649
-0.102291521639111	0.120026213799241
-0.116154940019764	0.145946160571822
-0.290449871671276	0.416356819272724
-0.449292763764196	0.728469187611829
-0.241740234625022	0.296017482683857
-0.276897742404997	0.32884881907363
-0.480966839054535	1.05250639380316
-0.306555475802621	0.561504201404866
-0.611876312043877	1.03412008888553
-0.446330450584134	0.863710191617299
-0.0581279530313433	0.071001733238685
-0.00402916763938463	0.00512620342828252
-0.299672233050403	0.580774848872757
0.537755674188866	0.769912018003443
-0.336489053796229	0.468346824101804
-0.326934679919526	0.39347917684636
0.510424690902796	0.780275809065094
0.353167149811623	0.528686956044881
-0.0382911836942533	0.0401786976542423
-0.711448641123243	1.52699589624594
-0.27672739559914	0.523447715545326
-0.257635295672833	0.429535385887773
-0.0648307490221534	0.0824361716609091
-0.0270327925692017	0.0249018010576761
0.208943002152653	0.167307556035704
0.596231087924434	0.715969265549604
-0.47645979251519	0.670998927083086
-0.533238846958959	0.842014526228696
-0.458102829949386	0.619508556137613
-0.271260041470966	0.393845343697424
-0.832382492366993	2.23610583207081
-0.326638072290781	0.343918059390976
-0.556681176602253	0.872701128080144
0.0581775135307232	0.0616046373678787
0.460614659496581	0.753070767814901
-0.312653926892315	0.434464848874306
-0.146020037080746	0.13603784407004
0.134822886119225	0.0983175561458814
-0.222727092492508	0.324621121409665
-0.202829667840285	0.299710564981728
-0.119491387373602	0.137861469195641
-0.158790937093524	0.200689102410323
-0.529116955178473	1.01104764351822
0.00262835859352292	0.00228898988254167
-0.178260873526994	0.0633699870699691
-0.154405145427594	0.115760793489431
-0.47236688743515	0.778559305713728
-0.146655887663657	0.187791722854247
0.0941499221349577	0.103665007743881
0.0426194815904589	0.0416655531723909
-0.360022848115894	0.628107339889624
-1.02171266665342	2.52419995320783
-0.466777543380557	0.528687283704451
0.0870426909207008	0.0741506604386536
-0.917399305146694	0.959750670098687
0.0146884745855817	0.013495627313274
-0.0236967161683752	0.0211176812365127
0.35673380492179	0.435320932985165
-0.226269709164046	0.267014109695662
-0.0256526114938561	0.0301595649248646
-0.106857843934039	0.134119180498401
-0.117253034400585	0.131799483481279
0.12788164554541	0.0919077456545472
-1.08717192011176	1.20867203152697
0.226178983469631	0.134444370253229
-0.330001356012183	0.319847991136699
-0.414711353067508	0.566153844249629
-0.150040140699203	0.203591294385453
-0.467171313039791	0.832190507125322
-0.981555492426652	2.29902320701829
-0.463542429612044	0.841412585969757
-0.446753155764181	0.746573101717791
-0.272708790340183	0.371677892224116
-0.15490474599499	0.187465865501063
-0.651778102550949	0.687775362535181
0.211048237643296	0.204556868030897
-0.355185834377266	0.515148283319544
0.403914942411255	0.498989069409861
0.398367963136818	0.524569736298405
0.106414325388711	0.0684649128430666
-0.127277382170459	0.0575310659796637
-0.8380319644833	1.62944108776803
-0.646701789361766	1.05029910189918
-0.339164118888475	0.366445278634828
-0.273721310970047	0.336367145623837
-1.33367647710006	2.07573989834586
-0.759100395079495	0.574054087810445
0.534915270391861	0.382377321744852
-0.94606504483512	1.66000641821806
-0.334775868581391	0.450430132933148
0.877088595787975	1.85811239547159
-0.211583050969369	0.22293703202767
-0.35793654376781	0.514083029297041
-0.737104683871796	1.21453415950491
-0.148903007624699	0.179851305013392
-0.1836828381569	0.148267589392495
-0.406224302681939	0.332217144328218
0.21170906443759	0.162382725400531
-0.586265924974331	0.746330867522594
0.251235302621765	0.259309123679226
-0.169545353235784	0.163890521578729
-0.105418022177702	0.091256691453825
0.428010595434258	0.657142397631578
-0.370972610964896	0.549999778868224
-0.35381967141078	0.4387470501454
-0.111531959963187	0.0857897993166899
-0.692242003732301	0.541475235832307
-0.398367138884897	0.321434207368448
-0.271747993334299	0.219592744545336
-0.582466266112343	0.664986135172171
-0.74894033883416	0.969950858301767
-0.666077373798416	0.498133764482995
-0.87002672250655	0.677303404690764
-2.01175017736205	1.8027947896904
-0.209531275582416	0.234732877055701
-0.290974072003143	0.451838908006719
-0.261347613422106	0.345109879781846
0.0866499819285036	0.0957328565715354
-0.0576465749024794	0.0721724519012803
-0.259567402370585	0.353780252035222
-0.188312852846011	0.275627434480505
-0.0127423349562216	0.0130588078208956
-0.908307492042815	1.46012616781589
-0.165323453621147	0.192819399355591
-0.661278794995254	1.26691563938205
-0.267841125053964	0.25497319093968
-0.183475785394813	0.16588494063276
0.375074535312216	0.501468549802302
0.300873858531446	0.306451140754135
0.525078247725795	0.626751500494969
0.778283535820956	0.816232400837147
-0.574091888704085	0.435812363450374
-0.119349992230836	0.130897096024926
-0.213327303930113	0.201724247776998
-0.277463914402692	0.273000080719794
-1.04866981602346	0.524241113770947
-0.474496651757737	0.267735180555454
-0.208241202701353	0.232861571134478
-0.645899915662142	1.14512314806614
-0.430853384750772	0.441253529287871
-0.36021594997161	0.543139296611548
-0.708558239248721	1.42530487900114
-0.0484121392545689	0.0415454472678577
-0.404127396740522	0.387315197943952
-0.843797772935551	1.04129855266779
0.00434850205054549	0.0033998468721106
-0.429262697962307	0.558129543912092
-0.133575581673324	0.131293564917616
0.688344026898609	1.20185328406359
0.490467916512145	0.86534857373357
-0.109259938944928	0.116233187000284
-0.797252899342149	1.53933795468192
-0.369324431757319	0.370008467130126
-0.396112669063629	0.40929374458349
-0.350710906710112	0.388469223844981
-0.588672019556343	0.597560771926353
-0.308098443422276	0.28659524478036
-0.231824803188257	0.222865148095832
-0.00361330378544747	0.00404615539735553
-0.0447173322219626	0.0478749804909339
-0.0557045973073086	0.0538975790681008
-0.302669339416057	0.345008970157024
0.396790808880134	0.603802846268521
-0.451418907185503	0.537230292936858
-0.597793394721167	0.739091945844831
-0.029923067647541	0.0247309760190045
0.514441815645583	0.752767154828055
-0.480632800239594	0.60364943484422
0.575877090748246	0.806584424939733
-0.138076861207	0.130284808607848
-0.569142820690305	0.582875093759384
-0.664849087661343	1.00865795354524
-0.361640036680529	0.492145549364489
-0.919659727900085	1.84512153009514
-0.421391951470751	0.575907038617814
-0.39229656313896	0.473784534498753
-0.237483906743582	0.275756544958205
-0.0151877580153326	0.0141853882612701
-0.241363521903152	0.261643802424399
-0.329274628541769	0.385711262052766
-0.610371447403023	0.844326193763354
-0.0723531822597409	0.055894020640171
-0.98604595322429	1.37793921751766
-0.428061267453725	0.656230092049036
-0.412442437245208	0.504260603573486
-0.256598034396095	0.313615221601322
-0.131147513985691	0.139765344930967
-0.294939292264858	0.355394273114567
0.583028746410027	0.954048912731629
-0.0278966869771553	0.0231755609884823
0.0280985723947894	0.0277379850202237
0.062535911977299	0.0674743683592493
-0.107897533844579	0.11790556042639
-0.0755508095005321	0.0843100395686055
-0.452593944723854	0.745409534272486
-0.282016889002623	0.304555950280905
-0.250156874234384	0.271364150192475
-0.0974757568061431	0.0839506483411479
-0.567662562292545	0.600424440671812
-0.484074201562425	0.600791414162188
-0.972062062461827	1.49826427970105
-0.0896051729689447	0.11915956414051
-0.662924224679242	1.09993588895849
-0.822456130578209	1.45027714261206
-0.228108486548974	0.233856715607678
-0.241104043713279	0.246391192136209
-0.196532119591633	0.188534259690419
-0.218082947164647	0.310886564941882
-0.201540568756121	0.246946376680155
-0.354089488212608	0.44206553032777
-0.681460437695363	1.22262831725667
-0.0407035205586196	0.0430265701897973
-0.421644901353954	0.580440434802646
0.196578191526882	0.182893833974246
-0.251656502418901	0.294378525652137
-0.277373886364758	0.322332535593082
-0.226020222141245	0.260748942672487
-0.787232679287026	1.35777586033313
-0.853125291904575	1.16602904962608
-0.500228710519071	0.821500271617601
-0.148195668413477	0.180900233056751
-0.47445714474618	0.640585940446315
-0.399218482658229	0.643401937509579
-0.300111129481211	0.471412603059533
-0.306832039767552	0.33263449841436
-0.449196938249053	0.356786857025109
0.727327764315788	1.10819481404915
0.500682446802131	0.465791159518323
0.406097519077131	0.363662432407505
-0.101386698500399	0.0866148228318485
-1.21382534448009	1.73266392616957
-1.20921705966823	1.36547234628244
-0.263747958897014	0.14758271533887
-0.537430379905875	0.368499912180004
-0.670762527403402	0.316526571654818
-0.061107407370165	0.0421781317623732
-0.744265812613755	1.06186841241051
-0.107126427254857	0.118692154748197
-0.290539009402058	0.486650043772445
-0.134143887384801	0.177311240065643
-0.0702076586317479	0.0757079543841066
0.205670441677615	0.268334189303892
-0.35248120247596	0.478875891486739
0.0860400503992523	0.0743898287572779
0.136544062360409	0.105414736059947
0.0521621891846794	0.0385879018606314
-0.696009214407109	0.630658403370489
-0.300803234022974	0.376328896214421
-0.372650650810875	0.392468935596536
-0.45114720340219	0.635190623366985
-0.0725213096775479	0.0645168922226841
-0.712037428560051	0.985857928818164
-0.550772333646626	0.292311179085029
-0.492748500880719	0.439082830200732
-0.53702222102997	0.59379828938938
-0.237994433669215	0.229458144410682
0.00679005648324365	0.00515455178310801
0.0274363239805242	0.0183983029474395
-0.218977449094942	0.176443296261011
0.581431807710052	0.72693451780967
-0.186941998103543	0.150228632399086
0.679165647630688	0.764985833813108
-0.0316290692875682	0.022594964575259
-0.181042624731078	0.175879529248822
-0.775875883725867	0.707450304517725
-0.418864588704404	0.300002423218217
-0.870993379564535	0.586607948574919
-0.198816864071572	0.119646956134778
0.323071862281004	0.249148981438863
-0.515892463324313	0.415749369433464
0.140862270489713	0.107113958100169
-0.221865595334633	0.226317917070391
-0.277885407274551	0.391641937226766
-0.0663574642094834	0.0851813222198814
-0.527688666335809	0.877425285793105
-0.396465336962674	0.707580298670148
-0.225596257575054	0.312778043668621
-0.241518177931319	0.33639467459708
-0.728936719186686	1.25817900179901
-0.331154437169238	0.551205283327325
-0.268333028273255	0.293209080584058
1.15545247335808	1.03167663810286
-0.623995594943261	0.381933613228346
-0.429320680000962	0.511865901780998
-0.408071811973996	0.560638555287249
-0.330126344883479	0.435755426817193
-0.233007604413369	0.256549298074259
-1.08219805928672	1.99010974655365
-0.195674745091607	0.221908094030569
-0.515502379392724	0.726334455812054
-0.232049936415538	0.244002723428217
0.338661145905042	0.350693736315403
-0.51776435607912	0.535795812111032
-1.16344972055374	0.35414352126096
2.68124634733381	1.644701084837
-0.201861504616097	0.16516115561995
-0.541844641446271	0.822268911898451
-0.785911033743233	0.906857571537735
-0.0482292912375103	0.0397663104113639
-0.164103578041732	0.18319377204809
-0.0175605108481527	0.0178505089508704
-0.0566043015211127	0.0452990465651362
-0.135017961437394	0.12455068799151
-0.452860426717183	0.651224616765778
0.170617399533129	0.208975466418497
-0.438017447806763	0.536083947411798
-0.144783167083973	0.152487692576565
-0.234303303754107	0.363677471209034
-0.089021667241445	0.10027974181481
-0.377417555259548	0.398295205469778
-0.122482299360868	0.0793828099142982
-0.473431379389482	0.486757015985876
-0.157046007320913	0.14894102797123
-0.15053397973862	0.158904953580409
-0.0339723268435122	0.0368196437904783
-0.094074654403764	0.104600283670068
-0.253044688861731	0.368136040949048
-0.2037616440809	0.183407043220251
-0.600083425990096	0.729785027042458
-0.365176143787936	0.433236194873797
-0.105904162210512	0.130671892217045
-0.129825871030424	0.131990457254583
-0.749638972322243	0.987876610696966
-0.543405564876894	0.955293817265545
-0.406380434656659	0.657018225366474
0.116010411101723	0.127718826042242
-0.361978522130945	0.407821821079316
-0.0105305112142215	0.0101867108600237
0.0287985039374721	0.0301465232585713
0.405085769025203	0.497961210246503
-0.373977075596442	0.458655239937525
-0.215083623468068	0.221494929030354
-0.34614766722014	0.475911500236987
-0.0064240279741234	0.00599916083197953
-0.858627716801408	1.45749356499523
0.770013849420623	0.636964526983296
-0.290027335403685	0.226891293295005
-0.86302338711509	1.30815116191713
-0.350801566095661	0.505186732089611
-0.447543158031917	0.6348719365299
-0.349830372193231	0.503371602143873
-0.0178049506007697	0.0166901370291433
-0.482016287004241	0.842298355026619
-0.435924363495565	0.710200893533583
0.0423367055565979	0.0406019644902109
-0.393255650385752	0.535408460224167
-0.12013235625204	0.129578153249266
-0.651644389873777	0.826424968575638
-0.0450040601021163	0.0456932995866567
-0.442047657147365	0.763588157361609
0.591375954223943	0.972671653142107
-0.163909971095085	0.205855798798058
0.0180900705936768	0.0220119293633017
-0.390531007146278	0.76192877250096
0.397359587023669	0.549668171352758
0.203500880140078	0.29529294420228
-0.191832716578725	0.278012521188563
0.173330157368505	0.252494939890711
-0.411956546559431	0.589009398074785
0.107799565890671	0.107204298645774
-0.42308989195446	0.721012971928947
-0.25564754798691	0.398610972077524
-0.309771213583546	0.463481929409494
-0.0202035140232191	0.0217444497708426
-0.0714023859371316	0.0893988955685087
-0.124470267954028	0.159802148832273
-0.370214338414376	0.649244100244146
-0.571862706222691	1.50016238625034
-0.470636499241925	0.917661608617598
-0.53219238900078	0.493200583160868
-1.1614878069817	1.99078787371968
-0.875580589662366	1.57215424349886
-0.420821081366461	0.808080883872978
-0.677299808405216	1.21411520191305
-0.405414800431219	0.527580594772381
-1.10592008394621	1.67255835296772
-0.294151927980378	0.271651143978365
-0.683940515199108	0.851451958853474
0.631681455882277	1.14248248217307
-0.656604791220681	0.697446772570998
-0.138901355838255	0.166253091477168
0.0131135481924661	0.0117776586766496
0.525021416987029	0.550524461330442
0.106787935710475	0.141434339762455
-0.210130325747014	0.296327268299967
-0.422200101070289	0.792277168997966
-0.192897166313633	0.21751550009244
-0.0723038670243044	0.0708946446348415
-0.187032066051221	0.17619767455859
-0.264024644151099	0.261926428297143
-0.28447450104224	0.267703314092287
-0.257915197395673	0.406661359868189
0.297364986220619	0.343392840491576
-0.23544029882833	0.307521929471621
0.238528449435869	0.363246685940756
-0.509912061475228	0.762753048920783
-0.297965380899411	0.469795235535821
-0.103551392328461	0.11391986986455
-0.030633139941998	0.0307370369093994
0.0340668820746996	0.0357360912836432
-0.370102026020493	0.563391088218828
-0.231377063238229	0.249322280721789
0.525013465314199	0.836602382463504
-0.150627897456232	0.153601969068095
0.235892729636213	0.301085891150422
-0.038030184747311	0.0371778161014421
-0.174170713767914	0.217380776436083
-0.0904491384469557	0.101094061660798
-0.0742183254208065	0.094228182715339
-0.0644256278122908	0.0640859547398382
-0.15003279182055	0.150833494755008
-0.221757016198116	0.242171276658896
0.050713304450464	0.0456579655107197
-0.526304895086133	0.664323995672339
0.208488756861815	0.225575496058975
0.556764543084329	0.659878560526293
-0.337119903800976	0.425515762057442
0.37710936299339	0.354369149186971
-0.136461219258237	0.114606864540113
-0.29671992315503	0.395097184689364
-0.426888172217842	0.599140258434169
-0.558171500121268	0.800749397550982
-0.426748860097335	0.559187247969005
-1.04958799958606	1.74999210618741
-0.34767507721797	0.502270195463621
-0.701590451667105	1.17874759134141
-0.084740885257138	0.0880508854616854
-0.423171896226594	0.675941775300475
-0.516139650005213	0.66486235469973
-0.157923801719032	0.202839636071657
-0.164130671740975	0.179300205856101
-0.212760727038473	0.196770532150769
0.0687473067913759	0.054868743313189
0.722536325944845	1.42982644759886
0.329373272986158	0.361374397182899
0.0788875223829437	0.0912599793980107
-0.173409440841327	0.28002677482421
-0.150127594711178	0.239266591227924
-0.331750776293519	0.458237653048268
-0.0355505766106729	0.0406633409815565
-0.154560164939676	0.195461120831816
0.265423350625425	0.415444535457544
-0.304472617398631	0.39212102597459
-0.343455558931697	0.339837481263459
-0.444307466926179	0.543558997919083
-0.30904110820307	0.575343609590562
-0.460798094628426	0.425837628942882
-0.219017851654704	0.189922286083523
-0.165303275849295	0.179266924314559
-0.656689262049163	0.697724590546514
-0.188923398188197	0.196165424647061
-0.750327539867519	1.17262051918638
-0.316120209025412	0.315174722670196
-0.0752247791272242	0.0950964027152134
0.286778399792449	0.618116770453059
-0.704660527956961	1.92183846073346
-0.241025136963243	0.246059472509111
-0.341260083787156	0.306667451891118
-0.10068277912572	0.0676081811600978
-0.436756438096716	0.421749304803069
-0.653663874017663	1.59912425737683
-0.395394860436119	0.437655411194545
-0.00724634485537791	0.00876220328212179
-0.167880390945148	0.164878701394669
-0.313051319303929	0.559575260483767
-0.322025114575103	0.534851012933036
0.038874152521369	0.0391834063524772
-0.400753033876262	0.592287398614083
0.133138059666087	0.141458498409908
0.60470989485086	1.03583389891609
-0.216671244050208	0.21041151788248
-0.301219579220764	0.303268883175516
-0.0845893548964021	0.0714307640855619
-0.102742150768767	0.0979259446564497
0.0183691984728357	0.0162611036859919
0.250065558235677	0.276614242750938
0.0867262370871657	0.0902759644101977
0.134830213286024	0.158465479440406
-0.897266378569801	1.65556831749546
-0.359963571865989	0.534211733540977
-0.469164771970353	0.267061422817621
-0.225567927724365	0.1332887242444
-0.287395217140449	0.241718797576945
-0.00208646128271824	0.00203870411914418
-0.211611812666734	0.238357184064671
-0.28796968839203	0.271079013053244
-0.721317430476559	1.03815429479088
-0.372741121507443	0.487296850455325
-0.577617059120142	0.88793882171251
-0.49138193299313	0.729734090445226
0.293840028730943	0.271547106430444
0.719842245619069	0.414370626957019
0.0824226822756233	0.0350103331450791
0.104050057613148	0.109381193720641
-0.210487411782778	0.257761375204194
-0.320071501900287	0.352168160833035
-0.925118280734801	1.82827212109425
-0.324078667651985	0.410630768458125
-0.212058663424948	0.195104257471025
-0.105514604300166	0.081715515701023
-0.452032621852224	0.51860947559121
-0.381733763091351	0.49761176583893
-0.0893145619694719	0.0704499100875897
-0.226719735696173	0.200640661577565
-0.452153157114006	0.586389369031991
0.177377542764453	0.231555197805785
-0.100072588887972	0.10231899576871
-0.240931406506084	0.301360858011764
-0.397767360588946	0.444255766586678
-0.544372224368725	0.699377591114705
0.16731944251535	0.180873066846189
-0.338040936840675	0.417635315248366
-0.127403602121884	0.129853993485048
0.0209140638972233	0.0205165286050258
0.242034122446961	0.144329692386754
-0.406689699414472	0.334845528815633
-0.0427673265505629	0.0238094447741283
-0.331394457645506	0.289055759634024
-0.0677951616303638	0.0531874913410417
-0.16918235057707	0.154424270902177
-0.837001294506966	1.16310614927251
0.0911549793093422	0.0976386464639231
0.0235845970216064	0.0213020950841493
-0.229166361713831	0.264241448982469
0.0943415808529024	0.0895423309957738
-0.319863913533251	0.266831208259301
-1.08704311445363	0.972479345035418
-0.545900639213355	0.362591066540371
-0.348658494118607	0.434668044973396
-0.546717628507149	0.697685676821263
0.73665201409709	0.89601140681749
-0.103335151900972	0.0690599442004245
0.03242726775293	0.0251735262163213
-0.711202091592296	1.41555610295355
-0.687938963950727	0.610013774137794
-0.625852255038487	0.404406434085906
-0.659195054791056	0.706412840667871
-0.326422813834323	0.329579869790552
-0.375322427812948	0.449078939527895
-0.261067661790669	0.178987405792403
-0.0813475232505869	0.0414751942930028
-0.584937165978801	0.448643489966616
-0.974172790158619	1.12244944961976
-0.303766895983421	0.351705231096761
-0.591825139070912	0.68071186502166
-0.467579321173721	0.265118797465282
-0.162386929213499	0.06791397537773
-0.459261122862002	0.202488192442441
0.557068724041261	0.472670985595678
-0.162940074739949	0.117087462998851
-0.230891674377454	0.319428698644047
-0.802084330983412	1.60404515579123
-0.375984506369093	0.491425636840735
-0.468075387094805	0.608443420287366
-1.09740056414905	1.2258273709521
-0.234286099332302	0.20127523137991
-0.324098799653866	0.347267948120444
-0.391255166659031	0.412957649407345
-0.0670810757429073	0.0515792161892226
-0.693554529413992	0.678093297249792
-0.853338135962785	0.484376071305202
0.203601584198617	0.184017161082892
-1.24477782041955	1.66694121106756
-1.11937060894576	0.879961509887939
0.477066778827007	0.376399250839011
-0.0633636490716718	0.061857927295407
-0.209450334104918	0.213980672528704
-0.339188513297395	0.402686539164372
-0.716233947453303	0.427243552798634
-0.227990412857517	0.203978116620682
-0.54250307136045	0.622711115801465
-0.90165938806624	1.12560690959039
-0.0578882264223004	0.0316539581448422
-0.228063680279534	0.133940004947988
-0.251454981222663	0.199671166905824
-0.537809197224964	0.911809827945138
-0.256609667945256	0.302529197349796
-0.315665195040096	0.502238771969109
-0.395122706581843	0.490079470520453
-0.472149770067644	0.57793839559552
-0.709747778062842	0.734797011244712
-0.773461244133342	0.65807820226304
-0.252290753131413	0.201059256205224
-0.160086412450833	0.149153571722335
-0.568779606403142	0.512035130894317
-0.585761408514369	0.6624482425657
-0.187780389505004	0.135570379111813
-0.473335141079706	0.617030198509632
0.261500713915973	0.255806071492291
-0.0446319530008556	0.0403698328588601
-1.06350681414686	1.22488944545572
-0.548104580868713	0.482083253739688
-0.60578351127195	0.515888176900511
-1.89937574181584	1.22221711589424
-0.121428689573362	0.0542452525732571
-0.353828785476284	0.22987156434784
-0.242314557692384	0.191540348828047
0.34161044890515	0.33596497319907
-0.274679111238537	0.395558043172116
0.0742444099973623	0.083259087991456
-0.148442605162637	0.179323958915014
-0.687841364865625	1.2690024663284
-0.28703829583167	0.35682039092377
-0.763258834340426	1.11644955506377
0.0968930119110025	0.0599719391717736
-0.232777582776507	0.131126499543469
-0.40268468015371	0.33182083754508
-0.684330010778781	0.57940512915378
-0.650949900332935	0.662070761581982
-0.00623991233473945	0.00533899774869624
-0.0382615880045818	0.0312739014475525
-0.624449536741046	0.392446454179164
-0.363527954501254	0.26240606550706
-0.725474217035583	0.436767263920836
-0.858846145395587	0.475710334074534
-0.861421402141703	0.838577951892282
-0.85344915031618	0.864419695891835
0.0367581074751337	0.025964183797169
-0.0775374749233958	0.0874380582578256
-0.465637301169924	0.734312500376023
-0.588695831441789	0.906049970379176
-0.523069084513477	0.937753265945144
-0.256977262802132	0.364779495345335
-0.634665622608377	1.05305496987444
-0.638621272853139	1.05289953581818
-0.306408511249134	0.360579157245981
-0.184003276260056	0.109983316420339
-0.974356181989763	1.23986557820562
-0.705121286001364	0.742564623128386
-0.971907788585474	1.18074184754281
-0.478509598027276	0.279899627206484
-0.775513452777436	0.765403092361004
-0.283402045467434	0.279704943305026
-1.23003504125286	1.05541109049672
-0.179998150870117	0.1423526969751
-0.359865593699755	0.400544758164697
0.258887567687541	0.357580499632238
0.002199756342978	0.00240513370696971
-0.161671865274432	0.235808439601532
-0.273774217347482	0.387447159718863
-0.405477763802449	0.69763675053367
-0.0173107833181762	0.0158506864268098
0.0674941510626957	0.0738843899510059
0.279303718809676	0.356877797447569
-0.0144884586246067	0.0086383066771424
-0.781534221042935	0.919865462459715
-0.439349412692586	0.45493347005192
-0.327701590384765	0.281280613668867
-0.129750338743899	0.0553423833848964
-0.228533211063427	0.134417655009271
-0.523284627089482	0.559844497865712
-0.234125890725982	0.257779967659116
-0.57462698562954	0.528266172261109
-0.870172464208885	0.655501897317991
-0.313857745951498	0.241150963705399
-0.178974702766664	0.146686060530239
-0.0871700788141332	0.0981754010304058
-0.111344274855904	0.121752238870748
-0.235298103270585	0.284863683049982
-0.322166752607276	0.479521812564546
0.0597142613827164	0.0586828071631838
-0.332538769056166	0.483433782901109
-0.432106962932799	0.613746310315801
-0.694586078595745	1.277664253504
-0.508088957060377	0.62785141558404
-0.225941943637266	0.181377474355274
-1.62582281497246	2.13263802328048
3.61740953906874	1.38808922316987
-1.55435860210712	0.55894272473767
-0.297919229941175	0.257371872835449
-0.562668068856094	0.699957298173208
-1.29672389502361	0.976439185131765
0.112993794737111	0.071325601172637
0.10077911422487	0.0646935070479391
0.233149287318756	0.154294069975269
-0.0818700977065403	0.0620953378341582
-0.403893248966194	0.394530751246702
-0.61007730712132	0.512541176551044
-0.698089409714527	1.07496522459146
-0.269874282943709	0.361418266316958
-0.0307545818278542	0.025836567518073
-0.0928127361637219	0.11053237706131
-0.23481978762034	0.325744674510092
0.216977866705929	0.280021468987847
0.00962928985605931	0.0100238512231712
-0.296681341845614	0.290837961541895
-0.275800202981691	0.327030751063244
-0.190233759645287	0.209516622058447
-0.761398316919845	0.654733749882745
-0.168370353767925	0.0698286307228616
-1.55110989471515	1.05257958646345
-0.220096775350135	0.226195829625642
-2.29461433626636	3.32371186040598
-0.105661242855979	0.0756870966678733
-0.4420788680006	0.385777066287625
-0.116960133724282	0.101515071288699
-0.284813446802111	0.289659957417709
-0.249004506205076	0.197432742017305
-0.780767696951416	0.91599950410243
-0.834739608691594	1.06255629168367
-0.250518783684435	0.345877000262885
0.0166893723374391	0.0183009104481698
-0.475325918779216	0.779043863709783
-0.770565738357248	1.66711324664626
-0.47913907188126	0.870645260731419
-0.811695010275288	1.86680846879604
-0.757545489696836	1.37657000947854
-0.354020598928893	0.403227581249455
-0.731236978674212	1.0215584344701
-0.497488313201038	0.440725821345945
-0.663799830027252	0.496222634786941
-0.544815665087554	0.372519324871847
-0.133153964669504	0.109836938939564
-0.632372376981434	0.9061777628691
-0.31029117141932	0.313747411307197
-0.0910230148913031	0.095256317695436
-0.245699666306331	0.263684799275195
-0.59716305585982	0.792093037069642
-0.11593130889009	0.114691370237385
-0.350329910351833	0.453389562459895
-0.0163177255375963	0.0136772738239813
-0.434003969523968	0.727101677615299
-0.240208471141561	0.283077176762789
-0.300280181671393	0.341830253923974
-0.447782659868121	0.817018283479847
-0.615382620539961	0.942545259899657
0.0605923096733278	0.0550215066790327
-0.132476720958033	0.136252402405924
-0.0870045383097732	0.0764574491806559
-0.102155843177737	0.112108355916281
-0.156197334003049	0.176763610409057
-0.571826434975126	0.868524528330122
-1.01108675379814	1.63725230674566
-0.161528385950967	0.178066561178066
-0.358592463431745	0.536337784115467
-0.177469300624063	0.19040167805886
-0.833723848882377	1.27310534109889
-0.1157572991405	0.109664219044125
-0.023041169502486	0.0210869656959797
-0.215009606433724	0.2415834002268
-0.24616355261011	0.282990707269839
-0.111352121572648	0.121421999868408
-0.627844955884346	0.951061382812913
-0.447253956377482	0.401886151036779
-0.470694638700979	0.515487543149844
-0.915421057384117	1.02625283310318
-0.124844413188342	0.12928715382645
-0.62895908003788	1.32850563164482
0.306147786823647	0.447541781595151
0.301390383352574	0.378584855445719
0.261506631015341	0.464728374959675
-0.248571514761849	0.37745009457179
-0.16580492362691	0.188910508196906
0.210616299038978	0.283421231388334
0.0270113794213154	0.0259001916561817
-0.120844953702056	0.149566341283198
-0.915835413737012	1.82013587871116
-0.466369803169441	0.577750740940498
-0.365023621556215	0.265860790881577
-1.07964062968766	1.25471759381345
0.823912662482786	0.785680263783044
-0.344820413784637	0.286598154234794
-1.01400683600965	1.64433527592477
-0.377147085141106	0.339013741454704
-0.797527870087057	0.965273152743985
-1.42149491111894	1.63193005220868
-0.721587225263794	0.443437391627175
-1.30047008208829	0.988661257510078
0.249325166601154	0.142329126840197
0.0821565141636541	0.043264345271261
-0.187269329514951	0.162353066961919
0.200281842455836	0.180522211179864
-0.286542702491027	0.445601346383728
0.0515147563624352	0.0544343546384348
-0.407571569212865	0.543360931972934
-0.545893256343182	1.16720901553816
-0.559801947367342	1.10611066890374
0.241948630474467	0.330382958980901
-0.347389911697766	0.462496999166874
-0.195131964390937	0.205360388944226
-0.491123875394172	0.831968251133508
0.103694539999605	0.100957290308631
-0.304616028818314	0.205143059504138
-0.325923591915212	0.296289526392533
-0.101191166638521	0.0669802007747086
0.342853322828747	0.264524281785185
-0.450553444646648	0.335435584420887
-0.210866847564016	0.206639511681743
0.394756685033287	0.357679948697503
0.522046834257221	0.600888727095712
-0.544335823982898	0.375982567782897
-0.29592887783725	0.224197671958997
-0.148762592194092	0.0934676773110009
-0.0776662243250006	0.0583247308474749
-0.32857562477546	0.348213596458692
-0.584079551696874	1.11075446682398
-0.0150039476490401	0.0168501227754338
0.608387089182631	0.955360549665362
-0.369602505253237	0.717749746768075
-0.0793043951153209	0.108880388965244
-0.0198619754237033	0.0229291740520476
-0.41484736484925	0.570380063359687
-0.0699468547708709	0.0760195041560956
-0.210833079745351	0.293594685881286
-0.250506318995756	0.300740857089478
-0.103897646143881	0.0805539202255902
-0.230714502257652	0.218858305409189
-0.624277795962506	0.585699248277779
-0.322897876134614	0.249201122483305
-0.0952449879260309	0.0740073891579123
0.224890330198976	0.191287881323418
0.39763211453592	0.434289789224031
-0.184588136034294	0.110128837839655
-0.72015042001872	0.430940653832543
-0.63834365522114	0.56108417546834
-0.54025004368479	0.360527449514914
-0.283529795805865	0.262928987659597
-0.280239599684926	0.408656433502017
0.386305932001856	0.701398460294062
0.0529131451789513	0.0518737569392542
-0.14906200586659	0.213862265946994
-0.127645643289983	0.166554175919688
-0.122347649290126	0.166101952318484
-0.442692821832503	0.756735889640286
-0.564095549725482	0.886451961131464
-0.252405927984523	0.344463101230833
-0.176604234337934	0.174789164076896
0.432895360783045	0.361393066581335
0.125285071824385	0.0917405314860032
-0.0288549690107536	0.0207253101466291
-0.676283808911075	0.5512652359024
0.00949382633021172	0.00727650773259137
-0.0772604332940582	0.0524582864564637
-0.0887182469401968	0.0699113334355379
-0.360505883669812	0.325742202914058
-0.470527454547088	0.327441446840548
-0.859663653185933	0.823706649012156
0.0875996517560446	0.0373137179339044
-0.77176829420016	0.637228004595222
-0.563554545801427	0.612781188245049
-0.497410559539497	0.505526181862324
-0.258151638277723	0.40095280227245
-0.426572958601067	0.712480740663713
-0.422088552331386	0.622318222070717
-0.108488252057857	0.137997028973828
-0.144089452902233	0.19345705668946
-0.122233946553058	0.142268540556395
0.174186213669298	0.240522625281676
-0.430652313065717	0.650018988141988
-0.733958467354101	1.42582640103894
-0.0758323486952386	0.0686778248099107
-0.0998306968366782	0.0475264518752276
0.106968837703492	0.0682123507721599
-0.0278520142313995	0.0202424288585598
-0.335131580556325	0.359174656076169
-1.5159540567526	1.58660832109516
-0.411162476157561	0.334138739279289
-0.252230318024382	0.255988230076151
-0.295883648885342	0.273546233884563
-0.306568122311667	0.158645424870862
-0.979952123118268	1.19192869702227
-0.228206159461373	0.18296838304315
-0.230421491772589	0.204981641540978
-0.688645096999703	0.864818220558639
0.10304447254987	0.1177653792639
-0.0648637557926995	0.0686992155487988
0.076632559479095	0.0769804394001365
-0.222403892255995	0.321394424879652
0.203896548835843	0.276368627961775
-0.208723301401338	0.31647559519609
-0.276471990976669	0.349158939474489
-0.294680246535777	0.393023670599074
-0.62474722695924	1.18445956929184
-0.289448085493048	0.307578162696758
1.42535242947837	1.77394436777357
-0.127522588249102	0.106646969144106
0.0631541423213081	0.0475184429882699
-0.547909834352129	0.543312205281542
-0.0946431288319855	0.0915639855308672
-0.196292613250442	0.139706848238881
0.295620211153447	0.261511333265374
-0.162036079357714	0.0981289935573847
-0.201596898724013	0.120182138750413
-0.17448656300672	0.127830902170634
-0.716224047779552	0.805818581990505
-0.57307447371875	0.632176155200089
-0.627687428070188	0.782074171935037
-0.187817670518389	0.168069591369275
-0.97738108212636	0.80302970268404
0.214680701999326	0.141971245101043
0.228836385751932	0.184329437876556
1.1787516514763	1.6768900051991
1.32899622450122	1.66962496784021
-1.16201149491241	0.798977923266745
-0.96034756736878	0.846976085196267
-0.289340230742272	0.46281333598371
-0.0679275280276151	0.0768998687623432
-0.188673395820494	0.198132269083641
0.778457931004791	1.94706732274506
-0.295758344184438	0.438182460694505
-0.374413784444128	0.663495759602801
0.345402551516913	0.574954160546173
0.119538470736653	0.123376511700291
-0.80467351916932	1.56768397129264
-0.153712458915019	0.149599577044391
-0.706861182306525	0.68673926082537
-0.230336773903476	0.162733181914463
-0.189303945515701	0.185080814642562
-0.978306358868229	0.816283995854836
-0.569422900654533	0.531662054567875
-0.844857351573451	0.741934877692924
-0.776232604719967	0.757669968600968
-0.363648205434065	0.262617158250342
-1.66471000490869	1.7960380672755
-0.780603539200174	0.754352289519994
0.302744796420145	0.267960092375655
0.318176106003338	0.264347269453896
0.372989237758029	0.25170382056838
-0.556631905902251	0.300994230819094
-0.723101064296288	0.438342601834885
-0.00600302286528946	0.00351149508477072
-0.41037759353007	0.366486256686095
-0.0374746099226902	0.0303250197161159
0.420451604657625	0.64052151088244
-0.149893671949193	0.179873393600721
0.545509055615226	0.78347561806706
-0.0372728225281491	0.0391971867774691
-0.342421615981724	0.529916439132095
-0.611309093632662	1.2219836003966
0.3581401970509	0.529787734478029
0.585523738144072	0.88224589774488
0.501613697287868	0.825615924462646
-0.0769025387128191	0.0689216748352223
0.213806365551244	0.168449580834567
0.132895829750476	0.0987741576728236
-0.722616013844112	0.78154192077472
-0.0707867879858744	0.0640003842176442
0.204122203512467	0.214386619418658
-0.10029302890009	0.0673623715776354
-0.399264251234625	0.27764991098911
-0.321700137739665	0.267211684620298
-0.565334358635158	0.529061525734801
0.0134817271237981	0.00860768410896302
-0.398519839745617	0.387487531287943
-0.77326132101831	0.84404737214124
-1.00032339047088	1.46480917144682
-0.47247968374986	0.516443457710282
-0.306439764725019	0.156164554630202
-0.311011220089557	0.202926615444994
-0.414640708164388	0.414075191652725
-0.139446145791079	0.117228410483769
1.1666464863456	1.30638343966614
-0.434799772922422	0.387637889025498
-0.0177836123001645	0.0102993175238751
0.225466921732843	0.147014995052417
-0.364747563550103	0.306384535190041
-0.0843270580331246	0.0671769110672535
-1.31002091208823	2.00008771049682
-0.313228773595389	0.490845017510018
0.141095839762051	0.182749574106047
0.300940366073319	0.398325196576732
-0.227191666015676	0.321189288272123
-0.133781018314208	0.181370452652628
-0.0615152582975333	0.0723962021647514
-0.263209927236158	0.321903793832304
-0.0622482458467432	0.0608703632806929
-0.457859653152168	0.726868974684962
0.835802730319865	1.43741943250563
0.210215399214684	0.190478815125575
-0.242320104654485	0.210991125968109
0.106494966933131	0.0658170548957452
-0.0728267586361677	0.0375534119457653
0.134061420039963	0.100976494240256
-1.05924979352566	1.03555903582861
-0.120001948773301	0.0776265449857587
-0.319338778765168	0.247023711218611
-0.255602772065626	0.203817583604348
-1.15262370827543	1.21908105481776
0.266412138906866	0.254350852722747
-0.126420404481456	0.104837727382286
-0.609721755220549	0.516612196110259
-0.774210277378793	0.672717977264387
0.639296732511147	0.698706141890523
0.0415667838777515	0.0296346128874455
0.0868468553605483	0.0463134039395638
-0.036851323292822	0.0210131191347979
0.427879939286995	0.245606355021923
0.0947881507368763	0.0574791295535929
0.226133338153712	0.183388556326304
0.0599854586731266	0.0454157297918161
-0.275066146757287	0.232881286444387
-0.0195418365664104	0.0183835498920337
-0.353743784009488	0.450181721139988
-0.561052507644583	0.794875884081701
-0.508834166080853	0.903140983688073
0.0663316145464719	0.0656835350353736
-1.29232306278218	2.9987980588534
-0.655963688372868	1.24056591395671
0.273917180906142	0.297157420621661
-0.0642748249040074	0.061970466381772
-0.467282716106832	0.647516160804932
0.092290398045246	0.0531552190155199
-0.377287900973391	0.354481148767725
-1.16545875881426	0.806053781776648
0.432136290292662	0.35804222467035
0.0765368310439824	0.0322060033886697
-0.864543582412817	0.569506942291681
-1.53789498738664	1.06135234215564
0.0253656915098402	0.0172370586023092
-0.0156136136136396	0.00925152244427619
-1.04347539643183	0.989186186142632
-0.883190826310172	0.67536138210738
0.087667108936393	0.0335249184121293
-0.259790757195194	0.140420917581003
0.687173508666539	0.629864755871759
-0.837789353584544	0.379634210657207
0.62009196169385	0.282790558132133
-0.67893017220388	0.333301663923549
-0.217736086909791	0.0824792913188234
0.0754452335101084	0.0329033778680829
-0.454008691478124	0.365725090740848
0.112346588440218	0.0778912941309446
-0.45197103208943	0.434190873942421
-0.290290694195104	0.28974267651847
0.27496848744544	0.267047698764104
-0.0903189031875602	0.0779901696396612
-0.709992495914803	1.01190913626074
0.819296142966533	0.972093211017316
-0.0163282843184286	0.0136938044542116
0.127155664165876	0.0951776659796821
-0.913735457444173	1.10891311709327
-0.56764325816913	0.624104971328279
-0.480272880357987	0.902314859407042
0.278436154307608	0.405503484152307
-0.0997300739012793	0.103649432455072
-0.629310507737571	0.870149671163053
-0.870442890066086	0.763857165012187
0.33913845521575	0.254940830873003
0.00203278051605164	0.00163539136179624
-0.570578271208064	0.634807482912863
0.0223751773145999	0.01498465027953
-0.27199035941717	0.260672325538197
-0.0228850988258037	0.0191230345628331
-0.475563424929695	0.487809374850368
-0.267782374516282	0.256449012499832
0.812085638346062	0.961999790858357
-0.0558214373019537	0.0309743775112766
-0.325322964498879	0.247458099450234
-0.43873461101123	0.422660499154762
0.155290736476823	0.148442021155907
-0.0252039475642482	0.0178949944651397
0.642469373137277	0.607996054970843
-0.356433566026343	0.231643390681294
0.777534718004557	0.665325511384144
0.922393647244345	0.714124997366807
-0.311282997550632	0.281372322677774
0.151135978189496	0.132071065752121
-0.543459352002656	0.665770468678342
-0.126055436404356	0.155711025930061
-0.0832223680584567	0.0983784755474964
0.332016985862701	0.445382644368589
-0.029502542976928	0.029146289898987
-0.192429273482931	0.250883321471665
0.32179491912884	0.419655901779278
-0.0350780384252021	0.0356650982741825
0.547016677274614	0.704743104406146
0.445044890508488	0.645778888930475
-0.243329793559129	0.291774021689403
0.484853725284425	0.47201537892077
-1.03079249272745	1.34768443102564
0.0554590629340323	0.0521181879004673
-0.150035404443655	0.169884152256363
-0.255527482353355	0.330127064966065
0.0070607507634285	0.00793357496204488
0.171314531897197	0.203286534856034
0.146793466198849	0.171498338161285
-0.322444751897451	0.448076216760845
-0.685340490184836	1.26551774257895
-0.636745258645092	0.993651490820011
-0.169637204567341	0.138672065287934
-0.421182818800994	0.495199024572044
-0.382143563009255	0.449947878368175
0.25792952950764	0.275882878869529
-0.00926086657951131	0.00691785774167452
0.0117088431889513	0.0102901311909141
0.108247744578809	0.111261618634782
-0.056496021023804	0.0540257746493728
0.27451591996468	0.308905736287006
-0.402270476379983	0.424036341119579
-0.0459553261072524	0.0310542159130034
0.639004291750318	0.699995034708176
-0.236068360738018	0.209968738546396
-0.10196792283328	0.105689104999355
0.405217201587086	0.449748550446208
0.316762725595693	0.267206992365183
0.922243028819613	1.15701260878474
0.0651923706007917	0.0492964791959838
-0.218200103338321	0.21130945456842
0.650486320675815	0.748211821085157
-0.608702158900165	0.760372142690705
-0.023582224961488	0.0218910634582801
0.146069185494541	0.176867841049359
0.0919840463404458	0.103743560300356
-0.0187694588680614	0.0213715425043081
-0.580938464972173	1.0288118087158
-0.255729598710642	0.309156274006529
0.776662093184805	1.4597902242788
-0.304943060477306	0.370860605821716
-0.646341114553607	0.933131492567952
0.333992505309668	0.382758766098359
-0.362379420991166	0.519331257752916
-0.0350467449242605	0.0290563315750421
0.0974053761061879	0.0874044226339241
-0.279511931210373	0.310876527706805
-0.304550427674815	0.28383576801193
0.0419695134893208	0.0302831182788928
-0.926500271979402	1.4207911517178
0.36911613578498	0.512621909071862
-0.0520487269027319	0.0522732588493014
0.0104599277477067	0.0104873960229022
0.722660518651753	1.56536120787805
-0.595169802503994	1.00779409296459
0.0540479531655494	0.0420065900056879
1.0944187755426	1.31486171426087
0.305520680106187	0.265118959158809
0.498639995034119	0.539621132276486
0.546902531792922	0.639632453079874
0.258006889478694	0.275027927052286
0.153652575383116	0.139890623440686
0.497140003459281	0.453564539613576
-0.225893697361641	0.131226997093928
0.337297034142327	0.241867824201322
0.0496032286097528	0.036887289748012
-0.981732795835216	1.44225942871633
-0.859450906223817	0.747675858790712
0.479620177468778	0.376443198999741
0.529776810996657	0.383169028975307
-0.750977275759966	0.543253019197014
-0.585653649226034	0.446598327920865
0.383854531894233	0.364953039364509
0.333186207134279	0.341359117942974
-0.0172151557449896	0.0146484302159679
-0.0873217022221002	0.0908772697433026
0.454590408485235	0.680065574917551
-0.457508805306838	0.67895348611589
-0.133948540364917	0.162271854966895
0.0221826766637469	0.0213279006512808
0.364254782859223	0.513326680276177
0.33758095988592	0.434064392475716
0.444174566897384	0.521885513148159
-0.213060662964235	0.207987292030736
0.033779143179869	0.0339641576410981
0.204429088300407	0.174909539648616
-0.192896196966173	0.130306097585771
-0.0508221397098529	0.0529996949610655
0.121059648419192	0.133867547895891
0.137807634821928	0.167797380584978
-0.213590486455031	0.271312783966987
0.572016491302994	0.938178998102126
-0.666931736725902	1.02697704998964
0.209357225536577	0.269575925929561
-1.03483459097742	1.81599951290068
-0.166576065828086	0.163850994593124
-0.185043615841587	0.168579682855023
-0.165307113075165	0.145644273875175
0.248464609537155	0.280396461580411
0.297248248834831	0.346853614613487
0.0954856921363928	0.1065162794051
0.205059863379633	0.210066371138976
-0.174295172604422	0.197127501967294
-0.312414547158261	0.306176732784
-0.767167145255875	1.13592843135699
-0.895615528574491	1.06789793356766
0.561882133053423	0.650883072429865
-0.217974332741859	0.22609094364921
0.591448869415415	0.821826361589687
-0.177729185336855	0.163187629142882
0.33219907719519	0.353986911463024
0.304405495962369	0.352843434740079
0.0799991432783533	0.065272654797768
-0.16753984051361	0.216876383244677
-0.416676451326262	0.567581046679145
0.481930093795217	0.906738622267701
-0.158368052097854	0.175484975199403
-0.221082652463429	0.244364246633284
-0.0854324013845052	0.0833068553264273
0.213093211919099	0.239159696699864
-0.258648914599622	0.265556707775489
0.268048501955208	0.264619389261833
0.199284797267698	0.200730042853316
-0.214153193841718	0.25280398331533
-0.474337816981747	0.733156896066463
-0.228797001090486	0.185587481689648
0.0794398333102093	0.0853327583591234
-0.358734685285843	0.497915561200396
0.209259524114431	0.274627631395072
-0.0552413151835707	0.0598769284609636
-0.0805163222013191	0.0902399773857319
-0.0226928858354648	0.0238434341684865
0.00918049860369461	0.00938154217635331
-0.852911606644951	0.918900780943015
0.0307925771110306	0.0211302447406429
-0.0783530720700827	0.0619639165998036
-0.367944720971594	0.309143015894648
0.352747129185848	0.327393982543694
-0.204408166092422	0.21294233290574
-0.427344429185871	0.398461293992398
-0.282448212703663	0.268665903379181
-0.0740926351349832	0.0498396361339247
-0.126663508379691	0.0574449955351043
-0.217965819854322	0.154243591070083
0.689746006699696	0.706552753080858
0.323587018436178	0.261571389497337
-0.601965736209034	0.630513519161018
0.113167502335057	0.0673686728766424
-0.124647841010977	0.144217119671232
0.104046154953535	0.0994249616765539
-0.0748086020803438	0.0800163416655135
0.153048454015532	0.180096257326937
-0.267070018229531	0.335679159081503
-0.245616311174381	0.282683315137283
0.495324288108258	0.599165766143383
-0.03823749460898	0.0320309204306829
0.0397245809073542	0.0353419160854377
-0.363577811900235	0.453297133278509
-0.709581085473376	0.69186900155015
-0.181295623661781	0.197885472382951
-0.258929039006323	0.264853340702093
-0.134660397338627	0.0868375841122635
-0.317032293755836	0.291138209495932
0.0706744293008181	0.0797135152317424
-0.281309078348413	0.34959873277628
-0.0450962609258081	0.0495626802566608
0.108510940894143	0.135805896070795
0.173763058780639	0.249622818614068
-0.0515089760147993	0.0613033933517644
-0.207793280744889	0.26392613494046
0.154239239429635	0.150110546635867
-0.303463979330817	0.402680771955161
-0.69768185355326	0.903540427089694
-0.395922975586172	0.428372895053416
0.814296810360483	1.19748998483447
0.206794858946203	0.176283077639407
0.577273900899853	0.91912649262682
-0.015032577746075	0.0129639039167499
0.209644165128629	0.228701124998221
-0.344383272684833	0.321637025391072
-0.407170811360123	0.292798698068837
0.100421859872792	0.0613783755948155
0.391484445680082	0.418431327666606
-0.405841723368654	0.362171813950269
0.549356355988296	0.573076035110719
0.21484950134955	0.152428954520571
0.0455671473296086	0.0320409533150488
0.19321994603049	0.267228359032036
0.342863641243659	0.454407365981521
-0.103800280800779	0.114175942992366
-0.105849760560945	0.122460929041552
0.365519761552847	0.529123297823619
0.306990180957933	0.38972472605633
0.141017778795065	0.131033743671194
-0.0714700666549314	0.063162434421781
0.0791894448480464	0.0803853355147087
-0.146139585339536	0.175477466006174
-0.39948097055932	0.417782546973776
-0.262571955645393	0.179207538020864
-0.407797534394862	0.369450070373102
-0.140122189091239	0.156620699667088
0.253709607861393	0.300574110742429
0.289782448600941	0.330817338528623
1.09371635831749	1.26624484152375
-0.189787076580941	0.20143666475239
0.357552098019451	0.605337194972195
0.305097139997964	0.485007674425835
-0.025618134541961	0.0296068596056925
0.165735972929727	0.206143960403904
-0.472307720187293	0.872453109072694
0.339603314055578	0.620604501315547
0.0613532427275624	0.0655061296792506
-0.791083215933399	1.16900623809582
-0.0566674394678474	0.0464242317135775
0.395327912557843	0.422632177458721
0.596770720974203	0.895640366087882
-0.23445193850899	0.285482940898909
-0.166374471345637	0.186762500878788
0.380366862592887	0.441609477455048
-0.218718749389001	0.22889442318622
-0.833993961904305	1.02240821911263
-0.249980451049085	0.199174782268882
-0.442275356425152	0.579118463235466
-0.165427590568411	0.166674092466135
0.429348600717757	0.439543326668133
0.000572656284201832	0.000371483017786199
0.0201610037763007	0.0185949398685848
-0.282265422238644	0.376398712143233
-0.0081701780428715	0.00781517277369749
-0.57451525550136	0.927413902950013
-0.19622066072412	0.228294867355461
-0.493882294690633	0.69768966042982
0.162193436678861	0.134044469465121
-0.0477034940431938	0.051208703850783
-0.621489845041006	1.04955300294574
-0.0423942152256895	0.0390163802143846
0.0837891076013768	0.0328038983784561
-0.24728662212655	0.19165145422965
-0.455173088918242	0.397008692298962
-0.3682591956782	0.455863005207145
-0.286657194991693	0.233251325846914
0.121169653837091	0.150797978918939
-0.122860110844941	0.144048105323091
0.327292284359684	0.364788168692389
0.724001999705342	0.801381893772089
-0.267094205437898	0.316367571907926
-0.517500848091933	0.993559953575148
-0.20587070124066	0.283250880437532
0.270138935168091	0.363752811398245
-0.0730919818631284	0.0756896935922665
-0.604250713584125	1.0556210396292
0.0235295100598928	0.0245503708385894
-0.166790677136597	0.20004189142341
-0.147436199039914	0.138744022064401
0.0325309191348356	0.0278000602848864
0.86845402085621	1.46571522865352
0.127736543408496	0.142302778869505
-0.220468102641751	0.26940902045673
-0.758455436730968	1.39029617423613
-0.0625118387135004	0.0707141867524105
0.423234183965411	0.512260195912595
0.215126030344985	0.180015624529392
-0.627818276146591	0.584283923945915
-0.384533851182013	0.435313052098373
-0.125097140825003	0.11511941359074
-0.350223226890815	0.372578416048125
-0.570292272228061	0.613795532173808
0.0801695419845126	0.0716935544842423
0.0794356798326156	0.0935543533551339
-0.759795206685141	1.2872874026345
-0.0469415744927525	0.0466233022216787
0.524966311195142	0.825603231144511
-0.747290995617297	1.04801750542711
-0.395505245831994	0.468102803067538
0.0542063883441061	0.0521020314431323
-0.164460101606065	0.199312925116925
0.270911574990107	0.284534629316663
-0.00392208861475098	0.00340524587089478
-0.924000986109695	2.28053863051247
-0.25947468679764	0.388189543770726
0.343948816667146	0.600600407121648
0.234919578553617	0.300585797052148
-0.40027584974755	0.634154546561116
-0.0123822446876445	0.0152932241175791
-0.0681103145386748	0.0920456629008254
-0.07365182198125	0.0881878363249638
0.105572906272971	0.134140829335717
0.127804642898807	0.205207231057762
0.0996468588713031	0.162038164194203
-0.0107630541248271	0.0157019464851367
0.622394295244367	1.20868635648651
-0.00140930956893105	0.00145080828243938
-0.721954563324849	1.11835124292247
-0.218036173486036	0.222721290884299
-0.635135138287142	0.840103219740805
-0.109684089644701	0.114106246306561
-0.397712876855751	0.559435071400253
-0.0587162199871123	0.0759501134963065
0.683627527536163	1.33806070294112
-0.181970733321515	0.271403373686861
-0.540638918082681	0.997754283184111
-0.110233389513188	0.103179568052765
0.0670399526884995	0.0836914905830571
-0.237625109238605	0.361536262803775
-0.0927765251430813	0.129349196395719
-0.0597428398291888	0.0743635477226444
-0.337830265466041	0.563056780153929
0.103955499720021	0.12521101530344
0.109624197515206	0.132164459637053
0.0470270845230746	0.0574799969703543
-0.260697430806642	0.396336715224425
0.0693392678133454	0.0996834115307861
0.0710215128965607	0.0583457931978081
0.286987689245984	0.247916701902602
-0.111432918089018	0.0860506560336927
0.131374935251432	0.0952221875411166
-0.103963256958694	0.0686128039735797
-0.0822104074343332	0.0847635079168881
-0.105858743828789	0.177539794673253
-0.315936679260588	0.563262804184533
-0.212377338420004	0.232233802534525
-0.124402306382598	0.156069104489249
-0.0346013109472603	0.0377899233730965
-0.555312503345114	0.909743547769349
-0.268616512095883	0.325795938378415
0.660773063709892	1.37289289646636
0.258333035602513	0.351894830146217
0.164257715669515	0.213318211027981
0.108429041420511	0.125807224920103
0.147796861689397	0.232258414675655
0.289024046068353	0.514765068617824
-0.096414995563248	0.13882102510098
-0.0558584844425059	0.078804390374931
-0.681261896164775	1.49677148617861
-0.315495152101887	0.481304644768972
0.165534724634537	0.201247837160351
-0.516332952380293	0.929119637340693
-0.429072349879362	0.612504210823223
-0.123490654147213	0.177304064807604
-0.0657510086478279	0.0828523528360773
-0.197456688528118	0.290623362024479
-0.261110121092729	0.459160418232785
-0.143021312276338	0.195556903251794
-0.416905177818651	0.638524397411572
-0.427028007854634	0.725959754074033
-0.0800585020377614	0.104115539539289
-0.162112439571493	0.217119681786938
0.0813815294842899	0.0973516842004813
0.171840095373616	0.211866561417208
0.671238790016878	1.45076673957976
0.0548672675218171	0.062196034390561
-0.232178492204513	0.318475957220828
-0.0594025888216362	0.0676708531854286
-0.593964015041559	1.35252950355477
0.204347382051957	0.233910843451386
-0.144909744708141	0.182560823083461
-0.0700014429918169	0.100774314055745
-0.241109118816084	0.382690181279407
-0.269281355378431	0.148525950068035
-0.279730718295724	0.140054802918812
2.06753914339985	0.873012124327748
0.112420137081601	0.0337869998743869
0.890482636037872	0.581219997048375
-1.52527249421722	1.31577023932831
0.769272694232068	0.842781985517449
-1.41199964394393	1.04527602037029
0.943551045580329	0.821086804970383
-0.655301690282027	0.970355542757792
-0.543676581226922	0.556646538907895
-0.160530548945585	0.118354448632419
-0.0718965443993285	0.0368424771118697
0.357355556478288	0.256847836971272
0.482750718773017	0.591956182214438
-0.104737579752376	0.1005099673459
-0.531922080674956	0.568561577571485
0.142849460309815	0.138746493187453
-0.221274557259492	0.209522018017972
-0.0255180331913972	0.023728395721628
-0.879135152101346	0.6832339445048
-0.864820896680757	0.560235241121698
-0.325082221073084	0.270465606386383
0.341255452178285	0.263340153407501
0.110863608146932	0.0763298336464582
-0.723816689026707	0.803557093553014
-1.09256706715125	1.42852020355897
-0.533532317052424	0.586578824022572
-0.373363192624146	0.461303895391375
-0.155284627935377	0.0994176850309063
0.0857609343101688	0.0461825710573566
0.927459568566367	0.669068757654861
-0.261620328570129	0.181777794623945
-0.96425049915069	0.908591626340536
-0.544319031317004	0.363117619675129
0.220731152645102	0.128505861487341
0.131286949225801	0.102881570621931
-0.012575657585677	0.010782550911262
0.817499386805558	0.783559452226707
0.0250125938839712	0.0165859007448316
-0.0544631597385042	0.0442644412924874
-1.16473395833851	0.355563580639383
1.78923308071754	0.705825777601164
0.152997495098684	0.0306362187597192
3.25425807334707	1.10809939730812
0.934928213971668	0.250251965251752
0.935645912446661	0.250276438588965
0.762417410319734	0.329143753734825
0.112114865728904	0.0332945117013381
0.130611000572378	0.0331668723838655
0.530202767918032	0.484816704326857
-0.301635752232598	0.201213856159214
0.477207062859147	0.16004548632459
1.42883364283079	0.478004862123992
1.27998237260036	0.560440703824847
0.259666746379015	0.137045847009471
0.674908222883122	0.607957565155033
0.216052802850839	0.172180658682389
-0.490285162083432	0.410417886956397
-0.571963965126681	0.52902399306431
-0.269831576744775	0.252880039275493
-0.674789632428174	0.341311741024271
0.136348268602553	0.0345664085091249
0.465232904160349	0.169258406159813
1.50443361272664	0.750330641513609
0.240445937449082	0.135735878071646
-0.102435460122537	0.0505817343731495
-0.347878696285964	0.210605053665243
0.133579908856182	0.0331662934551537
-0.643736072788252	0.159645094922541
0.629529247752952	0.200512290479624
-1.55211305724267	0.571184138509822
-0.185634023987402	0.114167843383547
0.0903890432159863	0.0522760902794794
0.0963054858732612	0.031646926153204
0.533462686698001	0.272463104886097
0.376815826930067	0.150301068507796
-0.597889110115451	0.222691400945475
-0.863098212459997	0.648246753315517
-4.24604191370126	2.04143576449963
-0.679651018453312	0.332447381742495
-1.04925638428359	0.531577314471173
-0.21212833620581	0.0741804474784092
-0.774546637750342	0.272824155883858
-0.649767950105499	0.161285975344674
0.130611000572378	0.0331668723838655
0.135664295395256	0.0338535377218378
0.109662775053552	0.0332182651584632
-0.649767950105499	0.161285975344674
-0.383140411975639	0.113318717313815
-0.277635310955746	0.0934237645993319
0.630817132594893	0.196262216603294
-2.57741325633565	0.711746111074309
-0.773563593084493	0.274619250831942
-0.378808236462352	0.181215592592653
-0.129713751506606	0.0589436298633808
0.137032141529056	0.0340154215000109
-0.643879934910744	0.162803684869529
1.4265246816067	0.467327448888551
0.630853645652793	0.299784133614005
0.473371088584719	0.260563198903013
-0.360695381208265	0.22904170663828
-0.176044459042129	0.103237404141541
-0.301814363080001	0.19401175027088
0.2367348718326	0.152213779921387
0.327288171970789	0.146528474183185
-0.591914589912479	0.227984303078779
-0.583553876669973	0.232253881454829
-0.459048102717891	0.204213563611746
0.629529247752952	0.200512290479624
1.50901362567531	0.77576208633945
-1.17446198647212	0.348021591667199
-0.649767950105499	0.161285975344674
-1.17146353262837	0.342880407884687
-1.16982826158469	0.362408956042196
0.153079928794189	0.0306572399262932
0.646128851197434	0.398757162030153
-1.08639673108412	0.449979433985566
-0.831871965075539	0.385076204375683
-2.5774920455983	0.729030786562669
0.0886979892406291	0.0340423810603243
-0.454943621345813	0.200866296106256
-1.63398360668331	1.57987929438901
-1.16364660284969	0.361708993807529
0.932219305847885	0.255045940262424
0.153079928794189	0.0306572399262932
-2.57741325633565	0.711746111074309
0.153079928794189	0.0306572399262932
1.96698416228038	0.513878740168628
0.152327357171114	0.0306528579659354
2.30327724462303	1.11729403450214
-3.47081834424235	1.22694638188373
0.102455149861351	0.0304432377174804
-2.5774920455983	0.729030786562669
2.75784933360841	0.826749878187446
0.244322660593177	0.141885358006069
0.54484232043156	0.273658442962621
1.42033165167489	0.468301512909383
-1.22824629636088	0.721778763321793
0.622786079864041	0.287802972181245
-1.16675464874119	0.816406367174666
-0.305613046950099	0.206167126003266
0.241816086362964	0.138514944394097
-0.277468473729478	0.21012633122495
-0.587240437810885	0.44013660103425
-0.766159737632303	0.26042983437561
-0.458690618232096	0.203598758665892
-2.54607712327594	1.22014112358728
-1.22857282770582	0.721756105499941
-1.55007399291297	0.842708937923856
0.629529247752952	0.200512290479624
-0.593298635068375	0.232245681716548
-0.593637146043896	0.22786140166616
0.296913878551726	0.140681009528223
-0.640875581071826	0.157275469944862
-1.79013332416873	0.436860451051026
-0.649914682169787	0.161307982236608
-0.593637146043896	0.22786140166616
2.29458666682	1.13043869409949
-0.644456791948872	0.160363538964562
0.152327357171114	0.0306528579659354
-0.388524281071859	0.113651694161061
0.136634301514529	0.0339031274190082
0.136149928119394	0.0351567872193512
2.75784933360841	0.826749878187446
0.152997495098684	0.0306362187597192
0.083357926668356	0.028685655847563
0.0861505221345038	0.0365460299471674
0.108145347918198	0.0322624935588852
-1.79013283872263	0.436855011092279
0.133783959578535	0.0332137006394034
-3.47101101284536	1.25716227205486
-0.222720600565331	0.12999801552793
-1.29969633204813	1.00450385925417
-1.3001397343057	1.0061675929823
-0.749012561629635	0.500662996592319
0.839986889144987	0.438175895449971
-0.644023842179429	0.159615559955847
-1.16982826158469	0.362408956042196
-0.778935312785854	0.275631344923444
-0.579796214548549	0.228443111157624
-0.773250188856655	0.27445305322462
-0.644456791948872	0.160363538964562
-1.16982826158469	0.362408956042196
-1.55260763258996	0.570869293254599
-0.276920704017571	0.0916252473260785
-0.643879934910744	0.162803684869529
-1.79013283872263	0.436855011092279
-0.849285144243883	0.479482981899011
-0.383639697125327	0.115605960560422
0.474565974965902	0.174050129956977
1.97041767059222	0.506347272427521
0.935645912446661	0.250276438588965
-1.79013283872263	0.436855011092279
-1.16434110968712	0.363365772413315
-0.380367594676954	0.112271073947858
0.155741895962713	0.0307347607790292
-0.643879934910744	0.162803684869529
-0.644023842179429	0.159615559955847
1.9678346675076	0.511732460330704
-1.07904229045819	0.434102406146835
0.0839257151831231	0.0321858227958686
0.935074850137778	0.250435779301063
-0.640875581071826	0.157275469944862
1.42515113579646	0.479224019474994
0.714367020988418	0.534000831807711
0.0947486077978474	0.0531640412132132
-1.63129900529037	2.10186795493188
-0.60208612891054	0.599267782700115
0.428510729966669	0.361730236968033
-0.619457460968935	0.39378262501981
-0.751775712713001	0.544876760343341
-1.55260763258996	0.570869293254599
-2.52665762194408	1.47877641530876
-0.581365923179866	0.230500025127603
0.759787340207884	0.321078859102827
-0.583206678330671	0.232229494917867
0.932219305847885	0.255045940262424
0.475544042728308	0.174341861986265
0.632688485868193	0.200095400279662
-0.389557706779368	0.112846166099981
-0.778324834347448	0.281190595186386
-0.842303164944036	0.378683583843564
-0.376678016223649	0.107352600384677
-1.79013332416873	0.436860451051026
-1.5514518056923	0.568531403787742
-1.5514518056923	0.568531403787742
-0.644456791948872	0.160363538964562
0.133783959578535	0.0332137006394034
0.136348268602553	0.0345664085091249
0.152245447049464	0.0306318775241434
-0.389167621040152	0.116399518745081
0.152327357171114	0.0306528579659354
0.632297169083015	0.201427292338264
1.7828454349868	0.690643564060392
-0.674789632428174	0.341311741024271
1.78527289175258	0.706358734384354
0.109054653728321	0.0331112847711228
-0.643736072788252	0.159645094922541
0.269162490432999	0.143069861769543
0.208538564466025	0.133339867650195
-0.355176928232653	0.264078450460922
0.713298746664926	0.63352345937507
-0.358260068588171	0.230524434361177
1.0695972298401	1.01790432012811
1.32272973159372	0.919134188393583
0.328469325862386	0.147360449610908
-0.301249344393922	0.198636755018523
0.0906106639177249	0.0488645322576525
-0.565402810199367	0.297574842612743
0.0870900159361728	0.0294409774022058
0.263177774701364	0.141118071042203
-1.55214161784221	0.811363218529478
3.62289749047493	1.42603256396131
0.0873688589711267	0.0298482305140485
0.0842615186073608	0.0324658104907538
-0.459746112128232	0.203793623597768
-1.16453750470596	0.363272673512163
-0.37452930093922	0.170302313670706
-0.773264368337915	0.275951766386509
1.96698416228038	0.513878740168628
-1.55496188632811	0.840337335278791
3.25270378122438	1.14110458628734
-0.82458595880341	0.364253013650304
-0.649914682169787	0.161307982236608
1.96698416228038	0.513878740168628
-2.58214966292689	0.711901044511174
-0.774240947504595	0.268231862549802
-0.644600139200501	0.163557956970766
1.78792907621528	0.693124038210664
1.9678346675076	0.511732460330704
-0.644600139200501	0.163557956970766
-1.23270853965051	0.731122393318128
-1.05265895581522	0.522957784613568
-1.16933822744481	0.355300877964834
-0.649914682169787	0.161307982236608
0.983113232900602	0.37056493466537
-1.32906409070751	1.21117452632399
-0.407392015032503	0.248902313118458
-0.0210480251107467	0.0124565200548474
0.654809190182538	0.522040560839641
-1.22894234296875	0.716411770230843
-0.837472488599265	0.390914936767186
0.988437171883203	0.385675089722456
0.136149928119394	0.0351567872193512
0.0824226822756233	0.0350103331450791
1.78552584048742	0.707360534084731
0.733299094877724	0.414510626408326
-0.581018039230886	0.228871362972492
-0.462305253377311	0.199271171400099
-1.87413599594128	0.750422548605685
0.140006786138873	0.0346674416600826
-0.565186291330426	0.296429534208966
0.931503049039329	0.250030129954956
-0.407791586540552	0.245763878903369
-0.169048276907213	0.0689182102655074
-0.773264368337915	0.275951766386509
-0.460103519403706	0.203305947070855
-0.671709165520481	0.329203297219549
-0.464060261831589	0.205840889385363
-2.12613435452035	1.01738393397445
-2.58214966292689	0.711901044511174
-2.57741325633565	0.711746111074309
-1.79443594699253	0.43143762897576
-0.15501603578874	0.0606830035055714
0.155741895962713	0.0307347607790292
0.991201908008447	0.369988608992467
-1.03958316343186	0.544312522190088
-0.474188234736649	0.271753662302821
-0.552021921994281	0.298605886877617
-0.101834300897097	0.0503290355284908
-0.164157714162598	0.0669470148293233
0.938518476180973	0.241830969651109
0.935793069652209	0.250460745833014
0.108747093578849	0.0318826482875452
0.465232904160349	0.169258406159813
-1.09275303413766	0.447138652626451
-3.7748046772412	1.51892133064523
3.25578730507816	1.11753794803325
0.136833251350974	0.0345715512867962
0.629026947940962	0.200123508811535
0.316010050594078	0.227885076662222
-0.871851095970592	0.776459561654931
0.093290496266884	0.0565170419470253
1.7861757983811	0.702610717557555
-1.54680989749881	0.772491551240347
0.304466062932737	0.265383510932374
-0.220183378083868	0.176726400090776
-0.614994966279257	0.643051854809279
0.318661433060454	0.355771615332317
0.325890225274029	0.340736147885477
0.546262348036525	0.483864940229374
-0.511839577346035	0.408557774480896
-1.38978631315281	0.878782261470341
0.460126413132576	0.369840426484069
0.304907020147192	0.258675246094214
-0.413107040071005	0.292416869391381
2.20889275186376	1.65044418002475
-0.748536365717111	0.533402108659342
0.0254719787887337	0.0161921064488792
0.843040697019455	0.449154529550233
-0.779140669588895	0.743418164642878
-0.851825902269007	0.475994418259281
-0.459065583313697	0.20037661743138
0.624133365026761	0.197625616439368
0.0895537416138028	0.0518802004055788
-1.12783562132045	0.910934273113144
0.333282606788798	0.149992331779932
-0.104240942103493	0.0698447726581681
0.136149928119394	0.0351567872193512
0.0873074779770814	0.0335904414683829
0.286676887454256	0.136546553867913
-0.279335595082393	0.0934626578156697
0.47538281617044	0.266513584221076
0.788462562023864	0.547689807314722
0.132976208643411	0.0978530539696001
-0.373308462313641	0.180005894714473
-0.386404035863773	0.111626232888914
-1.08072563171882	0.448174635687186
0.0963054858732612	0.031646926153204
-0.312510902861166	0.163862890759955
-1.67458651137579	1.26077308383833
-0.168888200710622	0.137581753502497
-0.408018846148162	0.321129669545214
-0.364301872352892	0.30061679759975
0.107917528462932	0.0702352728333264
-0.0999707469915137	0.0475846962402403
-0.127910940056404	0.0566148396493745
-0.203803181032825	0.0742610696680165
0.766772687467053	0.321027945067643
0.0768631604809546	0.0385386588915997
0.773017981123353	0.776548061509741
0.371376157213599	0.146051859052747
-0.778935312785854	0.275631344923444
0.385407642042115	0.151672938971831
-0.752573753756242	0.541446722098049
0.463874616567781	0.369670206082937
-0.0518474702535829	0.0353646035608636
-0.867532780879441	0.653157423541543
-0.411993925096105	0.251689409066009
0.285280909225389	0.265559284136072
-0.255533628675599	0.214084785156376
0.130134652179726	0.099082814739515
0.0963019849041979	0.0550926024122532
-0.337006047207641	0.285510629223633
0.273138727260598	0.305302526517359
-0.0788643811647023	0.0759603872174781
-0.238591300592342	0.289869948602403
-0.169967388377554	0.21345617021046
-0.311185794347832	0.454261155928914
-0.0386496499727199	0.0348926991460211
0.781286662051498	0.997058333619848
-0.557170853903221	0.659565875076114
-0.063950617243428	0.062591596740755
0.476740574944074	0.591941938807005
-0.158196594179093	0.158355301321076
1.18494719621589	1.84808494137895
0.577360662258595	0.81722875249787
-0.369521457346608	0.361101571727718
-0.790342661157989	0.93830193686691
0.122943732340083	0.0878197388035851
0.857626201841609	0.864415590928171
-0.105569418736626	0.0706662509130656
1.06299738565334	1.45065511419581
0.477765684473733	0.536451201019685
-0.249732291380881	0.214289651225115
-0.563087834909384	0.605810253673222
0.0771043494050355	0.0412151993414619
-0.128557683950583	0.0843452633320451
0.413477058731577	0.340699712352752
-0.231989806008808	0.177079890971906
0.113770662344839	0.082866119417612
0.517131561124973	0.549068751491471
0.483113963350418	0.53060578313411
0.568938423202103	0.714456915218403
0.270674259733764	0.26086245342111
-0.658085971158738	0.838142157480037
-0.312700961278678	0.209732500385061
0.469842951744824	0.361448844789676
-0.226504169318495	0.160339762581352
-0.688655654335126	0.562590574664642
0.43232483537449	0.35788819688267
0.0780582573061805	0.0328907227835545
-0.964163852441814	0.907186297326026
-1.74554081995515	1.01995192237802
-0.251683512834378	0.276233562231003
0.293107594306496	0.266237511684309
-0.376501562128677	0.442379460460176
-0.94965816196782	1.28868469183668
-1.34098915043707	1.22729086344621
-0.0592888642723445	0.0319839403229571
-0.125032517709837	0.0558960141405798
0.434098024990649	0.244804783496708
-1.12319833823799	0.919006301991237
-0.193415164913711	0.140363649858218
-0.566245687001284	0.301203182518545
-0.15345620485412	0.061948255266411
-0.161982724150424	0.0659181954625681
-0.0155154211905829	0.00906500467699482
-0.20423732200759	0.184241143926061
0.316861714474427	0.350221630010366
0.0513762787432794	0.0348762526053501
-0.234169486519011	0.182904214569687
-0.125030291097326	0.127671396673871
-0.154215200610944	0.191499659400798
0.0520043411635017	0.040716231080604
-0.294129043706511	0.247465050315772
-0.343922539479474	0.389454639362916
-0.287759995345588	0.466916925969898
0.0255213707370296	0.0296902247171271
0.453318240456387	0.948825205769272
-0.233920358767942	0.403813370964317
-0.0357534930862573	0.042184040397152
0.0621978037610041	0.0805183686470078
-0.221954959471294	0.31945369300501
0.203796671199186	0.202738590879257
-0.11505763402672	0.159956257106104
0.0699486156721575	0.0894132019366672
0.457320868508236	0.758424381323509
0.155364040402021	0.166541422655255
-0.218567963850673	0.324837228350034
-0.0957009167595234	0.112780565624754
0.145915174846166	0.12407800718183
-0.175085514971034	0.171672699137875
0.0271901090094364	0.0214718630099339
0.259906165162727	0.272079169738781
0.347436415905356	0.517861577403493
0.741316029885016	1.24263167981292
-0.0974017009640193	0.112528363896007
0.559919266087628	0.752519094146998
-0.601560689247191	0.503708224834918
-0.642225881499989	0.632815089811813
0.353224932702809	0.421178745281358
-0.0117041933375275	0.00977144428952202
0.772418892925136	1.09611638674274
-0.021364062257508	0.0179727018848647
-0.474341683783593	0.779320778194393
-0.472113614905654	0.835972913598209
-0.0599081803711329	0.0535884972824845
-0.361549478292049	0.328621700105414
-0.472410686872652	0.341343304588803
-0.072591152943295	0.0489690640923915
-0.16507952477247	0.137949561514095
-0.531718838404923	0.718190962195147
0.0274476573846999	0.0226733748368857
0.126065234466028	0.0919377147075818
-0.352261051712328	0.226919806884834
-0.101191166638521	0.0669802007747086
-1.86860867879126	0.785807806473197
-0.104982396404417	0.0685371177852284
-0.415817761487579	0.291552614628404
-0.00456836384762406	0.00331189081958059
-0.0762199640907966	0.0682355299124441
-0.438708396606666	0.392863138730263
1.02818503192918	0.745971815959199
0.648264944321414	0.399372442262574
-1.0168780588451	0.647486360760697
0.0403431765222113	0.0258156417699459
0.489249714914794	0.465516490911379
0.228702377043042	0.15373750579285
-0.0375755898569672	0.0212204857178321
-0.105860058300069	0.0509369457961766
-0.513750072941097	0.404479713112519
-0.496649619218164	0.438144951655815
0.749930206242002	0.936735262424981
0.638876321783358	0.757483450868716
-0.563660385977652	0.614794488893064
-0.0640175609166528	0.0631475194073511
0.211360996672889	0.251711209955232
-0.0644195832092436	0.0516911106233889
-0.276986887895639	0.294438754407003
-0.16830801076283	0.167520826713349
-0.0294922051554142	0.0271561757608368
-0.734687686626358	1.17638362409059
-0.72830900864459	1.21177139294559
-0.135376685948443	0.123233110258083
0.00407358229823443	0.0036317266300483
-0.409524858784568	0.5175488546298
1.02135968915894	1.76612231466348
0.268474186667251	0.354687654355875
0.312535029940782	0.424716552232094
-0.277485111162445	0.369046049165768
0.227861916495823	0.288707555362964
-0.225648935738352	0.262489459869132
0.265819728047395	0.304658144457586
0.0953966246293558	0.0926557625353513
-0.435921739628727	0.483951596059085
0.0178566910706494	0.0136447906179992
0.294782234351654	0.348638498071092
0.123897266032656	0.131019382949883
-0.044706163761541	0.0407202923511643
0.373956308304633	0.438393814119401
0.937282130610824	1.39931248536317
-0.835752860276191	1.16980307254985
-0.32761318381965	0.330012772227122
0.133746849419989	0.107553818472085
-0.213615491387541	0.21041156596005
0.604695910079025	0.74405953090807
0.269076417462459	0.284286861643997
-0.0831861446692582	0.0866192191687194
-0.420864213588125	0.463648326689868
-0.267086755393873	0.287630703215662
-0.711899985929386	0.757898193083263
0.76937912892943	0.762319747695933
0.905119872821666	1.15985158262142
-0.838417270243328	1.19617922107004
0.263842766117009	0.264189522201861
0.202874085521186	0.199548690980341
-0.10730592159372	0.0836317697791159
0.945042175043287	1.06997854900812
0.567234547484302	0.654245321999256
-0.626266760450953	0.403360249060479
0.152997495098684	0.0306362187597192
-0.263572626579056	0.222441470548113
-0.119105796575188	0.0758963854167047
-0.179078820142218	0.197668924581574
0.00519852285657054	0.00442316493004276
0.218797552313303	0.197870755704926
-0.978394258295481	1.19900735742494
0.506683143445481	0.472378644100799
-0.497015756000235	0.490242299815576
-0.0587050424251793	0.0409903050719158
-0.070613261457839	0.0552037800319352
-0.499050150905284	0.516405349045287
-0.315468474842439	0.260205842833551
-0.123698771279191	0.0783959891616659
-0.329856174586188	0.349390286395888
-0.181376018297827	0.164089252189848
0.246086706465131	0.268420511506246
-0.842130977350572	1.15454539319557
0.333201414282521	0.365340103859189
0.215994196327	0.265026192533647
0.252177198497798	0.31120266846332
-0.0290412839913603	0.0264936157542027
-0.261610905163738	0.3049237306994
-0.158113216399899	0.189252895086552
0.16645392911509	0.201807152056738
0.00430360655710838	0.00364682994314569
-0.217588678137481	0.19311100031044
-0.224237566721967	0.196456955742697
-0.853739324288699	0.98286601073192
-0.441702257173097	0.573171879614706
-0.205406610599668	0.245337885911547
-0.0901828157600013	0.110399850231538
-0.0771638052030748	0.0812038587626511
0.935488734939813	1.84166505982013
0.000628009353232749	0.000691889965244021
0.0500910591153723	0.0574986839033536
-0.0191773769465991	0.018102618649376
-0.123187788589465	0.142048758642983
-0.417110171817667	0.534339792961371
0.728506422632218	1.21850505917141
-0.63823585986683	0.953081224624581
-1.05451471753806	1.9889790959748
-0.256942056558275	0.26547842524334
-0.528738477831625	0.665814417420857
-0.0501714450160978	0.0521031381159221
0.402717742639841	0.522351275820438
-0.125591851537365	0.143898987988411
0.0240644551202197	0.0223391587259694
0.28061118247713	0.363677470519982
-0.24194310630551	0.306276218118775
0.301757867303255	0.376949196838039
-0.19499142037865	0.225423221304121
-0.330428405361277	0.456693020359102
0.216958382938683	0.207343885728678
0.133820538670887	0.125786122943509
-0.0453933576206065	0.0374889130196274
-0.450831162249323	0.590689271623405
-0.376384605602489	0.486121897541919
0.728812933131598	1.05697097925144
-0.879549544228501	1.25334837786496
-1.55260763258996	0.570869293254599
-0.579104409914922	0.231662980331936
-1.89938625055903	1.24979906472856
0.529535567960288	0.485857934302804
-0.848852017109432	0.933376822741675
-0.939553200658722	1.57661243865203
-0.295899953746857	0.299992371559687
0.0999069675122335	0.0614308172372676
1.04590287527941	0.886804984378992
0.47089820329215	0.250659908707016
-0.476859152603888	0.275462361049205
-0.610118858720235	0.523355096497138
-0.320169640340384	0.246553983123095
0.089505212707612	0.0475389419030065
0.537692657248951	0.262810003723587
0.650651177010287	0.481304120779481
-0.158705265501692	0.109036634960088
-0.539350058141706	0.461621548899296
-0.546863708378929	0.623252293781948
-0.698269121590585	0.685678057850732
-0.538486731792554	0.54816828453713
0.13661174432612	0.155461857929448
-0.562218889820776	0.832626355442485
-0.319050955551034	0.319508156363606
0.0209886160259978	0.0176568275195315
-0.303919874909281	0.330600402098286
-0.132278711833175	0.143201083400977
-0.0914911171713864	0.0942051916583427
-0.0940260387592753	0.0906080055318881
-0.274760681576375	0.338565813182548
-0.0851253531758814	0.0740930397159272
-0.170181288132325	0.201853905767118
-0.11560172585747	0.119803684741907
0.0586381415039979	0.0530344226048299
0.125898593573724	0.134662854191466
0.203447920928382	0.233733508154702
-0.301845136259541	0.341699105738807
-0.933640236633935	1.66484267018438
-0.00323699310580984	0.00304542016852476
0.212117333813484	0.235763844781737
0.0113376386819568	0.00902820494287869
0.182936532003742	0.208657230627288
0.205202276247403	0.192392452358705
0.413952443706236	0.354798582942105
-0.406159957536145	0.371583845230667
0.168305099066563	0.15809881181233
-0.31976229299965	0.313857500734488
0.780151285561084	1.08459052089026
0.147082405081618	0.137626234259268
-0.433700634564008	0.633874700988317
0.0849871941680495	0.0825675080729076
-0.195874784462285	0.2062874775201
-0.791858172351279	0.913967558250401
0.64539972806375	0.624473728290772
-1.63250083817923	1.57200307917282
-0.226817012095454	0.200478993981057
-1.49514377355704	2.71072303890788
-0.158560490338719	0.142640162627116
-1.03620249346534	1.32548169486283
0.641475959046125	0.398803430883574
0.480053494045794	0.261063211082633
2.75416824794064	0.846257095565792
-0.787342662756376	0.845417150547131
-0.0196821078775622	0.0114963675065402
0.128863566287135	0.101297561668422
-0.291517416081685	0.225239188271019
-0.100434707246025	0.0485769044218069
0.0808541519283921	0.0379414885634172
-0.409043698550715	0.246898208584523
-1.43122083213975	1.37433657625352
-0.66360676222591	0.322145087169175
-1.08824673686457	0.984170739555283
-0.405348864858606	0.249809625062069
-0.361571445650816	0.159695552791953
0.909753074257112	0.635155433671871
-0.41018207754414	0.331806079606019
-0.942000753651093	0.939485462985184
-0.481198092840871	0.4520208632376
-1.11110970852016	0.862854131893815
-0.0669113023710855	0.043969327733139
-0.359178811134671	0.385016044918569
-0.234226032714356	0.236056888173235
-0.180861707637839	0.150224296340544
0.804330375055387	1.04954970743428
0.447913579000806	0.455914674020798
-0.870967392194027	1.42257672773595
-0.308784206583152	0.355933444916056
-0.290545673867095	0.272509431259103
-0.406832422401398	0.557440762935519
-0.145305109612504	0.143931587122837
-0.114789260121642	0.125571017748653
-0.455669942647627	0.539059846026166
0.212702853461671	0.182401572684649
-0.00337159764746343	0.00280666141290791
-0.0397374636915204	0.0323307857184402
-0.110323203012344	0.0926010622317357
0.455160684845027	0.459295987077812
0.0979162681893524	0.0586274651032862
-0.149010273635628	0.1268277113705
0.056097778583261	0.0404075520798898
-0.332524114417746	0.285820647908048
-0.489160374738297	0.585986977839577
-0.361048601867456	0.324425645744782
0.135598398204891	0.13056286940616
-0.38596111857084	0.465144171539712
-0.546684397156541	0.807918847723216
0.701785271948971	0.725626892815022
0.356846441395751	0.231069957491277
-0.249712799436519	0.12537522821972
-0.297928069589825	0.303083031074613
-0.371584736007435	0.385330546711705
0.328593076246566	0.265510854629492
-0.36156850547586	0.272828682774613
0.427644456888447	0.257120694158098
-0.666539288939318	0.333596313009592
-2.53254956616205	1.49525147748112
0.285219366397394	0.258016669670856
0.73551161762344	0.740280511286097
-0.407528688328467	0.428148682922616
0.641856837917968	0.591243755036202
-0.671404172825421	0.33276474019611
0.627086626494721	0.291503043583673
-0.277378571638047	0.0913459682428708
0.087031933602839	0.0288827949670673
0.635720719320836	0.386312573811066
0.790126161064487	0.532860123883348
0.548153428066523	0.275410153254085
-1.79013283872263	0.436855011092279
0.47520845155246	0.174086333588503
0.713070594788468	0.529846182280882
-0.451295531908402	0.368553439048054
-0.267500887145917	0.200452388879459
-0.272513294293169	0.145193267260661
-0.478300637425924	0.326377846145052
0.644188724871881	0.773486993617494
-0.0137703042256752	0.0127251895342281
0.131695794987069	0.102984736549395
1.06581686196441	0.993535704530934
-0.782468765549531	0.810193746720835
-0.0896579200139598	0.0702892341603386
-0.494846844538026	0.691153356805242
-0.381313609976909	0.422798608966781
-0.414598292675896	0.45480376872238
-0.654593833349052	0.861027162353732
-0.226851212972662	0.22073010370771
0.212554072194007	0.188520141947462
0.357584302858895	0.435617409982864
-0.293068665413755	0.252272107730093
-1.41767743125436	1.84535559468306
-0.547803295317353	0.362939153717535
0.129290468660764	0.0927030607837015
-0.545165699509672	0.624171854933597
0.220983803014657	0.194154317436382
0.141550839216923	0.126599966004921
-0.263131156536673	0.280724760167019
0.258818370154124	0.284421862743059
0.555619828400273	0.620074775094243
-0.855557151787973	0.888562853863019
-1.22639784044702	0.678183865687638
-0.870680171806162	0.592992640693597
-0.308649426921975	0.260903059260552
-0.431881735048006	0.420571663447769
1.17328438729607	1.43264981420489
0.0772656785255777	0.0352267058740656
0.0838783108861946	0.0353240132977263
-1.16384354392211	0.36161718506419
-0.264140262704958	0.143761451972906
0.092972548516242	0.0319246139255238
-0.152666604439678	0.105910292396344
-0.0411828093422962	0.0292864929667955
-0.676598289080827	0.937847377842285
0.487941805842173	0.533546100263853
-0.711497236227374	0.745510627791196
-1.23309886877644	0.951892274773317
-1.16913752538967	0.360776495986612
-0.102286556615234	0.0486776197137144
-0.759785047875262	0.535813787856375
0.414568615869992	0.359226060726299
1.1521723961549	1.05880483261296
-0.868118512714514	0.675158589128992
-0.848608666314075	0.467335784516017
0.105971302372893	0.0688838725643178
-0.734963666482518	0.869971148413521
-1.07213604498283	1.48470542221469
0.466222541550344	0.368028108341659
1.0404125713731	1.33177027763952
-0.523616694165054	0.763758570890162
-0.167494679157533	0.189104250591275
0.0291878033363404	0.0251124159509636
0.0683844055114314	0.0553209757570843
-0.448056309268303	0.431554545697431
-0.0970026305953055	0.120980023195909
-0.268649380156296	0.327193416940888
-0.210599901888735	0.236963333252404
-0.635371874674824	1.13206743868155
-0.298281023971392	0.398698748697576
-0.14444433735386	0.156081020120708
-0.822590744625503	1.725083704066
-0.515232860328357	0.77487120740762
-0.196329231564375	0.21166021941206
0.154556155907776	0.182340429236478
-0.0490161163715369	0.0449762399942443
-0.758472772371574	1.20943225755014
-0.647780387663597	0.815032727068804
-0.996870801860204	1.11836805913386
-0.308944486031504	0.28894513100123
0.42301323948342	0.527438018464411
-0.788803140214106	1.12426655338954
0.536631111572436	0.77780101806982
0.379898683538756	0.424462965745617
0.065152283516084	0.0715481914427653
-0.600192865088936	0.903103294308512
0.0577469953740348	0.0604181796866472
-1.09788057823408	1.70330116331278
0.719055895541758	0.643190741957822
-0.238617422605304	0.162064328562241
-0.0476605608469464	0.0394773687385165
0.714004178667863	0.976014322137885
0.0106651009347765	0.00814965162634916
-0.860566298579306	0.826798109015235
0.555851211257083	0.490632087151975
-1.5580733097088	0.571102626716349
-0.231890906703033	0.133612676803214
0.880319913328597	0.557300385882345
-0.481844013826384	0.64744628468992
-1.03429098163148	1.58776329904645
-0.183469515809749	0.217770036478768
0.690737252688608	1.19832839698194
0.932516998733297	0.934557985831664
-1.11867495921949	0.916143498495928
0.0877898657770028	0.0466788848755426
-0.181745153081778	0.107772647882085
-0.364305903467976	0.326706266432618
0.665425097049046	0.511491346282827
-0.232258845327143	0.133459220760716
0.573720051295522	0.483468841752077
0.518440079166881	0.541876411070017
-0.305716724502216	0.312593875891608
-0.363986474709073	0.479672425771862
0.131568790123216	0.112886951171157
0.155597624385557	0.121360571260674
0.0973623648265245	0.127785444228679
0.0595746891171252	0.0736426692237185
0.36444573644958	0.487479416033962
0.047439869939015	0.0432492522040335
0.0354204618064464	0.0351705690956983
-0.0987196974054056	0.13092778103706
-0.166321097975465	0.245694633237205
-0.408579784474237	0.692257698994317
-0.0708733975570473	0.0986771679837696
-0.133447627182893	0.133266667226305
-0.638910092263826	1.2195492107812
0.0532876064390141	0.0682884628165529
0.0973661627992388	0.124017276756719
-0.0684086392333439	0.0881649363700078
0.788911612866783	1.26880178595668
-0.0171680572862421	0.0144628271593635
0.588492303925412	0.880410358790476
0.0269609884210159	0.0261279754084137
-0.0895638128635	0.0948371109174952
-0.623481746469029	0.908560530808005
0.553148761166662	0.940077042252162
0.03711035204579	0.0459154865543376
0.226542098617671	0.343490689639647
-0.0423745351957383	0.0530489756679594
0.0981072677429281	0.0964849336117141
-0.232054699019848	0.205026993407532
-0.581384158315361	0.529628931426992
-0.398314184375482	0.440462903941824
-0.451263088366872	0.669357603613969
1.31079565606457	2.68302398562988
0.589479390587855	0.731501803007884
-0.226087772352551	0.16146420568936
-0.583287327537592	0.235338619146458
0.435003386492122	0.607253906301413
0.0882009270171091	0.0818728473880755
-0.217367067162678	0.281722181026594
0.0215255930294611	0.0216723325780919
-0.369720092433306	0.388233535623807
0.606478461160387	0.497571287664338
1.16250309154522	0.926832537063141
-0.408519297278097	0.382479434440834
-0.077187384572006	0.0589222217674168
-0.248924630900156	0.197982176328521
0.229750778877603	0.136392321666574
0.0813690912256502	0.0395124222235645
-0.291891682426831	0.320102270842005
0.203775641694547	0.198940478765562
-0.195846901439167	0.219004343343676
0.2095770445952	0.206058590661213
-0.144099200714529	0.132878812204594
0.122949760908256	0.169788860786643
-0.237865395238951	0.382143089024531
-0.272266579978554	0.37115570156104
0.0308547496887945	0.0276417870520311
-0.218723985874838	0.274058547312551
-0.0982946160334247	0.129387077256917
-0.421865882673382	0.749680266721036
0.130860623570343	0.200784466410877
-0.129767731742689	0.187412829993029
-0.239328756706304	0.278425330077978
-0.403843097375169	0.583755244797761
-0.448413852979432	0.688630613957586
0.0974406979361216	0.120477903384142
-0.048673676939155	0.0595833950686205
0.42332313493868	0.776423538591922
-0.172454042979834	0.258421041550424
-0.0872248049881839	0.0979273095634239
-1.05605203606047	1.78829480594145
-0.192514771474407	0.189808697293357
-0.596131310176323	0.977013145931703
-0.0795836714455593	0.0904290811838585
-0.162188445972304	0.202174145206206
-0.0920360843861828	0.119525393803736
-0.106775449213742	0.146376918001132
-0.306458164141787	0.470763092142878
-0.370338657478412	0.666694415096984
0.038422007092322	0.0368484575457517
-0.0825465164825145	0.0693057416806285
-0.738147473716936	0.869181671295367
-0.0782347866633078	0.0843317769837554
0.0713344403219845	0.0824814003268515
-0.288969975070109	0.338797876437484
-0.48319176742996	0.455528354684962
0.142794791422751	0.0347080413346559
-0.930301715297157	1.35649098907011
-0.608539375609581	0.660060778420908
0.211670368402281	0.300505336240861
-0.146240779589886	0.204064101444614
0.178587969516632	0.294185463598578
-0.30159571759034	0.559531950955068
0.0186630433131328	0.0257668162584215
-0.521807739163473	1.04433310219503
-0.17037673828606	0.251176434942707
-0.380183424856836	0.840369489645827
-0.517130993401412	1.1481503035597
-0.443993567071652	0.813107763247245
-0.413555608234242	0.691095475625472
-0.385723464684294	0.664663117524813
-0.476946191037095	1.29522447003829
0.146737996169715	0.2468431328705
0.139052179072789	0.189688204202345
0.0901376328092524	0.124192321920023
0.132952589665654	0.216709515055103
-0.0229058909125263	0.0322482713189055
-0.216213940940338	0.455215310126118
-0.149133391760112	0.202161399477843
-0.0996831326610692	0.120387642757849
-0.092911748776878	0.144651968330957
0.416854764868079	1.04672080138786
0.0946162765899876	0.111960418971716
0.210430975863614	0.301134450720036
0.45499039047614	0.996286761755999
0.0695273269278508	0.0784114948425229
-0.414119228587159	0.963339519598353
-0.400913819112412	0.781270389031045
-0.100260932385225	0.162582241225059
-0.0264307797473801	0.03038647566769
0.110224134470862	0.168686330309489
0.0435194325914461	0.0607060863784654
0.401039456180469	0.801109248227794
-0.266639188344099	0.396164268962083
0.110002253242598	0.114486824112446
-0.624337297891829	1.23855018610372
-0.314920732609693	0.516899318065464
-0.302776523241985	0.581178694801214
-0.305240952807952	0.585374010409331
0.0514354809180364	0.0670074395299865
0.161721582452893	0.226596301478355
-0.334388040992958	0.605459368102447
-0.293949131060315	0.279944225710729
-0.323336522003414	0.58868252668498
-0.207847679637931	0.0787172388245691
-0.745431277545713	0.964883783228271
-0.328484093310474	0.34857426787658
-0.156635383717391	0.215886836545257
-0.184025341612155	0.295926544568137
0.0113279511110625	0.0125313258374561
-0.201625549293024	0.248155021390998
-0.0592059212883232	0.0631536198738698
-0.314777457005783	0.392555045683655
-0.418555814337189	0.696835137641425
-0.248666480216575	0.267486952015867
0.103162367603442	0.116538062440314
-0.754036964562205	1.78014257553405
-0.1518073608057	0.196960170467334
0.381303550894405	0.719795410938293
0.272272231502405	0.494510162207484
0.11508854532602	0.16026472809368
-0.225564899997461	0.363427005788306
-0.116915193845111	0.179707135025512
-0.0228301608857458	0.030209712475377
0.0214224166033298	0.0285234580070481
-0.176784982773069	0.209078152821465
-0.459719849902364	0.889753611509564
-0.282053662585347	0.448296989811936
-0.111134785235223	0.146904097672253
-0.171782945507879	0.265247929951409
0.235251045592672	0.390529107465298
0.249312900857949	0.381756274717077
-0.224978394529403	0.326921803288817
-0.134679689670108	0.191639285217858
0.19684228651882	0.273715165324206
-0.323463644201792	0.56426529717159
-0.17165909281377	0.285381335222584
0.041444010197518	0.0556983190395599
-0.621139246899256	1.355572719005
0.202735272966511	0.347844368866117
-0.0481580534082194	0.0640536255644316
-0.256944711199613	0.441939241221179
-0.228556523539325	0.431609517114965
-0.0669226214132034	0.0762083855983051
-0.740381994062549	1.77052086636113
-0.0787342012634972	0.102576093900452
0.0899462452527171	0.132220115785654
-0.27316889947602	0.452864522321011
0.118982383697407	0.180583126458965
0.144490879132078	0.223866196229602
-0.527688025695328	1.13416359369013
0.00743476529451488	0.00874168511199067
-0.0590633198834215	0.0474440764188556
-0.488234222834874	0.433094701742595
-0.550914932738997	0.620674449242808
-0.396501533551689	0.379690629619967
-0.270752850011409	0.383249484468194
-0.396084154124354	0.654509956696502
-0.431482908119986	0.710303449167845
-0.0980104020740825	0.0956681984502568
0.0420265467349152	0.0371991682997772
-0.388551166306462	0.496445307557748
-0.749421896962896	1.04451045012804
-0.480917139176616	0.650596818163463
-1.09717984659783	2.84979731118201
-0.0428474843763217	0.0464945622191594
-0.117444470480293	0.132537570198309
-0.635630042250386	1.45922728134035
-0.46078470093826	0.836422351850381
-0.371571408289734	0.665362485477275
0.506754486933613	1.05195495019808
-0.0174778308566854	0.021806357679731
-0.236827474469539	0.377740653076746
-0.0601484678307064	0.0681994257870588
-0.127658218819203	0.159096063927388
0.184686191519417	0.269145657056091
-0.199252606774283	0.27847662518843
-0.103350851088883	0.120227788968636
-0.241929459591579	0.409263732580236
0.0465802486659429	0.0542676924254198
-0.203146748310817	0.275476939281234
-0.184983710579465	0.268651598761237
-0.0404990959544392	0.0512899700523809
0.170048526720562	0.220991479101664
-0.0291244629701259	0.0352183811595021
0.390767773157288	0.753718428955033
0.119807360532798	0.156892540498823
-0.218871668233751	0.347999155579853
0.00625842018636679	0.00616038022071043
-0.497200646182133	0.914935614688936
0.126142342614172	0.175387600670843
-0.0157889856086777	0.0186824725148987
0.28291879305647	0.410474834228085
-0.129591361541618	0.154277374071534
-0.0244739196634426	0.0293775907972694
-0.16366900646907	0.213101801263729
-0.414284711248741	0.651468942835935
-0.332708079230918	0.499982070989719
-0.387118200677931	0.606207698826412
-0.334599871406984	0.357979424264874
-0.144709398548936	0.122229548258789
-0.10317116204548	0.120953281785539
0.437261852295865	0.450239711947445
0.0226947235464953	0.0185793924549302
-0.345958277586426	0.385113625553972
-0.1739026678707	0.237967732780609
-0.268154043214522	0.324121811153197
0.212111484151704	0.170379326864808
-0.309882416697879	0.15630623309048
-2.4216567300214	2.12935677519389
-0.0142406387680521	0.0104897665022482
-1.79984016948795	1.49068826090955
-0.512494745517624	0.40646098473858
-0.162475735781907	0.162399279938807
-0.278969584096164	0.384655042360716
-0.728371832596002	0.807947140068316
-0.33550955157866	0.330663883795581
-0.011518626208924	0.0155832087841587
-0.0248033010336349	0.0300788576696136
0.286822818785132	0.404852290339136
-0.458561661532851	0.535005298519004
-0.247765350819295	0.377308205781365
-0.0598515685666892	0.0790718027635825
-0.185671829139289	0.30951307444189
0.0145629484026925	0.0134922407914492
0.264387423798149	0.278323343337071
-0.857758594989299	1.50454555883116
0.536805858264851	1.06238664284377
-0.496355546913588	0.923265030810158
0.0101320588709995	0.0100818499617667
-0.0142473113940623	0.0160939254578143
-0.33963510584514	0.64007290390534
0.0642684819972666	0.0920214121713401
0.244871892781018	0.407726107720559
0.0361945500217135	0.0363050309684773
0.136120624290659	0.105147733227628
-0.288455061908544	0.245402330513036
-0.208501082376818	0.246386222009821
-0.746904592167374	1.52391412129392
-0.390672729086493	0.491331123662157
-0.727906756705872	0.812318220390659
-0.496066862244068	0.528912164761986
-0.336574449467095	0.419012838257555
-0.114751829379339	0.123937942729894
0.124550384310303	0.130370955063041
-0.0628976342734888	0.0500108399800866
-0.260048054948558	0.20447683437476
-0.130135507643241	0.0586248178740567
0.0679998294160477	0.0556723546111876
-0.347571893430841	0.322424433104431
-0.377351389553024	0.181365580391699
0.246409455256043	0.112933265784944
-0.0329962530500509	0.0275514802198532
-0.669046368813626	0.921319170962846
-0.535028959425983	0.813779677843263
0.164115760473114	0.163799297805207
0.200297026811309	0.173425398105311
0.377493639947748	0.676249032847198
-0.354147009629484	0.629376109258891
-0.455236446159777	0.700185205115216
-0.571441766568395	1.23878351805757
-0.383312650105352	0.736193462511069
-0.555511482964863	0.904442139433167
-0.382893863831413	0.48042740098026
-0.36894454559252	0.445447445367171
-0.106645462958365	0.121950518299533
-0.0400052464468267	0.0403327787092953
-0.175748150232553	0.209493539115661
-0.626083370418771	1.29852623915747
-0.418796617753456	0.839742016908539
-0.212909747740587	0.326125264655602
-0.0803552725972276	0.095177519117797
-0.127744766969363	0.126481648748378
-0.253492711812928	0.220984618858836
-0.31536022635263	0.258506873097027
-0.229586106563201	0.277614152098401
-0.288860570429067	0.469110012222355
-0.0265686802435777	0.024489768442237
-0.537800177049695	0.451078722575441
-0.267557360191981	0.297072219894737
-0.56740477980811	0.786319136648279
-0.145184001781616	0.18168639085009
0.0271096651767184	0.0245311763054231
-0.126905593903097	0.14248175212763
-0.0567619655820534	0.0587846366944193
0.0211263837814936	0.019552159962429
-0.0893018855967598	0.0792437678251076
-0.666883797518981	0.473665217957344
-0.172341624216972	0.135217248978299
-0.164481991625344	0.0977076949641028
0.360462523899979	0.238656814465872
0.524731768166576	0.483994297667848
-0.298195247029017	0.302981999615051
-0.437189945527938	0.543837121857838
-0.00865032008047325	0.0088105466231429
-0.251243095865202	0.199751998564869
-0.107512334960675	0.0942747623223915
-0.0651980644684207	0.086082867011636
0.0513783502906673	0.0605049499495251
-0.24600361741931	0.306185168716094
-0.79208457863813	1.49299596064542
-0.0132026940477938	0.0112609210573911
0.01470158312691	0.0152336299208925
-0.210916307826177	0.26967847165769
-0.343927066691682	0.466945308034499
-0.127381268757083	0.165277440069581
-0.399376129709493	0.714802887669027
-0.13604551447574	0.17834436686084
0.089954515726835	0.106275870703829
-0.0707131694240567	0.0689712068798721
-0.206850635742747	0.186859333692176
0.21752627757378	0.174140667324865
-0.447417080189402	0.663938272110053
-0.338264584979623	0.495792072523493
-0.33082963521976	0.471460968271274
-0.407801899321278	0.392309694819093
-0.782294562048451	0.898234013353483
-0.324191467323474	0.248040206958476
-0.660591229351957	1.03673558952529
0.0522614806475069	0.0450912171707984
0.105321923485085	0.103114139851495
-0.175450209683085	0.170076835482023
-0.0948147668367185	0.0999027555265741
-0.278620553818329	0.334999504360653
0.0561661473693348	0.0571083871621225
0.213804954240478	0.261658938594597
-0.163000260942465	0.214487563256949
-0.115101481914115	0.140070460828138
0.171453157445573	0.211255049423194
0.339221025978736	0.53347601825679
0.295748137165058	0.539686278937756
0.23758154480554	0.398296559319417
0.0502966194174042	0.0613989395880989
-0.172372681005947	0.246034074460323
-0.0162139845291835	0.0177989322721097
0.583715991507889	1.38171239931428
-0.0228958099147075	0.0285381281957495
-0.35019580077401	0.689879530842018
-0.0104335760618249	0.0129259707589251
-0.017562866291593	0.0220635128918921
0.158497219860551	0.256922463618548
-0.444827026619969	0.779035574161162
-0.565603826267344	1.0822266580061
-0.169050139073678	0.260307930353809
0.391979088586483	0.666669014209646
0.296791804342448	0.450157728738395
0.0307221787421127	0.0353019063555043
-0.0775534319456154	0.102462937861617
0.278269044906438	0.429783288279141
0.46113165241965	0.864414036036576
0.238529479734143	0.345302933758248
0.0147250802654436	0.0158563138650181
-0.104975819360181	0.105723482647407
-0.504271395165074	0.825966032988844
-0.0665262147026766	0.0819000312178478
0.0297774291578291	0.0257684263060771
0.550733545677714	0.696090957699572
-0.222714831709758	0.314875856532492
-0.353840775419908	0.571333085232474
-0.0574731046572125	0.0610611247809209
-0.168110486942419	0.211213500161697
-0.345789748576078	0.523383966424461
-0.446392607247034	0.733846563482878
0.123247275177951	0.162150834501014
-0.083081100389524	0.0999385919822299
0.0486008842908731	0.0583933697523922
0.555230160685503	1.15206011935359
0.56817052074542	1.20357885470101
-0.274567898212569	0.454971592852263
-0.306075624012247	0.501883049866016
-0.355815393243816	0.612558546356089
0.258874909942541	0.474166044747722
-0.0775893487713182	0.0992999515627266
0.634236275287262	1.31086333245085
-0.0500587103616613	0.0663431183986155
-0.292921873202056	0.486850551198222
-0.787223590915337	1.82585936305586
-0.204647349741113	0.243955934057007
0.529491465706359	0.98644100111012
-0.222721719103042	0.332303207938673
0.222134056972892	0.39223533072667
0.358827768778996	0.649519294485284
-0.639129095538612	1.11135063090723
0.0157348005405564	0.0177714602371521
-0.32912926923945	0.528350368400206
0.287692435184854	0.456066609413357
0.225067817357063	0.300989258978693
0.132684162889721	0.181203641728242
-0.483497143160923	0.762232361837402
0.0138135210961082	0.0138300927082676
-0.263089625826048	0.458303297610614
-0.236418502942532	0.33571510793586
-0.0520137141506915	0.0412375026338264
-0.0220253738926434	0.0161530700458924
-0.709128566968294	1.39698929719113
-0.388005712949095	0.33541893368097
-0.109464990507055	0.136740323626504
-0.108677270532371	0.132019411760729
-0.247842691087474	0.30992618025994
-0.539216908614802	1.10475435739105
-0.815407962189608	1.98446748329597
-0.40607654055572	0.832504529077215
0.550384038361314	1.09032154670187
-0.062324244584176	0.0875846961628939
0.369644969399275	0.69624538240413
-0.0378790067756097	0.0490752813578494
0.0695473993092311	0.099061728532682
-0.684752509202933	1.79829753477818
0.0837366572009367	0.106026845003532
0.121456017141312	0.180398679492577
-0.161814337227957	0.237748917474012
-0.179935349708485	0.293220419699521
-0.140872383903107	0.219811757892963
0.760570768265553	1.89796543759274
0.288004415805623	0.550917246056003
-0.393442223196653	0.697046926806813
-0.422823342692573	0.842214035152948
-0.300981700428058	0.503687799964532
-0.182257039737899	0.269215524470797
-0.0467054988355335	0.0545843818467765
0.114812260465887	0.177448814427491
-0.632091136706173	1.38088144162566
-0.177782820087645	0.266148489048661
-0.033090606083269	0.0408152662446311
0.455170947410769	0.83360135336029
-0.103858191541844	0.138221843301934
-0.285125868194789	0.404920131966828
-0.53002978158278	0.89685464813158
-0.0558528651821113	0.0751875205533497
-0.214649893268002	0.341540690422296
0.138185331590629	0.131238984232393
0.948511629141851	1.26111310541482
0.375272049812238	0.647756253116352
1.65026820752228	2.33060183973019
-0.276441794008236	0.240223043508988
-0.352158823222244	0.226754405432724
-0.922565380601733	1.00910125224345
-0.605360752556109	0.97456542023576
-0.06736263238268	0.0665804469392953
-0.468235867378355	0.487189641817074
0.579666315488317	0.563211313909731
-0.159571577742547	0.143679005507095
-0.0850093077599792	0.0928640420718163
0.0135048010295301	0.0142685304758895
-0.333173081973077	0.560416597772745
-0.508013063534216	0.802103700818288
-0.33073358982651	0.455774922824084
-0.00397080728254568	0.00547737425166048
-0.148351273698548	0.235160970767761
-0.174090944917065	0.264908701438237
-0.0448882077350103	0.0485260905454474
-0.222630041290238	0.2845126178195
-1.28191515790146	2.67220327163955
-0.170686937044822	0.207255186146677
-0.244924012330613	0.39144617791098
-0.550916850685224	1.1113867876261
-0.197061098320331	0.262372484456042
-0.17572269511898	0.223272670172406
-0.0586461594871243	0.0632515569406805
-0.344245534136445	0.605605138554451
-0.420813494940197	0.844418552160491
-0.263841393020682	0.472502227830536
-0.5317939790745	1.2550484158646
-0.426297134846289	0.820287977030502
-0.115963645336442	0.177282895427088
0.151115457722811	0.211905532277692
-0.650390099660593	1.0916017426255
-0.0763450040035424	0.0760437104781657
-0.234591807080952	0.363608346757015
-0.203892871869423	0.312600295107202
0.0715072449569859	0.0871212861890286
0.112565238866956	0.134451124668409
-0.292985241490427	0.348141747032035
0.148069042362347	0.15987806604141
-0.121255357884428	0.115475320123683
0.05382364464789	0.0506375759610201
0.00790671314281371	0.0086483685794079
0.267597889425616	0.343847825184531
0.129676242201039	0.140502948181392
-0.182729984941941	0.191433513786458
0.0580945756318723	0.0685388415247283
0.261509362101527	0.253072952608131
-0.520508157405427	0.549782546026644
-0.637623982150962	0.631525328419457
-0.477925225408859	1.33842181773218
-0.541452008616759	1.35354081676755
-0.161070263792151	0.250867493614114
-0.163849874876815	0.268017940644044
-0.115561476986638	0.206973409748133
-0.240379713207783	0.46276810483806
0.124456631041764	0.1950128011323
0.0321858966199767	0.037811377770578
0.0457028399949087	0.0588645566014429
-0.000951563663892887	0.00143728274115464
0.0106014043654022	0.016144598156674
0.0415405488434644	0.0421186044541535
0.107313816627633	0.120644950922524
0.197075095899642	0.342946273677245
0.0337561662706009	0.0509344580450382
-0.318506648377572	0.74552710904497
-0.451295531908402	0.368553439048054
0.943519121730801	1.05684158424939
-0.607491756311183	0.51716839233663
-0.401871086559431	0.844311664282533
-0.171338319447742	0.286755727122898
-0.0119959787472026	0.0173948236442037
-0.268757765732778	0.409990774872172
-0.351146534043496	0.353109633555013
-0.331391761455667	0.445200956531729
-0.332884800933938	0.637659475640255
-0.0571247910613489	0.0793397182018927
-0.272880556714696	0.45294778611314
-0.171936637563523	0.25653383429174
-0.138381635526697	0.226812837794681
-0.489898697590667	1.03120582463438
-0.300331229134594	0.540262667666775
-0.214371757250889	0.370479432335144
0.0959022595161721	0.108424624775308
-0.010164765584732	0.0130049278768612
-0.158058697071897	0.249452008664431
-0.481636058847199	0.320666337433663
1.04473918963593	0.876236746332348
0.487326135664043	0.94778348947332
1.15294372486551	1.02630660227868
-1.01355755616827	0.567746658029907
-1.02364454642641	0.621762821243674
-0.833638605354139	0.356187593571722
-0.272546477814185	0.564453703635061
-0.206581048186236	0.353207359667858
-0.11861717808126	0.158229909023519
-0.350018176925706	0.80269569298027
0.208286182816848	0.422606423912618
-0.384683140275323	0.906427467776098
-0.719607190251859	1.93149519262967
-0.60784032727517	1.3216286063798
-0.218461613827394	0.348515303449409
-0.389820615631241	0.922459326562764
-0.237486731388097	0.48151752929062
-0.0433181424126007	0.0397396825503074
0.473476658813142	0.692346836792835
-0.132849837300697	0.209936534875817
-0.388086914802894	0.984590189348724
0.200076305552864	0.400675021364842
-0.304956502850834	0.306060960426758
-0.359026865306603	0.271742731955881
-0.212851803311612	0.119058140730076
-0.0122818221364579	0.00732885586031918
-0.45816755625541	0.36173405845033
-0.251286009541275	0.415242847241289
0.235709250613317	0.452208577088648
-0.324648425047991	0.378910741406472
-0.211078667419711	0.329710783845339
-0.363574175987425	0.69025720499144
-0.361501129568523	0.806250145676247
-0.0982148387914616	0.154066391723427
-0.051181063375547	0.0724676557374923
-0.116461212244639	0.180573910078809
0.334211884731032	0.463258018733498
-0.306338776029225	0.549485341769043
0.0175946639603474	0.0229956569971731
-0.0578844149903461	0.0305102546848542
0.0774946642576945	0.0295509163780564
-0.791134164215599	1.19889607880181
-0.856219188360156	0.751544781625552
-0.469302869451138	0.272248412776943
-1.04868376610955	0.554180702760555
-0.0298835838180483	0.0438300223526364
-0.328098715941296	0.628409066499237
0.310868939675156	0.537158740053547
0.064413217185816	0.0973014545125933
-0.287142397824566	0.671524847812603
-0.0590270946542055	0.0876282057748327
-0.378719245537265	0.80676584949188
0.0942867765997668	0.108442318062276
-0.224284744565318	0.330004568172006
0.0469471448098669	0.0703484804441447
-0.0363752445375064	0.0544905502216647
0.428591541508214	0.707735592877774
-0.347874075151504	0.478659273707291
0.0194883443706802	0.0262147150582703
-0.0879848897413059	0.136771116457054
0.0313848345684425	0.0439203279674508
0.0477768932882718	0.0427831333271027
-0.233151746663072	0.41593352956546
-0.113703744059641	0.162216034760816
-0.235383262670692	0.443267647791073
-0.236920420647409	0.324618391935236
-0.250398649418992	0.426009953913613
-0.215947991989692	0.36361573637279
0.117102301388403	0.162822295968393
0.506075692562196	0.826315261573039
-0.151183796750096	0.216824327935955
-0.0890212527661811	0.118946885998869
-0.270194776021689	0.148855705236544
-0.214441539957377	0.302845676934253
-0.311635688332373	0.162803243926388
-0.105350896636347	0.0508868715363522
-0.404308440438883	0.313496249829783
-0.0702386781182854	0.0612822798662821
-0.160130614178907	0.160929444748193
0.19183967206636	0.189832890281394
0.448048743272778	0.363329107441051
-0.216270587544496	0.12433559917527
0.137536021335301	0.0980619632395467
-0.389833810658399	0.407052323331101
-0.417950911284582	0.612131482314085
-0.946175664752814	2.44107013822633
-0.00989812479238741	0.00824673090793839
0.160588291161419	0.185562184606161
0.0417495211852718	0.0629601297372752
-0.0038095974583574	0.0052247447808795
0.225569794121211	0.311096518308205
0.276895931679201	0.3482249597309
-0.372950410325608	0.553440779367953
0.225439626135671	0.364174147621287
0.0590117601919356	0.0725503490310913
-0.228494962784799	0.297953696732016
-0.000859731968115601	0.000939094306743091
-0.0517538987105963	0.0560121863235815
-0.320865135296518	0.590620854496023
-0.281938503454931	0.466557048462616
-0.269399986311104	0.481461861033149
-0.148517302885611	0.138002651265012
-0.129483181142177	0.106729252827335
0.295250143438159	0.331255533011982
0.0291349571884956	0.0275504917721794
-0.57397102809463	0.983738926944616
-0.84177805309096	0.982714114122406
-0.401960729576239	0.32406762161293
0.110069179931637	0.0688478489388822
0.219770293317744	0.163222398705487
-0.357465467760229	0.293163731034041
0.212375182209852	0.226540240787977
-0.22204839630545	0.174375738574637
0.249414935808508	0.137778547363178
0.948415811810472	0.837977741827946
-1.07381468252957	1.73987033525349
-0.413183877364086	0.447752484659374
-0.800444036894541	1.39988677931356
0.344352469169036	0.347526314114035
0.126544409289947	0.129047882802634
-0.120147286936699	0.192989196236788
-0.0613245590824703	0.0897041130443153
0.188951442061292	0.256947269139137
0.555996977954157	0.71783291750668
-0.39033022882983	0.552676957752833
-0.0715561122404827	0.104683019342773
-0.138287375289141	0.18301939490487
-0.468500659051709	0.660784533623766
-0.609341393969553	1.08135026258254
0.219652146060213	0.330441583535461
-0.186527937423901	0.22769203724753
0.0618936978990987	0.0742217528734079
-0.124614685536271	0.167222852100929
-0.0878611414837137	0.12009231645326
-0.295480032081666	0.573149290224467
-0.100386613703881	0.078415895182325
0.22309123406609	0.153198568544169
-0.370428660272928	0.466844785056857
-0.0877995997630587	0.0849124144304433
0.481469144600953	0.663790508204322
-0.103583394889662	0.12199818718715
-0.1897478694864	0.276328301023392
-0.302193911942856	0.461656925540782
0.225361448716487	0.249507306820861
-0.802953255002966	0.90164572443631
0.143113903991255	0.10788541712081
0.0956845360110976	0.088760956330715
-0.773691063000879	0.912840091591579
0.344232875579851	0.35529300064877
-0.0461801915638279	0.0325036100624898
0.339351337461026	0.251351290459942
-0.544045704437459	0.474870351363561
-0.710748292845297	0.979287224478266
-1.09819643622642	2.22318201524453
-0.216654401278984	0.299276565947556
-0.0330280044115761	0.0300703519229528
-0.201692523498387	0.219524109917819
-0.376681864375792	0.920298599186881
-0.0953271784383236	0.134854224269948
-0.0190385950737462	0.021074864120421
-0.8235761579907	1.61354387256719
-0.222298866843751	0.284935313464808
0.149523062186496	0.248246953843923
-0.0350428034488844	0.0386775076814183
-0.212827208454398	0.246394648743562
0.348372229379611	0.41388869189842
-0.125913220982692	0.16612521842108
0.242318327516582	0.319933228293772
-0.151447690804312	0.201009887801665
-0.351885484613616	0.621344074115074
-0.357898668281824	0.669896854783945
-0.255237944774414	0.294133792810055
-0.442888781570135	0.424971257131171
-0.344897123624366	0.45365591204941
-0.0362014036443786	0.0397004282180333
-0.317674399563062	0.462057035696542
-0.298859903959906	0.388946716269369
-0.352969508542164	0.647807517981254
0.037941140925141	0.0501332564123319
-0.260434348211299	0.43585909367982
-0.184603568099275	0.267091027958298
-0.252150185141076	0.389109529670897
0.0466541958692616	0.0527468011095711
-0.0822540249467298	0.0936251717414188
-0.239500287686021	0.324063460120028
-0.217894768607842	0.289515917180213
0.208753449925728	0.251412280983609
-0.0910297325492559	0.0885430869280575
-0.194424581753431	0.281807712705868
-0.255602362947957	0.380420374203828
0.0860541341088767	0.1044275008159
-0.456878798403876	0.968124305599003
-0.157311325141935	0.239363815871507
0.214411564493101	0.357021398828723
-0.158776061965222	0.264403968933754
0.171378847375432	0.308897782331949
-0.182320609023486	0.320953632043749
-0.0121409020166232	0.0172147740886375
-0.197246905368865	0.189560484863774
-0.34660359894166	0.5536412330878
0.173367359120254	0.266546217613343
-0.352650343097869	0.648851681864254
0.0103600706438293	0.0121788368550644
-0.0212192532555794	0.0278157765407514
-0.0549167493103117	0.0724573564734253
-0.663108452530174	1.26233819557098
-0.0192080838612633	0.0245693664442881
-0.121721902591445	0.175214386157337
-0.225753393208115	0.388036281748763
-0.387539067295441	0.452381587584353
-0.152842046547487	0.210195285126258
-0.228819459795602	0.376257535475224
-0.248028570189	0.271397405262806
-0.546265017474828	0.678115062946311
-1.20904871989991	1.72573502813868
-0.277372679181806	0.313117393345371
-0.0104909494482885	0.00894804230826159
-0.169779927585407	0.169969000657739
-0.320776412153671	0.34502112352145
-0.256746645780116	0.238233234959535
-0.058723779092034	0.0469856106216992
-0.354452520423239	0.463322214266984
-0.219654851046439	0.266968018196457
-0.0966406292215987	0.113526498126496
-0.00924078230605591	0.00943850129126843
-0.071081785975801	0.0831888909943696
-0.304985614402486	0.550582230634064
-0.158902734942845	0.20965968109566
-0.336797891462975	0.565307026851172
-0.730471422278797	1.45064474120997
0.0105489290620728	0.0112482665157798
-0.075037685961479	0.0845152818434043
-0.725501810937279	1.48446058742545
-0.114490228086022	0.141362238645747
-0.274495873875358	0.38590402151262
-0.54355508605672	1.006045848609
-0.240836228319073	0.336890741355819
-0.163078377182596	0.240372084829774
0.338037677824094	0.593585778361425
-0.153246695275871	0.170992606690563
0.206904156582069	0.170926433680174
1.12488687152939	1.56863238686006
0.0672692768102799	0.0625888442628128
-0.209880510329965	0.2125713772075
0.369131476462272	0.42718270747577
-0.840568929506388	1.10256231713789
-0.558646249144165	0.519996980901257
0.068297043740957	0.0533513021069918
-0.707650296429242	1.20800061622883
0.0569554740380628	0.0595178176948648
-0.520355622641222	1.03156627599733
-0.213853699389293	0.248897836881916
-0.0111332300831511	0.014640849940336
-0.285580350934299	0.545233882247454
-0.0248502112231832	0.03218541677019
-0.368426771463487	0.547962572857213
0.39127582883846	0.595486636014301
0.537247832803162	0.895857760590526
-0.175230798870909	0.258499853456617
-0.682444576029057	1.2944311255987
-0.292835338184102	0.4267207750141
0.00593863762332381	0.00672465957394437
-0.391335130626819	0.489338388595002
-0.189904771744827	0.182321412609047
-0.00419523570125053	0.00488846949553635
0.132274094545161	0.215965164202944
-0.113492945491274	0.16769652750659
-0.518929936363694	1.01079891269245
-0.607941446049955	1.5771901332102
-0.39307512996403	0.685859785490602
0.587674495494004	1.14931812573183
-0.403973709322824	0.610141265885354
0.0653323865779187	0.0704834645181063
0.0602435044514966	0.0701214501996053
0.0899473484179042	0.0961858530908407
-0.233810716296268	0.332525331206534
-0.492419902773276	0.841701446645909
-0.103947552274245	0.177150912250678
-0.382526883711068	0.716804090572787
-0.17069222643995	0.245402058071358
-0.371172070244949	0.737494007509283
-0.474111451542133	0.849551465757331
-0.261141812687103	0.222744842932381
-0.297876660018153	0.366406274244647
-0.318496546799421	0.57701806867716
-0.323454622424371	0.490380712373839
0.25528125365673	0.309763010683805
0.644561862697466	0.84005342838832
0.224065429652956	0.203256510439737
0.0925114852911966	0.0854378170145421
0.0353668496578829	0.0311551247234385
0.201069248543332	0.20294735419475
-0.116799743768713	0.0848583536171047
0.13975388429268	0.11691843918561
-0.46792019223916	0.655669129548281
-0.625790861195118	0.99347205256032
0.0116672098027665	0.0126937211314585
-0.546971778522462	0.867526040747116
0.14561547050428	0.13319359492386
0.418592946060707	0.566590286490829
-0.832671354911216	1.62320447260541
-0.408497870230977	0.602786400322125
-0.168813802557195	0.174667320039351
-0.390332434146148	0.374343437004223
-0.426898135614206	0.556815292116321
-0.382861170389375	0.453780389464509
-0.960902372962624	0.871362370799721
-0.641502664894349	0.884726094188726
-0.450946224504667	0.608844542081573
-0.392471731959035	0.432774623378668
0.583911701075491	0.563447179038185
0.885049157271825	0.568531082319275
2.06069530394063	1.3633309507451
0.0857541301293191	0.0364500446146383
-0.315750636312705	0.208990655794615
-0.316244117770845	0.163855397379397
-0.369795908017732	0.389793275776116
-0.321398971485733	0.269708398330684
-0.605464672205256	0.520305451484532
-0.641172490034484	0.640384259373764
1.80008414487088	1.83532122627266
-0.160228051617447	0.10235896245896
-0.16643032446372	0.123646694427655
-0.207202968475768	0.183884425546376
-0.632876431573656	0.841301929279909
-0.564904444984464	0.407409470440251
-0.667594315517712	0.479416472829949
-0.322977894773388	0.486900516667776
-0.792690327468869	1.1699964671416
-0.417955196655469	0.600358090019182
0.212239166394162	0.203693247606652
0.350857519690477	0.252503352014609
0.61969349518832	0.276683480236803
-0.21671981219559	0.0827381630631181
-0.206099290919824	0.11811596346729
-0.638446490195224	0.631300812637298
-0.0721191104725634	0.0485407071112454
-0.0683144154695331	0.0477487155562443
-0.279335148527729	0.214740905901496
-0.637024793452419	0.778539140148409
-0.291788341693407	0.319656295053203
-0.517962685333698	0.581005651140497
-0.347343691410258	0.32187912885253
0.0963019849041979	0.0550926024122532
-0.473530680066968	0.338006076230638
-0.346422737805178	0.220510271335107
-1.28947410543096	1.45689596193085
-0.470503340750403	0.490763081961261
-1.90142672469999	1.67540377843379
-0.30855802892871	0.331714140893816
-0.500714116439262	0.688765698728836
-0.449552452202653	0.524813835454693
-0.611527188372021	0.526107228499194
0.0862280084411309	0.0323337477934846
0.876935037561818	0.551642776864623
-0.877741832057894	0.660338687276001
-0.454691254257694	0.367153216560067
0.396866297663542	0.35753595042097
-0.762916109071225	0.605816433024543
-0.724747730142912	0.817504536427908
-0.15602744017947	0.132269182474013
-0.130387991240231	0.0857107827447842
-0.245898676687516	0.218043436172873
-0.13660074798652	0.125561263720039
-0.62759444508373	0.859264382049279
0.426389602736837	0.495966621669039
1.15552306996479	1.0634360256172
0.437493287628855	0.256982721514195
-0.123449614286471	0.0548513820027766
0.816909283039623	0.885891350350593
-0.496341534997829	0.508676416026709
-1.90503407167064	1.18658854435356
-0.267080535240967	0.271789925761114
-0.364370407376953	0.430623782919912
-1.42893012717298	1.14604572732217
-0.778020481168403	0.276250645890559
-0.355222263494761	0.224662582544749
-0.146777169685353	0.149930459367602
0.775782719224455	0.756191111087784
0.522580094347323	0.477410787038985
0.448826668303925	0.367195775830332
-0.400509924375247	0.358637458438119
-0.364689352016438	0.305560279282584
0.0374238093792659	0.0262589879524996
-0.580000351867998	0.567149642315021
-0.597550134237146	0.713422293177031
0.00382253577447305	0.00337401157466119
0.0186862250950289	0.0140804985127761
-0.639487713771179	0.616958068406037
-0.586663064696271	0.447637946862042
-0.664299800652853	0.711926106515763
-0.84808697027713	0.866148273620762
-1.02265020377081	1.09342941898935
-0.581375438006868	0.448271043223683
-1.30889825795398	0.968658204855128
-1.0886396171166	0.965846650335385
-0.363588564751815	0.462003364894064
-0.294271347551291	0.337402968002474
0.0027040727804818	0.00278262477126937
-0.644301434983168	0.639028717965624
-0.167961283072831	0.135392717718803
0.344608310054471	0.331218484377123
-0.0374889726263093	0.0308815105580717
-0.20666847567988	0.198338032444409
0.130110571492327	0.104486212190964
-0.36918438064867	0.354375015336489
-0.263309732383297	0.323378409785172
0.10046679973957	0.094362306423956
0.0962278496731004	0.0910232826678087
-0.784288434493938	0.993911338633616
-0.401440393320891	0.553733995421712
-1.08980683397491	1.18710276725472
1.03540695410295	1.21710564218078
0.217639650059087	0.172097186509578
-0.582597602401668	0.664717282149533
-0.788962516031342	0.983001172621826
0.123304615005147	0.089398388237588
-0.17305532731034	0.174399735281755
-0.762579101809112	1.21785386190706
-0.127554526263575	0.118960959999106
0.212373773879844	0.219337176970891
-0.337594359412073	0.552148874320632
-0.604033236597781	1.06028633659696
-0.504634557340161	0.578882310009922
-0.431285792017592	0.453764109540384
0.266632031719953	0.283434916057769
-0.0405083478556489	0.0329255421050289
0.969369581438496	1.6033968068453
-0.220969866955325	0.213791583645946
-0.224475492776536	0.242670670685454
0.403398143733088	0.533906114165048
-0.317505982041141	0.382363854330308
-0.415248486150798	0.536523895507386
-0.356039529207764	0.555753479130753
0.621811087487468	1.89223216930648
0.0934429061161115	0.081010394526592
-0.0755304650427643	0.0868453601363816
0.128859656590855	0.153454327618007
-0.584570619542395	0.920532633394816
0.142461293139967	0.152853183961927
0.111223531073293	0.170115492702376
0.0160681601762532	0.0212424096064684
-0.185470681773231	0.345934588278984
0.52243829499689	1.08068336044081
-0.0936844997098061	0.132977765314123
-0.219461939929638	0.390836099794214
-0.193092942266283	0.303805402593828
0.579487220303134	1.09185851783175
-0.598145871084144	0.721203463813804
-0.445961893704284	0.569642212896713
-0.3891813862666	0.499387632275032
0.168004057075447	0.228943793275025
-0.288822800006731	0.648724570255904
-0.0500049387887834	0.0620714682123225
-0.37982053233755	0.547874172544446
-0.492564255470371	0.916332809103001
0.0192596768105207	0.0279529228880008
0.318541596359416	0.431402543177146
0.232851806877219	0.361729704591276
0.328323238694968	0.514401751497144
-0.135944818704432	0.178071008829912
-0.095721021820654	0.157077814105194
0.0780369446171572	0.101573449998872
-0.564102543870945	1.32445566441591
0.0665371839736691	0.095535184170653
-0.176900620898037	0.259828103362243
0.448272692280032	1.00201481118347
-0.297410969617415	0.548670024965926
0.0919482347030297	0.126313760679231
-0.161752230988943	0.227426379283657
-0.570748954057401	0.924587809607069
-0.597582519282991	0.987033472578624
-0.166252690579124	0.185385240122399
-0.0524731389452641	0.0554414935128131
0.312365088973543	0.450023124263956
0.152368044569686	0.198958645929371
-0.339184640625739	0.445896463065353
0.082915384717131	0.108089940045106
-0.133678254803754	0.152119679305832
0.277661583437238	0.363327284317093
0.0937910753424404	0.10810478019613
0.601569663416925	1.21023034978493
0.66612541431471	1.35758652057867
0.244685196743877	0.31489706089051
0.531279238512167	0.859931146361005
-0.0359682930076461	0.0304611784096525
-0.217051023225546	0.244243921604894
-0.013208212396594	0.0110695253622787
-0.080719581193626	0.0950707130135491
0.0938668932928967	0.104668605051159
-0.122114152487973	0.146981759432216
-0.0924596438068539	0.100729351040372
-0.0116325327371257	0.00977336692326777
0.584915447668165	0.668834131703371
-0.701634524778387	1.08707031861707
-0.0253983489661414	0.0254222292610952
-0.00643068390403356	0.00603251200827741
0.823320734896421	1.20964183374458
0.0166314454413069	0.0175743345702102
-0.0770558515181181	0.0822507842323291
-0.263811465666654	0.321193194335883
-0.323976293736937	0.42830789051803
-0.835699069147576	1.06830638773743
-0.23774937670697	0.299366945295972
-0.3416994980694	0.428277741427688
0.129615381284243	0.155331406885281
0.012161855974919	0.0130312214981394
0.0114877143696415	0.0113372684342173
-0.76982680671261	1.43994322089123
0.14204653126039	0.185861305875262
0.0921167077327509	0.0981080519125263
-0.536467545494984	0.818982182709929
0.36266414110779	0.503004103727518
-0.415176435561135	0.508480455653616
0.0843159665883938	0.0879171826837777
0.143903195741478	0.152929878036958
-0.337389237298977	0.425354752651349
0.0970266500317621	0.090187418388593
-0.322499193312184	0.383672745243876
0.00635180087407146	0.00588736497812028
0.493148369153153	0.722997956343305
0.155020357104255	0.173297084798139
0.313844302077974	0.367287617457079
0.164115073293391	0.162562676107414
0.200404722682494	0.192422561463676
-0.295007239838979	0.3312802492615
-0.0183994042784391	0.0158347166213895
0.741108751857769	1.12995133950437
-0.115259817490107	0.123655163044695
0.181243703830157	0.208293169781412
0.122561444104054	0.136641933343691
0.0506035672098857	0.051817803445134
-0.251901557552036	0.263188666485227
-0.518886842757766	0.497524873133166
-0.867468032115206	1.37580585294561
-0.0386491139344396	0.0345821388990188
-0.561999971628453	0.81186168216941
-0.0930250940776135	0.0910972217821513
0.0162897836027828	0.0125314339730377
0.00689974800887551	0.00607717503889434
0.0834355750458659	0.0799098667184132
0.189583679073605	0.212256562252987
-0.0906381669226292	0.100131585639278
0.692591612850029	1.12402895066499
-0.464223326157731	0.671022704877856
-0.105243144752242	0.11253307894685
0.295977319677658	0.405705541159458
0.640990614922246	1.06041362031156
-0.302004864766071	0.257576434673414
0.207163569475469	0.240820083191455
-0.0325106921094503	0.0233987320521166
0.136374141589423	0.107279317311314
-0.183755710310317	0.151440226166453
-0.153984688420911	0.165333892694684
-0.334368762180036	0.396981141421279
0.217063271344975	0.246799617118016
-0.492158802624637	0.721996745635274
0.556634886162993	0.65789606203138
-0.644399579862485	0.641355597472329
-0.476288905604648	0.440105597281238
0.583052440489186	0.718674208308725
-0.117092871709124	0.101104433515649
0.717808523036476	0.94380160210815
0.328670334279499	0.361334662973963
-0.292555183712485	0.331292990126848
-0.230748445575418	0.261670405723067
-0.361435353239461	0.44377276098534
-0.217200687329139	0.174301524730403
-0.51626348808885	0.405842911898107
0.0844553391435712	0.0391708335895057
-0.449771181251975	0.40680410059187
-0.561588667798667	0.603080417640981
-0.196911922560644	0.151470790314941
-0.956935965979742	1.26250511337452
-0.862640301096091	0.872284266399202
-0.656336785327203	0.683543963041823
-1.22663861378537	1.66423363391856
0.00236732643828291	0.00195768629687023
-0.0652352304247077	0.0450473333377057
-0.243934741074306	0.191821512488007
-0.478152183479798	0.497479209234275
0.112625042991996	0.10842486079668
-0.0690652891462588	0.0620250807684364
-0.178342297098785	0.173378203500273
0.0477402582795566	0.0497329394950823
0.00596032915095182	0.00664667573752464
-0.452811884571915	0.855203184439629
0.13055016870607	0.184377347729074
0.324628031331887	0.483236041046975
-0.48962032912398	0.957747187391552
0.0551475124248268	0.0689365282317081
-0.157702040702981	0.202060549587372
-0.052533644098475	0.0706819582153053
-0.241398254059853	0.327688182701035
-0.0736218365727432	0.0864626685836491
-0.21389260065961	0.309175012907663
0.0512698659755369	0.0616521962996143
0.0402121704483541	0.0543265606476933
0.0162050022485838	0.0170677229365374
-0.213335881606067	0.286067903730612
0.261897126785348	0.448900764610926
-0.202421945990388	0.282096003092751
-0.15597577126859	0.179262918297099
-0.289956888418746	0.427099776152353
-0.308266602534895	0.506512309125724
0.221440457631786	0.314216811429403
0.384877234077879	0.588019209176032
0.489088804652559	0.955795582809784
-0.0224471153407347	0.0275876798729239
-0.19338334586159	0.278987838513033
0.70016894473487	1.33860947774354
-0.0213897731387807	0.0255062337521524
-0.00738924034632145	0.00876156161527014
-0.534248384064343	0.785169628872831
-0.701017534209403	0.947501721177174
-0.153596119835151	0.161651136480333
-0.271224394173028	0.391335365243576
-0.205681668995701	0.247724766631447
0.486143370873235	0.605801626708066
1.16052298358007	1.31271979970367
0.108421982715803	0.0642448904595555
0.114349948484282	0.0768406789543537
0.0273747887375307	0.0183627666633629
0.366325484238405	0.351096176353963
0.501445732928742	0.693936904058676
-0.215871383993372	0.287016048897887
-0.515050650736051	0.486297302312614
-0.305168579474868	0.259472571686245
-0.52473502423621	0.498671290561768
0.315408818043141	0.338125023275339
-0.0863246570113329	0.0842932930120062
-0.35206725120608	0.817486659196178
0.479928177818989	0.743645679014449
0.486356493884582	0.509784660387176
-0.354542805420642	0.486540823094032
-0.107007790045882	0.179175418776184
0.204932480367313	0.188428590265803
0.103059559140621	0.120445457338941
0.0170654368561867	0.0185573964960034
-0.284066914468743	0.358285388362698
-0.0407668902191264	0.0635660544012662
0.230746162206604	0.439233583099513
0.175595645537106	0.33867790408995
0.581476039724671	0.875222956867356
0.0757992559193232	0.0692001003047981
0.0956022724974458	0.118229154467239
-0.0378746425954235	0.0267035763415644
0.451482172890374	1.12647532782753
-0.424579342081715	0.986622014826383
0.255023678499553	0.565078578809148
0.104945136018777	0.125170771911131
0.375921132897285	0.757985780545589
0.043863680898123	0.0556091710040405
0.416652252711382	0.773951846653333
-0.0567802147690329	0.0570429386075089
-0.849067541173688	1.13241461393116
0.274585865518482	0.399159686635032
0.0232522544440763	0.030431037230492
-0.200417832980015	0.371310277509436
-0.255192776462878	0.52109502916243
-0.323559296359088	0.63843425483653
0.00675335920724913	0.00942834623267455
0.0771682196418272	0.11094433140187
0.525827745206077	0.862566151646112
-0.305220476759151	0.549092441648209
-0.231148220583916	0.405850681423408
0.208680884570744	0.294083030739789
-0.534567836538498	0.356773295083279
-0.150822812752725	0.0585028644976307
-0.831871965075539	0.385076204375683
0.910890674143745	0.687062557271811
0.947707180136582	0.84600268717397
0.0948159844820487	0.0499488346200248
-0.774772329190637	0.908169477425396
-0.871003889415706	3.75308513420827
-0.0460523116588712	0.077062261479262
0.00531182344705412	0.00387393463562945
-0.276476631550258	0.351992948076159
0.198739264366165	0.379061229623186
0.344147382939663	0.535754614837895
-0.53728399361081	0.615119466078019
0.454107249268616	0.646107575710617
0.0446791185592486	0.0703867988222093
0.164529529076542	0.161873289864836
-0.134825089101431	0.160934031355657
0.0997634945276953	0.114704259411348
-0.329034451304624	0.415783381562982
-0.247950217529234	0.478638582184909
-0.052027754781751	0.0749787547501112
0.0910671503752362	0.159133544084023
0.794419546435708	1.40945923446495
0.360160995589471	0.433900775806569
0.362415629303671	0.666231262199556
-0.0312036116318767	0.0261147411140225
-0.430763012395874	1.06251584412064
0.53834119027364	1.42413104349372
0.0380744178349164	0.0600828240770705
-0.382992600938601	0.598659076359881
0.195281884026852	0.339358946007256
0.10596959822972	0.152494782309838
0.267805797958856	0.41020069289836
0.377015102889553	0.504459225598807
-0.321801466398131	0.372551799838041
-0.436794385243609	0.561765655675126
0.377679806847087	0.725001764133801
-0.112307987561536	0.174574695658227
-0.242747440275103	0.450121807611108
0.23993642623388	0.39983808180308
0.140591197947294	0.249351306852784
0.551684023491022	1.25992561154059
0.507830805596525	0.782199049665581
0.236143928831925	0.401841817421773
0.049533193076028	0.0688539576490053
-0.690428995703655	0.653554419332013
0.135259779468185	0.15849064412187
-0.521609263565886	0.411969336232324
-0.613214832552587	0.519654996260206
0.874998202625796	0.804205649404065
1.94802502749385	2.60558783032322
-0.164705331505195	0.0641214339330311
-0.0225572417016636	0.0125462240517897
-0.64042517461748	0.717073347870113
-0.487970574366627	1.45544893493965
0.0261788903388981	0.0401342096756389
-0.127193475231245	0.132834882286351
-0.084677415774335	0.0855403084252579
-0.125705812213864	0.167203356490925
-0.26828172710553	0.39298457574626
0.0534574613099604	0.0629088306623153
0.296374828257621	0.502623830575901
0.194963350743306	0.265736078978747
-0.00118128411030207	0.00148067715158424
0.0170137880305039	0.0200337501173337
-0.636044365565865	1.36537054859328
-0.234797132435024	0.358303593821286
-0.811396893023935	1.67431144193181
0.0896333196661166	0.122846783268334
-0.00801828029493741	0.00885816824414518
0.137724664545235	0.164993855221394
-0.0261399431896472	0.0305706985949075
-0.409203658639419	0.704438727922671
0.184717900490509	0.256641875915752
0.196714863053996	0.307606369064031
0.232450611718131	0.357205677916177
-0.501581007228725	0.782002455985779
0.0425126262202787	0.0416771523710457
-0.837691536467118	2.02195395975736
0.0770121403324948	0.0950403935046767
-0.280837892871404	0.465931015508713
0.029327340686738	0.0335033398850943
-0.0892913618288949	0.118179080527764
-0.241058617466465	0.320550268120624
-0.121321906728881	0.161541204066511
-0.326131626619353	0.404091944853189
-0.399053500985636	0.636321959370739
-0.0777100567010178	0.0688034017090986
-0.49131589042139	0.537451611752484
-0.0217488907591666	0.0200415531898056
0.0311190167969039	0.0249344961801931
-0.176842668056106	0.195610774718525
-0.395572866603579	0.631170925387644
0.00686296572857996	0.0077914350358449
0.201063091842771	0.235245066924776
-0.0592142871056474	0.0629574960474571
0.343776139902546	0.394082628000474
-0.113076900517647	0.0973417507657559
0.83144978236857	1.0120636573264
-0.10597689096931	0.0811718362329656
0.212880826096987	0.175876415963146
-0.00134308610067278	0.00105231191731875
-0.150225606130191	0.155452488888841
-0.474634393490267	0.837182218587598
-0.548638941753779	0.876318820969709
-0.139696439838058	0.1462268407365
-0.262081060645998	0.389951036397016
-0.0771575413654366	0.0955759442595097
-0.034104972729516	0.0366334643815978
0.016220408408772	0.0182148382496683
-0.116895683632538	0.135240046856483
0.0663358948399455	0.0657876347934647
-0.200220386972509	0.25957180114877
0.0510330251605051	0.0619902354984592
-0.0860162712391016	0.102525491764208
-0.113378304909626	0.126871760170088
-0.368704221733442	0.576962391529558
0.213490903177991	0.293864964846424
-0.130404825384238	0.141036342572266
0.0513092024677202	0.0529794589676332
-0.385266273150528	0.510839303627005
0.123820402223924	0.139757972967506
0.014701896459884	0.0151427970715019
0.227603503521084	0.346336068895076
0.261055276446079	0.280545118667627
0.500052375470725	0.613720437027916
0.356246783197295	0.352003706575766
-0.0347698228510773	0.0317962397372829
-0.337885797057098	0.441504256486268
0.0548996826222019	0.0500124429259325
0.297742416358061	0.394270107228533
-0.123101496903902	0.156428571279085
-0.350621706177575	0.494008384610399
-0.414244634792108	0.605864731478309
-0.302074636145128	0.327710989593725
0.00676962460312086	0.00405383805050771
0.226053296873765	0.153294379546282
-0.0387710517123972	0.0224485192549071
-0.922725947751119	0.95772168635649
-0.0198886002184344	0.0170042050485818
-0.146313411225723	0.136013293405279
-0.418978757781954	0.519587710979941
0.203829238474995	0.189799069570088
0.19533517115567	0.186442721439784
-0.043436027703676	0.035941680786831
-0.367753066695458	0.308721280769216
-0.198860332083767	0.193742988655598
-0.106365831630598	0.0949673015776008
-0.348838138307946	0.439113688802022
-0.18157293330472	0.174739440580699
0.0900866018486876	0.0807486268630227
-0.159287337931191	0.144732539029727
-0.238695700902551	0.276331888092453
-0.186593010496195	0.132488918204047
-0.415033688362673	0.246947072518955
-0.486951902429022	0.711904081222537
-0.207869860725912	0.231367104189252
-0.405740724591172	0.250476137547222
-1.00888980893843	0.72768922406671
0.72482005291241	0.428015722207691
0.079778971990511	0.0359984029200544
-1.89939971813707	1.22690551030879
0.834899274863649	0.44951558752831
0.629559338531479	0.289069193339511
-1.04333652848961	0.550302875647422
0.109054653728321	0.0331112847711228
-1.03993981070255	0.544219450927041
-0.365212754296725	0.170054748916539
1.18148155275159	0.784050795654318
0.382698444520541	0.15549131738934
0.292576440026894	0.140133524368379
-1.04263467649248	0.535045338991779
0.138920339964302	0.0344276615792457
-1.08404344093369	0.44517049740521
0.380556019456798	0.154530039605557
0.136833251350974	0.0345715512867962
0.983113232900602	0.37056493466537
-1.04904163303554	0.555759314266047
-1.04333652848961	0.550302875647422
-1.66789741133199	1.22250681315253
0.0890579667362973	0.033974853528337
-1.74018239846793	1.0176099335172
-0.649767950105499	0.161285975344674
-0.643879934910744	0.162803684869529
-3.47120373928544	1.26404679883983
-1.86300749937276	0.790133673050189
-1.0404995266287	0.516568799012111
-1.16453750470596	0.363272673512163
-1.16453750470596	0.363272673512163
-2.12045587777505	1.01482625123681
0.0883089769389768	0.0304456122165727
0.103663272389684	0.0312517446792854
-0.265345390027158	0.144041143178595
-0.221128110511204	0.0807362101818636
-0.578758516342701	0.233299378172666
0.108753087782228	0.0330076065780737
-1.16962817192308	0.356875386553442
0.136149928119394	0.0351567872193512
0.155741895962713	0.0307347607790292
3.62214466542481	1.4280322022772
1.72491505711936	0.965379293232152
0.625373151166759	0.296052996581659
-1.16962817192308	0.356875386553442
-0.379718438417275	0.112039617275019
1.39413932366944	0.867903492335008
0.0758133887944891	0.0313309266039633
-0.58802733048966	0.238036217277905
-0.199378097380494	0.144060594692575
-0.440792846583098	0.397482250793946
0.393044022386044	0.348230089957608
0.132168711858562	0.105495979736485
0.529061591299723	0.485807646173208
-1.26930301165808	1.28328633878543
-0.774213172068212	0.755981237984518
-0.984494684458459	0.845888784393848
-0.251768906842289	0.198692048310897
0.123518843808267	0.0873750949371481
0.0917765062183044	0.0451268425627258
0.00941653618144964	0.00610189156454982
0.109379112681513	0.0708571830087086
-0.0776663432854714	0.0404360676038874
-0.363296295194605	0.298279202412281
-0.772140737879511	0.637016720753376
-0.0811911424218742	0.055667209088829
-0.151921137413425	0.0954393068324143
1.44708717396093	2.1230758298274
-0.538010151677185	0.361812517911556
-1.08733133670284	0.982823148020599
0.0811757749436068	0.0442709068906208
-0.766685562435021	0.736475464703502
0.534977814069236	0.479521194068529
-0.661564119925811	0.48918089908507
0.354161927766381	0.25280388126079
0.129639888969817	0.0898934799705282
-0.151817243185237	0.0970178701992037
-0.0356894607047245	0.0203596545467096
-0.413299932203336	0.247079046554165
-0.156343644646407	0.0994567547616103
-1.23309164426442	1.0461290660055
-0.586302086599845	0.230480563216941
-0.0405999598200093	0.0235641038792083
0.223163662122	0.141932405149151
0.230307264614366	0.149414132277948
0.0922848250712378	0.0317343977473862
-0.223981676947823	0.132595912558784
-0.874398925174784	0.580047947022363
-0.665856746243441	0.323288732192853
0.0880026853356448	0.0339522008133425
-0.37337687672647	0.178802164691777
0.623749369679057	0.197904329442775
0.380048390976527	0.151905822116921
-0.854185066177564	0.483281584901471
0.393333004991282	0.253517177752079
0.534497023605076	0.377521873880087
-1.41873557366718	1.16667581823452
-0.6395107032167	0.62259380260995
0.366289303211916	0.245535986298769
-0.958459374799029	0.900805808299882
-0.981650231480662	0.822891530531929
1.0326715406212	0.749006172591764
-1.00876220515379	0.733048222192478
-0.842303164944036	0.378683583843564
-0.123419269401666	0.0562204223713948
-0.311179557930133	0.15979008028113
-0.578066982272421	0.231583321799173
-1.55260763258996	0.570869293254599
-2.33526572258258	1.20335221488287
-0.674789632428174	0.341311741024271
-1.33317859395394	0.630781516003561
0.474230560026555	0.170263190359371
0.627151799075473	0.197765865607588
-1.04904163303554	0.555759314266047
-1.55531151259454	0.848788313759981
-0.588374362883891	0.237029586044192
0.325333672840483	0.142751071098879
-0.832570978680795	0.389830571128625
0.840746785991264	0.452251540116945
2.85404068454348	1.8209461327096
0.995554076560651	0.478949655930793
-1.16453750470596	0.363272673512163
1.79139525720363	0.673310688378305
0.375753079833198	0.149678560024963
0.109662775053552	0.0332182651584632
0.382698444520541	0.15549131738934
1.97041767059222	0.506347272427521
-0.383639697125327	0.115605960560422
0.136149928119394	0.0351567872193512
-0.649198572750746	0.160589550786309
0.475544042728308	0.174341861986265
-0.380367594676954	0.112271073947858
0.621040921410795	0.290813070958169
-0.847821621682046	0.46739704710959
-0.284708249377826	0.0927506835994617
0.0792719420965327	0.0299048798336915
0.0896537980653765	0.0307427553147153
0.0933198535626446	0.0319192197438943
0.140006786138873	0.0346674416600826
0.0873688589711267	0.0298482305140485
-3.0899100396852	0.971451680411881
-0.457992331577197	0.201941300488293
0.0792438793206834	0.0304497751457417
0.759787340207884	0.321078859102827
0.0827660722111575	0.0345962631819107
0.98934828530534	0.37488411380459
0.628052171464467	0.195032713326623
-0.46498986963546	0.198990635385496
-3.09491841602961	0.989728937617924
-0.0803897231516787	0.0946774264637557
-0.110681037504731	0.120238370580973
-0.148317780165713	0.181580477382502
0.242761239776725	0.341692798432714
0.400650879018903	0.514105696761962
-0.304183174748577	0.442552499762796
-0.383333731562321	0.594433269651475
0.108864278773494	0.121618795472146
-0.686043270437606	1.0928257993351
-0.333235134236641	0.439917376988398
-0.127143557921504	0.118878881632066
0.224469933891974	0.193614512479739
0.0570078241558359	0.0422004641792126
0.396082260964353	0.412756875366199
-0.118020333046108	0.120358484028689
0.0609281882155132	0.0575499090947825
-0.49648712641419	0.62425477717672
0.125514007667819	0.132828379543706
-0.0541018469903931	0.0527815247195675
0.217978640860226	0.227494319516825
-0.615228872209793	0.647939535234777
-0.452607413127232	0.360336072148428
-0.566059691991333	0.520016949715236
-0.249944238768827	0.219012702585658
-0.420938061499935	0.462883201676642
0.215030811153512	0.17555192023503
0.775629619911787	0.755329743129411
1.00902120731476	1.09922676650575
0.387842302239154	0.238467029681433
-0.408709907444679	0.247420769111905
0.127366306496653	0.0963933025166452
0.0444756824686212	0.0319448039102721
-0.726063566461584	0.843786389637515
0.00886213642818506	0.00748707417418436
-0.0859487662315083	0.0687456367469893
-0.394035247216498	0.471976567608235
-0.432373029407193	0.514461997675516
-0.515291846348172	0.5884629583209
0.639898441321991	0.76622065741846
-0.772822329426099	0.759973090295275
-0.127979625425326	0.0982742831236476
0.330195452253884	0.355408878666175
-0.220867439447463	0.244737232568163
0.664529056517226	0.71311654694529
0.705553307461932	0.811253464647475
-0.676510968670128	0.582141884165286
0.2199337273241	0.191258264684955
-0.428258434013141	0.401144722324377
-0.217422285661578	0.196081053714257
-0.443243661024507	0.534892597037558
0.0554162426481901	0.051565741749309
-0.45498515521322	0.561906574616268
-0.0265062143561981	0.0251939463730288
-0.320094312218243	0.419486439184872
0.158774780503538	0.16172918693222
-0.384627349104538	0.530799787553264
-0.110607408192978	0.106491580628187
-0.0755740095216188	0.0793572162691172
-0.593829787689366	0.822068805601815
-0.584491768389361	0.652617242808766
-0.0821024011344724	0.0735875881047445
-0.105201924968329	0.0926144380607044
-0.0295809139237999	0.0209297473256963
0.132062836188271	0.0958068137966573
0.124311033466223	0.0933005192713768
-0.411336596547058	0.416008817378877
0.4637265183668	0.524871514680808
0.576157605336562	0.736639728645788
-0.439408629191903	0.408140084589142
-0.48642594172492	0.631789478498469
-0.0424944204403896	0.0351513291258095
0.598430052596563	0.943135327225851
-0.8429799014304	0.841002879746894
-0.070654986160915	0.0357405373146982
-0.192521279816948	0.116690687257534
0.207956483348428	0.160703819666331
0.207365472596522	0.167674146893029
-0.171169176725823	0.124894704004412
0.21439367775717	0.157857136926349
1.15011675070544	0.857105406894917
-0.198790164730456	0.138789479333701
0.636940710866382	0.403553936302001
-0.074480729564626	0.0590029696637564
0.616121895198657	0.590062569586003
-0.273882717783395	0.211691418529102
-0.0623400462123866	0.0502840376609007
-0.143219036168876	0.107198490224407
0.0525912757422695	0.0391206165756916
0.381466992349127	0.348727686474178
0.331761308003542	0.260334126869672
0.0947881507368763	0.0574791295535929
0.773483338071051	0.769243183747847
-1.27941630517045	1.49947202746376
-0.0600068413713011	0.0416434254843481
-0.428264988981576	0.406803049689689
0.849252764758258	1.01129290783763
0.0816563678407421	0.0683072855081066
0.267325743726111	0.258430812767429
-0.518365441036992	0.551214606128122
-0.467162594671626	0.489663484677234
-0.614868883559627	0.764312242047505
-0.384194821761771	0.384987584419128
-0.665422465479216	0.752530620048837
-0.944218001741218	0.942114741338994
-0.245825049754209	0.342191405055383
-0.411708352462334	0.680787985012381
0.0675161195337566	0.0926503680644996
0.0105971756270033	0.0128224272716688
0.587911679330423	1.55471656653774
0.141300204003292	0.209959862585444
0.0703937983619729	0.0947238249846618
-0.130822533258726	0.189603195296252
-0.0414285638143301	0.0581933270804006
-0.472956051676323	1.06739401981602
-0.262164835494912	0.38976888338911
-0.22223228489902	0.365854365688499
-0.378500320760696	0.721700934745564
-0.238131677399774	0.383506854192914
-0.149084520374166	0.249002512362687
-0.346082554442707	0.628543784234852
-0.0211781930849952	0.0249200490657634
-0.0788363631632118	0.101845047452615
0.0258253047374762	0.0356841688971265
-0.348734661921578	0.69807876814038
-0.28858036994571	0.473401697145525
0.451090082237766	0.931406471531964
-0.173706536863457	0.278916318037376
0.0695047868261962	0.0941500479971596
0.0664037792130021	0.0873035278027267
-0.0672537669296841	0.0850842128084655
0.216926112663542	0.280768591652623
-0.10488400270063	0.124536919120402
0.241970433710211	0.350187950815441
0.00147388657029574	0.00174824721137362
-0.247388609638294	0.421905816697498
0.073630962299363	0.0828236738314306
-0.0709371061567079	0.0687381991697686
0.70843241155078	1.23678224582271
-0.162231336427279	0.163084780136281
0.46487135359159	0.745824231348403
-0.897663356376095	2.31562555554398
-0.218450422767706	0.318320931638266
-0.57632479326737	0.802301688711847
-0.00559796593429907	0.00552806744525347
-0.493583788751066	0.543142224220842
-0.0682158606549244	0.0611290687644428
-0.434798152034477	0.441066783821839
-0.42696361888051	0.403114439080454
0.0521330141825128	0.0360536604679537
-0.0166925376278552	0.0131713982273754
0.102251877997605	0.118116583239315
-0.533982429372597	0.937469927579694
-0.251781170446436	0.357025148631862
0.0186529474231096	0.0195715380307102
-0.142565008316966	0.192277852308237
-0.319494989444407	0.581369651701537
-0.550005490580028	1.06904240933942
-0.142930380559213	0.171260306533485
-0.305442466335449	0.422423039282773
-0.996765740077145	1.94931745571673
-0.35129031545625	0.486017158220221
-0.109617553520171	0.120484623372895
-0.502229355134326	0.654282993353638
-0.163171293753835	0.192892464517787
0.030620219259369	0.0354607149277164
-0.136759827241242	0.221029093635324
0.0481175496451002	0.0625810253823928
-0.146709467859326	0.184757288319857
-0.103781374168297	0.150200822279913
-0.27539045563576	0.544277995094681
-0.256363148460212	0.387806880838438
-0.299608486323412	0.54934457506403
-0.23748470753884	0.353380354639408
-0.403991331722764	0.717837940449355
-0.0659971871634992	0.0936064401419444
-0.359262340092295	0.704246967300128
-0.254133060951582	0.460278654194413
0.19687523961513	0.367389260107161
-0.837669152423827	2.39156511524124
0.235350006815043	0.430091259635836
-0.15138297576281	0.269086514588655
-0.186187412011654	0.30288095320681
-0.251441698379133	0.427636041725269
0.368826760190421	0.600125644522805
-0.770227696404793	2.04744182770565
-0.38788762971683	0.755308757849524
0.0598432700619333	0.0814448491391287
-0.353852184612265	0.705410854039685
-0.183853665896731	0.29058537122404
-0.419719128421715	0.860830400971889
-0.0677963329644976	0.0847803060204522
0.250995209006019	0.385468868359466
0.447965540221892	0.759290494700004
0.209164511685871	0.32224056329065
0.453089226280618	0.872633436290319
0.141665246968384	0.191862573069365
0.56344016897573	1.15138560704539
-0.0857996676579937	0.101741815666371
-0.373739857412356	0.397662476397058
0.0709893256330512	0.0681919904758297
-0.743878153827531	0.921106486822014
-0.453907747991642	0.345138554814631
0.702593361049579	0.732688110966924
-0.624299966700056	0.40669664469202
1.70095405581014	1.91865151161917
-0.413589559816	0.457055634975965
-0.223629736769218	0.243970684291833
0.0812349186715705	0.099284261824881
-0.502899895899498	0.912719305957849
-0.373748283683612	0.631458914714592
-0.146674422057898	0.197924499673986
-0.222542866087651	0.351824171132354
-0.184487073644221	0.29002068396093
-0.644965633453546	1.478511521025
0.550477252944045	1.12666277092416
-0.254601123889008	0.328885453013886
0.0422022210484937	0.0360581644933993
-0.103012481371295	0.0883053374812358
-0.198980426043297	0.197168931153383
-0.769213357433384	1.31220337647693
-0.302751404420831	0.249912832688613
0.215640172475616	0.251562059964109
-0.396499301139565	0.966389064774756
0.148796002768655	0.127154867519898
-0.0265356357641579	0.0243273929722093
-0.274251213656502	0.557823026854385
0.0681717874369866	0.0537326763822153
-0.923694526261048	1.7662143353497
-0.545189010073032	0.901391231420883
-0.341687172482008	0.514150296455678
0.205961273679957	0.341250897083435
-0.429163082227962	1.06421141476759
-0.376266971359951	0.974238316000158
-0.180550540420427	0.252071847880067
-0.0133711294435221	0.0168561153394791
-0.589646060420143	1.68229794889189
-0.0476554796505714	0.0571404408125058
-0.322845344343979	0.461097204845805
-0.844049101707387	1.23450980435864
0.177920687212611	0.20557470413304
-0.229668917605403	0.410466209331323
-0.0516972820964486	0.0819944069775282
-0.306355368550054	0.574713169184485
-0.311161130544238	0.566302423587962
-0.0561855543299747	0.0644845505674019
-0.198127967971146	0.313954244022804
0.0866365367122906	0.118875215271435
0.291980508750349	0.563547863274314
0.0626799421501439	0.0927673531970451
0.140946448291037	0.202221805240641
-0.337403740585445	0.509533473357517
-0.405175412817172	0.78650455955242
-0.349099107356712	0.634201581949101
-0.0289207160194159	0.0289392607915024
-0.0426399292054873	0.0240991723699661
-1.53159285818855	1.37889347181221
-0.38219633481017	0.178152056011996
1.90138809152935	1.19347825055591
-0.155964970018855	0.0960001283818264
-0.850111302333676	0.858517876168872
-0.168986543504193	0.225372351187608
-0.399349952522025	0.664536187238138
-1.09479964593776	1.90364358293187
-0.312225694322867	0.568276062348001
-0.346066508924538	0.475701698797227
-0.226154440488117	0.41989691265388
-0.110456499024982	0.181052393450591
-0.122668122725561	0.131991707249996
-0.14014073253672	0.118875933318065
0.55771555787201	0.496494131261564
-0.545342372772519	0.444747982360063
-1.19550769734988	1.27820109864572
-0.262064985990538	0.275288467170417
0.142160014755951	0.227278383416364
-0.269685251528928	0.245898971672151
0.038660091836642	0.0488048324745119
0.0273984619288837	0.019037299381382
-0.406915795703324	0.450754414160947
-0.530666164019424	0.526177876249308
-0.437717644620465	0.923787932009426
-0.907310596038592	1.0596015344553
-0.36181492570689	0.682690517179984
-0.0639389872651065	0.0905754493486572
-0.0457998617082307	0.0673998099865516
-0.224421003460548	0.260158683472742
0.238204780644033	0.389353791413091
0.0448625360307852	0.0563638668506089
-0.268316626380279	0.39006090988267
0.58115807692581	0.717711832614949
0.918784156604639	1.30054602426964
-0.118646950476545	0.112056044479365
-0.198415220157412	0.290593702342828
0.335931711191468	0.774124314556427
-0.344778380837981	0.656126427286933
-0.441946556828989	0.936352440065011
0.386994808201051	0.599200090051125
0.567114644656394	1.10713692076994
-0.134321396801839	0.219788519849771
-0.580637388249526	1.62020341988508
0.055844769528611	0.085372706257352
-0.251393512095496	0.415238157560305
-0.166608669839983	0.190345955403216
-0.842183060287767	2.10668249303909
-0.0842729862143309	0.112867453740006
-0.155336433955579	0.164107886121212
0.0843915457865271	0.0288715102667809
-0.276634992473252	0.0950034649741594
0.103438877105316	0.0657470877260285
-0.768928905430163	1.82692330087179
-0.422368777839688	0.766472402621929
0.131964281761717	0.0962020273900927
0.0953856877642411	0.110030186018321
0.193392115940619	0.187759477822875
-0.11196805984445	0.174219936291681
-0.211986227589174	0.452037171083202
-0.31814697828758	0.316558128683594
-0.0510307539622	0.0363019442695627
0.648172884190451	0.501607590721891
1.18718982772325	0.773432248779739
-0.137779132281054	0.0591347159837716
-1.73120171013208	1.7152905472409
-0.491249521924911	0.539176055631683
-0.418586021470628	0.250594210029859
-0.475453355533557	0.460353196812791
-0.412818371303496	0.254638320187842
0.389726920501139	0.353562176286818
-0.37563112921418	0.726853813142958
-0.0813742577315102	0.0647794304027848
-0.215937372173533	0.378596617995307
-0.175362781086194	0.331390834682752
-0.504491259111126	0.859377136193036
0.4479272091082	0.989635576632082
-0.13861410215249	0.21090900040249
0.550247259908021	1.02409862422909
0.223124135892343	0.165413279864653
0.225217839023849	0.17430353183426
-0.0171767770813006	0.0126912598992348
-0.217781541322679	0.308572019374239
-0.313590455107277	0.719855600391717
0.190358405346212	0.330158404824676
-0.702915886147291	1.66304986404643
0.493768402139996	0.927775543496927
-0.0856775288883593	0.106407940593439
-0.401956409295302	0.936470867469698
-0.267728774350145	0.559007408892656
0.225964912900201	0.422222596219707
-0.211975911692495	0.349370084997631
0.0101907259568026	0.00872788665500436
-0.250927015520947	0.437584870784759
-0.486696713224757	0.963034267517417
0.0843714656636361	0.0446374264817735
-0.0592019621874228	0.0329881812945181
0.0700464696332019	0.0868280268567871
-0.177818351438053	0.237191371954793
0.0247983148366386	0.016510787640386
0.186615081347752	0.26225339054825
0.437109436143793	0.524507064102077
-0.361575791922987	0.903728775562502
-0.293989580238	0.708534649855786
0.495105978715512	0.534758057330315
0.696610984800558	0.737229368861061
-0.0991393734202047	0.0485086330523274
0.728639054958461	0.423402597857627
0.0707000304967493	0.0367872684616677
0.544030368178758	0.370579985742748
-0.213657779925081	0.210729585909073
-0.358402391390498	0.231438328688962
-0.394503533138015	0.342504827854188
0.0748654102313446	0.0592072968207536
-0.432763652302333	0.48249475724725
-0.339080506330645	0.645906442083669
-0.360830151684554	0.762353326718378
-0.319995279296941	0.411283762460211
-0.223598015448507	0.212121039253923
-0.140901563081409	0.236949328599367
-0.114318894491372	0.187152284856836
0.0438749142120423	0.0535096135651219
-0.169254712969353	0.259272976902732
-0.354450259725558	0.751950536756481
-0.485236872288775	1.08386981578072
-0.46834928442893	0.738162388587197
-0.0318106592560876	0.02308241794396
-0.0986700339218835	0.109917060688608
0.0586137563770111	0.0788778043707377
-0.128036166766037	0.220990925929854
-0.359230735068149	0.798801691968776
-0.898658682862481	2.61856207575315
0.00489143164965716	0.00566859816386222
-0.501074686100887	1.04446971552129
-0.323024365990319	0.721880165589374
-0.446332135971417	1.04976487874885
-0.112438805594276	0.185061338439313
0.196718005211649	0.328800151052741
-0.397659806639716	0.617569373810092
-0.0582146294222002	0.0763674710952369
0.112495822124419	0.136789936206425
-0.0924874694088111	0.0440113437934928
0.0833865490004875	0.0417492262131831
-1.28273187998299	1.64634122546668
-0.25677241027018	0.137541854358551
-0.556631905902251	0.300994230819094
-0.874865106510903	0.570581909174883
-0.455301758449214	0.201470073381461
-0.691898458239117	0.605737010100857
-0.0473628371826099	0.0589357766832855
-0.0543853575356774	0.0607105940287934
0.721170941232538	1.0442651313701
-0.215852581201246	0.360438222852726
-0.0104531598255063	0.00963486138512417
-0.249115336256577	0.461758881881366
-0.0586674756176117	0.0899706793766242
-0.216143701440074	0.227477255147474
0.30139743287857	0.272724700724899
-0.273394299303395	0.186142260716994
-0.226969597996783	0.133860145634277
-0.686877274007457	0.559357552600619
-0.437551494839466	0.418661741433737
0.0788422832400474	0.0797447905101465
-0.408610330679567	0.358468180246386
-0.56407648216145	0.669357744926787
-0.3635726084894	0.328122977460737
-0.558903974299093	0.599244266407287
-0.225466419250055	0.252520447839952
-0.594698786736462	0.970596592119372
-0.753694663453374	1.35667326909032
-0.296219781297687	0.518256130158298
-0.401412940097794	0.883283673482566
0.0821074264683351	0.131271385156001
-0.175524151615993	0.257615447636316
0.0617144823551647	0.0866528356931557
0.0865373204119819	0.130611623172391
-0.17581235715949	0.271898392058955
-0.219420949124219	0.285881668851545
0.555144790919998	0.770780875282269
0.613948069434959	1.12797243817604
-0.273019253914667	0.518238880632794
0.153434341292671	0.265855395900574
0.0896291632544815	0.131428287819018
0.309465167719087	0.483412039792602
-0.325673811783589	0.577993108421642
-0.506138910392196	1.09071111398326
-0.269955001080477	0.525252812228161
-0.135209332441102	0.235467500630483
-0.532682859806903	1.06366497067221
0.12188164125393	0.16781246016633
-0.080892904778857	0.0884552716796393
-0.263371616704237	0.455604629501026
-0.457231067746319	0.80346133473197
-0.100484006251593	0.0666819877277692
-0.670340310354198	0.33702483641664
0.145518327277687	0.135829120565753
-0.482230655554331	0.275249916893698
0.0698677188036826	0.0361455496315747
0.981547450350034	0.363704733017165
-0.26368775827607	0.141801483264248
-0.0176236108872116	0.0100530592560645
-0.525601520804898	0.499404354257185
-0.101109620015189	0.106368274441692
-0.580755362018611	0.916231660714563
-0.0485411468915548	0.0399139650732635
0.0217960722778608	0.0262463376276072
-0.420288655545572	0.664921530922809
-0.420611367105458	0.859452230207248
0.320399401831659	0.611002513344605
-0.0818730418824844	0.0782004336657792
0.368457148041935	0.400504511797408
0.231008346971588	0.176981825326695
0.0320729169601311	0.0212999147840853
1.02839593873576	1.19299628465666
0.210406014631583	0.191320433855812
0.606795067855115	0.712181174186151
0.862434134351663	0.918148462908485
-0.25490624057276	0.261848147735094
-0.151466663016086	0.141054365114378
-0.771748293594083	0.753738604647708
-0.367137565461575	0.618432878862715
-0.16409281679795	0.198387603921924
-0.621324254161001	1.05144691871624
-0.0546344856421703	0.0542719162275164
-0.228161282866571	0.265515228108063
-0.534933921968955	0.871788395727491
-0.192386799364915	0.243977555471921
-0.528523253438616	1.09167195425823
-0.143721520400233	0.229145399805949
0.161668482580688	0.263095530125294
-0.32660521080484	0.565780860914428
-0.308669919165133	0.611673320140627
0.0143943714701273	0.0185925141796733
-0.68070774088115	1.4902505776312
0.170022626953931	0.201149524011254
0.464952863895167	0.574113350968832
0.786127021541671	1.70318841024829
0.246455902381541	0.38529181619712
0.119830913984525	0.180061909317021
-0.624843095487105	1.55992889416879
-0.00945698024488202	0.0102524085641444
0.171163481655482	0.221370805688702
0.0269319851293448	0.0307537874649299
-0.278007669280098	0.496320321007
-0.109401917239293	0.163957410573969
-0.230258649378038	0.409281097200947
0.279841949786438	0.405065532438422
-0.667757599629779	1.40004696407779
-0.532972961895018	0.984921654488515
-0.0499361390239254	0.0504294191611817
-0.0227474831938953	0.013557219126499
-0.306934457188545	0.202907853260247
-0.147431822887103	0.149072307209829
0.0313263243834635	0.0210351974985775
1.26199290860686	1.26669397451754
0.352424508947068	0.2536505656269
-0.459621591145312	0.202556620427378
0.0971303072759664	0.0556219638122771
0.922835983402831	0.952165289797777
-0.437636393994187	0.375619308804037
-0.0306523767978971	0.033478956573713
-0.301253503678413	0.441031224333391
-0.177910673750101	0.185794392372994
-0.0363533902673421	0.0419226090808352
0.100915650457187	0.0998723309177149
-0.281138063640146	0.498451008946603
-0.440910537058977	0.750921382640123
0.177402311555138	0.18905668278639
-0.611562423981744	0.837347751142113
-0.275987718921699	0.21082587626068
0.772035571558909	0.837598278750655
-0.2308077059681	0.164100262996044
-0.645949033305859	0.762724778922822
-0.194907018335703	0.177553829550314
0.217465417196545	0.161066004596746
0.207792788239517	0.188092382659477
0.312368939620973	0.360282222521821
0.416864527039245	0.440258496916099
-0.007568910795445	0.00793305644527812
-0.230102578192959	0.364163841722468
-0.476631330140356	0.94932494068445
-0.670476655695947	0.882854907443531
-0.878546733182158	0.754231059288948
-0.293806509057855	0.464543787201333
-0.158984929885381	0.114517436253373
-0.368160562343963	0.42464286326422
-0.732288175524592	1.35810377829192
-0.363280346056859	0.346698313348401
-0.239571906961977	0.449154100281966
-0.618477982625806	1.6514939881812
0.441257384360819	0.453065171121541
-1.51248448395002	2.47626747742359
-0.36290355859053	0.53984503230592
0.300121916210952	0.261632209600704
-0.0685331354551335	0.0956516545050762
0.00862897734189479	0.0118523826707531
-0.254159572705459	0.500460607817581
-0.185771744817346	0.245938290961224
0.110595663641424	0.162561819941682
0.0257916248793213	0.0342241679110486
0.109097940723941	0.131245902202393
-0.199307433034913	0.20499420700808
0.0483381094432609	0.0349357049679204
0.487408891462832	0.606565855757111
0.350809488098909	0.635274536955039
-0.192026073124072	0.381796054621587
0.16985948141579	0.290678414841853
-0.757046409323183	1.73657054948749
-0.197202891981076	0.262261924839612
-0.545241929672477	1.13071027352136
-0.0501751456213606	0.074217012512144
0.0251763107548097	0.0350390504427816
-0.155168053066299	0.270464801132456
-0.298202092828729	0.504540714453328
-0.47149141422276	0.744330757107864
-0.0299489229576758	0.0326942899637596
-0.447773276799892	0.880341589638286
0.0820963825013502	0.034091459768303
-0.136298775923054	0.0580497608313651
-0.241359226254302	0.212801027855358
0.572009561108077	0.36678304559668
0.641300975985065	0.401838018874364
0.757501566252046	0.318146131517506
-1.08337443565589	0.445279940231538
-2.35046655068193	1.19808773569882
1.5843370896869	1.40492805551896
-1.27949390643186	1.46135904575279
-0.452847564711407	0.932008871962531
-0.819495215986977	1.33571979480735
-0.63081650844629	0.720840816054142
-0.114420497455716	0.147919966104203
-0.143062704453015	0.129888462025648
-0.232225206785525	0.39903580457896
0.121594667721022	0.201572932343797
-0.268785609884063	0.234802083224613
-0.372030992957418	0.308172524165532
-0.217527235373723	0.125727707045892
-0.666166238651849	0.335206608232001
0.490567262340331	0.36969480667696
-0.27253661267668	0.206550555581407
0.0821075449767153	0.069580479973799
-0.687760614025212	0.559303252416213
0.325929182990682	0.35905192787263
-0.70651937143623	0.688552916996004
0.76411816865816	0.642370148483688
-0.326075064401369	0.574516328325423
-0.864230879664519	0.625404693335799
-0.426485334592253	0.406680112268124
-0.240880951954923	0.229371923271932
0.169730480856475	0.1809344076713
-0.256048655223734	0.243058168675217
-0.23819807313574	0.412639308484248
-0.166424542924184	0.293459376659119
-0.222444063235765	0.151598353433796
-0.854065414549746	0.88469615736636
-0.816954081283938	1.50148113949689
0.469645545856227	0.453844920548162
-0.740678580489265	2.25201962667397
-0.0552535556194733	0.0792178512281094
0.00439262424867726	0.00680540554383811
-0.0922560021133941	0.097311417965757
0.510430449773845	1.20465311618633
0.0998209675713479	0.160460888986429
-0.277601051235768	0.40204951981947
-0.294011804157084	0.319844044511231
0.228089164820575	0.159446677631551
-0.350285850137032	0.374622714485963
0.289477860390327	0.427697553055404
0.102269213300254	0.18227402274764
-0.108969661457717	0.192234303347315
-0.608751426904553	1.40128992513115
-0.149452778808819	0.158663494730671
-0.183988363446985	0.234690399251001
-0.548064713451853	1.58784334404574
-0.156487888181991	0.293209034000308
0.00984205552550743	0.013213350272003
-0.223114733341983	0.346047895897658
0.449680124629089	0.482668690330493
0.192995002488223	0.281333904400605
0.374682291478216	0.775309464558887
-0.164232290089605	0.0670667983923234
0.636369824976875	0.193276052622165
1.17909846875994	1.82210758340773
-0.112505376728437	0.0499616431165225
0.328382083150679	0.147344770656293
-0.278020665199529	0.09291105233273
0.762417410319734	0.329143753734825
1.00018193203978	0.479451873161119
0.923508779871255	0.710262766985493
-0.0452137228581257	0.0557686491526582
-0.848138947931446	1.81727347435888
-0.868188757743314	0.786680963238262
-0.481056239666571	0.90074248930334
0.253726595970966	0.238016135466632
-0.438255286186783	1.1420656474001
-0.13488919441629	0.244780058466504
-0.138480960771287	0.102397607203741
-0.118073167041239	0.0899206757578254
1.03105377779832	0.748620520244306
1.27262959468538	0.576946807960676
-1.67704963729351	1.23749122228937
0.504191103994596	0.367708809599018
0.212586925603136	0.184613486991136
0.0799411630969219	0.0431627075832755
0.862337120907444	0.924534816428923
0.227182043108518	0.177122367983305
1.16648006281918	0.917085892758808
-0.249046322215097	0.482057184865744
-0.114117078354907	0.253596083904214
-0.0680981160441128	0.0642215637604446
-0.343419004660954	0.313540922306917
-0.283570235372391	0.221193479915284
-0.0820290652831214	0.0537533460633927
-0.283466083971817	0.216765882584083
-0.598146050133743	0.745226449022869
-0.187312109220876	0.347247680181949
-0.341513438675299	0.665949458611877
-0.0148425271230486	0.0107435424846887
-0.752783423622095	1.24823608656792
-0.732429505831407	1.37111294942255
0.000246714570312243	0.000382323843015031
-0.420104878767109	1.11716067970262
-0.0224125374884955	0.0289819666054731
-0.055726003873112	0.0844120703169755
0.196704843397161	0.196771873086964
0.143779502069302	0.122512020940595
-0.795885660678794	1.77278821234307
-0.520336815813738	0.567013914826065
-0.284016711250023	0.521609315482105
-0.113829641200667	0.173447258900265
-0.503439446607897	1.41642891517734
-0.162638168283985	0.19921559775549
0.0612933955156958	0.0870102745334102
-0.388522336247519	0.934301631937958
0.00250722695581275	0.00277674830706442
-0.419536818005722	0.503873845228685
0.275701674079145	0.264935755096157
-0.538473867791449	0.724474704137545
-0.322140538488137	0.561726653176073
-0.586561702665917	1.81547581513037
-0.145905927866037	0.260318999355693
-0.191806635507015	0.276992872118
-0.295574075709332	0.456536643840147
-0.239274552003333	0.353874607833129
-0.284320117323755	0.589069517238169
-0.679786100389604	1.89169161119288
-0.0944809021202963	0.15271851270302
0.0097230272067513	0.0119726798747074
-0.277940731317501	0.341542401685399
0.0738738352679553	0.0910010557119053
-0.188688023958224	0.231669899616834
-0.418251828959562	0.253580417457736
-0.207437672580338	0.0753281671675104
-0.487730268442429	0.622656091349633
-0.0841151397483041	0.0436087397068188
1.02511567187901	0.617186443932457
-1.7349987819354	1.00347311416941
0.0926320244103551	0.0317295282538535
-0.150483078031786	0.0590185700453536
-0.311485772270583	0.159509654281314
-0.567406844711957	0.298941536053992
-0.398239401470662	0.651431448399114
-0.374340974385366	0.594304729299785
-0.245464155058511	0.234003312099041
-0.285310346362519	0.390193096922286
-0.43381653900386	0.449640720509826
-0.137784050212304	0.209274266267863
-0.127428071634803	0.212859003048857
-0.239271521412458	0.241492749630041
-0.72671956875777	0.852566974668137
-1.42158762952724	1.18540350862902
0.505651152570922	0.37251177686604
-0.757198365318101	0.536537782144533
-0.246770794297371	0.197050544367443
0.411244510108749	0.439184306875052
-0.997740760870086	0.744807077338957
-0.551946185435042	0.581985405286589
0.215367056171121	0.176694373678519
0.223635888973253	0.148440554854091
-0.199843842568626	0.309371448612917
-0.347041447433539	2.30937569142577
-0.401102184548055	2.15837390049032
-0.32286135301174	1.16914746572629
-0.294972222949255	1.2185334469183
-0.0424602134076381	0.0945378031890293
-0.0623761371441789	0.138411674318047
-0.391457469239466	0.794318434434328
-0.246236459556299	0.308406525793934
-0.127611509750937	0.14148156130441
-0.174367492657191	0.186745327040543
-0.0325707400774444	0.0304650754086385
0.28834149231931	0.368951540108493
-0.713856043667133	1.67340411627478
-0.417519961262603	1.1270741696259
-0.724089657680133	1.51819763911827
-0.572049627793603	1.11795358683029
-0.34600746486217	0.565281553972963
-0.777745069890212	2.12604659682502
-0.764647303527474	1.38599122146801
0.00320607061634632	0.00359422967637827
0.0298634775144417	0.0346264008227171
-0.518742942128347	0.883284978941132
-0.169429277960874	0.325517759379006
-0.283353465240744	0.564561947646978
-0.314333154153031	0.622329676566032
-0.772481207186731	1.40110322400067
-0.400756281568994	0.638105141098948
-0.321092986277388	0.558897966276791
-0.857619023921399	1.71348475805458
-0.591017783028939	1.65622641966308
-0.294488485238951	0.636211817708952
-0.63993611490398	2.03465809210671
-0.0753851200389438	0.104261302379857
-0.427406272909283	1.04558250354084
-0.0462434914113357	0.0760639453480081
-0.472494886744396	1.03196419662539
-0.854438665557156	1.94136887993155
-0.600963036935211	1.04500750135143
-0.256022262970163	0.381066487577639
-0.72980892898838	2.10171374059472
-0.426016035750517	1.0963278778941
-0.508121523439182	1.25877071097554
-1.25273936933538	4.09720949265263
-1.140843425304	3.15973587181516
-0.916171741233946	2.65541027002899
-0.290752795707075	0.605318098335305
-0.39083857445987	0.813968764377443
-0.761745563393978	2.31692683990258
-0.394073421281931	0.877709935612477
-0.487413854734925	0.901430731447366
-0.573793041736526	1.13077208103325
-0.730155671158141	1.83451220645688
-0.782562278916073	0.858951402006352
-0.867871814756731	0.756542840799638
-0.604473948250425	0.831608589905931
-1.41908764154327	1.37853576249224
0.0991903379246795	0.0617115704359585
-0.34808631714553	0.222319132983298
-0.863615966319929	0.572947010336227
0.469324336086237	0.351352912056289
0.0800883984979904	0.0430095014912731
-0.842619497864017	1.04633476152722
0.0907038499206743	0.117287903044499
-0.198793249700124	0.272356228358116
-0.204371728548644	0.242651316632329
-0.269256739373257	0.39900324854859
-0.176772991657132	0.212509577495994
-0.173089127057452	0.248572582500898
-0.37244008152019	0.805289077230007
0.155899378290301	0.165978551276083
0.454628975647563	0.650019785481673
0.560266490198699	0.649328344442583
-0.380870614917411	0.392910014657404
-0.6580976498947	0.701138394472665
-0.583916954202993	0.758287430005055
-0.126214834437773	0.144040764564925
-0.396918260615037	0.440970813836831
-0.426597602758633	0.505005613241189
-0.459412082239516	0.62609537617555
-0.791628385493322	0.933048080822618
-0.395061447234167	2.09162662476874
-0.252559247175217	1.02018701209912
-0.232254463338793	0.767756460818401
-0.230479781998321	0.667662761170377
-0.436491552548376	1.19544642180469
-0.367306979874578	0.57648758619916
-0.25126807569313	0.344693818405814
-0.450453047409689	0.781136127864649
-0.101342301679984	0.140444722304058
0.125778930617296	0.186960246687048
-0.162496029154156	0.302428602860087
-0.29466647112567	0.552558757127945
-0.391145849079211	0.725902637649979
-0.500968025149854	1.10780891533409
-0.553586930605281	1.4229276565153
-0.296593442473639	0.488996433035086
-0.541518164423893	1.109066360911
0.409203694155222	0.770578168042344
-0.264575174824773	0.44256105368803
-0.0289681033950435	0.0384801502423005
-0.508120345789219	1.18896464981125
-0.203634910564464	0.323463246771586
-0.341795124932592	0.655953216412207
-0.398117855499357	0.666116421113874
-0.301621132942171	0.540531047196258
-0.812355843547498	1.82620921479755
0.104955254384089	0.151746535330393
-0.0860999943117477	0.130037767057729
-0.487422845935901	1.12368942147887
-0.630321053611069	1.61380625998549
-0.445143487065612	0.949694538928077
-0.703060414521088	1.73659338625456
-0.544425192413096	1.34795052688569
-0.384436500557436	0.592932189701261
-0.273650124206778	0.431739968133071
-0.686703245189152	1.60894185275545
-0.279330655051449	0.451595031080307
-0.119672761671173	0.15189347081042
-0.0622905733753522	0.0693937163887736
-0.591320572624678	0.971140440920124
-0.409434494410139	0.829677298020859
-0.00644307417345045	0.00664344191700887
0.278865753410455	0.272220381143863
-0.00583002323866749	0.00420942230503075
0.360538599833184	0.42971754702557
-0.280064788945511	0.238014010147716
0.395336070755571	0.346476671696026
-0.871217840259818	0.758861618617631
-0.765077642783499	0.521555445405906
0.118631026577474	0.083682665506948
-0.0522646882267816	0.0355124443964266
0.464032766004704	0.534895864656941
-0.83071806838407	1.54740672628442
-0.00793914717749678	0.00826871259885783
-0.388010215390192	0.521263450071885
0.762075773970129	1.75122103102723
-0.520345202287002	0.843049515690872
-0.0417031013325478	0.0487556337616408
0.0246442752902861	0.029498412593491
-0.0275351126697392	0.0301713289209705
-0.189113834710121	0.201312216421584
0.573556856028732	0.664040582604059
-0.842328047191043	1.09526464452165
-0.402179641558566	0.423783880197701
-0.875273235003676	1.31189431491821
-0.333808173499199	0.41857840658697
-0.402961372522479	0.45020026593959
-0.608846085213117	0.958850993653493
-0.250292038171862	0.272791589719617
-0.32658775488512	1.84320671360498
-0.210102994529197	0.928969848571866
-0.277908002863853	0.754093611701776
-0.418452521555006	0.819944314594159
-0.607755755918954	1.32031266823531
-0.426752732601765	1.10627159816606
-0.49441242274278	1.28112687286888
-0.383425893572106	1.22593528295393
0.0935504647722869	0.163936942047792
-0.208189911181854	0.35719264644583
-0.217721609545778	0.401791883383337
-0.315260379816111	0.77755532755481
-0.251929053285843	0.457379519302252
-0.360274299445027	0.745816339139438
-0.120221606650915	0.201894787575563
-0.151869334776364	0.249521790024579
-0.222675266205305	0.408198125153296
-0.0256736674756557	0.0379476584932958
0.0367621619786345	0.0500507003824807
-0.334385876160242	0.598807958531549
-0.43439295885494	0.962338067469025
-0.57614922542105	1.59864913759137
-0.689174546466091	1.83063554354109
-0.263514874535593	0.516198162024332
-0.380350183856326	0.82440088942373
-0.329344343577949	0.698494642544885
-0.311807852661049	0.596955626185759
-0.113929590900402	0.16793856182687
-0.234278426301248	0.411865960265235
-0.225762740997318	0.351207267808271
-0.186750268268461	0.277584300521121
-0.0450914924475542	0.0529589649381509
-0.252807899947258	0.399919241327912
-0.0922395516016968	0.134371221619943
-0.534870690642661	1.145126050332
-0.252390261275742	0.242734749068237
-0.110172162350709	0.0811199357576686
-0.703489089066375	1.28985680116622
0.139371780178081	0.122635844170371
0.22875200364044	0.163358950162097
0.572573252161501	0.479971563305179
-0.296150389455496	0.255651202621422
-0.0130815997328547	0.00761291286771843
-0.0196583007977222	0.0143946237760025
0.405650672443665	0.609697874567963
-0.412836954732668	0.6403679329306
-0.361950415635781	0.57565427320161
-0.528879682607124	1.02574541658493
-0.306005040145955	0.557451022798446
-0.107977024146158	0.125760799618942
0.054712299878948	0.0752995984067257
-0.190452839775331	0.277434263254507
-0.126256092904638	0.133014973156241
-0.412036777804696	0.561220987173221
-0.0600332447295082	0.0538571574963005
-0.11251193126326	0.107994258733951
-0.321576956243927	0.430523746716571
-0.25663035417233	0.318705700249976
0.0757768060659891	0.0786070627267459
-0.392826751999498	0.609935201981218
-0.098930157321315	0.358816659421225
-0.164961622309437	0.277873580972032
-0.286265208513157	0.482981465324862
-0.0995358538756598	0.207506574521508
-0.229055840674202	0.384486570188213
-0.116666841460942	0.134719464228662
-0.0546054176435236	0.0733404981570326
-0.713083139738665	1.72756021562436
-0.11921615621343	0.246366912300826
-0.149750285176809	0.295979826437075
-0.176968338844145	0.345219325627163
-0.106099160560553	0.134766874932639
-0.286252092361907	0.360883144702714
-0.0579975898541891	0.0680343297601754
0.402184399871559	0.810094767265203
0.112285404490041	0.0665926079521722
1.25278013411249	1.35592261261782
0.235858988467166	0.348123955607581
0.228527674150773	0.151337405544248
0.919851034532498	0.710546645001678
-0.871752903703981	0.693212662399441
0.22990262841529	0.146774611651219
-0.581739818377595	0.455945071064217
0.219909362488701	0.157246717068531
-0.438584283297348	0.51397223544438
0.212010134114485	0.348171559632872
-0.54171800151027	1.13301582668091
-0.342840440657411	0.450170463765076
-0.602792495232773	1.47791733067099
-0.219530393219187	0.301942234582826
-0.476570845046061	1.27710664345364
-0.0959648492571437	0.166543753974131
-0.269967156463325	0.294495803601571
-0.0341936306218482	0.0246143911008319
-0.89806846976377	1.1650269232094
-0.152219403279928	0.118911071773612
0.367990810590949	0.355406907689636
0.329060562741547	0.450901193064446
-0.32797279159416	0.300135781223481
-0.209394206356911	0.347246977654504
-0.201124650565584	0.310630353821932
-0.555600495935896	1.47566952258922
-0.265971522207948	0.878560009031619
-0.244251350049389	0.31860020420661
-0.647779801469947	1.73977774971074
-0.425365691656086	0.890821527836434
-0.0262969724354612	0.0350885783609815
-0.15780573416826	0.358658262298048
0.0138661118000557	0.0221956149954024
-0.320905200155166	0.795783924159626
-0.741231273440039	1.56714978136009
-0.470179157955253	0.737229326573053
-0.136173559726486	0.234784023152707
-0.168184800981592	0.238459641368605
-0.29880564648791	0.62788738224698
-0.353427755752351	0.773488082395517
-0.341347852017119	0.575785771175316
-0.36959222936	0.795196114468721
-0.286025632544476	0.240524630592995
-0.408510008620926	0.364158059583463
-0.249962235426848	0.38596167291267
0.217283229872249	0.159233828671635
-0.352486630376106	0.257815368802546
-0.222780256182786	0.151687293172215
-0.0625869357140756	0.0342362680712352
0.0768631604809546	0.0385386588915997
1.05925709491677	0.99518195831792
-0.840404325159777	1.19526802726903
-0.423707785477549	0.888008958459071
-0.234913270060848	0.420208873192463
-0.276712123656654	0.404427124768463
0.0984453576657305	0.137775167794633
-0.0411476765124965	0.0434796860818629
-0.409589290033927	0.946815475742339
-0.0539369102970759	0.0542572265694039
-0.198919534871032	0.163626536430679
-0.290973147919589	0.287395745224787
-0.0409241154173069	0.0287414869992329
-0.793408099288496	1.03579454862803
0.215355564108344	0.251598026760186
-0.34151600169649	0.317267571238003
-0.508379446027667	0.839803926653724
-0.0290549549576366	0.0385764506266422
-0.295169348752831	0.611116315155663
-0.376556087342573	1.4793138463647
-0.309224721980129	1.0525445695663
-0.250917837709449	0.707483199215702
-0.534791563638109	2.32960758433805
-0.207989556045794	0.557035074340619
-0.19984620670635	0.530444574361719
-0.203069950423995	0.48755140926176
-0.286030130512001	0.752974897068122
-0.165702154776859	0.262678087580201
-0.548382377342637	1.3906534133684
-0.433486559022891	1.26839986426767
-0.110321979494285	0.227730430044834
-0.39756728380537	1.07945605899847
-0.218548619223277	0.468320292850718
-0.123580147306208	0.20020825253569
-0.152818493132292	0.191393137567145
-0.582978752438118	0.989257856032692
-0.136039101234777	0.178595501397618
0.337572909943291	0.519381468753539
0.28159922674894	0.389720715168973
0.0277571710833648	0.0317155071543296
0.296778141086004	0.441662081430005
-0.120696937982197	0.131153377756844
-0.152572426730488	0.161945011177415
-0.173707424123617	0.185723742682052
0.116291659904415	0.119673594842564
0.686760966684888	1.187901067054
-0.585926342873826	1.49925630654245
-0.191426926196353	0.227994043793615
-0.45233229219905	0.848087805806199
0.298565495386368	0.611021430717516
-0.0564332907199319	0.0801793509931903
0.175281492138046	0.290110618124631
-0.272763450589367	0.397359123383029
-0.00774639508047419	0.0087509946608139
-0.430891563057189	0.837417776586614
-0.145716314895729	0.201594788202726
-0.338388396221483	0.427812219073358
-0.114542526425344	0.145001565577856
0.261665043775058	0.406865599536589
-0.176276566811711	0.266859024593389
-0.3358151996122	0.649876899366661
-0.240444876110309	0.357803369140999
-0.418370315914708	1.92355690613907
-0.0665563855990396	0.147229030337271
-0.426078690146297	1.8197346969536
-0.294192866779037	0.964187906094592
-0.206129190043248	0.519749939892316
-0.124105904989633	0.190877811284016
-0.225306299033879	0.422138353982451
-0.0202400590047657	0.0309777960743764
-0.413108263845433	1.23676531095544
-0.52661801423355	1.51958235292229
0.00288314583633039	0.00415435573138271
-0.179566604044586	0.293716911451124
-0.472564953058557	0.912467048503121
-0.359175131700065	0.590427424029639
-0.184151072246152	0.272051254687914
-0.287179956429504	0.389810948100868
0.0523268161551433	0.0542598591019157
0.140125324006581	0.218463156312199
0.30517568748494	0.362318943740532
-0.103393699479862	0.096597085422804
0.078322545815593	0.0817374677898963
-0.200828769441646	0.178431829439172
0.0253978549189292	0.0205845593339206
0.477403516170596	0.68838485053762
-0.188159275411153	0.288796722819626
0.600268907646427	1.12342135030279
-0.279108900840476	0.439328765787241
0.194653822481747	0.309332636064129
-0.661055051651565	1.49832215518416
-0.393153041215926	0.719436791076656
-0.112474811086301	0.138849240563697
-0.37260863022127	0.6848032680156
-0.551619341099919	1.06433554992156
-0.160542360776238	0.220427072488947
-0.570245310469676	1.09938895845558
-0.160702424429359	0.235672510470371
-0.0695383145191576	0.0817487877326529
-0.156150464393142	0.226969473913753
-0.294525162857191	0.474469252714179
-0.148098887587498	0.199093870034361
-0.0418598090054315	0.0379497796467087
-0.649868439307185	1.00496211929162
-0.210693690176381	0.608998028081445
-0.341826032332851	1.73809931319262
-0.185524302543341	0.382561090962596
-0.0940017888837643	0.177158493600977
-0.186335707005105	0.362421774589639
-0.0954144461910132	0.164724160457192
-0.0960938948196369	0.148033815869536
0.288276873947742	0.571783718604669
-0.253588491385337	0.509569272437665
-0.294848110727664	0.494923239257036
-0.228398823479064	0.374453151392082
-0.120383916039529	0.195472880329501
-0.212058581666825	0.223466887695875
0.534999332614961	0.557699852909755
-0.124953322586178	0.172982019032388
-0.27823586248195	0.279231078509041
0.584526280964612	0.723135416645852
0.0684410894620988	0.0543028989860313
0.731774611874965	0.826192717685697
0.214058510226463	0.177004860013402
0.0614422169456813	0.0472894709243549
0.18616529121766	0.253475907502066
-0.281460974985055	0.562685266067298
-0.350513176081423	0.788919296939585
0.252029262291891	0.407007923478412
-0.0583249218099566	0.0912626890829172
-0.126339425862541	0.179807566166815
-0.354693389313157	0.790610978821623
-0.00710882856615383	0.00670627732599345
-0.483165800487052	0.872999474189531
0.712960183384913	1.58830022785617
0.41210588843254	0.569354121290285
-0.0912476580301997	0.110695682638591
0.458094535185181	0.758955512948149
0.552126404627525	0.94552273075443
0.548113345907355	1.2330987748103
-0.195122435608944	0.325738553678177
-0.171819437085643	0.284960609562271
-0.178605486005643	0.24399499690216
-0.367154667678604	1.32176374212836
-0.177478149960931	0.28495578475545
-0.335782307507322	0.837748423902519
-0.0591077100768446	0.0990622420275192
-0.062089509616363	0.108797847157108
-0.014734878679331	0.0202355008960205
-0.0659187482738092	0.0992194673840027
-0.0764303635550059	0.123282591920711
-0.2401536488973	0.442876194830592
0.135760124704496	0.1697627097867
0.0845876109004352	0.117348808019114
-0.231468664109726	0.477980347374148
-0.066512701657877	0.0879881195149347
-0.479057170256806	1.20157898337873
0.00410772498422408	0.00582550569556929
-0.116426312213776	0.0877968033183245
-0.00566252906244365	0.0042153861980557
-0.0960179995646842	0.136061760417246
0.0697057662620584	0.0532418210442253
0.412298331726869	0.359187447718972
1.04181542591476	0.859240317761079
-0.586433436815753	0.455606495612313
0.99705965906634	1.05146353284915
-0.37773768817421	0.308539840482804
-0.0824665801528275	0.0886536500413497
0.0787424955922817	0.115276582339663
-0.133251660188376	0.226953469457736
-0.339167210747614	0.522595881675618
0.327270292377936	0.675662352874186
0.251171894035339	0.363716747818208
-0.0597975179035599	0.105557514776836
-0.542582202451702	0.475863742613108
-0.0820500820865587	0.0701759379188066
0.149646400536016	0.175449887074012
0.244432809408262	0.253672883797571
0.076659976401653	0.0922331563116101
-0.295763103221092	0.340613432109215
0.353008689992182	0.407087835988358
0.15674536398998	0.286538168171339
0.059974866294488	0.0993741902154673
-0.07237154498481	0.121570124696257
-0.542912987953325	0.738962885150636
-0.420983751514297	1.77078266106603
-0.335128316660879	1.88691927154431
-0.161387383348379	0.306637662439086
-0.0914822587610288	0.16168285583153
-0.0977034930441098	0.151099408982791
0.0384684889570224	0.0613214026942826
-0.170218460226244	0.324529094558589
0.208895674162379	0.440495527409455
0.100116928906123	0.155240314522654
-0.0677814304867904	0.0820313908860995
-0.192097006873966	0.321722202926208
-0.170620863494815	0.329017995490592
-0.0137226749582335	0.0200505986087175
-0.259012982843545	0.560550650581234
-0.347253371061554	0.861721524305776
-0.198091124426702	0.210156283301252
0.157199111685006	0.140053125111934
-0.14167462880506	0.234359328164245
-0.374192642626684	0.398199926979527
0.450237996057076	0.456403022929553
-0.440318999503129	0.431202767670553
-0.220823227632591	0.170429599076564
0.00551044712859251	0.00324005694200556
-0.174479374977012	0.12793137250065
-0.408457095962904	0.664973814674045
-0.263251873528812	0.567330151729679
0.0265881267114975	0.0381440248788201
-0.306406956599984	0.461042505841646
-0.389315493985567	0.950722298109047
-0.0800918731360719	0.0954050062205842
-0.271307194336084	0.607770338349911
-0.208803146359042	0.22998597605893
-0.01491666848747	0.0165387131947077
-0.37310033384068	0.486704385339428
0.423108925096877	0.807073350385115
0.0388895862942096	0.0382812132778612
-0.0514185029051032	0.0550832453706808
0.523146028131324	1.3651994478498
0.17422879489962	0.354287733597096
-0.00781672546880427	0.0112635125676463
-0.104593682719051	0.122090251706659
-0.211510414142323	0.24596184843709
-0.216007084522146	0.237172800563026
-0.306490723274496	0.406338465130469
-0.527538431090919	0.889313142355809
-0.248095219102817	0.473975822485731
-0.561328054645981	3.51794580034126
-0.333574801992304	1.43542580338394
-0.157724550920316	0.20994810777498
-0.331745362811284	0.505185369784834
-0.150508274722322	0.210286626573843
-0.0536142615257662	0.0781855802863209
-0.241090482027014	0.484603616200471
-0.0508753140041052	0.0790204257363183
-0.1356785017002	0.222279843512524
-0.188338629785231	0.223806372084226
-0.562958245773334	0.757729765405004
-0.228512899209486	0.22707253894108
-0.358562378065427	0.403470533817798
-0.275407798812724	0.411199623237634
-0.0322730832083229	0.0410947961511562
-0.186221215395929	0.270094927804194
-0.251077570802924	0.397486481839967
-0.175284785074285	0.280512673477225
0.0446471617907433	0.0590543137020128
-0.124041881715068	0.162750072556282
-0.0195823702411299	0.0233976535409572
0.0349426626778511	0.0371086592715279
-0.0941083069800959	0.103471906651757
-0.0369494063828476	0.0441178279730935
0.034897247665548	0.0478279405059329
-0.212877790326822	0.275683147328703
0.0845463372153546	0.0995355140337572
-0.119030984098657	0.136165045662408
-0.0983733563069952	0.128815289038385
-0.769525671258527	1.85677482537217
0.169234129254138	0.216885772918628
-0.107375709452484	0.146245193915276
0.130854181569819	0.180764699014222
0.0450042151519621	0.056692682271004
-0.0116654411614044	0.0131487800108592
0.275987386965917	0.352060767664101
0.548359901370569	0.578242031609462
0.749114949289538	0.923927528814767
0.432445205952569	0.796780019683241
-0.0344695499843612	0.0437381110099638
-0.510701284152188	1.10787066428138
-0.100749638511839	0.139099121832899
-0.25733990831368	0.407187325083989
-0.253720092332961	0.392735937675204
-0.292740055293677	0.531834187471714
-0.196724242499309	0.285624894806569
-0.321278784932125	1.34003345289725
-0.362748368950883	1.13675929882842
-1.00620657949927	2.06418335261637
-0.248392109736532	0.293652957167875
-0.26183137944273	0.362534038155483
-0.034610560973466	0.0444392038903474
-0.14869439642085	0.215127589358636
-0.149156440775222	0.203761625862889
-0.322006349885034	0.362439947205381
-0.705079179099506	0.65746825554587
-0.448178151286012	0.436458125052589
-0.0741929610018784	0.0500374942967219
-0.889697718988472	1.60473719089749
-0.260409418622527	0.347690176629009
-0.165703212952829	0.219148964725549
-0.725649668310914	2.15106713898986
-0.273700312098426	0.461221161025552
0.388135860971509	0.71308185762528
0.0955076032544023	0.146405457016665
-0.0435711578939086	0.053545181228336
-0.267582508662616	0.418031431574653
-0.323043102100702	0.547994636084095
-0.409075234144897	0.635626919779447
-0.0463901765785186	0.0595011853382248
-0.129236162309736	0.174818906706847
-0.120175609251143	0.161308173249086
-0.106204722690142	0.131294104702868
-0.448969561072615	0.852997625824495
-0.0915846110552265	0.11668039030254
-0.0984365258902677	0.103482355556892
-0.83282649667142	1.69762051449575
0.0224099052028431	0.0210458765524089
0.462707155468408	0.365318099109941
-0.489505175385113	0.419951462323998
0.522601212245755	0.716261762878504
-0.297342324308474	0.448341377565708
-0.0361181854485277	0.0406609854073973
-0.12167842656062	0.159528364353373
0.073112283581628	0.0715433519704743
-0.0290906016234698	0.036918341366208
-0.395473468208899	0.718162345916046
0.108115718798177	0.122832606110109
-0.00524971605016791	0.00496483301981809
0.0154175164453362	0.0142136014163257
-0.119878161412494	0.153769908592666
0.0599237674411708	0.088737668657735
-0.15212362245071	0.252135100192083
-0.00730372111507678	0.00868228056452199
-0.304384740501001	0.616536654364605
-0.278894738191483	0.576134433802528
-0.198054977121113	0.345338374972779
-0.286219213984646	0.507770766565646
-0.0656730597624182	0.0753291575671063
-0.00995960762495534	0.0121856479727083
-0.308559203393865	0.547578981218362
-0.0265420421069289	0.0238484631926394
0.00559905499831274	0.00569755582848959
-0.150902135126871	0.163575078671561
-0.279729888283289	0.410040585045374
-0.387600132413197	0.411662040152667
-0.0814195107441542	0.0429692530534715
-0.691949905050474	0.625690694767375
0.211336395724801	0.210362728377477
-0.419797507819451	0.704584435743091
-0.381172448312101	0.46511618703282
-0.0535226212954416	0.0634860389118659
0.130743152259002	0.0919568763987059
-0.539254987380965	0.718353140514597
-0.553876813823499	0.929219137915011
-0.0961032898775794	0.154023276895702
0.02653912162987	0.0378462071272644
0.083400049408482	0.109640476170992
-0.156323363441544	0.291507060756712
-0.0614474844237267	0.0930648103094661
-0.158864267664009	0.272394785727712
-0.119769914031207	0.156953534747386
-0.35177590208593	0.676128652347279
-0.278774353359345	0.478254391590044
-0.0112128769939248	0.0123145895492097
-0.165089319394866	0.201040593851332
0.194273552807047	0.169152867243954
1.45831054692023	1.57309636819076
0.0860547566884954	0.035610004358155
-0.00821484893002236	0.00782919517288377
-0.157501502526439	0.220147625834531
-0.492321650786063	0.924606903474788
-0.240691723034114	0.245684004800642
-0.211451846185602	0.287721738406028
-0.143181622519628	0.104111079427108
-0.408884133784966	0.298671292995919
0.228583877483315	0.173037850413286
-0.0602762243795069	0.0416410720206349
0.0432647905901665	0.0372016837439774
-0.820590650615521	1.22903925996554
-0.350802447103033	0.507949368107621
-0.220308008967762	0.406646958158345
-0.08941557331546	0.125474856384308
-0.0553830151985433	0.071018806763663
-0.211807512274071	0.38479921694767
-0.241321993011907	0.425958019406048
-0.282851100758714	0.494531741055663
-0.244637244488795	0.330311139170421
0.440172618088776	0.562883096862805
-0.600255733494052	0.850754635359867
0.920355188510518	0.693234687157245
0.561844429393233	0.48676288077718
-0.369907348138834	0.48836037088391
-0.0984053594500683	0.115156366794656
-0.303864739569579	0.519671731556896
-0.447850398267995	0.493840143406545
0.0122934029967408	0.0100666520365166
-0.659973613726696	0.809756312296785
-0.250567524601731	0.292122873487409
-0.275431018544155	0.351988271198081
0.158899291363436	0.230625901251618
0.407056477535848	0.926287237054523
-0.102304029309717	0.145255408495396
0.0490856033018227	0.0664633798907493
0.113014260080347	0.163578553176927
-0.321833596031995	0.656993470363459
0.00546626908911925	0.00613712037400636
-0.120995430521992	0.166399077843537
-0.0126325332831528	0.0152110680688936
-0.279747685997043	0.385637992486951
0.24663789914627	0.145815143314641
0.0610565583895558	0.0435193451780545
0.0595543101744122	0.0635734747114454
-0.0935169490603688	0.12351629117122
-0.829069292209153	1.3071907425199
-0.207413006589685	0.21497393842256
-0.124345527035111	0.116455908335486
-0.0233952271358174	0.0272466643699194
-0.412990371785725	0.827219899638578
-0.262323013051746	0.386163554684633
0.304782873894556	0.470221523764463
-0.329011439064068	0.631694061045727
0.328678573696	0.527831315371795
-0.102199203762884	0.126035381276249
-0.4636770442619	0.570423502255019
-0.137756194865606	0.188312609166232
-0.167033016272665	0.230585919855068
0.187243029441588	0.257867502991707
0.467166220822322	0.880748246514923
-0.189162728104727	0.255117421234863
0.142815917048813	0.140200786006624
-0.435863307883303	0.517013271387572
-0.009091386226547	0.0102438009602158
-0.466230225656058	0.8896468483685
-0.0575697700497859	0.0839394705334035
0.0028154113918298	0.00395512291548489
-0.211813377033002	0.412066322507199
0.155811158203126	0.280639023735165
0.560341525855966	0.874945465616142
0.399799456062198	0.427262408922975
0.102033031559788	0.171480437551585
-0.0149590927428835	0.0139161598725395
-0.0735105057012221	0.064490874434575
-0.326861082463407	0.642181895621667
0.301009095857028	0.530781206929007
0.680078271388598	1.4562663124868
-0.054511505448201	0.0793457848678794
-0.195903557706399	0.367470154069262
-0.175310265221153	0.294588426962907
-0.307116167059433	0.526689257509245
-0.141065453511715	0.201884693478733
-0.501131033966474	0.723907462274633
-0.39948270648103	0.499608720840415
-0.0502658798000684	0.0611610377534102
-0.656077358062076	1.69082416581002
-0.0364026119061573	0.0450917943850106
-0.0558014224003214	0.0626379437467535
0.349151651153357	0.735132924149058
0.0439609841064497	0.0492918960891284
-0.00474527544571549	0.00489511902411255
-0.28471361448705	0.429126267834676
-0.185074774096596	0.285871912467304
0.074729385986553	0.101023010299835
-0.285794503022878	0.511144959610328
-0.18808578019481	0.249147077155635
-0.650074764131654	0.93530875126485
-0.112547616988604	0.114948926785947
-0.123738452036857	0.141277053960339
-0.348419744942452	0.520512540600878
0.234936584531192	0.388269060939615
0.132948161030154	0.172131122275265
0.440304804260055	0.886822831808128
-0.358616289776471	0.705250260413532
-0.221200211327935	0.330402545684389
-0.413862618195865	0.726213807415988
-0.291883206898853	0.503855270318642
-0.220811726994137	0.348423162930633
-0.00584281226328357	0.00656332148078858
-0.111116636588345	0.155647638373533
-0.0875548443212707	0.126473165726905
-0.164563110829647	0.219730289968887
-0.0340396568654985	0.0429818131866365
-0.101041208611856	0.120767449549088
-0.413057487702598	0.747274834010316
-0.50193450314078	0.8175816999741
-0.159111118863834	0.241965603218176
-0.126211108296834	0.175088975385025
-0.170685283950277	0.269124942134982
-0.500132112826791	1.05269579100124
-0.213985047286723	0.557686479881872
-0.101392754861987	0.170010375877137
-0.340813929208825	0.865246289370253
-0.350698217198579	0.902802862354865
-0.180617619179405	0.378098634015359
-0.391014177853142	0.997313558300233
-0.185768188415171	0.272710184980376
-0.117885645049023	0.200689073275145
0.164615561293689	0.352243159639314
0.39159995976024	0.599520503502428
0.26704783384061	0.325096600320746
-0.143593391862356	0.259757535388828
-0.272682395452248	0.383022482239711
-0.204509704269033	0.301004865488708
-0.298468385883937	0.468947794623932
-0.107550483984449	0.151943062220512
-0.214369816778546	0.344920852226779
-0.178767662125333	0.420216955304743
-0.195655472746822	0.43521946814946
-0.108513887297255	0.156383228872755
-0.211266474110679	0.262027607513532
-0.117287071091522	0.126656427730577
-0.205261458286557	0.391252702680764
0.051155847271832	0.0548186950272595
0.0676959334856009	0.0804262239613818
-0.381098528322603	0.67715639587087
0.811868943746927	2.01190777686104
-0.0981949502025714	0.120332591795246
-0.240603848755564	0.306282355973167
-0.200425452526455	0.316470229073515
-0.294121403677852	0.603759062515621
0.0197702023196603	0.0309841733654671
-0.596243656596725	1.25903714561716
-0.0739720585294789	0.0761043874839493
-0.0948125059483571	0.122746271416697
-0.0485894919115155	0.0674432630616509
-0.104279074497117	0.163920104935999
-0.00923204783928354	0.0103568983620651
-0.291486342391708	0.449152103369593
-0.198167506791824	0.323314252823322
-0.384590129695213	0.608818872877127
-0.286134468146371	0.718494228110075
-0.1136167815477	0.174419285384194
-0.106390087933118	0.153266477650788
-0.0194093881511128	0.0272260263985861
0.00347068000870689	0.00520806673825431
-0.345125645483883	0.773605199145581
-0.0090820747793279	0.0101986866775835
-0.455995028651145	0.868922158000723
0.182530573237144	0.32087992766833
0.0589186079607411	0.0661307298846411
0.207143699933546	0.217407620946106
-0.188085702814672	0.295013736248624
-0.51452915881591	2.00668881807151
-0.0531728458577194	0.0922404633027974
-0.348894406092243	0.768802679347852
-0.372222552832154	0.601834096181952
-0.649880703815105	1.43246311944156
-0.0125335768945423	0.0160778540922273
-0.160998669123033	0.248249773746597
-0.203785924192188	0.33671222807626
-0.0555582507149678	0.0686168686110289
-0.422330462753542	0.740179987842243
-0.0439815615421566	0.0578831161740161
-0.0728991119712722	0.0806767733888087
-0.163978270941448	0.347358324410423
-0.316041854385831	0.660017611018981
0.213402429022397	0.478686412232975
-0.394870196650316	1.31344643940832
-0.110146227865972	0.221950084910895
-0.0347512434537918	0.0550087085918532
0.140290046389575	0.275944636449542
-0.14923188972185	0.298205144080552
-0.00933437481468986	0.0161563472129633
0.0858329988676013	0.138575683481184
-0.101171140138788	0.189035591669348
-0.202107126831344	0.396489163929038
-0.293434597381021	0.543387796019738
-0.457071817887861	1.2621430302077
-0.139350437623282	0.258683807236411
0.129104331245225	0.103220405912166
0.0181455981396336	0.0235126344047856
-0.840171877486017	0.924642954964456
-0.342453968923946	0.87259445354985
-0.0518179082253941	0.0907360731861064
-0.111376433517884	0.244951914967252
-0.175840681081682	0.395760875243202
-0.0644467481715026	0.109318835300497
0.0192847422506139	0.0296809947008143
-0.282070080686082	0.655078890344404
-0.0541831503665029	0.0836126739716239
-0.145331297538482	0.26239330770682
0.220943416281483	0.443879921490337
0.0678076872736633	0.101574470419182
-0.155916305095116	0.300084563011822
-0.312640017774824	0.701908089087407
-0.121808066696332	0.182394043802999
-0.839660195713635	1.34853018660068
-0.437711435638046	0.423605960530997
-0.187186108720845	0.343508734240986
-0.220223933258597	0.498756016533405
-0.0510799171411774	0.0938858312144513
-0.00862654181731776	0.0139389723825675
-0.0824725361709218	0.14938205771939
0.159032283036992	0.300783990589646
0.423295370071857	1.12666930185162
0.224639770818689	0.388160008976572
-0.188195189404053	0.366574866322324
-0.174157774665234	0.159640834562692
-0.0366191463342001	0.053642091338002
-0.142953686680833	0.362528691041393
-0.423387445475671	0.721090669421248
-0.215948131757607	0.257511587140336
0.202557906569433	0.322662371533337
-0.0650985953769569	0.0860009282520392
-0.00978762133643516	0.0127710482552129
-0.170813226609629	0.363233099090899
-0.0959163625820321	0.154712711219708
-0.167317124472511	0.211680932085991
-0.278605378199082	0.322750593190067
0.0711910292110013	0.0933331254373449
-0.28281519747974	0.510893497056167
-0.168426968188669	0.251416541083513
-0.125053050395831	0.278694066801987
0.477667505293426	1.61878186780451
-0.278482177438101	0.554426633487287
-0.467915696626794	1.03085702225942
-0.483683385348281	1.10026242541124
-0.202424092807261	0.306829731972534
-0.168246271332455	0.268955683782147
-0.308704292333046	0.6617916096053
-0.0242351552163587	0.0357925199350344
-0.200314245174001	0.337801417711037
-0.144022040040606	0.313522338687896
-0.0403244229661207	0.080893178066097
0.0778376611258106	0.144228080952907
0.0220142558693494	0.0291059630426235
-0.408601084769531	0.70086415735078
-0.415418569715118	0.733878813831058
0.060894795399237	0.0651755675431353
0.0741198266162165	0.106713569814941
-0.284308939691782	0.605951483300547
-0.205778865734196	0.547115882519207
-0.275464856768925	0.709286950023154
-0.0443298255412641	0.0804940410269726
0.296504883176754	0.723084472790851
-0.0319063120745022	0.0501743492098023
-0.0264311172021275	0.0397663346721881
-0.189531355979415	0.46476603124321
0.0373891044879398	0.0667711883621029
-0.000998807804193485	0.00170168320915319
0.034953839903437	0.0527786361420941
-0.486539763319178	1.20764050847933
-0.257163406684144	0.608305078045027
-0.275854719992085	0.762740984525656
-0.194690600600374	0.448670994145287
-0.27696365555822	0.662828178264398
0.125808226740485	0.214431926386802
-0.261176958500839	0.66064190477384
-0.509819293438758	1.32173477327109
0.0801341781978616	0.118337735178274
-0.0841557184054847	0.14239843783584
0.188873137128884	0.40444545236276
-0.174378133293918	0.326235312147651
-0.249942472369491	0.607617723206567
-0.040923264014952	0.0619726336117537
0.333668994931117	0.868145595380007
-0.0790365426327598	0.142291386430983
0.0949110046217989	0.171763997378933
-0.271368523109198	0.378730854893467
-0.191767859687797	0.202268520685245
-0.223981512403369	0.611818181566745
-0.0595531706668255	0.114175923813463
-0.0883541511169962	0.1595247732362
0.0398105720470945	0.0681108581105716
0.259815120933561	0.616934842083805
-0.24695633880415	0.59993976934214
0.0307322141078155	0.0502904488119626
-0.0880580281566939	0.234559971055806
-0.182869727816454	0.483689947555605
0.133735432389327	0.294280621108993
-0.0712883107029794	0.135894254176876
0.271450561306556	0.625869089426974
-0.197039160956584	0.437327918448289
-0.0646970085679239	0.126420847594655
-0.0349115893289773	0.0616266149987287
-0.0217793491547294	0.0367798215257988
0.312226318863303	0.756346100658723
-0.405598213532287	0.966431451856739
-0.042544243369061	0.0786365296484163
-0.0455780042484789	0.0683359732131723
-0.109202590293988	0.194314975807846
-0.0700247282851981	0.106466907750247
-0.110256580638533	0.14869443616132
-0.0691465036163197	0.126279415839699
-0.294957564066565	0.688893397734624
-0.110102268154594	0.180802759871953
0.0355152767919337	0.0648458649317402
-0.345023181310268	0.973756947642578
-0.332116939593357	0.72796960394337
