x	y
0.357617277900799	0.368091080764075
0.572861709039791	0.666317751306895
0.594245240804721	0.749503941779385
0.403747154340019	0.441480544696235
0.528899859207826	0.480082896792351
0.494833078759685	0.477766575063426
0.553734515603792	0.646229742102175
0.15612565943965	0.142153096951502
0.267295824672784	0.251082975395708
0.262983908719738	0.312925739198346
-0.206181396483396	0.169266242258883
0.285009314949399	0.263598246710113
0.733927714151726	0.830865922999131
0.614907482172761	0.693598019837476
0.576011944474691	0.637670169479069
0.605153316224768	0.803011707780182
-0.0226156045280471	0.0160487650456614
0.636506478466583	0.776285210891443
-0.36802752530708	0.337611875815733
0.0604665595808719	0.0669733003548187
-0.0351722779545534	0.0354827640394533
0.159659726890315	0.170941131474143
0.304219296483084	0.393483487266146
-0.0037581765109791	0.00352160976614207
0.173060292035929	0.213375470641822
-0.0357091811818845	0.0256493704779766
0.371878209839471	0.346695704898411
0.586215718811839	0.73176894441681
0.915907550353827	1.0938931914378
0.660812079330714	0.861214662339442
0.440994018059113	0.525181263122829
0.963757272508032	1.16036703327856
0.497722460839135	0.369610936942411
0.0492253860177585	0.0339523796938479
0.113889204953813	0.0796140554801893
0.130662835893072	0.09612893407726
-0.374614997888574	0.31041930047314
0.106707462430241	0.143738206124345
0.171978572459952	0.246699858689423
-0.00171622609571624	0.0019359860059335
0.0409443400398251	0.0564578894813201
0.123833505076282	0.174254288411659
-0.0132999159472718	0.0126117176298615
0.133684182933237	0.0960186600866368
0.308144564336777	0.248657069667222
0.496212570629299	0.457226237016859
0.295634940788074	0.266384858435179
0.592327095002334	0.669066221410972
0.162127985879681	0.175066750655324
0.951721904697323	1.27088355002828
0.297394895397649	0.262229611507828
0.203942414137185	0.183080314272614
0.681817646053942	0.609855203751878
0.440981335408038	0.451255164276503
0.657654021387895	0.784227748717772
0.941013857588283	1.21222607831096
0.446906612908329	0.460201986128415
-0.890797353412964	1.17948661772961
-0.0272294579468599	0.0229354313804508
-0.170813533898903	0.154595594913271
-0.139577405698351	0.160832525502501
-0.0662265937274622	0.0690995824670913
0.0293866944850275	0.0284374388294483
0.138969203336541	0.161854771055296
-0.680211744948848	1.06306735455056
-0.655810557912607	0.986683692093323
0.422360975413327	0.450164102630171
0.202956583574396	0.188037914406477
0.0789119782744292	0.0627653325645676
1.12484651860842	1.60212302356879
0.773391337713349	0.778633713141973
0.129403380687073	0.101067191981783
0.215927678776759	0.155418557803428
-0.00550155969449373	0.00409073984385264
0.740032246951159	0.9215628527384
-0.471646059457886	0.491687357110149
0.381435707446828	0.36197833114457
0.520051875334243	0.560128057177909
0.877068314438621	0.780205818955903
-1.27731390210027	1.39594297903114
0.233948060775864	0.141985952509508
0.362230668563377	0.330584780008548
-0.460397017025245	0.374495602873284
-0.0744171142332022	0.0952063485849058
-0.45004335476927	0.744200239768153
0.12812015725533	0.17618012305512
0.0074096914232774	0.0106247038041432
-0.444924044664711	0.988196070548822
0.38035822430978	0.422286145089257
-0.251484437021223	0.169282166047965
0.711278613217146	0.617644119467877
0.331908136460328	0.243205424074681
-0.242271119092521	0.21359266972368
0.123919368192861	0.0887287418826833
0.340861421203396	0.252480789315692
0.224293284792476	0.160147090883793
0.360671177123383	0.254431875688517
0.325838601134358	0.336426117257286
-0.159791029121142	0.133244051692687
-0.145717391636532	0.137084849919005
-0.267491814889086	0.232021376018771
0.308646431941745	0.23822733953573
0.392127465236049	0.246113569946762
-0.310184635819653	0.202584372110275
0.656458259158466	0.50520965507092
-0.417901775698747	0.255510968907426
0.628139554408097	0.287107752008804
0.368008715117163	0.248192392010257
0.0125446514057094	0.0143565913294873
0.229616640245765	0.312625293033164
0.230287769975497	0.341876059895837
-0.172379667534521	0.3534973604095
0.219604814290888	0.464653767175307
0.0789146844338134	0.0674105560276522
0.0915247614418075	0.0493013988596341
0.0163665510608408	0.0130462744367607
0.2585371471807	0.276959941567512
-0.174951578494932	0.172927015228627
-0.120295955157418	0.0780942083839392
0.138033437260912	0.115752980896696
-0.399857934384073	0.384686925044108
0.131168227598039	0.102229818455812
0.406162141036616	0.365103665398407
0.235314466889452	0.382963838124699
0.147315442336808	0.12274488857705
0.481738818706237	0.590663051869417
0.387602744931965	0.434760477043438
-0.114908017370256	0.109155818799549
0.207111783558288	0.186462612855808
0.0392279510628975	0.0332162793823759
0.0264706766231292	0.0208726944221512
0.538129894993815	0.570701775124484
0.671046425858252	0.86239710984809
0.411527094230618	0.337663972263176
0.361897870218938	0.350625113996144
0.467167058617953	0.437640501454378
0.214859392616613	0.179571133967808
-0.495559169376211	0.428549727946318
0.897290236895185	1.34911279154743
0.50877257668537	0.56162392899378
0.216318009713487	0.182225223604146
-0.00180857809034	0.00284644542575225
0.21162570402962	0.267958093748551
-0.446894041605769	0.73835824395102
-0.183837418849128	0.219506866712695
-0.238898051595487	0.272831190343849
0.0511428312524317	0.0464841665591616
-1.05730426592245	1.78467400313803
0.192969383828215	0.19778775523231
-1.25024937471253	2.86474076463093
-0.0154408645219508	0.0146666738579744
0.436239857870625	0.60109969890963
0.808579798230932	1.13110882794814
0.741076639774913	0.827113224120278
0.649961463630849	0.865964621516056
0.0886584456910245	0.0758125122737737
0.435006870554351	0.518871707322972
0.416881879647403	0.581201517840149
0.204230013315727	0.240252253563001
0.413511653283986	0.586803116522539
0.137430357249393	0.153993884697832
-0.285579009455361	0.368394853193297
0.154905565013471	0.191407100097842
0.509864185492594	0.945576422736404
0.48781263309763	0.70497439574459
0.203873243505449	0.261747481108939
-0.513122116000089	0.807036581327764
0.370190911885377	0.529062815664584
0.129345480425169	0.142068744011638
-0.777709051583187	1.62040422845432
0.760070622290736	1.60181487553825
0.60799807061449	0.745354013529913
0.362366192300501	0.517764045202639
0.117144918589878	0.117631777793721
0.431965227064344	0.529471692236046
0.341676289948942	0.350689213897803
0.215062607087442	0.194687720089906
-0.065229979827536	0.0567907434636233
-0.341142082662495	0.312036093463868
0.0795683440388772	0.0813804894499356
0.365707166333368	0.408609735217714
0.2766417702264	0.267271987386073
0.256337178235167	0.295202791891677
0.382666573519901	0.35784990691207
-0.142949904350555	0.12076838229584
0.158871044151141	0.162458998344425
-0.00412664594340851	0.00357422351291375
-0.119971968366853	0.114553987152209
0.432083131276312	0.533771278841247
0.157467798131278	0.172733283098023
-0.217137359585509	0.271783686834183
0.471591734572571	0.747381848272414
0.170236100734741	0.205968040916882
0.510176178840286	0.704799831571029
0.0111408765041099	0.0104895011100492
0.0646845647625562	0.06161943252372
0.0832862972061542	0.0702510685589762
0.0787979256285856	0.0804876976406672
0.205296076663881	0.24175882364833
-0.00819932400728128	0.00907505169178505
-0.206701676894635	0.252327810520593
0.162403820970989	0.173414828519626
-0.166516151070573	0.19593543974533
-0.306968854814987	0.402406643332777
0.295943951600773	0.35367368893741
-0.398110893356334	0.495323029131654
-0.0465369810363636	0.0383459894248287
0.0915064605378366	0.0841319921132875
0.114587309644225	0.108734134643561
-0.335234736813824	0.37526934677313
0.324376156128572	0.424098060545137
-0.135867461358963	0.13587174845211
0.101311947672348	0.0952699168486288
0.384705385186538	0.4467954532356
0.202806166304993	0.230168498392147
-0.0629381669824238	0.0516359886598864
0.799034209221659	1.12739931206
0.0941152783979943	0.0862362837419914
-0.75461657247146	1.11815240721197
-0.421943310902497	0.552677570457347
-0.0832427270834324	0.0914334881826254
0.464898698573656	0.740022656181677
0.0260452375550483	0.0247169558657401
-0.128487569672521	0.13767779247257
0.516272683157296	0.765189867878662
-0.298392917227486	0.421100271275771
0.247268208154586	0.335106580587094
0.366863941876375	0.493174040673605
0.286592718673711	0.364062359160075
0.241393444509782	0.338714129916899
0.0782955040138865	0.0804129159651301
0.0431604577330129	0.0488172727725654
-0.286776314737216	0.389738035216439
0.0622298514213214	0.0604370975791345
0.0777222297297896	0.0802964073245264
-0.0903960189032321	0.0777622277356894
0.0665375745391265	0.0632389433647947
0.256454260101281	0.315536894911004
0.492232808602823	0.609420523938399
0.383916562265423	0.451806411353263
0.662539466223994	0.890973724692155
0.437733455511591	0.585054803881376
-0.622874139018492	0.933372812306058
-0.00993838412135055	0.00830799380157087
1.13264465542794	1.77048538608035
0.207180405982544	0.192324717227451
0.161506149320579	0.155356232829791
0.559812671576064	0.726504024005752
0.334349961126203	0.459658242327166
0.0459355303390598	0.0414363377709811
-0.0765113896570176	0.0786073518862836
-0.676748721433134	1.03600405775612
0.11097130903933	0.111246297986744
0.126728892336931	0.14231911056662
0.427348993560801	0.52542032141158
0.0259191065565448	0.0279494986874121
0.383621285597493	0.515113884080279
0.230868577834191	0.317353968996158
0.343757206873509	0.581031574876888
-0.0109371892401552	0.0110227672376262
0.205629325948149	0.253725999313437
0.46618819870117	0.675505948639981
0.596778890257866	1.02580272723441
0.618881192563218	1.05501202909377
0.15725357553534	0.152798706239647
0.0111084128958854	0.0121358143707982
-0.322319340157504	0.489784794144242
-0.0752330489602852	0.0833469531825718
-0.204511953734337	0.241333449711484
0.264408671884887	0.259341927737285
0.503870636133046	0.790498157537604
0.75593391508995	1.39288863708887
0.397464402512471	0.493885094001223
0.446959629327623	0.4554543443698
0.927808626393816	1.13276684496015
0.0960747279602804	0.0591535088337845
1.08928060733067	1.11665426958767
0.209257956258201	0.190706697891038
0.0701906876883772	0.0571000852904325
-0.491812097495358	0.624051348624417
0.292057386820658	0.319753380608534
-0.871063993672122	1.29069594130951
-0.215037708457263	0.265534138382404
-0.323625941790822	0.377976371668148
0.270019712751801	0.395495383144517
-0.490772169085807	0.728629764500642
0.140914541631554	0.149855339184869
-0.0570092198294105	0.0602316109396726
0.647408532453434	1.57280854193042
0.238064979624269	0.322926936494459
0.434191610857701	0.606891767421096
0.509262683716857	0.774362112635034
0.0846094766789348	0.0867825609876151
1.02919537126279	2.19979091712715
0.698576596603118	1.20758788211627
0.626954638128873	1.07586295049692
0.16180277548354	0.184222921095209
0.118367129685004	0.149269806007052
0.0744057667779368	0.0823247899242187
-0.139651707897693	0.153331896100292
-0.189992223696312	0.172396138839154
0.0878385500954238	0.0751638807849713
0.0110959514021551	0.00875994119349372
0.0239612321610125	0.0153840792697777
0.223540889226151	0.165454603040102
0.488237615844059	0.474243664764415
0.320160782104329	0.259484644023547
0.108207358610883	0.070050487911163
0.206038487249579	0.20085713686752
0.0541083782263398	0.0405471448785881
-0.024508499657216	0.0206427293710529
0.492034081667832	0.851589990264982
-0.0439059262636421	0.0516202674941173
-0.0846091443823447	0.105478602979515
0.349018510850004	0.593118295645033
0.188434666164408	0.286247630289565
0.15715733612419	0.222166186105045
-0.00204855513868995	0.00231406122766301
0.409181654458695	0.730277182765815
-0.0733767040468414	0.082715357540356
0.0200307391345417	0.0226934205554142
0.156560460064141	0.218526728795886
-0.0738718405763124	0.076186439158253
0.051388112795466	0.062937646132734
-0.0864033749437585	0.103427783802776
0.106502402795851	0.133773795099157
0.0617040185173641	0.080057018414349
0.0463627793280259	0.0570417385695427
0.0348464875295613	0.0426923484189071
0.233243718594485	0.370384567323534
-0.460063565232314	0.889619854482035
-0.0755925061864297	0.10330913943699
-0.916914947327977	2.21499376946845
-0.588775201440836	0.881130287910191
-0.834286953511748	0.94254008524742
0.422087423156083	0.365023847230389
-0.0555476877584434	0.0304419788570055
1.03637482135321	0.851449217739403
0.798931604177594	1.66134529262371
0.588021410466967	1.03649986678932
0.218554830519664	0.178986671071568
0.0452357164598958	0.0323419504597696
-2.11047200233578	2.19880403701883
0.318689444181795	0.318075041744624
0.654794676639926	0.757951890535268
-0.107826676883522	0.103417928957735
0.44023769821452	0.619852524888415
-0.0276100081558743	0.027911684032645
-0.102835467182924	0.13362652352407
0.0732099132415215	0.0889727780709471
0.299320300423433	0.512616284657678
-0.0188278766815786	0.0188096196726274
0.0207173094838108	0.0232126966099646
0.0872955502508223	0.11365100753227
0.28308880749489	0.399041236347067
0.0108080554606266	0.0119322446155329
-0.022596428172225	0.0249028093398467
0.349644476513886	0.615966392927332
0.164625662769996	0.220594331626443
-0.0607201161162059	0.0888915258028486
0.46444912819005	0.945125361938708
-0.0280195975251112	0.0340897239391862
0.278155031276538	0.518034421645514
-0.427685423941758	0.860097270102077
-0.519413734129426	0.881234417300559
-0.902350689237682	1.24818385882097
-0.376440028847503	0.342125694124829
-0.0529133301687592	0.0370822874134128
-0.0966398963466318	0.0452404406934471
0.410160812603524	0.36693829262602
0.549826880855124	0.937631959863783
0.00255071815149497	0.00263604351287446
0.431859817222783	0.373136347498907
-0.0682617866495845	0.0537135594674145
-0.420407858802481	0.338395341541307
0.303566295510789	0.264865110999579
-0.449502634372056	0.554929835769504
-0.129664646070747	0.109256450608162
-0.106396576961294	0.0890570411848398
0.0946141152819458	0.0922173349802932
0.179976052820069	0.207456310376521
0.171410962012962	0.233514431884493
0.58141573150122	1.02623202518799
0.10693190715492	0.117661685294357
0.287245629703074	0.407860232003041
0.700451933915471	1.30215189621187
-0.214547847463736	0.289241279996748
0.0317468797716512	0.0327128391585714
0.111165231548668	0.147251423008088
-0.0011955378968665	0.00135480263575561
-0.409545462869708	0.715253723154892
-0.404150517874114	0.528800896043947
0.334580667401381	0.342570680484788
0.0237489065742458	0.0159508777056631
0.384791586232643	0.499987088622464
-0.0601768435524174	0.0581369974227127
0.301706433638338	0.372008266128916
-0.439368890122343	0.674514903344361
0.30657164307408	0.429890180236192
-0.361363461564145	0.494534886067004
-0.311961886710017	0.398842941716073
0.00990469049585779	0.00964673588647102
0.595117446563878	0.783052182004139
-0.195972925990932	0.205855039097181
-0.425124960582842	0.541636971481715
-0.605396245188484	1.02975060219542
-0.557540032284281	0.881162333542279
0.144151972215329	0.147709068075419
0.0348755083406516	0.0301392274732526
0.23352366708383	0.335464175884649
0.118317254498254	0.179635295561208
0.0415039374390641	0.0486417328450152
0.282251454159463	0.376869692854219
0.244194245233022	0.347623975423757
-0.49321664351921	0.82272137521303
-0.118273739593105	0.13030315126067
0.103173570105701	0.110872338016983
0.17043844269409	0.192679479791598
0.265807415664424	0.296610161070185
0.067540227761669	0.0733838694824191
0.253284109717136	0.306749345282453
-0.149343446448522	0.223637344959011
0.162107703827217	0.187948900178162
-0.0820947477808399	0.0918291733976181
0.142845901126748	0.177017674737517
0.162873810618957	0.239538418654665
0.0882187069435863	0.100422577656606
0.0885218717925186	0.109888037385972
0.215290443568235	0.306548948325467
0.371783163465469	0.4962565976413
0.158059906933298	0.143452705078786
0.470876102108393	0.449295846311153
0.204356081372225	0.175813585893773
-0.14599397568811	0.109705009545301
0.624475152740132	0.599352757978667
-0.0683071508024893	0.0530272291238425
0.707599074671249	0.972145319040705
0.0445146943587271	0.0381104004925962
0.255918562140241	0.347181157997924
-0.245987404304402	0.314124683765904
0.107535957103932	0.153312104231592
-0.0978402495415988	0.105145240002888
0.122675253741064	0.180802358144705
-0.0246894758109043	0.0294955650702154
0.143600824504669	0.187150822220057
-0.138076928177079	0.210200336523794
0.129640130105361	0.186308461601546
-0.103097636844455	0.12429849709338
0.093391619945597	0.108857516959551
0.248262611675455	0.339794473670648
0.327013608509181	0.551773918730194
0.328902706732121	0.5812781716393
0.118046828610124	0.160049896008337
-0.0807475584253944	0.100458189157968
0.0180889844323673	0.0223053042211746
0.142478734447804	0.217446127509183
-0.163792818715355	0.137004953603409
-0.104820632567025	0.0911210667402196
0.269163571013412	0.312724848477716
0.251709827991352	0.326051897711999
-0.385734800046391	0.56896244511199
0.120209259771159	0.12191857612402
-0.423350745120958	0.458494204835713
0.308505387845706	0.261022066808743
-0.0528809564092751	0.0366513125494183
-0.915884756912919	1.04239632519931
0.0446130249164024	0.0309977461401625
0.133052678302843	0.104157748445292
0.637105751537534	0.705493183905894
0.682282278306031	0.812297842385374
0.358234283338678	0.489725306411735
0.287972167958598	0.406100061195981
-0.294492349068692	0.46957533521575
-0.0600628156707187	0.0648400812746813
0.28868765784413	0.459877938296978
0.117317724980759	0.137835725807122
0.21166790888398	0.295552039557658
0.0166886994642088	0.0200245367143267
-0.233550657974412	0.341560835661937
-0.0367650930943702	0.0397135855548223
0.6780627094855	1.20984974898377
-0.526343373469973	0.943454902996889
0.0791121352203394	0.0906934705462584
0.137603272113788	0.176167743679904
-0.0131577716312996	0.0150919854077064
0.004288160294113	0.00500906690719121
-0.0457348921861627	0.0531542944184682
0.0928843890917891	0.0794285710791605
0.150027980250195	0.140529637793053
0.268518095502283	0.309856477023084
0.557552664953088	0.861396392007787
-0.0214698383558652	0.0193478729877621
-0.533609554968133	0.798206232875483
-0.458278615215245	0.781527508746906
-0.362769529992212	0.433075420721388
-0.594733096097635	0.945332839731272
-0.262448952754112	0.246153062148134
-0.160740007617766	0.157744297021186
-0.505209098063996	0.617487925637924
-0.102583760589293	0.0896017874862609
0.477757751997535	0.543376830346963
0.00797434247700153	0.00595841917271076
0.459230129509946	0.686398230494235
-0.139361248402163	0.152507643849989
-0.632614882960193	1.2305656056844
-0.189508996516224	0.235839740807873
0.536938469722203	1.03920639349557
0.379347569219763	0.64120823276205
-0.0429123823993428	0.0489992490521979
0.0203069044128467	0.0250825458105718
0.0497764739520731	0.0585755689193602
-0.062361483800121	0.0750549983275124
0.309622281489592	0.441608420394871
-0.974349696390305	2.21845842424076
-0.122014197478605	0.134409448508863
0.095628143903279	0.120091184042083
0.072439926612698	0.0735631414757072
0.0286095632941948	0.0346866719776361
0.447280622166675	0.797807202602667
0.156375393408337	0.177502689479613
0.298526977960989	0.336514281934397
-0.0313683427676451	0.0263199714319232
-0.139137741869153	0.15998055467423
-0.182210976677379	0.160173322535354
-0.672905651876565	0.951580014529528
0.0547189118946424	0.0415257269090183
0.238764944544849	0.259993322362458
0.526409202979602	0.636575177105524
-0.00354982788332882	0.00302657833528293
-0.45973544728223	0.568654034997688
-0.0391661749539243	0.0272841436133367
0.215938690873918	0.170570292160837
-0.092882662203665	0.0808000637545838
0.604921483179475	0.882927079493338
0.353579932404717	0.453957267670574
-0.26451293738292	0.35168657677428
0.455210616714956	0.653167549084537
0.0609301989544623	0.0637590619127002
0.44474935871095	0.653525697424971
-0.0829519460934479	0.100992930366182
-0.157848841698501	0.204991273280451
0.110660040460269	0.128103882670527
0.256887167392738	0.337186315137614
-0.0370645871516615	0.0390676016156508
-0.490728398104907	0.803932272518647
0.0368136304253959	0.0365782431350416
0.302949019950689	0.37339946706541
0.0710128593754479	0.0679685136083628
0.125823803627381	0.161902210982884
-0.135491552203759	0.147802387173933
0.451232739530264	0.458624410416661
-1.71966131829562	1.70945155889506
-0.013694016811112	0.0099275730737024
0.208846762881713	0.227576864834667
-0.515214413293428	0.490963909099797
-0.320282601976397	0.366752413116751
0.780472988559044	1.10535493586494
0.0825546157371582	0.105385221488661
-0.479278538137429	1.08767942538566
-0.206759894297887	0.270413628190929
0.100733815901434	0.0935259704494574
0.0113700938799003	0.0104686112405289
0.379004856049594	0.487152273024863
0.941453669814576	1.44377927224988
-0.0615405780254659	0.0502773221894372
0.384977732832034	0.513809517245555
0.27749552910042	0.274647448796001
0.425777095048759	0.449341824995765
0.809393799606938	1.108329580075
0.215883037174993	0.224039266541885
0.319883162133404	0.35562435476361
0.11198837338988	0.137555484815026
-0.148494213818859	0.204907622605435
0.0679669690086593	0.0542376209081091
0.221313519298013	0.230841172908802
-0.304316256210615	0.34525053767189
-0.576869632369752	0.968197345651699
-0.801737488483645	1.37104963294147
0.829067344072375	1.2091542072508
-0.213194035213591	0.169911115728731
0.747523210516205	0.917840213118299
0.21515601300794	0.173512906494298
0.0421970855795465	0.0489568405093302
-0.110239707193749	0.0954806887217452
-0.0793788815025208	0.110707147166443
-0.0307385901817195	0.0322551701358274
0.507689741152385	0.849577946009657
0.734186651452238	0.756106424684139
0.214976034943841	0.171016944191567
-0.160627074809083	0.116978404691948
0.297354354880826	0.27094217738052
-0.181277306779021	0.166629965493114
0.584227483818818	0.664845885551645
0.0899264372911274	0.0774346410151312
0.600607098697114	0.807899179602715
-0.347586266780272	0.490254500516646
-0.243017795532097	0.365539193450603
0.318067920843133	0.446867699019631
0.844146989400866	1.15996553280961
-0.266861974485777	0.254900552782858
0.224291082179768	0.180149897606563
1.0747538316625	1.7389848851626
0.343254674679018	0.43302710958239
-0.669597096202518	0.763340084641463
0.392932855056158	0.36386668002064
-0.579502168681817	0.834258789857007
0.207840096877345	0.280159413987855
0.266425887888431	0.267322989013089
-1.11303469447528	1.98259141725053
0.281567258612435	0.273784368179965
-0.373891350469103	0.526520236004747
-0.0755407379901632	0.0735640561543102
-0.523695623032546	0.560986551094787
0.620150800312012	0.601766291537825
1.23192346993519	1.9143763298017
0.477214266700771	0.458512542805916
-0.556053564165298	0.958403091994536
-0.703794832011423	0.960058136310765
0.135546065481875	0.209903818787456
-0.0265552590894416	0.0283193720896553
0.400545287180329	0.361390844784584
-0.334191529759029	0.281399877139613
0.327267480961963	0.265045120091377
-0.708527887436002	0.746635771547424
-0.714892442425708	1.03445163644202
-0.35345793504918	0.357775926107704
0.0649501510529504	0.0622732532349518
0.0974655589848055	0.121329304271805
0.161316350245788	0.263608147778826
0.499338714450281	1.35260109201866
0.417841838543897	1.00902145847794
0.442908069776876	0.590992634145759
0.536705625441184	0.685142479764932
0.442036050412265	0.459966868826518
0.352427331193993	0.363830727413805
0.794785346269383	1.00762637657341
0.284377616134437	0.271427837349885
0.830214141054652	1.1602161319154
-0.46622120925044	0.497061170484632
-0.264143955879353	0.384943413145541
0.143746802776466	0.212419874180331
0.500365054833258	0.661003360562786
-0.108512263037088	0.104203445519475
-0.010456352680044	0.00837955645327291
0.0182260900088211	0.0209524079965903
-0.365781838239557	0.430634386544836
-0.560336596645152	0.730045373606839
0.314037125419572	0.251099340061147
0.276072917041327	0.274739783927845
-0.345490880706097	0.573311175592002
0.072412613911056	0.0585731406510115
-0.170223285693669	0.365558328061679
0.592126632693481	0.580572225158206
-0.00586601738603963	0.00440208578035881
-0.54138860806868	0.474874737302021
-0.473636965666456	0.335408735473344
-0.977467911082021	1.2298164208618
-0.206117160783353	0.218995021388195
0.254703911683206	0.332727911125373
-0.387533122735791	0.703761244864809
0.172293638587649	0.364132119801127
0.182092969335905	0.452400726665958
0.0280799974802226	0.0468851551508235
-0.130800845559098	0.220638606175223
0.485574232340151	0.640492287547445
-0.112799041494809	0.0858828536181519
0.0778978542216392	0.064491538011114
-0.289765282292892	0.241577429469953
0.214847975796543	0.216914310718571
-0.307361842896638	0.472485580424485
-0.137574258130899	0.186342771042
0.00995166858692049	0.00768578412323953
-1.01706779706119	1.34480529915028
-0.457309040740104	0.505943125859264
-0.650442934546395	1.23666152455542
-0.309409923279661	0.333872922691057
-0.431296037154803	0.397436471538504
0.0189713280218427	0.0121928625837334
0.298473845981884	0.262892223172392
0.212048504896048	0.171499872349535
0.245509715937999	0.137764064768591
0.336782654159793	0.267233273315335
0.689838325204754	0.694952900311694
-0.467904557376097	1.04208888259118
-0.0693577464086371	0.055227252663656
-0.20034289964713	0.559693612025026
0.0480780084597935	0.0649056317901297
0.405928350416807	1.31746463324693
0.135278774524455	0.221474251760827
0.215269206436067	0.269869624311122
0.422417983883216	0.673415794913411
-0.385539758513613	0.637112740488938
-0.187140893345535	0.285391173713337
0.372931357924027	0.587190010774246
0.645358272009406	1.29199898965342
0.0722461342464464	0.0872218728622914
0.773441966003076	1.92048147552735
-0.40132059803481	0.787086446687611
-0.54120164428884	1.13196949208263
-0.0151283536520474	0.0173967660024268
-0.0296896655024641	0.0320327081528807
0.154885597671656	0.217019203360324
0.467816150909399	0.965141506420725
-0.0707843860838239	0.0872488790909318
0.0191208490360386	0.0246166338360038
-0.124355150438603	0.18217333856081
-0.483396090413651	1.11597626495371
-0.0772511398366365	0.106388879646716
-0.0405559937018555	0.0522453251781189
0.0295864951894829	0.0421044767662741
0.0548778738032472	0.0915427414201091
-0.218923733682954	0.361046243302685
0.288935832848616	0.528763442839871
0.155493219109422	0.233155029850142
0.155075829716422	0.230602746590005
0.00489871614573413	0.00616169660518557
0.194586182185572	0.330634470379238
0.198409392277177	0.30074977105378
0.334622927681844	0.61148619491751
0.094880900289179	0.136100221926135
0.308971842716543	0.614850565509581
0.035423442738988	0.0449545475352193
-0.504414067047627	1.04312009034344
0.0264303286577995	0.0294428938478045
-0.314266203288093	0.500281866348397
0.284624269583333	0.479964899622665
0.172674645833147	0.348506989874933
0.410043912037755	0.890466495456755
0.0100122303732574	0.0125972784234324
-0.097081691767877	0.163431768686977
-0.0312571980738421	0.0423729988319131
0.00752231886812921	0.0111896136097051
0.224826260750487	0.416608593037571
-0.0803073390012413	0.115473882699336
-0.00291336271556928	0.00384112593480906
0.311770047744196	0.638776565923242
0.22468866604117	0.470547666566122
0.261693169020631	0.418220590622498
0.486130302262278	1.04725750631634
-0.023562254827285	0.0300955872545263
-0.0193638081850993	0.0229909911241099
0.0847680016756046	0.105348534909949
0.0035532135546603	0.00353681484423846
-0.420708600401636	0.548444489548095
-0.463002368253076	0.587716696738958
-0.484294728715256	0.564206029862458
-0.598288618921182	0.721371749999369
-0.150310321876378	0.160869502969713
0.438867353388333	0.833095544601707
0.163914151261645	0.258326936000735
-0.0493572078093318	0.0688706149016943
-0.0239487772362439	0.0301102975020011
-0.035715338894654	0.0471906075421214
0.00443769887607919	0.0058280080872986
-0.497157087481675	1.31133130119431
-0.216888261106501	0.381043285096222
0.0861569335017851	0.130840251166254
0.0994464259654966	0.152490335671323
0.109664825783012	0.183217620504746
-0.00510499427144626	0.00668454505777447
0.199109077306534	0.329606388954956
0.125002512420078	0.185108583458713
-0.273463355432776	0.47801474934057
0.107481564167597	0.166858309049715
0.235299679404267	0.418476104319956
0.0447480832648239	0.0666627925141831
0.122981021057939	0.0878652119683243
-0.0213028624474974	0.0258947184923446
0.0584548188174103	0.0831998939855012
0.146047181395957	0.250019012709855
0.367764715666919	0.815645759311686
-0.603903369999151	1.64429779085907
-0.0478457599812972	0.0588806815425621
-0.0269557133539788	0.0367127581728026
0.0382012907078804	0.0560100547334791
-0.372841688839715	0.73006434416874
-0.159434259067763	0.26780598896986
0.019635088864648	0.0225374961248182
1.06967015582035	1.53103573854881
0.532016150924239	0.801142598592964
0.0663162000685739	0.0739722813635477
0.262893516787906	0.283822768822113
0.00490116501412276	0.00537551842264486
-0.18038935259823	0.223086443470208
0.0283521774643978	0.0272630621698306
-0.471878523342838	0.582939525546562
-0.164119212305884	0.148597353766219
-0.281494219511928	0.242389123001695
0.671167131915647	0.929017756294179
0.139323490109968	0.164912714732364
0.287684344687782	0.547257235385621
0.203485047690589	0.324197177672258
-0.121586065314774	0.202656450032378
0.0543199862985005	0.0823111718240859
0.445364099161476	1.03021493362243
-0.195920409715662	0.367142326384742
-0.142181059582238	0.231404251919735
0.138888466898933	0.244965464437164
0.0445494854025213	0.070035782074276
-0.155705752175142	0.277131024002936
-0.358205862096197	0.813562608021988
-0.132918330207934	0.217499008504988
0.194229978489826	0.317419623211483
0.0237340957924592	0.0336476891704853
-0.00981845262081209	0.0130096809659249
0.0918874627242548	0.140920521773938
0.0594088626525454	0.0804253091198242
0.107294880077917	0.160600097149366
-0.185654546401817	0.351249951201643
0.0848728893245303	0.136683207072701
-0.179404159459923	0.308863979756346
0.123075412894924	0.234297129368216
0.654326897694414	1.11037263414626
0.2226547895518	0.17696813832965
-0.0617290444911402	0.0813799095614602
0.10706289936161	0.166592152956071
0.326786691726566	0.671722843872386
0.340461599850119	0.736226706097701
-0.0434353344660404	0.0687874619180342
0.216897000846713	0.399629972581387
-0.0301352055053677	0.0401955599925898
-0.312031304795474	0.646235225148649
0.0633083685584573	0.10122822951858
0.000896629800579636	0.00104777197601381
-0.0266900406264678	0.0393498767338273
0.360274225342281	0.483559355238494
0.350991448986907	0.335626843536952
0.286613721534537	0.368709383527807
0.462953846863247	1.09146263466358
0.102477527279615	0.145624053470973
0.375491381643257	0.766706691057241
-0.297230974591362	0.386067850849187
0.0707456717007374	0.079761576661074
1.18975109397138	2.27347675329054
-0.0937847313225217	0.0734403904704061
0.134293016297571	0.124900475096783
0.508356989589525	0.794220234634249
0.382925322430717	0.585348902168428
0.407726275738778	0.847346114626555
-0.0535861348463274	0.0776998966968785
0.142210484388392	0.255711041647691
0.133622585385884	0.223245319278618
0.0905309943038396	0.141041986198337
0.469045790844899	1.22713166205195
0.108068543955565	0.174328179174685
0.0522917710123785	0.0785351038208988
0.120149962947258	0.211234518430976
-0.38660319570185	1.07054155786569
0.308420444131842	0.650648069517955
-0.0830164106773123	0.123388440019809
-0.182077028431082	0.308905889047166
-0.125823187915827	0.234423504601868
-0.283074051180688	0.655656680374355
0.100521961836524	0.163157377220009
0.0735055685080508	0.114242099843242
0.0229217662363657	0.0328454802832142
0.319364500236505	0.739839115420878
-0.101689892908888	0.171429051415809
0.097626060162441	0.163002709890135
0.0591773947716933	0.096033880168612
0.464036247403364	0.681947890526531
-0.121746833158361	0.0927786890692975
0.32328171617033	0.328187908359481
0.268670016335539	0.455888627248612
0.297101215195666	0.64992764302507
0.0510684316355128	0.0803660660938813
0.566977241388892	1.72746564876529
0.182322687773289	0.379905130791349
0.0211188913158927	0.0315568817491674
0.0324050728499527	0.0383397476989148
-0.167213886832147	0.282163193375365
-0.0636774334961697	0.104712674482364
-0.0782553263475099	0.110866553315419
0.339096245771485	0.454179419343706
0.0205454222735615	0.0305415237357112
0.113757985514801	0.195536395279915
0.341267092138565	0.784208034825533
0.238189309001919	0.396787167530951
0.201513314621724	0.305701659370624
0.0791348626637372	0.0949044174267848
0.242532569553819	0.319333361491253
-0.38256805004794	0.503431624025752
0.00347072680102713	0.00329860232411117
0.350133809842325	0.347216969634789
0.503989608501495	0.542288349450163
0.380118148695999	0.495978367609807
0.0736438421124255	0.0807002992091402
0.1437532364995	0.182409631201303
0.067755357554303	0.0960227640973434
-0.125983791111992	0.185180023156004
0.436065068815912	1.03618151809609
-0.343667282265068	0.678986387740132
-0.206181149642716	0.394620466203727
0.20341497702085	0.388643159377708
0.0570332343904902	0.0844225297377043
0.0904480671550705	0.145521251113352
-0.076341442557085	0.127572058359302
-0.304975719953554	0.713370057221268
-0.400727766701245	0.961045661994039
-0.00488602920131738	0.0065712091336003
-0.0485081989347968	0.0644377307848813
-0.478918074743432	1.31580739674781
-0.141306796578508	0.262247036949107
-0.0684218009377261	0.0999794558298037
0.24787124703652	0.459765555210866
0.0395482806552002	0.0515147929208265
-0.171156657314447	0.314424531998215
-0.097970748437865	0.151319062059251
0.0882768480160606	0.145995802846839
0.142848401009221	0.261786892385571
0.338759662871377	0.459444566198264
0.410740849446758	0.597206101676159
0.0652369247862873	0.0510109336113834
0.172498298884742	0.253468402132981
-0.0292595667869504	0.0411612758773112
0.0520955927367834	0.0824746054919422
0.0313432866026045	0.0475457052192078
-0.238770474786709	0.432704233019337
0.202018961248847	0.332467469223409
-0.180056149503626	0.322434356348925
-0.111545269655451	0.178312172795694
-0.00398475163591833	0.00504083646970465
0.214152209884527	0.174356611879601
0.133403299809154	0.143480298636752
0.415877486672043	0.605912442714919
0.297150804802645	0.688093559459369
0.107295915529498	0.172564706727991
0.376719244602379	0.738833556118467
0.504475209516103	0.944656641025784
0.24590771296742	0.289873350070719
0.799271661368525	1.55124061776358
-0.0444157016863936	0.0454753246648341
-0.138852470006011	0.130946012906507
0.704607020713045	1.13256202642981
-0.356355641784263	0.533259658490746
-0.115288581370929	0.150538405940782
0.13298548400459	0.202686734193642
0.149817302682239	0.241392240100733
0.287949520231646	0.616220487050896
0.0630361423028672	0.0927224714076059
0.103315417268304	0.171865446585793
0.0559871156342233	0.0901360727565018
0.160182297525073	0.292686307416296
0.152980443621038	0.290642374738316
0.16118935049437	0.344829937726508
0.347710182766516	0.830356698807117
-0.0842933689496191	0.146945793801678
0.650754436417471	1.991066061625
0.290365300836838	0.612013591565997
-0.34117979816076	0.845892428311666
-0.359585568276588	0.888094116187044
-0.258634711880906	0.510983395765438
0.201873767377189	0.36775967140957
0.234759477377567	0.461095111687095
0.119009201992607	0.21015904418327
-0.345980899748684	0.811972404192193
0.100154690776333	0.167309735167869
-0.0933677634720391	0.163972313527267
0.0754023636100219	0.117218822479536
0.206724588328727	0.418166597868373
0.0473774586375565	0.0750985871908228
-0.0918190724434839	0.122365235475717
-0.171425136666986	0.312365718736856
0.0167000375320328	0.0253857461254565
-0.0137125921990913	0.012729961204938
0.0389035140001179	0.0325285869795953
0.114468216032202	0.120430538045731
-0.26177284005826	0.316534681744952
0.390688253010926	0.508764102101484
0.0908604659854189	0.100803951300825
0.169637060948787	0.314666163475415
-0.036665701728064	0.056279424524223
-0.0314694597666449	0.0457696892365021
0.148626925204153	0.236949974225613
0.459106807057558	0.684266517582202
-0.44719446406455	0.635364116707916
-0.0849057699641019	0.0663863497101639
0.82175251277266	1.13040194108018
0.751888265073987	1.43187207301034
0.631289034154874	1.2884982426368
0.0691557118613021	0.0804158933675198
-0.0789718706228136	0.114858700628823
0.0463102826314738	0.0620836920730886
-0.343603239674433	0.755836302601973
-0.355281882361007	0.788877059688119
0.425676863302704	1.12023492641692
0.127284254959971	0.223406911301024
0.254531784251153	0.537335650371895
0.049154604306359	0.0813825810746318
0.337677355227317	0.808640853964056
0.000142797258267019	0.000266079010250001
-0.17199450726125	0.302049261745762
0.188347154422806	0.324346348502808
0.213673692095708	0.428813672969125
0.138351113081556	0.262708031308804
-0.20330775011169	0.380841952837821
-0.418549159504713	0.983171974749512
-0.155991129516668	0.261644988111744
0.0385199125917398	0.0569220166059373
0.185615805478303	0.341437216793665
0.443010811505547	1.06922308916312
0.11834782054977	0.189676035254256
0.0885044129046657	0.154982617256885
0.220873509747703	0.438331770310194
0.294980073017659	0.431076937783755
0.1949779497188	0.242348688160804
0.268811699649388	0.281206415013063
0.0396611625081277	0.0529994050493869
-0.118921815788873	0.192430203964961
0.0315053521703492	0.0456985870444828
0.0104505909710327	0.0150594492237359
0.295473000188516	0.642756297981866
-0.757244829721175	1.90318948265285
-0.0570053824671307	0.0859894754337529
0.260140731651528	0.545019609438368
0.152314832170517	0.246988469944465
0.0528877984832083	0.0803060190614713
0.203679039389437	0.27100557029271
0.183151452010112	0.221115177033462
0.00473769086992165	0.00369807863778516
0.217298592152042	0.304162218061345
-0.426534451072753	0.696896230145312
0.369279947978989	0.521233894216098
0.0668148252075711	0.0753760478759232
-0.00478205775320173	0.00600775767134861
0.275193015816408	0.547180257321289
0.222977872483957	0.373602569793956
0.504123778692359	1.27519533066691
0.184925123404176	0.326734051324142
0.183747786041816	0.318327947221674
0.0821601991969145	0.126923224556603
0.0474339302462484	0.0698471406805087
0.195237747761531	0.339159696538769
0.172098413719243	0.31857266057722
0.322940815199728	0.730400652180935
0.407253521103476	0.676749830218152
0.355801611408071	0.757476342242124
0.208934677426142	0.335277772454885
0.117435565769598	0.17888090254273
0.360045032194918	0.632889268597189
0.507482904758046	0.856911572922348
0.0177808791044116	0.0144710050734921
0.0623230059757049	0.0589266570490555
-0.0421711881436535	0.0343395080596556
0.249510736458418	0.268868777794196
0.164322078707056	0.171145571422322
-0.267987933504801	0.360123292782794
0.159516790878033	0.190942303983317
0.13530495305209	0.18786854917864
0.168695256729354	0.27178865904085
0.110840296972146	0.171785960401325
0.236581505803985	0.402893457611348
0.375639056864715	0.78384159386579
0.0363724265622792	0.0529131033809454
0.149676333984601	0.229380477682751
-0.277545035123108	0.518109158194245
-0.445708863519504	1.12792474674645
-0.293019634633656	0.627132855230084
-0.482991137178074	1.14250960013873
-0.0421740006492221	0.0521114044146954
0.0921199591022176	0.130936361031238
0.1649836268187	0.279240433592003
-0.177165597383452	0.295714972427788
-0.24005273458409	0.403437034948237
-0.081342291708498	0.111878853849205
0.305402017785382	0.550796116687009
-0.52725653620625	1.21265639638266
-0.161879070110995	0.2504187927002
0.0246612778322507	0.0322318221073333
0.268473384464763	0.445908753976979
0.0847894185241431	0.0964854567252072
-0.0085541373634323	0.00790521238365325
-0.586021829159346	0.882211878341753
0.374491299069191	0.347277521714341
0.118653856909554	0.181214019480386
-0.0250390920136371	0.0331444036651064
-0.0912566419247549	0.137029984685701
0.485575252272663	1.20813506287141
-0.0326058377387748	0.0435135740671778
-0.145988310204572	0.207895797906524
0.0482383956678763	0.0661852453978819
0.0655302522981676	0.0931843918168615
-0.00530117427267082	0.00645978587504422
-0.156408136596222	0.240324678092998
0.0441328335854423	0.0316551364118293
0.481825896887734	0.770265876965547
-0.189450317122387	0.225478071266737
-0.00497775717116957	0.00425778223993689
0.13029090944868	0.150637809231699
0.40318591837648	0.779671036287837
0.493987718566677	1.16277652122421
-0.285859600871142	0.514345802233195
0.34549161707541	0.688161642917392
-0.00506216849211197	0.00619223060742935
0.148340459681729	0.258256105028674
0.364259067374923	0.884746428364785
0.211473260116888	0.409032631326812
0.449146429990474	0.742586552199187
0.500976367674765	0.795774995632689
0.0748730087046508	0.12254675947695
0.234032198600707	0.470000518146575
0.187460952212174	0.313070852673781
0.149559374987052	0.250834117945755
0.33004441023508	0.636283233922439
-0.118018783352125	0.157969557277468
0.0549915052009248	0.0567117312380089
0.774492307757135	1.32750743991291
0.147610825832085	0.146311037775959
0.714794690178042	0.89731996153867
0.412210230440651	0.610637679768264
-0.323554625180437	0.458999696308829
0.517069490361988	0.992046573810894
0.459837539781998	0.982868288884866
0.183987611033894	0.325931890806621
-0.15885315832586	0.273023826110413
-0.119786366254623	0.195912651909355
0.560133339173973	1.68421247824005
-0.218950676914325	0.404747452905097
-0.201071472876092	0.385360790893654
-0.0139383683349613	0.0195578643533462
0.0264274131627633	0.0417684388822068
-0.00369190750944203	0.00577990153381219
0.0676010743005699	0.0997163929098805
0.470080911215309	1.16290128056903
-0.145794637588552	0.244469066015818
-0.139053801580418	0.258110568010261
-0.216445585139902	0.443755768396567
0.209552467658669	0.397184165002068
-0.165882088233077	0.27906459758068
0.476757687358045	1.15224087949106
0.589647408601835	1.95428491112624
0.0684799404873838	0.109135881673196
0.403400567868766	1.07990477348196
0.174122144274486	0.333232862822058
0.296380528269	0.649887883024701
0.0985688434499878	0.124518066704868
-0.237813494743479	0.303351736779537
0.251753621410937	0.324288277742254
0.522472756993081	0.566696089465988
0.737686683302442	0.982554026148331
0.169407310442087	0.301708458173328
0.128506615279409	0.211032067610256
0.117446124039458	0.194347024035286
-0.0470699299593284	0.0725570085873425
-0.158886303040413	0.301614640937488
-0.29371977244534	0.603686979595278
0.2042374380697	0.308904189128667
-0.38604665045903	0.913247401136489
-0.162445325808616	0.286945562382757
0.0385360279246833	0.0533882447500582
0.037598098322166	0.053351888752167
0.229386716837246	0.328273997034035
0.295164887142927	0.389066871282902
0.161057247352346	0.176203651421093
0.341196714498397	0.450183756725746
0.17182294051826	0.223806125547533
0.228662303457755	0.383753105118923
0.281504147278647	0.559056158274967
0.147713561131918	0.231494438949971
0.153098349307712	0.249195332722716
0.0329481778085932	0.0436655272303953
0.159355873222561	0.280374960970237
-0.379714040452067	0.937902597672396
0.0356690772579579	0.0500974429243885
0.43962347473149	0.983193536299584
0.467405392868233	1.10398560021396
0.0367456609069671	0.0563621685811368
0.413598378972745	0.864941250597058
0.167746383866115	0.329378811033385
0.429684812089967	0.610959457693007
0.0945582787915504	0.13911947281513
-0.166106617144655	0.269183802407989
0.0131884677457959	0.0147800752162015
0.0814984504715671	0.115550011516935
0.121011013663099	0.16058304054438
0.268717074371072	0.37307895475819
-0.320734742612095	0.428267803956714
0.0520910897084909	0.0473414018922503
-0.13789135285583	0.117545583841068
-0.261811029888226	0.250655915414041
0.0185584285596646	0.0187330508495831
0.0142068847818648	0.013791465913524
0.0199154294003539	0.0196456294384599
0.213094835337368	0.339096641996031
0.178598436661248	0.300342833598968
0.196495872969765	0.342939354438638
-0.148759787428422	0.250564071895312
0.263459911692654	0.514438022835472
0.338237256505778	0.768583719738253
0.0383251410550516	0.0547235921289111
-0.196026640574004	0.359180448542945
0.0329068869011716	0.048687515954996
-0.0681601498081138	0.109456905141486
-0.221483483666257	0.439053169458406
-0.10125827447045	0.154589634678118
-0.197895353226294	0.325648215381002
-0.20362415725912	0.393758695726579
-0.0216171790283148	0.0312117405423045
-0.442189585601162	0.96687888841003
0.297777357937381	0.533831618803597
0.257188068423973	0.444241627724221
0.25652849357589	0.485855125908886
0.292768062533277	0.592566487214265
-0.217832739432765	0.403938761835082
0.406902297689463	1.01376251417334
0.321602629738529	0.696799493126349
0.847154397154298	1.69258650827658
-0.0151730629026883	0.0150929622490165
-0.318405250925631	0.243845583736342
0.385144681384723	0.447014549657155
0.247640457465111	0.366447183507884
-0.000510860015053389	0.000652622191682803
-0.519389883549581	1.26473203604769
0.078677437421851	0.123674248960165
-0.198855343535591	0.336516791235745
0.0645199007200265	0.0973909063817692
-0.22006438638377	0.32567537228932
0.480875600153512	1.17299503711569
0.0269307951438701	0.038323835333962
0.0463826497948889	0.0606304418412863
0.26960893832522	0.359247354318757
0.244957169136161	0.289966262078589
0.128550170071831	0.146320329702934
0.161462059142566	0.158334638829223
0.0770594740632115	0.0889444590980252
0.133075353107683	0.186960177922302
0.0967151146692131	0.155262821640281
0.190657885890326	0.31636073434934
0.0848106561318223	0.126814769163836
0.239745551905332	0.409074066132682
0.299396108072718	0.612307283764971
-0.126612861200897	0.216047716786481
-0.0879206490821437	0.125557001470649
0.31172378272541	0.645971233757901
0.687010745388993	1.93242190181346
0.254528088719703	0.529705671260321
0.641957924950514	1.31209642066375
0.326774111226945	0.610735625838897
0.0482241926991629	0.0663939630342924
-0.0151839017925923	0.0220092383888275
0.263831742459781	0.511239064201155
-0.0741778374895209	0.0981246515167301
0.0237038952987187	0.0322622979536814
0.181618445538616	0.258855311809018
-0.114085492848052	0.143205099779585
0.203513103786215	0.269649330844368
0.18532465729909	0.188022539551598
0.632869318674614	1.08162272052775
0.96175036797981	1.78737313651569
0.519647838896225	0.630577631732347
0.178737916470166	0.208101215308366
0.184874308333249	0.21471546251559
-0.128947902968112	0.159410976708205
0.0847893308722997	0.120461031894805
-0.159606365022861	0.256815877955962
0.326437753207372	0.645136233792447
0.141850351000331	0.230795088009632
0.547367351901604	1.37510180756599
0.569349875718153	1.52427989723118
0.257864703754746	0.453293458777428
0.185434073336572	0.345815951893084
-0.447249681640398	1.17959595178178
0.0430680619227927	0.0639825122618366
-0.152949327775346	0.237479535733501
-0.480319195408888	1.04453291080776
0.439895998154533	0.939149098939094
0.17314777128848	0.31443283713625
-0.220239466057093	0.418412884921728
-0.0667474632482632	0.091299218938219
0.0898257347423228	0.134582702348482
0.194808041618673	0.347040682142649
0.649311554114579	1.70420760034965
0.3044602405008	0.590665552615363
0.0246433222872054	0.0347142503953649
-0.0350573736877171	0.0514767351125358
0.1258452906955	0.205479881201612
0.208438384520665	0.20792042899018
0.298743398158535	0.26512014481009
0.204969055249406	0.201151095827525
0.0477113541413318	0.0592189226304834
0.16837421550112	0.27687619891373
0.367226213127204	0.756985525627142
0.01919188053004	0.0253116834180501
0.0668227183416062	0.0972711427503544
0.476376533459806	1.08793415002606
0.480643669916513	0.971214335831147
0.248465188426329	0.467386682420377
0.0959726915844295	0.150977203051852
0.214133232754676	0.25323554248592
0.480540993983062	0.713220966153077
-0.185444278258899	0.238885672712217
0.428559066586782	0.621114911146853
0.721449499157838	1.36856331592989
-0.282832982301645	0.444189846452149
0.253754774945499	0.448326936925198
-0.123537526609784	0.172344598714407
0.333103243782736	0.651439808786832
-0.000956518594411165	0.00119937092379565
0.165809924144015	0.279224345765985
-0.316293627839176	0.638866163567249
0.21912132253368	0.341694284653081
-0.235051196345839	0.385426145780769
0.0856583355806551	0.134025073296843
0.150135491093259	0.236270248853393
0.64960805814876	1.8261386463662
0.116140768755383	0.152268817377186
0.0507840323907479	0.0630155758608383
0.160419181709412	0.308866160404244
-0.383052868974221	0.892005077125924
0.223672955161374	0.375513202255756
0.296939663329331	0.517958853470231
0.323682682789621	0.718753915015979
0.800263885902211	1.8954991104856
0.541880517207098	1.24985520141829
0.2236131807899	0.417385796818009
-0.0748268776182432	0.0971712410090063
0.178177270055611	0.244322042008638
0.373004747671922	0.513284409705303
0.221317891111227	0.205624466374241
0.602119008232973	0.980900928700473
0.0979557998045583	0.100798965838172
-0.00677281139773154	0.00775893052465111
0.350848520126694	0.634275368163685
-0.066786830241467	0.0880449363281682
0.18177231780174	0.296196786451859
-0.0623932239209405	0.0905374404235136
-0.158573018584021	0.273328651268643
-0.139176252245247	0.235971900628761
-0.0031648735487707	0.00407051974406859
-0.00625586269190994	0.00882103765011821
0.174054847915069	0.336506934957228
0.106498476201857	0.177321461452179
-0.138947076092907	0.237226817049406
-0.539184618047443	1.14825742980228
-0.00827036956505545	0.0107720435509782
0.478648523471526	1.22411810520705
0.229488127980001	0.461690974776143
-0.0587729682373819	0.0834383751687734
0.0580273813831231	0.0796265111215682
0.185319271298669	0.326477950963691
0.0790471208899178	0.120088627738561
0.0258279615887073	0.0369307610179846
-0.246940668271992	0.456817679505688
0.151335554381974	0.270641163994475
0.246399039633711	0.49378501566655
0.0699451581374367	0.105418338085838
0.443577514114069	0.599151230805423
-0.43977923914269	0.503327509345925
-0.479261116820584	0.553720943349591
-0.176813087170698	0.268123402372714
0.18736869132176	0.33255470957152
-0.186594500672002	0.320416315519235
0.316852610229647	0.652749140826069
0.326431297373214	0.69937980222886
0.393600660797218	0.881583973304542
-0.264842214221397	0.445999867552454
0.00694582975885791	0.00877710071732611
0.0392779268794274	0.055492900102152
0.317484805785879	0.596901995929939
0.496485101787042	0.521622897554033
0.247109329420475	0.320066470647891
0.31825757461826	0.46378436742424
0.181133677634432	0.210280583352241
-0.164795650252254	0.182136615749507
-0.0530480849799928	0.0670863162275675
0.238998726125483	0.460938143422534
-0.271854912951988	0.523360049419963
0.0477602299250337	0.0586269758463626
-0.153733014698457	0.22903863107123
0.290396102307581	0.609602024762391
0.0114736948335376	0.01651434130436
0.381145095221132	0.773491604669608
0.162164255495939	0.262679988428977
0.672828975869522	1.82161256576704
0.0375209768577966	0.0488726151378508
0.115385009879604	0.191568430240429
0.173162327163928	0.304564086836769
0.116879639087637	0.194871160678439
0.207394815722764	0.38713941879133
0.236086385848012	0.307439169311079
0.327004763518997	0.635695654665461
0.597010242915473	1.32329465306374
0.239358772333322	0.517049808280774
0.248705879197461	0.501380289215314
0.200489619045542	0.3240215726154
0.381168421403452	0.863829846689772
0.145149567945651	0.237265280178471
0.202823969049087	0.36414368706513
0.494873418981302	0.860851985540012
0.477861503334141	0.776206090205647
0.389333302024274	0.511275085331768
0.118555146651007	0.130856347290066
-0.184022645613796	0.234211276506095
-0.561464414547344	1.20170074033945
0.460161808704596	0.923073972801071
-0.190917283996032	0.328505673130543
0.0107121561051859	0.0145235343912057
0.433120756746096	1.00963413228964
0.0350908738529503	0.0495599715709028
0.452391647359078	1.10341292692324
0.117073641942144	0.184474276191177
-0.0915051895052229	0.13448800597261
0.0535407903603957	0.0866720208683862
0.111692368196888	0.165160280112349
-0.296552595898416	0.618295058941462
-0.0737884290945913	0.11193862159582
0.207493250474977	0.389319325545605
0.310902881353772	0.644605811882235
0.00498126038717007	0.00681260492109145
0.293458263329765	0.528104654816963
0.0706208303118204	0.0980185652716764
-0.354061669676218	0.677841615354945
0.120438788256212	0.178760133115862
-0.0388752326111218	0.0549015803945923
0.146327208097637	0.259206951654754
0.109116583506873	0.180851406692998
0.137727292457693	0.229272556114005
-0.0569503815145382	0.081006791289164
0.033466793390026	0.0491877856179598
0.216041050859232	0.417242788016365
0.0698190326858969	0.0975086751820099
0.597702273563635	1.05482678406811
-0.3548897052234	0.397639605311622
0.740227757906808	0.754964969834358
0.0685699592268088	0.0566420897980918
0.592176969711261	1.36933885215165
-0.192868147731153	0.292302868842284
0.215208286017917	0.387997804360786
0.250988089514533	0.436063927516524
-0.382199222482325	0.766887627388272
0.241683431719806	0.444464012998313
0.0129363422929345	0.0157969965523398
0.117397785789862	0.177583220455107
-0.0546302570577487	0.0766985594994859
0.0756196909350856	0.10240186820214
0.275933250345901	0.273929544998302
-0.0105560246010109	0.00995426906777668
0.200789474519867	0.252793196954061
0.208922978755462	0.215341984801904
0.958468184645005	1.9655902895768
-0.0934547368528106	0.125869836299521
-0.069827713224901	0.101175883500224
-0.126321289929202	0.194853044978553
-0.0955921945500065	0.12582343106517
0.068550092184255	0.0987693454759373
0.00817975382249947	0.011755388492314
0.11188203402706	0.178531611219513
0.106923794958003	0.16564923057942
-0.253886461505489	0.46469452432556
0.589509117859726	1.52012407875112
0.27068475225636	0.48860713752707
0.143790420381647	0.244272435954723
0.395042099694401	0.915830278085502
0.0602727131915283	0.0859107239661064
0.0101534867313627	0.0115097019246797
0.442599592713186	0.885698363810806
0.541833195819479	1.18968422755304
0.526739896781834	1.19074722900083
0.18024085977428	0.283042516147092
0.357678975198071	0.678246215717044
0.20581256859466	0.283584675383348
0.37456973475793	0.74316099568787
0.382036098226899	0.906271066701142
0.249340177195057	0.464139603582867
0.167897852398487	0.285542590834244
0.267891646112055	0.545491530217638
0.194609038538758	0.370378929002406
0.248561471914918	0.463799194555655
0.676439896380126	0.988666797730125
-0.588252056104751	0.89088127346164
0.657583795007182	1.23914978069477
0.23917960351274	0.313736853048845
-0.0697923953786357	0.0911504531666337
0.122126201526574	0.171102152612314
0.00521556031985372	0.00671355826891204
0.187625774539208	0.294653914455973
-0.0216684781802513	0.029970833617752
0.204542280186403	0.320697721480917
0.226794747171268	0.379522437231549
0.376449890687979	0.854671308275982
0.501812589073725	1.2127645246192
-0.738318842992298	2.15769769167473
-0.289749189211813	0.55349810794514
-0.0453907975726984	0.0595406399756699
-0.117931610628663	0.178948170667103
0.353162753519429	0.739863626615501
-0.237704209512013	0.467883877367048
-0.0778510532664642	0.110542737583735
-0.212005534397111	0.321396234854991
-0.204468588730059	0.306805896768417
0.00569032515225493	0.00730576707329479
-0.245317954674205	0.427662151622653
0.22629165277246	0.39679793552956
-0.0488157943870281	0.0655159191859004
-0.117835410143122	0.18245990910268
0.32610222440408	0.654559183382522
-0.23303065920612	0.45065246431803
-0.163832224561558	0.295225539663501
-0.144889124759054	0.21041817569841
0.140010581385253	0.176946224638908
-0.0721971778470147	0.0732231044953401
0.451709064310624	0.674183808475239
-0.38607088639806	0.433480170252961
-0.160975899511389	0.154406915081947
0.202900432686523	0.301523766255041
0.0967698926816291	0.135319889602215
0.00920197565231303	0.0120370201138174
-0.507210082067372	1.0286797362274
-0.0127101379935362	0.0157013935558231
0.047773019243076	0.0661637674701548
0.203327332365042	0.30260552063265
-0.147677587144508	0.220732228504077
0.269976447139496	0.248673261435051
-0.402204962961261	0.627937770302721
0.0197813194374148	0.021153489903984
0.415667485559475	0.532958916377482
0.341727833591435	0.520384821135075
-0.0138614021850586	0.0150691030437314
-0.00745916624903743	0.00954963441029733
0.197856831746433	0.321777564353235
0.824044783756075	1.9529705705434
-0.322154110453922	0.585938337957847
0.221350993604875	0.407895784290143
0.331599697317348	0.605738280767672
0.225937017671141	0.396581618525157
0.155661980954654	0.24726731097362
0.224598070669759	0.349391311250418
0.101487051763608	0.15650188988024
-0.401678330021065	0.884426886647506
-0.325012738305418	0.507237899913902
0.259403698353992	0.3505178357553
0.415091435268818	0.867048631715959
0.102106348220389	0.15483241774333
0.0434137747411484	0.0535040710832376
0.362890751874757	0.709593404161352
0.0747907712085781	0.11078258307784
0.147408856040034	0.20564640426839
0.0137470001289339	0.016456124280463
0.16429358811119	0.246721898166758
0.524185574925186	1.40134135256547
0.0393142401287064	0.0560591936861617
0.174444272822148	0.307174221276388
0.361396328922916	0.821272958795775
0.529971994202974	1.28018625039997
0.337588150263263	0.62906639036929
0.498920516529658	0.58646549004191
-0.319404215381228	0.383601325520425
0.659011557426163	1.21914923725323
0.275684312673806	0.392214910426231
0.40342702424382	0.756282881785122
0.695008371977314	1.80995165624173
0.434510228415453	0.942093463016624
0.256750658542032	0.494809380861919
-0.0119294290301468	0.0161188736261745
0.0420757904577171	0.0582530804071992
-0.127084661431784	0.182757606621525
0.141196723221999	0.229181664201264
0.0292911947089509	0.0408684327535585
0.0495166131895127	0.0656949442446834
0.0283332599736555	0.0406325607713435
-0.171544916564381	0.275203514844781
-0.0174928929213975	0.0245341547362935
0.478456706226623	1.16306119572106
0.159839854392779	0.267750820068634
-0.338896021273255	0.661005345378637
0.0344213085845484	0.046472316147936
0.0125813035044898	0.015978764087992
0.155130162582175	0.250712846380785
0.212983080189299	0.366833585719196
-0.209803936604617	0.353236899009122
0.058088497893686	0.0876220641036166
0.17643238752686	0.285387080032644
-0.0233147442147919	0.0311350614620005
-0.302387121235498	0.592959331107164
-0.19096624894583	0.321680122079672
0.242879320044337	0.379896439520385
-0.291412002642899	0.424190258450405
0.886441072147502	1.95035860351003
0.578948323283146	0.958941325708517
-0.0693264338185411	0.0610317082696408
0.708930238131715	0.969585654994485
-0.0624677423720947	0.0804774550899026
0.0368123861339693	0.0460097614610003
0.238355170612749	0.429162788483302
0.267398544092254	0.494935064530835
0.0622631814560685	0.0923199076514151
0.214911465227936	0.361544887173049
0.20037447307309	0.311322659735208
0.277783209113796	0.4866480991462
0.0331916881515937	0.0388506581445511
0.216373484752823	0.209316863960067
0.214377445108128	0.288318371205677
-0.206266441740678	0.267078468196524
-0.312546520152316	0.418227427165247
0.330972943876389	0.443107613912738
0.02796418879339	0.0327970652156134
-0.14465375575022	0.225983160569154
-0.202956809181536	0.327842064612206
-0.183438038018018	0.283505248362268
-0.0808834441613739	0.102147423201384
-0.219611629214252	0.396938751513025
0.235121743473427	0.454664341225022
-0.1374726532467	0.23560607788266
-0.067029535559156	0.0819865758895045
0.150928244689903	0.247469903461921
-0.00708045779556396	0.00908235910316355
-0.00808917285815092	0.0103710955511322
0.121628616896925	0.182504844241528
0.204076530945701	0.332871527029706
0.121651918044374	0.172434898454324
-0.0552085777600645	0.0754867373543701
0.191262214820098	0.285109022461758
0.679986382579042	1.76860867992794
0.515711778717938	1.03819335727422
0.582623834919318	1.44304659636686
0.293526070059236	0.558440264477467
0.328500586227281	0.603136386734329
0.10920673200219	0.141072612754198
0.320294761682622	0.664728276730788
0.417385041586425	0.771196987447585
0.548607782201485	1.11881594039444
0.147697356101315	0.239368448380543
-0.108766843281241	0.143602920254035
0.0535487937372453	0.0704964263552545
0.199765167120758	0.260027930034917
0.226487142338002	0.430535039401331
0.540247217630975	1.37732061666107
-0.110969131299911	0.161735456731609
0.605204403198201	1.53210356607142
0.623637646289105	1.6339928469232
0.522734783722381	1.37524703412659
0.448643665137638	0.858266308779349
0.239048818064358	0.340041007857053
0.605406907946941	1.2632705252139
0.36577625968236	0.537497742080749
0.345278879987782	0.670326121894252
-0.0302071468140357	0.0401951115992647
-0.195598200210614	0.30427860723953
0.509991736592941	0.990356507417692
0.111741496614854	0.159671465127463
0.284647688009488	0.53349792807374
0.0816554431865892	0.115854493611347
0.0938922960710044	0.129964392749697
0.601279791594146	1.58027885284196
-0.510689175761856	1.07646181752981
0.146075353798346	0.244125446936606
-0.303157555734389	0.624717594881749
-0.0348961367122007	0.0421963720613948
-0.0386764559247051	0.0480319379835469
-0.0823090258517168	0.109547314890504
0.140009091673315	0.195592063089762
0.269232391864074	0.47107031510721
-0.067824500949274	0.0941267598290723
0.0570382034594646	0.0695263390258974
0.170265544919087	0.258724872564431
-0.037326799819926	0.0468000313492284
0.0195332758747777	0.0246692357972802
0.433840594918744	0.843333120933444
-0.269566272737711	0.437649394962177
0.300959736670047	0.514769276301147
-0.862021896635657	2.26980282113021
-0.00995919046453324	0.0126627462220046
-0.43349455246583	0.790005881731148
0.113801692476606	0.13547491730468
-0.185935050152611	0.23733676142632
0.145082912595434	0.197258945930813
0.111154843363587	0.145054172479427
-0.12234801620415	0.159449497773701
-0.056939587550241	0.0782194486809421
0.0724708883459249	0.0938585968403034
0.438434841929146	0.863701341897283
-0.183191824121995	0.276963068345223
0.0649415934393723	0.0846645952075772
0.4660683324671	0.811493034843595
0.338032409654536	0.634800969708901
0.0357949561585226	0.0446143024307403
0.279610107292001	0.439381769575879
0.071584964017666	0.0915991852396717
0.403546147782169	0.857643677577579
-0.148705581976152	0.227144746925078
0.109583188105316	0.144504920595801
0.282560939498336	0.417537197621756
0.203979667452159	0.287015195611814
-0.143578727707989	0.211453441338776
0.0411579260810863	0.0581719087775612
0.118897712998152	0.175536613226247
0.286334286647231	0.472707217469767
0.623296531458499	1.26382791332458
0.272391736248375	0.363653368206938
0.169162736464998	0.224561608456559
0.188430162109976	0.260826431304458
0.311559728694101	0.559064961887267
0.412150112780439	0.894911154093217
0.147042238269088	0.185959504028812
-0.189604784625893	0.259347107025093
-0.338358566507451	0.493218985918411
0.587327809264485	0.9731383469194
0.237514918727733	0.33801369583901
0.35681195475256	0.542804040005682
0.139662121666086	0.176441937939713
0.221584550002237	0.322238571144481
-0.117306421157877	0.136986785150215
-0.0868771599270502	0.116959875315669
0.738435024765335	1.49969333963593
0.0399661514320419	0.0439361962569016
-0.0700364825178295	0.0724972288641204
0.17315348903074	0.201957728957277
0.945621582341768	2.00385714098657
0.858162554418706	1.79563825612985
-0.270107415929731	0.426208500974157
0.0774691437218873	0.0900172747606084
-0.0346766272968888	0.044231122502765
0.301872667045334	0.515978592431098
0.382660398874982	0.693428784973061
0.586220548482148	1.29528224642886
0.48992379590267	0.917966464211172
0.253304254618982	0.322190807710234
0.834436557570607	1.61612931068655
0.293392412459478	0.460110755767471
0.138547647457224	0.216266778590388
0.290071186782743	0.483171569831494
-0.128536292747806	0.171184181036232
0.186071376614555	0.249086730737513
1.50603104941223	3.85692394180526
0.401129286048492	0.74527536549997
0.359769399315019	0.637444507294908
-0.0496813602199787	0.0595648938021876
-0.270766937192445	0.379057697886863
-0.0162119890963728	0.0178809146468962
-0.151293196225179	0.204405815767213
-0.192795016376046	0.282753042874582
0.245974085273535	0.364124199673768
0.123872037040446	0.159760277942957
0.0590945776857292	0.0748462390740835
-0.141651646596602	0.172236568732628
0.0556426522514155	0.0729057164505883
-0.413872625007305	0.729688816533136
-0.0481466139335691	0.0566740916746701
0.284135576383519	0.451767665770748
0.129064597201631	0.158224274694486
0.202833768946543	0.310362413281909
0.0148244107438404	0.0151884287422015
-0.171800985084919	0.20770527239613
0.412322413102513	0.74896728364249
0.0882489082400388	0.096166944939286
-0.468059716443438	0.789940557227035
0.441092720873236	0.755476028542961
-0.716123014392016	1.14500825238264
-0.0240073595637231	0.0260977420518446
-0.0825294405629982	0.0851708970467873
-0.117680845537534	0.121944430041489
-0.491281142408017	0.952667670904981
-0.132933048703193	0.166953324311979
-0.00692002321831609	0.00760207653438272
0.209575342527545	0.310156791616386
-0.271114200679976	0.472923938090018
-0.375591313191906	0.656821620328865
0.240392253664482	0.286404418387189
0.595062986439714	0.950765114174541
0.583356099655293	1.02445376264913
-0.0295330716381674	0.0308505747927745
0.246526265687543	0.30320488200216
0.24656326858935	0.417590063012134
0.232813288485627	0.376177684829745
-0.118175090475704	0.152147861000569
-0.249299691927169	0.431401654807394
-0.201188242997547	0.300111099548205
-0.255406875141051	0.37335316019435
-0.129613532963566	0.168612918742299
-0.219337817323561	0.267129561229838
0.420386733270583	0.655983501019369
0.125724885158743	0.137255946039193
-0.167804761584093	0.210309779224625
-0.0883044328603933	0.107817033478704
0.862365547816058	1.6510970145482
0.0968613199164895	0.105003221487194
-0.143867980103236	0.226599957114678
-0.177907278061119	0.227358322002292
0.0120228718281423	0.0121075082583597
-0.127130663306513	0.155411720234097
0.343129253374145	0.429204211470024
0.0614423024883143	0.0643848151432866
0.142098669397801	0.168120304774464
0.619003454266817	1.09816973407121
0.317320697000699	0.450558334933856
-0.0347161646789851	0.0518638674601725
0.106940430285759	0.179448511844652
0.150971833981811	0.203643496555084
0.410859839088096	0.583410764929908
0.323702216176461	0.452942902627967
0.653651989478603	1.06252890494182
0.000432514650025488	0.000350390075357974
0.238136568522621	0.466312686962314
0.0429452515522444	0.0491471137238565
0.784520960006163	1.57546302191016
0.487566654884489	1.17705181852287
0.642120925779257	1.21525171371579
0.404414931806547	0.608810179954087
0.267067515263903	0.280633885915569
0.510219066819305	1.19834179003442
0.282937962245714	0.468726121524331
0.0436021315659115	0.0437463555773961
-0.399611278736009	0.638758074720215
0.021422317002047	0.0192022039274025
-0.50694500908156	0.914000070547149
0.198806234509624	0.243048579234053
0.145956393686075	0.195704146067021
0.0647496985906403	0.0768849586214748
0.813176029228273	2.06676897034374
0.489879168806487	1.01814794524273
0.366796725543111	0.448530119924141
0.0262391832474664	0.0249070487328298
0.0732562501675332	0.0736342707817882
0.10986235972895	0.123572999053047
0.358261207138525	0.741841895019989
0.194173099099299	0.250764097213022
0.677602373888245	1.38340021871601
0.13399172391606	0.147070939462791
0.40494551884395	0.656303112637184
0.187716931437242	0.232023830238713
0.356976081808908	0.464789974819488
0.207300336295231	0.244486496063846
-0.0163726654819305	0.0194918767212741
-0.196503741913545	0.252526703447283
0.0290325633184681	0.0338606672500446
0.0310245321701182	0.0391065528069987
0.0727316016332081	0.102514725786902
0.372312543176207	0.598835177991403
0.103112916711458	0.127102139329348
0.0805527318050852	0.0912412695310219
0.104810158624329	0.152911885199546
0.332120664946543	0.520735659717128
0.377171281669568	0.539014836857794
-0.120168749406734	0.137861589628286
0.388823935291983	0.525529996107141
0.0630398043059385	0.0676356209766609
-0.0576163589093339	0.0608397341892833
-0.0161574327610042	0.0162155587218769
-0.0409967581959938	0.0430360706030342
0.627449497298647	1.06534764344586
0.0573049317130435	0.0599120519518064
-0.105425259484639	0.155573703312037
0.341818140747024	0.595998010411257
-0.382667742756057	0.698700106567796
0.0481578471815773	0.0737615894021223
-0.564947010455565	1.56086443945261
-0.0863005174974989	0.108819965956743
-0.00422370788329754	0.00399175706936247
0.222115923163718	0.247124671444468
0.157109108340062	0.162992917881919
-0.849539546160619	1.49600118268152
0.58934993972681	0.882133277106804
0.18618088672314	0.302593728501657
0.162566831499427	0.186738505827052
0.324578968273996	0.416694319807202
0.337390072547887	0.742921406661284
0.10399360110046	0.152655647946166
-0.104308874707203	0.161162046279424
-0.230982313073419	0.488109818646488
-0.0636358179796616	0.0683409773004862
-0.274062486184142	0.404670662419528
-0.244224446258326	0.291906805849468
-0.47939192179302	0.556322706647128
-0.0988104189102049	0.117712892919737
0.369341776430445	0.495598448707771
0.477095272608349	0.803495911088831
0.45929962717545	0.690379559827456
0.168896148767469	0.196044362088697
-0.54090181357633	1.05458496028441
0.535290502676558	0.694384947755304
0.354867743013593	0.411132035587377
0.647937129359005	0.850577733384464
0.339029940403871	0.81360489021941
0.35428389417729	0.990720870547039
0.0730018043407637	0.0897803718338126
0.327123919549019	0.414969947710553
-0.143768498820941	0.128962878638394
0.139357620204857	0.116072682132192
0.0278429357322149	0.0253658130804414
-0.0799749499051097	0.125668591474255
0.207941968891046	0.228464647978313
0.0946403140547852	0.0894660173591979
0.446659843810703	0.617724416679696
0.172859549620656	0.210932091591407
0.395941673988348	0.660833254825043
-0.111966700924624	0.122620167961499
0.391386359817181	0.537251795533184
-0.0766236511086768	0.0739522223229053
0.000856100805999669	0.000781448748036664
0.0695305518678084	0.0674270950290492
0.694996693794023	1.48279796824848
0.500667362175248	0.860977498860345
0.141329945902318	0.139270130677376
0.0680615299722581	0.0619544838529953
0.304112226176363	0.350548924428112
0.507522995747997	0.727328788950885
0.451666706721947	0.667683017182533
0.55570045001837	0.884080730252024
-0.390637130216242	0.476322006794092
-0.541829468577407	0.876084734042434
-0.18577844135732	0.182129081477257
0.00388663111633223	0.00343025842865955
-0.0488190243559476	0.0521524077286226
0.461923768452001	0.666333368206243
0.815118381467621	1.28661132781012
0.835151517047442	1.77690327971885
-0.352931847779873	0.616726930183443
0.159842048608994	0.269422199008179
0.673025185239066	1.1033080273243
0.547480000403288	0.92821553251608
-0.00393902390308005	0.00405544293066405
0.540901740141114	1.06678786768158
0.568911507630485	1.02578781942496
0.209318095501434	0.240104999042982
-0.426151197190529	0.555629544352324
0.159731956464558	0.163828821369647
0.732104399896356	1.22286974235255
-0.177773417789444	0.185924066615934
0.872905336859486	1.6009098524938
-0.66046229383576	0.873602444147988
-0.288656195050204	0.306316493732639
0.3109660319832	0.35293836312171
0.243415921779068	0.464713734243318
0.503901899747533	1.05307983216134
-0.113292079185938	0.161381591793881
0.0862172703958339	0.158206005744342
-0.0418728089395995	0.0670138706409136
-0.150164824394225	0.180776899907265
-0.0658969367185978	0.0588431749515594
0.0263677105404659	0.0239635757677426
-0.54514684980496	0.707679111548733
0.204443570611904	0.206943789303139
-0.749852510373691	1.15241317291502
0.300733637435212	0.561331163130853
0.15297420479877	0.183189895111396
0.206968837999641	0.19462570192962
0.317188377937037	0.809045715745499
-0.15189623047929	0.229750085417714
0.0484348467543174	0.0732768513801067
-0.0549912749823173	0.0927343061708407
0.0191848221616514	0.0202060932875359
-0.563344029635657	0.919841465332212
0.38327676164812	0.509031939520074
-0.296367107949461	0.334914896893854
0.0835598519386455	0.0736166235855161
-0.33102695381265	0.474763266335393
0.0503080875725087	0.0535748618851426
-0.277414099214337	0.322106586859234
0.170419703803458	0.188538272363399
-0.0638921990324449	0.0744388648628557
-0.052182520033379	0.0509434249265132
-0.604883600934908	0.874206425078933
0.423530090804737	0.901678285027725
0.395223971958692	0.497772757917323
0.293244571899485	0.413244111059652
0.658176627200986	1.19795686896751
0.0599097717861963	0.0542058233654903
0.670442084135988	1.20322847543442
0.3526269833221	0.81583619149703
0.411929915303532	0.738905066682157
0.0863136085667522	0.0759688428404726
-0.242308835250291	0.267744267773486
0.167247662299815	0.180816740374496
1.30650913061836	2.63013297427496
0.134035528563673	0.212227281621713
0.257146943934335	0.282275280481774
0.251990666214369	0.315157959884171
0.618137663649196	1.56631541363974
-0.390732216945768	0.493317561254831
0.421228359200046	0.574895590112907
0.553302795706996	0.999138349448659
-0.0700497584245255	0.0631766590120192
0.5507978445183	0.795734087604647
0.0228219540978662	0.0236544572738484
-0.0026539979754026	0.00256124503551369
0.285874849927301	0.432682448321693
0.0752064484839999	0.0838696605258392
0.448063527521095	0.806701362308476
0.305277419128669	0.439411540362072
0.609529390310466	1.12124167589416
0.147686121145066	0.149834291398542
0.468241983406811	0.533828399697072
0.604018327148664	0.980462777153061
0.232900303361773	0.44827718898518
0.346352697806804	0.42730960855223
0.423483541556081	0.633560248114229
0.244533315507157	0.339211026125753
0.433753091688807	0.595229629520268
0.341129632750189	0.441951261952126
0.450098957827893	0.610464862322109
0.513316784732586	0.851061046399698
0.134042656350248	0.144098980714244
0.226216598747007	0.310483242371528
-0.182022404657338	0.213234764065333
0.344527035879887	0.431129438639723
0.406625521376906	0.621307584942965
-0.0937816551977525	0.11252881195226
0.500089897517662	1.13224137111283
-0.040418829769045	0.0398060910728068
0.200737810769956	0.241022227576953
0.172234793855038	0.19309416687111
0.166698747314212	0.232978078399943
-0.183227856679945	0.228916608040453
0.305232752669617	0.39743052494672
0.158186433588724	0.164249901914511
0.243070929412463	0.300420936483944
0.174220367555502	0.195750299516896
0.665906873521295	0.856049003555693
-0.280817927819266	0.317570493864613
0.658591339253286	1.01713566838648
0.0705443818194724	0.0591716290676373
-0.554817876604721	0.737999593565645
0.277538118981615	0.498524849282491
-0.145234740319676	0.177452579390039
0.169912316439119	0.232421200766153
-0.00121838598109627	0.00144613191408012
0.106177497413221	0.166001756799358
0.32954518846026	0.451841210004528
-0.710974894018168	1.01218707193693
-0.210938794283005	0.244049967413226
-0.593329172444831	0.794846331041533
-0.0445639097307251	0.0414249375860962
0.415495746748699	0.519271481956041
0.0683100358664499	0.102123024905776
0.189496231463801	0.343604355218907
0.05807098622422	0.0718216702564512
-0.179693351999339	0.267106945839828
0.204114338591178	0.339154005621141
0.169353390688353	0.185511345983214
0.535373440906638	1.00424938298995
0.0293984882581545	0.024819316954464
0.143369459814165	0.131357786083386
0.681316874152884	1.03929663863204
-0.0215022494869124	0.019285665640608
0.0336535265725476	0.0329522610408733
0.446351345482693	0.621096288783873
-0.692041956740318	1.14045835714834
-0.444085898618753	0.995868443327719
-0.0548705162965288	0.0672217189687557
0.320957080638792	0.327844687125377
0.108303009943927	0.098415091455255
0.0536752284946368	0.0377127023606795
-0.178164508915359	0.158851856449431
0.546243619770459	0.644337001098123
0.602329631514847	1.44685031551174
0.422985327007603	0.57963637396333
0.396892979690015	0.514757120029065
0.206016111183268	0.185195544538276
-0.0246066641562781	0.0203936349654
0.58900165595772	0.673654436357453
0.385583044711874	0.434573041826915
0.769090275088942	0.915443192240326
0.57489126805012	0.729056148475494
0.724845112210843	1.05844144914453
0.535159041187877	0.562059143264337
0.279345978635962	0.383676658149738
-0.00527033906678218	0.00445534988111635
-0.13826060884982	0.127955165672789
0.302536079291531	0.260359928154195
0.456440088617091	0.614306908137714
0.0409940504099096	0.0366810043149878
0.579857812865317	0.817031768010425
0.226318794961722	0.209426697277526
0.270887652469045	0.356572073969994
0.303827854599482	0.564030716980335
0.196658811907447	0.322244454973444
0.107552269137965	0.130118889355186
0.214062386426401	0.225087797948425
0.634255959556031	0.991093725012909
0.0704478931472075	0.0730099109216549
0.533287541061618	0.763180281576458
1.59127825910902	3.66464387444578
1.04097419769117	1.57995651865566
0.76492875756464	1.16782625010061
0.383916630545342	0.435702841939899
0.0727223916558049	0.0585794556007029
0.702561752290894	1.18384361786727
0.195683890773703	0.205877756908862
0.0319156821708533	0.035480775745208
-0.0408157806823279	0.037377279452521
0.457815102119385	0.464013740214885
-0.031437817426847	0.0286813403669437
0.0413582744832437	0.0440984186515633
-0.331764767308763	0.340095665730768
0.655174334146125	0.904214473248237
0.369884826679268	0.444512825946407
1.06634074777267	1.79645414965587
0.644664761314778	0.841376287721005
-0.0135472038106101	0.0100450050152494
0.153153791017417	0.148289795888866
0.0153896070393738	0.0134155944053702
-0.156239847612666	0.143353309710281
0.295373146729451	0.273133175265739
0.367612562775169	0.643781817006741
-0.0647476251877483	0.0625284809529452
0.325765915124664	0.452980195703096
-0.00570557325313708	0.00668813064369139
-0.23020492186832	0.389215822546357
1.17036858722501	2.37613217973101
0.330199322503173	0.339831744820346
0.700364156426647	0.897381946904797
0.476114997936374	0.443280004933085
0.479475129514763	0.541631781041592
-0.397013441337481	0.414094891432001
0.321323968380438	0.525412535809932
0.324739940292222	0.366262866731356
0.172063879045585	0.282600532198461
0.230060851022301	0.423148572986654
-0.0510932779687803	0.0713790362418498
0.172805862088699	0.205220772413523
0.410577323189586	0.706979513096815
-0.628437385536242	1.60752767098203
0.121535043959868	0.122309659132674
-0.188624832307707	0.21359459173304
-0.00225977524932543	0.0019817115000486
-0.371371014397062	0.345927349844864
0.0341846101365587	0.0261445515738159
-0.134501556991052	0.127668546933972
-0.141481589675364	0.134029013544953
-0.209077962831266	0.177408078604709
0.428487934702927	0.361414830839662
0.061343928403023	0.0588492661421216
-0.272917208572628	0.311271693128354
0.798846785793136	1.51722843759597
0.66276582918678	1.08214864507899
0.769391824765152	1.23219627031898
0.0438297443929715	0.0420223250052419
0.0502060935285936	0.0447394844041895
0.189077902307062	0.338809598698716
0.303632365750206	0.520815196658357
0.514168755221168	0.910987901439867
0.0692660375066353	0.074354555827128
0.358821296201978	0.410553139407288
0.375575533806137	0.556971748874201
0.124522753728097	0.13808428598735
0.0416461309478506	0.04109432955579
-0.0538772795232782	0.0532024931244629
-0.0891991003823272	0.0914581485089738
0.131506065649933	0.169323203951706
0.623483136524057	0.916465183188723
-0.315538666200085	0.353742133442436
0.355436948443171	0.429285740345254
0.78063203685757	1.25271043643856
0.338055407926876	0.43192843344973
0.67348549026103	1.29889109022589
-0.309093471634643	0.430020325583827
0.200853393730597	0.3156507007557
0.162883700242316	0.181482484471107
0.406988864502283	0.725824095930949
0.548913675131651	0.909101217819762
0.558542770696433	0.927041034965885
0.129177985522337	0.152128467604541
0.24577703400774	0.336774654101296
0.144784701962889	0.206506913288453
-0.0978586585439388	0.127228861445705
0.44015657825966	0.643970566436702
0.053774130366005	0.0649882402641685
0.0919177901370897	0.093225017634882
0.0640593933846494	0.0726429456033351
-0.405270122966946	0.68738047881414
0.0283070899200729	0.0271851191917394
0.0514042085590024	0.0523092985288332
-0.0251138210535675	0.0235980754145546
0.0296124231359195	0.0313589977668979
0.336091842153785	0.431426669143374
0.109547113393356	0.104305206928213
-0.270998929858502	0.363730689599963
-0.0914681016924711	0.0995239456870854
0.834747321232365	1.38303833793895
0.104616973223406	0.145484056504293
0.0635550742613852	0.0727888919794765
0.335414498328667	0.58486454965095
-0.46997462775919	0.957271037278506
-0.204686119365698	0.320013728034371
0.428914174071619	0.70951207294265
-0.0268535921943149	0.0250804742845503
0.328524596874829	0.458701571109024
0.338391701609721	0.43670774783511
-0.117979761431681	0.135407339638222
0.964625521191512	1.78104350263453
0.513455662599884	1.09686598751592
0.159714024279465	0.261974703048233
0.115557085804357	0.1914935550771
0.0728719244954241	0.105642699142908
0.112389493233013	0.155521090307036
-0.140353209417279	0.200217535965267
0.0663956233134131	0.0931939514549004
0.632238911298506	1.19400244984249
-0.137215557306854	0.182245076610453
0.591313813102292	0.943221333837826
0.361405111180296	0.431558960537987
0.297604985684029	0.372946299650889
-0.869488216633311	1.34677541976839
0.108168296416102	0.125188070436282
-0.246988849560734	0.304303050757807
-0.0454845321632258	0.0441948667217801
0.0107434986611176	0.0125106291394758
0.124430411179607	0.149980527255998
-0.0296452346405703	0.0324407573269152
0.35517983329736	0.533356998208429
0.0541412503061328	0.0628497363635767
0.623019681088849	1.36913710379395
0.496206541016061	0.971220479230461
0.735972559775322	1.22403395692045
-0.0237545290257658	0.0259268530273096
0.351379515144035	0.614685119366845
-0.27643718782349	0.408220708986127
-0.618523094426264	1.10164082491007
0.550646123985927	1.06783070886395
0.454256643132127	0.659270391529708
-0.0549906064933734	0.0516225840539962
0.527004142578615	0.839881167319014
-0.0648641577984489	0.0774999210640302
0.51016550293318	0.816016806499274
0.371286149978716	0.443021937166752
0.0395168286903675	0.0398074989102371
0.33275281276203	0.474854414055352
0.19694288893414	0.241051394963708
0.241834826349034	0.317390843145517
0.209735513356553	0.230541189045951
0.552997257796819	0.974356176901716
0.294272293089104	0.450736626483247
0.161025961473622	0.215556500999527
-0.154365928245173	0.195525266294591
-0.372061722045634	0.634584630644913
-0.566111191741227	1.12454739462654
-0.241544723647752	0.392232675822708
-0.0689769685477159	0.0839321955639778
0.213113203199823	0.32487454957698
0.391777077507225	0.642410767415642
0.638339058114728	1.40801465782459
-0.0675954455512313	0.0733047369248157
-0.589753397064041	1.12362027264102
0.336546044331827	0.433807443939524
0.298940208381696	0.379587338205757
0.366387981509408	0.560030051985251
0.0294543831464795	0.0286509691008723
0.323221021497	0.444447657653667
0.357523978355549	0.542901199826377
0.290071795277362	0.391660672554134
0.0821151674641238	0.0870872247969412
0.35681974049748	0.562286015545163
0.0900401572977707	0.0876128264922452
0.339221744947088	0.498069981068516
0.24164413529561	0.272626149102821
-0.354480767252524	0.425481552280789
0.436980863727646	0.670750516902081
-0.180773703981912	0.218255998897689
0.0676683248856234	0.0681057934232923
0.0905940653611222	0.0940343879048996
0.076445602044668	0.0856445623907796
0.163913171683976	0.168276486196362
-0.0610147118036434	0.0711936508853889
0.331322928977435	0.453957170879019
0.191460752001254	0.235723873933206
0.765674306733028	1.40042693356988
-0.287986985022107	0.43078858900598
-0.0642870522183753	0.0638188655873367
0.240930269311108	0.362259590385367
-0.224850155330971	0.324077080389394
0.105323173480864	0.111527598787798
0.581208913834752	1.03813043826085
0.33224152798069	0.542877187492411
0.407826005906978	0.650189966743498
0.312873221018124	0.443373282552358
-0.108911762316154	0.132327929730021
-0.199335504119497	0.19638564600239
0.189231504668878	0.247776084060782
0.0322058035050349	0.0390294197670574
0.24663395645814	0.382508152592008
0.57196450654243	1.09935033409976
0.351334097854065	0.56295555712958
0.724685883999099	1.35540330948212
0.217072242862633	0.288801883940684
0.421314132998362	0.748987978036976
0.279131880299277	0.429512459010092
-0.00397289635480366	0.00373648168068039
0.136456088993327	0.140168617515274
0.238121069291151	0.346601102001209
0.346127055270357	0.522146116015722
0.999987601578465	2.53959852954456
-0.106944612513552	0.12953860277308
0.0562614222053077	0.0742189689045316
0.0289162092820425	0.0305988023483536
-0.0817264492284573	0.0987409078495554
0.224814389899743	0.354823845782182
0.0438734497882143	0.0520784666116081
0.42322582141643	0.598409580802178
0.250395729402181	0.321576778360612
0.376347733444389	0.591916006423156
0.208317941763692	0.299365114303686
0.101006647022773	0.113412799293251
0.60373455332078	1.16600710648632
0.214226830830998	0.233790154040908
0.481404093984579	0.680585707764035
0.349818521734378	0.653351823184797
0.496082260036286	0.964563256512898
-0.226522155514481	0.327519466311535
0.421205910340607	0.711671500307868
0.27360507469585	0.427661960724845
0.01574116925048	0.0199048522475644
-0.0241504742375031	0.0280216757811112
-0.0606487396220781	0.0725011955948936
-0.148935961858345	0.203958748537616
0.309359293569954	0.484292009900822
-0.049693658629931	0.0573703052369746
0.427637216253663	0.787092240884026
0.240029701744469	0.351846200861143
0.0617101441809816	0.0765165277110948
-0.193585821373838	0.27928716126533
0.675696478667287	1.4901433542386
0.14377263857811	0.216755686241782
-0.199553974073987	0.279731612912831
0.059706779648989	0.0638531648457794
-0.56131734737307	0.824303219770088
-0.0375044502194617	0.033829643025135
0.945925405702196	1.4891553334972
-0.319128048776397	0.299942752634882
-0.13601887163999	0.117408610917511
-0.817679283493247	1.82230379050509
0.135041674761533	0.180395135382811
0.271958695141089	0.443781515126469
0.0276999935144086	0.0321160841344112
0.361871399779194	0.639728386623006
-0.404210312333278	0.754553328224768
-0.0569100905477866	0.0631795100656752
-0.0608289760213489	0.0655264259762204
0.568052830287979	1.20202720215932
0.4560304611022	0.688073533731803
0.211205976538238	0.230133508118052
0.523885883258245	0.792711084496229
-0.378148878680887	0.587893755388645
-0.386978083466781	0.743942354496283
-0.456728552963881	0.742906618120007
0.248406359866985	0.330790457174452
0.0225831100860865	0.0249927956678719
-0.0514172103163993	0.0665425354335646
0.072408433085331	0.0865352619163996
0.154727732506831	0.200775351339829
0.489468015747656	0.966520205190979
-0.203197491632969	0.266335780506503
0.216049085002133	0.215096729186256
-0.0323583679104371	0.0371505317243047
-0.379305469528324	0.651474319305822
0.0548061609929851	0.0667567222316291
0.52833600975961	1.19761456198215
0.224679254411038	0.357726760523266
0.102814145860098	0.138239641071919
0.176323891221069	0.286240715069346
0.137938841999302	0.166787710673563
0.091097419483861	0.0853235404920806
0.61484431203342	1.31148496838307
0.46402484158175	0.815615792642745
0.242934826898449	0.394736320200727
-0.0707707177081944	0.0976400909842226
0.031837926914552	0.0380187599345388
0.0915179125153708	0.107017144598201
0.69873852183291	1.85654002452364
0.305832809275021	0.57035307605069
0.142653439925308	0.210584772989404
0.0872978273958095	0.12508603496452
0.0667372608101678	0.090030683203435
0.124915563483068	0.18420141073242
0.15174000764887	0.238730912315861
-0.0274743930813185	0.0301252623292636
0.429389083467862	0.759076408912262
0.165372552668351	0.186540364813403
0.166606295160323	0.206132745490907
0.0839047260204154	0.104900882437488
0.187449758839143	0.249536769070393
-0.127132598836514	0.144966014266025
0.206261749589527	0.201227155468069
0.325139538027595	0.53338023549532
0.100268756646984	0.143593188813706
-0.0940384536101803	0.130097370530593
-0.0734216344151269	0.0872051243010979
-0.0860629306123841	0.101255972640208
-0.0696784702348587	0.0850562053810527
0.343938137615349	0.586403909174039
0.134579615833562	0.189620657663196
0.338753825769566	0.613137864317193
0.0113519782026372	0.0146745877810191
0.263786986969219	0.493623929232291
0.222108550721661	0.372730050008092
-0.282881336763567	0.493023030352192
0.0741239049988016	0.0973112008743614
-0.376890324713977	0.6059483430983
-0.188828275919947	0.208702541725635
-0.00579134448481076	0.005001741157885
-0.0567590894035882	0.0543600825757789
-0.0747296556480925	0.0574271402890747
0.470524659197255	0.598886567912037
-0.231251295852409	0.324602663747993
0.017303452600686	0.0195242807807514
0.186888498583632	0.291059467430966
0.0885867743453411	0.13331694097914
-0.354734594924799	0.62055396502529
0.212090008691727	0.27305111767947
-0.453048960900816	0.749849617267178
0.353246792632085	0.586229494104722
0.21729257562485	0.32231762120925
-0.0537875195615538	0.0685865485067806
-0.140828163570575	0.153018781752316
0.0238394202960555	0.019770374862088
0.215464631217692	0.222169778775924
0.161605823281646	0.168190628820063
0.467205411155705	0.698633464303136
0.00954044507792377	0.0102735108673901
0.0398490910523041	0.0464163705059833
0.208095053142161	0.294475151422738
0.153064637445527	0.19814336996293
-0.247110823883358	0.352061511797377
-0.245055873793543	0.387927506703955
0.283726494249166	0.466813696326112
0.40316265158647	0.764275212666186
-0.114595417232111	0.147146424148932
-0.419946748713722	0.755606722069232
-0.0389519491921627	0.0477022024769401
-0.0164020923548899	0.022577216661529
0.141294762860825	0.229246119069223
0.00541539239462682	0.00677736471376912
0.156369176712474	0.243364519077639
0.298575940898055	0.569399563662186
0.35413826404622	0.640871079480732
0.305421260581651	0.512147696504706
0.384107523759865	0.79874838639478
0.222218613722725	0.387185047012868
0.482855211934194	0.815807805913233
0.138208641178809	0.215345463854737
0.282286756658442	0.576348794797005
-0.0480523469520623	0.0664662780226153
-0.202556269310448	0.315270334141707
0.161014816440071	0.22527735920763
0.0945093769941647	0.14174783860202
0.167755820812641	0.259325342932132
-0.192742015022264	0.35261893854118
-0.118301122318034	0.191751914862582
0.204265047632548	0.352977079372237
0.112115220765012	0.175085668986664
0.191358849796491	0.342189138621388
0.347256905685819	0.636842299257645
0.153461570154086	0.236954653880279
-0.133675887386725	0.177424416405023
-0.346574271025895	0.691671571303051
0.0545142599496027	0.0694319098162708
0.296003791179264	0.45253320850208
-0.0770706907723233	0.0884878730978372
0.490051477731411	0.664955672934477
0.120451121567817	0.170980657732077
-0.00169147761151361	0.00226286721904243
-0.0509970967589464	0.0754755877983175
0.108549413100856	0.166288969055392
-0.0786172900565195	0.106900878463008
-0.0578210003438364	0.0783266767709445
0.318823831297891	0.593864254133188
-0.40283495857134	0.800644028017963
0.390787977235645	0.840911433371969
0.383597508772978	0.929772895989301
0.0581758612591285	0.0778021978442666
0.0506135503298011	0.0731268066719134
-0.374660264190774	0.781828114898607
0.0811418628891361	0.124329012554226
0.127488742350568	0.17326123728393
-0.488561546193739	0.800782959103597
0.276932724030568	0.324310198596716
0.00652981382470771	0.00612706306252684
0.358873003725588	0.353685795602672
0.204721923366281	0.198513748544097
-0.56403639886063	1.21922521885256
0.0962630790007674	0.134677580921625
0.24050674659704	0.420889616268101
0.100666044859149	0.145085573336125
-0.31049503493014	0.600031002246537
0.4545995304983	0.835305782299118
0.329367855780473	0.527977031621191
-0.0623220127023726	0.0832018122494522
-0.100219100152114	0.155182027405845
-0.134670573903382	0.194795317756412
0.266909417407697	0.476638624564256
-0.0453115896882724	0.0442422708078921
0.215822517864426	0.161525810351229
0.0407984341774654	0.0458969306245373
0.0506393738355693	0.0536307580484847
0.077099742425084	0.0802356999842636
-0.110825592822712	0.114430632816454
-0.122372756010296	0.170766278235296
0.0405973679230377	0.0533032134021124
-0.23335323510023	0.395388714112263
-0.543087712979206	1.15444871951013
-0.219632456812015	0.346325577653929
0.0814713351254437	0.119572563309743
0.220122280303107	0.400033210322543
0.387890547426818	0.82359574376545
0.0233815867187258	0.0295398376274223
-0.0224238537170977	0.0255346148208298
0.721031099919778	1.85430569011499
0.53938380720364	1.29814002231969
0.120362528928106	0.177591343206424
0.0232315180397489	0.0285512159735222
0.0179511679328393	0.0219866767141084
-0.19275889442946	0.295639905566051
0.15640800745377	0.250677484857756
0.0748106733112921	0.107221352904928
0.287813340323212	0.497604805703298
0.208028176605862	0.332223553597834
0.250709196473223	0.437936098620547
0.382110244444081	0.764590424494518
0.0864868799340092	0.117749966706852
0.36234767900975	0.608981427979384
0.160531844038989	0.151595002648675
0.141651301114055	0.191121886605991
0.229027322067665	0.445718784505573
0.194503967333993	0.295680274242961
0.533355340159625	1.08959058534315
0.392168161670157	0.701126194634663
0.448596107034939	0.914865356028207
0.0185534147080742	0.0220633544603609
0.321541967351587	0.574307784488126
0.310009779499038	0.615738744099591
0.387796612025559	0.763749105027283
0.192918521437211	0.324858941113402
0.450091775659197	0.914628126248134
-0.0234747227399748	0.0296408206556091
-0.0758497555760516	0.111499035173951
-0.323918791823446	0.602406464052318
-0.41428944780038	0.861414056005128
0.308297073257922	0.52246081576926
0.0978237983996055	0.147609537655333
-0.139351419241022	0.202904224864221
0.372679144598345	0.618308772128453
0.607729343699097	1.17235706598842
0.440714369053585	0.785991558412511
0.454545378192656	0.766745087986616
0.00988153136181808	0.0113477936180042
0.121833514030253	0.179897159077613
-0.105147726873346	0.112799617266547
0.400122164491486	0.583057503956185
0.446863621065023	0.555891855342817
0.317386541343539	0.367851245168763
-0.00131873761626717	0.00144290299873174
0.506461201859523	1.17290211606358
-0.139544641609327	0.222199242390757
0.136321453997951	0.203050305725097
0.1144977577329	0.143586744573812
0.449297449578608	0.891050949904511
-0.107721636758647	0.166597863188618
0.083322836595615	0.112541624934037
0.020437383987628	0.0238306826723295
0.0595088497100487	0.0823928303656287
-0.37020582100787	0.729624497636935
0.0308287613799641	0.0392715023778952
0.185717785683206	0.311782076252762
0.344388719418643	0.694697149708798
-0.0995428969608389	0.140564800076238
-0.00956945822634609	0.00892879926995726
-0.277623533708674	0.313559263709631
-0.233811826092242	0.222408101754161
-0.780325739842997	0.877869885834153
-0.359742731433869	0.35758733361687
-0.140062575037388	0.17051596623817
-0.0117509736831326	0.0148728656699219
-0.082761455436122	0.11061158954657
-0.188237912226846	0.302184978641063
0.121441280895323	0.172619260354173
-0.00165192151445644	0.0019597112850095
0.0531968336078338	0.065420082931666
0.0988479336755155	0.137579067376381
0.0744303343463237	0.0983016863528278
-0.785255047600428	1.63827026810302
-0.345873305596177	0.59407143557035
-0.0678204035111217	0.0754536751644865
-0.141818547734245	0.163950553161461
0.0608090250225014	0.0708706948619026
0.732993657627687	1.1156003907326
0.216507829398319	0.149552004491513
0.182521323972952	0.215679260307456
0.619311647244774	0.903640974534593
0.71326340119066	1.00567479250401
0.104510483933259	0.107863546017106
-0.0747904672778018	0.0785671497600032
-0.180620248111116	0.253863327311038
0.657866862401058	1.66613929015539
0.0385954822187626	0.0509831085831438
0.289638987286909	0.471319771250167
0.391046206000986	0.704554565436396
0.577067459825709	1.42026566030218
0.574370946769887	1.34074994486015
0.0229900063228141	0.0284494379274783
-0.0818730418824844	0.0782004336657792
0.151965821299729	0.2215586692197
-0.0254758657050795	0.0323903620301101
-0.0632738163251962	0.0843808000687629
0.153824259865357	0.236663471541377
0.194933256013429	0.340231985914684
0.187721921022651	0.32650302601047
0.345961849933137	0.712028673474193
0.395082818755397	0.79391094237576
0.29506447175901	0.442182918033938
-0.122941077906055	0.169932164528306
0.491594343688037	1.22248711727147
-0.266398910297948	0.443103067630079
0.228163132696535	0.42349300215971
0.179337500235959	0.282770090196231
0.180752552035887	0.275827348642468
0.265420119995006	0.468163683329394
0.267832085399817	0.417200126222071
0.268957619702048	0.489774746497658
0.277849389976781	0.408919608505943
0.166541357290989	0.220354328069215
0.00429482971967974	0.00591358337822638
-0.0943912353171336	0.12626723905321
0.119023950560778	0.193675672524605
0.314285931891941	0.64013509013235
0.18595632435832	0.32591419202656
0.821200620254656	2.44627056793918
0.239232193300751	0.449472660672527
0.204236491619267	0.378263803293181
0.587253053673354	1.5179584427405
-0.232057878636192	0.422804505695014
-0.410818927984664	0.896503503734734
0.309431616582489	0.681984562682432
0.575080374350588	1.53409855800028
0.41639662903248	0.771885325675579
0.0406394090309662	0.0486825826204264
-0.292383046326714	0.441150218992389
0.0499035655490507	0.0641898492272384
0.238987709937811	0.368913944082771
0.515123529649119	1.17882988618348
0.00727172702444362	0.0084146983718023
0.649137905474055	1.35410258368876
0.0423519768237712	0.0399909938419258
0.596712731533559	1.0222090274786
0.767698951908882	0.990267915464683
0.301984586868574	0.255468106626448
0.492372012526898	1.1714188459757
0.645065235316349	1.893825531815
0.027813935797686	0.0377475953911638
-0.19059920573221	0.30105623347941
0.0512294572542303	0.0721219252866292
0.139986241359305	0.211193172255862
-0.112911816585271	0.178111181784206
-0.156486446152277	0.259700171320791
0.119850321669954	0.188050613421982
0.462968737436906	1.04391716233085
0.366909355770021	0.731757048488964
0.33378451535072	0.682744268461183
0.334533100862376	0.663641221527309
0.379390469214368	0.830965070349216
0.13447607455096	0.218644950714736
0.131934445446664	0.208098178588855
0.0927866986287053	0.136061438567443
0.155768589227436	0.241586727535165
0.0392693131685105	0.0541755766330444
-0.0664945325003951	0.0910902164188095
-0.515542213737283	0.871223375609293
0.724001696231308	1.32043984539292
0.0816304352243067	0.0790014770663349
0.837991630261959	1.08324750811756
0.338554810777651	0.364252714919686
-0.166425059556227	0.221247086549951
0.0582768828450412	0.0782590698147044
0.227920940389211	0.39849550334555
0.0444823612424784	0.0597581737633526
-0.122311346771078	0.172720173355533
0.399870814448612	0.878252681519804
-0.103201955893569	0.140242368253989
0.443491136297998	0.926369098037788
-0.355786400346618	0.675923152311858
0.149225015227905	0.230963018881861
-0.0497752323631441	0.0634279008117076
-0.135822158521069	0.155486708158668
0.139426553651193	0.109789962023372
0.0245808652007941	0.0259496322883688
-0.447526482931729	0.707407305006872
0.573703950355243	0.967656190875558
-0.204831534236179	0.243923842356994
0.239589825882032	0.421586249063755
-0.227410723161572	0.351657176118648
0.221825592689352	0.37624123557503
0.329624173935189	0.513016373577538
0.365714787471094	0.717057670088954
0.135592968562015	0.209470519673368
0.0460266330603341	0.0598520115556685
-0.0119010936481017	0.0141268465503359
-0.0970822438065526	0.126300992159009
0.0809955756797324	0.0993815052059255
-0.229985938258865	0.370014506347648
0.368875027168003	0.643207911480191
0.328946259426137	0.664533166240843
-0.188732666851751	0.288323377956726
0.745119006403686	2.07544859217421
0.638945738018933	1.43931049382689
0.128494695880516	0.189105004132625
-0.0990744913674308	0.139170150671259
0.158909162945492	0.247314497771333
0.835647352524075	2.64544140304661
0.186279681482646	0.312133600940896
0.295763821661854	0.426285575970163
0.322796848843112	0.586567094939168
0.240421822668284	0.391189663472666
0.253258963750947	0.329093564068891
0.277110817601869	0.415695012149042
-0.0313015180861873	0.0387624232821085
0.295007046877527	0.471852330372598
0.248225531901554	0.420533159677929
0.141939214164208	0.234187831065367
0.320667591749427	0.62501080652089
0.0531868715277828	0.0800872768742997
0.146399060814943	0.211716870443873
0.137815736039823	0.199705428834984
-0.232869950450507	0.43683654863021
-0.0878770169320204	0.135950257818739
0.545794219656357	1.26953539106518
0.19353419941558	0.348015996504368
0.050574539068369	0.0722359465505974
0.11698145743674	0.160976315461264
0.0382191658653082	0.0491416912968201
0.0891688029964366	0.114064915610019
-0.0980501097154066	0.12832059532375
0.527450342919272	1.06356304646453
0.134736262823496	0.184530493345238
0.0582729543501927	0.0742893880753078
-0.359381858952662	0.547686382154254
0.286503967130597	0.353846470724571
-0.181111916720291	0.176120822443708
0.270729081429195	0.295663117185705
0.149375875161673	0.145846611426201
0.205960770480415	0.187172218409333
0.680196625580484	1.03367232678971
0.299831598255905	0.563253034510963
0.541224560649495	1.30772689838039
0.117300169770633	0.17890582782772
0.445619525094716	0.998070429562125
0.129184211622196	0.214927659779161
0.116314463022316	0.181032377350942
-0.0208812464135589	0.0282828431709586
0.0507116060178291	0.0697651617572547
0.171059738802606	0.258599243538916
0.191164017416016	0.342504786849379
0.0307230108124011	0.0432098414402369
0.156470640409075	0.263414363341644
0.037822780439508	0.0482336063821085
-0.0641494220709905	0.0832866853259253
0.00977778310566307	0.0134212807165403
-0.724862722262378	2.08429254999296
-0.198713544859101	0.325602679750112
0.635682522169881	1.75427379465243
0.367784001131171	0.798671775098844
-0.111927574511449	0.177232394869221
-0.280540069531732	0.551863415255678
-0.0439518226088498	0.0614553177205744
-0.130129479769289	0.189764510201646
0.241233161358897	0.286776389182464
0.28678437233924	0.399026863166565
-0.0684615395087277	0.0699736247783225
1.22917110495012	2.33656805042918
0.285313056299173	0.261277538662169
0.222984112065863	0.349952491251357
0.194906087837469	0.293076868302805
0.435902852592738	0.887168126474881
0.0900539845853764	0.135711395626731
0.29588047073076	0.583782681047772
0.467074812193657	1.04769486326994
0.328002842611871	0.519750468003162
-0.184928288520731	0.280362129302189
0.0369545799026536	0.0501923320116452
0.371103144052817	0.607202525259398
0.143835971888962	0.221476931820185
-0.0487320774569112	0.0491688823398301
0.913905924498407	1.36550547311801
-0.0228188249985404	0.0210659658370142
0.109530359754778	0.11696190993624
0.416606154312992	0.513234778355516
0.0950255078225123	0.109567953378818
-0.40636396628539	0.811095853362555
0.643072112457046	1.67492686750847
-0.132870727389255	0.182634526875093
0.233613151056054	0.349209585503418
-0.267170742589603	0.484782802814814
0.472238842808785	1.06101124590854
0.230329305559172	0.408006043954241
0.269072650356289	0.496422033408448
-0.200275220418224	0.292315730355036
0.0714259531223887	0.0897461009042804
0.179505562231886	0.266122321731436
0.145165034410038	0.219894922371652
0.21311350797879	0.363378234233018
0.206619555758978	0.309731100764774
0.369771105336963	0.654316184782067
0.502264187319535	1.05779707076931
0.359361718573213	0.607418559763867
-0.149055107337231	0.201810211541949
0.0314891847947387	0.0430869745763009
0.610931301086949	1.43259659615342
0.510895810714492	1.1741287039499
0.508679173908474	0.744188801923767
0.479255983454481	0.953966662628353
0.115796761278684	0.147545333522527
0.425297128779592	0.839865216352549
0.130455768220329	0.173101706074817
0.114773453021021	0.149735728024295
0.167637756354903	0.231285485672648
0.0115280439832326	0.0135692568254526
-0.00438920750430346	0.00452043608542963
0.241278108331779	0.423710539652168
0.0332194999051585	0.0420373170495144
0.395577189030584	0.682342980110577
0.266176421057675	0.409458623767973
0.221707812938881	0.380930245717829
0.0431102437719192	0.0600741935026293
0.0623442354562269	0.0983268369264774
0.23629499957858	0.342671353983362
0.033293570729995	0.0448993837723193
-0.0966210553247734	0.145127592434749
-0.154970415779059	0.250264785659584
-0.293801489113042	0.537696635292693
-0.0623410880865578	0.090141758276703
0.270704243366409	0.510628567463011
0.0115761449900855	0.0131732225207175
-0.000540566519202386	0.00063936511767731
0.178854631608429	0.203006135947392
0.717736133255916	1.4276144773383
0.25618278534048	0.43108846395911
0.758731274472911	1.88874150125825
0.174434243602219	0.241006865426948
-0.207284431255293	0.272530415394257
0.171488984910881	0.207226467519075
-0.638297297733074	0.879169314803896
-0.0261257659116507	0.022062682790267
0.0756352363183629	0.063894032270956
0.807065355006906	1.14034585852745
0.313450804714832	0.348347001416532
0.313323357183351	0.371067328508159
0.250882588740105	0.406138615315306
0.258934521744763	0.481481237054908
0.360049290329406	0.696482958462657
0.26118896427051	0.476916507382676
0.269081111419769	0.467685017812585
0.514517194560479	1.15777346528197
0.12686154895877	0.192160948840527
0.520009893280562	1.26977569134966
-0.191117355270173	0.324156557871616
0.0351025905077614	0.0447667833998849
-0.14428721758868	0.203602972292495
0.24378596194967	0.375740683218198
0.452958710144077	1.01350197736568
0.0257112587298011	0.035989881788567
0.26798093742395	0.429954693775431
0.223415053651825	0.393178664119713
0.469358855771186	0.968618158463368
0.347869226411235	0.589490466580338
-0.00578652551768236	0.00749101630255898
0.0568452261319874	0.0743250964833711
-0.193453562783836	0.311957423648721
-0.32485816883943	0.593439787541096
-0.20602248985203	0.356117979883238
0.0828736489607291	0.11219432895211
0.000155550066288485	0.00027243565998856
-0.491354112340902	0.684307714442248
-0.0344478430896169	0.0278866242871637
0.212962791920863	0.178473459656006
-0.385791646811008	0.3697537817501
0.124176523562517	0.160353778641856
-0.18599563900814	0.258265910798516
0.208954211578072	0.342813356580796
-0.0287994045445581	0.0369725902904563
0.0908463598252872	0.119948404378086
0.141936021660663	0.197715869801826
-0.0598061023558552	0.0685873247119987
0.0783770591669851	0.105135790849466
0.0428395175122505	0.0521218977670183
-0.0145773027586562	0.0162036774924974
-0.394643768828902	0.811345844981902
0.296514740251732	0.373543880225255
0.401771250816383	0.524887684035975
0.431169158160954	0.368260625526222
0.633586169671425	0.998046266429826
-0.374288714797859	0.420869692709683
0.161116336742846	0.170954839877664
0.313742232416485	0.430235169633945
-0.127332154185282	0.137310404590195
-0.0663243078669021	0.0880438586586153
-0.0207081521578692	0.0246739029376725
0.387799677183059	0.699531990168193
-0.200940565622173	0.30232558463213
0.294551334632951	0.553002307450345
-0.157438193083003	0.248180142554752
0.435654528656987	0.963331827806408
0.187713212365127	0.292394740015023
0.031586742347726	0.0396661435061961
-0.109444708331861	0.163993199932113
0.0191897388966775	0.0263639827898167
0.217789274576977	0.415180708598638
0.298971659734574	0.595496663588969
0.240330662569476	0.388875455069549
-0.00269423030498508	0.00367902861636959
0.174328552027157	0.31195968064402
0.125100607076155	0.195025593185209
0.0894900611455729	0.125719299104637
0.372685568040012	0.727817551216553
0.566603273010956	1.43042928541719
0.303660040441952	0.56494037565427
0.235073331959668	0.428189720125009
0.209370434918963	0.404883459161176
0.38856923482361	0.523898515990966
0.291825886004774	0.514387602107729
0.222187677459232	0.426478127365369
0.154654322127227	0.269299714739748
0.251803110786681	0.409501949801649
0.229374431079891	0.42002500127767
0.354517947252297	0.640177344092819
0.156463155678601	0.23443832254603
0.0756831476737969	0.105228444641576
0.429451947744817	0.769758661567742
-0.33359708161316	0.603451912117133
-0.120253151956451	0.200177071358815
0.219651673969222	0.404987400764111
0.109018910378565	0.162164797826405
0.0661156579172923	0.0997671494902787
0.117716993832721	0.190730586869348
0.207450802086834	0.36730904035372
0.381288863525191	0.841211184070231
0.0999070506780188	0.163182608420595
0.371456540419738	0.880691092269262
0.215362465005473	0.378675527060965
-0.0179123602904882	0.0258828725125506
0.148319310970112	0.265902073507915
0.127414692115855	0.204527464086923
-0.101193774201752	0.133187594415436
1.15435567327048	3.59497068034959
0.0305406946370829	0.0379996215721055
-0.32854569359202	0.613189690757204
-0.153846081060745	0.249651600622666
-0.185367531871997	0.301149625076157
0.318300999994078	0.488098328239145
0.361952338410617	0.574669085921631
-0.155183608757751	0.171521870082018
-0.154728137837781	0.165424368549031
0.198600453011702	0.199455058240759
0.145082680402755	0.14094923155379
-0.559818267753718	0.699515132908987
0.247963506168638	0.323599181967582
0.29788769064282	0.496118594293079
0.27540067450944	0.448778386653549
0.207061679259927	0.343334985493084
0.170246822967782	0.285847451036887
0.213073400191464	0.377926455854428
0.115504161852238	0.190538902821078
0.148432230795483	0.248260194585067
0.191229041069208	0.328824791354044
-0.138919207978094	0.240606482636934
0.193644727698944	0.347228056356577
-0.356848339681203	0.806944953182087
0.265151033087169	0.488561023465648
-0.498891323028695	0.985011176124753
0.2077548731191	0.371887480796542
-0.0833336060346942	0.131311932052546
0.0995438879219763	0.172286046542601
0.212693507773364	0.384348949019731
0.538593457448304	1.41838174889516
0.14104536565995	0.23674724622015
0.0660202754354536	0.100949862327357
0.179665841459429	0.345331989991358
-0.0547335779347355	0.075190466545013
0.0347473882250234	0.049588247322003
-0.112828418632158	0.18570787105105
0.239113973746261	0.51906665871112
-0.208506447536071	0.334559245567994
-0.279457295450919	0.409844398494601
0.0929673243054765	0.105853103921497
-0.276364660254305	0.339761440996824
-0.624904627280574	0.582550967294491
0.141657608137475	0.122344081801778
0.487017189896024	1.0342121163305
0.353931310013225	0.743815442018216
0.169611951303274	0.306897337451635
0.32895002237316	0.665751215312714
-0.121073297161997	0.202800949106705
0.104046780240718	0.168178409927074
-0.166555546350601	0.227840306880064
-0.0889436345574041	0.136602563598857
0.270561418091822	0.544921674589503
0.281393137839652	0.486914616758185
0.297272718566962	0.551114731193243
0.724855028453961	1.27522345476468
0.668820484394203	1.2785807155121
0.372544405046257	0.511412757444449
-0.0691024319953822	0.0747045097153701
0.107541180239825	0.143508672822016
-0.127709107774124	0.199716712535304
-0.407050839007468	0.810265569270455
-0.184670829937497	0.272598644946882
0.108181869746966	0.156451901661235
-0.118575456495367	0.186194715814121
0.23078120719187	0.45221430395982
0.18975005671398	0.361073308928394
0.65158869914951	1.65713229072632
0.535927871202184	1.11601323571743
0.287619845990036	0.537389906389415
0.225961207604499	0.348865057779315
0.139000478893258	0.133385079902431
0.306625532821279	0.451325373471924
-0.0320626988617932	0.036604884915058
0.108068611562115	0.14837573994222
0.111523106374117	0.142506621675691
0.11605566277535	0.168301397420336
0.13614080357203	0.205482894001682
0.164218025022461	0.262363843785387
-0.379162318259522	0.680315444902105
0.13080552805079	0.205638443994345
0.0964910610409173	0.135169740542742
0.112081157454842	0.144126149606973
0.504593875281027	1.0242401038938
0.468326053827583	0.927057364895188
0.235945730910179	0.359487030096114
0.255721978287647	0.305745825794535
0.322555114240961	0.355859213260505
0.0694523120509069	0.0884223029904449
0.226581333523662	0.387807172120828
0.140942124632236	0.225197808129926
-0.178471487344856	0.279590565587298
0.0771199575214189	0.103388983158639
-0.478124034466367	0.634264840626069
-0.326672109869218	0.540604381425298
0.0362411033577552	0.0455598300351814
-0.0786399011275384	0.0835133484884708
-0.0198314194152065	0.0216848318733397
-0.22042918160507	0.373836552440594
-0.0289225629755942	0.0381586544389667
0.0447187889647068	0.0486021442278786
0.242826269120067	0.413365363995394
0.0527018881036006	0.0727884964675601
0.504352148888554	1.22879024728487
-0.427147575684449	0.878270481682339
0.0481040105594083	0.0691871381172958
0.562434275661325	1.44054917582014
0.24421880294312	0.458535995594451
-0.0175531401664125	0.021900193856887
0.035365917734981	0.045117627701829
0.459836494051171	1.04494659897067
0.203762679083962	0.327873382042399
0.410982918101978	0.774363859518702
0.268943456864283	0.375648327519149
0.00623720660774613	0.00751953038397407
0.329116386076062	0.522665523721193
0.290882344345476	0.48838437408043
-0.213800374583446	0.303284805831925
0.150427433339213	0.185037328544387
0.0630102477246024	0.0660736482378724
0.378565773649708	0.337236565769388
-0.0778752038837512	0.0611362689998055
0.299411422459119	0.262322269755149
0.570229439336144	0.58769401142085
0.0662290877801663	0.0485698707302727
0.446951406201792	0.63627831422052
0.113459751522288	0.114281524452744
-0.442358079006662	0.72249096980995
-0.31195537536068	0.494845482170295
0.290774905384945	0.526113979264577
0.498213183568724	1.02436196454747
0.238565043924094	0.431377356401164
0.106705504599064	0.158657596866868
0.0866592443846679	0.131484759799811
0.0509040038911148	0.0700421854807209
0.270525618679004	0.489949625360925
0.212175779363664	0.363286376279683
0.437277039215501	0.780383070363594
-0.140086838867878	0.182052861797795
0.480924541941111	1.04684464513903
0.430094152735957	0.926095790298042
0.369559843848828	0.587055357603868
0.426400048251105	0.867106916335014
0.489716806761891	0.982849250958473
0.250472355336257	0.393116987551916
0.227258522226649	0.410589898407092
0.215400537584333	0.35906406593782
-0.126937182879288	0.205475827479157
-0.547006601377291	1.16850769194842
-0.237840423484798	0.262181538781515
-0.245271209949514	0.264628451834529
0.0708862266793834	0.0556970680347055
0.907105655812586	1.03958415561782
0.36774795330669	0.358023788179535
-0.343014089411065	0.544846338466478
-0.228415956068235	0.377486053943333
0.22586544426297	0.33871858296341
-0.132732323554201	0.190650181182863
0.214857330838473	0.35567765860721
0.110005615870052	0.154316049865862
-0.0260703957445384	0.0290967420322915
0.248853594562881	0.384805089379676
0.0690003247528842	0.0923846064973208
0.133195951477082	0.10345623574866
0.294216024127625	0.334067541589024
0.526174549078704	0.846716054192053
0.304937763080753	0.370246162181382
-0.0197652123939575	0.0186703177126362
-0.3161579714234	0.442111279792249
-0.0839114920150322	0.110732387423386
-0.116622140228331	0.154269189537262
0.44507851720263	0.805422926818167
-0.0602577589519664	0.06983890973682
0.284738232737183	0.455601711300294
0.101403070094834	0.142524238029739
0.0132998761775928	0.0177470855624889
-0.100965443327741	0.143434482936343
0.283960668317607	0.564164677486647
0.0625655982391548	0.0901805900200805
0.247719466683384	0.466937142377117
-0.481642713230841	1.06060847613159
-0.0347181778224492	0.049402619919479
0.342128682414414	0.782669859185512
-0.0706400245492923	0.0557193999547778
0.0863506375977245	0.0742494452609357
-0.173929749257109	0.231769518633983
0.220642228938202	0.220525028081722
0.276385250685334	0.419685355362021
-0.158137037955885	0.271979997303138
0.584201258139907	1.49770631918835
0.164643225244938	0.322640285697579
0.268306838117679	0.458561776508349
0.507633492095763	1.2372488743655
0.357232578910452	0.721814650480495
0.248464649594927	0.37963081850332
0.150709534614866	0.227992282265972
0.146511492415745	0.251997377623231
-0.320352668901123	0.59506829404687
-0.125338297266861	0.189611926124783
0.0164607626935804	0.0211546698402201
0.0112342061517354	0.0144610232449239
0.322655102506143	0.57641809765868
0.219055318855966	0.424439384039663
0.268058081964059	0.499998513556029
0.487759405103827	1.20432074517599
0.468689918763582	0.761468884632841
0.557667080173653	1.02466031728432
0.216867385482019	0.347786878949142
0.384626244187077	0.870322343298953
0.148260384136128	0.255337165213055
0.0258413641767855	0.0335423342289808
0.158194338008136	0.241285374661391
-0.182443028909501	0.221401324601683
0.101983779552243	0.146622235190599
0.138257217672452	0.222011522057981
-0.0244786580872951	0.0274339574448135
-0.00232994815307744	0.00228745255842364
-0.298365933212907	0.553622057449417
0.116978738890156	0.190062182945442
-0.177019626363741	0.283623782211444
0.311087691427084	0.534158581280635
0.236134295306649	0.399107346596662
-0.106514486409147	0.147415221381506
0.0166129898860017	0.022138605747266
0.335075974433225	0.705894498555462
0.277677680366745	0.512612394216415
0.251447883572097	0.467241439676055
0.178684841485396	0.316896040985803
0.319498295361106	0.721357575540305
-0.137059098113354	0.219644249844534
0.0606712454234458	0.0916843542367952
0.376364551053779	0.820347907346301
0.102425040918703	0.1503176185779
0.249889559407875	0.410028105790467
-0.315841914347561	0.509062900462369
-0.0280246789933417	0.0312844683659148
-0.0450890292189939	0.0566766002507757
-0.206369844379927	0.35321325804456
-0.143415652189594	0.204012790920842
0.284908283046935	0.426436010288594
0.23370208974744	0.320420732598656
-0.399735303248072	0.525914357251424
0.305060799495355	0.376590124850851
-0.146121467716576	0.119806634082369
0.460984433150476	0.458646403530888
0.142933879307726	0.136015437474304
0.522203042541532	0.769089284856102
-0.319473367633896	0.416402069659565
0.309960512066447	0.542272810394901
0.450220992754418	0.916401604656373
-0.205271418868311	0.371080482179628
0.0918504437664931	0.136471503702517
0.40154428936364	0.970481277332393
0.317879536533081	0.647241952117265
-0.368352486638958	0.732292359406957
0.115282274151105	0.197704412605536
0.0831478199844309	0.133412029568926
0.217534183240273	0.41936539968266
0.396660172867779	0.812961067389237
0.164269173046889	0.280720961494913
0.185806458774231	0.267757315652676
0.0896624319921673	0.126606300112327
0.048888093313284	0.0700308615811307
-0.542337539081018	1.4307814651408
0.235805066135686	0.44601039380885
0.265214950005688	0.526193311747018
0.0202916276931723	0.0293169856250369
-0.110888561033344	0.160346785832558
0.736043691561403	1.22727093720708
0.400698600946069	0.572018129132638
0.248993213113819	0.302129584744235
-0.23034649286774	0.20435790492083
-0.332779205020474	0.331266263369463
0.351331304130406	0.68861036124846
-0.149650697651315	0.239176025033721
0.220413792119416	0.394924049230656
0.139675979851322	0.226231054015089
0.18230456127124	0.338824954273754
0.276658893411016	0.44433303743626
0.195267379986528	0.272818943063043
0.47845602193572	0.454903838329193
0.401889346628547	0.507527030250102
1.24641076141128	3.07099560253662
0.144094770704391	0.140846222236549
0.134865128351488	0.162130740516758
-0.00526339789746921	0.00597409900666671
-0.0644824827433877	0.0920830091273313
-0.204641058459195	0.34673983382607
0.0688229456053124	0.0919256373027499
0.110246005522253	0.171220839264446
0.399120837168124	0.883517600724528
0.188037073261379	0.315995344086676
-0.234772696638072	0.440090713785781
-0.285220140156089	0.494824837420706
0.554893656874391	1.48119127627344
0.364912521628954	0.861307641676171
-0.0503584920307412	0.0725922554629637
-0.035186621651505	0.0507152693206369
0.398379706656584	1.00349393747766
0.128991017781136	0.0875050844594684
-0.355666319262707	0.421044860963832
-0.0127038185414821	0.00944389537862081
0.0774927846462989	0.0779092268206814
0.0172258169658454	0.0163270605943167
0.129549710657	0.16679830981186
-0.34691304656148	0.443202873322862
0.269165731552016	0.495310036374367
0.727427818216238	2.12379487299595
0.128709018416178	0.201699394696764
0.257169967628063	0.523664033710303
-0.0258148961379349	0.034092374264414
-0.0998211668280976	0.149239327795365
-0.0346414497415812	0.0521489294866259
0.0939272633153575	0.146580597426897
0.0331996241662602	0.0504357291086975
0.187446946334815	0.356903928788481
-0.108032999636669	0.174792372318866
0.337439041066571	0.697996367279851
-0.048317201303992	0.0598140838093769
0.402883367884494	0.896321382086716
0.214232512778328	0.387661904845066
0.277148138019284	0.585697556645296
0.363978795458343	0.857173999291453
0.523408055251797	0.808693252530042
0.0635090615717221	0.0952562552766993
-0.050570097231927	0.0798162780288505
0.147574508920424	0.270659323996131
0.343414796413581	0.678270076839602
0.103232264616363	0.149434348223371
0.333229466321961	0.572007294212873
1.07778333840859	3.62458200730081
-0.362320911544095	0.755461075508996
0.323459835792127	0.536170667174254
-0.365276341635024	0.692001652738504
0.177050283763685	0.342782725537223
0.0645863775620611	0.0934473717921606
0.358618934086803	0.665225650438738
-0.0829098592974972	0.128561876659485
0.0356917200015699	0.0487078720650968
-0.0466979654765531	0.0647549763152503
0.275810607178573	0.56514128978187
0.158339204138286	0.269535791325311
0.434324710511635	0.945949129806713
0.284888031647124	0.527394518654866
0.0761242734821286	0.122883926367257
-0.00306203667859369	0.00421869869321167
-0.112367779084675	0.181749981292511
0.055092693350813	0.0845954461048991
0.113559231190738	0.213280752391683
0.185533282811086	0.31854310064059
0.371546259018083	0.739153782319779
-0.0651358660439792	0.0810309211955668
0.393112308602067	0.785824522052848
-0.0889801711159764	0.12839301622804
0.312899337072887	0.565870620379716
-0.037231345455298	0.0499950834000116
0.495169919403079	1.06690723224376
0.0751650886211468	0.0874406844380737
0.285224688335043	0.353984356730267
-0.0191796197892287	0.0178098745014764
-0.0839781857210556	0.0744956264651577
0.682023235856411	0.881129509863438
-0.047282969160027	0.0468764344890161
0.227760882544041	0.311319597275494
0.211269770195366	0.302826823364459
0.357400534514252	0.61906192060907
0.0228289024238518	0.0284031473800621
-0.158648313704916	0.272145405732791
-0.397952541114402	0.899453524101391
0.487820312996162	1.21390702530026
0.233636192057475	0.435610600788707
-0.102741840528491	0.14933647462699
0.164907943007948	0.282583511587605
0.356752035150115	0.75050926798551
0.59984502484293	1.53692829732607
0.270706188818057	0.485383068609219
0.26193760067273	0.508016165927018
0.305342081429129	0.628139571064805
0.182244328407324	0.336553362917852
0.213386985388597	0.36150938014885
0.424803541994913	0.926512574296013
0.0699854020842685	0.069028845006602
0.138288355516832	0.119730335203206
0.309082868172961	0.335491280039783
-0.0654836037306655	0.0796830988454293
-0.54373666832975	1.39726489069392
0.179048617042964	0.312924671468724
-0.0342455916111416	0.0489584672029812
0.300907775125377	0.691375025075645
0.592799016569233	1.43545298979901
0.139613464197525	0.240962385358899
0.345490093859677	0.350226730897543
0.337308061393735	0.518447944880859
0.21884534150085	0.301621050503393
0.0287610205942953	0.0272662952523238
0.303609729113384	0.414266529897566
-0.163794860277456	0.258915556863433
-0.0436008528190726	0.0650938341834677
-0.0215922108751057	0.0290990794436788
0.590934113824973	1.42623984252861
-0.0784694132765981	0.112471917566378
0.0912794455112506	0.149337830998836
-0.0658248093095529	0.100432866342914
-0.0906160272909655	0.150739583767211
-0.121361101662682	0.186127465677409
0.249356945441162	0.498780728975113
0.243874570532261	0.468031793660357
-0.138352165634331	0.225230852803725
0.155468785122487	0.279875543707703
0.198938680491061	0.385258198155833
0.0721725926865499	0.107013676313329
0.0328438298910194	0.0491803541959502
-0.00728274156189008	0.00543154273958385
0.150212779794798	0.142331298902994
0.786569924891373	1.31720103899609
0.0639445981439586	0.0605302379479974
-0.137748261179195	0.189758645101401
0.264346455930273	0.503119186137259
-0.426157368038992	0.521675860496533
0.00933973092841498	0.0121119213558553
0.326825229300614	0.686528316480824
0.370653849363316	0.85923252086003
0.370784410499291	0.89449798569567
0.0205168326438222	0.0274881111137635
-0.0552230879424153	0.0819037125042259
0.0300733852000901	0.0439480488705516
0.277647019835103	0.556047195254764
0.41405689154095	0.952644221082769
0.0506489265225079	0.079386509664563
0.394332828880028	0.894840654097554
0.175156954515728	0.326732656189525
0.113777087012514	0.183731410341317
0.0768794574465612	0.113332983325738
0.626985182704169	1.18883637914519
-0.0387950244779997	0.0569427170023658
-0.12646620110313	0.200723522587042
0.326656433504066	0.693861666560299
0.386380958722365	0.799563000250555
-0.000191785802497326	0.000331378399103538
-0.204265686894946	0.295839998478276
0.260913383878836	0.47215028227391
0.164131459071117	0.282665314385273
-0.15503335203698	0.233867065790862
0.14167527069552	0.230777921936843
0.0626448035023374	0.0973537930355627
0.330535587872102	0.563622801858434
0.0357601484646553	0.045835801288992
0.0822000742224297	0.122826568197455
0.164356549620905	0.252998795628989
0.0160633559635101	0.02218189506459
0.0802509671441396	0.129378255146614
0.0251724084251056	0.0382970919817098
0.164130471108592	0.283149774985586
-0.0871064511757547	0.142364787317158
0.322150063542785	0.684877071387239
-0.314270771648473	0.744089362740709
0.0966267985802874	0.152696306926
0.305940868328718	0.642360950097224
0.0337333997223864	0.051780337737069
0.150929456751624	0.285791521338675
0.0996474014125341	0.154928297931058
0.0598216367422691	0.079265499806651
0.456524375099798	0.932778170234581
0.0771371234808484	0.103880091814293
0.205223099903994	0.310788264917683
0.541909900332435	1.16852444411989
-0.0888351763643127	0.113892122900685
-0.0976389303342123	0.130761301509615
0.238217778156031	0.34292460243307
-0.357066579238564	0.534643064362865
-0.406500909943744	0.590432988008017
0.0752196164397306	0.0741137819140062
0.703093286306871	1.03148631819948
0.29249746259431	0.408801478942557
0.315758411864478	0.460202248077771
0.462722034574413	0.843476859570523
-0.0351198197800788	0.0440841718010573
0.430260633498617	0.82266361203056
0.37679143232491	0.904056607289686
0.206188528656207	0.369772342423646
-0.13542275101334	0.234161384823773
0.432435526245748	1.04053379071074
0.145695900580811	0.253285886126168
0.230331801443446	0.433022809929757
0.456313617992791	1.18872840269633
0.319971636731683	0.61848162626276
0.544533060535879	1.37442386123672
-0.12771899466722	0.20074973484624
0.238368484247268	0.448048436643271
-0.0394898570675349	0.0625535000942263
0.483519033944783	1.42164131535579
0.613237675057235	1.13472407245802
-0.0361382354428977	0.029591588493907
-0.266739519793997	0.331549768083822
-0.0840608997801259	0.116776946218339
0.0736168139315245	0.117675459690175
-0.240934938761318	0.445114662645223
0.561074930449132	1.55442109637446
0.0579289019509652	0.0887502603190878
0.504981217598981	0.974384299369727
0.605772001700298	0.827979444854229
0.0438679754952394	0.0533586265493126
0.336000977682877	0.5635118116104
0.36116513373672	0.569008470355551
0.0092557001515227	0.0105124750133118
0.0716063615769281	0.10585222765212
-0.226606950811809	0.446983387726497
0.0328552841242527	0.0469069334691605
-0.228567045879535	0.414304654671335
0.130068979429826	0.211295229230324
0.208646415414333	0.394516346809779
0.346024556853036	0.794803726862773
0.0518127460224072	0.0758303831296834
-0.561784736902932	1.42242120733468
0.280906835847728	0.478883010302341
-0.0503199781266987	0.0611836225381114
0.750313509972564	1.77829248869018
-0.226422826268178	0.381743815509886
0.455764147391029	0.82967817664854
0.24897394905904	0.413621266514474
0.320148120399484	0.600197001845605
0.104997560912892	0.163515062096207
-0.115254523411762	0.178819955271348
-0.060253091526514	0.0851867150799897
0.280083080335751	0.51802374893448
0.17255583377541	0.291724946986322
0.622031276376297	1.43223979842181
0.192017298607569	0.283749590589527
-0.103161834457861	0.139322915386567
0.233382567208543	0.43599056567175
0.236382043819733	0.498330519353609
0.378627434194286	0.828486811518384
0.420850727561957	0.74685924477842
0.411758641454629	0.717828011145996
-0.307832710583454	0.56175554538377
-0.0247239807223495	0.0290759198340964
-0.124044652405682	0.160084184697742
-0.036376289889889	0.0424419950805122
0.0208659114065654	0.0221078574514712
0.525576215232261	0.980477827625898
0.0546964201484264	0.0667456486128862
0.128060222361744	0.167259682451085
-0.10478668113405	0.133561064625509
0.280620391371823	0.667470319942415
-0.289685673078455	0.441354877988472
0.339568134076806	0.48821509788545
0.257733483404213	0.395849063755458
0.730243135746667	1.63552872962479
0.209513655712392	0.307661756647734
0.309302229131655	0.771289487444964
-0.00448795489184823	0.00679812119458448
0.0957068542873682	0.140491923147172
0.0989018654387085	0.11618109420079
0.0133016931196073	0.0151616847620175
0.228851956445044	0.290622093422071
0.596976251213222	1.33272779600812
0.151419654206426	0.286250061859214
-0.123092609417764	0.165867054204764
0.0218304658304946	0.0207530715230164
0.0633747037708018	0.0981080499487644
-0.129376849750776	0.216730905008532
0.493632132570265	1.04325856803494
0.110689115777685	0.148045460966628
0.131592614207781	0.187206950597455
-0.0539064499350807	0.0668764285865984
0.182595881207199	0.248988855226766
0.294126201412523	0.501319964947423
0.0836662446546935	0.115136478089436
0.203487721100519	0.312390678337397
0.0451697236371643	0.0568584234972291
0.239581743029129	0.351153059549188
0.146941342519676	0.222147392495797
-0.360199832913682	0.713736543753828
-0.234585697335581	0.374301096252413
0.29822119357883	0.513971730421938
0.255792616624996	0.470047603140568
-0.45099856376151	0.748564228804283
-0.198464202642953	0.261146445908319
0.452766829980434	0.736474949148389
-0.220256546402507	0.253522140886788
-0.159172785483031	0.168303320638098
0.102384354578123	0.125605242622531
0.00526082805638129	0.00614708353697738
-0.180296148669239	0.252068177501759
0.304647777772456	0.50163259235853
-0.193489919454421	0.304123833828155
0.498813636789826	1.2418589562578
-0.1705272194726	0.28096480710042
-0.126052178469431	0.191854960280086
-0.0943588283737491	0.139021635154626
0.485834205982912	0.822665416951758
0.364981756390175	0.581727175813158
0.110604565866714	0.149800685529373
0.134289252869942	0.189252863241595
-0.200332144869163	0.305926482519165
0.185492350828066	0.269833980795816
0.374208817631194	0.694606075658844
0.131339994009135	0.165656350313454
-0.284668035824567	0.431059309574871
-0.00553474344100486	0.00638468851234485
0.339398133154831	0.593141527678702
0.514622871701578	1.11898837779167
0.303911881636415	0.571863554547786
0.192949687180768	0.326186942186977
0.314898732226805	0.571960720848661
0.230299280682646	0.356854854942588
0.429254840323988	0.809974186329999
0.171295921708263	0.226536000437312
0.324540509541835	0.553134961932751
0.445920425754109	0.865882249735439
0.698673865649229	1.34396419403425
0.410095754284091	0.985423663735486
-0.295479187077971	0.615003514941943
-0.040010151821626	0.0618221146474999
-0.319152001750605	0.660687717684679
0.00501043331973095	0.00610011562688843
0.327521487736385	0.545176398131023
0.116054046065959	0.144208850056049
0.29751513979599	0.477548823608715
0.296913640121683	0.635544311965392
0.214252088124276	0.341954118290721
0.206216045463538	0.315308961440338
0.519476965042442	1.58677871053172
0.088983492519786	0.133731487779538
-0.257181073657444	0.513313061112552
0.404171123008717	1.06642677643098
0.30312044372352	0.606419840171053
-0.163027388141105	0.279735172168525
-0.463510398021483	0.86648838448911
0.135053889858719	0.173226701725191
0.095093231249832	0.110827901342872
0.0570521671892366	0.0664360997575844
0.0380524975255202	0.046254304611869
-0.0484728776767439	0.0612116546240682
-0.141877474527924	0.16419182568773
0.797616588306199	1.35407121737615
-0.0989053678771426	0.101240401905379
0.990864167153902	2.20892052744406
-0.292087751988371	0.37442420929852
0.529493299824231	0.862190426809601
-0.196917932537319	0.236237123370434
0.0637347626840686	0.0608019515671847
0.0322975313018662	0.039986028594787
-0.1218689762587	0.170463754508473
0.0879992823511769	0.131495397066957
-0.327128258938931	0.828488249446806
-0.197484702974302	0.394029946288454
0.0567637576131701	0.097895853720934
0.320486435508498	0.693600764039659
0.133259283200016	0.237155933738109
-0.0529106651168639	0.0779345187779063
0.209653573274488	0.316043523777195
-0.159885530030883	0.21553393235066
0.0668249307093987	0.0789644534788825
0.215838244601276	0.348041035978883
0.011510152504803	0.0191664614631212
0.293699827472422	0.6112145566817
0.690670074016481	0.927570593997203
0.532761632941079	0.770149678739163
0.642271905572441	1.0586532220137
1.11895444308873	1.67835684556815
0.662539046981047	0.898031013663202
0.373679589249204	0.510981515767767
-0.194358537819397	0.176514941145475
0.331028861353317	0.398615352355541
0.0672084742844551	0.0674313605049698
-0.521793434814596	0.674975653835585
0.66123159312065	1.02650742276106
0.0301595821418647	0.0476874343511285
0.490074321281142	0.630370643563047
0.153268818977405	0.14543525447673
0.631518401278711	0.89855711395964
0.527700835624655	0.717784464329935
-0.844088920355801	1.30343156439671
0.895276384691051	1.70254810766705
-0.189518993474865	0.447872599470544
0.114342210399934	0.242689336540138
-0.454716420563572	0.702192493839976
-0.0925197081025259	0.0864603575383703
0.151326594601274	0.142696334539302
0.715116877569794	1.03355621481566
0.386626350897115	0.494734090740416
0.31877461557468	0.722429490097389
0.290768248185363	0.390947388283714
0.0446319023742824	0.0393485646337666
-0.0647223527788048	0.106217259663781
-0.145050504715212	0.232579622066746
-0.301795821931064	0.393804262954557
0.124150578746903	0.13759945344435
-0.0745136795021318	0.0657967075445625
-0.0371974200060632	0.052450516195921
-0.299752398890763	0.497508910199795
0.0172778078095157	0.016539777891716
0.328404619438359	0.45119687427961
0.571233068081732	1.07862327360907
0.389441461759574	0.599285269199281
0.486852729287333	0.831434873741953
0.235455417586502	0.330967920245359
0.142952416755185	0.174049488353133
0.290341595136731	0.412266819414979
0.405182266053529	0.730742814631643
0.0289534558625266	0.0256893327986314
-0.212645232442553	0.266754508217191
0.348946191641246	0.531617883300483
0.28967568564346	0.353490116060101
0.262096385153894	0.281380745900533
0.198494523902503	0.216416362821852
0.147699210262679	0.153422965517147
0.64707693418544	0.842760357338138
0.518014250848014	0.776955101737153
0.08564591125026	0.0902999583267326
0.100823850881793	0.109142295049775
0.236560046986848	0.34269123114718
-0.288595602079189	0.48668635866323
-0.0989375917378061	0.165391504543031
-0.199221060729478	0.405016907654181
0.0113237203095341	0.0163881592049699
0.601797763904111	1.65794948293783
0.23632780700675	0.336287605622992
0.465835126957117	0.821803215356249
-0.156529200032354	0.195096575207276
0.207380514222294	0.29428458540088
0.866165681227127	1.91474632615154
0.932301814868139	1.70905675288707
0.221941955910586	0.274906710819524
0.153063784862435	0.160488204780635
0.291682590144737	0.387761088153539
0.487556894908119	0.703582828098267
0.569450176232559	0.833192991883138
0.47889641592468	0.669241505200364
0.0000589207310302086	0.0000912217382900736
0.743438757213506	1.2296908699975
0.371316407178231	0.529914367960875
0.41444325871327	0.444846458873665
0.0179072070131677	0.0266889113535304
-0.0081404041596946	0.0144790738494699
0.0931281188861757	0.176487813329347
0.342750012219129	0.576115018561444
0.646174353749114	1.00530036593899
0.145263784326668	0.137044051500631
0.755749319698611	1.13328626257924
0.25336788360517	0.298603556724091
0.261634010968338	0.294541270468896
0.0720104061052301	0.114495331185155
0.417284364413904	0.589174080581699
0.0365956662326932	0.0672074625757101
0.304369605568149	0.642135299657263
-0.527740490565308	1.46014951795978
-0.112642501176799	0.225974388877265
0.172834735536632	0.24832322679431
0.365818704248308	0.591594755905177
-0.161840109800263	0.160910632787905
0.382604864180702	0.457579126683116
-0.0408166090351834	0.0373814033218711
0.754061148058541	1.48572832299439
0.37460550079456	0.538039378675626
0.552063906236902	0.794569997858044
-0.200834872828869	0.203073196686826
0.274142019113656	0.363759543125793
0.728353459177524	1.20721692214939
0.441837740221845	0.760075609852917
0.352515772315143	0.600370572314197
-0.121665006921702	0.145801867742449
0.255331739988742	0.327737315625238
0.0566544192341243	0.0600108708444756
0.094636818313268	0.106114727311993
0.290706983860201	0.505458848864044
-0.260308806041361	0.538388632467813
0.148692872491532	0.289669426751898
-0.186149802883311	0.368104156905041
-0.122787660828913	0.239012994498882
-0.376256519013533	0.818399412417762
0.0577145008892661	0.0905324389340649
0.143574302375382	0.244039965385527
0.172967191381939	0.25940180103174
0.527698879315354	1.14731850405794
0.364656450066397	0.688638871519766
-0.362826166980465	0.70350996726309
0.136402153387104	0.309899061999576
-0.0151666253953314	0.0214332345354884
0.678920422230366	1.36310940270432
0.699917428978466	0.96850294187386
-0.232460686405384	0.301065571121078
-0.471905795898144	0.728702300137784
1.19220769627198	2.91150689018958
0.407785481948615	0.648789258788797
0.725289077236605	1.0514761253521
0.788039662006115	1.60151051489282
0.521101809064587	0.692802973883846
0.121558042581964	0.126821081998842
0.427830905550394	0.682696942270965
0.153872966711885	0.311861229695071
0.0847345569872066	0.0882759515755745
0.402902381053933	0.545296474807872
0.455173859429047	0.678317688409954
0.345700247903772	0.462724153224825
0.00704392354073461	0.00702363240693158
-0.307839086102176	0.469022962841123
0.24110808728256	0.633537513115179
0.0224419718862166	0.0392248488224944
0.245431361964829	0.326446865935029
-0.446668730334921	0.571935969348147
0.0597255712943128	0.057350957820165
0.52498138682635	0.856646379078037
0.278881521749478	0.369533821501561
0.0263994479663529	0.041516154173104
0.0560998918747996	0.0521756215856677
0.198600453011702	0.199455058240759
0.00628715249154331	0.00974475900260919
-0.316002771573292	0.686448202193593
0.105773765513605	0.129832437332424
-0.0390329438146735	0.0381913392249044
0.57677003814628	0.935035152966138
-0.0619993405393069	0.0995513309971953
0.168172332707244	0.250671707982107
-0.174515928622141	0.214043182061672
0.367256466031073	0.525543215774431
0.0221082231064458	0.0204510145445893
0.157262891391007	0.176997065605777
0.131345507497171	0.15673716042015
0.318903423014174	0.514039302471409
0.089130986799558	0.0988227165673498
0.58721867484547	0.910641162222027
0.387021719969502	0.710082719405894
0.134759625755604	0.176302687226421
-0.457557290764512	0.69867570474593
-0.0695981711926467	0.0833954945027182
0.600902096878546	1.30522533750846
0.377894574181904	0.524222445884184
-0.395761306916505	0.561662318260956
-0.333557812430413	0.356496765534439
0.78674381345724	1.23655897397927
-0.623409120141249	0.842592756777243
0.0933449896567695	0.102477279514873
0.0567917619752394	0.0641109943935155
0.233299459078818	0.338108311976502
-0.0029278401514027	0.00325893120358961
-0.118386678778174	0.17596421846338
-0.199399466792432	0.408062019430238
-0.147978914627504	0.305466501055596
-0.243275316666585	0.519156452737587
-0.0282995908572586	0.0379131800517285
-0.057979519145023	0.0650830789779553
-0.021505243067612	0.0260192610728336
-0.0863375060607041	0.102090476724916
0.277929302564383	0.418305520652982
0.512790533602227	0.858348869100113
0.394836916937978	0.615134301614602
-0.242556483013131	0.307371245492141
-0.556705525774808	0.856533013694348
0.127958147613326	0.139649464837347
0.294724216800771	0.344022131879468
-0.0312876120825248	0.0261445067319099
0.258448464748404	0.307062678906365
0.0557583279653184	0.0583627468262148
0.257022819716722	0.256357454927039
0.103732797205535	0.104146599494035
0.0124686356269139	0.0199957000030936
0.121218725974505	0.210270787874815
0.153070388048328	0.307079509873347
-0.0500761232704594	0.0966722766318343
-0.0511799933885558	0.0662630352003487
0.607958410271051	0.950723987383499
0.302152206566695	0.370963322666283
0.209990368331957	0.222362922887254
0.167946939475606	0.182736360374232
0.350881949485413	0.547351190817525
0.0970498526660323	0.171594229795331
0.100973603451586	0.128021437168214
0.674868594499454	1.17330830807731
0.265214978657853	0.705184050796618
-0.0366970173576761	0.0548811019006685
-0.0752793519856386	0.126308036618605
-0.131039008986497	0.274230512146555
0.486235593341793	0.955942394164286
-0.190454255080049	0.311006651041356
0.0470895267092139	0.0428436096273142
0.324789932076393	0.411187119786297
-0.112979218611321	0.107825513745964
-0.124819288070127	0.153321706102142
0.101790936565864	0.115559779658092
-0.245700983075454	0.302062551764086
-0.108243707761644	0.109961993921681
0.818276097851882	2.26966575095477
-0.229808666477866	0.349260878992561
0.056175166521453	0.0686058157765578
0.561638084943588	1.24984087105056
0.218954336243353	0.338101625569399
0.157087995126072	0.227344682907498
0.0696619937258945	0.0778225302537654
-0.408278752251634	0.728184839227298
-0.124034345942608	0.177550163426133
0.406608500909471	0.565011958445286
0.618080298469196	0.949687475537273
-0.077018899818	0.0890434794391057
0.212040546833401	0.249068167405714
-0.245599712583399	0.317636738021085
0.146508786792481	0.18638433126199
0.511250498074627	1.00287725142078
0.0121005879918792	0.0119114607208288
0.115854003364458	0.151684111145853
-0.167867682820933	0.239182894126789
0.0517726935053419	0.0629083039965389
0.467408261188375	0.966803372489973
0.471361696723114	0.847140770502449
0.315756341516832	0.495280102717056
0.208761941112014	0.326881963364609
-0.337903157489639	0.53241522595058
-0.12595628889734	0.159769460344761
0.282955925684671	0.449063974702123
0.0776437291527226	0.0918695153082238
0.196440502419628	0.31078004385118
0.103310823713677	0.132510152184522
-0.35772531732573	0.625573848988942
-0.0828954238623729	0.109256591028109
-0.222008288009743	0.431224532063902
-0.00348132973193453	0.0038939019156853
0.378254149333441	0.618171172751875
0.146466842996646	0.203706758044874
-0.0756365600203262	0.0981055621421315
-0.429772229816855	0.752498389467929
-0.117746980732676	0.163475595537133
0.108974451879258	0.167915840975727
-0.333644267539377	0.603358144141509
0.540162972627975	1.21575991395453
-0.0563537988523614	0.0711050480426148
0.469595256237262	0.973524462285542
-0.0451500824960985	0.0477981656387995
0.383640087804306	0.670520080005145
0.40149341916928	0.846406013306931
0.137951427459631	0.180455254603997
-0.00497512960670403	0.00554473742172654
-0.108181447929205	0.153131199530142
-0.0160613616474831	0.0227264682114492
-0.0638455491487573	0.0734433550359877
0.448924942364059	0.849131462606484
0.466672487850788	0.728919532711666
0.0365045006466186	0.0480635550157345
0.259314705362285	0.399861190812719
0.185489666500872	0.258312988881226
-0.429384137518477	0.662942894030318
0.294540484844496	0.432615676566639
0.0283150950443532	0.0366988056276729
-0.149429483965874	0.202406909038955
0.051749189259571	0.0628082468833988
-0.369488156532044	0.656765833273528
0.368793814793426	0.656750687002958
-0.252611638211977	0.401191900970538
-0.0750045334949079	0.0929181628989666
0.196674260020013	0.297670021547002
-0.435864518261758	0.850589651685414
0.0472741331445755	0.0558763948612964
-0.145115612702523	0.171552641232895
0.29297306324158	0.392685907428466
0.607658437305936	0.970586053137324
-0.24137614211346	0.320124369123156
-0.274771343718549	0.381086396252446
-0.00842917597659817	0.0100942305635902
0.347031332376508	0.547119188220773
-0.221566575559681	0.293518429127815
-0.0858437199562213	0.0962377089076734
0.609152544476148	1.0620824654746
-0.503677373338561	0.839962559188022
0.251447281303917	0.298986306374675
0.497685078416315	0.707039997931707
0.344144572995444	0.450306751117607
-0.154780490883507	0.167939558242101
0.401439900571336	0.643893344361162
0.42185484132465	0.781979422476111
0.374135961840879	0.688224198713104
0.114966354974645	0.135235170986215
0.274862427420127	0.459711033747005
-0.19143217449605	0.295320394271932
0.120683598786055	0.158091149155086
0.173064530069962	0.258711067230056
0.00128725027879663	0.00158936506999438
0.385907556185126	0.57405947427995
-0.229060279393907	0.326566848568855
-0.507380835859202	0.954714277678053
-0.0814286620145741	0.10315657981266
0.372716383413646	0.701831508430254
0.297062433105815	0.549178049478562
0.0440150987640381	0.048472439033405
-0.377520924672224	0.6570341767898
0.112659133592449	0.122042730686627
0.109606165304468	0.133311723500265
0.156126450656084	0.219073486742535
0.239492756055768	0.411135841555396
0.0909257001401542	0.104071174675095
0.299172221753776	0.555305690590889
0.0942175563034288	0.129075714448857
0.378682597639107	0.606172640873469
-0.0648395762171596	0.0916309413302188
-0.0217963193792077	0.0288152921658936
-0.110360957176898	0.168534388843409
0.0803262054670682	0.104452228824397
0.15839428085505	0.193503140426198
0.0969850560782148	0.114848638999227
-0.150600400821536	0.218479980112778
0.648785080773315	1.4118443617702
-0.0057452838220727	0.0065787262729842
0.112507541702177	0.141865916921099
0.32238221103477	0.56873414710019
0.145968822068077	0.173192018959222
-0.0299303268652078	0.034956597422384
0.216910256781144	0.308531138520875
0.217509000992568	0.287553187583779
0.0998620773205544	0.114430245554973
0.425626646951667	0.729616753773297
0.0413319810030577	0.0503012467177179
-0.0432796920832634	0.0686838257525107
-0.0574785198007418	0.0941642173376797
0.260211021077672	0.582162085508837
0.0111958575859965	0.0153718422183627
0.237733184083887	0.451890443314809
0.0781433458028753	0.118839228398957
0.0656372503133627	0.0939934650801563
0.754514183624267	1.83383899777222
0.616145909533263	1.48920356105435
0.692855359592819	1.67544061113386
-0.0142907086121744	0.0195062690619626
-0.0862697641407489	0.176372032003556
-0.158701933247024	0.28626489371309
-0.566592592839595	1.06516296127561
0.172907834668624	0.212416205571057
-0.227524735290208	0.353403771691844
0.17087639290923	0.21987114056333
-0.112203672980082	0.136690870722183
0.249346906127625	0.367666768359076
0.0620800124761146	0.0685642745084961
-0.255649296596562	0.341885401059013
-0.415830254410222	0.689744837635783
-0.588066954702574	1.11419778903076
-0.0705761092989021	0.0892610543304312
-0.141078296821145	0.310000464774285
0.341746696730119	0.570969048321595
0.093766255820046	0.0923019958415678
0.651899116187538	1.22522304137107
0.393857443204253	0.678025443365014
-0.161109177035059	0.191146832155097
0.0504943364386491	0.0598382729464219
0.0914717805644199	0.178480987806109
0.109439197222963	0.220610928079747
-0.0800926642185874	0.113771821574207
-0.104280225906955	0.118292185348192
-0.256808616650404	0.355106995990576
-0.0412460540037887	0.0414065335434177
-0.0914367549328777	0.10201775061617
0.0444649309645429	0.0757038078240887
0.224437432435099	0.306445567350004
0.421030859526851	0.645842638271639
0.141414839958712	0.296010969629103
0.181000731582913	0.364353074906916
-0.0566437882862281	0.0636789768597653
-0.00555494617233392	0.00569458529358106
-0.055999820243464	0.0593434731548247
-0.298973452602798	0.647591470199761
-0.102772597309775	0.138223128165274
-0.515233945075041	1.0478756888181
0.233018191813946	0.331166826439352
0.151880655728047	0.152873992422187
0.243076261165183	0.368007986158087
-0.113307738985154	0.15563183248567
0.143406523544286	0.209650150664011
-0.368954310079561	0.599022645768865
-0.318546430441315	0.526529412729468
0.459225542255034	0.808869239155597
-0.0267254877352928	0.0309259469042166
-0.260807834930491	0.398514753549463
-0.0219948011722396	0.0207801917837622
-0.0933999681165182	0.0877794144610624
1.19135379626844	2.60812948444596
0.164537946408429	0.183135467424725
0.40463088740788	0.589550317178528
-0.394889161214983	0.614654407489474
-0.0588916129701013	0.0704021766317772
-0.36560779922014	0.69083005216756
0.254206500590871	0.398775975889899
0.101544042361455	0.142909361439066
-0.00791737554858115	0.0111463797980191
0.194996415690577	0.412091699771592
0.0943510278933029	0.15019284118166
0.298989881317333	0.593770229356972
0.184669078723703	0.260805482141372
0.201631114784038	0.28094091184315
0.433165034279898	0.744970737427837
0.0223289153686476	0.0271756079396277
-0.919752203270252	2.33461896547264
0.839351705369902	1.69062393330604
-0.453988294269921	0.887911511830052
0.130128153499131	0.156545182263175
0.411979823466639	0.729633308875725
0.62836777088066	1.43843401131562
-0.129867191460152	0.150822090539188
-0.401804821588153	0.525933202935476
0.19563554017751	0.228977833688361
0.0304114736536806	0.0297128114356737
0.0960465024015777	0.108721607196842
0.206094709716164	0.275591099991036
0.11197273988577	0.202248104951716
0.423242843081938	1.45024052647416
0.554558401911814	0.910742626721775
0.453606007926443	0.680863714660884
0.272949946316018	0.374283112424369
0.250602911806183	0.348744916517406
0.200249397835522	0.245832454391658
0.105908641070195	0.224829890330407
0.125852906254297	0.259622432133235
-0.12615847437912	0.250828385493328
0.353793475377495	0.808805320236769
0.258406990307814	0.594355797991653
-0.108491108192623	0.218048504743706
-0.055528917459024	0.0768885494590216
-0.072052447049238	0.0994255927576288
0.0385674763442147	0.0422820345583637
-0.512897455046659	0.790547684237242
0.23265039848171	0.315250994986369
-0.334784357989588	0.503699417099746
0.120859531960492	0.135138242202328
0.207423409733958	0.289184943204475
-0.105700100588278	0.115995806662784
0.458302027324681	1.00446455204015
-0.298331070092619	0.572912813632539
0.152483848254899	0.258042919887594
0.251492359283205	0.488319239531271
-0.043252285983323	0.0597333131912331
-0.0527093992889958	0.0364145248955651
0.784516639513834	1.19086169509509
0.267985501395374	0.309927410848365
0.416899049317726	0.569273398734958
1.35423533107404	3.29096338267402
0.53301048821821	0.927635084605642
0.238140359882884	0.355391688483341
0.825535006632918	2.16379194969333
0.272430379383955	0.431871267496275
0.130372798560311	0.191654444894849
0.56489643197374	0.914248284045646
-0.195807654186207	0.325445257451413
0.24085849603585	0.464908124415246
0.126519271602269	0.212858791158033
0.0206849676442217	0.0290642492501412
0.301901670686274	0.585514904082732
-0.445347225114415	0.920371322578614
0.414427224561115	1.02265140404313
0.395646174211059	0.696375075230889
-0.000493937496702284	0.000692784067058723
0.0362434247490074	0.0528305637708212
-0.0487314737215898	0.0717187527403959
-0.255983108804749	0.464023001183345
0.0405334921952424	0.0506020544129783
-0.56913122319357	1.33470546831946
0.135899642280685	0.19608741532653
0.431303601792058	1.04275671840617
-0.0441478569882664	0.0614260249444584
0.00060994258661077	0.000788418958311563
0.403669907956208	0.855053033724311
0.194543008463503	0.304656066954124
0.0671655244904579	0.0695894143314848
-0.208484528501508	0.369898063296894
0.12026486641641	0.200467922175852
-0.346119788865119	0.708145749163039
-0.0108114744077533	0.0138225207973928
0.423151927102695	0.9361039177322
0.0911419262323583	0.106492041532851
0.284770500695621	0.495638797626596
0.19341001119146	0.334174738703641
-0.0710220650751364	0.0871611047469201
-0.0951211598073953	0.138548818322171
0.0321470903340769	0.0441120886961612
-0.16121292260072	0.265258314938904
-0.158835865632535	0.250524543711431
0.0259780713721311	0.0332168605303918
-0.303165014732822	0.425313427146943
0.177262474298131	0.261481299953028
-0.0440052378419712	0.0589122590348457
-0.0111382707633078	0.0147520054231139
0.304526525451434	0.541897872984799
0.128464365031412	0.201223313430574
0.224401902782012	0.386641598549654
0.218275034840946	0.402123898023062
-0.0458485869365763	0.0657677062437104
0.198940248561018	0.354506652258529
0.582688592805102	1.44332589112651
0.132059212480154	0.205165199592896
-0.0740244259575771	0.109095446306132
-0.281510102249918	0.476170837636307
-0.35515556665184	0.660513727098629
0.443191963264293	0.933990174349882
0.243263948992009	0.406323574508965
0.281413821119684	0.504063417371468
-0.0514335930375771	0.0643983824110806
-0.356148723497372	0.661934723498006
-0.44166535569634	0.778210794872357
0.224265040285903	0.315758024582512
0.294820407282815	0.356951619102734
0.391798674074284	0.532238400034647
-0.185378140031793	0.192933063357255
0.195892426281396	0.19311473600902
0.299438440948041	0.371413434612704
0.308492661658846	0.434509231662349
0.433640152401202	0.79822653195547
-0.321851571389959	0.607787984368808
0.217609676532451	0.395823530106127
0.0251536068100318	0.0321605344176946
-0.375968053442389	0.769227389012984
0.128278931336681	0.206443331193552
0.165863820839923	0.282380397559654
0.310173412630419	0.594068482245514
0.217709699280226	0.378855114518582
-0.206096846712787	0.379650526986397
-0.348823645482993	0.687602822860665
-0.44772172183528	0.99680953940522
-0.0330011917964254	0.0461302270966648
-0.0574383240330346	0.0606166556094335
-0.00424875025107775	0.00399255877218173
-0.0244156891985547	0.0206592674197523
0.0872864746169592	0.0913172265170124
0.890157588680545	1.44042446469416
0.421211211423714	0.642373143484608
0.588202105828659	1.10332658920848
0.382180947358754	0.525098922292811
0.37425324121441	0.682533995132065
0.190494604173043	0.341268501974347
0.288536130640505	0.618147684092829
0.260215385529411	0.471177380366345
0.334447305644483	0.626067803776248
0.223215083117011	0.360695565587318
-0.488545968069046	1.14862035825483
0.389028097459071	0.802754946029749
-0.126014540443286	0.200886791814068
0.203055096193592	0.342782918582721
0.691996591185304	2.05060306669501
0.253096852884115	0.511334266415596
1.31665365871032	1.74647635240162
0.772024898020161	1.02057680671803
0.700597533729513	1.05493100586546
0.961241638963235	2.11032971914026
0.844680874694442	1.30855748662816
0.216834234561882	0.249104181558892
0.352079122108315	0.559911251992466
-0.146648451249043	0.205616715389984
0.0057553458740609	0.00648991445258327
-0.0324788147063902	0.0439402203689611
-0.184085382992863	0.178032289525684
-0.0908730315215395	0.13198644107889
0.194941123754538	0.369698779349254
0.115693991132609	0.187158355916762
-0.0491636524687436	0.0745072864272502
0.0406476133951641	0.0588342048189682
-0.0205165033600419	0.0268536542554712
-0.278209669625022	0.501312692869699
0.108270615614027	0.155310135352938
-0.435514951790891	1.00717369951512
0.359390155338968	0.804084480136656
0.595084799138205	1.62205743437319
-0.173217208655395	0.322939515929664
0.041458647398905	0.0531515551454982
0.202432182367244	0.345383790172935
-0.0581469640982024	0.0811896912132717
0.52422313153124	1.38162200123499
0.365309450262147	0.894882838029803
-0.0627834287089595	0.100468873107438
-0.113485562413019	0.193732558033535
-0.0933753417952621	0.101217838671021
0.134335710799664	0.161815727843833
0.0741025721378504	0.107243805978333
0.146116696131247	0.249157720919624
0.21541940457556	0.426526759973591
-0.394010213926703	0.856391977627745
-0.0294963165532228	0.0410970887082655
0.056792110657643	0.0719215594459191
0.382513067802812	0.752175503761079
0.192107310159561	0.303207683280252
0.131376006151743	0.167951324757707
0.0419327975379136	0.0583355577378232
-0.142097735767162	0.273001300304769
0.0778354195333938	0.113923416301888
0.0387275340039348	0.0528137238950506
0.178794448099549	0.26813234635109
-0.00443587540099668	0.00493122737411668
-0.101981515272142	0.125654430610455
0.202395645498716	0.361986649598198
0.140574532707378	0.202423448426208
0.206635508208937	0.404703292012804
-0.15162924307914	0.207423363809729
0.332885654400781	0.721827738159448
0.490620585701605	1.34868574094913
-0.102703175015841	0.162842129312521
0.116513946865141	0.192556633075593
-0.0666550884747014	0.103777009730952
0.0242413551682748	0.0370177990321283
0.164096029470735	0.269627056460318
0.335219490328945	0.600739861911784
-0.204666121593295	0.31379656723173
0.379485012487344	0.715357657687173
0.187664843927542	0.310579920381296
-0.117682058186815	0.174651712316338
0.0279568988906415	0.0383575496599751
0.376191349336331	0.669623474448261
0.165121952097061	0.221448765277664
-0.0460645589144434	0.0421369768921224
0.270458762360098	0.274947770369311
0.211629475113036	0.205979804714614
1.04876707490592	2.01337488538001
0.768641238604338	1.73747342816247
0.660506606222269	1.5857703804306
0.203856869940103	0.355521414024663
0.0885343721788144	0.134201004845659
-0.0148647473280543	0.0213446889383114
0.325249419631388	0.656964927693189
-0.0906559291942977	0.141043920941745
-0.154567090384983	0.269814797736551
-0.269061069420826	0.624359713849034
0.0597403915035093	0.0955523843661606
0.198479711121683	0.394200305070747
0.174008553594318	0.321841933337817
0.166595647859396	0.194155671709074
0.288962818845208	0.4090809815188
0.290072941731876	0.27665768100552
0.325387535013715	0.348414021936747
0.193548053716754	0.320894598821318
0.056633278709171	0.0547913574621434
0.503821358694403	0.817603091720319
0.466910476410172	0.765931531645061
0.463122027395631	0.677893541673292
0.501766079372668	0.781075310992205
0.474175340170047	1.07930246556206
-0.0691825014335167	0.101252370581873
0.0832668631258515	0.131681391168058
0.0220703383063281	0.0287274870445419
-0.116187897324302	0.176156922815572
0.292498406259316	0.628970159501452
0.00874035119582404	0.0120382515781502
-0.294605168441543	0.59963829959479
0.0547136208838825	0.0822052909396492
0.384805482969517	0.964564573668957
0.386642064794273	0.876686673495105
0.304165068815151	0.260478651798799
0.481614954344739	0.54454896206972
1.47797956744984	2.95281323927606
0.156439771378068	0.167498979288369
0.209132637069152	0.251035932976705
0.313258053522316	0.456394394339111
0.14868103196714	0.210758958243344
0.572934915761105	1.13327809145293
0.165640694243942	0.259314858368125
0.422490954947062	0.766489455378636
-0.106628073432974	0.082842277707178
0.746414755873193	2.05082112697155
0.236343276047066	0.467534921481541
0.388321788436646	0.986813003820012
0.111734987511312	0.185170584183743
0.0381895693751184	0.0563544732019981
0.404873719431105	1.04571275354299
-0.105878771154219	0.181823221559498
0.464639419053211	1.0262606101716
0.136911806057294	0.241620790477313
0.345448834891161	0.812969622357051
-0.0208467198643746	0.03043954554089
-0.0513827061656449	0.0714393656632716
0.277304786071752	0.555191376690182
-0.0872543890699422	0.123428117383366
-0.283840450987962	0.558284378891429
-0.0917760169685848	0.153159207221222
0.00698343813417501	0.00963658408844346
0.0314622310914075	0.051123740217192
0.0650571558252996	0.0977788688422127
-0.0230921721786451	0.0261215449445963
0.294422509601224	0.353414378473424
-0.262096798291628	0.506427406473268
0.110690754453317	0.180292377855253
-0.0926278960478328	0.145896453731752
0.244789875450993	0.448607905441314
0.0405832139335316	0.0551952403787735
0.328292530647993	0.504881827998063
0.179209028723767	0.288111257223504
0.0104782580329852	0.0151219879861254
0.177223078470496	0.271677732692937
-0.157372006927685	0.232839348473275
0.024077226338159	0.0375598317471311
0.19338624730649	0.33744265644457
-0.101316064608305	0.137088831042929
-0.00433307014423135	0.00534702838891878
0.182089891668327	0.263470368299135
0.155768545356305	0.218856594854721
0.281829244993711	0.585515180366947
0.246637459054478	0.504802154344132
0.492868426265891	1.2851592110371
-0.134212778172466	0.244350342857329
0.221720794068075	0.442723658764817
-0.0912388644517846	0.149284708326955
0.188559490145227	0.363513295642318
-0.134636446545532	0.249291123364665
-0.184655088208434	0.319367826219357
0.218927501614406	0.403210251703613
0.492868950764058	0.921502834964722
-0.0518255494130509	0.0692036298095535
0.278927845896632	0.488659219161351
-0.0621817333771139	0.0902223667257356
0.185251570772028	0.325391630683184
-0.0876301868917857	0.114922834821189
-0.581554617505739	1.03175252727942
0.116017058607126	0.120003235279753
0.099339115416221	0.164236159062247
-0.17167615676333	0.306064152718113
0.433467753227543	1.05735590289623
0.0750393557138491	0.119575368004915
0.197096680741135	0.391246286012325
0.204133189230546	0.345516367155712
0.124356743872491	0.194624913897015
0.00270178367101436	0.00376492151042464
0.0483171629557605	0.0730997100462685
0.21510051740709	0.435530966955932
0.0854351393870995	0.145647301888571
0.0450896773838932	0.0723526852730418
-0.00420573461722995	0.00634031070110672
0.166399952221738	0.192697621837605
0.347032474850765	0.350511695973166
0.0542900872174021	0.0495778474939471
0.373758567627505	0.594041835187535
0.386439014228247	0.581555834994406
0.465130319556509	0.722404862410027
0.273969913152479	0.487603874851188
0.153491817770763	0.257532250905163
0.0618778830533248	0.0968508259369051
0.00250307800888922	0.00322472403169449
0.109518929190428	0.169387556179426
0.268423637923701	0.564527882111286
-0.186757787431011	0.364253580063636
0.0893044118051747	0.137492554825032
-0.181741884027782	0.335153298746753
0.499048560031108	0.548535621738563
0.848694287877527	1.41658788872874
0.0785644979792748	0.068121256867812
0.0565055586747223	0.050290423066303
0.563999473715872	0.723413228858913
0.247657141236731	0.293764511149556
0.773092150068843	1.83052025034702
-0.117648596073305	0.144070784623128
0.548449416792509	1.07551719956706
0.201648912966925	0.27989875239088
0.582887278917599	0.74102430728572
0.305213052722326	0.565331259390017
-0.0529280052816276	0.0765320228018978
0.318309171146075	0.657567370580555
0.391930557972068	0.915966802906605
-0.0812998806456943	0.127862818901807
0.267694624473878	0.490155639447099
0.112681946936945	0.193271972918164
-0.377080519054364	0.704677594952119
-0.00981705013758048	0.0132401689383435
0.150834573825149	0.259487303769725
0.168050705771024	0.269783248385363
0.491202439927265	1.22020195072902
0.0598210114739427	0.0834500888409009
-0.0700414787333064	0.101611955533661
-0.160195553064119	0.235587823427846
0.455720268719525	1.02496075194716
0.214134130782711	0.408733179890708
0.209422804231755	0.369689943420246
-0.0612919441586035	0.0907127146182502
0.709796382952169	1.42122391197824
-0.219748299404586	0.268393601548797
-0.123954263213667	0.198635944832231
0.0780237159356874	0.1218326657931
0.112693705719385	0.186290045805967
0.0292924149299769	0.0370887600117573
0.0685134821658697	0.0927791831171268
-0.246328924014006	0.339157034678972
0.337077427602097	0.659834462135766
-0.215155594725578	0.373239011218972
-0.134014602635439	0.202836102098978
-0.17129776943718	0.225730002731528
0.179474935907819	0.314400475452682
-0.226527241209648	0.446155459888868
0.376092502740079	0.653787634173335
0.251739881373086	0.388647865045231
-0.0948312576262659	0.110689131629273
0.301302018710551	0.692302100910409
0.108117297128227	0.162336902692136
-0.00833761021159862	0.0117112653794834
0.0335140029732043	0.0476523773447893
0.11977980958459	0.201556938992778
-0.332256802025836	0.714010724135487
-0.320236124183766	0.718428550513449
-0.166448981154433	0.286815909551948
-0.145417271704006	0.213022023434361
-0.0351043179992598	0.0454388418040607
0.0932438250329251	0.117721264758343
-0.014624530616824	0.0183014319668646
0.226549634243032	0.336771270750268
-0.275671543542376	0.505262124842639
0.25325257625733	0.452616652605811
-0.00992558348767059	0.0117468071500107
0.357925429365308	0.497332627282511
0.253458061942994	0.287309430704061
0.206028847581879	0.208738432999398
0.371891273428542	0.830613090278256
0.205335572535113	0.369559304484405
0.254987068478571	0.521427934411816
0.296080731039924	0.659852021216787
0.282469242140046	0.586763341997437
0.304368383018188	0.563752885679457
0.165066138609469	0.256281547580686
0.243732914503207	0.457749126822725
0.303730777416175	0.633336860273776
0.208449121359844	0.403059082930794
0.00883014191704964	0.0124113073053456
0.31836227460072	0.719850797538718
0.0435958526438965	0.0672498052467693
0.208865420185685	0.399781694932747
0.313816797956379	0.425663686566865
0.360415885479666	0.591672341288285
0.670234377853639	1.10636030092712
0.565421339808888	1.12974603496059
-0.0232704696234415	0.0281194986345245
0.092756709225377	0.130507608247249
0.209821871249311	0.383563674593881
-0.0202762961381708	0.0263737113149772
0.284563384951637	0.527490174686098
-0.323534221665549	0.694996384607062
0.433240373463046	1.03919512444504
0.247371988799979	0.463447946768636
-0.211523071866093	0.396660465677053
0.310659502424337	0.263820745738051
0.144711190084695	0.12680201310572
1.02686617068479	1.96785183049197
0.155419739976678	0.161514547194325
0.864189459088771	1.560904781348
1.03696921263554	2.6383075294247
0.485886672820962	0.89661788130315
0.629917190056462	1.50375227058533
0.700447360359085	1.69967798154561
0.27578198597875	0.456930391448029
0.350990845556308	0.42447831083354
0.337058396563877	0.649159369669541
0.498809361567658	1.30068153839587
0.586119846610251	1.72304611740239
0.0777818545600625	0.12131038298434
-0.160666245148055	0.269722636507363
-0.175053354912045	0.286960047240666
0.0382799445677985	0.054448500412889
0.357038857815807	0.686190157514648
-0.0338436926381623	0.046151395776713
0.461876044085093	1.14271115808117
0.495769249563232	1.14634151503562
0.236428841558652	0.439811372027081
0.122589805015194	0.180869997374237
0.0707721122644395	0.0880812327213431
0.483025558416244	1.13266068942708
-0.0057109512285618	0.00796851723962046
0.00911995775350789	0.0126683469554961
0.2580637824417	0.485166978830512
0.36382392687751	0.825795397338232
0.0172440182817008	0.0197517521971907
0.289392450292812	0.364147708422858
-0.122285121622362	0.188596083970767
-0.0593768278223152	0.0906939447464867
0.463165500279999	1.02669647177166
0.19627067304544	0.293649185743261
0.3117881564962	0.547601906235744
-0.162179802419193	0.212020958656935
-0.103633762667474	0.153732601646131
0.316550874182245	0.598521051084529
-0.0475015805228754	0.0591004000910462
0.0608605531601927	0.0815346624329737
-0.235302411794573	0.436811614318346
-0.266676305571146	0.520851404337344
-0.273539404720904	0.457585271866496
0.227183361677929	0.365564674666162
0.0469956977420999	0.0517144722813562
0.542718092420577	1.35813617022515
-0.096637198084591	0.148283200477725
0.158099966721593	0.253384886024114
-0.115171229562038	0.182463813869126
-0.0801175344527329	0.122119516161427
0.0593642689681398	0.0808369436983046
0.23172295596039	0.407525884186082
0.133127982167419	0.223717403741752
0.138614889360213	0.245204549002318
-0.115384146050036	0.163573099758976
0.346525287743351	0.673026138687141
0.393708973283677	0.725107014946825
-0.0301900522295473	0.0387180810240471
-0.21478588320063	0.296899034067311
0.256757231185093	0.437159271381232
-0.164471445503402	0.264769275133814
-0.0246912402504318	0.0313733702003074
-0.530835906887762	0.851719024027674
0.202963664067668	0.230998006929729
0.0501408961687739	0.0446909291695257
0.462497236214835	0.606154393085413
0.621673305283565	1.6451738757026
0.438423014418325	1.14784823241902
0.250311181672519	0.501425278408716
0.195903736035886	0.303640031153367
0.167896883595996	0.281314260964397
0.0782793771178291	0.110977893017148
-0.0933194727952132	0.142363199021478
0.333533938214237	0.747689375780584
0.328831745590632	0.740717140413872
-0.378331288330225	0.901330740180865
-0.123033667736655	0.203518070117636
0.0408290466468899	0.0612223113666701
0.251649221451809	0.301175879979866
0.392887015430471	0.348229293823109
0.111308266598878	0.106381191845986
0.139599606830696	0.174276774471322
1.06487115491601	2.03944842161902
-0.116764495266516	0.152274068570939
-0.0744464607378107	0.106207071994018
-0.0595376026790637	0.0843866423400987
0.282124604193617	0.503789141561823
0.24964864847842	0.453495513675297
-0.184338752821399	0.306778968763635
0.471455754251723	1.10551553569741
0.089921957932815	0.146416375757576
0.0944896313050003	0.154886197133869
0.135075877911914	0.227104847474381
-0.105427216706945	0.0928651053182987
0.517643831224269	0.694615345050918
-0.252331609790075	0.275315643484732
0.196104525441133	0.207803353738352
-0.175128824204564	0.192864191162009
0.334492593657472	0.501696601966029
0.323001793696168	0.515648994700785
-0.0691526981641014	0.0823937739169867
0.744651666533163	1.67358747681061
0.197562456556169	0.288143532206761
-0.569402532688007	0.790466994289733
-0.0486569056530135	0.0627531368212247
0.368091271641562	0.793006145597897
0.60627797988864	1.4781031035615
0.048192244986037	0.0707433709365268
0.201893918020183	0.357264978322235
0.578317029685049	1.53556109409766
0.276180108952102	0.531575696284603
0.43026437154571	0.909701435120896
0.0735218976379662	0.106821772083686
0.134953986531822	0.235332727966406
-0.0108894394361747	0.0145199168572231
0.471328949875898	1.04718175882452
0.23658834395934	0.409994467381919
0.665374701943586	1.60861308411733
0.131263684065399	0.203576073968754
0.352271639465009	0.768727581918804
0.155394415862658	0.252957552114649
-0.139495079966657	0.236151426636576
-0.145163460075368	0.241816412534155
0.0363243773732027	0.0356013795689206
0.209332050896944	0.249918857197477
0.565130388920281	1.30721795575187
-0.0519461398314996	0.078953032223727
0.0184279250166233	0.0242678061900868
0.363121113587185	0.709270513036458
-0.209285967044868	0.351602201648869
-0.194677316879593	0.285302823772355
-0.452941887453253	0.898685047868313
0.534071359518333	1.32637496336471
0.434668732970487	0.748116493841986
0.0215262585051135	0.0229169989438265
-0.015904127495723	0.0223797963571221
-0.068345603805883	0.101803030999096
-0.194268746292191	0.284751334623148
0.0509795401566391	0.0646523654460223
-0.235881156136733	0.308115256115372
0.137251426769934	0.206099351700687
0.142501215582237	0.250806697809097
-0.0780244116697481	0.117925950275881
-0.155917937888401	0.26752581260291
-0.0602669418561025	0.0923531050752695
0.109066653513363	0.18290980261525
0.0557481579345617	0.0827081935905405
0.361620345511551	0.789371404966
0.319979954633894	0.657164150374053
-0.163690013797599	0.260018479187842
-0.081093915569722	0.114665052924216
0.337409633637708	0.579628081772748
0.0554128426613939	0.0686573883257977
0.35526598783156	0.608786614053112
0.19634593789233	0.321900516771996
0.415152946214016	0.815835326965344
0.0679810490615441	0.0931985337064196
-0.0145416328940901	0.0161002705604381
-0.242235194323431	0.258183018415465
-0.0988357949768021	0.101067033496598
0.192652460708002	0.187469565460012
0.0509740037799387	0.0366137632867923
0.40783005485974	0.576912559463799
0.307016017931221	0.572897659815518
0.356392764690868	0.794635813859867
0.62992733781044	1.40716739748322
0.389778744599986	0.849035095679497
0.294036905649093	0.567248758196483
0.174805340835086	0.283648731353654
-0.252919305447309	0.469557322139719
0.00937080541691158	0.0127641696601799
0.0523767817756792	0.0709235106580245
-0.0785366387184951	0.120088352934966
0.0534011916430278	0.0796081844975153
0.0468147109545502	0.0453678807525295
0.464622623811941	0.648590978612713
0.371722304725842	0.491621741967006
-0.0583940723864461	0.0711278564473571
0.332872216738891	0.658293823722886
-0.0986428836901405	0.147098069611763
0.351740667774597	0.68259851696696
-0.113809363382307	0.169902573069555
0.327980230273443	0.763564980824008
-0.264053646598934	0.45917429575559
0.255286444856319	0.512396423230044
0.042611376935566	0.0579472920422494
-0.264816500915392	0.264739353097773
-0.0134602777769385	0.0124010453121541
0.0173452607051684	0.0157653589990886
0.0160291289175439	0.0139526580410775
0.466084211785031	0.616120524644999
0.0305326937735239	0.0329532153475945
0.0348323856026373	0.0395962685376569
0.370717026156845	0.633174602235459
0.286684511535253	0.517113049845367
0.861614026700289	2.13508113279488
0.057524460836927	0.0541514159686598
0.0125324799375087	0.0146370527701415
-0.167343160371382	0.283327251273195
0.394731464477849	0.867047337272862
0.593329561104649	1.50546567198543
0.255916350376125	0.500150156770909
0.700682263873505	2.07829951473209
0.209615072355963	0.373176504533745
0.285880317055862	0.464043875599542
0.244439953965192	0.454581918615081
0.377910909843506	0.850550542763201
0.106647678597838	0.163440364775701
0.331761706548283	0.669787930626444
-0.335433479595546	0.6343490432519
0.212876836948497	0.346681996444621
-0.148781649125157	0.216827821045058
-0.0636279710443826	0.101675422074786
0.600551737758507	1.69423706710494
-0.549845040619731	1.51391415740448
-0.0544020648591787	0.073419246759968
0.404664028000336	0.709929314910502
0.0268746567711667	0.0244867255145665
-0.032888712688347	0.0449841928901496
-0.124000221758221	0.198260092411611
0.104849778456603	0.160042273225775
0.0290311075097432	0.036964197772865
0.216627696314384	0.345697552679757
0.0133634624091697	0.0152314214993682
0.326660985779995	0.623810630818934
0.23134244305978	0.401764071555729
-0.541755298963833	1.10973576513911
0.0979073473197509	0.135215513061418
0.353063830090189	0.757152181319544
-0.190947636352681	0.347106729185968
-0.134896340191898	0.188038793645824
-0.192805888423836	0.299939903990711
0.521969703093178	0.814151478811926
-0.00834013745798775	0.00947717143803085
0.567035872473307	1.23870318887998
0.300367938805525	0.60253303983312
0.670273627882388	2.21728535464271
-0.0211157869797559	0.0273280193383802
0.00863491771780617	0.0110928656605575
0.0474644584236396	0.0718690788570317
0.469922220458104	1.15164857727188
0.0350678164653974	0.0493772742914165
0.718165976604174	2.08862060386492
-0.328200092378358	0.67031140922846
0.053425792602008	0.0674298945549692
0.277776409861774	0.4809145888884
-0.0691913475102799	0.0881043870641513
-0.228347241600018	0.354267418192888
-0.14874089685054	0.211380076317971
0.194975401248147	0.326947015380219
0.0110582384201013	0.0132267794279166
0.151345298189351	0.222125663292501
0.270557384882548	0.436187684384639
0.206485629684378	0.240054887309964
0.256908478533684	0.302428075712515
0.155193917648628	0.162304758665205
0.389689934555213	0.356372282338571
0.310972645182958	0.364037210303916
0.283074226563286	0.352414856713309
0.182147501877349	0.231511200682365
0.344130919047068	0.59962700575275
0.375089014470709	0.793384962133327
0.305632528486693	0.602858910596762
-0.179804849238145	0.2977071905584
0.0126159868576035	0.0188711955706694
0.188429912067256	0.322792841686455
-0.0437905134604776	0.0655605819290978
0.313823080946497	0.486750041420746
0.50132505623362	0.846252900387239
0.40876381501753	0.675251180811897
0.129643050902599	0.182556773656538
0.0415331081796099	0.0568894504315334
0.0265687037356113	0.0346146225840297
0.215005415271302	0.358696879028805
0.0258994443639131	0.0316192634819912
0.132786422336777	0.218768428050642
0.122772616876526	0.19848335912292
0.233585724183643	0.435692456915428
-0.218716328869263	0.36021869279525
0.141787471638351	0.112751575588013
0.41914690644159	0.573915846546622
0.63861957503446	1.26061483097811
0.176496422495285	0.235001149242894
-0.323558300864259	0.463329376097059
0.623349895140715	1.20235493706984
0.105889388307043	0.149066007636117
0.0859112384293128	0.121722820027661
0.0171620764699567	0.0212522335559596
0.243257225385529	0.437151827963533
-0.35049651979284	0.517827515413616
0.47527446076806	1.05018336026553
-0.374528787476381	0.900318436703279
0.0791141561762432	0.130364184702052
-0.0536022744882884	0.0838478337823481
-0.294518860956531	0.592823632090543
-0.471343926402075	1.17707275262629
-0.0837310220329564	0.141567080367504
0.0621632749490219	0.0848700847952619
-0.0999920804496579	0.186542878410122
-0.0593921155533606	0.097049620706414
-0.0179121461521464	0.0253351997599137
0.0446153665939245	0.0650456477509904
0.0495206967152939	0.0697861690224577
0.164172346289273	0.252969589584299
-0.196219187834897	0.355702527349604
0.190547030018707	0.348405127768711
0.208223222677893	0.395956723621819
0.212829051247875	0.420816055798535
0.0322885037395207	0.0456982290907307
-0.431360460034911	0.847241062875964
0.237262964745322	0.311569373608582
0.0631450062584636	0.0963028783727983
-0.118225939668098	0.213237873297228
-0.0778786358734008	0.126910405535497
0.0281047923516863	0.038077196710479
0.183922025103452	0.309385468013989
0.123154387357659	0.166187709784558
-0.353913072628427	0.771899580256239
-0.00979225921616976	0.0130773174449206
0.0402143792409869	0.0514396612077835
0.131578852827957	0.192697819894455
-0.077541341324683	0.126347308920053
-0.089827856233849	0.138370023512218
0.0593230935989967	0.0810266567367163
0.0314128273315272	0.0421141245828435
0.482470284221433	0.903370372697788
-0.0492529273085633	0.065569737371753
0.0783685640629473	0.118300820186081
0.152329994048963	0.244831366592023
0.157205909011294	0.302094463930721
-0.130632518461207	0.221537136579389
0.0123546071732113	0.0179235954666793
-0.103567578911925	0.182493918167982
0.0581038360733991	0.0911340832355692
0.291160590474588	0.64206401089253
-0.672391048210602	2.07769373819181
-0.0674012189250617	0.109228190189427
0.0867476550595175	0.123775310094313
0.262999738428798	0.462886327821035
0.238931487904249	0.431290542809632
-0.13537602579113	0.230080464008534
0.113882025595883	0.154738840357456
-0.368539054588871	0.678802527506385
0.185755064006013	0.29725239980618
0.0707327970380775	0.0917596632550948
-0.418247997149064	0.756990538787285
0.452564668624448	0.655891793352036
0.475424228123486	0.601070841992452
0.463198962662926	0.750223417697574
0.275788606564577	0.419576651991587
0.120425161875449	0.187541309261735
0.187715832080842	0.339348763257142
0.365788520942188	0.770511046013103
0.126303501266543	0.23282110212025
0.133156236440074	0.255811868488684
0.0232221661026359	0.033064072171829
-0.115473518923007	0.183395061577133
0.243248408274855	0.329147911552221
0.407927445934112	0.506805789917147
0.687162435436732	1.40618683264395
0.217921924629852	0.283709653775273
0.159829962036547	0.179959172140336
-0.185954466651419	0.261557518273951
-0.312449728973908	0.596328211997315
0.235730292993206	0.483093640890032
-0.165498851981497	0.267278702892506
-0.0831427803441628	0.107949936791256
-0.0724163892848366	0.110116874895215
-0.125414708881487	0.206572999231362
0.0592237136185831	0.0970728825562407
0.0393917608323717	0.0578716754754946
0.335847354638317	0.732829604500241
0.576087058902224	0.802555750231236
0.00493859167664752	0.0043823623040947
0.964521657274542	2.25986758113675
0.212971960560589	0.253292423984787
0.34262892649755	0.448185151398215
0.446874420751401	0.799779912899752
0.332676505509343	0.561761560285361
0.216298229758892	0.360800047425247
-0.105589751246469	0.161580413789522
0.242753691293223	0.405517935868801
0.446576619253564	0.677021751022138
0.150530555400406	0.261545424072389
-0.128561326450566	0.207970494702654
0.00804667391749572	0.011685057373675
0.013174773279316	0.0190848940484921
0.0851803128660289	0.137769485528232
0.459104322312822	1.13224927691218
0.238452386880832	0.482436751506299
0.273906534724253	0.534181329584626
-0.42058164214642	1.03412121042489
0.150540281840527	0.261794478119772
-0.0788413283921877	0.11777995785301
0.459786540154412	1.01067437395137
-0.0997938913856938	0.144831780823613
0.228301842646902	0.408772896148597
0.059428246301666	0.0827105056630177
-0.140587116287432	0.221195781822517
0.109646296505523	0.186457944535848
-0.0553489941696227	0.0835438811179999
-0.0575793107026916	0.0831468627617513
-0.136507446625783	0.176372875017546
0.196850484332282	0.263746960206797
-0.110669759972832	0.16976331003454
-0.0901250985242923	0.140441891122316
0.083626912316911	0.127155487398269
0.218569867611229	0.39194533152681
0.385846747544068	0.73837987320266
0.29526094891193	0.496092178280696
0.0120807651789634	0.0159045745921779
0.207570148768884	0.361675419862278
-0.0428450722264124	0.0529838572293476
0.199474258123672	0.343595510125284
-0.129159737995706	0.223353507515444
0.289037030487317	0.59083860729827
-0.224347656648653	0.380304504540947
0.44787871423613	0.912088577759103
-0.0731697617228984	0.0932521729313022
-0.785950274272711	1.53084177451324
0.313137348312489	0.603544018613772
0.235535226032582	0.417679475002838
0.233454951428018	0.418967949349231
0.060313866378988	0.0947567798966987
0.175471230186254	0.33761808933325
0.0132664490104232	0.0184094550345975
0.266525428516222	0.499029099731912
-0.236745595675042	0.450739053951794
0.459677644913519	1.10133056483484
-0.455640790381473	1.0585720101576
-0.0951490966934061	0.141551756545729
-0.298484384083491	0.510409093301979
-0.288146618200153	0.534209739433455
0.119406781243757	0.17139117252215
0.0970696715306661	0.138790441707758
0.240550175143433	0.411610174980279
-0.0589910343933025	0.0705439373165255
0.482787983922116	0.881799228681441
0.0243625476040883	0.0249461190318251
0.231457582729838	0.405302778961685
0.319408851893612	0.627225521057977
0.409849979744297	1.03167869676398
0.276569408159931	0.589168689979622
-0.0265766544367275	0.035607359527525
0.30016971978677	0.463002472216713
0.572217126800765	1.07889186643472
0.554814430288341	1.05706665827581
0.500792495515095	0.616162747109302
0.386540528416737	0.63831589004671
0.455696223739209	0.747202425632868
0.311015036741915	0.493276436281393
0.288769841732237	0.520821801821205
-0.37849586788809	0.852407491628548
0.40798160240261	0.951544339136418
0.67343964687409	1.79002660660706
-0.367226094851713	0.694046542689404
0.047789305314585	0.0706379937653602
0.257507584788209	0.532364572314909
0.348446521093901	0.753196077570198
0.0655339796149665	0.0982991146353242
0.620135623756947	0.902099978370107
-0.147640965022668	0.161505785130858
0.456189373865063	0.681291527950839
0.257011560019279	0.341442101235379
0.0122204687856384	0.0131389539313239
0.109752117504092	0.139893006610316
0.605989760132442	1.39291582793466
0.334121452826501	0.632408032455784
0.177592221067534	0.288304550838151
0.439052175337718	0.998491110189038
0.474576139026592	0.798248472938806
0.0105989399994999	0.0140509084267743
-0.159211062126948	0.273466275511199
0.351304085197727	0.77132831681964
-0.185453339728628	0.347444000999564
0.219968215358211	0.42778447483873
0.344044584372831	0.697737030342801
0.204390368500086	0.394857449539747
-0.346095016875674	0.693670086766348
0.191172536306298	0.32695262691652
-0.151127014355372	0.277813286584988
0.291511601421082	0.607909810810666
-0.0527894909006309	0.0763190083973923
-0.190615822802181	0.315232435632968
-0.0893461865882015	0.1160659838903
0.0991262669134751	0.157277452998271
-0.0528344339669121	0.0817186950728836
-0.0166692521652023	0.0234790071831952
0.551837029611131	1.40194203150403
0.200643764956121	0.391869143007045
0.178117375231457	0.252973852033575
-0.115759253759181	0.15189670159262
-0.205627678167771	0.363472848609387
0.519687333551501	1.44976130025377
0.091101048828468	0.153845703217275
0.153530576891146	0.239622300811398
0.0099730871342412	0.0120682643378731
0.704532139993846	1.65177303797621
0.0764478295035671	0.11012520017545
-0.21561351932883	0.394583310200958
0.330898078716726	0.55868826978121
0.329687680203784	0.631584305205671
-0.00494159894519399	0.00697270739428688
0.0120536583062004	0.016291955259968
0.342960592763346	0.664839341593043
0.453762062452661	0.88174296589579
-0.159438743928614	0.212987795800042
-0.096838274324381	0.123627833174066
0.190861752126147	0.310558366448614
0.322807699970335	0.694382163117284
0.0139026605706946	0.0212295667693249
0.28403596425818	0.652288074508092
-0.134828027917582	0.215680214550361
0.127432622810673	0.222661239107391
-0.178720532977229	0.329782662677407
-0.233497540884687	0.418673667287248
0.103909826705398	0.158595354809772
-0.0293376380640594	0.0312951272353606
-0.118856166767769	0.171640680391196
0.302215914364626	0.515955787086778
-0.235213398985339	0.387998923336789
-0.224602347585611	0.380606131121815
-0.132509344914114	0.190551759819601
0.333104299551983	0.499910020069982
0.384339862671081	0.546416678688243
0.475532566755756	0.784269885467362
0.267288445041884	0.536272933216933
0.0400591702384722	0.0600343697942747
0.255080322624404	0.458545467468782
0.185974074825795	0.344295040062358
0.452960829594626	1.0353876834562
0.181880808019132	0.343307113098135
0.415457285089429	0.736660513405284
0.194356126336305	0.261099567051078
0.438478114619291	0.676442756710845
-0.403496557288976	0.817288041732936
0.212602667537146	0.407200139605983
0.128068730036253	0.213892964235003
-0.157508526803722	0.258314248710036
-0.236325216032209	0.433407260990444
-0.145552891048009	0.258975680957648
-0.176296484346965	0.330754735722841
0.230255192565351	0.437584125771231
-0.0595481806052591	0.0880788187747661
0.570649002919055	0.88300808671474
-0.171263667160045	0.193507352353804
-0.139887734215417	0.158963028866238
-0.44815927637051	0.66413985049306
0.00486776960900125	0.00518733831700935
-0.134306600157678	0.184915068787798
0.22218106865547	0.350619362579865
0.703341230897088	1.83311758254191
0.506941654924019	1.17919168099094
-0.239328756706304	0.278425330077978
0.0837140281236291	0.127143422852525
0.279627603579958	0.521868282715094
0.194515260815123	0.31919689383976
0.436162589780456	1.06621085444654
0.295759185484866	0.548330833381104
0.0165746646931877	0.0205721378841085
0.2014044580064	0.38844763786873
-0.000525654348257118	0.000539833912196113
0.111505303208	0.173675753432562
-0.128922074389531	0.202785070578417
0.0406825599122893	0.0554856525803662
0.187961879931665	0.30157742616871
-0.149908650753067	0.24151767671134
-0.215203193229133	0.316814751008424
-0.410238482108678	0.886758801571777
-0.197708470752542	0.364451112992919
0.00821154360826712	0.0110587147498728
0.18014135441478	0.294361466808268
-0.369633860038441	0.667738655838945
0.285732774337354	0.411711035564401
0.4679650283903	0.760291626521459
0.144985731008388	0.226458504219989
-0.159282669922479	0.264008372772912
0.220892070819044	0.41617539765951
0.223015495157472	0.294453514939298
-0.204621062331087	0.337142308292423
-0.0751279715916718	0.0937884137458458
0.374368905464405	0.795900410412618
0.146715488033634	0.231253734731523
0.341286953100334	0.591075147258114
0.274866871476082	0.462731896280083
-0.200230577916349	0.348081488012751
0.613435464887431	1.6899170986373
-0.653212289525659	1.51966925637941
0.123945306515162	0.18319238402799
-0.16625555271692	0.206634899366186
-0.125475895391793	0.165555140068785
0.353194467068745	0.758103258704421
0.0815465456234815	0.108880263857289
0.126095143362305	0.191501670947901
0.244471954854678	0.469283688587307
0.325667027383298	0.657787210479828
0.113052783457978	0.172539611223876
0.0628654865966016	0.0953733157144441
-0.0984229500844153	0.149377238189462
-0.224108750594377	0.417665980011256
0.174103018831806	0.318946683055622
0.414584203936921	0.988219063134039
0.155828876927433	0.229269204456372
0.00494855755916834	0.0054661863516529
0.0933045963535265	0.127260442459369
0.386084500376188	0.680517924519851
-0.36218054009574	0.602695843564041
-0.116755133139573	0.162881825708311
0.293220423391262	0.497385569911676
0.332456726889685	0.603655263117652
0.531736932275747	0.82128317878685
0.215493953056652	0.250356781118426
0.340565271334595	0.668709157744528
0.191881434444866	0.341104087063598
0.282141153874468	0.448946324767458
-0.057437916800595	0.0767442496711295
0.377038795199222	0.84624248032733
0.264325399155841	0.522480185840016
0.533735666042879	1.23704955586493
-0.143603744897062	0.228023599826877
0.0995395253967801	0.153815959393501
0.398950377790108	0.843245432298732
0.368448320357012	0.815028067641388
0.265771613257905	0.459561628857413
0.85359828252452	1.69790897528989
0.463602297433688	0.730039035150212
0.241095065601965	0.309517039073802
0.576249026245344	1.09000236367438
0.441761327761323	0.818498206654043
0.20442403302281	0.324326420509145
0.0488016898566051	0.059990545272062
-0.00772554414619169	0.00960411427024797
0.705814170130385	2.05426001071528
-0.137595916737402	0.166394444748857
0.140419263924648	0.21257233439862
-0.134958622195206	0.22397194084854
0.533099644230198	1.28243755453291
-0.130644648811699	0.214817879317932
0.173240754686279	0.296409650397688
-0.340332854126059	0.661208521393958
0.461038282410755	1.11407049999784
0.433364666290389	0.850226237361483
0.295913271448441	0.576288784829955
0.191985464577787	0.351228381274817
0.174366412609914	0.277029099433032
0.145489648196094	0.215772078853591
0.0945614732063491	0.137671905351207
0.00867178335073912	0.0107508598445583
0.191134059091599	0.312966087481801
0.167811820287644	0.298985769611917
0.357770801607969	0.79737718920174
-0.118180410005027	0.177205890982077
0.0878795174349442	0.132166751609238
0.348107519787181	0.645712843754332
-0.0943826038024256	0.124003842936507
0.153476905638113	0.244678781228807
-0.169964940528824	0.277546089729327
0.0480038755314267	0.0689449707549444
-0.0802966802482386	0.117306033511847
0.411725680868708	0.81212457243894
-0.128022403931254	0.199049027410934
0.0342931999073517	0.0433373477072757
0.483488733499746	1.10821970963325
0.377415559564692	0.664937297626389
0.101953115600931	0.136426722584677
-0.404627258856477	0.89774778933971
0.231702943273196	0.39658414565485
0.287527608163724	0.491654113480634
-0.0711878984954623	0.0986122976017648
0.155084767950386	0.215708745205874
-0.951240028831269	2.20587347009622
-0.290174977574367	0.536069178625827
0.0824621478669403	0.105974480060737
0.0448816813844428	0.0569638481827198
0.126229384454443	0.185138471364569
0.33762978392943	0.698883521539407
0.0444088158994813	0.0652056350584311
0.545755941908737	1.48718639427025
0.304599008459891	0.651431796058099
-0.102733533375193	0.154578898472109
-0.0953656108581899	0.144960368735616
0.205747800505314	0.323447829908344
-0.153286491853321	0.225294318911288
-0.54046442428398	1.05411221095726
-0.173143661016615	0.242829446075396
-0.168241568906383	0.236819368224031
0.048597501666113	0.0566177432308635
0.00929662361401521	0.0111870666471865
0.45509151408201	0.600480329745161
0.382920423426226	0.542275032569381
0.437125349873943	0.614263614585891
0.40822239522458	0.654038593563677
0.135932388446837	0.170012899103831
-0.138304160643015	0.2140641900522
0.119255322221097	0.190745616702438
0.388388387091208	0.763668071011653
0.449194359679194	0.946657378436988
0.0958307134060695	0.135105282315216
0.250907543096754	0.509956101991342
-0.18901974512523	0.332021052005403
-0.275769529244935	0.529823767260643
0.24656305658379	0.405983507434292
0.247690282867491	0.287959126603743
0.262361964626138	0.348178526835607
1.00583313314746	2.30376293992412
0.066516687909698	0.0852397223758233
0.526326139480179	1.21739379428614
0.257565171657016	0.455615366567985
0.050322798032016	0.0660398787712201
0.703043211047074	1.99821260091676
-0.0554524599074987	0.0651364761061946
0.244456290740623	0.446451261207739
0.144370732837653	0.25514850928666
0.522685080214405	1.28201467225614
0.0660732647762324	0.0970148567811672
0.019533543706784	0.0264092124011922
-0.550230958430627	1.4037087428107
0.346729840370027	0.854681472674917
0.129266033342944	0.206334482934853
0.0702814755663773	0.107108125480487
0.284499269055558	0.58711618579992
0.0965015005154984	0.147602846621721
-0.202678637642433	0.35954112460629
0.282871740178094	0.526448210228162
-0.27850201352054	0.526170067976719
0.561664133478682	1.38622165586443
0.113094500152065	0.188045861824997
0.306954704852413	0.677525142834356
0.240895870538596	0.440478886860083
0.079345956349503	0.115018280243268
-0.0963277225982938	0.125907498116828
0.0527993289431056	0.0619783063230701
-0.109528846697167	0.162797462066873
-0.0116547022372409	0.0159300642701608
0.110413621014729	0.178419565018467
-0.058247242321058	0.0824907612518344
0.158962899120112	0.250043582621855
0.00697129469781928	0.00786253383455303
0.270651498603102	0.456153877318068
0.161191492420543	0.266696145935078
-0.342962326517807	0.608748329456067
-0.165580403348166	0.266658933198471
-0.200294378421252	0.390133364306061
0.303409121659643	0.651845881762944
-0.012842009486997	0.017002664891955
-0.167233161570714	0.26263895684687
-0.358903032501319	0.592741153072268
0.0334102015625523	0.0436732728374681
0.157473638705754	0.247062197582862
-0.0679861930609599	0.0911978288487542
-0.252799127834832	0.473996303164983
0.190532474088945	0.334304840102744
0.378125238411017	0.922321186601575
0.153891553791838	0.283532311544702
-0.175158715632767	0.306541516646111
-0.115459908389736	0.187941860838157
0.0576928735694404	0.0888135191462057
0.0262334685651508	0.0394100413707158
0.449224892422194	1.04734427454736
0.285565467994764	0.488903842304228
0.128981818156439	0.16648661758833
0.278396960075311	0.457795253333556
0.0912605553781422	0.122603697354388
0.130662736940191	0.183547163049867
-0.0655947008873183	0.0958094756921294
-0.0318463518799355	0.0389877041955998
0.31607854823156	0.450791250771816
0.205609254044841	0.262761217072871
0.440198404347704	0.648649516636666
0.643326920506541	0.998532055212269
0.123220649965757	0.131748616684919
0.406759273767692	0.590015978385529
0.471789872047088	0.809746537150718
0.198378847079833	0.192155801701755
0.353132032077915	0.513531099155523
0.189907826532172	0.276095899212415
-0.0116259654384591	0.0146878372808607
-0.00464714634352447	0.00621131484368318
-0.136050274727159	0.218502377694824
0.111898449684487	0.175823592088096
-0.421265962163951	0.920246863287953
0.0530902198381328	0.0767852994999925
0.340913043265188	0.72191794204471
0.0384206802307192	0.056387172381063
0.0285584673087797	0.0420193168303851
0.363566969938652	0.501837526917778
0.420877355785846	0.602715387111054
0.214270370267757	0.279694374320099
0.385405081611992	0.582360838762896
0.287366030541015	0.425354863619613
0.184665070689778	0.261816403655415
0.192040953076635	0.293765848736931
0.41815694743597	0.911299356412796
0.177172925788263	0.283918946694158
0.406593499160954	0.584010998900621
-0.170446848003669	0.263231342974378
0.268445891918298	0.493239309119653
0.50298141164807	1.353314029459
0.457884241102771	1.19678152399851
0.173718070065784	0.311263813716562
0.125914693579363	0.205928938444582
0.0129336428091324	0.0177867239253441
0.0325566749154494	0.0436453623975198
-0.111022428427297	0.165827694826467
0.216292611708262	0.428344460648236
0.204325977763549	0.376216763593356
-0.209833743722595	0.358176815204235
0.242824131925154	0.420871916081386
-0.338018092462541	0.674059926514808
0.147301171062659	0.237214489518122
0.243683984280129	0.505792703463034
0.132471495666821	0.220029385476816
0.222931237178057	0.377721644593051
-0.20601132044457	0.370485775097805
0.0852622224092606	0.106116768091035
0.205803999832287	0.252015802550741
-0.263830692207507	0.446682512290284
-0.373711342809648	0.797723111215871
0.156996086919526	0.258161878321538
0.0758757464424336	0.104755287383998
0.563767703086203	1.3802756335107
-0.0779262230329416	0.0883474949372098
0.10636162113864	0.15665359162076
-0.0914362883615956	0.140895288685258
0.184043311914886	0.266704207070343
-0.437377103522625	0.774128452918149
0.0342348958811508	0.0487157042753732
0.0559669815956499	0.0795496249281191
0.108368975010657	0.143986693448296
-0.503077027418124	1.02141040784733
0.22893493200921	0.318854102240882
0.174458757364865	0.242465679450573
0.136319995422319	0.212403622005525
0.188274868783543	0.300860733170515
-0.363232028426822	0.849440227318968
0.102696558481606	0.166825457300566
0.115950890191866	0.181550154240225
0.454776240926199	1.13482813148016
0.277854567385224	0.551304466615034
0.0328090811206921	0.0463581590007037
0.341991120884932	0.71800214787711
0.449983185216161	1.02998289154487
0.304718372449075	0.639515811809567
0.220070830222643	0.41953160538705
0.707129270414055	1.97330998449553
-0.0693126831903822	0.0904465463797801
0.204913775363935	0.317658514095508
0.0937167614566902	0.13443840436411
-0.11201354917541	0.154556702227861
-0.230373263490866	0.38917249051084
0.100599471038766	0.151972467204313
0.142607858786202	0.192992795399635
0.0988228280966241	0.11709659520367
-0.356751705725735	0.469770857443442
0.128725375921584	0.135741438952397
0.276505916908079	0.312134310244979
0.321489062429991	0.439346381669512
0.115092062794383	0.119293571145869
0.336618269852269	0.462788116618772
-0.436625362459919	0.720941462398686
0.217502592883181	0.346950862392125
0.535013110309009	0.787077633030172
0.572469679767349	1.01187875522957
0.252265838696814	0.350010011010866
-0.0696375299064871	0.0890485742738799
-0.647978162598813	1.42786073704575
-0.208604521788783	0.378254564460979
-0.0342118921244982	0.045704614082157
-0.0950531635527178	0.13659177881196
-0.00157145163110766	0.0019487443754272
0.0524946804884657	0.0760156936531151
0.0814531620871157	0.125515947278085
0.613743558335723	1.65575041892058
0.503220837868983	1.37957055315881
0.632245938109246	1.0637320288622
0.854840938910245	1.74371910497652
0.364481942963852	0.465517147319896
1.11304144811725	2.62871696470927
0.326457684690451	0.521951799211475
0.683969130555204	1.5389298924039
0.450565052639495	0.994910823997378
0.167996351394278	0.261897966778825
0.123299646731655	0.191695169975125
-0.102272590027421	0.125601280375549
-0.158536779343435	0.251821511031415
0.187341253813712	0.32644769342028
0.371326084427101	0.883582645573789
0.123737519961108	0.20325226786347
0.18238657178258	0.326023236171648
0.369262911664839	0.784388831859723
-0.00686810838275651	0.00980701710817968
-0.0141194197438218	0.0176957187417579
0.308707132675586	0.71210186864497
0.207619543236655	0.406343674262668
0.4074734838209	0.906090965240538
0.388440298733815	0.881208812027881
-0.0671479571169186	0.100084103826917
-0.436030766527574	0.941183763148596
-0.295818750970349	0.544620341634676
0.175849040253272	0.336783076763393
-0.218918596723468	0.426949583426481
-0.0458484360744239	0.0670322642452859
-0.27969407401638	0.601774781668972
0.414274558980146	0.801427725542947
0.581961912997536	1.02811725657588
0.212293282699662	0.356943562633829
0.236655209464028	0.445287656487968
0.174410200792663	0.313680187128119
0.0233203095679586	0.0302773440230735
0.104775837864688	0.156821123213711
0.253760409112524	0.382002782963303
0.0540426604923905	0.0700021082272289
0.119896511320756	0.16794252464869
0.23207040103206	0.373346489677574
-0.152865619619645	0.230558143913057
0.0769859969076077	0.108895706972345
-0.0876031104933728	0.124293591763294
0.153379036118059	0.236658569662433
-0.249726004810909	0.435704053653957
-0.0577546814043936	0.0713713505922918
0.210047149536721	0.303292407215847
-0.143888477423104	0.225322510354646
-0.12866617009152	0.161879373198515
0.1554217280915	0.23950994277751
0.542724235612657	1.30888105647115
0.223293908999523	0.430851122611268
-0.216873009127761	0.418764424166809
0.520104314078982	1.26850191476627
0.0154444403078653	0.0216974552049236
0.305947133797215	0.67249848516889
0.260711065846784	0.530488544315395
0.237166279162008	0.450008443594264
0.314245818553785	0.691766914096008
0.0308800096026063	0.0449166706828952
0.27757954467508	0.507579196341963
-0.197542065794645	0.32445323213078
0.147515093843599	0.217652570111919
-0.0291141556736967	0.03390330613718
-0.357442268964625	0.641821719792631
0.406406726405703	0.753700873650081
0.556383211128056	1.2834953497872
0.0616025447242569	0.0746496167870669
-0.415475893006503	0.777538933137612
-0.0374089242172834	0.034170072040111
0.283948990570746	0.389503724219824
0.136915706203804	0.16604496183772
-0.408062716467882	0.459078320453427
0.0174514231243941	0.0158467219788352
0.317738724267196	0.458131148085598
0.360598549125257	0.606156085487064
0.405039038641429	0.689299322648998
-0.00658583634264441	0.00811332894880797
0.000294146502614292	0.000245089206349192
0.113432151147533	0.119542370446151
0.322866158844948	0.501797745889335
-0.136859752626671	0.187304683815697
0.16890631549252	0.210192476812513
0.194426850224741	0.2829458936261
-0.275271145183362	0.528069280324178
0.111807582454479	0.170805912112715
0.138278401131616	0.206068151096906
0.0160839998201386	0.0207679046113805
0.523907984859695	1.27964655773501
-0.075063330191186	0.107441581485916
0.279515931429503	0.540304725629492
-0.0701364746661798	0.100424847094746
-0.423149742638265	0.859589414811902
0.335504359974568	0.45516051070515
0.204735981625686	0.276187378760075
-0.0733348882844398	0.0855090926391575
0.924910438861692	1.98519294678113
0.389605609777608	0.583285604921356
0.13603441399413	0.193866063286918
0.318991847719638	0.581936602213988
0.200971915242924	0.352798039321211
0.361466450676526	0.714760206277302
0.634360862697911	1.13818330507112
0.0599698520222364	0.0810795050235459
0.0624899330895698	0.0944865068544846
0.28176072611626	0.563338384234807
-0.0173823106983847	0.0254659199113929
0.0663370918497606	0.105676369452002
0.42446197349731	1.02979183507554
0.0975245310297643	0.156720679888517
-0.360628572069237	0.6777696164575
0.0468357191458189	0.0683730242532426
-0.00203593227724688	0.0028926103869891
0.0394391689453397	0.0537373208494329
0.117705530803411	0.188114769885297
0.0221429134882565	0.0286527133569982
-0.171134995152066	0.271636577775862
0.0805422717794647	0.114927103331274
-0.104489474337882	0.163745493276814
0.134953634713407	0.211980486417817
0.317262387074815	0.686670969641749
0.19685219885163	0.378412829648774
-0.402809441429484	0.720986737983235
0.318374952943237	0.477507470658869
0.0431083426888195	0.0592189771223717
-0.24425028965458	0.458797969124039
0.0167352962806223	0.023329095039363
0.0752777474219138	0.101269869777687
0.0894253696836675	0.115039300905652
-0.338016387464719	0.533169533804327
0.154087219618389	0.239320205709743
0.342357344655452	0.734333653978565
-0.276985546060324	0.443141947901154
-0.163254213473866	0.235046803029719
0.146747197046474	0.247710663967106
0.0948625207023286	0.148045970605971
0.0977132383912869	0.131351484279727
0.119106058696043	0.170532828158718
-0.411245342426268	0.641805525850961
0.427967298575237	0.785993025069818
0.018565941395542	0.0250379916632513
-0.060178031378083	0.0793967217904943
-0.186261030297711	0.310235278445695
0.274086093909661	0.525831558631745
0.208797756896858	0.388134922724784
-0.0906471394281472	0.145244738347732
-0.134465981269927	0.232658936363236
-0.186896979752485	0.333243278189392
0.447746804310306	0.988111097831693
-0.343670583478298	0.774749481985539
-0.139546664610719	0.223430679074824
0.0502042075538887	0.0682735147232487
0.410200827009135	0.97296535828192
0.210276543120702	0.424651899288974
-0.0410798907409717	0.0571769924132088
0.0238404410240675	0.0307721693920056
0.440468250211543	0.75601360220062
0.133161324405258	0.19302848061877
0.188502658817899	0.290158318296085
0.245809007898918	0.409195553966902
-0.1876208254929	0.282745914217926
-0.0342185975512843	0.0418607628481479
-0.084491224124803	0.100932069299503
0.410527651790215	0.60482197506775
0.176152068540627	0.215359870467335
0.0646750158998861	0.0585645838820789
0.557590956647376	0.728326425038973
0.291735060586577	0.3825097935773
0.483791794735942	0.817387219960183
0.276994690621785	0.407869621412333
0.0606872450050702	0.067034850781061
0.26245989498462	0.398538591750858
0.0961889241583288	0.124841826436738
-0.0741672921542898	0.116172369414607
0.133466824211977	0.196846868890161
-0.134970822609778	0.204884427210547
0.092458258211213	0.131562850749922
0.315061826683245	0.659033959016908
-0.597675400470829	1.5711141173528
-0.339966438425186	0.717701166323557
0.0749059392623489	0.107413750165951
0.708091587708988	1.0386634629837
-0.131897187895438	0.145971370616399
0.114419893478054	0.12568031184391
0.134312629256746	0.15298784274236
0.912206509658828	1.8067304889994
0.733169012427024	1.67399477568489
0.756578301564848	1.90251457029657
0.37816717455913	0.78895720593838
0.360965832654705	0.7256838983029
0.467205166610055	1.08925526668643
0.424236719241067	0.623112062309572
0.134927533134317	0.217459567773208
0.112893946968715	0.187959590687711
-0.0729978234334805	0.112533753633764
0.126496452837969	0.226752523589653
0.217387744025929	0.395642280623953
0.231368580560199	0.40220476576036
0.30937976529356	0.639299304572318
0.389165485128453	0.864077773031073
-0.142533966387622	0.23356776093206
0.582897181547321	1.57141037069168
0.474170714701591	1.11226011810649
0.530410785313868	1.3602194764464
-0.0272927518153361	0.0353145575803227
-0.0931357273619454	0.133716870315674
-0.129703541835377	0.190184399839464
-0.0359047127268517	0.0497113866041337
0.203686504714492	0.386105227489731
-0.304150933937198	0.641546206167691
-0.322660541271811	0.69487397966244
-0.104790431089	0.130079914992885
-0.192268590735634	0.228725915689068
-0.499595522682026	1.12502131482221
0.165749178451694	0.294723847996407
0.0556343309391522	0.0831384996371711
0.11939628631212	0.18223491111642
-0.0982710929368676	0.131259136177812
0.0613847944713323	0.0731501658353081
0.610189595129715	1.60384266342443
0.103011264199014	0.153127145735995
0.162550872448442	0.247630746976023
0.388579239982298	0.70327386950454
0.306282729656155	0.608827326782053
0.124663677733135	0.189115667143678
0.184732537754245	0.284460702027337
0.184153869475044	0.273769092232638
0.321289383948686	0.477732905828129
0.258716806270087	0.390779402110308
-0.134135027280169	0.204220968254924
0.0754252896447562	0.09577817690851
-0.00370686977308767	0.00437095901165099
-0.210558132249337	0.335149767504267
0.52502681521372	1.35178373678102
0.0894227164773924	0.138753145449712
-0.13155601041624	0.216844848979397
0.338249622417851	0.619628752796181
0.189491431832391	0.343409588674897
-0.206482395470682	0.382039719947731
0.152178481178833	0.249255364887371
-0.235380084603279	0.41003008584506
0.0691916717888036	0.106301056736888
0.402690196690401	0.970128292790695
-0.0160663270861424	0.0191986096304108
0.070949317328169	0.0950590247564632
0.347193203570773	0.587515207182138
-0.32233549025857	0.600902425413725
0.251241811685434	0.427710451388121
0.579126968882411	1.31435004366996
-0.0720718523026001	0.101961821220954
-0.28820632941241	0.461364404774097
-0.103980359502249	0.121623663781412
0.556325614814276	0.79206378272198
-0.00115391557359473	0.00117014581947432
-0.30183099885624	0.347416439121106
0.59042115249559	0.747072394705636
0.681141108246143	1.18641539727749
0.435531318357156	0.571216377709491
0.405817971370882	0.739076038760303
0.350622251329256	0.723391063515329
0.0475976618318677	0.0666300189806425
0.111842175310834	0.162118947103158
-0.0730801617694678	0.0966334378679607
0.376906374489153	0.845464685702991
0.1610113658477	0.265175427903499
0.321282586515058	0.656342101131092
0.274000093341921	0.510227513715216
0.992335583726443	1.54646537248188
-0.106014429372338	0.108201668446041
0.147259980368016	0.156401583120969
0.351167195185332	0.542726194900134
0.056247798368857	0.0608665518377271
0.14170460756589	0.164225297376355
0.358858906165206	0.627455455258759
0.244632505548061	0.392631813156265
-0.0138585000897095	0.0177862915464707
-0.00332849275982582	0.00384251385040545
0.357324428265956	0.448236491725972
0.225408366719505	0.3853683894783
0.0492646430416948	0.0745808614444797
0.0993717554997586	0.16525273970396
0.484882397962117	1.3706914259058
-0.0216530468995895	0.0285391304931251
0.0669095614751154	0.0979336437947733
0.0786609507639908	0.130785058764086
-0.000902541602408401	0.00107285454551227
0.215889072048493	0.379427412072272
0.126190049074543	0.211312251007608
0.109788927581032	0.173817091747203
-0.054911070335797	0.0787336955392347
-0.219645262969507	0.39353223393272
-0.221884880011242	0.358926820194372
0.425513963127834	0.944968026929124
0.109648054958648	0.183818745596405
0.160611598310057	0.273591906835663
-0.0705434385783752	0.105715907382154
0.348044357232895	0.738868296420964
0.39675236173981	0.67214300761911
-0.10677936188565	0.122336030505162
0.195011832621215	0.344917891931167
0.537763603277673	1.28598046877765
-0.0953993280857809	0.150709294459479
0.446774302990285	0.908952579085795
-0.125403363064312	0.176633207739073
0.423257017062402	0.727731596999629
0.164196598980842	0.235681162234964
-0.311850088252553	0.581550286646015
-0.641829387293495	1.34170305302264
-0.0580717515642001	0.0641275009409247
0.386092394822208	0.769956377936479
0.0836977962150711	0.128983513677348
0.0906903108585057	0.126497913809588
0.324358406928913	0.602350952556183
-0.769197494298223	1.67937579949398
-0.124302685846037	0.163473045897924
0.355126309504435	0.71098112251252
0.354874806609845	0.660260270072729
0.026474898643102	0.034002031426108
0.241414998047829	0.395894603736317
-0.217495158081136	0.374697138231725
0.0266902212034097	0.0379686114797113
0.0251053105669499	0.0332938935496473
0.158744021750193	0.265708092518875
0.290524748442916	0.63257418194765
0.0982324988669897	0.159224805135418
0.361375069558786	0.874895644989644
0.359065873486972	0.767939397547079
-0.193562034928419	0.359776777679025
0.449793030213928	1.23137368750728
0.475745506793634	1.00352004056315
0.0494288524299428	0.0621233118564772
0.138880479249995	0.203474387587548
0.00950800725760809	0.0110152282208885
-0.0864238089926676	0.112749994075994
0.135023215999698	0.195946320811548
-0.488257037229138	1.05169810722242
0.356794085945474	0.63160692059827
0.232227479816556	0.328048514504103
-0.0639685364512453	0.0654070246475667
-0.360108002670959	0.492627777218994
0.222558457931366	0.208056661833085
0.848753559304675	1.23313339615544
0.951748586479595	1.85334913847214
0.325014400662419	0.472098342185614
0.176843365577466	0.217441734279397
0.475912649680841	0.547973236967024
0.372065785098363	0.576256238168046
0.241944202422049	0.335238621805274
0.0680343997713463	0.0847514667782584
-0.284861769820679	0.499396443291351
0.217537712651063	0.326425352524051
0.0402236398234773	0.0559802419129199
-0.0387161313559115	0.0555589321441819
0.292781733852591	0.557728407027783
-0.200761726403843	0.343661070618781
0.508086655099969	0.627351433993953
0.47388171556072	0.674677144102095
0.275753292538454	0.39427839303253
0.155723783351275	0.20782647874368
0.655511554912419	1.19931402159062
0.569035076162457	1.30832154383725
0.020322551407621	0.0261725555691366
0.27247540185811	0.475629792867133
0.117035581414385	0.172953944474828
0.0910053443721868	0.139530104797712
0.257593732312014	0.369107210078608
0.0322953565341282	0.0460336601424408
0.540745586220147	1.44928267362256
0.00389747636616542	0.00505115795590061
0.441696792965756	1.22084154713528
0.288962830399098	0.630426420719248
0.191253187477042	0.326530418138781
0.302018702153132	0.67963590152322
0.168338284286233	0.29981217800573
0.409497160561202	1.03199402888926
0.221365717685649	0.427804200322259
-0.132651643697496	0.223655813882935
0.524980079143162	1.24085576166624
0.0729110473317656	0.104334486612731
0.583397013221086	1.49089070628562
-0.246140202036794	0.455307721962974
0.0684299496949375	0.10166509349023
0.0177490927957482	0.0253852811368984
-0.127167986379378	0.213834183527714
0.0591128707412692	0.0818696792476044
-0.443234674249538	0.816583668417839
-0.047555634205434	0.05325130219695
-0.282747285682019	0.522569966106904
0.412661797735013	0.98894775107904
0.195586049797292	0.359112573660556
0.168581213526648	0.267110742309997
0.561714071229879	1.24312123441977
-0.0924919286544743	0.119859084515132
0.0742890709387273	0.0994955924204282
0.171198576853429	0.258671153312982
0.141427767823562	0.205692122454241
0.66105321780644	1.56462272556947
0.11515085641634	0.188396371311843
-0.0153793282913178	0.0209960483384007
-0.0277792433206575	0.0340850721174115
-0.102835465511225	0.141011704955891
0.169125508357449	0.211679459854607
0.149945034297425	0.209432819562516
-0.000622196346064017	0.000763947932336738
-0.121479948690655	0.182947823382943
0.0844616246849801	0.132004008797345
-0.0551641697968476	0.0751083102389966
0.177733396750313	0.317748609242584
0.473655774495029	1.17478452667902
-0.142950493850244	0.249592907151461
0.327035492663814	0.678397845886213
0.260878467221949	0.502868052191656
0.318463442775988	0.772798941503677
0.435986057611102	1.06156092058694
0.322075448441491	0.623355811290562
0.00632446620320236	0.00831345490650575
-0.0717312216407069	0.116300722865328
0.22016180441819	0.351295264612939
-0.0413599055120767	0.0527706774657313
-0.0789946923719765	0.10088521119463
0.0663205120634227	0.085356692082
0.0353999420799144	0.0460522657481673
0.48942848425203	1.14979599530038
-0.0366506872973532	0.0476896217575172
0.177732077442987	0.278607253761776
-0.344334628332822	0.502636556673175
0.402719534166892	0.522822710592935
0.406786857196574	0.51798099941721
0.366015391653478	0.436219051618687
0.205979643334202	0.213431671973484
-0.41368344122246	0.558736004949559
0.265937910862483	0.388337663536294
0.227188078482568	0.322362079008765
0.046685137863405	0.0551247772899946
0.0425563255061695	0.0474219473757567
0.131198536684394	0.210287942344023
-0.450831753434347	0.969274461561705
0.0290803315444446	0.0394205286266924
-0.176716973562312	0.28634801382758
0.03646983737841	0.0484787181967114
0.143873439854216	0.256723680472577
-0.0270122423047175	0.0378410448176446
0.681780232957134	1.85790815844208
0.155227861971299	0.144239615571738
0.17145340244314	0.198736943410883
0.196760194286299	0.241715060936065
-0.19544877237787	0.232435733135095
0.0330173275332454	0.0372637829888196
0.286692182808008	0.466609661544308
-0.447832634149128	0.870225481014771
0.0509697246657899	0.0636210399420142
0.22946213078832	0.411874026135065
0.335243590589505	0.642479524946409
0.496913132352286	0.880000270744208
0.161306115367787	0.261789644158906
0.299658478399402	0.61804440293701
0.469718077836179	1.19509968815973
-0.241396919804791	0.458272697163123
-0.0927154816856552	0.136906201091084
-0.165447326347248	0.27730568120872
0.533041572656167	1.60040285195216
0.202976204507492	0.336201658683475
-0.071016831521006	0.113999660597276
0.313824425696853	0.599466040309691
-0.0636122075928614	0.0874818235774156
0.357641346855602	0.753485181990506
0.316668514527633	0.593137507933668
0.0536794609090239	0.0688804679101592
-0.0498740233154237	0.0586541116750952
-0.252184421664111	0.456738699488181
0.552247625730429	1.4822020826499
0.247924533160134	0.441284651360261
-0.0244100281917209	0.0321506068532929
-0.195485874227065	0.24228210340974
-0.0298559846038669	0.0313170206030436
0.217825571891042	0.34982134491064
0.179861360573644	0.297632183287531
0.11417072858552	0.17049100208
0.550301095137625	1.28015060349832
0.258499742499168	0.428596647013917
-0.159602873542359	0.229416243743724
0.0997232627046668	0.127135467483051
-0.0381921180975325	0.0441999565296265
0.378787921803547	0.703178076911307
-0.383015489905401	0.655146554420503
-0.480771846168318	1.08392546049937
0.421006316531452	0.802483645207155
0.972488484194775	2.66236397497747
0.259441784400049	0.421515405220875
0.235452664010717	0.308754740147102
0.150047636955098	0.176835370805592
0.0416512924930202	0.0504846386302351
-0.0316225573085997	0.0378959837742279
0.353514585592032	0.610378357380716
0.277709741774988	0.471711451038376
0.0525067342888936	0.0695719348620558
0.0609135967706326	0.0889407154436734
0.241238313860719	0.481958265361454
0.122417160125682	0.170812820335875
0.324829455963455	0.629427158168933
0.453781616927706	1.083519571137
0.03262260322787	0.0452836634087632
-0.0283066572049393	0.0352092477411742
0.500170541581563	1.1861704082245
0.222751669773169	0.417133072350553
0.338486917767462	0.567785084812006
0.0597316156673513	0.0673229323444279
0.357723350190825	0.591199950820714
0.136845368414959	0.173525346967886
0.31243382873996	0.546334920506658
0.0681260788544164	0.0817632054239138
0.452692958870993	0.798455624431134
0.181742867179012	0.270126380139554
0.101407349797757	0.115229227353198
-0.52646639889603	0.83042028381326
-0.165235584209092	0.178153691933404
0.34630326750427	0.431903243065835
0.145844441224343	0.141791986477866
0.201542340124132	0.256754852163981
-0.726908633625778	1.23023273166016
0.294021974244352	0.392620040779158
0.322006403571282	0.582754991196042
-0.024646488360749	0.0320488167031796
0.16693844600279	0.204043421832332
-0.0978577969618017	0.0817635705195483
0.17340800484406	0.236260790124229
0.443821257252791	0.865489280807097
0.183520514180995	0.221891385451686
0.292891518580003	0.447699596714637
0.0727532109953015	0.0968369767662397
0.44654545122875	0.993932930518884
0.340487797395806	0.57822682880491
-0.31579198304593	0.494699547205934
-0.0310137143810949	0.0399799425048996
0.443998706410757	1.02021633238721
-0.283411653438249	0.535063629468754
0.132078370032949	0.189628209136373
-0.0179727879372332	0.0166003659853667
0.575332043707936	0.989032175822982
-0.111820725160589	0.125014572052886
0.565789331396098	1.1965928757349
0.200056120069214	0.286775115736718
-0.107499817924823	0.155950540076271
-0.114780240490315	0.162852360252017
0.327050890997057	0.670539308654441
0.388905209409176	0.853713696517713
0.166399460327159	0.260765999108526
-0.0405244792314753	0.043323556824753
0.601959022902923	1.69163882208077
0.161386003571014	0.293356239059447
0.157821046501582	0.275636001876609
0.0723168293452299	0.112577551568494
0.209076200142859	0.410089285676171
0.418536305704763	0.836835951216476
0.213481734481438	0.429627667326972
0.224732349152542	0.428145264725996
-0.234156143932554	0.458178613986935
-0.124726908795352	0.225104920800644
0.0110224065661783	0.0143849931126649
0.0386758878731614	0.0582045639478761
0.138388488083608	0.226741064599191
-0.134664881517217	0.211225425640315
-0.0156363507834552	0.0209350776244564
0.445294345156441	1.11969062609108
0.471443270323797	1.29292928074295
-0.326625527302694	0.732482219519171
-0.252040472539548	0.492550907499821
-0.142132260969913	0.193239403879926
0.0141273327293704	0.015380076184418
-0.16163605299508	0.270638683705907
0.370584689795231	0.786315200434864
0.341706950270608	0.743708459255283
0.246300559130335	0.425494911375638
-0.148905040381085	0.233502992149165
0.344665639672995	0.585461454034011
0.330995949912495	0.589289068035147
0.0114763141534725	0.0141002396226836
0.179726854989246	0.268606470249579
-0.0172126961094462	0.0206691527662601
-0.12604600877935	0.200102161212876
0.0746469417932241	0.11236229646244
-0.176710055668753	0.256526129345374
-0.128155206212405	0.194348470180139
0.264568958102889	0.359293015847391
0.163393330237067	0.201422796643523
-0.388651520549863	0.731272612466595
-0.190531312979592	0.28563791040631
0.235441551783641	0.410166378305596
-0.0662092240533639	0.0978143451942556
0.288729142447522	0.542109946727161
0.0982477719103606	0.152213907874997
0.160517122272319	0.287932379250942
-0.0256873031220149	0.0330313162868827
0.00689444220714709	0.00962899151233405
-0.0727327106871439	0.123736045879821
0.197897657882444	0.35506092853979
0.2600768775771	0.479276423445965
-0.151267764856362	0.253202483625799
-0.0915858590349324	0.142932931259468
0.318287345138198	0.588696289300561
0.143884723256474	0.215081821301476
0.0588527251286633	0.0754495767593904
0.539006377120034	1.10489933324145
-0.532553865045082	1.14556555533141
0.271545472445719	0.449926205099241
-0.0673482814427426	0.0998526044773499
-0.377280128107229	0.593323424240337
0.34046638252577	0.510341636816257
-0.0359471898983223	0.0324857980482273
-0.0525038826097243	0.0563357475483038
0.0108542610133408	0.00960252959290315
0.985104630028516	1.88630420768739
0.687630274059873	1.38580348807895
0.660168591053502	1.38092529549062
0.242280736500141	0.354116870109075
0.643217500298838	1.53213663643051
0.221461843117559	0.369435531966269
0.295607422339191	0.475230237685484
0.42455991582672	0.532995352296875
0.548149353689641	1.03100577847326
0.349819498863637	0.534217537089909
0.101804162440624	0.131878774314005
0.170887045721743	0.28571646187928
0.0309120455380443	0.0411557062510072
0.232681613873503	0.410934295817982
0.210132050502735	0.395337462371658
0.145748444359847	0.232141036350948
0.452604414271804	1.14597109700695
0.350698226036623	0.716571524561993
0.175484362646461	0.181966648983486
0.158832168046182	0.184320166791573
0.722125190837847	1.28048374903223
-0.299036962009395	0.420375034032378
0.24090068758048	0.319886760755074
0.73899843994747	1.76812834764012
0.355768259571764	0.697910471152267
0.230576242605181	0.415379096394174
0.396924109723767	0.772923399317998
0.0601857905514771	0.0919725499707486
-0.276731146504967	0.338568855203206
0.140419309741591	0.227419404509228
0.16743326431369	0.277283483591561
-0.702318272522411	2.14179029544444
0.243839625418257	0.513047065292695
0.216297001800694	0.389233364036076
0.424446825719891	1.10705610242016
0.125807182958043	0.218454402059078
0.0189543788367548	0.02517323710048
0.419927878408327	1.0209928802076
0.0770874610880572	0.122611579326799
0.427900089208341	0.97376754242775
-0.118790649024551	0.180497338669272
0.0234617565039803	0.0311317809729408
0.0221433326276223	0.0285235985102929
0.145651305971802	0.240956850111288
-0.131012685663615	0.213810038590104
0.40683710751102	1.05413012203225
0.00129299899977399	0.00176383446163042
-0.159704086641627	0.292003385271865
0.0253844294447213	0.0270314522524382
0.109529332805007	0.127908546541881
0.267785366024692	0.530744958176455
0.0196725962041469	0.0273300218358845
0.155754172314791	0.274990187216978
0.316690746406238	0.57083946115431
0.206413662241044	0.311284868035894
0.355741649942794	0.588129134651585
0.134704651282871	0.208516296304822
-0.110447780012546	0.163570049191104
0.442044695423673	0.751403808559936
-0.184382405893713	0.25569399614551
0.245281059470145	0.455479814932111
0.0257867537457788	0.0339840235576412
0.419380710240385	0.780573535495974
0.210496634507802	0.334277748031498
-0.507803389675245	0.910178263098252
-0.0463540657376919	0.051111627737947
0.140517389501976	0.196043248208363
0.303935156029871	0.549166647813747
-0.0971515694418948	0.143412826278025
0.501955198801116	1.18087171268042
-0.209232098346682	0.355024308841799
-0.0574677107427035	0.0887215005973941
-0.0427163940092396	0.0601296188966552
0.0997284140801259	0.145035937407461
0.769065718150155	2.36526157699789
0.0813808410181889	0.126705103091187
0.277288563252089	0.535200555271835
0.172084770687541	0.290370839019067
0.1340662381561	0.22253109972448
-0.490398590412744	1.23673105930181
-0.00593175709690938	0.00745312982531141
0.0301883697124374	0.0373094281711999
0.537971957622573	1.06940345265492
0.141562976647618	0.202422690756085
0.483092656479768	1.03282849866061
0.161098601979144	0.218599555129642
0.0223328998090155	0.0279557019299474
-0.398545953832289	0.694055153463248
0.221830153493538	0.298898330211137
0.722610249634844	0.989921374645404
0.397986601207313	0.523081930764563
-0.419858665428205	0.549098596817785
-0.113589032076238	0.107830920475404
0.810829444691367	1.49387365437845
0.0500059911296484	0.0469850516159263
-0.128230919663575	0.161235796253953
0.22498459925914	0.388397039579867
0.188004511348173	0.299171319718694
0.335555565703932	0.705010433380156
0.244417372795651	0.439706259772189
0.345528763384001	0.518287366300191
0.24574745290116	0.28530483425739
0.584034168427906	1.01278323113876
0.069762144901629	0.0670266469302933
-0.116558618595618	0.167676689402569
0.187044357577852	0.350983236904732
-0.332861274256842	0.642147808872023
-0.133980285698175	0.181791398864004
0.0907884456704688	0.125849856548879
0.259893032715665	0.507237518715211
0.320884593162432	0.688905147822133
0.241873617451082	0.453720107173998
0.307731299599615	0.613886909182756
0.95237346629309	1.67856604516124
0.368885055167137	0.589209065654015
0.444104336466004	0.811210810918343
0.49664257740036	0.949584905243048
0.0712271727906854	0.0809902833284516
0.232496998356722	0.34997829349204
0.421818216439657	0.901612034655881
0.144255331829887	0.234905924454578
0.333276749034041	0.685692096039565
0.43263594882269	1.03456692097358
-0.000299063519713691	0.000290560146663045
0.106237851802673	0.17155010144015
0.100407316181039	0.169138441604776
-0.0904801665497007	0.158520965630039
-0.228236322588148	0.488358790202422
0.0468758360995776	0.0698485428638111
-0.116136658201016	0.193230676936098
0.121699503678935	0.226831013443285
-0.155550480647044	0.271014647749026
0.185986909811845	0.376334617837015
0.185134129204187	0.353013133352705
0.592264186270105	1.60518541610785
-0.0567219901198248	0.0849308789963183
-0.0180734723375657	0.0235722418816624
0.120457966817891	0.193056390506996
0.221664071155607	0.410549175524634
0.389851246104207	1.01811667933832
0.383359753401399	0.88411311323824
0.0602307453930236	0.0992292425126806
0.0376432769056297	0.0544795308098507
0.317117043614771	0.481032741600334
-0.0422504332509012	0.0473533048549568
-0.180467497926326	0.308254676355975
-0.33389005068961	0.725046401790767
-0.12283967074701	0.194490867936755
0.208782453027498	0.357920500533708
0.757945952390944	2.22677950306953
0.617119556015653	1.17012239662611
0.0578641791324937	0.0788318589106319
0.231805813539546	0.402677943565384
-0.0905631051989658	0.117405905002051
0.445669093032488	0.890123025347029
-0.0994651044094006	0.152492803776347
0.116276756360807	0.175560032622724
0.289390090796412	0.503866114217447
0.417162536632797	0.849846806093544
0.148453616735046	0.185102859725256
-0.189744583354212	0.276834355842382
-0.107492892105336	0.164132718489908
0.293489134395545	0.495136652997424
-0.0990658498258697	0.147368372188669
-0.196936821139807	0.350223210239402
0.397201300456473	0.917492035430147
0.0791691792184271	0.121074890837754
-0.0425916911734265	0.0628300376359525
0.0919132657713652	0.145210588039873
0.0754831644006321	0.108847156506394
0.455837386920565	1.30161314605606
-0.280830693685735	0.563407323901078
0.0467968836337597	0.0678636123006913
-0.0601203142548655	0.0844135206581274
-0.146246665753719	0.240711409085191
0.237772508388139	0.410207588610759
0.324567935999628	0.585444993618579
0.593344731095509	1.32892930818484
0.133170757600142	0.198649784394474
-0.182606652744356	0.278936586038836
0.883013251865506	2.92771390467452
0.363887026330247	0.731151245263259
-0.0228638114859967	0.027133907951732
0.315364732477608	0.462423130549307
0.40285222196477	0.594471516858789
0.170001046379942	0.208381239813697
0.208137535166538	0.223596562441808
0.337952947838648	0.363371772442668
-0.364850166750649	0.491798281916544
0.597264268174861	1.18731789608023
0.525880990724966	0.908006168241707
0.273852884708049	0.515369752133701
0.68633987121126	1.46023855172544
0.245169456306007	0.332086405313399
0.204628124434912	0.288009450249021
0.644970689565297	1.62571979646983
0.0296379642092912	0.0426656736622098
0.187785763836961	0.333579028489164
0.28679760905854	0.520909129297488
0.723251864753515	2.26294189741641
0.0157267326976879	0.0215351539339401
0.231904052910819	0.457517318905167
0.227517990170221	0.416827603929825
0.0293133495284876	0.0409964274307549
0.264271807856348	0.290430468785887
0.709674971010985	1.32923211567769
0.170541013093179	0.204356558201664
0.422857963393468	0.711323750332611
0.428305248843874	0.71413970507161
0.773172318167312	1.72434713723907
0.0210938478120237	0.0241844720578921
0.345490839241152	0.625432943042714
0.352854815464536	0.699632847878628
0.214001616048358	0.354657765350854
-0.172288487265075	0.199506455845218
0.134237036677316	0.209057364964611
-0.0592186144649319	0.0888599309127649
0.162623779681632	0.295553314384701
0.216563880560524	0.425350318332305
-0.0071998310229489	0.0104696510619196
0.349361741893118	0.839442766761025
-0.118031348224086	0.208156911082444
-0.21850277746614	0.382714914521809
-0.0475071477285248	0.071063306365586
0.415965107267336	1.05607815751476
0.194982359783432	0.349509245942241
0.0521761577177972	0.0783503308110971
0.0168089120089658	0.020847185371636
-0.35277267694393	0.687800729283715
-0.510619208245953	1.12718336559876
-0.258634732434744	0.480939168125957
0.01918116581292	0.0262585212545272
0.0928245887879172	0.140383151422166
-0.0388789457196759	0.0525692716593963
-0.143170900977036	0.178185597217175
0.398382881549604	0.56669057937968
0.187717556610739	0.297511557492783
0.0180922174084894	0.0255600512835426
-0.291866306901512	0.575724563225811
0.479784856927231	1.01640577238631
0.2979053981945	0.493679004750926
-0.327185141754951	0.532976385917047
0.078272889411664	0.109021416728984
-0.110710108071516	0.157554277829461
-0.0466383791600187	0.0501400457299147
0.129218335541591	0.181981980896633
-0.365705901643388	0.732790732788961
0.346754043527783	0.727282167528102
0.228614592299397	0.359114800145351
-0.0394436358400653	0.0473750184907869
0.345555588651087	0.497116536295371
0.0594791145875688	0.0724937667102594
0.110415013044186	0.161285452901267
-0.251461337450965	0.379459628747526
-0.14559563016447	0.226502748963902
0.101679757973242	0.148325006984442
0.445979618233409	0.997026348467279
-0.211282801160509	0.37467033754069
0.108681691394225	0.176283022001221
0.360957414212682	0.641111837868322
-0.292707489966741	0.549422335752102
0.507365638006814	1.3454892962337
0.0258383937533228	0.0350643472470683
0.324070213092838	0.626317636444648
-0.214761992607444	0.375819000396217
0.214856493788248	0.366151922201936
-0.0922769229421555	0.117849323842384
0.0217271751015439	0.0263503826426717
-0.0474990669407687	0.0551274718154739
-0.112751077422782	0.15231843822045
0.871668864331083	2.19503761138421
-0.761155005477056	1.71886221229979
0.00821478097136646	0.0101746496876252
-0.248995228162217	0.344770107914879
0.441940383988396	0.635601623756148
0.0540584475487187	0.0501517506985915
0.138455842001849	0.154731037349135
0.0623409953967446	0.0558462198487304
0.871562502024599	1.17774871923524
-0.0722401735991932	0.0717882552014191
1.11765940465466	2.30375522597211
0.275425791233706	0.354925058075864
0.166988739431128	0.238780133196832
0.0735309748274465	0.0834173380721896
0.468474135382848	0.908444097844357
-0.189824607860761	0.327968525042085
0.66936663642508	1.75463247496089
0.0142245558979076	0.0171372184753266
-0.248019181576251	0.408373445019096
-0.0392797291217505	0.0553838155560412
0.152555325338474	0.254385634742326
0.214347642015476	0.381805034820244
0.00464646073944156	0.00547194336464873
0.617004811845479	0.87940001580583
0.961569350431121	2.12549853467534
0.845522576987486	1.77131370992554
0.00995711338656528	0.00990985203974045
0.177621972312619	0.217449906932583
-0.102202914007672	0.132942487672704
-0.0985193856538301	0.144042224078457
0.180063672867218	0.30134633548409
0.47328142384712	1.12682795767499
0.709720109487426	1.88079628547541
-0.13449953075287	0.164474107324397
0.186949887198432	0.353422339883934
0.327540225561425	0.733452223513293
0.10732966021848	0.183481906086642
0.248611716465165	0.515346544519453
-0.107697832334574	0.174061737384408
0.240251566955116	0.4747287420308
0.291257117671304	0.628760378612577
0.782336019057358	2.32007379021502
-0.149963468150059	0.247492036665833
-0.167386156244463	0.293755857420323
0.0242697165817738	0.0346742748235345
-0.312321363573189	0.612148380379327
0.782477995785198	1.99736317206548
0.1496144681007	0.224697633382772
0.246720951255984	0.437094283088193
0.690126672643408	2.04231636722147
-0.0596506796595574	0.0891984449586827
-0.0903166622894413	0.148576452985406
0.303589108159002	0.633937331475698
0.183254874192987	0.252688967951188
0.0591736183862757	0.062418249158979
0.135321981026549	0.198781571064571
-0.246754694817014	0.457587722373722
0.283125695663401	0.512836590190094
0.565104006221833	1.41474100654629
0.117799600946299	0.160720332327863
0.249437903386269	0.350296925937423
0.153722248783367	0.237656431835057
0.32088964045604	0.626467690115942
-0.00555480712345744	0.00643884089515782
0.0933721944605488	0.123045053811039
0.445952117950877	0.971967132065668
0.307994469637064	0.531719381563458
0.205335956391547	0.262641408705543
-0.0872931602499599	0.102849799254989
0.347008191180982	0.468537194364859
0.221209016322193	0.322457497746132
0.0390691599117021	0.0471169651977038
-0.121362273275188	0.161549179229886
-0.0642920769000306	0.0805320930088239
0.400605508417222	0.770488065974437
-0.000346238410687601	0.000378279442369009
0.270253556169138	0.506012561682887
0.605676981755559	1.6482108905138
-0.101598865607445	0.141135564937335
-0.236176735409693	0.394549111999525
-0.0780355665012711	0.112048576200865
-0.199994427896658	0.335644392000224
-0.0627555663054954	0.0834811872915324
0.254983245416098	0.499484167436875
0.542128434689964	1.31884877552
0.0933308110139391	0.131637177375333
0.280369110324216	0.44765242026883
0.464359891951127	0.880103281661965
0.22758293063546	0.379712594393601
-0.0315347115798486	0.0377918344913901
0.465366209196953	0.950950604339904
0.0576851037466906	0.0780359373626387
-0.256999210798249	0.371001947528417
-0.123159749250315	0.139874981673627
0.261339495046041	0.256215823645284
-0.0613958412010034	0.0551646888072925
0.268511911181107	0.283378039395794
0.434433551340098	0.531436270519877
-0.124556180232006	0.135870743415012
0.613589350801487	1.11333875086383
0.41236898891564	0.726551231026345
0.315493927198866	0.585742557951136
0.142247313962785	0.2315421598682
0.225095895751526	0.338732943646368
-0.115943837819126	0.172672041998666
-0.315237759879568	0.631939710281816
-0.137550629913562	0.222298737902393
0.44006344459431	0.889680205881139
0.125686257353239	0.178246852540709
0.689261253743781	1.18378955721229
0.661421337494045	1.54513711011691
0.36073030755053	0.526901206184062
0.468998932539497	0.803958212218391
0.0791120524361744	0.0920501400778913
0.351353479307949	0.665312388559838
-0.0722194982561497	0.104601353576873
0.224360940031121	0.391640472256378
0.539162278418715	1.42195235747018
0.200620973389168	0.380199389566382
0.341478326240643	0.51525758834361
0.0793086648216314	0.12351041968609
0.156124067297706	0.281580560807464
0.344844388608694	0.871054686663535
-0.178150390063129	0.346310086051559
0.547816669235069	1.60401707734549
0.680403400611024	2.13059112932757
0.452859774201264	1.24267943116261
0.277769767849186	0.538128150942019
0.145161005768894	0.257801088780962
0.0562587489084947	0.089116201395472
0.180041889421664	0.325473229218437
-0.107725318023825	0.168676684841727
0.26468274420049	0.499622614787446
-0.0879742852108508	0.130947033656697
0.0265179063026859	0.0386002452468778
0.360454707914702	0.85180683288453
0.0477565111083348	0.0726093455910445
-0.116254708999497	0.197103219985429
-0.239662679141921	0.510221932630466
0.453232524663563	0.863538408432893
-0.425444235268458	0.563358072351371
-0.0962806034881807	0.154322444059529
-0.214965178364764	0.394662608463743
0.437008332192352	0.99934706625173
-0.0197788588336473	0.0255066452127571
-0.307995256486779	0.586069284794546
-0.605443652273665	1.1860099565004
0.422024954594616	0.828062995806855
0.267382837693916	0.495974389881785
0.602876358255568	1.23634591411047
-0.105233134049267	0.151479557456296
0.0571268430060167	0.0809853516418809
0.165598590175798	0.306638206155778
-0.233582009070397	0.33781134323908
-0.229150566181319	0.346739098325181
-0.396295734869331	0.679115695318381
-0.397897202049319	0.737169655677328
-0.0598045189053378	0.0833339291155616
-0.0722274855169501	0.0983392203337853
0.100284905513617	0.152799236883325
0.182344834740428	0.30921269307211
0.658189090257428	1.85173946260673
0.0565797014975177	0.0861729881938078
0.204702920023206	0.36435949965418
0.666882830479477	1.79973009342156
0.205735031257057	0.37111037922412
0.220757104890836	0.433415403810346
0.0112705700856748	0.0155353806988788
0.0561976247800196	0.0804387394015801
0.129877513640929	0.23324667846402
0.373202019315193	0.868818793169421
-0.61671469557601	1.55242802769198
0.063036337546031	0.0791626906774975
0.0324204215616148	0.0365777942823401
0.516919084893549	1.05466044104198
0.577341412436809	1.1489406827161
-0.0595082206999049	0.0727740503925838
0.00185937136302152	0.00228249898890415
0.00688158912318067	0.00771761965149967
0.47297963790725	0.816597289284915
-0.161197198521361	0.172978937797184
0.120175669260447	0.147511943057167
0.507166918028976	0.683838617691164
0.268453678488792	0.293091555738102
0.463399412143341	0.745110903369674
0.309880443846796	0.335230265703835
0.416372546529266	0.737417788072261
0.861827762090827	1.72930939413474
0.572652397122294	1.61011842619403
0.2926490692489	0.578804077610735
0.00414971030952348	0.00505302328778878
-0.0104193638779016	0.0131821817476103
0.189210986930521	0.355691916631347
-0.22322876158715	0.424024827397606
0.0212869628669409	0.0302764438435699
-0.512107878908124	1.27011625718439
0.592793252730809	0.879396792240769
0.536280041232306	0.957030660101798
0.266074302507082	0.370397399207
0.150212341162641	0.199267400467484
0.617299551990466	1.21648756704345
0.448910009791226	0.908401532809293
0.0783964479911746	0.115679936694177
0.396742872657389	0.892906782761287
0.167970224609882	0.294203322711383
0.398903249498005	0.829337603359071
0.460337838668323	0.774689834135216
0.80988147360522	3.07240920544913
0.147615060641157	0.270521192946601
0.2354813247585	0.541927347891411
0.232982390497668	0.507548496974146
0.0384302986571798	0.0610557885100212
-0.0451146795588295	0.0661636472846171
0.313439062723987	0.791641857476047
-0.0623436514395385	0.0948406882386206
-0.438650119038344	1.16773009206745
-0.178922452492881	0.329620742733429
0.132788298724928	0.241812521132058
0.0608537627569293	0.094141831891901
-0.00937925500504848	0.011796051176915
0.262325201237794	0.544665997499828
-0.140770173372121	0.235309688319292
0.243330459985727	0.494938369854528
0.00110606889444231	0.00165135333932261
-0.0547159028472742	0.0897928224750321
0.00372599799149641	0.00537336857836206
0.160252581600543	0.210001696430768
-0.173030778047906	0.203357400402792
0.278753232235083	0.559938163596406
0.147443447402232	0.273574136383791
-0.0430173107835781	0.0614144400396926
-0.170564154356527	0.288317038630201
0.768977939269055	2.14749944451299
0.148934558911965	0.201336381948093
-0.174771491073363	0.269792972862232
0.110423561557841	0.165293254637426
0.260231415598604	0.405894343616675
-0.0263913744569177	0.0293009854311824
-0.168296988502197	0.290390883021708
-0.418226018590831	0.940908924323583
-0.447256595251901	0.895299652178139
0.205728797318518	0.323707483564125
0.315599450874216	0.458365966557425
0.0367097963169006	0.0431415682133676
-0.179857946173255	0.265405215716613
-0.244152984040416	0.411965265475777
0.155408534315398	0.263963907629169
-0.299714522313511	0.569167855414314
0.0325285557878476	0.0474957666263448
0.327537419128848	0.641534374907649
0.179967097150977	0.313930425817658
0.547168804935634	1.35937380224381
-0.525849226352419	1.24797183300036
0.0442305121839313	0.0630526931343667
0.0385889558967825	0.0581878340253666
0.0193642136461312	0.025811362981538
0.197996732719408	0.373084925732283
0.188265577977608	0.321136948476723
0.283674316819817	0.535342769341886
0.564819047826068	1.34184548404586
-0.022409908776191	0.0260993997917247
0.0346761085141319	0.0433037951921321
0.410657287384589	0.733006442584762
0.142929617340535	0.219241780439035
0.153214561493411	0.224678681723214
0.483094029778308	0.899065891171674
-0.26368100482456	0.388632495159708
0.416426504981061	0.601456648522173
-0.252485175605095	0.347240958402479
-0.179543512848979	0.166246685649932
-0.37819674399678	0.38022210947258
0.517935869292342	0.71323251832796
0.227583302987457	0.264591958069922
0.343076037284738	0.524466763078758
0.513351801495685	0.789475442495549
0.365658890123347	0.425352353503931
0.182461960570269	0.258044822796941
0.657684457695435	1.12950759098945
0.282766100464521	0.489100025631283
0.409295690137987	0.864886205100852
0.374349952813746	0.830310258512537
0.109075967394638	0.177412351027515
0.0044700525357303	0.00591985272967726
0.477663838854939	1.15620319900315
0.435770418830423	0.673727851354424
0.441119120886663	0.806455070328683
0.582742418700956	0.981461837645285
0.415880184450966	0.757573225808408
0.421655699104161	0.769371614671324
-0.010678380217374	0.0132464991339866
0.471519080888992	1.18980727610555
0.452249722718854	1.04826325833284
0.456948941624772	1.23889074048535
0.369840503224823	0.773538218636538
-0.0855278116335577	0.097151619039264
0.222454477110653	0.417808300588903
0.131155150121903	0.228087124698112
-0.274810876185774	0.611026070032782
0.0166066743219643	0.0273176696629512
-0.0668308793186339	0.1027762628238
0.4049125854628	0.925927730931307
0.084725396172854	0.141932275804402
0.129175651908423	0.224483663667859
0.173938601691101	0.294854508809625
0.220781897283316	0.457792641966493
0.31000244228952	0.662051344322971
-0.0285103875972299	0.0418907604406451
-0.197625372607688	0.349026184976762
0.318193067908884	0.650020674126723
0.138001656761619	0.226781504170597
-0.272909824862201	0.610465247719022
0.207509339730237	0.405708239214482
0.5107913287886	1.45892623621623
0.063688936649839	0.0946612500170222
0.444889901485294	0.616422804449721
-0.110922688009028	0.122619888251827
0.276798062081568	0.519046578153966
-0.100129654631403	0.172268566160072
0.17306629130124	0.309895634065451
-0.0388274141086912	0.050114965140446
0.186646206572681	0.286508444198453
0.570741019444577	1.0931208696227
0.163583850335697	0.236211314703858
0.286731071405698	0.504139039720458
0.142555420106005	0.179044578065594
-0.3326195610695	0.533396076903769
0.0508778850293461	0.0764966748630042
-0.345922684172684	0.643421886455899
0.163268988183297	0.231566511225572
-0.0113980176081699	0.0134480279026893
-0.0922722249486746	0.111576835389384
0.118900894661004	0.131415582109111
0.264250979190667	0.456690331971858
0.136309291302811	0.206695068347735
0.469932435958645	1.12877402823607
0.055178932951401	0.0810546091920937
0.200664190861177	0.359719203765619
0.497697155458796	1.15790396744143
-0.56386201947786	1.50299116871021
-0.280242263145106	0.516318323943209
0.0290631033815943	0.0403600215426661
-0.164024562112142	0.278823271993076
0.16032955891346	0.271330297744773
0.450125790274468	1.06457226626096
-0.279885449198494	0.524970498453395
0.325208603619936	0.718278501054241
0.306947317251963	0.578450833040608
-0.0038659640161921	0.00479539377860516
0.449573368161819	0.923157241577112
0.296718784497038	0.502582277271117
0.197117426458903	0.312603104834554
-0.402272253605329	0.758113724508465
-0.209035475583671	0.299750853032583
0.265955413982355	0.408455302451876
0.998163308315363	2.47809569841516
0.210828612772762	0.222655993586712
0.156052748338325	0.167901863825364
-0.145853584171264	0.119713327280987
0.494800420955684	0.704052093043376
0.318084624242942	0.431514095684581
-0.0681670559230327	0.0669184925623035
0.773399634703371	1.50148672294633
0.64750407186278	1.57604274709055
-0.00772160776873571	0.00786987364642588
0.248913636757243	0.292566383121776
0.124771286754607	0.157068748108384
0.166669211129705	0.213203362605752
0.212171399773577	0.27245667068727
0.458426880421609	1.14424708235391
0.176768501505937	0.314008352585928
0.258581044513284	0.454233842244919
0.0398944259063113	0.0536750251824436
-0.069292082258977	0.110104889131893
0.292123059451265	0.577542578552326
0.375549569811503	0.791797331298708
-0.263580864681403	0.407781826613424
0.442526641660812	0.674349356105843
0.889148683684779	2.10149189254013
-0.572537414833501	1.12343082962562
0.301882429278913	0.493107097198958
0.192379467270925	0.270234624685656
0.233454736407212	0.408064563043176
0.369228273947155	0.725908582518971
0.565048117636344	1.51250097857051
0.0706381456566457	0.110539985690148
0.221063404141516	0.399651340200672
-0.120848240196397	0.141408466337266
0.370459077960851	0.855254833381191
-0.11264207924824	0.190224476082709
-0.0783557377645111	0.130244111548083
0.195837529984437	0.40778133258115
-0.0307966339605083	0.0427693705205927
0.164464823431048	0.281547223907811
0.015106872001325	0.0216365345271178
0.397650175463141	0.795547179113623
0.523168528034871	1.46407027804428
0.00759382954625367	0.0110703169929431
-0.26845407055749	0.526676648683053
-0.0822333627118667	0.116165837451297
-0.03117303882415	0.0417575015852421
0.280448826865634	0.522047400229888
-0.279857434680179	0.521345665881224
-0.167919347450654	0.295186009169188
-0.161475498951802	0.299898403226387
-0.262853414443597	0.524408307793098
0.0468065050266061	0.066486224667536
0.278898204271844	0.413111180919805
-0.0104086211908883	0.0105735316185376
-0.299333591093692	0.639084881946743
0.206877236975764	0.382961446037195
-0.110906665479483	0.181970409078438
0.124719814498082	0.185043490340982
-0.055117963411368	0.0730438003742369
-0.194742775973673	0.250850111394415
0.153904562688373	0.233898022293152
0.499422326614292	1.23334628577884
-0.0930061551828208	0.111971121774692
-0.0895220869921881	0.112186328148619
-0.24338068020054	0.441385940814502
0.121578388268915	0.194492549152883
-0.0351611776461414	0.0442708202548497
-0.257286420080332	0.428037968174993
-0.0126389317671933	0.012866812664759
0.398365287302437	0.632512919152183
0.100631346743385	0.145952791126289
0.583927201883209	1.30065538732786
-0.224713215856031	0.372848114697144
0.0753772001386043	0.106101814001593
0.253237870420485	0.440282444830184
-0.0143921754314682	0.0191016390174125
-0.214435619134843	0.427346733244305
0.429658750152567	0.927908673114698
0.131751033155414	0.218979858096619
0.387722530958814	0.860878699991762
0.227999594158621	0.412355691491153
-0.140575993036061	0.215762426349556
-0.321867635591349	0.629823692637754
-0.206622497465877	0.334889947928199
0.10896820924959	0.148309280857085
-0.124981589968538	0.168984715921655
-0.3436947982736	0.576729387293875
0.0606384406712542	0.0750481153066631
-0.158627371500525	0.202796441879458
-0.147512598042167	0.204719397306942
-0.365144219711964	0.675478608202053
-0.0760540948591967	0.0938391596373562
1.03857684475918	2.80531966056239
0.949123090361921	1.72641831402949
0.347422497570347	0.454311443558038
-0.0950412262912803	0.0910637442902001
0.154881426967029	0.142410267735721
0.502769188282256	0.685764072941518
0.315170108727011	0.44110049339486
0.271197421773654	0.441101487941067
0.577941835425109	1.31478352740801
0.209611822631901	0.277720311877358
0.389606032541217	0.604851253715861
0.0250091948967902	0.0304879071039986
-0.243878196426393	0.434723137875594
-0.021146940443751	0.0278653831262219
0.363605864421893	0.674749683019447
-0.0707487114060966	0.0871166068920875
0.0661510300898168	0.101201327378964
-0.38118922017264	0.826380754639815
-0.0162398415437718	0.0216476757647725
0.143540496190039	0.209539624789282
0.257985359863115	0.309751582953319
0.26948628400757	0.371124947425179
0.342535230470707	0.559536653583857
0.321910391177051	0.60270901050501
-0.0450116872812325	0.0549609828536571
-0.0420022308061439	0.0602248675268315
0.423462289141657	0.929713344463525
0.573286606244358	1.70282788613128
0.375752171306935	0.888596688664642
0.320204810459081	0.73236747894105
-0.0228254873247015	0.0268416873731914
0.0897230961047523	0.1512412364114
0.144432086188106	0.26437991057645
0.121427846072051	0.222104713486439
0.405128553963294	1.02325607811185
0.107510254820951	0.185128825001811
-0.120113491221702	0.202066275561003
0.108194686798786	0.192843021799763
0.282771661637508	0.571317667189152
0.396497320226746	0.98659729289719
0.1573940221142	0.282817257630832
-0.142697064946393	0.24923979990209
-0.13991898254438	0.227239976141466
-0.100708670275831	0.161311734811107
0.326268684696411	0.660028790282244
0.370546472291286	0.788747946821296
-0.00619710666195507	0.00860643384596067
0.124287631174298	0.220157650557239
0.301118829232065	0.614148861427625
-0.0306276868015993	0.0435319161053963
-0.0103602607358987	0.0106685840722619
0.416682518466532	0.670106442234772
0.243181032339277	0.423814909792191
-0.132183505656035	0.216707590889745
0.0101814164077598	0.0144121778880941
0.209942078283421	0.311326128942778
-0.0292305186224701	0.0396156037842583
0.0277249966673818	0.0311153962973671
-0.216409457819596	0.343333909390822
0.217486972278237	0.369885200578368
-0.70005520905883	1.49971277706429
0.0467568074287573	0.0584043401976144
0.00555221515761992	0.00706836266586098
0.224508265505875	0.39979705051868
0.026591753849141	0.0320672578514458
-0.0916758765766372	0.122289437461751
-0.251804023868707	0.339668718138257
-0.495945578133307	0.902634922634241
0.107122853415575	0.150026982458607
0.231746360448328	0.383583991015061
-0.234167777793049	0.422541193709673
-0.06688091491601	0.0917302072224819
0.0781428177533205	0.127220936178363
0.0193290490842905	0.0276191317161462
-0.0383359598821568	0.0555836481657204
0.391473474542599	0.810036470456725
-0.209515182245004	0.386464135508679
0.165786821543185	0.306054519672947
0.474161724526485	1.11390002551231
-0.178387217861562	0.289272663983787
-0.00517682887672979	0.00678884562197754
0.361250685603128	0.805469065684779
-0.0178406834031255	0.0214919795728463
0.0528966575030703	0.0634628978704131
-0.181588594826116	0.253265738454456
0.0357003958651294	0.0443029689138229
0.600367357119937	1.21347964407439
0.65890264677438	1.5547379909378
-0.0468230529752975	0.0596484754857507
0.286990527243322	0.470917587726544
-0.0880125308150407	0.0994894036000601
-0.130404825384238	0.141036342572266
0.325796345478839	0.367361448421776
-0.0472839295910953	0.0427947547797559
0.350778770099666	0.447320690114591
0.338748777111855	0.455332941865588
0.731387553676393	1.43359641490268
0.336460221659774	0.626528044466069
0.332045133618875	0.535896222115013
0.205746796941043	0.357983577100023
0.0140391961353409	0.0193317295309375
0.208139776170088	0.367067472649208
0.311852716311002	0.623414437020298
0.000610215364843366	0.000598528285257645
0.064596923578228	0.0785510227015746
0.507740353647186	0.850662727994206
0.0777284607420855	0.0822633961668682
0.268589091169088	0.400802053062572
0.00808099899077581	0.0102307948902457
0.163431974257613	0.287907919795035
0.135400977581939	0.200827531559966
-0.0674054420534047	0.0955408218031074
0.0822242285448254	0.121205482715061
0.309803961916574	0.644079996623568
0.062238169922273	0.0910554770115534
0.215594340024277	0.365548589616942
0.0913489495186187	0.128816299411735
0.287512238627832	0.378796623670314
0.339295341399222	0.574503437313408
0.537026643982116	1.19693695560262
0.0306950491245705	0.0409094808324668
0.054379103366575	0.0774429872568434
-0.132336397408395	0.209861763341214
0.145325726981083	0.250824020084469
0.528658301190097	1.42821612852706
-0.00854035326469956	0.0127777758171089
0.260999702558609	0.591136930796995
-0.0786199735347906	0.111900546409749
0.133058141461776	0.234771418286983
0.418691010705943	1.1947612013903
0.182889202458121	0.358744408683826
0.0664182764947701	0.113742251110903
0.191746021737741	0.364287889880224
0.0247809821508993	0.0380014825317012
-0.191973185793361	0.357755085800173
0.117770180612553	0.187838007126732
0.29133425210443	0.616705354721215
0.0930628973100123	0.146254889205219
-0.166605138354307	0.275268968847797
0.187299958658354	0.350157290499817
-0.132957939751064	0.222094968632155
0.234991114864527	0.447084388373834
-0.057355080707151	0.0857447767936891
0.182839803943461	0.351450719581571
0.32746306293825	0.71328245451493
-0.0963811892277129	0.159651499852401
-0.254171812718751	0.488379781980663
0.135937221276353	0.181631247598646
-0.208721933047932	0.302172714895961
-0.289636479977344	0.592539941051762
-0.0179637228755693	0.0253582295112836
-0.0645578064818065	0.0958118375084491
-0.0490028472011086	0.0640051714422192
0.324043209163613	0.580062138688648
0.110026052560497	0.146038046047687
0.50863214349672	1.15149233428845
0.233562696178945	0.365461575842997
0.739539713742794	1.82762177791971
0.305528435127994	0.527207310082791
-0.230891149145084	0.414029730723737
0.206411500478039	0.365615774878993
-0.0815991595425071	0.106995712827064
0.126534331857291	0.156873892415074
-0.498295200089731	0.807381705118196
-0.0338564394467169	0.042504105087814
0.137562915985869	0.206863828940201
0.110791165446871	0.151897187230211
-0.0726663752495267	0.10126164747369
-0.170717745835353	0.271425626792359
0.11168170585258	0.172154885314212
0.143510360938262	0.220293242355797
0.414179454095921	0.989277107824737
-0.0885610893735819	0.116484966265025
0.216599492523992	0.408405124029612
0.0120463288373033	0.0171891229077467
0.316808219897561	0.627414833199445
-0.134498627249458	0.21010088938075
0.279979482776244	0.515179235964481
0.316991446694443	0.651195890776489
0.130266297032691	0.206815541855436
0.315657542553852	0.48244556264026
-0.497889091391245	0.907652244246596
0.301130823224484	0.53424760674319
-0.066914081545273	0.0844234507820467
0.0546195831757596	0.0660882104436331
0.00780715764814071	0.00933445369827997
-0.0334808064455724	0.0376802107957056
0.140702622585761	0.168685533746029
0.107292186279649	0.111679622075462
0.0225789110193591	0.0214089711694699
-0.230475934329629	0.252734846088432
0.14399565294305	0.141810916017563
0.398054367549802	0.52105312537262
0.454874620335057	0.756249783408008
-0.0741395726823191	0.0818076079483117
0.168362589358961	0.232164355106593
0.191028530504673	0.304302240149852
-0.530404143819425	1.33327410572436
0.663634211061119	1.68838529426643
0.314946760031457	0.623697515413976
0.0722040216141229	0.107078555138302
0.6792096785944	1.788500943239
0.246920422950616	0.282200180287225
0.091059010860815	0.112351088084112
0.126141264271073	0.167964174819234
0.0531028342083737	0.0595396339512328
0.00778113897049653	0.00888772710722673
-0.113283036625821	0.16593636139629
0.176962984526804	0.289122714395061
0.135908239235004	0.200534187407891
0.0519672295182665	0.0619288578026058
0.339265101417791	0.636951930731767
0.219427941801345	0.386328408822474
0.00853641534743334	0.0116492704862944
-0.00351491286028377	0.00477493551997915
-0.405522995380851	0.826269092282252
0.0491621122357069	0.0528397606922427
0.180073334940068	0.257475031348708
0.815233340460937	2.0455081755058
0.416837579607333	0.914010798015158
0.725078973813911	2.13574499741061
0.656372356941161	1.94686894926593
0.191232733003126	0.372835884015843
0.567916494152045	1.77616921284159
0.300001968747567	0.708283875509971
0.49491068275369	1.58563048676845
0.196356432384719	0.341161655093463
0.134620894263788	0.247826091174442
0.468092547871692	1.46148886017916
0.174114061665085	0.329306060872329
-0.123641173932887	0.222411731246758
-0.120414712469651	0.218723598387752
0.265898781363458	0.538057393475754
-0.108630746377664	0.197447061217443
0.117426546611531	0.187577396012219
0.0714337270885016	0.119309619061284
0.165886639533207	0.31804778390115
0.188518780153364	0.344954080457747
-0.394639548470785	0.90774812371684
-0.19955506850417	0.382434030152608
-0.0236528137853825	0.0317085666269221
-0.00787105124435438	0.0102668125113913
-0.010591125333966	0.0154554264656968
-0.0574361737655586	0.0919988913609804
0.181703334032894	0.324955951832828
-0.0394051350561045	0.0595145557639199
-0.335603916187859	0.551445203351622
-0.307477326841184	0.542824687189419
0.145371876363425	0.249853414537408
0.128374980495651	0.19937907151268
-0.0894694133382944	0.144285632135629
0.480534296937557	1.02682924365865
0.272108889896044	0.500625641755513
-0.0922431885107855	0.125441876027879
0.515661988781202	1.06382009273927
-0.00267770843269795	0.00329422631999742
0.137896913864669	0.19573052968125
0.00818522804454034	0.0103603083054825
0.196397757392782	0.333527884486039
-0.0138168932450101	0.0178437491216458
0.112682027082558	0.149021928232692
-0.0576423034511215	0.0803467803435312
-0.217378691153008	0.278140601055517
-0.452399586893659	0.76668865291338
-0.384579318085763	0.701104417159428
-0.37387810437956	0.683905787765245
0.0732528514869637	0.101496251632511
0.0555866199630997	0.070768821409477
0.0547172229426943	0.0765869719644732
0.0677121635553973	0.0962203874850601
0.0396132272156427	0.0569204747410382
0.119325622994006	0.181951867639445
0.285736442788277	0.548727422954269
-0.0227037881721958	0.0321452011450712
0.444320099801205	1.03862548913478
0.0223175584573617	0.0297979845206109
0.111353208092123	0.177216152324867
0.0794952332843749	0.110280663680185
-0.64645864760227	1.44482879334797
0.00146997469507514	0.00161391135666888
0.395715842413802	0.761681633712957
0.635917855661771	1.48225662687481
0.100608287242057	0.130969181471383
0.192980377705108	0.292021163820459
0.0793442118889111	0.113547585719424
0.212687716018495	0.241545147875592
0.101334207233758	0.109863934518452
0.431233280033679	0.621273401313688
0.250870693591379	0.304367855170082
0.439583509036111	0.717912456631699
0.419056697692777	0.590255356278999
0.363627019946809	0.526728169789963
0.165207657003337	0.238665154033142
0.114785765940268	0.169678663239324
0.129214157409627	0.182531842714655
0.19636246380259	0.30441639037012
0.372375183615806	0.811482719979257
0.100704436135804	0.15529288335811
0.157384899209166	0.251633321965377
0.503317819916648	1.20533876326325
0.106046496105124	0.126813907165452
-0.438461111579934	0.768564689502339
-0.0638912537303298	0.0791838800247805
0.367959479244163	0.622079623724494
-0.265432116859842	0.432059923421277
0.20054057592824	0.359030373965264
-0.146073460045314	0.244871855942248
-0.179283875398452	0.293031811812295
0.275899221062301	0.462336083857697
0.292226562013269	0.489769357543358
0.182448884867725	0.313847286028039
0.0402368854316811	0.0557368979944037
-0.101843272264243	0.154211357006252
0.309648591913183	0.540012762630131
-0.332300185599281	0.522515865169313
0.192291848933453	0.2754235597213
0.188422168363449	0.291673211419884
-0.0968909461335008	0.142290126923754
0.231593912302167	0.38539800887058
0.592852786869833	1.54038613558706
-0.394676089278841	1.03469311418251
0.463119008189023	1.39125274114098
0.0913178147425399	0.161660138721216
0.0943780337634634	0.176054385102246
-0.0174433138626996	0.0220191138976922
0.102651957721813	0.19083112930073
0.0551721831881876	0.101233703222481
-0.144360781583236	0.303163344246866
0.0625674634095319	0.115911842052918
-0.0804678299843001	0.141713318478095
-0.0790042068286133	0.13834910353951
0.127829066153809	0.248721119762889
-0.209268472077009	0.342068181420448
0.12226673107097	0.227710217182809
0.247040233426862	0.566195583294273
-0.232380152637667	0.532431125372031
-0.0167031018269195	0.025680871803763
0.247057237408723	0.488387761486171
0.372933508340257	0.80365855679543
-0.326363682945982	0.785692715935833
0.0955347908160254	0.172986957147568
-0.18581782328956	0.363635786047639
-0.535518980274995	1.59110233882405
-0.369080128185395	0.870111450014568
0.0549423458845365	0.0727515356031409
-0.174917114197353	0.235091560030857
-0.391831395154221	0.895307227319109
0.106399038628883	0.182329030600992
-0.0561392504075413	0.0842278801585601
-0.0521940856255853	0.0750226709590262
-0.142792653530701	0.217494720638298
-0.316909803974607	0.518547298587969
-0.171818006947795	0.273222685278998
0.37920976722424	0.866343175385054
0.171134320750276	0.246792029187052
0.122627638666267	0.170289447731405
0.217356555179365	0.32430430664605
-0.191685216079836	0.28832967586551
0.162477711857736	0.24651327142161
-0.347370656422748	0.689536662046706
-0.0113310467990139	0.0146701420084838
0.0804131965291113	0.112885444580441
0.239658434345888	0.461596579092459
0.0459908229650014	0.0643456201864636
0.111949377118601	0.183055286381056
0.433095682594856	1.03453656733695
-0.416352168584295	0.971770817368047
0.0161852445071037	0.0229060993239151
0.0178370950626109	0.0245425742391487
0.196069245010815	0.360019516793521
-0.0242932960118699	0.0314578560277351
-0.10612513580265	0.175771128635134
0.0173050041168237	0.0223881421235123
-0.0386001030002364	0.0494895934159961
-0.315621096015232	0.510916830305327
-0.0181401861163109	0.0231652267157437
0.209192680624262	0.350304210082906
-0.0291272144141004	0.0362768375040579
0.261861556862335	0.332077226660714
0.520640416627667	0.862917965781659
0.369790220516954	0.730126388603188
0.101044115920931	0.156734032638667
0.0374516786208001	0.0399944815289208
0.0941401913595578	0.0851350987761287
0.137007056428268	0.164207781660942
-0.303458555884222	0.44471472419225
0.690141685514726	1.2983784780262
0.332403103217225	0.511947750995056
0.180183477414873	0.295263889098733
-0.401874993944977	0.82823082545549
-0.390302370991525	0.759095852827965
-0.206661878864557	0.350614018765774
0.259500677337292	0.465863895087055
-0.028784383795924	0.0427598328225804
0.202262613615605	0.394714934522158
0.274598200679512	0.548864383576505
0.462299936316151	0.999116051249676
0.686638252793832	1.64332564003577
0.221441204698642	0.362538672960928
0.536562298210271	1.28015062867017
-0.116575849413194	0.182048675167559
0.348170904928643	0.713349489315313
0.206648731795029	0.438528910866131
0.187370934733382	0.402835504040462
0.0272150422276572	0.0443473689297423
-0.0145362542599512	0.0253173403531274
0.0457329563182514	0.0816657675914546
0.168343905456236	0.263705396675422
0.0271166227119734	0.0455364038870035
-0.329641151515967	0.902337433419866
0.140602343926999	0.298853390269498
-0.00154558615502957	0.00254308412969407
-0.247601556024187	0.599059937254839
0.275673333912531	0.68348485647536
0.0662779474829081	0.127390023375336
-0.256398758373109	0.57314797229175
-0.0656639839430639	0.120827587626795
0.207485138082609	0.459406863400654
-0.163840293455066	0.317563528617622
0.0210628399032719	0.0329894437315026
0.216362584971978	0.425898266158953
0.127488280207615	0.23435042039663
-0.479001448045635	1.28324174444464
0.152820985990185	0.293313628456201
-0.237056807412159	0.502071681467805
0.0222080799353437	0.0348169733672153
-0.410402637751809	1.12209804467028
-0.0647072349439621	0.0843532164974644
-0.0779307556824015	0.100068440568784
0.276960017573143	0.568851491612775
-0.180844568114792	0.35586514227872
-0.387136033943592	0.901066744573364
0.190328731508972	0.331015233011577
-0.00555030042877925	0.00692012930466735
-0.0897504166068993	0.123702801728087
0.120843242244194	0.180067103680833
0.00621084944559646	0.00829402057013313
0.700654787043737	1.76198125617537
0.35515432532021	0.620928317806593
0.170336172859415	0.294329533475917
-0.013617995514099	0.01713798077211
0.080904955967662	0.107441079868953
-0.11965279752717	0.14417062148722
0.163103003900585	0.237262306553986
-0.414252620991951	0.959616700719289
0.463790463905436	1.12836134578066
-0.0369719482166821	0.0493911061896603
0.246399636615641	0.444126443722637
-0.0960173294565235	0.151785224088227
0.639141179612099	2.00267944642525
-0.0829785241824435	0.139815188645842
0.0329052511286355	0.0479820652518356
0.434365140349024	1.07581741658037
-0.0167424543446206	0.0253785299084059
0.347600593064645	0.805407552452203
0.0516429370569317	0.0725570430376317
0.0320531220160239	0.0482765977515868
-0.1260335930918	0.221001957208499
0.105550429627249	0.15578643635994
0.0327334083085902	0.0438105557109395
-0.03870122262958	0.0450971827363394
0.0963186363376732	0.121656717589637
0.303938791073538	0.485114892130532
0.106941605022722	0.132397519629255
-0.0288081857504046	0.0285162791041141
0.0119644427661261	0.0105925660149643
0.483216269185111	0.745938351750138
0.0634037880795844	0.0875471193997355
0.114760974589078	0.196759223091477
0.651381647980661	1.96574964691087
0.324180761072771	0.644375491639895
0.530397969827216	0.799689695818412
0.204327196541772	0.28445319068123
0.368240805725538	0.696564047326486
-0.425573913181636	0.748154085788065
0.281828329140642	0.527288755134532
0.142249066977994	0.224867134281866
-0.0255623116313903	0.0374417545906044
0.147095513532458	0.2482541259258
0.0514912217643801	0.0660018867707619
0.0455939153696049	0.0619389205600601
0.00839602451605939	0.0122849356374799
-0.0341550529196602	0.0487902938211151
-0.123249288576026	0.210068752675762
-0.0656884795222412	0.0957316468028455
0.421731133774326	0.940266397039929
0.117769741094469	0.193906324599806
-0.151506092680496	0.25595961151193
0.080096485193785	0.131113800462262
0.195280383207178	0.361428856081661
0.956921106823421	4.53221026675212
0.282072298449559	0.775460720811358
0.179989084854801	0.40812787681769
0.125989962581236	0.258042676006162
-0.0661129527293665	0.128147826293678
0.171554092696543	0.296634717777171
0.0368951269907298	0.0618048786767235
0.0434140610784987	0.0815112340241165
0.212843116010905	0.57639652820908
0.0736188811105816	0.149033225158111
0.362237551088307	1.03004929137876
0.1318915933395	0.280893183070307
0.0568037564754094	0.108865416005656
-0.225739219378243	0.513369533675621
0.160587969905669	0.336231609503979
0.0450617051701771	0.0816749723929231
0.140390430864366	0.279387264833586
0.207856246111713	0.469219973748447
-0.217430529115973	0.463414319197059
-0.459497155727486	1.30655683038103
0.344395788440436	0.872977003714198
-0.2024269541446	0.42800759447101
0.403581693083628	1.17968483186319
-0.0964397159182138	0.171615308473708
-0.0775547470775646	0.131748855305977
-0.174665479928089	0.268240415701446
0.305861174036037	0.524581146372504
-0.296407868264125	0.65891081532703
-0.250251368162616	0.577188347775171
0.0562575553935847	0.090437668931074
0.0106885040621422	0.0148872754214484
0.164792311219068	0.300523564907195
0.204128020242366	0.312189380120865
0.124506386455165	0.194916079987701
0.114376687547363	0.188594177126496
0.536431579171429	1.40822350264629
-0.00884219288774483	0.0114903849071001
0.378558214431472	0.615857063527479
0.249205458158416	0.422021311527654
-0.586963344688145	1.55555900284711
0.0267949399684538	0.0357861342734791
0.142657759447086	0.262351547990438
-0.1629982396903	0.271511374664364
-0.119781133744699	0.219997243651584
0.00210269730017564	0.00284908439716226
0.175740008536252	0.349686208289393
-0.0821391313286342	0.129950804306636
0.373773069910501	0.918420935316544
0.21743860543572	0.434403815293236
0.371810636371319	0.842551159807749
-0.0887602951948084	0.13640888151816
-0.0391787484268135	0.0607002880561505
-0.152060618467315	0.28169917611204
0.333780218625844	0.748056047057742
-0.0201473847314585	0.0254779430105368
0.184331846224198	0.273008739000252
0.13099570236029	0.194312919205888
0.578987160233798	1.16813056939152
0.0580024645041944	0.0697728804495764
0.263734947472927	0.382984717169442
0.175673335399307	0.192314620293349
-0.617407803912078	0.956418500709799
0.304596278929803	0.431079349890778
0.50355945658361	1.20197607788936
0.292308995067843	0.623367332822002
0.180783573473896	0.3313889532129
0.367925563208848	0.879296063846573
0.193064375572995	0.374215080418218
0.226724299748487	0.460635055796921
0.247179036624789	0.359174904978145
-0.141603222783225	0.196617427557633
0.606196900220171	1.23399218249001
0.194434186798915	0.286928557047722
0.24524668843966	0.453177022874411
-0.0202201980951361	0.0283289119169963
-0.193761496254367	0.350507356945055
0.0461825481708859	0.0677890741882736
0.108668098760719	0.181701382071605
-0.304833220396947	0.684760641270346
0.280976987720559	0.631354685018673
0.545767215692625	1.55030506462447
0.0827546225615738	0.138068737005191
0.687526908372485	1.75872668246948
0.61215266129573	1.6415196719159
0.792258610771358	2.36472444138896
0.401283311114634	0.985617864154704
0.289557130633125	0.631088549843149
0.0459340592684986	0.0758418950289176
0.166708596052687	0.377866180559238
0.427425033006096	1.39256620697678
0.395109479663362	1.20876610696123
0.243162242691312	0.642831565673906
0.246071386196155	0.481435968048487
-0.287512622235939	0.802994230552421
0.163859104242096	0.377764825973801
0.147803649956298	0.316156875391067
0.357471620162691	1.13735881920277
-0.186383827985101	0.399206793689253
0.113717333845444	0.216538627260716
0.164434452142266	0.373451491838477
0.0997972776481036	0.180628788203882
-0.183602346151232	0.398544404425742
-0.0994606214731657	0.18803160507406
0.0572731495904871	0.0968606221490324
-0.300097923799119	0.736689183099094
0.106184869616412	0.176905226393386
-0.483840180052617	1.28337393639007
-0.0591671464901787	0.0964889712664561
0.185478300899571	0.385500680151577
0.106100229688667	0.183835713362614
0.073945137882311	0.127919329373354
-0.445693151651627	1.21520062700418
0.112864543696452	0.159083875535326
0.470898073368511	0.892760236511215
0.0885036038823287	0.142272811775762
0.0955855298564774	0.154868952730088
-0.294164219392578	0.646782400219231
-0.101651266133974	0.158880850292202
0.174274827793373	0.284594617827621
0.176956129100628	0.252329130274303
-0.377765826975989	0.788555236586291
0.21294221159198	0.391725916053051
0.186669653352587	0.277631422338497
0.270391965420024	0.486319307140343
0.00164719812174231	0.00180412964954992
-0.0558738585389345	0.0705408202242922
0.0390102412140508	0.0553279914899889
0.34611391078654	0.671618639881103
0.228475741376817	0.407051536179668
0.0307382529585286	0.042766656257801
-0.454281680343657	1.10421284621327
-0.058953495651795	0.0841425621327624
0.18208943515268	0.350123525550771
0.0292801758393595	0.0383364586654871
-0.2441895599771	0.434929409434349
0.364011805805576	0.859625483210172
0.0900971028819628	0.138588081140769
0.366009270405122	0.773540028567655
0.264210947721403	0.507697128302971
0.345649240780658	0.794485147833193
0.337552354858903	0.654132602195708
0.0928632479344383	0.130544763764
0.358613529001082	0.504728437181061
-0.291350158356235	0.379649813541411
0.574445594926409	0.884244545171322
0.33941894043026	0.365570943379449
-0.190762052768903	0.200467698557064
0.557441918024997	0.939248099130267
0.244200172240015	0.357215494424119
0.399359711420901	0.779442202886777
0.137498358457593	0.192980133208425
0.355650932964101	0.712669333064837
0.425548475460932	1.08329246430774
0.299626650691812	0.600276109541455
0.501357524723684	0.897251227929891
0.371362198213017	0.653579042800682
0.489041709342449	0.851801422895008
-0.174364236280787	0.292621236549786
0.0851820932646403	0.127944746912079
-0.00774814559549863	0.0101871386377523
0.401565493648234	0.843291700152598
0.175946592613334	0.279820516668519
0.00644115784773498	0.0091232959621058
-0.049772917450945	0.0718386922569988
-0.0927583172617622	0.140774505665952
0.13741232570719	0.229546926587609
0.159213234322034	0.243959382903093
0.572363787275235	1.53454756094359
0.215816585794148	0.441351405819884
-0.0987452608279281	0.165723613014854
-0.0296972674412192	0.0434689582880223
0.309415622910564	0.757036589969201
0.357802291241989	1.01790656005928
0.545317117776746	2.08994426774956
0.604691237961396	2.45403557755417
0.301352843415794	0.84127661592392
0.346159285640978	0.781244483278621
-0.074049753449998	0.138011595533812
0.17377752335325	0.405546957806642
0.131762867821756	0.274984172268013
-0.017461744608361	0.0318575859037664
0.401497490944308	1.20497567030944
0.0699284908813947	0.126879611234704
-0.110412375177308	0.218013431587518
0.131848659922593	0.234585366246081
-0.119510528665127	0.216652956671053
-0.128400282862747	0.255170336218502
-0.0945564667813315	0.164015764706394
-0.207952420929384	0.443240698118743
0.14186853886187	0.252962725935296
0.245055779308271	0.489274935162787
-0.00672496140177694	0.0101376568603703
0.0284255393832502	0.0463249599388257
-0.0946941922161701	0.164216501194662
0.202232345542243	0.42276287028591
0.101982257937926	0.168311465126569
0.389904293049196	0.717493298005997
0.176929697097932	0.250683132703899
-0.269184792402994	0.532673937063347
0.0684225146750105	0.11189765608592
0.487491126382487	1.36762927408957
-0.0384287840675416	0.0500820122227703
-0.0565751767601676	0.0750800917532167
0.148243360158776	0.192502831632822
-0.745640708061268	1.97421266297743
0.0173966310245179	0.02391393116017
0.250852871764181	0.402908074763091
0.153917372627961	0.226787424457207
-0.223006330993509	0.302708535924928
0.143137414855692	0.199336814346618
-0.0227324248468084	0.0284450545538588
0.0427870273145973	0.0618234832783816
0.0668454605718567	0.0968840383413105
0.182219950450405	0.335651389327385
-0.379330107523909	0.770138165638118
0.276638137020472	0.55638931574517
0.261979695774217	0.510990621722805
-0.0209874153633847	0.0293081468056629
0.176772437695291	0.278106783341231
0.190769015783394	0.357126416419137
-0.255372852169173	0.534304704346307
0.036715901780482	0.0471132742021084
0.185073016972892	0.269329597679304
0.0377714375652665	0.0425801708430285
0.203472933416299	0.311897929783595
0.338027519881482	0.551432407854479
0.322881238523919	0.429141104741873
0.407448291992323	0.618170153669592
0.154654831510813	0.16961876758005
-0.205422064144992	0.179561791138753
0.58004222875823	0.811539302516273
0.434635049342881	0.645328182248777
0.197655303011363	0.27302022877229
0.108045156268266	0.161391967327876
0.301484527919086	0.561908371837908
0.39796279795536	0.87696682728244
0.728942292428864	2.05808957428273
-0.0484813990090591	0.0519283105010571
0.381439813975162	0.771173088579961
0.302742333077696	0.609192055336358
0.428623111550651	0.862331739875409
0.41938480205454	0.81772461482715
0.0650416449885118	0.0951913407494184
-0.0484109705171301	0.0630567110473927
-0.262624349667928	0.484336764038022
0.471453320094627	1.05840324650819
0.431119147007258	0.873812964391707
0.712860647485685	2.06168873483363
0.0153357520660531	0.0200777661188816
0.648905015423793	2.05777080162298
0.344185579334965	0.840895592570457
0.371858068397225	0.953510568600041
0.555424529521634	2.06031505603744
0.265453595360902	0.703294994864982
0.716793574154438	3.23343804045887
0.186439175112471	0.468092333954152
0.0718531242347982	0.105315790601112
0.306657764351474	0.835744064446546
0.303198925802026	0.861898867200134
0.309869866902804	0.886119700843245
0.23586281978664	0.6692930210981
0.0588350164842355	0.10921971430127
-0.0930140981971818	0.177786630243262
-0.0496030812715515	0.088164035245732
-0.113870168213928	0.204920013438717
-0.330601329047911	0.836609712371942
0.257934908204605	0.635371942056962
0.335867889685446	0.847367305712289
-0.0695845723990262	0.12277166010463
-0.349536038646357	0.770185952722134
0.00915618727995134	0.0130504820511535
-0.135547719746598	0.22688155309799
-0.415847655757267	1.18597604954796
0.125980218483498	0.229925123325624
0.0648042415591787	0.107380616605228
0.199322565954048	0.397061067581008
-0.476054752799895	0.830199559195802
-0.290468083039476	0.442953103433146
-0.205780691318689	0.3608017547165
-0.395119247377576	0.87107295283044
0.158112085501796	0.293043656189184
0.298054836219957	0.609746711697127
0.415465168053956	0.89587182285625
-0.0484636290962599	0.0577080771918706
0.235499400211854	0.368477155163375
-0.115311882209765	0.173633419994453
-0.197598750440325	0.272339425210824
0.474474689495163	1.00511613755049
0.111635189059877	0.152117782948065
-0.0474056699153736	0.0546033428997725
-0.0432262494544334	0.0495025198283142
-0.0000526064569306529	0.0000327345283232725
0.191605621552302	0.305632429037266
0.00948584517344063	0.0127998169158005
-0.513428174707726	1.3176688640365
-0.055304674875678	0.0877269475251249
0.0227851052846523	0.0320274973986912
0.455670951686733	1.07251774211625
0.204409232472447	0.35704945840856
0.259869685602515	0.497128282098313
-0.248192935916355	0.429984386986966
0.490958047428349	1.24612138301214
0.1312542471493	0.217138995299309
0.124047214267104	0.172229514202073
-0.569807038558218	1.21997462235296
0.0728099929826803	0.0889240369290843
0.439992794298806	0.684719418693569
0.498774226807494	0.608899667503586
0.392232380311954	0.417394192524221
0.72942162644805	1.18477391262791
0.406387245752092	0.583385277358963
0.322219421894484	0.575444666330747
0.231750589303331	0.337211396512658
0.23145531432322	0.41911120329323
0.322654949508366	0.555280282673414
0.330708021280296	0.702769881762869
0.229622851191805	0.45852558403354
0.291070440625803	0.555247674627686
0.193968574011481	0.33738891654451
0.283537820846504	0.522866821562783
0.370695889147678	0.85307951939331
0.728006671200114	2.42551219266606
0.141516472388949	0.279993948357708
0.636082792682235	2.12388816297764
0.36791380002449	1.02997687882864
0.798028208967116	4.2107162088934
0.378173056233014	1.317059583006
0.578506264130963	2.60387294588794
0.347097107714234	1.16486664185493
0.076356632888291	0.113917121367534
0.0364976637655218	0.0658104754015424
0.205278308913074	0.543408662908246
-0.0330483850647908	0.0645768379290163
0.285628512251234	0.863476485479022
0.118465180760346	0.244765475879392
-0.271868113013113	0.715135128965313
0.21539065709361	0.545108965482675
-0.032734139673367	0.0560007494684394
0.166168394117521	0.359188521204967
0.292161633370736	0.786114182371593
0.15059509222631	0.298265627240637
0.0508844524120219	0.0860630063828506
-0.0678905475374984	0.11080159865954
0.0150089739024682	0.023230905259306
0.1956002888429	0.383865115720047
-0.332823430635242	0.846022661094253
-0.0724955822133382	0.121535775263919
-0.144666252696948	0.270663448767883
-0.259715413911712	0.547405381185966
0.111079262988602	0.146176084305525
0.174923930839419	0.256908601200602
-0.224184708109413	0.388211489098871
0.11364229280845	0.207146113661203
-0.143019589338905	0.259103144340524
0.323939414936276	0.698074894922155
-0.145087750007823	0.240053001368097
0.0627987346060268	0.0790796155004495
0.0393823859218395	0.0548611673574937
0.401775341994878	0.903141823033072
-0.1082093446567	0.12199671064118
0.273353997531662	0.47323672740483
0.307253160369813	0.642796292181632
0.421053897757621	0.968234419212306
0.26557024864789	0.519243564917665
0.222883695965257	0.397952892649496
0.309085695337637	0.63701415348447
0.212044463369292	0.376961415750275
-0.00445427330689783	0.00580145455293919
0.390838599466837	0.895978499884124
-0.0032817756327152	0.00450288681276512
-0.398216200168523	0.867694431045941
-0.0355452831748499	0.0508603254632144
0.778607048148723	2.41627289049325
0.162431956650818	0.270884416729492
-0.0698074971962485	0.0979533897700273
0.34675970617645	0.569303210281673
0.137735607531522	0.130270796851651
0.25171855248748	0.277931290134497
0.206980032268776	0.235509538645172
0.466781691669199	1.05500056064122
0.366990102133741	0.683533502753463
0.308552129570007	0.613725318136063
0.412762885613254	0.770027387210449
0.324392109714422	0.511198941927067
0.671187360578124	1.38206704874824
0.251375165835739	0.332996826957869
0.502141430097533	1.17741272519483
1.23463499048962	5.34898941546697
0.643647843032319	2.12232670105242
0.374593738546645	1.06406249192164
0.711444340411103	2.9961386759814
0.596675789836786	2.11425425646828
0.469728226122205	1.76842982650032
0.48393082451446	1.99701890829018
0.586749914936412	2.60509832624056
0.557623462231175	2.53828660423611
0.706117471867449	3.44377979939859
0.256804725926027	0.543570823711992
0.20632474919808	0.530637388512002
0.33592150395569	1.15022726927434
0.0405301726771464	0.0808811500938504
0.21759331759223	0.623937614364771
0.266569035019856	0.758522449005712
0.246235875824538	0.618628689557399
0.283469761732051	0.781315298877189
-0.0182987595096154	0.0284038891855615
0.181501073824225	0.421538033683167
0.0142340872326965	0.0213719726273698
-0.0368317570870906	0.0600818430114133
0.0488818082587267	0.0780672285840761
-0.0565056041938035	0.0927552139675045
-0.0489664997716352	0.0842477142113217
-0.215755904564494	0.474152901570179
-0.0952908204646591	0.179837340440186
-0.0290167312695149	0.0484333998799542
-0.105639854195736	0.15174664933891
-0.218262793792651	0.321844552221517
-0.352474681384743	0.775155055051293
0.0378891845224086	0.0592094220977066
0.194684557235584	0.389679577366775
0.189796077120572	0.338874500105325
0.198471114689183	0.346070477236499
-0.275308826012255	0.465664741327838
-0.117141769862653	0.18000415290739
0.0138984251405762	0.0188882848660363
0.443248017099927	0.844610736500977
0.349770915145932	0.84488816783892
0.178083456835104	0.28318672896472
0.373737363310324	0.826595909148717
0.498017307202351	1.23932274001668
0.388253970808731	0.83412586513358
0.0105932288394773	0.0147429953176434
-0.0158470178601233	0.0218445349789611
0.345084622029559	0.68295107681158
0.449966554586037	0.8696960656607
0.192294665306044	0.286608238975694
0.340990892278507	0.463083449397826
-0.0941104872837316	0.0909172604254621
1.02657050697619	1.59420245782502
0.378999844426012	0.501608719423031
0.176540581626106	0.216655634488419
0.261344961215439	0.370361974118115
0.492662584114327	0.910378475312331
0.252485329254602	0.411681538112973
0.294079978181387	0.64344857031836
0.303622161749392	0.599688657607462
-0.247842369740898	0.444421523517983
0.563602934680766	1.70829998674458
0.493843094104729	1.65480507669732
0.519948713094214	1.7968588415612
0.73982789140806	3.35941186141134
0.642174895734662	3.33806713412756
0.488008624393597	1.63016882156761
0.501935225805458	2.2022064718744
0.422585095241221	1.71321259011586
0.0372488148385448	0.077743082681628
0.0238824817165321	0.0480370154808097
0.203703853943694	0.539503215924133
0.0990147504179983	0.211288634069741
0.235953039748138	0.650266822887959
0.25375881931311	0.609965831747788
0.217623861177726	0.529525518778742
0.043852259400969	0.0696519582102908
0.0229416589501211	0.0377689703004021
0.0536984756231942	0.0961625154877968
-0.00701109122356534	0.0111214989839003
-0.0675784955546462	0.1231657522587
0.0993011150983217	0.1501618344872
-0.0560959052306357	0.0582917238832367
-0.163955448448321	0.325091164668389
-0.256208315016021	0.575328107682998
-0.35089301805531	0.829864717148092
0.22398914130823	0.423031445865328
0.141299439847977	0.231998615202062
-0.286820145323012	0.502335394434265
0.0168870000327761	0.0216440785804978
0.516219181840865	1.18270016408075
0.113400660803237	0.18500978841856
0.355115262959223	0.840821530701993
0.1808971640341	0.332963183596289
0.20264028620868	0.362847492085167
0.231879053634754	0.421591887785439
0.114947543533448	0.194565333876794
0.633730323082494	1.4906067158667
0.221037640626874	0.314634599906032
0.212005535406949	0.240892357466008
0.111642171888494	0.117209287869515
0.629161694902291	0.965623409786
0.355491112816406	0.546337017779633
0.346023284042754	0.655282077910768
0.420166997230596	0.928220142036996
0.263384459456087	0.550695684034158
0.32149043675932	0.747758000717712
0.268321703270114	0.570174359189003
-0.0022893944180348	0.00314851876626788
0.556404124402259	1.898465552606
0.656934282403075	2.54585315797288
0.434408015290153	1.90645280003396
0.178869838885971	0.41333921008525
0.667702688968548	3.6354539894972
0.184443404731819	0.515138001321448
0.48739728611003	2.32888033348338
0.25832297113477	0.820509856930322
0.0417998082146686	0.0816764405899935
0.0705558690593543	0.147061834241431
0.202901892261835	0.487464651736516
0.0113361041362221	0.017584793021514
0.154444394310339	0.315226424096807
0.152874714310695	0.296672331607527
-0.0830788856248867	0.127025911983201
0.28663623189599	0.519339872343814
-0.121353604164311	0.230970557391251
-0.122192614670585	0.214178405999126
-0.0897400472201405	0.153906048301074
0.476197943747394	1.04956250837559
-0.138861773063449	0.236041126938494
-0.031278036103062	0.0386967407870374
0.203997483794255	0.35833427459712
0.18920552669126	0.320584754936152
0.0606493767221398	0.0885975642931543
0.0855498168916691	0.124618267244349
0.190510734003757	0.331335918684002
0.226613591787999	0.457018101825359
0.106383942463348	0.172927585499588
0.378167050191883	0.966007754206426
0.136492590011402	0.23590109997291
0.0989006862456136	0.150075060464802
0.368882583726331	0.662142892724796
0.526665631461946	0.940060382914476
0.103699282431044	0.112617786765055
0.385537858847783	0.447057916513367
0.359694329336338	0.797711110631076
0.285712521665639	0.512796145434641
0.00179437670123623	0.00259580962912265
0.0463589453000493	0.0739004518419043
0.241464571048048	0.471548087807669
0.111647285283905	0.16734917436988
0.520001345595843	1.72121178785608
0.416572620172087	1.64478139195494
0.404767781033161	1.59997861831707
0.0270116783159464	0.0557895138886897
0.262035196769002	0.830266026078855
0.00397620159336206	0.00719789057536641
0.211461810023358	0.497391927182256
0.21600648946331	0.282084341369883
0.0736906933134707	0.0869350000355717
-0.131418919616733	0.211194270420182
-0.0281099848638546	0.0415085167828859
0.338294511574544	0.723105091423536
-0.0248717092005942	0.0321603335702814
-0.220121353708249	0.360253576126172
0.318175950584495	0.516649709997174
0.135343622693103	0.213115535728156
0.360252289443823	0.753790980909036
0.111163923704663	0.174871972416076
0.23856202980351	0.445562597644033
0.182184340047017	0.309448637248358
0.458043637138552	1.01642247957535
0.158548839629169	0.242202469676653
-0.502050732251776	0.924747950628461
-0.106140711774742	0.115830476655562
0.393035621148448	0.503943651800831
0.144071776857977	0.142208004777084
0.111517791354203	0.162501709768999
0.283412166447383	0.576709938123504
0.564884077656458	1.61563871698858
0.0364760757065171	0.0476021150058794
0.109634767706315	0.163872675968393
0.600700983572367	2.38438682925985
0.417209830667952	1.89094039728988
0.487756928899977	2.36544879824132
0.41015466717517	1.76476648443745
0.034391693324473	0.0721580492021596
0.0960630406539918	0.225426693293739
0.146184536450523	0.221216543353318
0.410747342830661	0.758715362734561
0.00120727610785751	0.00183991492679597
0.158771616395202	0.319832512824413
0.210487314443801	0.407280533776422
0.0141871804136552	0.0201540293225223
0.0684753316973681	0.101702314098477
0.00431606905336769	0.00485977499547517
0.0242359279373153	0.0348665945783077
0.0674846162024104	0.108819882106714
0.0993604247830322	0.142185938541882
0.338012819661561	0.600087453476922
0.22098593743237	0.34450964959913
0.374095053991329	0.642549652737789
0.560447234298991	1.12017760088177
0.145395936290403	0.244594615325744
-0.130131683221592	0.221876901504498
-0.103450252022473	0.179722780448269
0.0517298199212585	0.0796596412574044
0.283818262045233	0.58216154717695
0.56968220715874	2.66495284332583
0.576494129095974	3.28899329153372
0.231681996194546	0.811662212109278
0.179144925812016	0.549819493144263
0.184785728097733	0.521468317446781
-0.0395225856098948	0.0757519119683725
0.189956077682157	0.318171476171375
0.027700127579553	0.0345685507455637
-0.207704465555618	0.411647396380744
-0.157513420686334	0.28759258020307
-0.097030181370772	0.166160596623891
0.0332227007494725	0.041332098766419
0.249400886364112	0.4326927970516
0.0142015116842925	0.0173760423890485
0.0607831052229268	0.0672578622076144
0.0794777605507462	0.0920051101796111
-0.0260073366790036	0.0246044281622256
0.601549801586807	0.972787744727631
0.0991269384850814	0.156128860922469
-0.00747597580623598	0.0109088742787299
0.0939174331541603	0.155094810351451
0.175400667133565	0.32866785135834
0.30612874562175	0.537314562765996
0.48068077897097	2.70594657291451
0.435025554866409	2.43749567242208
0.4350446467479	0.694462552022114
0.532038686233406	1.05107744157022
0.157516385905372	0.270737428205109
-0.18177940263547	0.336710430690364
-0.322811982744773	0.653393304695138
-0.133383091032456	0.208152575908112
0.031256229824814	0.0307768693412553
0.273332494668511	0.417313975057803
-0.132298323523972	0.202034398378635
-0.0109945295595357	0.0124783921639385
-0.730937300676558	1.56648080297726
0.202866221979067	0.23121473781277
0.00797206614500039	0.00701439059852676
0.201902672279347	0.197242145145056
0.353986417182896	0.334566952975716
0.0197997738432101	0.0160076138543002
0.497215089288436	0.543525113800336
-0.278764604217639	0.282274723834468
-0.0892312771615267	0.077152290594177
0.736271912625959	1.61314114685178
0.302370654597223	0.396871941623048
0.103983691209258	0.101954489822974
0.0296046498550503	0.0251201384227703
0.383165736282316	0.516436924585937
0.487313026238674	0.687736823846682
0.152562274643678	0.16019774504986
0.397203622236139	0.495332709255181
0.0615330388998335	0.0557597744007174
0.321595821558988	0.341460676258837
-0.0665495597911118	0.0551031719622368
0.198416990248148	0.210297435314035
0.0825116012905002	0.0844711889841254
0.0624929950180161	0.0662937901036309
0.156424351790712	0.167024630734496
0.361335834128015	0.514688362864558
0.198907031354878	0.254588655930684
-0.374362409123066	0.508813397757224
-0.0042799160671779	0.00519219220627222
0.468940094325497	0.766719592504667
0.0768249167810762	0.0785793896774815
0.0933316004694676	0.0986328655494576
0.296888891317751	0.367275162208142
-0.0328587183301533	0.030164205581732
0.379487032007513	0.64574173511805
-0.0503470035127665	0.0555569728391077
0.117815736716922	0.141756361626633
-0.149786079865907	0.162619351853092
0.205240650378477	0.287750794945713
0.499775865697648	0.851997880704037
-0.186799054313188	0.212678828534982
0.216018144550335	0.287513807968222
0.328655459173008	0.532661363944442
0.0860899686488907	0.108291541580006
0.249001483371644	0.326727978976178
0.363189136316134	0.671591458545093
0.22555572672478	0.352897770697573
0.239729145980521	0.371341755964669
0.192749391826016	0.296018993566218
0.188154511813588	0.256193309242884
-0.045143990764174	0.0624074344380057
-0.325722806389824	0.561277249885297
0.102395933607009	0.122866752479615
0.291996587961304	0.520554374909446
-0.0519592728423063	0.0666464747324824
0.529029673587691	1.35802748820734
0.252277055238999	0.414565685368342
0.350998895940161	0.613997888982492
-0.226597502147466	0.408514753603453
0.638410539437001	1.53593628407883
-0.0363163326318803	0.0399158571053082
0.443013584199211	0.786040899976312
0.525684619709613	1.24485613423988
0.256012983121882	0.49500872419125
0.34687596193315	0.702273533262012
0.309922454849171	0.555587904333511
0.303611002298756	0.532276804129526
0.344376202535579	0.582019518387401
0.570323328177278	1.43713291516404
0.632464799711018	1.52935108941763
-0.235654156052927	0.384577526392279
0.816038392434207	2.28653384628924
0.566554577881985	1.19679889069509
0.693618012402623	1.71326895911073
0.444827079001238	0.948303267595299
-0.0697507225925704	0.096697990230591
0.242676784381314	0.37298360793411
0.0630825104035493	0.0970764514516256
0.140031100459075	0.222237682535686
0.247481450770992	0.452095909346912
0.541069712728664	1.21733982469674
0.392419887052367	0.897751359103161
0.373930017974963	0.742848935018829
0.559363719111376	1.34817791767692
0.274867011356032	0.475169072560107
0.419113794199256	0.873737348998491
0.258471233564288	0.47254591477172
0.0392102688294937	0.0482459640031137
0.00312441961023282	0.00604369768782884
0.200723152125388	0.636826252893695
0.70821997258333	1.11003348843528
0.0823277773217694	0.129071635648358
0.434886019457088	0.533181498283725
0.346685563425898	0.449333303557405
0.267454869405686	0.39563297185163
0.280880569318504	0.272027116876339
0.105524908839985	0.128937735831673
0.214490087556741	0.31863431758402
0.152471081868742	0.180496135381404
0.541606579244984	0.933529342843248
0.461105625863104	0.83351048533197
0.539073391208505	0.712598238825799
-0.503001427862292	1.00974585336231
-0.056805108892178	0.0691217283690888
0.50952788295801	0.833610403924215
0.30432122027524	0.46409364996114
0.175186477179328	0.267410541903591
0.326078827033574	0.683144922739954
0.357511118385961	0.491812793263392
0.221971935177468	0.303704241671287
0.171229674413862	0.194188101135877
0.266508193283414	0.400361913007196
0.0423680108941696	0.05387583399197
0.528403406109585	0.619760373136474
0.023960309418439	0.0248857354078816
0.0138447404328852	0.0147274228392465
0.557454860948911	0.954072129155653
0.192385389104725	0.230579094798233
0.139802269109802	0.211873902366113
0.268191955058464	0.532521516664409
0.684108947219768	1.4014340328982
0.0228162978901292	0.0196953870991774
-0.61933024079695	1.15106711998437
0.11817377722749	0.146607866812988
0.255790515988499	0.354608638919278
0.635440631039504	1.36721721011954
0.256389858973695	0.295186281223648
0.343661107966373	0.342935556467331
-0.153404424170218	0.174758138887009
-0.218391680970014	0.270593037600522
0.59030202183257	0.939871340324883
0.053474218212663	0.0471263308888317
0.146173391549118	0.208362758587317
0.481902713225955	1.02914858252416
0.302912489199652	0.432828302511775
0.406864504103363	0.64644750340941
0.620640833337802	0.920565844558855
0.65552176926384	1.42316515617531
0.414831310927925	0.426825503724929
0.234286111582538	0.303338490081271
0.569489522994964	1.14017627657044
0.385910622479051	0.580318984139933
0.584575464909446	1.03747780125547
