x	y
0.537089991522186	0.277797196905933
1.51302724317457	0.759033410677135
1.71606927524028	0.986106115842281
1.50771172902366	0.749902399904286
0.764135151573097	0.321977938256475
0.243069100827931	0.140860816193175
1.02785220605324	0.733532022703638
0.635979502785566	0.197062250716419
0.137032141529056	0.0340154215000109
2.06725536171229	0.934145999148106
3.90691358527684	1.70892238396585
1.00922757322318	0.488599866203619
0.763102092693751	0.33064391436923
0.440950664968483	0.356029289828606
0.471865965509997	0.172806906043131
0.088959810467476	0.0304843186744052
0.378172039184286	0.149516155076153
1.00048812097382	0.495380407759829
-1.16434110968712	0.363365772413315
-3.47643877535185	1.22917727838674
0.147987984739175	0.029487788401055
0.627151799075473	0.197765865607588
0.152245447049464	0.0306318775241434
-0.380367594676954	0.112271073947858
0.471865965509997	0.172806906043131
1.79214972351346	2.1824338056067
0.135268652968624	0.0337415284548862
0.64402635512289	0.402959280095297
1.71576747949087	0.960914121987758
1.9678346675076	0.511732460330704
1.00150175049334	0.485058460295064
0.98904387042186	0.383308399765478
0.630173248766104	0.20033713359998
0.152327357171114	0.0306528579659354
0.629529247752952	0.200512290479624
0.092972548516242	0.0319246139255238
-0.646340870593143	0.158210382440331
0.932074438006684	0.254855397135986
0.932219305847885	0.255045940262424
0.135664295395256	0.0338535377218378
0.632942498699066	0.204573630547874
1.51507397696503	0.757622394772607
1.42495176944544	0.478712624316164
0.932935430920093	0.249293404431222
-0.649198572750746	0.160589550786309
0.98381274759319	1.28473386136825
0.757151278671853	0.323114916793462
2.75497641146614	0.823010688280342
0.10936056423864	0.033114486226835
-0.277586355801153	0.0938635637286369
0.131290494216125	0.0326465906558689
0.152327357171114	0.0306528579659354
0.136634301514529	0.0339031274190082
1.42515113579646	0.479224019474994
0.629529247752952	0.200512290479624
3.62041138180281	1.38082183105415
3.25425807334707	1.10809939730812
1.9678346675076	0.511732460330704
1.96698416228038	0.513878740168628
0.136149928119394	0.0351567872193512
0.596207387448083	0.599311391154218
1.83387802556376	1.52676051233075
1.99191590564648	2.31599404414029
0.152245447049464	0.0306318775241434
0.935645912446661	0.250276438588965
2.75336006021198	0.827151283763158
0.380556019456798	0.154530039605557
0.153079928794189	0.0306572399262932
0.935645912446661	0.250276438588965
1.27232294617478	0.559198044107136
0.153079928794189	0.0306572399262932
-0.380619458655667	0.112288060445742
1.42495176944544	0.478712624316164
0.62992151264779	0.204453168240212
0.10936056423864	0.033114486226835
0.931358698699382	0.24984905088734
0.926182527031147	0.24500910617601
1.96698416228038	0.513878740168628
0.929749243691461	0.245405902764118
3.61966094524616	1.41748048290759
0.992743767800263	0.377718778765358
-0.383390015188303	0.115591315602105
1.78897729310624	0.70482093072839
0.136833251350974	0.0345715512867962
0.807448614093119	0.947523883919331
0.628746918983865	0.296692996016929
0.080900596600788	0.0638034575343457
3.91575336142439	1.62068862254365
-0.276634992473252	0.0950034649741594
-0.167277393637964	0.0697653288883947
0.472200667569945	0.173060458267072
0.10936056423864	0.033114486226835
0.111811029648854	0.0331921773436467
0.107182710922152	0.0311908988425992
-0.827897232566478	0.383105465219979
0.626395152196308	0.294156375567445
-0.158016404023967	0.0632926485339132
-0.206127415760455	0.0768615625911655
-0.379970928717917	0.112056766681959
-0.390064532421624	0.112940948480112
-0.778324834347448	0.281190595186386
0.0845969807298204	0.0323269644934412
-1.16913752538967	0.360776495986612
2.75416824794064	0.846257095565792
0.473922735013862	0.170958339585501
0.932074438006684	0.254855397135986
0.935645912446661	0.250276438588965
-0.649198572750746	0.160589550786309
0.115546074783433	0.0333598271945351
-0.0188492523567889	0.0138472831750133
0.204160014670256	0.205253472989957
0.397454814754524	0.432145171847001
0.582029515027426	0.386018725537418
0.742507354376169	0.832118537099003
-0.669903550745149	0.338718152465255
-2.3403640442744	1.25365925993279
0.109054653728321	0.0331112847711228
0.155741895962713	0.0307347607790292
-1.863603170234	0.783309473484698
-1.54640753065253	1.08489708260518
-1.3365447728307	0.628397908466271
-0.578759091655459	0.223118036692781
-0.773250188856655	0.27445305322462
0.538315574538522	0.276547476791009
0.112115552991114	0.033079903729336
0.328094292559825	0.147090058418055
0.934928213971668	0.250251965251752
0.137032141529056	0.0340154215000109
0.136634301514529	0.0339031274190082
-0.772950225831393	0.280195713927134
3.61966094524616	1.41748048290759
2.75497641146614	0.823010688280342
1.78592221990644	0.701623158362339
2.75336006021198	0.827151283763158
-0.772950225831393	0.280195713927134
0.136149928119394	0.0351567872193512
0.13912064242242	0.0351082493440485
0.632550471751291	0.19750558552597
0.623109079862364	0.193957169452223
-0.471533720881253	0.319781594528027
-0.266278611353757	0.253741757925379
-0.851614129667423	1.19988408156165
0.47122368832564	0.173644512897175
0.345652605069814	0.329962883364637
-1.54863953409435	0.561663214860531
-0.588721480228847	0.232740234507359
-0.64474353145812	0.160333287038353
-1.17446198647212	0.348021591667199
1.27934054012501	0.55104321324203
0.386342110200561	0.157858515534477
0.381331005634845	0.152173718727342
0.47122368832564	0.173644512897175
-1.08739744428154	0.458946386739459
0.385680147704266	0.158428137895593
0.130813125940555	0.0332147478146659
3.62214466542481	1.4280322022772
-0.644456791948872	0.160363538964562
0.935645912446661	0.250276438588965
-3.0899100396852	0.971451680411881
0.629529247752952	0.200512290479624
1.00013410151025	0.494713382692144
0.152997495098684	0.0306362187597192
0.538638734259801	0.276207805014844
0.0835429355056079	0.0319595750382102
-0.27334027114682	0.0931534889630348
-0.459031580298166	0.201338304715753
0.0830209772015569	0.0285037073284343
-0.419896268912356	0.303708256252612
-1.16201149491241	0.798977923266745
0.590476694363411	0.582507719794067
0.133657509230623	0.110135458377947
-0.776393338549579	0.816854838866286
-0.547768461404265	0.3660252670607
0.138910788491503	0.120899175369033
-0.0240039400911524	0.0140546727207855
0.0816206665438758	0.0348590425580261
0.572699661979036	0.37721832054632
0.932935430920093	0.249293404431222
-1.39391049376265	0.885082579680329
0.643738241872435	0.404925978426033
-1.55236030615962	0.574010823700963
0.0915901694383522	0.0307858923820438
0.465871682100978	0.17006053637181
0.263177774701364	0.141118071042203
0.758754472188363	0.328282494069353
-1.08263707855051	0.447197086935021
0.0821876873493343	0.0380736469896259
0.0903410662831007	0.0303774771681802
0.542595973157626	0.279029471185379
1.21145963222766	0.659559891826331
1.288466558239	1.10805391942438
1.50901362567531	0.77576208633945
0.988740938203036	0.377100744798547
0.931503049039329	0.250030129954956
-0.126861108039331	0.0571318488463327
0.0971736593829907	0.0610162833405521
-0.0971933865947808	0.0475684094160593
-0.658270495854172	0.477974153671374
0.226015023907026	0.168970511304692
0.547932506381227	0.475367592197075
1.16973406704942	1.36802733316722
0.376779040397768	0.251646543204627
-0.538825116391564	0.442663740024548
-0.947398715987893	0.955723841339069
-0.280954829402489	0.220932648615385
-0.123347628033253	0.0795493345068276
-1.29731989817513	1.83227407586049
-1.22683994002242	1.06311927633736
-1.53821989580345	2.16888977200838
0.633511405719145	0.394433664972118
0.228367907534985	0.177105345061956
-0.370632010578438	0.312625072088444
0.104479101622681	0.0585743799605516
0.661434707252271	0.508594445672966
0.636196341994187	0.404455320801665
0.082619003673613	0.0404685407042985
-0.264121625683338	0.183145270799858
0.396971832212042	0.252907590916688
0.354858054075463	0.251630397617896
0.0818933340006634	0.0372422278291465
0.402245802009234	0.254836148530843
0.531832038108119	0.374543381441767
-0.309574884409551	0.157181154766558
-0.471699585348232	0.273067769680669
0.626720490482918	0.375022730631919
-0.471365949641516	0.331573828109071
-0.264140262704958	0.143761451972906
-0.270194776021689	0.148855705236544
0.0878565365386864	0.0361173810609109
0.469212351301322	0.170475170397049
0.0830743276632063	0.0351730350414175
0.626425352977786	0.295771445848541
0.0813255671836881	0.0375412510810346
-0.126961062835744	0.0571419037338898
-0.0764164546579702	0.0398107641409467
0.0826725436955629	0.0283785494465171
0.0956102907578608	0.0313973355301647
0.107735276391963	0.0651618077241058
-0.630971242263114	0.609362199225159
0.52526078605059	0.468393526688287
0.0422615001559703	0.035160725533665
-0.417096680123262	0.408155590296829
-1.00346066889681	0.751136853329835
-0.701908310027832	0.693895746255991
0.46513095739466	0.457521901916231
-0.717521215415501	0.754765920704148
-0.198419152015166	0.161751290288896
0.118681545937326	0.0810096324639838
0.216930963634339	0.163765946091797
-0.110886850378494	0.0711212065222398
-0.120186571825931	0.0910970101126017
0.33127814468229	0.255090666374755
-1.00266399202327	1.16063312977156
0.44889289157424	0.361164629418695
0.140426346258206	0.117139936818137
-0.0563760007138909	0.0309924985133086
0.250484995227692	0.141407817629208
0.350781724122739	0.253555704583099
0.016383223294654	0.0108124013218198
0.00123226096228699	0.000698994994419571
0.430255905228401	0.258633344317115
-0.0311355246690307	0.0177114944871532
-0.22760010731664	0.131673973457811
0.482837108714549	0.268549510953759
0.427848020185321	0.247965108704279
0.127856965955433	0.08525918475595
0.0908181002557747	0.041447915574748
0.0805030028980118	0.0400539599073695
0.571220913474588	0.371909743746023
0.0832076686729771	0.0320934434977448
0.347058223383134	0.257896282410941
-0.128979486657563	0.0589411900861144
0.474538703131417	0.262123821064352
0.235300302705833	0.142091105061172
0.0991431298056824	0.0600029227704396
0.838504891714233	0.441480139695413
0.399600060299343	0.35846647917348
-0.775406306588073	0.707670381901083
-0.0211456593479779	0.0179890538774992
-0.310157321214955	0.301195270281735
0.104252126310696	0.0675721927273573
0.814893738503518	0.822734978810692
1.21015772938461	0.670435778329163
1.05054179055339	1.39895303845455
-0.127785468760646	0.0838654836130823
-0.133944396055389	0.112502865128657
1.46077434139485	1.65788079938213
0.134360048334687	0.111327310593989
0.21921633061868	0.18680724533441
0.742689416179841	0.826537767506463
0.926795641857029	0.703670332192311
0.319606524067736	0.257107446356913
0.646296242042602	0.601994868751747
0.0136270610952356	0.00876867241631789
0.0588894768452485	0.0439089691717984
0.329234046506476	0.261453861240626
0.812455214924822	0.964118486549746
0.337548867585252	0.243166893316512
1.50048147229445	1.45850128092058
0.893933751186573	1.01045853008097
0.740802904875031	0.849322075907907
0.770980741596526	0.669874787816055
0.81736921719218	0.98487055033338
0.112693402228921	0.0674245726866544
0.10281895535034	0.0567496931203329
-0.104900820696879	0.0693220476603519
0.103438877105316	0.0657470877260285
0.981481035921037	0.980107093693085
0.120357737428102	0.0842399264653098
0.766772687467053	0.321027945067643
0.835837859020543	0.443794023593376
0.329854182220289	0.145064137457334
2.57180012731053	2.46715242623643
0.783444868287109	0.536772271173411
0.238542296722228	0.134654494882743
1.20342880151716	0.660928280715983
0.274160314188562	0.142874127689193
0.83044260343183	0.687767827642283
0.22781145741412	0.172489664725502
0.226045282315612	0.155145379674211
0.0742658616227551	0.039492428532597
1.06919331974489	1.14393718400408
1.15805862839338	0.897531974071
0.769536314546834	0.98229773199564
-0.0644403596767864	0.0509018971480318
0.127700820997361	0.0936990367512134
0.57035503515741	0.636522258488817
0.223025599079654	0.184261207738569
-0.144889542638243	0.136232046397181
0.505097815950315	0.367079690324618
-0.546868123325768	0.371572665973419
-0.0397846494077566	0.0229250752756034
0.679455517080335	0.636420059200972
-0.683796097288878	0.563009626363312
-0.963332965279744	1.20014908774687
0.0257746706541851	0.0215686464408978
0.28606354140215	0.266314722819951
-0.0235877747863933	0.0173215373817369
0.220960579298091	0.18493021763304
0.377259323323628	0.358827412879071
0.495961378775119	0.503720684028265
-0.853290937063851	0.90965138077026
0.401882099868596	0.442448753356703
-1.24644099035835	1.70769886644958
0.524284690261359	0.476432826339035
0.410477530011202	0.415900634162758
0.613265196023349	0.670403659963915
0.47168801007706	0.46522461332089
0.401301066246229	0.432852724632541
0.507883776840491	0.471806909221083
0.68382633866935	0.787048822087138
-0.459420534269814	0.368743889091399
0.0682835220143975	0.0526584394999781
0.145719631988772	0.120212834459134
0.809335085606975	0.941444719160559
1.17775138539758	1.52347907899512
0.462375357116942	0.431354541908242
0.13664771788661	0.0990722063917083
0.325131750521623	0.265710574420438
0.489135561472323	0.3643432188783
0.0866123676530489	0.0327934613799244
0.98934828530534	0.37488411380459
0.108145347918198	0.0322624935588852
-0.13806710006999	0.0604493600986877
0.630161513028948	0.299741119212167
0.728639054958461	0.423402597857627
-0.222054577236319	0.124212278356676
-0.0729091373255675	0.0488258823520375
1.33161248448898	0.994643696700046
-0.135968466704426	0.0871112522958405
-0.383390015188303	0.115591315602105
0.702359322022361	0.816403791023384
0.614399319442032	0.500352799879782
-0.322305341500514	0.241531511234848
1.1863110921177	1.16294189131446
0.949234087670635	0.839070793936702
0.022510508002646	0.0141532355316207
-0.151623593635212	0.0947600945655284
0.403735286458236	0.439925306440186
0.633206242198446	0.691532145291718
-0.00435608498339158	0.00324977429311983
0.357700557097238	0.338101031636895
1.03487012202609	2.03016377055838
-0.326708569914163	0.276036853817463
-0.298019523119489	0.288986775142953
-0.433859651979599	0.452115424927839
-0.0964245935055824	0.0987338720200638
0.0630137342044395	0.0484346591834285
0.765092380190356	0.644870247704055
-0.222822557047256	0.157119879646333
0.0658790103481008	0.0486075927974204
0.7761905278839	0.775279899584143
0.324607063478221	0.263046823960674
0.435928777464695	0.445889935406243
0.276567591108805	0.264836883495849
0.688159361604654	0.879591454962666
0.359868390333096	0.350191268753359
0.222076684402075	0.17531830983445
-0.00427218751176531	0.00314741561357467
-0.0928709030482384	0.0807024397700813
0.208887782666351	0.198468549272691
0.272892668426456	0.260792441091798
0.278400154325617	0.272307768545756
0.205915858969663	0.170982838942701
0.607818044914403	0.662820158485967
0.864972718410575	1.31152048294726
0.372621486447928	0.350282415002228
0.342624826568785	0.253146817315048
0.666739049417583	0.688805858885849
0.12255932067601	0.0933691204278005
-0.217222052121607	0.173690628669995
0.305924497562581	0.263238141457743
0.33649408548803	0.349574453143627
0.475642140901613	0.541011449557499
-0.227977341848298	0.184008754691163
0.436925125649849	0.361960935181174
0.354714392664958	0.257302542547726
0.22764334756947	0.170178035188825
0.133181749250326	0.0979536547269636
0.078427090027134	0.0263770256471577
0.76218213137086	0.315374733043265
-0.122266542594101	0.0553052418645263
0.838832836602544	0.440942443718814
-1.34770357119396	0.617269152825025
0.834567547812617	0.678293806582667
0.781503282643582	0.537890287179584
-0.23467898045902	0.134778412627133
1.05358474852435	1.02183444664268
-0.11396098442101	0.0724183794560147
0.259125981857091	0.134405799388724
0.423685693458878	0.371342494335467
0.816852434386463	0.781742243815471
1.25371162400907	1.35234861077542
0.893162914558557	1.03804753630056
-0.541947812988981	0.459813502590601
0.618717321482944	0.502859998069125
1.71937327224751	0.972294140838422
0.647505633620031	0.503766773064597
-0.619804247829566	0.407737874941197
0.53369050735184	0.486547567832788
-0.0866394963403776	0.0586017860133716
0.867749422324812	1.32352937141365
-0.717350104813953	0.76707929170559
0.2131452073103	0.178676964994203
0.337022010003283	0.345447848642287
-0.222317176486167	0.179444429345019
0.200903793415199	0.203010485221879
-0.446553492454794	0.40409916107309
-0.0957603155954217	0.0722664118301965
-1.36610342991143	2.21401862493371
-0.121868849015698	0.102529267186977
0.216036378669516	0.182086223466204
0.117906771708678	0.0800843290966567
-0.156098638776652	0.0948261836386925
0.555734019422481	0.570347783017546
-0.227973663809558	0.162358197263027
0.215475572741268	0.199801807289689
-0.13511007523193	0.113158591211095
0.147638563223319	0.137061947264957
0.649780904768323	0.763891946035328
0.906644919661138	1.35910125533073
-0.0639536836587421	0.0502773160637559
0.496040083913423	0.581702477059413
-0.0952484123578749	0.0719239320498124
-0.208677634141501	0.201169970376608
0.339012886751111	0.349796360671911
0.627494858442471	0.762622482899646
0.0610206931121211	0.0447920555089743
0.374070024252373	0.352222348156332
0.358505219294292	0.358208231696005
0.735492564735128	0.795416377534852
-0.254663752664542	0.223463133155068
-0.307328220500221	0.225339165417311
0.0374360169557086	0.0260986444507648
0.56551046681102	0.656606696190695
0.13619855450246	0.113966246638741
0.677925170845885	0.795541315993036
0.943659136302831	1.22250420943029
0.20442474185326	0.168622584894773
0.235126156713055	0.142280127943533
0.111507093920666	0.03251241021898
2.50112400929561	1.38656721799373
0.387003646340767	0.155145728857897
1.18253159177039	0.797923321494467
1.01674846030355	0.608190265716912
0.558435197233634	0.320845658298026
-0.478412279888954	0.273726482259051
0.441305764128442	0.349045532276454
1.39112861492252	1.21470269922602
0.390657727947565	0.247985617268184
1.08082706607369	1.15837631614991
0.567930930579299	0.721069799442646
1.05206181115921	0.990155992263477
0.62403895314503	0.670893225458822
-1.06224113095006	1.28579778559268
0.389071003797762	0.359403787055741
-0.564914385099024	0.738756592280871
-1.48250806467898	1.95863066493347
0.152309496359322	0.121642713660192
-0.220801069192754	0.216967582656158
0.138252316253936	0.121411229818777
-0.509535869634644	0.602729362266357
0.61045196570438	0.740364702269182
0.216594051504882	0.19100111962367
-0.112779228850653	0.106348420704084
0.281480925540961	0.26477542346882
-0.162142563232645	0.11730405298589
-0.671638039900432	0.490301494914191
0.0924243301557396	0.0549183398956553
0.64363502893107	0.697383245741117
-0.0815640061904219	0.0557267662017887
0.154149426128837	0.143020059087895
0.327170363794624	0.35135649232358
0.60897548294306	0.685620987759844
0.349594462474438	0.354024159240889
0.280953361130284	0.2482319662064
0.354022378074211	0.351515476251788
0.274400959514184	0.271328488005514
0.201306981417419	0.208225322741212
0.140772127625179	0.117326046986504
0.0496676708513139	0.0351675318087066
-0.0307744472921438	0.0249239097126623
-0.758008927150855	1.15896904478189
-1.09415218028778	1.23477136225601
0.632290437156024	0.690391153083301
0.0788141229924276	0.0623633363065145
-0.164431519185501	0.137236243637198
0.424516118794312	0.369216376138213
0.207592966890479	0.201945203573566
0.768984283063799	0.725283790835658
0.292401858795384	0.256147590613491
0.689058681751977	0.69435689111085
0.118427207655716	0.0819984646409865
0.142394779178358	0.110266798466661
2.07783468803872	0.866989556002657
0.382036557571989	0.156497220770852
1.58134376306413	1.39452764574497
-0.408889437159394	0.251675987669581
0.081060198512233	0.0334387672707635
0.351220931525519	0.2624764804403
-0.0232224649844353	0.0138041255949301
0.57717631366541	0.391587147810548
-1.51158551057244	1.64030194313691
0.887327083540608	0.793315800306827
0.460035058574865	0.456493964200362
0.765409901235202	0.998149118835124
0.343105442049493	0.248519961734842
0.617499219082834	0.501678210975456
1.22902362870812	1.77317613997973
-0.0761801508662161	0.0519152167936168
0.521042462950016	0.473029656763993
-0.611436142728081	0.518375171796685
0.123810112474512	0.0827910831705764
0.803828251087218	0.918626036995932
-0.504524198918941	0.507706316404925
0.416480066954353	0.400961515362128
-0.459317738550419	0.471515592374694
-0.147772224933573	0.133614615875245
0.0764889109721683	0.0596310526588152
-0.0678250691185937	0.0542677159630246
0.0945834566211741	0.088652382687509
-0.625846126560938	0.817684244481303
-0.118426107514262	0.0902917740171727
-1.1675026644651	0.824315392769389
0.532379639060976	0.381149805872815
0.222420339140999	0.165717167349467
0.426681923404415	0.357761178371623
0.356253879766642	0.444113420056016
0.210199944410534	0.176479228549043
-0.119309996344306	0.104210823412886
1.08931485831761	1.24016734215633
0.319534502828477	0.245000487187409
0.408437084279434	0.371002338463936
1.24333652738452	1.74632038112865
-0.022194404596016	0.0160944099694577
-0.294572706451595	0.254143509238105
0.522231028289046	0.541095717651063
0.594190593972718	0.589189988182489
0.289276476524429	0.271067451908702
0.11880766673728	0.0807872833299959
0.0488905331213292	0.035446418766793
-0.196210560719862	0.141223407357361
0.635487286979892	0.671846258308298
-0.0955586720452456	0.0745272242272232
0.508642312257464	0.463814204209006
1.71576747949087	0.960914121987758
-1.2226416990995	0.697654060784977
0.625012485145701	0.294108270656176
3.62615151235587	1.37548578154114
0.351757255950727	0.246889164120968
-0.252962524184179	0.132605840472234
0.561016967101745	0.346693382200178
0.732872401887668	0.413884820716201
0.0348009208917524	0.0242758262152654
0.418294592414263	0.367903019358317
0.0893561179923402	0.04797907416026
0.390764040717056	0.353394546110342
1.0174053347329	1.19059370939934
0.766906324496839	0.817734977253323
1.0793872454831	1.15205713819322
0.211949829641803	0.172269150461819
0.110084340320972	0.0731545754202315
-0.671234103805611	0.763052750785964
0.0407547185159787	0.0286396674903465
-0.192211760478805	0.190255042314873
-0.0742778220313376	0.0576429805451332
-0.0491510242278069	0.0334960105653585
-0.564697527677222	0.603656910005914
0.278071187512443	0.280016381091966
-0.0827788101434504	0.066363707568545
-0.135959569606776	0.113864063832304
0.679492023656791	1.01971039898995
1.17704135681303	1.73993033573485
0.538537122332372	0.278028553836216
0.707613893060284	0.532173498611512
1.12140068860932	1.80946343841284
0.0734511240945791	0.0556873429962045
0.413859130770443	0.359634910428391
0.137104755018683	0.11000229842335
0.133710439007427	0.109762989051791
0.576637398717828	0.651197637961072
0.0671653972438145	0.0530403931768271
0.227877366560865	0.156889001535462
0.19985397658035	0.166670289864509
0.332296667327786	0.240898511730132
0.127305282014327	0.0914437982984589
-0.174019382420936	0.127407816973759
-0.57618889711714	0.545538625696211
-0.243740424388915	0.184060791786791
0.387236809051262	0.355119443965672
0.898885456609277	1.01999786287514
0.846805002646157	0.415553055118386
0.377121512494939	0.152788630326036
0.777212253926254	0.53202232519653
0.382036557571989	0.156497220770852
1.03193272989759	0.752801177442427
0.619195304929909	0.503868894397178
0.50343188660241	0.471342026188503
-0.545181916374194	0.555572531269544
0.710438507748164	0.809680838558526
1.24763273091613	1.33591903183432
0.31747861202449	0.264214431707169
-0.0436846797430362	0.0303874047720915
0.457953228090771	0.370750510040229
0.472443894504777	0.518219773011325
-0.443608703498191	0.510061533027799
0.843748082487761	0.984570106332341
0.141370750189408	0.116629716063435
-0.490301870882616	0.541141948981412
1.032224420168	1.60539900404318
-0.493889571396192	0.600993627202791
-0.119375535683569	0.0906725845184143
0.200524701878916	0.189959837945027
-0.093754737406629	0.0809436221271619
0.0432178395457926	0.0365148333876032
0.565262153371781	0.560302822156846
1.18748704919864	0.797590140816785
0.445071175182157	0.513159687391505
0.0211726740395061	0.0164132132250806
0.27777507050148	0.239534616705723
0.511330124077323	0.542505714145239
0.550301031945296	0.569412219707692
0.544495115385241	0.552675037323573
0.336646813000726	0.26047133935778
-0.399584572985249	0.320975529962571
-0.274790071801253	0.210161949902633
0.217451414924981	0.167022808745658
-0.130027906200213	0.0974230837556396
2.75416824794064	0.846257095565792
0.0872827885099076	0.0334310911338658
1.55421926957811	1.05806118513683
0.635452365395801	0.403476236485433
0.782871292223847	0.550611681624698
0.0825049214426699	0.0348955431505002
0.300873427089477	0.262964190623936
0.510960007759166	0.467865483923835
0.307816983625108	0.254301768113201
0.691858948366384	0.704995755245699
0.313983014966147	0.261405721469813
0.582836642679186	0.589858442721068
0.435748381846629	0.453025798595095
0.21029376426015	0.159591240805787
0.78577446932024	0.550446568306255
0.0146370789160037	0.0093976862394952
0.12827378060348	0.0832240564606907
-0.122509933823969	0.0912339692579772
-0.443326968086587	0.385088398893776
-1.46452940886778	1.78944640590473
-0.920325034947601	1.10087923986091
0.23724859110896	0.142283554936955
1.24282029181526	1.32356613786244
-0.570116245040449	0.539959735541629
0.144605167156201	0.140696123679449
-0.0412959168501734	0.0290548780763611
0.648519333802535	0.498176273915892
0.225709451585462	0.186964092822666
0.0155750860507247	0.00960029223593511
0.487561567401143	0.467570249851078
0.00253232068833299	0.00151721195158553
1.31676590418278	1.82248124564397
0.815756704012653	0.858072609806816
0.911772209373742	0.946797754199144
0.356059323947369	0.228110255109115
0.879857515803206	0.8021400741394
0.109085339738838	0.0724337316641911
1.26648421921998	1.24982244050176
1.39887834356353	0.863756382971431
0.470889161708789	0.169836560265533
0.0739623943469681	0.0316272667230775
0.231412925768626	0.148212503084537
0.642914744458684	0.385017208619166
0.218280387009085	0.166817657605188
0.314599597564586	0.270077022390909
0.440755723061072	0.3700780781185
-0.00123829803125685	0.000718607433287683
-0.120472934264232	0.0779896045032916
-0.158453546314827	0.101263844790291
0.917049119912635	0.927145310819615
-0.200568005987891	0.165203199658361
0.575656098462102	0.489661904689845
0.463021244640643	0.460018353557963
0.977896720537822	0.958827609082726
-0.285405700053554	0.261106831060795
0.217176537104374	0.139571725850021
2.09253098945072	2.35444283713078
0.331843126394787	0.263928727186609
0.600963739666841	0.601405702788656
0.395745478235904	0.3447163561526
0.619747524834629	0.493459667051373
0.318672477670418	0.258362503717588
-0.137620594445197	0.102802248765047
0.742258821597623	0.738166972646096
0.67935675061687	0.627843937617915
1.07646401096912	1.15477100319447
0.531248616591627	0.468629996648118
1.00920934910448	1.11772847900444
0.834224016563815	0.679729985034344
0.573849739566618	0.468219505610415
0.429456585457832	0.366504167084625
0.37097020033673	0.251115748890886
0.472200667569945	0.173060458267072
0.4688744554519	0.167771162660396
0.348208075172074	0.258097838753929
0.978764189220388	0.96301393913873
0.397106178503279	0.249243964390739
0.0795082765461907	0.0354602537226666
0.948727485571345	0.840210954423503
0.57623928013744	0.390104812348185
1.25902830656498	1.25460544261739
1.05493638330584	1.00983787327715
0.227976687327798	0.136465409354867
0.121933359365564	0.0813961174919074
-0.985895219102371	0.844839397310004
0.825261644893983	0.785760131977316
0.412802849085121	0.36026033240555
1.02291020565463	0.728783371863829
0.469683234135203	0.361172728137097
0.214968206741754	0.164964554439124
0.153377560486529	0.144947905860599
0.32670544589111	0.339134639237411
0.314238685346564	0.374405183715697
0.352636548516853	0.333083758365977
0.416715815842861	0.513161424503905
-0.146807093797873	0.0906346185902034
0.408257472448872	0.353843812794689
0.234889605291234	0.142299424278566
0.223765684003324	0.184234854203918
1.28876025260878	1.10978207801135
0.219169366883281	0.146357611166871
1.2475005508831	1.47507675552894
1.25575685155108	1.23069336647843
0.537172504208777	0.269126236279994
1.79687446243618	1.77526295329793
0.533462686698001	0.272463104886097
0.383127861554278	0.238953670832594
0.3751149622543	0.253933401203338
0.36991803471174	0.250593182617124
0.724218957615518	0.419357683551158
0.473371088584719	0.260563198903013
0.489794239534607	0.360941301515565
0.576707873938801	0.392139043314669
0.624681786236784	0.293259506159697
0.372764492483383	0.255274068051424
2.07068697858422	0.940962829375783
0.438235643193601	0.25791871577457
0.638301558559953	0.282531374564497
0.780581957949632	0.52849506493954
0.394620127755951	0.252210109583155
0.615524937038066	0.509442845032732
0.215729398363383	0.143236674624719
-0.319392548801795	0.267112648503385
0.331899154322634	0.256944768217122
-0.698889317043711	0.635042504997483
1.39875605007005	1.32166642579098
-0.0834465573315501	0.0568181934685527
0.943177021037525	0.808532746865141
0.391917799353949	0.251804098079536
0.731413644077819	0.82431038319678
0.222933327093364	0.172093140732875
0.104315992557968	0.0673471084308877
0.291387957795265	0.144110441061676
0.216680370720081	0.150365070562128
0.231211038873656	0.176046680133359
0.786052105592829	0.540905539549964
0.221988004895478	0.163537098081842
0.95151662622283	1.05362293107599
0.224374524884116	0.152810800721964
0.0694812957589939	0.0550065366500395
0.0285039275312922	0.0185539463329253
-0.682907040967694	0.55660515414671
-0.220810872208712	0.128670228335291
-0.0559841731553162	0.0384150963931921
-0.0167309543522925	0.00993814693124328
0.447595076663737	0.367049842264261
0.328577579711673	0.255470713757211
-0.322971977219358	0.250630831373188
0.64876888920811	0.488280399687747
0.115174672804876	0.0733780577388708
-0.0177836123001645	0.0102993175238751
0.39992580002183	0.254339964014172
1.02535238113045	0.710843725768041
0.0955000432540306	0.054592661224525
0.463730689156525	0.346950955071795
1.78892836711622	2.20755541023691
1.32866226404987	0.995753071045985
0.230927926977732	0.137110460691305
0.576707873938801	0.392139043314669
0.838285444660843	0.450542101930708
0.92066671734912	0.707457800334362
1.54339738540893	1.8560042867914
1.78742792442221	2.38513537004306
-0.0497082315790137	0.0277861793807855
0.365815329331458	0.351124812344093
-0.230051955064348	0.164598358769246
0.376941549437312	0.339872887860877
0.869044002390472	0.912188846819616
0.222720823596062	0.152051946984211
-0.358748571794459	0.381643290029073
0.143790246682715	0.117379626652381
0.22646867290889	0.180402676661535
0.718122247374884	0.522930499496234
0.211693808825708	0.182101196098372
1.17227931701047	1.8053194017746
1.1607659336528	1.50163466624586
0.413154574139169	0.362295215907015
0.110269549887194	0.0718889258849942
0.0485696276182423	0.0360151607820703
0.528063011179591	0.487884575661061
0.228967716179686	0.160988309070617
-0.261147413719771	0.181576361489058
0.311408667310761	0.267047940978098
-0.220801069192754	0.216967582656158
0.216895734581874	0.196018961648638
0.307551948325464	0.26461380169742
1.16718339159886	1.31412604030162
0.471676357590946	0.258872525214434
0.220844845898729	0.176378357545036
0.230559681134773	0.168187913736581
0.21684501383319	0.151134908521071
0.780922356016221	0.552364587684202
-0.929782417460841	0.904218309500355
0.432515572648104	0.36083038493499
-0.0688923354978024	0.0471935016843927
0.225983813173038	0.159065599558943
0.611459457163366	0.46565682797736
0.540667897936564	0.4659553054569
0.370620601875327	0.249934381479429
0.978395096214327	1.18069246266124
0.0860150389245998	0.0432176131114091
0.574624958381824	0.492130452186326
0.833749018231254	0.678496201387652
0.76846523044234	0.660993392348437
0.212148937934797	0.166244123915432
0.267143781198951	0.263499836040866
0.284556912469844	0.251565495674207
-0.66871041067059	0.733723602900776
-0.218086430303136	0.183095499367584
0.323776678500338	0.269994696276144
0.409161935132239	0.424726389428705
0.493472124128028	0.533974947692664
1.49900631555652	1.46180483341526
-0.142593117634507	0.106932691450392
-0.857824753074438	0.892971700198092
0.660819742066042	0.67280322679883
-0.661142858237099	0.484492317412976
0.301132437717791	0.252622854896279
-1.26110492200802	1.69227342517031
0.207977595546122	0.172259133843821
0.416128790017567	0.355624319833811
0.212870870410493	0.170834578206302
0.322724744048935	0.261302522749282
0.536795681434209	0.557121068032893
0.581215831116519	0.50098240586286
0.223818242192259	0.190143912909757
0.575900370679378	0.485021976940251
0.625042181997462	0.29214491437946
0.210364022654578	0.168395140109933
0.321701364929845	0.254438630866215
0.701563925935432	0.507965919938951
0.310915039900586	0.254333259709859
0.216930963634339	0.163765946091797
0.474829178574282	0.376751411147072
0.446748405805887	0.3609544249789
0.310058846854452	0.247239819389729
0.220702682256495	0.16286122291517
0.310293490870052	0.245433000064867
0.466068817346439	0.458985157924158
0.23866213668532	0.141901839333076
0.229081188889686	0.174354688117478
0.116253304188835	0.0784698042324319
0.3399471232626	0.338369925391897
0.234285668914274	0.160988460434527
0.210479045978649	0.175972011065452
0.839246576107458	1.08015785027709
0.226048397661844	0.17372907380869
0.856484316364116	0.869329229604736
0.653960596084979	0.78153477128052
-0.222470072138917	0.194826353993368
0.114737748157283	0.0736934033820091
-0.775826676446542	0.76114773175771
-0.373446892682443	0.330350918220859
0.487776987325643	0.465670661266107
-0.61007730712132	0.512541176551044
-0.0388365192097497	0.0225674639827574
-0.314310163298566	0.287646491944737
-0.472777051210268	0.341295727802064
0.303970586335691	0.246083547080683
0.329056683301407	0.257649093972277
-0.0636912823521769	0.0445717103266062
0.133706810358743	0.0990573334420436
0.948731972578226	1.08043872055009
0.322754104630276	0.255706703182262
0.260866608640703	0.137762855480065
-0.00348250230502813	0.00207574727634931
0.00435684217201966	0.00259317794789344
0.255189013002033	0.131155439721329
1.55684763592652	1.0543166354328
0.244731051073368	0.137481805295341
0.228743081740668	0.14619131756808
0.244590506973579	0.135410066233931
0.222729881847183	0.172928067106883
0.331668095283131	0.254757581996726
1.06592489320561	1.07625941262458
0.508327362958647	0.364594534375827
0.757571910655239	0.608668143018291
0.378500238714298	0.358759695062269
0.818682344773959	0.78902096756448
-0.302885297955742	0.200382982144013
-1.02601694610456	1.08868195233979
0.766737235857501	0.629650114325966
0.230904909467878	0.157133934118732
1.00564208752562	1.08108211024129
0.456579327670125	0.448174276377363
0.81827002102393	0.89856069269858
0.699318164926926	0.723048278751026
0.649595441287732	0.89088222228179
0.390766483096646	0.362490102844004
-0.304632111942946	0.256928400163117
0.776288386975068	0.874443917888662
0.914357215454077	0.926385532574454
0.465347565697086	0.353632683024484
0.328106982254604	0.258578374767325
0.578066588289146	0.387312257702204
0.708370472415488	0.523629765552303
0.775675342413794	0.85536250576343
-0.25451032615245	0.171729873198723
-0.49055146503842	0.436815419016324
0.348004433104387	0.246377861964517
0.00266691895324907	0.00156102166355623
0.10861447706432	0.0717430541172172
-0.0113025914265963	0.0067570578788992
0.0123832512808472	0.00761397669427647
-0.458423889758695	0.359503320674377
0.438402518370963	0.252877605599466
0.105109272230387	0.0585184019943444
-0.405935629366167	0.247184288350472
-0.22320386685662	0.180504756073298
0.338971007068624	0.245015031748697
1.32415088077947	0.984004417337863
1.03045625541431	0.75020331035432
0.237103787408325	0.130985562230111
0.374777659717559	0.256756028199854
-0.409627692772943	0.247673327640018
0.269317053661199	0.143536616620319
0.357086542205129	0.249918659930748
-0.364989050854216	0.268827562158606
0.383232830735544	0.359636798535113
0.579998279873724	0.386665533443724
1.40134025630903	1.29180820502446
1.00274883842596	1.1015419383847
-1.35437693136807	1.39561294596724
0.395718164891624	0.253700780840795
-1.12342160162043	0.88884120360027
-0.225218281640111	0.129069259592705
-0.109822028992499	0.0520957352416999
0.215563198128811	0.149044340749725
0.421710271455604	0.441051897803408
0.515115265273761	0.453601622545121
-0.0377653245861441	0.0259815736600547
0.214356870554829	0.172159481317133
-0.0758960410114389	0.0384631556440772
0.222798966032342	0.131033108389498
0.227401832019876	0.156668931127386
1.10133944496862	1.38057430911499
0.329108020907565	0.249087591642239
0.525455413532886	0.484321831581611
0.230530245939888	0.155930574290662
0.969055559466432	0.935268165606135
0.469763025183494	0.364776608473953
-0.365492596113956	0.264977049896596
-0.406202923938348	0.251606181383998
-1.08134987369079	0.460940174958639
0.771557219518243	0.648108529106764
0.705766032063116	0.498147575000388
-0.871851095970592	0.776459561654931
0.656216200639433	0.506403566353769
-1.40983004205446	1.11112399359684
-0.453841843672345	0.371794933799858
-0.619759590615624	0.395521326176374
0.638239941588188	0.393058015843434
0.243160463095039	0.136370489912291
-1.23613217994702	1.06581254907407
3.90691358527684	1.70892238396585
0.296836843882688	0.143228908684498
0.083399671245203	0.0344268281347894
0.448018791544757	0.358626386218826
0.533882961371293	0.559414405623667
0.302361119593084	0.244750191232287
1.42583795874425	0.478436248256231
0.639202994762364	0.403107698481888
0.479205163478211	0.168162372739556
1.71195661011589	0.945403258472024
0.330606629288901	0.14660832075582
-1.74554081995515	1.01995192237802
1.17859031695947	0.786130774183422
3.91023572662784	1.71149734418599
0.29579850782077	0.146030854224686
1.00048812097382	0.495380407759829
0.333996108603965	0.150177321307284
1.28259861724095	1.0861986451684
1.05110820193854	0.967658269437886
0.2414434891398	0.136774031369991
0.219753663736276	0.139721428080281
-0.102285387427878	0.0502938413656596
-0.373966788903694	0.178152851642053
-0.674070119028241	0.338488924798662
0.474205054213578	0.267227743350938
0.0890075283980982	0.0307071946025054
0.286710065448343	0.138678692592479
0.626756165049066	0.296094674641304
1.27262959468538	0.576946807960676
1.39254677244991	0.86231703739334
0.475423181625061	0.257013484023771
0.329477782341305	0.141986727549356
0.0926320244103551	0.0317295282538535
0.721520771455814	0.51870516478007
-0.129572527707851	0.0577536849984107
-1.33352288673551	0.628765172489811
-0.220345510479606	0.128265317652924
0.474565974965902	0.174050129956977
-0.221130958739002	0.0813520759833252
0.0863619055554149	0.0402467437305863
0.0886979892406291	0.0340423810603243
0.475983614493273	0.256779986904627
0.0792148292728087	0.0295915623812678
0.102753066632604	0.030641933525699
2.06224199787512	1.45981208998044
0.334669028250191	0.147197163468889
1.71510965803077	0.956486034407727
-1.9035182915839	1.27416430606437
0.246303157951221	0.136568517662075
-1.55236030615962	0.574010823700963
1.68856897256479	1.51947226554012
0.624770777105684	0.294733620707325
1.28365878124271	0.523960397196358
2.30085933131373	1.16932782761881
1.9678346675076	0.511732460330704
1.00542363536993	0.48442123981117
-0.128425750313738	0.057934893461743
0.375447252473767	0.151289265075405
1.02301511652815	0.609004254732227
0.725123631530746	0.427318967428229
0.136149928119394	0.0351567872193512
0.629529247752952	0.200512290479624
1.28591831683428	1.11875299494644
0.35653765438702	0.23121304740296
0.999474191050623	0.490055304798462
0.577961348291485	0.390758413034084
0.720451780987425	0.413375658663099
-0.71608038632877	0.435845354096866
1.78592221990644	0.701623158362339
-0.212475147333232	0.0812277568732332
-1.22711229160517	0.719972085478439
-1.08304006474403	0.436829403578501
3.25425807334707	1.10809939730812
0.323086559195028	0.140450287737019
0.293726577186231	0.140477770987106
0.0804191779645165	0.0411642330742242
-0.827897232566478	0.383105465219979
1.02054792161286	0.594789443322153
0.758057767981094	0.320063088118638
-0.476274250848884	0.270229477804877
-0.163933052529211	0.0681968331997625
-0.373240753924892	0.178895111758964
1.27327103336419	0.576441603542615
0.125239666421106	0.0309726651461836
1.42814477459118	0.470395212043826
0.474901300560738	0.174305828211983
0.470586167033051	0.172818763268529
-1.0867493664681	0.446436226512887
0.539359686979131	0.274967793886388
1.32749417606757	0.997067635522266
0.630564769542425	0.200132268237845
1.00544858091674	0.501595986184172
2.75497641146614	0.823010688280342
0.927606727440782	0.244315306891435
3.62615151235587	1.37548578154114
1.2084182818487	0.656762777239931
0.991198953733501	0.375868710519622
1.009927511359	0.486335961966036
1.71541198189963	0.986911233840147
1.7883259800679	0.705535261593489
1.78397390052207	0.687875322798167
0.626425352977786	0.295771445848541
0.0838250267787662	0.038619288320231
0.263332960822579	0.301539217873712
-0.592263252261767	0.231500864580581
0.10905825457717	0.0324153823359966
0.625733719979546	0.294908739994208
-0.831871965075539	0.385076204375683
1.1626363438083	0.931090859357776
0.0874388176465642	0.0296901422411552
0.470586167033051	0.172818763268529
-0.778019720486838	0.274044482689998
0.762080788240963	0.315875499322088
2.20131820675998	1.60663035285307
-0.207144398073541	0.0790503962829672
1.90612773404503	1.19703325424455
-0.278356919506934	0.0944738855045353
-0.565505107105608	0.300335951490805
0.109662775053552	0.0332182651584632
0.991505105078916	0.385188900785842
2.30552977150632	1.18033501979097
0.988133305414923	0.376277747590717
0.473762340939498	0.264691033849774
1.51002809465456	0.753245804262245
0.641300975985065	0.401838018874364
1.51302724317457	0.759033410677135
1.71541198189963	0.986911233840147
0.0821774828599671	0.0309954460278417
1.4265246816067	0.467327448888551
0.532219576831958	0.264707052248942
0.112114865728904	0.0332945117013381
-1.16453750470596	0.363272673512163
-0.45424488328085	0.2003003154571
0.720451780987425	0.413375658663099
1.42089957534516	2.24687495224279
0.946724449432652	0.839158786856522
0.232956067151909	0.147739602560583
0.69344141188602	1.2726991512198
-0.0687053281031431	0.0344919478613123
3.62214466542481	1.4280322022772
0.992743767800263	0.377718778765358
0.98904387042186	0.383308399765478
2.75416824794064	0.846257095565792
0.381374251715984	0.156401863873602
-1.33723576438658	0.636118772824438
0.632942498699066	0.204573630547874
-0.00280922206375731	0.00245168472866305
1.78487577131659	0.704427758092284
0.451833572281541	0.442553053600594
0.915548553008219	0.955176812742685
0.637205169391867	0.391140897689565
0.712368215775177	0.393017136898202
0.840453840124118	0.678138777438076
1.17314910485887	0.907144409472109
-0.106249476285222	0.0519847710418037
1.4600164923378	1.19428037097794
0.433048828728452	0.259005560156235
-0.210122994663715	0.204609286440356
0.763102092693751	0.33064391436923
-0.552342805790901	0.300258094425009
0.267857030801055	0.141993511806837
-0.673694842750021	0.339417288197225
-1.11618940999466	0.897263111896589
-0.716945065320461	0.430441820744776
0.0825049214426699	0.0348955431505002
0.709699588632934	0.526992065460816
-1.16090532980458	0.779820018501313
0.761500373512701	0.31534461699379
0.915972227829122	0.626978623941058
0.087526313537897	0.0493758028428827
1.27823900086367	0.551439814868458
0.78396766276586	0.53290719781073
0.882502535651115	0.563948600690931
0.637045799409118	0.395158484601291
1.00114771598383	0.496650324200702
-0.312510902861166	0.163862890759955
1.39063629780187	0.867731107701267
0.627176551700556	0.373880766484102
1.39178709853035	0.837107150011775
0.54075550242024	0.272236653858907
1.3913446007963	0.867209553663234
0.390092162099802	0.155095782934507
-1.08739744428154	0.458946386739459
1.00443486687554	0.501113991781161
1.83432357651219	1.5296945175481
0.0831191387975689	0.0274080001875486
0.757151278671853	0.323114916793462
0.767791716116264	0.315663265450272
-1.03888083588289	0.533273572471317
-0.754804400459025	0.537909674942231
0.731975418206433	0.639773616362144
0.368820810361829	0.241003675670845
-0.0383361143320033	0.0214840313167608
0.0934919707612545	0.0905770797731525
0.454504094473983	0.368856799826098
0.47122368832564	0.173644512897175
0.877769160942942	0.910722170848742
-0.574733979369142	0.221625379188471
0.469212351301322	0.170475170397049
-0.83712134396182	0.388063828423964
0.633587708911691	0.201494267434819
-1.5580733097088	0.571102626716349
0.0889942383866205	0.0398526904971948
1.15738703456668	1.21902338832699
0.137294903916403	0.11636903854808
1.40029371460725	0.862862720544758
0.108446269847057	0.0323633029758956
1.5107279374084	0.755168013453344
2.06633029593796	0.930156361241897
0.800588819352009	1.00541085204986
0.500544525721358	0.548947921189713
0.469645109999496	0.37079222597309
0.563091024069338	0.353157908682645
0.221718838552941	0.152832986485577
-0.0906187689628336	0.0448897974936744
1.32837924495637	0.96495892051774
0.267747646514273	0.134604153169586
1.20516928818134	0.652038152649887
0.641619773065033	0.841363861303854
-0.362400043098317	0.27492337079663
0.212678835755362	0.22066144822643
1.28669388537621	1.1133934239143
0.3047210867916	0.143376194849843
-0.124466917382684	0.0564755549901326
0.0879275580740651	0.0372475858852972
0.329812015639657	0.146732536624212
0.0823470963536182	0.0351274592162041
0.0857421295343047	0.0395971249625295
0.575571683756133	0.386214542174266
-0.419291499087793	0.250441039576726
1.32777610511598	0.992534169038166
0.840746785991264	0.452251540116945
0.429218833097879	0.260231018061992
1.02037471997859	0.619556073858577
0.0917168545886728	0.0490945155440266
0.470586167033051	0.172818763268529
-1.12001922375165	0.881258458335825
0.252376563257677	0.138211667050833
0.823665772306855	0.645881392532531
0.0822848957644215	0.0315660146297224
1.02109178849473	0.622720017286306
0.375093019558827	0.148557717557637
0.381683825664064	0.155498649868734
-0.459763354765978	0.201995843299445
-0.464060261831589	0.205840889385363
-0.278693263064856	0.0945448451301344
0.533381758527708	0.265224302172952
-0.0756995302370022	0.0395940196702511
-0.077012220071539	0.0399875530029721
0.234301377342888	0.141919684012888
0.473665422278661	0.2611711826812
0.225928405830707	0.162105086409756
-0.105344794659116	0.0498603429157207
0.126042268595148	0.0864335259172459
0.650639144876711	0.487610861402585
0.844081587300304	0.44283029968928
0.876925393655214	0.516816372846397
0.474901300560738	0.174305828211983
0.544313943697623	0.4828851899216
2.75497641146614	0.823010688280342
0.11272462121937	0.0338915360792968
0.0883254140778703	0.0373428988858205
0.10905825457717	0.0324153823359966
1.42863181046749	0.477492125110696
0.0825131622391017	0.0316619933772732
-0.144227791254564	0.0884313784503833
0.883251277956981	0.794973576161735
1.03133570180204	0.740944195192983
0.113334109630621	0.0335671328902194
0.103663272389684	0.0312517446792854
0.572573252161501	0.479971563305179
-0.311174254957082	0.225122367330023
-0.557780757498746	0.300112375400383
-0.517143676091934	0.474302548841005
-2.52734034640572	1.48599243276681
0.434712140071224	0.257257084312254
0.912670827709371	0.679221743754446
0.650668474653172	0.51743499427214
0.834899274863649	0.44951558752831
0.342702599059101	0.251652533954602
1.1599823097564	1.06510561404513
0.949333933941854	0.821430732363598
1.25777496241111	1.36931477999248
0.328240344280826	0.249849309492112
-0.952130325224577	0.868895739297427
-0.414673693829637	0.255128096290316
-1.00722448585655	0.742062108541722
0.576037032893313	0.386949725857276
0.921147128479699	0.707316644957885
0.537199203403537	0.274673969788445
-1.2372813351032	1.07992662807864
0.241301887137908	0.136470959867973
0.0802623237638983	0.0430213397907826
0.610956161289987	0.496348613082988
1.02077569841126	0.624234900865638
0.0887222496415797	0.0516436139724276
1.21392642627288	0.669801043517067
0.620677896305113	0.28515091989851
0.267671323330342	0.143242923639687
1.51267722128914	0.778617118810106
0.537199203403537	0.274673969788445
0.366821545876223	0.243039327342245
0.783905600242439	0.531803671695941
0.837907198807007	0.452484514390341
0.725969700584141	0.424964882495467
0.381726791496339	0.155900053042255
0.46455195685109	0.359403129463853
1.00145266081005	0.49425572960407
1.27262959468538	0.576946807960676
1.39108133839305	0.839479849879441
-1.07855757229627	0.959832820950718
0.291080464575475	0.14380868483882
0.0829794292816791	0.0319181144843428
0.541553753586672	0.281472972707066
0.629559338531479	0.289069193339511
0.576555092565119	0.384443765396875
0.391504888948955	0.242660615596416
-0.0532217745443597	0.0280861523372564
1.39913083321813	0.812272494179467
0.385496575726105	0.23851332927907
2.06064894998822	1.40551114287095
-1.04403826860932	0.55191295655363
1.03600264472504	0.749596296277455
0.0880489474711579	0.0304172714241184
-0.675548759630309	0.322368080781959
-1.33599553928737	0.632549279365171
-1.30966456649591	0.964857334604288
1.55331826465103	1.06287223013556
-0.130619815672228	0.0585187558725321
0.391975976663063	0.249146471505106
0.712984496713182	0.522440097151762
0.861244689554277	0.915481677920134
-0.462573363661819	0.252807774888872
1.02939776438666	0.722579075527821
0.647356154783333	0.398013393054184
0.470060173905537	0.260278171970001
0.472507483263527	0.169428702216176
0.763450775768673	0.323458173640263
1.15753629760338	1.05402169330936
0.626756165049066	0.296094674641304
0.914280282728142	0.947545803222164
0.343296666563613	0.352677758237265
0.676698224700737	0.799344908220783
-0.0519094309745698	0.0369054878956124
0.0878016852890723	0.0474332752019224
-0.325015069299346	0.158743909681978
1.03980428053319	0.849918213682502
1.18293189168205	0.78774190842353
1.55331826465103	1.06287223013556
0.00190888144241847	0.00115367773038435
-0.44977692680066	0.18670891191599
1.03164849142554	0.754452270953535
0.000427627946646128	0.000249427768980308
0.12048076411899	0.0815903761466509
0.705450511861539	0.514696424926647
1.21262512027731	0.648063473034246
0.536802555662484	0.272143887116968
0.487964943042608	0.362173915210259
0.268786612107195	0.135043301219713
0.88455085848445	0.564067156991661
0.48836192397816	0.361351533468249
-0.129823933349158	0.0576475021744707
-1.02117211333198	0.648720412621499
0.47273732122448	0.265573192056132
2.5035040945818	1.39542306430264
-0.454603192806373	0.200901633538509
-1.53440589804614	1.05738537507486
0.886257869903234	0.81510957606732
0.0850324158105909	0.048846888876026
1.32660848691003	0.959653971975657
0.545984290620968	0.274977484675465
1.27692406974486	0.561512792829566
0.619987267656234	0.284338809014822
1.42033165167489	0.468301512909383
-0.267163235337055	0.182543716510747
-1.55633392437669	0.829829145976517
-1.34313878616783	0.631493837554816
0.626756165049066	0.296094674641304
-0.669532071575372	0.338701988947361
-0.382742830406048	0.112824490517523
0.98934828530534	0.37488411380459
1.02439217143656	0.728166202806572
-0.0382793304615325	0.0268786945947675
1.02149325981875	0.627454522489674
0.633196430611261	0.200485458666901
-0.212649425975371	0.0803678001222219
0.932219305847885	0.255045940262424
0.295489844086493	0.146142079443513
0.152245447049464	0.0306318775241434
1.42863181046749	0.477492125110696
0.657375191894512	0.848329567565562
0.536416459204409	0.612189497143749
-1.26727689977965	1.90048461416202
0.649118312883657	0.657621405710036
0.0868047819932	0.0369385014057618
0.923818928714471	0.70319207102859
1.28090513081557	1.11181985239448
1.19463411859456	0.737357635098852
0.712423683516608	0.629242938821222
0.328620555635979	0.247889645286498
0.741371320909311	0.923347703602425
0.720565245663234	0.624019292271582
0.59408204701614	0.88076692955684
0.0931059234269657	0.0523108930713407
-0.465315340877829	0.321676538712987
0.074262837751969	0.0305618262392606
-0.15358767728433	0.0976098591221851
0.265125643084534	0.141389641977482
-0.540587016895494	0.373480190604249
0.893144477423165	0.570001986483049
1.46260769153964	1.17864961891546
0.945902029992017	0.844295950533911
2.05924050440966	1.42762102117189
-0.225242218433181	0.133995885783121
0.640396853291978	0.406095402309846
0.0836932496054936	0.0459934170805251
0.758057767981094	0.320063088118638
0.758057767981094	0.320063088118638
0.473762340939498	0.264691033849774
0.786419645771341	0.547150299977616
-1.74088729902429	1.05106729788263
0.332569715965275	0.148783475246266
0.0879595589957336	0.0297755695383719
0.304414587437215	0.143619002879661
1.04166103269963	0.878897249418494
0.0846920743102888	0.0442646402997547
0.785312332023555	0.543345629083475
0.674152996367959	1.17893443458196
0.525650419247302	0.364354882507955
0.0962980542646246	0.0319398700444795
0.381683825664064	0.155498649868734
1.71571358189226	0.957643306806649
0.633595880184465	0.391900944812689
0.0843915457865271	0.0288715102667809
1.01027322496511	0.476610762646478
-0.317115774703123	0.163362283232626
-0.407518489601118	0.39879744700548
1.7861757983811	0.702610717557555
0.470306366794624	0.169510793978325
-0.128702097112879	0.0561851450921918
0.838616189751573	0.456925526868453
0.0880489474711579	0.0304172714241184
0.252565886694542	0.143390322820617
0.742899939311626	0.855857077448244
-0.287617170025479	0.241883525246127
0.574790377555942	0.38270530243834
-0.768964640702391	0.27316634429821
-0.307308284549915	0.152748236751054
2.06632817553116	1.39156405500214
-0.272360259806588	0.0918607246093065
0.461817757997314	0.351651776381447
2.06664070813951	0.935258603458827
1.38954456407823	0.845610603438959
0.0895254048657859	0.0504954527437696
0.619673135942318	0.502589748965168
0.332905842452754	0.150813409974295
0.626064610931341	0.296923126019998
0.621403848080645	0.29117708249682
0.47122368832564	0.173644512897175
0.752459567954489	0.314442676995216
0.877158426507054	0.802431374889785
1.46158788340329	1.13040028768346
0.497743815528724	0.365505167837168
0.423575374440701	0.3668411516749
0.525674149958159	0.451305196159424
0.530777591420236	0.480972712829803
0.457455966995159	0.445958602309769
1.69129190129476	1.19090731556201
0.930122775144442	1.3326568444511
0.340966622538267	0.25437904135543
-0.0461353700949244	0.0320049176059096
-0.0328585709057414	0.0237041232882092
-0.78729747929855	0.880118333534508
-0.287476598502434	0.208805026232462
-0.254965316045948	0.197876558639008
0.613815584525011	0.569077354242405
0.0994503820983378	0.0624913196085988
-1.81362421772799	2.30810654778964
0.0377802439353403	0.0253878097170761
0.881765406015955	0.793894294067554
0.625191477152389	0.492564172863422
0.217880596679934	0.174738731336096
0.352067747926265	0.259587522405774
0.315815193095231	0.254355938242357
-1.1545691334556	1.3459136446802
0.0297857841721996	0.0201693570760097
0.120328626773454	0.0818468215086489
0.228163970927144	0.162981187637005
0.714284678832626	0.404336881380002
0.227700883270538	0.147085364117183
1.3673439000609	1.42719701599384
0.38066890802157	0.152072672189953
0.382109461096006	0.232660511124165
-0.266842379610531	0.186889889398882
-0.321576382829156	0.245875661345581
0.0390715427047831	0.0272094455240577
0.493194401146203	0.374587919802268
0.641019768862765	0.401407053157079
0.498596179781595	0.372074627335955
0.547027896315644	0.27889303005266
0.271189057932554	0.141186267937763
0.0114838381228664	0.00726272043211459
-0.107591598826611	0.0499181777436148
-0.728158096720512	0.435749926638924
-0.260758585835423	0.181564070504502
-0.223963501428466	0.127851561017079
-0.40988912999291	0.256699336568346
0.772251578039261	0.656090152903956
0.0881727191892568	0.0403363375179841
0.385407642042115	0.151672938971831
0.525992584695192	0.362298999674414
1.01563402436329	0.588672971856196
0.256234670129295	0.13136249006884
-0.454585578873713	0.199045342985448
0.729242075653203	0.404087439349846
-0.0152727188650711	0.00891600295041378
2.07457885982625	0.907484189269387
0.886793955801376	0.585994376158712
1.26140922609624	1.23580576787216
0.705264952191599	0.529013381592479
-1.68040486457408	1.25469240813928
1.02785220605324	0.733532022703638
0.53896157247219	0.272446997392083
0.11272462121937	0.0338915360792968
0.626064610931341	0.296923126019998
1.51347278725715	0.731958111779964
0.0933198535626446	0.0319192197438943
1.00114771598383	0.496650324200702
0.381374251715984	0.156401863873602
1.14457130039121	0.998781195150813
0.119819036059905	0.0844086495384266
1.00211130581119	0.489238812874468
0.691455761925201	0.931264666624866
1.05639069805929	1.46906826679549
0.167541443788991	0.163562318707203
-0.596373745951442	0.711768390888162
-0.583303299818926	0.656814160375897
-0.327694678365572	0.365644796596162
0.464599284984975	0.52043662684122
0.398616651164368	0.426969915772751
0.1446861198412	0.127806010320799
0.366348812414273	0.356323709962977
-0.214862289743265	0.171050626148897
-0.40603013588246	0.38680619877582
0.0502042524196708	0.036295184824532
0.297128035891737	0.263798630130514
0.138480955876503	0.108782258824148
0.139270958016922	0.100510896296307
0.01697497914519	0.01062390776299
0.229546779603205	0.14714447346055
0.330817853921048	0.252860719083899
0.988133305414923	0.376277747590717
1.03995651869414	0.847978935073894
0.538678893511034	0.377403220872926
0.622422465109623	0.737323774405871
0.640396853291978	0.406095402309846
0.451850340298968	0.364093468670733
0.428786585765174	0.359870942508056
1.01105361206286	1.11870186525292
0.221416854826315	0.144501206543054
-0.264502235809751	0.178120965802844
0.727182919162936	0.646855328040884
0.0293752268380428	0.0194937101062486
-1.00224771112339	0.747646928149669
0.527587073941228	0.374809169764312
0.49899378027059	0.370622497876446
-0.12690667184294	0.0824711017487346
-1.75765304155791	2.44760795030588
0.0256653378856794	0.0165823009114802
-0.524696642072759	0.408393131820543
0.227246894104569	0.137752894191728
0.231160943929926	0.136068134252918
0.647816419788333	0.625857425638508
0.2264858856335	0.171712762110774
0.219292753210827	0.168913949778607
0.837975997271525	0.690700205348301
-2.17793186121474	1.62712359181687
1.39113432679818	0.863398192810988
0.635561503198065	0.393510583965143
0.526347691672706	0.364489316453125
1.39734829672007	0.853658588388447
0.0889095037873231	0.0476706976848503
0.765358788698895	0.7313709647655
0.489431368956877	0.352936157652303
0.580149112795018	0.389296654176163
-0.61753032291739	0.391948543350959
0.471323499347435	0.372455237143489
0.485179937777214	0.339390256500152
0.0839022749949855	0.0323151285658236
0.294254061866856	0.141352795035876
0.428170252297653	0.351883460845462
0.874688478991446	0.806098972442262
0.364699978959305	0.239488640098241
0.776753717244645	1.00582581530762
0.523361705145533	0.472077923268768
0.118790625213454	0.0875977542848236
0.208857527904454	0.209959499616188
-0.0674617517089051	0.0545740597155104
-0.0376225679809996	0.0339784082141157
-0.325883031432605	0.337698593792561
0.530030397193511	0.70778589878947
0.2047900868332	0.176922545547174
0.492439006134789	0.616378918857084
0.206447997935118	0.192620998629203
0.437538340236875	0.445158147678544
-0.292211547442033	0.289844442321374
0.525790659937095	0.639677857057511
0.460049371474192	0.542817323789393
0.0381159833624947	0.0269705749414695
0.691000255680599	0.859813799193538
0.140223327775906	0.122463342676109
0.351107115149896	0.341516360275819
0.116200647225545	0.0821295413981328
0.507342552046319	0.476266774335645
0.624133365026761	0.197625616439368
1.71260118777299	0.931413132465964
0.83655041735708	0.433806897420315
0.711335485978207	0.393470121512152
0.29096347673772	0.142783781886393
-1.11830989719526	0.876571575080352
0.0861593445211822	0.0497253007377082
0.636754386078331	0.39454887612056
0.578577997617392	0.62394561539702
0.648621431556863	0.767887377455514
0.373823979357477	0.253074134384244
0.354458134441979	0.251431474709319
0.275793683459168	0.257583199269796
0.462146314808674	0.452982687686019
-0.545201243504072	0.547315871013998
-0.75594218547837	0.538008187757395
0.0888151851370377	0.044234609766602
0.381737420610166	0.350572791068695
0.445359316354249	0.444244552205568
0.0304098012061242	0.0199309660891308
-0.254456215270541	0.197486991444975
0.46619571194591	0.46164598590857
0.886793955801376	0.585994376158712
0.539036224013886	0.276641593348037
0.77059739902991	0.771271654067536
0.526551899253677	0.477031531375089
-0.0805373522064615	0.0551359500571058
-0.00216049271726143	0.00128461477924301
0.303421151468246	0.259440045609868
1.69376571662082	1.56910985786059
0.78402453657261	0.879290425879996
0.246303157951221	0.136568517662075
0.388932823334922	0.351796323857658
-0.0043107503965373	0.0025735354190848
-0.302371862582754	0.204813754397586
0.0827543087089015	0.0454040661173367
0.538941117924165	0.2771188812206
0.426075222229248	0.252100853974111
0.572868614629438	0.368931384163915
0.834522008704454	0.446394414578797
2.304545533357	1.17906963717201
-0.231533248621086	0.132862026948541
0.439440084993549	0.255059771604852
1.14786035589205	1.036449935294
0.291645140089249	0.141634689289189
0.470741364127094	0.451530229460584
0.534242873160849	0.492207106174161
0.222312094705736	0.140890280276498
0.105136480092508	0.0678662657455896
0.416778118382508	0.448886112255415
0.341303842389224	0.230741860435692
-0.0669771877296161	0.0605181332684539
0.261496881837724	0.289841335795554
-0.235616960432918	0.229914827571516
0.113813672344282	0.110428313599369
0.856540266827324	1.15716786524894
0.542258117744398	0.783357017242649
0.882086312854215	1.50319111470863
0.834024469889367	1.14242746928657
0.64116673641795	0.848691827343571
0.553595053247729	0.656254490774929
0.129831291065239	0.0956128906503437
-0.443434140202577	0.427640467446547
0.282014727586185	0.258520436968025
0.303690096302375	0.267731632938421
-0.0821672895873875	0.0650017989546679
-0.221337520898532	0.228358711473987
0.214852957472113	0.200851058951971
0.208690810417312	0.183734245948025
0.143576906765066	0.134106792230705
0.121381621783089	0.0813394176295073
0.848176239384349	0.433543261448201
1.01215488112041	0.589459880045678
-0.464419992602215	0.204504882138832
0.0874388176465642	0.0296901422411552
0.246363412490344	0.1396094909582
-1.01852880733937	0.622547717007516
0.086472893588428	0.0433966073952719
0.0887948523093226	0.037380336381776
0.301327839739424	0.258232254314851
0.570765087395639	0.59305627836945
0.516803916012779	0.35365598921385
0.474941293382681	0.531787182790499
0.372419624057659	0.362564722675196
1.00997402875282	1.08579406487155
0.504636245827461	0.46592428014571
0.848990680224773	1.0386653061154
0.0096980842246992	0.00776180182749049
0.129259160892112	0.0971174807619735
-0.844328258816564	1.02141836298397
0.529535567960288	0.485857934302804
0.698309228193117	0.713994343094351
0.046920415120834	0.0335883209261672
-0.192766794881338	0.183197419770614
-0.127539645438429	0.103011520952743
0.264014982742484	0.138792971706841
-0.225218281640111	0.129069259592705
-0.286183973764912	0.220127611804271
-0.252514238349064	0.200666602451816
0.891811797814276	1.14942751668241
-0.254197517059741	0.17109027026912
0.907454922484935	0.653593022891966
0.838529903170921	0.671952146564912
0.677894700881065	0.623852584555434
0.611911218027896	0.49608640628042
0.882942144720243	0.569848413226062
1.408591593188	1.85418589459374
0.229189117635373	0.174211021818762
0.581048222584445	0.58548488465697
-0.0941806311428843	0.0628751571126597
-0.0146512894844313	0.00852907159925542
-1.42157747384669	1.62242482454284
0.292062896831206	0.140698815786372
0.882738367699355	0.579127911096874
1.42883364283079	0.478004862123992
0.932219305847885	0.255045940262424
0.57623928013744	0.390104812348185
0.324459864147809	0.256524611046094
0.0850324158105909	0.048846888876026
0.223662686540392	0.164926395021012
0.109796514785842	0.071280240963855
0.327123804716025	0.25244013817822
0.219425449763829	0.180918609985883
0.177075215845384	0.182762327334317
0.0833219705754381	0.0708724243223955
0.335010549174163	0.436700679003134
0.254764187064801	0.276296449338597
-0.0223841647776697	0.0191384311460753
-0.0781221703325034	0.0690496253594889
0.341585761542351	0.361962967726712
0.411383266690655	0.510145760286382
0.52835025764761	0.566508088713492
0.398654258867486	0.350929594337671
0.770413327953745	1.09422209102818
0.53856469693289	0.563049701690717
0.00928378945110026	0.00713339623251764
1.05120212463653	1.44821892327256
-0.778653092346374	0.865888403825616
0.207426566269307	0.186288455661683
-0.0334513949567075	0.0279429372792088
-0.123085183875641	0.112650297132545
0.282907110503884	0.260763874236626
0.5791804812699	0.648657019694248
0.32757742636905	0.254794183184062
0.470251021263023	0.16905111959911
1.02245445164836	0.723549256219531
1.78592221990644	0.701623158362339
0.470487937924123	0.167755187394558
-0.11904585094013	0.0529468775630461
2.51121226029546	1.38544016421998
0.710332732204922	0.516807404753488
-0.590270171286517	0.446224770740972
0.0845173717784899	0.0448304455677403
1.01071435281149	1.08749886200467
0.810555389535692	1.13897136600409
0.4074896112451	0.368000308709093
0.275049524655566	0.284810476291311
0.521519229976342	0.634640613438247
0.721384100075894	0.895418147325618
1.31279168670866	1.91821128459504
0.229081188889686	0.174354688117478
0.31143920644537	0.242246536174369
0.68716561753515	0.630016316616584
0.966758066728649	1.14986505175479
-0.307159706749567	0.313349278935002
0.418480385877989	0.358117436813734
0.476603922517015	0.516322134025426
0.630753360952258	0.773184072863113
0.389384060145403	0.246330819278778
-0.582326450122822	0.236321093295849
0.333084135557487	0.244066169120409
-0.262580783188076	0.270696690816973
-0.487892170988422	0.431601419045333
0.582349547413516	0.558038925381418
0.429543036131262	0.345837567093314
0.888253388927466	0.579847453981999
0.788276289602068	0.549864359649029
-0.017548773380818	0.0104389324972551
0.303431429404334	0.269649906772886
0.436160141788642	0.366573884672618
0.878285518582263	0.757981128320883
0.0362266335311002	0.0252737563166714
0.698264853327782	0.739101993089651
-0.00566633053388139	0.00338070987246972
-0.313251208113039	0.163256865650181
-0.457634769832646	0.200116188108533
0.417939541095111	0.369699579343827
0.724948217457652	0.418155561890746
0.097959092684984	0.0559291674892474
1.78487577131659	0.704427758092284
1.87408557246247	2.4331736371775
1.02785220605324	0.733532022703638
0.0787506596337124	0.0399365747558591
0.405583571374126	0.252248835435801
0.708774684975391	0.507562751965232
0.582271356499623	0.471620313851603
0.426992108879142	0.251845852982485
0.772483399730449	0.709694481086359
0.424759968451957	0.367681223691347
0.410257391109504	0.344325193367628
0.615190645066076	0.493438395738361
0.329092891106102	0.248534262656965
0.259662881847217	0.284132524363854
0.161022338721351	0.144520906371177
0.403234627460161	0.427050851350501
0.602661260123072	0.779209168387671
0.27524845491897	0.279091642902466
-0.0269234695430797	0.0223738380512712
0.0523963411345119	0.0473705006602069
0.83578215865744	1.13562472686083
0.276354440090815	0.263470835882055
0.278443168266659	0.252970239354577
0.583261838764012	0.581255121191174
0.678634523078696	0.859394047864877
0.077055555900167	0.0634324805002482
0.403792244515248	0.364225098169272
0.43236143780397	0.448791218228046
0.677836379015374	0.777695133323467
0.27198883515659	0.260376344523064
0.202280866620705	0.209459476016877
0.210734677725884	0.177470399171499
-0.212708998517074	0.183604532471075
0.143111197583359	0.12010488832634
-0.00499420332223464	0.0036247070758744
0.531788660964339	0.635687772852586
0.675956241999214	0.603197440253939
0.950506395564114	1.0895961487337
1.27391171226036	0.571307984003244
0.5379185734231	0.27611373602271
0.549527014039047	0.27029541124497
0.0735344961849433	0.030372595226232
1.58518082952261	1.3524797163028
0.502096445576312	0.366918540984424
0.431909037479427	0.365015801701637
0.432999178444667	0.371057068843179
0.548560591641906	0.644754125669386
0.562539982326614	0.706605694599797
0.639556606582976	0.684679068974653
0.111310896890457	0.0757298283082841
0.364993184569695	0.355395937758639
-0.0651038871201867	0.0448549904456814
0.853554846975946	0.880188700320473
0.324355990137082	0.247685389465029
-0.102882624644995	0.065701392834942
0.226134572602739	0.165953951265331
-0.0541303940673294	0.0366772368021024
0.412298331726869	0.359187447718972
0.0596850093455282	0.0455953711513001
-0.914758565067916	1.04706873042009
0.0823240239571997	0.0278318786677997
0.292374273829729	0.142503576337029
-0.047895035737585	0.0333086861855717
0.223155012580191	0.132810074176121
-0.151013355691199	0.111038594478548
1.2397065404629	1.25159784436465
0.61764456156637	0.579946000751123
0.390875233661118	0.245438934885645
0.387137432220942	0.242967517699766
0.535688169288655	0.263080530853842
-0.035819263244353	0.0207617639168932
0.565460463957153	0.357973573389823
0.116703826372733	0.0829080192018378
-0.042734509784261	0.0244012548190581
0.533826561869399	0.472291781159829
-0.517253261212126	0.415578835485592
1.05245374448458	0.976616285001265
1.16081178331048	1.16024518580849
-0.419942990344962	0.305867966962863
-0.202344817759869	0.117235386039917
0.464259160152286	0.246865181996455
0.541154696164633	0.27881268979787
3.62214466542481	1.4280322022772
1.89798128726091	1.20063769586781
0.985336424854824	0.365963043289679
0.381726791496339	0.155900053042255
1.8360480478945	1.49126568592034
2.20777373818717	1.70324956066997
0.786419645771341	0.547150299977616
0.0949355405242149	0.0570046227880589
1.33278291180526	0.991385942751632
0.232772372467313	0.143869337399054
0.224635010974579	0.158090610454105
0.576037032893313	0.386949725857276
-0.0591874826020825	0.0457881520963557
1.107961293914	1.46049425481804
0.518539277643932	0.683182437424683
0.157823019653744	0.156185077298583
-0.345154894289378	0.360780333238327
-0.149862431031095	0.141477989803777
0.400451031894568	0.361821016199627
0.575399723043357	0.731421890965146
0.262440147213956	0.268190622900005
0.613304097690492	0.68674073298369
0.0158799159133292	0.012987508852476
-0.0149887685583911	0.0127033971283642
0.217868016791435	0.189165805693073
0.407945018758071	0.50963826330787
0.151658891664489	0.135869830636301
0.281786467719448	0.267325294444825
0.473096211592339	0.530516047545037
0.204214113366295	0.178135570671942
-0.847035969972933	1.22845446872077
0.286498132910535	0.267384506842622
-0.194244863864605	0.187111900999692
-0.170802634198805	0.155719828074552
0.397281774478144	0.36908195444806
-0.474150518744579	0.460893379213952
-0.0713637512434259	0.0548255689342252
0.630496557462202	0.745585886589876
0.772664431884056	0.937444631668204
0.218111403498779	0.164208495566786
-0.239424837631846	0.232031469789699
-0.100337822210129	0.0789269369105717
0.376815826930067	0.150301068507796
-1.16384354392211	0.36161718506419
0.848941627560645	0.423015811790145
-2.34488971843471	1.25280075824626
1.39413932366944	0.867903492335008
0.520942500340995	0.354786469787805
-0.0575625021854534	0.031440346565237
-0.449938362704634	0.365490887049724
-0.0780391349938369	0.0536599101565211
1.42667595114953	1.79146908165896
0.569258795567315	0.379409224580712
0.627286105219801	0.660085407032751
0.221750808075661	0.178043320605082
-0.106611946791255	0.0703014770399718
0.318244137965367	0.266787461507986
0.601569997874185	0.655474647361023
0.485255609390609	0.472175238176814
-0.405705377143083	0.28889839364347
-0.586026503722866	0.577853818220829
0.524822451068051	0.560711769039916
0.460939992920218	0.35238628248563
-0.0821835559899578	0.0640004008900506
0.0141597747737525	0.0107696341421945
0.353938088029135	0.332699914618889
0.64233292063777	0.469568653432344
0.281734736718175	0.255527953963344
-0.404064815584036	0.284441109419038
-0.577586534214817	0.443300736784963
0.319466213918898	0.252298166108228
0.78644469765727	0.547351575812685
0.340174698501545	0.252985930325597
0.0842615186073608	0.0324658104907538
0.569576445817539	0.376922174127801
0.0863793540442304	0.0360434360327338
0.0875060405981277	0.0463130296577849
-0.0818829017266701	0.0432685673757809
-0.0749073308382951	0.0388022729113201
0.672289025301892	0.775213243562868
0.226675827484981	0.158639008041028
0.122261778768256	0.0845713854429896
0.100021210718042	0.0605733042882078
0.65563497112028	0.520951277973949
-0.928896327032594	1.01615910951763
0.772342541435874	0.862448932285371
0.468052870381249	0.36667290509419
1.01933354365775	1.10755173127218
0.475270768385255	0.26281149041328
0.724178424165838	0.635362340734987
0.915743553770694	0.692313301341187
0.235360149601987	0.141585712062561
1.39075531219204	0.862129674858598
0.473028548018532	0.264539257528914
1.78043855997847	0.686973170341772
0.0880489474711579	0.0304172714241184
0.386386052642376	0.15494071056255
0.108446269847057	0.0323633029758956
0.988437171883203	0.385675089722456
3.90763481913392	1.70634109945163
1.78897729310624	0.70482093072839
-0.771736195798064	0.27307434267397
0.630908847727883	0.391067793028081
-1.74088729902429	1.05106729788263
0.711731866412895	0.527832293605286
-0.47463279609099	0.272877862703135
0.648081942936462	0.488368797602362
1.55412290844669	1.81375597411963
0.943437533548474	0.840802494733663
0.689746006699696	0.706552753080858
-0.223981676947823	0.132595912558784
0.107990711182382	0.0681922092902456
0.2193896612769	0.197812500570825
-0.00205628353598909	0.0015080222364649
0.201117745183522	0.193420713717328
0.521254723866375	0.5447272089156
-0.238504757591676	0.246349854113965
0.211002251403219	0.197601500471574
0.0437768953742954	0.0304927232974661
0.136463547809142	0.130330103507648
0.198525606311889	0.175060445445368
0.00636869065754509	0.00491425006196315
0.394419993876857	0.436721958345653
0.446385306923345	0.362955488261025
0.492857808736654	0.450255811016441
0.205698335152922	0.182373731818014
-0.0378746425954235	0.0267035763415644
0.203950171275235	0.19640667147954
-0.714563007894545	0.803091961193442
0.516058571317872	0.474659322306858
0.269927219232339	0.25651623154692
0.309255693785068	0.266469726914589
0.219315123046873	0.162933651802389
0.760576513251315	0.721398326731546
-0.101501859874165	0.0779059293165508
-0.136521460693879	0.0868196897795885
-0.677863359692205	0.805952137569777
0.98934828530534	0.37488411380459
2.30181395889767	1.1644812794501
-0.126444976684794	0.0564437511513414
-1.33807660072524	0.63101365441123
1.72491505711936	0.965379293232152
0.468755981062817	0.369858715063187
-0.105497969399555	0.05155456687882
-0.180206589901085	0.107937351746819
0.768350483846262	0.752265110288293
-0.86402182638175	0.656922644956115
0.65245143555021	0.509351005825036
1.15609762242632	1.19774559266279
0.56646521504356	0.646470153851335
0.709477302232998	0.698496854133047
2.32419475134043	3.25685986916832
0.986907228920457	1.25422433344476
0.313797395510661	0.262988092693233
-0.302633185556318	0.262168493289412
1.24637118172567	1.30243753671665
0.430875210830161	0.351133561637892
-0.869176065424167	0.654617054857758
-0.609770613659135	0.511674775254235
1.78718458493969	2.79398648052618
0.317334027910695	0.243065241743107
0.475783364972634	0.373160213817473
0.376767158413183	0.152558557205109
0.526778522011124	0.36483208289056
-0.130680674418518	0.0979692851216868
0.0299220386752879	0.0201137646758592
-0.540255755073778	0.375800053765732
0.244645145115017	0.141490364703319
-0.60498785499679	0.519593994503005
1.07742888646086	1.14025924960343
0.272217488206219	0.144308825528332
-0.870367146522063	0.591162030162219
0.603203071991998	0.481340278545043
0.392595918681222	0.244976806431748
-0.186505772058259	0.113450645449291
0.339284825810095	0.231002272695478
0.62007802854871	0.597118434864663
1.06235551325842	1.00269140393823
-0.117398230749586	0.0745692027287238
1.8791880871892	2.28906845887275
-0.0156136136136396	0.00925152244427619
-0.372848285018834	0.177975456018747
0.763786362279702	0.329058759499435
0.327383458345123	0.145633115663574
0.291645140089249	0.141634689289189
1.00211130581119	0.489238812874468
0.400679880607518	0.250155715985401
0.995645475268772	0.360623108376062
1.96698416228038	0.513878740168628
0.988437171883203	0.385675089722456
2.304545533357	1.17906963717201
-0.27300639141227	0.0935031672668972
0.837793150145186	0.43828060439644
0.262430781016367	0.139352186800344
0.296219296024808	0.146762887291026
-1.66961967124408	1.28630562851817
-0.0495916395622575	0.0277364898583256
0.972570736010303	0.905055897582203
0.769584741949322	0.75862498656853
0.401053440008524	0.358334014485631
0.31205587386462	0.356154549717865
0.200710477975726	0.188908198550226
0.844849403806474	1.57372115157161
0.146734761440089	0.142926039529121
0.549297124420699	0.643716943171398
0.502789405195777	0.548446095478886
0.324972296336043	0.330002733115881
0.212655359212367	0.214047571407733
0.640252423727716	0.767255914887405
0.144173047092896	0.14460682416094
0.401799977140319	0.424577417386254
0.437352427680672	0.525100602678029
0.489207901513136	0.607968389575379
0.766317639967695	0.924400714912047
-0.300698254266067	0.305736258091478
0.267198151461159	0.257677139273768
-0.0388857618099017	0.0316574382758163
-0.291146048731254	0.245877977215089
0.0265287332887774	0.0176271724072016
0.308056224373898	0.252935128492848
-0.217404306914094	0.188992049722149
0.199497649752049	0.191875632555334
0.150732315752871	0.134970872494714
0.310256008616419	0.268012051396084
0.311425281871716	0.259810579237596
0.581695704496699	0.479426312679367
0.781683761512061	0.529074574891319
0.0764043987414485	0.0384537123413395
0.0860386605397226	0.0395191089993676
1.4265246816067	0.467327448888551
0.400239904957802	0.255233860183277
-0.122897861159477	0.0553687372320844
0.289502060367527	0.14070525680811
0.655158884838806	0.510075313919361
1.43485156908302	1.7600839512681
0.0846764913476254	0.0486591597806699
-0.368171908088635	0.328304855000641
0.393944915603252	0.250980824825876
0.621624163647444	0.611659602186622
0.653698837939773	0.784741031075426
0.367448167474557	0.359334267396973
-0.00696908884536055	0.00412200524770392
0.53372168574436	0.469757101261495
0.0241229139047495	0.0155460863295874
0.769564529983534	0.931239719473573
-0.0750641757198226	0.0492407620533837
0.510721091912087	0.482557927524561
0.556587319726723	0.570676000837792
-0.124226188256255	0.105685501725645
0.763159391718547	0.643935440640341
0.518332245455642	0.344580224798058
0.346509590144102	0.261857518139013
0.816372957371329	0.775211358584036
0.474647614476561	0.267717665978132
0.230871322928705	0.14700387553794
-2.0496947067119	1.49790217072089
0.341916115898183	0.255697509127075
1.15106760945728	1.15477692942062
1.8387077197546	1.51157569160331
0.240513504760517	0.136658792266339
0.874909216480356	0.820951162630403
1.78274179435456	2.08341518087227
0.00630819123938248	0.00407526686082175
-1.17706318377752	1.11827179818919
0.824701888932438	0.781091619543605
-0.309142851082484	0.201219384347191
-0.125392949003203	0.0557397771784697
0.227149061205916	0.136323668555151
-0.0601437058978114	0.0335817871511137
-0.267507570681783	0.18118203426684
0.333996108603965	0.150177321307284
-0.130619815672228	0.0585187558725321
0.082043173679952	0.0344204278922751
0.992743767800263	0.377718778765358
-0.582326450122822	0.236321093295849
1.78962849119388	0.690816806741424
1.27759863398412	0.562869190073986
0.946065532045823	0.818884724996963
0.47152947483084	0.258349635342101
0.0839022749949855	0.0323151285658236
0.831741445572809	0.686264825788084
0.874428284927706	0.819399824563938
0.132399133011011	0.120645489259837
0.474662097754183	0.460797212379523
-0.0890990313062317	0.0696652379972652
0.547271237530272	0.568902347934552
0.160216874415223	0.155020453772894
-0.348121863230875	0.34778053201003
0.272158512032446	0.264237414109647
0.362842130958351	0.363750532163877
0.208342842598236	0.193789251800803
0.390900859691062	0.353899787358373
-0.074706073814076	0.059023885970424
-0.106208653584296	0.0907570481482735
0.834186212804283	1.13930432262934
0.287926526027086	0.251743983964869
-0.0130381633369442	0.00758722311562297
-0.75827356996643	1.06089230665259
-0.187154127339865	0.169826452414813
0.729070686030718	0.880927471562295
0.0582443008684237	0.0435728859629953
-0.60668697190772	0.499125183009938
-0.0174736581259218	0.0103972495540856
0.102368405059889	0.0652039591803724
-0.364629831077686	0.307917140211973
0.236358138286175	0.163589255234094
-0.105917267222088	0.0801108172882698
0.125194559443307	0.0943009659758248
0.264608139938925	0.137952873855619
0.375447252473767	0.151289265075405
-0.268120071173989	0.146271726740644
0.0873982360873329	0.0403539270062175
1.69889815819885	1.91553746332114
-0.124721169805828	0.0557603618348642
0.231312007319813	0.158600093719115
1.41814457731871	1.70131305405987
0.526504151781207	0.373608010743559
1.40996236817075	1.87083796362802
0.286285533507997	0.243882097888389
0.355116951693466	0.257505803316166
0.1085875740603	0.0692444303284217
-0.588159032765396	0.435263389961154
1.24828773763254	1.3173796280329
-0.405340065885277	0.370648426808777
-0.285116221060404	0.225327329567632
0.883255031118604	0.540900213003877
0.642511441954771	0.611484867335049
0.43852850315614	0.34727673578826
-0.0284150115721664	0.0163078435143236
0.2451938726325	0.137589257196276
-0.747236650344214	0.530418112844104
0.523812532766568	0.368676955328601
1.39919418910163	1.26648771308346
0.268121333589121	0.143610547141114
0.6728543699035	0.792188580211343
0.112469833766366	0.0720475535936569
-0.0560169255216794	0.0306273906799603
0.336166023387673	0.259502963602446
-0.686535318801112	0.574689671371614
0.923951334129926	0.710237133355854
0.00242090054588253	0.00143087075798217
0.780977865589984	0.746772610527365
-1.41961352089614	1.11732388816922
0.892098614920088	0.574496786504678
0.0999513279975123	0.0593211108597552
0.103663272389684	0.0312517446792854
1.15805862839338	0.897531974071
0.625733719979546	0.294908739994208
-0.132511422864029	0.0599756212766854
0.135951528165473	0.0344511607680368
0.989511665974517	0.361777176496459
0.382698444520541	0.15549131738934
0.624443002209963	0.292918897783287
0.0850522964117141	0.0395646416650294
1.17077128757069	1.32458155449899
0.72400240235404	0.920127613813444
0.379417017164156	0.438086838087982
-0.114365781902818	0.0988649196337599
-0.43862181177551	0.422261209099457
0.744120488395467	0.831521142643864
-0.331615226588461	0.275191920308314
0.284658951848112	0.270092444093175
0.281882588910909	0.260383228941048
0.149509020777539	0.130634583746152
0.993409177063288	1.50777768520338
0.129927536294875	0.0983415722034609
0.419006527152315	0.438953074568868
0.693952587716836	0.73326854247003
0.892155454230352	1.03746434398029
0.208692846548539	0.188444250198346
-0.779952792912067	0.796875140030097
-0.471563010687311	0.449657753718232
0.219156585674226	0.167378132225881
0.0460628008587529	0.0318761408069082
0.388599669982348	0.357378781145223
-0.0778323651504623	0.0527874968837388
-0.0676604346884513	0.0466243350884318
-0.111194514658568	0.0863538660236251
0.226520996910682	0.15593422192538
0.217555903697225	0.160249355566212
0.509470733633922	0.479235253441553
0.838616189751573	0.456925526868453
0.83523056158441	0.446308720541009
0.292996063903292	0.14166507698494
-0.981781851245088	0.839318818471083
1.03312620508607	0.750234519311484
0.0941918891634843	0.0580129106293122
-0.017948198517618	0.0107192257172499
1.50592761484047	1.51179863789781
0.226327071247888	0.156842656674281
0.428590784782712	0.358450482543206
0.258376658422849	0.134133326157166
0.503384213482143	0.470391495704075
1.25458151137831	1.4906088698693
-0.710142162915592	0.717978868121686
0.115538980789223	0.0768788597435407
0.0196693405659811	0.0130008378376553
-0.861888249606671	0.839630044835359
0.0762096086719999	0.0417053779640862
0.350211789284564	0.238960003048188
0.116924496902525	0.0805616405202115
1.01826392675419	0.611045538538965
0.104356295690229	0.0632250734411413
0.7215599252154	0.632073400637088
0.34090379956464	0.256629308774568
0.234069939710337	0.141285422502358
0.244870745722197	0.136796339425799
1.39446478856936	0.877019991850082
0.582060401615904	0.570435763362971
-0.606219854154587	0.500451335305687
0.654681657384368	0.510380636346732
0.230106319958882	0.136578652026821
0.915743553770694	0.692313301341187
0.079472250656542	0.0427939019975462
-0.101684215819564	0.0502853040430325
0.493978861550645	0.36542639957707
-0.0567672081426071	0.0306167760669334
0.763786362279702	0.329058759499435
1.1811835985803	0.781133026165856
0.287554917429542	0.140248925948906
0.991806627863386	0.375637029636672
2.06633029593796	0.930156361241897
0.988437171883203	0.385675089722456
0.474691008395768	0.258506618894017
0.381726791496339	0.155900053042255
0.08865830005751	0.0307081857326401
1.69922377380055	1.26573172863342
0.633587708911691	0.201494267434819
0.621403848080645	0.29117708249682
-0.154209852485237	0.0628168991453196
0.890638821918533	0.577933254572024
0.412745254539676	0.427925712945015
0.35267663862976	0.442885512737839
-0.225756673981295	0.202646040116177
0.13619855450246	0.113966246638741
-0.148055322002889	0.10966285684283
0.333751121773811	0.254863649446611
0.817166870181622	0.745903258453317
0.846295771582317	0.96466481675277
0.0977998152907539	0.059172911837258
0.219614328867528	0.159504186613244
-0.511980808965105	0.482240046790591
0.301132437717791	0.252622854896279
-1.23472021422384	1.49399281941282
-0.230133603025308	0.184958785837294
0.223380114275891	0.168959627956209
-0.12477063150216	0.0810092350284576
-0.120094892755308	0.0905827100376932
0.21336618503567	0.157010113512797
-0.85515081511458	0.88936060797443
0.305050267673297	0.252081020164271
0.636985793870785	0.597129145255245
0.715761800119004	0.631911370006412
1.16052192601485	1.18984983102749
1.06044982897953	0.992007765964058
0.579385124797706	0.50201761302102
0.306997191762221	0.25100498905013
-0.0601493395683461	0.0404475317677438
1.40366286293342	1.28626755602089
0.613656655117675	0.496319378808483
-0.610632672001207	0.522837832625997
0.351331229535217	0.239803169451352
0.243482753921324	0.136511968148954
0.646523776994397	0.501505071002936
1.04086595090523	0.889774130107399
0.763756531874379	0.624354840184986
-0.325271783957491	0.245099796251097
0.953018400122795	0.841255075080983
-0.475288192722198	0.334935075835888
-0.250812561754755	0.164741083894035
-0.614963391895806	0.517200880920229
-0.861321033096558	0.810900034970551
0.525750666379422	0.481992026579072
0.228910115118394	0.137979082627803
0.438334708007366	0.253698730879091
0.43530767419732	0.365147456632686
-0.296683734476821	0.254372259434914
-0.435933360336243	0.44918463431583
0.0846777264179915	0.0446481113367275
0.477522568324168	0.268404057147586
1.24588245675963	1.49340162471037
-0.22016075037866	0.1249236684492
-0.102507662292053	0.0495276232835323
0.701089292999322	0.495039952366086
-1.02617817464401	1.34037913886656
0.461534743546575	0.350893182271703
0.298101587659528	0.145448030527433
0.652084418947093	0.501259189127789
0.0759454864636282	0.0381983536173841
0.911720439251188	0.688438074449452
1.09996519364337	1.39678385853211
0.449264671142967	0.464346303649869
-0.224734059448554	0.159650155631926
0.089643105762173	0.0411832324808513
0.772942703467729	0.754230863017198
0.579682939780484	0.388559161747719
0.522567041856289	0.366171033945316
2.06927264227625	2.00680264757611
0.388012722835602	0.247308557158083
0.880758361136212	0.563047623436452
0.478108088378954	0.265603643462312
-0.21212410842254	0.0811362988501105
0.884111166534268	0.568213547275819
0.382345608380517	0.15451194542219
2.3011684701108	1.1694572685461
0.987526987507254	0.374720153749486
0.336249619477369	0.147929263446614
1.72042478027578	0.997749212505794
0.998459962336284	0.467294269385279
-0.832570978680795	0.389830571128625
0.635270406728785	0.389616861855228
0.0880489474711579	0.0304172714241184
-0.669532071575372	0.338701988947361
-1.55236030615962	0.574010823700963
-1.33317859395394	0.630781516003561
1.27327103336419	0.576441603542615
0.843421190210658	0.447278685660217
1.39964297510284	0.842804355014936
0.105820348950478	0.0915515277658141
-0.970157579471594	1.17197327322104
-0.452805769883234	0.424115742904357
1.10036801158359	1.40117291035819
-0.159698324304583	0.0986487981728423
0.860565303099083	0.884774213649658
0.106998781712191	0.0631062370102257
-0.11935465807283	0.0761468443618899
-1.09060488797909	0.971658959867754
-1.29476277819981	0.971105007217609
-0.0819684352114098	0.0544359481080741
0.229750778877603	0.136392321666574
-0.306974041921737	0.201327804036348
-0.76210266453194	0.504943540995441
1.39827902269071	1.32849015102448
-0.165435469353541	0.121587491008561
0.387254279359559	0.246928391444036
0.0849965839856859	0.0422921210630521
0.556005496543742	0.562574622538653
-0.0734444015650987	0.049482227478573
0.25002039813333	0.139349245619251
0.949093868455709	0.828768494845245
0.759090598365399	0.327734281589941
0.788580697523121	0.541967234047808
0.923951334129926	0.710237133355854
0.537521437143376	0.273554577509786
0.763535427806062	0.647899289465391
0.366001562649625	0.251167504506151
0.352956331232728	0.252393355370879
0.0782136492593735	0.0418782403292288
-0.608870501742564	0.370590446080551
-0.620513879678716	0.395432472006376
0.10171111270862	0.0630418923247547
0.914842470899437	0.713551139097896
-0.0208211487809754	0.0121707910764373
0.247612198288505	0.141519743651789
-1.89829347325442	1.21429224161187
0.525992584695192	0.362298999674414
-0.459388799108084	0.203183249420525
0.121164178987206	0.0808701328186016
0.292792507014326	0.141554254802689
0.0825049214426699	0.0348955431505002
0.332097181191738	0.144904546427414
-0.00696908884536055	0.00412200524770392
0.641139051216846	0.405174000887372
0.22149389990663	0.147760676354267
0.641139051216846	0.405174000887372
0.0723717050271089	0.0325147696154105
-0.154461230342884	0.0969270250052634
1.35812670130156	1.38539677029284
-0.018335759228843	0.0109588319530837
0.571615780020872	0.488070342266716
0.572791082300141	0.478680967244003
0.215374823936233	0.185493854742977
0.529838781602747	0.376123040697929
0.290916782835011	0.139990248921357
0.396502288030697	0.252909940450894
0.381257786092986	0.154014976686484
0.576037032893313	0.386949725857276
-0.553079569028435	0.299600344692254
1.2128743258166	0.685300120285879
0.797854275183338	0.530041588616748
-1.55009541482484	0.820852578818359
0.295685418956448	0.140914178171836
-0.583575404829633	0.590608992713897
0.0880026853356448	0.0339522008133425
0.626425352977786	0.295771445848541
0.464256896731091	0.16327109600063
-1.01530735229495	0.63452278458739
1.60991147198463	1.73026475088558
1.71595200431003	2.25474946230715
0.0830969289945298	0.0375292762747525
0.292266329374177	0.142093710357149
1.17859031695947	0.786130774183422
-0.376954284709216	0.180781346470262
1.71126088526171	0.951099161244827
1.01442796933777	0.461782090159946
0.533863758549084	0.271590292117255
1.02037471997859	0.619556073858577
1.51004581880443	0.758035302417278
-0.454961597097599	0.200425914814435
1.00079359206909	0.495980109027655
0.0764043987414485	0.0384537123413395
-0.581713900627926	0.230525612421022
0.470921211153915	0.173073255821478
-1.09241691410108	0.447166800655785
2.06817620894919	0.927021608667633
-0.304446554120238	0.152922160970231
-0.592612000349267	0.231554089899941
1.28160211476506	0.538595634184359
1.20878072413895	0.674743556440075
0.132566791773697	0.0960511409070902
-0.268016533174738	0.256282731313707
0.35930809127828	0.358972019016026
-0.596796858789467	0.494633759520016
0.00870903478931432	0.00519031279655414
0.0631368889449951	0.0488379883105427
0.231868978560357	0.138446254793477
0.700139934698717	0.725932977117036
0.429781359214533	0.248144702909884
-0.418267499867211	0.407599846765873
-0.289174195070349	0.237792800592573
0.341898435461955	0.253018405958346
0.359051270120061	0.259467578265294
0.125190016624026	0.0924380489237428
-0.573424047151008	0.540317167472863
0.137099748536747	0.110119162021224
0.494585332400605	0.444705954458337
0.393227237635596	0.244868088955495
-0.220732424989076	0.177072861808273
-0.0396525705407348	0.0229034057308378
0.464949506311258	0.357814361085572
0.559045932422729	0.498598382953814
0.217439235809101	0.166707275759637
0.430111699449097	0.36326030573801
0.216789926952549	0.152830377437459
0.0804099238255058	0.0433642577629573
0.648901918703598	0.492599067499892
0.0863378955831899	0.0495076930956433
1.27461707878605	1.19485556747297
-0.252514238349064	0.200666602451816
0.342845867217553	0.251675742674333
0.713902981681098	0.526775644774195
0.363040609996606	0.254973645823057
0.346515120608508	0.252826486617942
0.458368150586268	0.370603488861792
-0.469958795780274	0.329697256241124
0.0834996157898308	0.0420922058689586
0.0842518047045774	0.0484567201402924
-0.559960151611687	0.302585928429338
-0.263747958897014	0.14758271533887
0.287863958439946	0.140162629755783
1.4543013888261	1.14847325097557
0.424762092518141	0.245054067952333
0.883024896395997	0.570683718774015
-1.06018955440135	1.02666557325875
0.586285610662003	0.38436720069465
0.497552657587376	0.378233574987567
0.363979058332791	0.245102040110141
0.0733631693758966	0.0361336589990268
-1.53260857504115	1.36085067280869
-0.0761298042610565	0.0380604754862172
0.653038882158299	0.508460206100258
0.32311542700483	0.26281510261498
-1.04043773569606	1.01078933162577
0.0784626054039634	0.0396420041906916
1.020690178594	0.606184606810572
0.251092607541243	0.142513456510366
0.882738367699355	0.579127911096874
2.06703309911933	1.39841931905873
0.0762854205916291	0.0404922046726929
0.0883433220784693	0.0498954617314428
0.380556019456798	0.154530039605557
-0.0864103280013024	0.0445747039583683
0.947635156254776	1.20470837052319
0.380909738816788	0.154762044119738
1.00346959424723	0.487238843279873
-1.11031023515138	0.842712057995532
1.51267722128914	0.778617118810106
0.0847539592473101	0.03956762071025
1.39734829672007	0.853658588388447
0.765971714075514	0.632361857184488
0.988740938203036	0.377100744798547
-0.311485772270583	0.159509654281314
0.883381601657541	0.570741054137418
0.0922848250712378	0.0317343977473862
0.65113106389138	0.391801463841819
1.78923308071754	0.705825777601164
0.485644059271514	0.260329830072231
1.51703099891633	0.757706082295539
0.548072550488601	0.271366024235484
0.328094292559825	0.147090058418055
-2.34523374828985	1.24835497016893
-0.831551373122705	0.38760207830276
1.00043937870594	0.483449245874635
0.0829494576607661	0.0310911812337093
0.469971788342555	0.169266326339887
1.71126088526171	0.951099161244827
0.63384227093225	0.197583163682632
-1.89489664086625	1.21264184497991
0.83932578411326	0.4582379329993
0.381331005634845	0.152173718727342
-0.166523484030474	0.069081841305753
2.06974764950025	0.935429228608625
0.288845224645232	0.382635896954315
0.311727889739334	0.452740581302466
-0.490609536910888	0.420280199384619
0.738712429156681	1.18899432776489
1.26318707773829	1.23917742428594
-0.751558008208408	0.539793445100498
0.83592286509147	0.689663090988644
0.717025801907613	0.521696657472569
2.05700097264693	1.39479379796771
0.08548898110449	0.0399656514075189
0.887234815503846	0.581512449477654
0.890638821918533	0.577933254572024
0.433764872378202	0.258299730892755
0.232299438666255	0.143745283019835
0.0818633981145701	0.0430348967105109
0.54926476961348	0.476594026396084
0.333461333241208	0.255601983284094
1.00544858091674	0.501595986184172
-0.828597320987965	0.383052543272839
2.85062427207713	1.89791008760594
1.18663363132683	0.795186577537067
1.38443191703994	0.816069861885648
0.0831475931311588	0.0379743238177087
0.640686529733039	0.403148939981894
-0.0732920904841709	0.0376951634116667
0.762068746394606	0.328696223914444
0.473922735013862	0.170958339585501
1.34153257535204	1.47056683989229
0.298899297083895	0.143538559279801
0.292996063903292	0.14166507698494
1.90170979771147	1.22685833801334
-0.620664417666285	0.395590757403795
1.36579335672964	1.4472188245847
0.491958820226241	0.356021274323221
0.26011852659262	0.137775880667264
0.827855575665871	0.654834999269136
1.51335977493618	0.784485589527796
-0.827227468040467	0.375770586455426
-2.29959677901051	1.92181983229114
1.00079359206909	0.495980109027655
-1.08168152666549	0.460839725512664
1.51335977493618	0.784485589527796
0.127840627156497	0.0968664531643346
1.02289332415297	1.55567497842423
-0.262036738719118	0.182968001238376
-0.433011927619769	0.418757561799911
-0.275437774335467	0.214429080978563
-0.144709398548936	0.122229548258789
0.0647461235004254	0.046383474847353
-0.357791487301319	0.230788389717426
-0.604006805842141	0.516443294719726
-1.3001397343057	1.0061675929823
0.0879085915529197	0.0473183326956311
0.846440942998701	1.71873372816634
-0.313927460832296	0.240675155170571
1.02623829065075	0.616108275961975
0.835608206806224	0.449424236114679
1.2712766013023	0.560135866360755
-0.277301771229429	0.0951277141110843
-1.23614465401201	0.688165161442255
0.0459611853950568	0.0331183335487352
-0.211458004445709	0.0811563578849673
-0.643879934910744	0.162803684869529
1.2675900069097	0.556708354382042
0.633333065712799	0.197204402740103
0.323238112440404	0.142530570391464
0.129931396742343	0.0324824869680106
-0.210441154362998	0.0798028746341087
3.62214466542481	1.4280322022772
0.379506154678225	0.151008723428211
0.762753322642864	0.330192537114287
0.625733719979546	0.294908739994208
-0.0783496998553362	0.0403156857026429
0.225665424574634	0.141882185762894
0.603241589942439	0.4826155993093
1.69665590940525	1.19655710034079
0.108451423290579	0.0323086904677901
0.381683825664064	0.155498649868734
-0.643736072788252	0.159645094922541
-1.55741644740676	0.568466145284189
0.471558126062996	0.173900761007562
-0.277301771229429	0.0951277141110843
-0.0076782179371486	0.00728525402367177
0.23253558233748	0.154640149007448
0.570039108327172	0.792223733943256
1.33161248448898	0.994643696700046
-1.08134987369079	0.460940174958639
1.43233202051574	0.457708556804036
-1.22375649349266	0.69241396572847
-2.34524793400099	1.25537462815191
-0.842303164944036	0.378683583843564
0.471558126062996	0.173900761007562
0.103059347311401	0.0311436889874163
-1.16453750470596	0.363272673512163
-0.164530158088525	0.0672250551872572
1.27296540627515	0.563191440836931
0.837359855356126	0.428728287067054
1.90885349771927	1.12109227224705
2.29651288906374	1.13862722617455
0.471892474963698	0.170490516965899
0.988133305414923	0.376277747590717
0.759774625906189	0.325165886576976
0.091937540093905	0.0314691281586567
0.112723743261198	0.0327808160761165
0.63386835008541	0.292683200032962
1.21251131943899	0.684337894817016
1.27262959468538	0.576946807960676
2.06694585872518	0.936922662860552
1.51703099891633	0.757706082295539
0.63386835008541	0.292683200032962
0.112723743261198	0.0327808160761165
0.0876427850306642	0.0337995574491269
0.932074438006684	0.254855397135986
0.995554076560651	0.478949655930793
0.382698444520541	0.15549131738934
0.075520968241172	0.034707796467131
0.0828335110631165	0.0351464658860409
-0.450875769568181	0.64147015228499
-0.602869945257435	0.740220156277343
0.732530075770353	0.900476534689696
-0.294460328048897	0.254543337689283
0.0694668172962778	0.0521974595383819
-0.440848080792823	0.391262276248867
1.56111886827556	1.01313433851138
-0.870847910306254	0.582464454228264
-0.999862678305208	0.755505033224878
0.296106886509408	0.144240062210095
0.0343877499974651	0.036928203896572
0.629194899720281	0.288715238081528
-0.774888409213732	0.268597855612849
1.42515113579646	0.479224019474994
0.4688744554519	0.167771162660396
0.147239812931933	0.0294793108903463
-0.523634223599476	0.487430218673875
0.630173248766104	0.20033713359998
0.110270631928751	0.0327215995700281
0.135466503823865	0.0344111852929926
0.11272462121937	0.0338915360792968
0.988437171883203	0.385675089722456
0.106209128805893	0.0313909403543514
-0.376954284709216	0.180781346470262
0.621403848080645	0.29117708249682
1.9678346675076	0.511732460330704
1.42495176944544	0.478712624316164
0.628416468806547	0.292336955031564
0.650845849472028	0.38833573819936
0.629830602015563	0.291299483246016
0.840035982617906	0.4567775112976
-1.5580733097088	0.571102626716349
1.96698416228038	0.513878740168628
0.152997495098684	0.0306362187597192
0.934928213971668	0.250251965251752
0.139320884730454	0.0345414157638451
3.62289749047493	1.42603256396131
-0.158734442796682	0.171058609613108
-0.184870087312199	0.129854305170943
-0.0240158176529364	0.0203067826422098
-0.460679875020255	0.20181932706116
-1.22711229160517	0.719972085478439
0.0794232544633365	0.0360818378265375
2.33256074380861	1.81900694194029
1.33233795057295	0.996513214728241
1.51736256998903	0.740690916243324
-0.559639292034591	0.288309184436839
0.634560608526261	0.291539890515929
-0.463362799779627	0.204173052490432
0.0835573828453083	0.0353211462877418
2.16970657632626	2.24090959697636
1.01246723894956	0.580051218180307
0.886352943134419	0.585054897151023
1.00544858091674	0.501595986184172
1.2772613973147	0.576505605197888
0.988133305414923	0.376277747590717
-0.283321094601656	0.0949223614428779
-0.131462406257856	0.0582311973933536
0.0768622786828643	0.0323506308833355
0.388334304066626	0.151528133412677
0.474872770904304	0.170305793951334
2.06365048571015	1.4571664935335
0.845175006575056	0.436644080303862
0.283584819310472	0.131290802298574
0.0792438793206834	0.0304497751457417
-0.582592318833542	0.237008278804709
0.54008143264696	0.272164171688356
0.0788438714745158	0.0387057604290409
1.02333304997092	0.620634040638644
0.0883979150676874	0.0304175841008149
0.575607363879052	0.387516869848135
1.15468188146098	0.901737104106748
-0.433407525940123	0.381571100808865
0.20794262991055	0.197050853896931
0.819981922178131	1.3867305490313
0.911865909417195	1.12293972886603
-0.095353046946409	0.0738027924533878
-0.0847010707637366	0.057900395926606
-0.0731192156687143	0.0482058623409027
-0.414340691447583	0.250343589782965
0.326168033677672	0.254550449094706
0.340765720051848	0.353112907459082
-0.0830561496693492	0.0420200398700434
0.0821541677227444	0.0313137819917321
-0.465117178640114	0.204092984332235
2.30021207255371	1.1582458392553
1.71159298992054	1.26071198245686
-0.0987812235546144	0.0483138353579569
0.243069100827931	0.140860816193175
0.323572491418583	0.144307556307601
1.42515113579646	0.479224019474994
2.30052222762641	1.16694406014279
0.467146928346881	0.166009532274329
0.991198953733501	0.375868710519622
0.109662775053552	0.0332182651584632
0.533061477312796	0.270779912051715
0.389373178912923	0.245186045218201
0.772009784371809	0.771118194500892
0.351258806588196	0.254202783758025
0.761168837487348	0.305912688353768
0.381416312671618	0.151821992210382
0.471558126062996	0.173900761007562
0.10936056423864	0.033114486226835
0.633587708911691	0.201494267434819
0.932074438006684	0.254855397135986
-1.16104446684559	0.34857235017761
0.931503049039329	0.250030129954956
0.617422751340978	0.275151564568308
0.552398920033251	0.577634074035252
0.476852415336803	0.677618321388529
-0.041194188136414	0.0342099068441514
-0.0207738473289836	0.0152851722452061
1.00542363536993	0.48442123981117
-2.12241229774144	0.990615264852796
0.109054653728321	0.0331112847711228
-3.47643877535185	1.22917727838674
0.104301871851823	0.0308121201606341
-0.273986898321334	0.0920825761519211
-0.833590870491758	0.380124365593918
1.84489923023481	1.42183699505639
0.471256153677638	0.16970123630098
2.06171977528744	0.913808515960282
0.470921211153915	0.173073255821478
0.474565974965902	0.174050129956977
0.630251248957131	0.2879563455603
-1.86334011401676	0.787747470899316
0.379343462957859	0.147876692264235
1.78897729310624	0.70482093072839
0.0987808446091075	0.0283295817846287
0.130611000572378	0.0331668723838655
0.0922848250712378	0.0317343977473862
0.103663272389684	0.0312517446792854
1.27692406974486	0.561512792829566
-0.837823719360405	0.390895338956879
0.537813160185701	0.278706941562913
-0.374751152763855	0.177542862084802
-0.711631500148077	1.0355703348822
-0.0318976656730996	0.0266267725987197
0.0110318001337202	0.00913982046570581
-0.233360324609126	0.208899944578218
0.0213979980669444	0.0140205778216276
0.372469315663486	0.3529992821682
0.131605304130606	0.156386839955008
-0.473934300489965	0.279984264244511
0.636626679750689	0.197295776672265
0.114217218709128	0.0305901825357081
0.138920339964302	0.0344276615792457
3.61891049166586	1.42844236989378
-0.124721591080136	0.0799228341606825
0.110270631928751	0.0327215995700281
0.988739355083205	0.374070793857078
1.42863181046749	0.477492125110696
1.42863181046749	0.477492125110696
0.938518476180973	0.241830969651109
-0.778629286952523	0.281185357772247
-3.47081834424235	1.22694638188373
0.109967775391788	0.0326203122944734
1.08913164805509	1.27882633819619
2.33875061290754	1.88074088056541
1.78422559235908	0.688811837068466
-0.383889457820693	0.113406633144808
-1.08197459667148	0.450745147906183
-1.16434110968712	0.363365772413315
0.632688485868193	0.200095400279662
-0.778629286952523	0.281185357772247
0.630173248766104	0.20033713359998
0.4688744554519	0.167771162660396
1.00544858091674	0.501595986184172
0.628416468806547	0.292336955031564
0.630564769542425	0.200132268237845
0.112916663794358	0.0757363104873972
0.154627897318874	0.134284713385018
0.0487415708376285	0.04149166169489
0.270374657340765	0.269808146129426
-0.273319755102237	0.0919567638260481
-0.161360384394147	0.0656819654772111
1.00313032153048	0.470028642421896
0.620384462729811	0.282709034946047
0.629194899720281	0.288715238081528
0.988133324575445	0.375534745120507
0.757833354638919	0.32456687202062
0.983420961322678	0.370758017812327
1.39337896554788	0.842343309281363
0.332048125046685	0.14517447463701
-1.04334710661199	0.532241356090895
0.626395152196308	0.294156375567445
0.538638734259801	0.276207805014844
1.39696677040994	0.876710907824457
0.08865830005751	0.0307081857326401
0.773863612991067	0.659630031986061
1.78657143442363	0.685297624384152
0.0842820548158963	0.0352995496388338
0.112420137081601	0.0337869998743869
0.630173248766104	0.20033713359998
1.27830493346734	0.519794891918804
-1.33564948101927	0.630837530605689
0.470522298066008	0.373934768546302
-0.704993754860042	0.742282335353617
-0.085238458328051	0.0573109958983817
0.406569949734666	0.360940256452688
-0.128971840020417	0.0841206298890834
0.0881036568426549	0.0479279760669587
-0.127196076689024	0.0560330627022343
-0.185786822044235	0.112152536704348
0.219130858610419	0.212169357454821
1.70551041120688	1.29080258734914
-0.570009151113752	0.208180106031153
-0.384535507391052	0.11154654613173
1.42515113579646	0.479224019474994
0.109967775391788	0.0326203122944734
0.21802222941377	0.161756015855827
-0.206441464166417	0.0768777385925337
0.629026947940962	0.200123508811535
3.61740953906874	1.38808922316987
0.108451423290579	0.0323086904677901
-0.216056692463898	0.0820031041139347
0.136833251350974	0.0345715512867962
0.999828106198193	0.490709323581571
0.763102092693751	0.33064391436923
1.00478934523008	0.501795998194173
0.109662775053552	0.0332182651584632
0.112420137081601	0.0337869998743869
0.136348268602553	0.0345664085091249
0.108753087782228	0.0330076065780737
0.135664295395256	0.0338535377218378
0.932074438006684	0.254855397135986
0.99390576927818	0.471194887086288
-0.772650360071768	0.28161086287881
0.0880489474711579	0.0304172714241184
-1.89865094621963	1.25640061758521
1.70221157063826	1.61231887962362
-0.660866063004211	0.481338299882162
0.110497088105843	0.073285629783235
0.401338453817288	0.495503739685116
0.52463609599477	0.69845311465164
0.438070100063644	0.517749690377956
-0.656638966719043	0.488512488307157
0.332864326012541	0.149361376214966
0.625825826185569	0.295153809512105
0.710316636902318	0.515138993481123
1.78923308071754	0.705825777601164
1.32821926223905	1.00097815256019
1.39287373725109	0.85423892735853
1.39996849198723	0.867327059447691
0.885777089825093	0.576213042733907
-0.207810186440228	0.0793850718004011
0.624389535109194	0.197734208595323
0.135466503823865	0.0344111852929926
0.0835667397982208	0.0322440496474922
0.529326727618578	0.259909944851392
0.0802474887232856	0.0407848222614054
0.371351463677058	0.358961918688752
-0.131462406257856	0.0582311973933536
0.0950141437331446	0.0454792718692388
-0.217791767659284	0.212081382824827
-0.229163956095076	0.163944313738683
-1.39582565934637	0.905431749494332
0.758754472188363	0.328282494069353
2.06974764950025	0.935429228608625
0.839545401546315	0.437775363879818
-0.560602231831021	0.301926437496962
0.0787119633523203	0.033258894898002
0.474901300560738	0.174305828211983
0.544557446374198	0.471410191533037
0.98934828530534	0.37488411380459
1.27424805479067	0.557923863030394
0.152997495098684	0.0306362187597192
0.13912064242242	0.0351082493440485
-2.34627970999755	1.24098231898588
0.621403848080645	0.29117708249682
0.092972548516242	0.0319246139255238
0.108446269847057	0.0323633029758956
0.135951528165473	0.0344511607680368
1.51370990328092	0.764543667856757
0.62863464624452	0.200390435746801
0.108753087782228	0.0330076065780737
0.46650969128214	0.169259172983608
0.758406163476746	0.327834638337436
0.376107417724648	0.152459379316407
1.27631559349219	0.563588098434142
-0.837156332296375	0.389771323832642
3.25578730507816	1.11753794803325
0.220535435138166	0.175079445964158
0.195510441378853	0.191919383311873
0.398459677422106	0.533435847871404
1.31956920815772	2.40144964280182
0.460495731803602	0.161565700522575
0.471256153677638	0.16970123630098
0.83523056158441	0.446308720541009
0.0883979150676874	0.0304175841008149
0.382036557571989	0.156497220770852
1.39887834356353	0.863756382971431
1.72076630155092	0.958169522156328
0.472507483263527	0.169428702216176
0.0883379154858361	0.0338904032122791
0.108145347918198	0.0322624935588852
0.131290494216125	0.0326465906558689
0.0873559792318251	0.0293424280123406
-0.276684700551298	0.0947597529242465
0.761383759233383	0.322188322068593
0.093838086851041	0.0567966743220751
0.77377831209406	0.657038062695467
0.642392836712069	0.486648008971645
0.259942181756322	0.277572793651601
1.15545740105451	1.13252216401002
1.42495176944544	0.478712624316164
0.988437171883203	0.385675089722456
1.90138809152935	1.19347825055591
2.30052222762641	1.16694406014279
1.26822616804695	0.551997061972595
0.152327357171114	0.0306528579659354
-1.16982826158469	0.362408956042196
1.2084182818487	0.656762777239931
0.152997495098684	0.0306362187597192
0.108446269847057	0.0323633029758956
-0.0214534895542458	0.0127248913048832
1.7861757983811	0.702610717557555
0.623109079862364	0.193957169452223
-0.773264368337915	0.275951766386509
-0.582939776540003	0.237028595876618
2.50649611687159	1.42496753660258
2.75497641146614	0.823010688280342
-0.272360259806588	0.0918607246093065
0.935793069652209	0.250460745833014
0.931503049039329	0.250030129954956
1.97041767059222	0.506347272427521
1.58184484268187	1.402792660397
0.291227238710571	0.141705551549517
0.0824226822756233	0.0350103331450791
-0.772496845469579	0.607423565590795
1.52167601166435	1.93685219868897
0.324049161665547	0.267991142832789
0.699468795828438	0.741822294145927
0.574584503774657	0.628931738756776
1.57338830806428	1.32569383518169
1.28752020895342	1.10456595374159
0.657294121643069	0.519079905293617
-0.552438735684563	0.298044875119703
0.0842615186073608	0.0324658104907538
1.00114771598383	0.496650324200702
0.63778853855525	0.393621807390903
0.491044804885578	0.369580151473222
0.537089991522186	0.277797196905933
0.0814153424699924	0.0402536728338924
1.50809383999375	0.756778038587705
0.32918114794808	0.147928533811648
0.265803864991659	0.138351282516924
0.0811757749436068	0.0442709068906208
0.420791080625156	0.364395366636586
0.0865174643572527	0.0501560680917901
-0.0501849254862963	0.0278647346475357
0.108703683729367	0.0720442285601689
0.232956067151909	0.147739602560583
-0.307741501056554	0.159710865828151
-0.67027514345656	0.337075885738377
0.292266329374177	0.142093710357149
0.0840428999601435	0.0287463467280583
-0.773250188856655	0.27445305322462
-1.86423156422362	0.787011119700427
1.16087553243711	0.920984138161593
1.90880823373497	1.12597787520637
0.103365527196615	0.0308249044547172
0.478986309549834	0.270045555845676
0.332528960285323	0.150535604278335
0.474565974965902	0.174050129956977
0.389739677440837	0.154153761441499
0.632297169083015	0.201427292338264
0.62992151264779	0.204453168240212
0.752126696851713	0.313054558549248
1.78462345146038	0.703437710238631
-0.778324921782878	0.269511437709481
1.78767455359426	0.692165512168414
0.629278137711488	0.2046467358426
0.839986889144987	0.438175895449971
0.082667538656445	0.0415564789832724
0.881774370593269	0.564107557517696
1.71126088526171	0.951099161244827
0.243856932042686	0.141478511596016
0.324619831893347	0.143786846677331
0.551149651513753	0.495108346231102
-0.0247929149033269	0.0208692039298636
0.0759454864636282	0.0381983536173841
0.394934413900962	0.253469658525595
0.0872022841344302	0.0372184166875961
0.725242617883382	0.42498249991298
0.529365944365508	0.376266161592691
1.38834909807243	0.841249617978
-0.207810186440228	0.0793850718004011
0.112114865728904	0.0332945117013381
0.926182527031147	0.24500910617601
-0.857382256855998	0.488325377655949
1.17829050592799	0.775793912503263
0.883066195854487	0.828739058819244
0.544680519351749	0.556077495968263
0.525750666379422	0.481992026579072
0.724435417261515	0.724858662787832
0.232879922205318	0.141503609468219
0.0805910880320698	0.037088512991191
0.385988920622761	0.156856312018295
0.59037427709124	0.773930168672989
-0.686094115184372	0.548796296156344
-1.21889586824613	0.672103770953322
-1.08263707855051	0.447197086935021
0.327719142364269	0.145781814289957
-0.210441154362998	0.0798028746341087
0.0835667397982208	0.0322440496474922
0.135951528165473	0.0344511607680368
0.474901300560738	0.174305828211983
0.0883089769389768	0.0304456122165727
-0.772965240514639	0.274668382470072
0.538563322155849	0.266217878371424
0.130813125940555	0.0332147478146659
0.225223731519129	0.168953853322178
1.42583795874425	0.478436248256231
-0.210792313757809	0.0804245351591699
-0.316679872771083	0.163991806863433
0.0787772515179567	0.0262138604955883
0.135664295395256	0.0338535377218378
-1.16434110968712	0.363365772413315
-0.15828064688989	0.0663428907639632
1.009927511359	0.486335961966036
0.383403852456161	0.15214234592503
0.109662775053552	0.0332182651584632
1.27293486618371	0.561372589409687
0.325757254686239	0.141936078197526
1.32196967124241	0.972130911945013
0.266335993371192	0.137218937160396
0.495048893924632	0.361330472557767
3.25348095246928	1.13846419310589
1.27759863398412	0.562869190073986
1.77979236843613	0.691472556885314
0.109054653728321	0.0331112847711228
0.136348268602553	0.0345664085091249
-0.379718438417275	0.112039617275019
1.42495176944544	0.478712624316164
0.988437171883203	0.385675089722456
2.30052222762641	1.16694406014279
1.96698416228038	0.513878740168628
0.431567294828626	0.257671858059808
0.475707569609208	0.260755498567134
0.267376106363098	0.142666262289618
0.0864071452557178	0.0364564691335309
0.483129301572255	0.26824949696097
0.630214642489465	0.688489896430988
-0.240179487559161	0.292419314368938
-0.221420463285332	0.153229599757299
0.228689676914598	0.155612462704306
0.539036224013886	0.276641593348037
0.257440028816429	0.131190478765944
0.518998313487979	0.473238813945069
0.0869305983826022	0.0434004749269897
-0.694115579964796	0.644040805665916
0.22646984209439	0.168011326668206
0.782704100374015	0.537884520932579
0.949550025710843	0.83645340526296
1.57871505062232	1.38460332173756
0.29901471401796	0.14461220345832
-1.2267427405703	0.715003308961755
1.39861743180984	1.31625404667429
0.292996063903292	0.14166507698494
0.326908188310801	0.14563529020708
0.248861525828519	0.142226638750037
-0.127669499036932	0.0803070299245978
0.115638706390756	0.0781976831560805
1.04379802368974	1.33457428296999
0.225110286222897	0.171156626696356
0.324158853811044	0.266049554147121
-0.100417486995569	0.0482752844857924
0.0987883415733545	0.0559981590150135
-0.0607171441783401	0.054020861282067
-0.127785468760646	0.0838654836130823
-0.582326450122822	0.236321093295849
1.39396161868612	0.843498334140247
0.0835840523366652	0.0444187211530276
-1.34244446128929	0.646527532574442
-0.276684700551298	0.0947597529242465
-1.55077016433524	0.846796200050313
-0.664727475684962	0.32712046445976
-0.772350591530586	0.280256041043971
3.26234495282713	2.43945558040419
1.0560880516283	1.02625349295817
0.988437171883203	0.385675089722456
0.724397344760647	0.427343291168706
0.106850128096412	0.0319640877912432
0.327008684847668	0.144353761043064
0.373123009099053	0.141061439601578
0.0814493871837749	0.0380878657189707
0.999474191050623	0.490055304798462
-0.106920547328842	0.0511433520121926
-2.5322014650892	1.49588974412802
0.762753322642864	0.330192537114287
0.115885098837589	0.032874839792108
0.136348268602553	0.0345664085091249
0.932074438006684	0.254855397135986
3.26045273468134	1.08228542792478
-0.281700605437693	0.0960848540058102
-0.215703836715743	0.0815812364708993
0.0965001107606207	0.0396474561199174
0.784018020290607	0.546242984635318
0.386342110200561	0.157858515534477
0.753491847521119	0.322232072938103
0.98904387042186	0.383308399765478
-0.276684700551298	0.0947597529242465
0.932790044800162	0.249112741186188
3.25348095246928	1.13846419310589
0.633587708911691	0.201494267434819
1.28028520414454	0.546314428700849
0.0896537980653765	0.0307427553147153
1.42495176944544	0.478712624316164
0.630312326249084	0.195889657045268
1.78487577131659	0.704427758092284
0.24807583126067	0.142216901853532
0.0873344659121641	0.0473089553164915
1.04073476107295	0.840008664307594
-0.0432750833605915	0.0244623391283375
0.0869609299318833	0.0401277415467894
0.0901531059451751	0.0803821960725946
1.03452664120584	0.750335703604876
0.784433461520926	0.547273066878585
-0.26065099775589	0.142610939146494
-0.416354907644107	0.301514597100564
0.660208299773792	0.484076550970884
1.60237445376675	1.64646087961932
1.34482083581841	1.58320606657559
-0.229466771550882	0.133478870534207
1.05304474470672	0.864531927224574
0.735331053595933	0.632912230567158
0.420066132312047	0.368317728717794
0.651360309963037	0.510362190102532
-0.15981578939225	0.102066573650222
-0.128110359094488	0.0575950056909278
1.32967127639259	0.994849281788209
0.762404465574554	0.322350857399061
0.523135435729282	0.370812660414849
0.259074736782213	0.136096148342443
0.838616189751573	0.456925526868453
0.65799375447022	0.514766716191613
0.0406247691173174	0.0286108389453536
0.3309856064413	0.263946830400218
0.0581098018052027	0.039006603117587
0.428786585765174	0.359870942508056
1.07803252933304	1.13749598752767
0.611472436225485	0.494943004938965
0.0833725859452162	0.0455255780460801
-0.0828599485559192	0.042757705897575
0.415815453798461	0.36541788006264
0.702820070177248	1.17719709871188
0.0626568415502281	0.0481287368193978
0.726578131883441	0.420138002724329
-0.0576728423025785	0.0316070040762081
-0.189219644640837	0.116755358314083
-0.166221002402578	0.0669781731302154
0.630251248957131	0.2879563455603
-0.160214253599526	0.0647318716368895
-1.09241691410108	0.447166800655785
1.51472363527267	0.777058368374732
-0.743416392891096	0.51330546686386
1.27597889029173	0.577298815298737
0.753902392152723	0.301886840865084
0.110270631928751	0.0327215995700281
0.759439012682851	0.32818137286167
-1.22783413234079	0.722128463990525
0.297680148020435	0.145524566473316
0.103059347311401	0.0311436889874163
0.0976810230553437	0.0320466486821642
1.02109178849473	0.622720017286306
0.375801396565071	0.151516954174281
0.112420137081601	0.0337869998743869
0.135951528165473	0.0344511607680368
0.147239812931933	0.0294793108903463
0.108753087782228	0.0330076065780737
0.470889161708789	0.169836560265533
-1.55598431680136	0.827546414676997
0.296949397133799	0.146586699950112
-0.186617751397211	0.113077560417534
0.272059892260861	0.14278306431683
0.0901915619665399	0.0447544674875748
0.477815476689517	0.268590545967482
0.758754472188363	0.328282494069353
0.766772687467053	0.321027945067643
-0.668838617292414	0.325972115075323
-0.391706996357445	0.110682555828774
-0.581713900627926	0.230525612421022
1.8989889478917	1.13925675635484
0.421972459097516	0.252091898645156
0.296219296024808	0.146762887291026
0.152245447049464	0.0306318775241434
-0.383390015188303	0.115591315602105
0.135466503823865	0.0344111852929926
0.149241523414193	0.136359845132524
0.51061414757843	0.532448225235246
0.0286925953245828	0.0186000222672423
0.209833785844589	0.180324831209122
0.141519342839034	0.128065309930802
0.582246980849151	0.793758627753897
1.77810118972577	3.04933510642712
0.603425537260674	0.660391324969536
-0.593641718113136	0.712546620737764
0.0262335508120654	0.0170601980806017
0.282016296329425	0.280605910837663
-0.175478411241708	0.144834124327899
-0.591847199309225	0.599823138875023
-1.12004373344249	1.37508837892433
0.228149054723425	0.158007904581825
0.682331461040884	0.776847618099512
0.292679340871802	0.263695158811529
0.303660395049262	0.267312995601389
0.383170650827016	0.349312753140649
0.734525874222993	0.733893971328986
0.216524317942759	0.16838682772518
-0.334997915855244	0.287336694814306
0.132574849617221	0.100296725484352
0.461048327787193	0.45239749800834
0.476156120257922	0.464930021995222
0.713902981681098	0.526775644774195
0.269162490432999	0.143069861769543
-0.46792572499046	0.327768024252136
0.585184445081801	0.548177251499032
0.720452562598136	0.633075924111129
0.556506524586639	0.485378595408167
-0.118685532828568	0.0919744583241478
0.446577819585922	0.408115962385761
-0.258152759203753	0.138896228929246
-0.898598720149558	1.11908515189028
0.0522000489072289	0.0371500327388469
0.0179881179876878	0.010999577058374
0.609021170954532	0.497840889152986
-0.656739287385534	0.479722476571117
0.0926533162135962	0.0495049798528902
0.22593907695725	0.170998379300625
0.131573694206552	0.10467758584846
0.338750158879189	0.232841416834691
0.0840138453610122	0.0460795761415181
-0.0355663270788219	0.0203489229474945
0.334923257354427	0.246415603786522
0.428021904437296	0.252019488792616
0.706356893693622	0.530462433360956
0.431107005494985	0.255823438401644
0.682429205226779	0.624152858220183
-0.131262426507637	0.0835065394649379
0.654204273041287	0.50810389520724
-0.974999844596746	0.800051092638088
0.834144623686898	0.435492622665452
0.650055508794301	0.504455011683168
-0.132219149077658	0.0588639173042154
0.0835667397982208	0.0322440496474922
-0.678552052582266	0.330993793596168
0.0840180185006022	0.0346577945419004
-1.08039361582286	0.44490351378498
0.538638734259801	0.276207805014844
-0.211143559887749	0.0805161705040476
1.21494163875529	0.677334430950877
0.152327357171114	0.0306528579659354
-0.161671281777675	0.0670790093231588
-1.23233596718311	0.72732497520853
0.0833414077153053	0.0319424712511074
-2.12111528319895	1.01408240337577
0.0787012902504476	0.0320780097013844
1.21356334404892	0.687119947838346
1.42495176944544	0.478712624316164
0.523486981126459	0.368363751418344
-0.857776848124829	0.490843937842596
0.847134743655366	0.431759258243381
-0.223655491120253	0.131938817623801
0.08548898110449	0.0399656514075189
0.478986309549834	0.270045555845676
0.477815476689517	0.268590545967482
0.762753322642864	0.330192537114287
1.38584351539023	0.83169546162564
0.328430210594821	0.146340101325492
0.147660363459559	0.140451371229483
0.00115948515837769	0.000850723524155356
0.586409824694961	0.57876375646576
0.384937608837948	0.439415564760435
0.538224561563991	0.614413953380589
-0.0747250792349856	0.0591492259381529
0.207204982985053	0.194606759584081
-0.253277913468791	0.223208255286045
-0.106767168834227	0.0988813020877276
-0.0901487827864234	0.0786582137008558
0.475058823059363	0.540400318838731
0.420967372762695	0.368678326633929
-0.835097489346669	1.12353709029004
0.461375037114612	0.531567161275358
0.219370414895171	0.17269960550036
0.51761388576368	0.536029195305255
0.581998923018463	0.492517380861085
0.211463424537615	0.203772225085856
-0.132596840155459	0.101638209554513
0.546685394652082	0.635621073544555
1.05946907591751	1.40744668228273
0.251548674821932	0.1199672283478
0.521972084207741	0.464545558504672
0.325790530639943	0.248708499617929
1.238206326148	1.42880390180633
0.857386747462256	0.904474500658277
1.33427080825333	0.962913089344861
-0.0874036415914135	0.0683693698063473
0.431747172194179	0.439992724117744
-0.406807021408304	0.389804021960024
0.810475473836171	0.947645554586119
0.313129027358838	0.270722680045064
0.740128523723906	0.817750116868695
-0.844087989492119	0.915353220424779
0.387650346470137	0.353520782071701
0.0280828241891744	0.0190235845197469
0.221276669438796	0.172390166998087
0.630460324916493	0.29007247089431
0.327675458536554	0.244116244424059
0.33865202285846	0.239119476261872
0.651972566208174	0.515283168116219
0.425790240957707	0.251472567876206
-0.0325106921094503	0.0233987320521166
0.716954037188664	0.614354902099082
0.0904707007713669	0.0507953719274401
-1.5514666721455	0.831623106026578
0.372076870582555	0.146176691677434
-0.773250188856655	0.27445305322462
0.0879777454247279	0.0335240303179965
-2.52525340626813	2.45052031330876
-0.264140262704958	0.143761451972906
-0.163101957226471	0.0682939396668234
1.51300955826364	0.762573470838913
0.0959579312255115	0.0316469417362103
0.0839528379414244	0.0354183827118899
0.932219305847885	0.255045940262424
-0.831581322918935	0.37742991970293
0.135466503823865	0.0344111852929926
-0.578413008262629	0.227503737528196
0.635252953870663	0.286524087905884
-0.0839806610931216	0.0437369258555532
0.879624154930266	0.554337819111745
-0.58802733048966	0.238036217277905
-0.582733964204732	0.450591285989006
0.574640528778947	0.377954032294832
-0.281700605437693	0.0960848540058102
0.262725410869873	0.141150615367171
0.329556441035017	0.147138078470104
0.0826501309269571	0.0434014149457369
-0.187448211846433	0.113530054115538
0.877143011128365	0.563459987229619
2.21209490497325	1.68660391266893
0.725376898583023	0.416649861080534
0.475762264064708	0.473929431307397
0.207087133150637	0.182167274902835
-0.637502624823933	0.723983228073015
0.328093694786959	0.355915661439306
0.980695106285513	1.44236902807341
0.351951836234393	0.34916144039075
-0.124189784296537	0.0944926113900801
-0.687148657674087	0.88263524481958
0.552009786479156	0.675262300555184
1.11026200321687	1.58163863346263
-0.144692403861424	0.116590015305348
-0.0596087040741098	0.0414756006385078
-0.405696940638019	0.477287157342455
-0.394246848612643	0.427104858114985
0.844145409035156	1.0680334733275
0.51578915685355	0.548373559075696
0.630641946697078	0.752408192151073
0.430857702313761	0.441876037443228
0.206556268106123	0.19779180328797
0.0985426702753503	0.0866630237700667
0.223094255283786	0.21659136477846
-0.250377013663248	0.239107180594315
0.0366621492224186	0.0254463735188147
0.641660794135108	0.613282283532944
0.382036557571989	0.156497220770852
0.33553682186743	0.145210966566425
-0.0526402175664515	0.0287265354503155
0.0471253830610207	0.0341688717299147
-0.0381920512939963	0.0266625837941933
0.364496598683215	0.341394825284939
-0.142083652736001	0.104885548886919
-0.134400853700047	0.109799516066635
-0.188454778129051	0.134113415302831
0.656340392229076	0.615810760930603
-0.00538923599795102	0.00302971805227924
0.359743239404933	0.337153056247846
0.49955264632089	0.468759866622369
0.219455588826641	0.134469061359094
0.103071484555523	0.0625826873505651
-0.0221756153269812	0.0130342083588338
0.111225634414259	0.070078311243771
-0.053110124565468	0.0288233241248526
0.772483051230177	0.639385492890632
0.0884418337808156	0.047382414249218
0.227879449156215	0.168862725218105
-0.193912985616318	0.118116941151355
0.0813881637093326	0.0342561745335399
-1.08234512912717	0.447089783724206
-0.851825902269007	0.475994418259281
-0.261478711213119	0.140368203862233
0.477815476689517	0.268590545967482
-0.394984903515917	0.113821734733264
1.51472363527267	0.777058368374732
-1.73553570263131	1.04916884712073
-2.58214966292689	0.711901044511174
1.78657143442363	0.685297624384152
-1.68340055719783	1.25874467364136
0.0833414077153053	0.0319424712511074
0.762417410319734	0.329143753734825
0.759439012682851	0.32818137286167
0.52423337570313	0.35957728339147
0.529715232356886	0.367991672699528
1.51404191360182	0.783929172107839
-0.159406092890716	0.066167301679564
0.0779409668376329	0.0291452125968568
0.658204019149183	0.495335164395068
0.784186018166615	0.533601793603718
1.72042478027578	0.997749212505794
0.364351473931338	0.237230116055502
-0.0180112902939456	0.0107225037271262
-0.0627471369212311	0.0343966911339205
-0.0733413441789319	0.0373833061815701
0.839656475613682	0.453558448724604
0.769439006394585	0.651436805912857
0.470195667580284	0.458018263661452
0.263187695903783	0.267994619438685
0.336020607204092	0.352984612059696
0.33784085144796	0.343044590059658
0.207440406422739	0.162098269273089
0.653685566434747	0.606253302399235
-0.703131736727224	0.90022697513953
0.139998412137496	0.107983160130286
-0.00398013912703718	0.00299187237596056
-0.13277405115776	0.100499500299487
0.759083553779451	1.04410935580582
0.306672470871732	0.264453055997958
-0.0869993719062178	0.0674522842038059
-0.443201885145944	0.44757624737776
-0.07664649320836	0.0518692067603108
0.509176056772367	0.482779311448804
0.48594237471765	0.354656646726996
0.887960307653786	1.10028781826164
-0.8323502944779	0.928160882274565
-0.206789567888881	0.187269479428078
0.961325004409316	1.28993584991285
-0.165452735185178	0.121757706902764
-0.6072340891729	0.520907807880311
-0.767473311993261	0.601196552225029
0.325028602671778	0.264660300111984
0.826175836711629	0.422925712781066
1.0115670265722	0.597679512312256
0.0726826597140689	0.0380059738720207
0.21610149917633	0.151126138634369
0.946306332877889	1.01164056011099
0.667609998925338	0.709786919761686
0.522181318024583	0.364249548711456
0.806500821361692	0.843627325871952
0.813994940866349	0.885558719039854
0.61663760934682	0.635847224667218
0.28522681038812	0.256355301279129
-0.358728798423105	0.229411413183023
0.31805700888316	0.249111293983261
0.417582612317422	0.344161526502188
0.307643406307063	0.250843563601317
0.222696361431912	0.158647679970248
1.028591199933	0.731765049502327
0.703874341979955	0.513300067029199
0.082454170107526	0.0408812049569226
0.0766945779129318	0.0386013140140085
0.291427892175763	0.137363273455961
-0.369966212928168	0.271625840122934
0.441444854074373	0.352860208709188
0.0983218359782737	0.0577727421845566
0.0825049214426699	0.0348955431505002
0.834190947882805	0.447291625950574
0.470586167033051	0.172818763268529
0.264463647928975	0.138495468856585
0.625342834891454	0.288202300578319
0.759439012682851	0.32818137286167
-1.55766876534989	0.558017143967721
1.20983169990704	0.67531371408713
1.01786452407642	0.613846153429573
0.479279699828011	0.267518280178642
0.752809477718337	0.319884864543397
0.722020858940435	0.417183999398403
2.50453728911117	1.38017051277344
0.08865830005751	0.0307081857326401
-0.157905730498342	0.0656812629520875
1.01372392696597	0.601275932686584
1.72352078750769	0.974227395451832
0.653849667188977	0.516791329796558
-0.473574294249557	0.26042163795919
0.0896468679750347	0.0301248504628419
0.468593413857943	0.257730613848921
-0.0918831873549731	0.0459814557267669
-0.0827260009797437	0.042719602698555
0.577135408648437	0.388025565486924
1.32772329747327	0.938600816035675
0.762765987318851	0.322034822754662
0.635452365395801	0.403476236485433
0.833814060450577	0.444205507315429
1.55237433912671	1.04710608711672
0.087151035738211	0.0427844922930298
0.282324455733491	0.271513151287438
0.222296837833247	0.167357844018338
0.219901919813725	0.173644020768995
0.809565151252833	0.976947059152024
0.13224810272487	0.110593616981021
0.219066032137262	0.158349707261413
-0.721229478042089	0.859423303427486
-0.366066065033399	0.293818197453259
-0.0301772314213176	0.0244606292861797
-0.665248692609953	0.742971461920115
-0.482372352320727	0.456663410832795
0.783840528207999	0.778187998577185
-0.137180557970451	0.101244095527665
-0.0142927151856798	0.0102417484809191
0.0434733644848623	0.0311277131174892
0.538245696581078	0.565124565553559
0.825787390312724	0.883582404411813
-0.189219644640837	0.116755358314083
0.116024835232713	0.0784670761181333
0.640245883645681	0.833456867293216
0.500958987738594	0.472705528756784
1.32815502554654	1.66152901801343
0.33539830116619	0.247514232137351
-1.07767914799642	1.42184072137785
-0.251182766819599	0.197198311756715
-0.456529105392473	0.371448083913463
1.03627977883514	0.881886022162449
-0.0542496987036662	0.0294957747642658
-0.159371424660615	0.0667180720561079
1.04087026344363	0.844960890042558
0.421972459097516	0.252091898645156
-0.723970350028954	0.43433110911279
-0.167277393637964	0.0697653288883947
1.39151322089081	0.841039113500861
0.879047283033754	0.563284931223737
0.532740867695147	0.271041086186757
0.078427090027134	0.0263770256471577
0.0897170631036062	0.0372247006957579
-0.58802733048966	0.238036217277905
-0.682841734936948	0.550117512019798
0.919851034532498	0.710546645001678
0.576037032893313	0.386949725857276
0.707373418721104	0.511950392060716
0.882942144720243	0.569848413226062
0.720147181781769	0.416575687439777
0.433791348329265	0.260523362797263
0.65338277269358	0.50808276936788
1.42651816015949	1.69732490713259
-2.84318398912827	1.98405726363342
0.883231325703764	0.561502388636999
-0.852947536948361	0.483356887820183
0.395358446325568	0.257106410022646
0.843751530108679	0.449136011538768
0.272962938333507	0.144181206030871
0.633390526362712	0.379714387430648
0.988133305414923	0.376277747590717
0.317950872862042	0.135950679441607
0.681305174226735	0.863167414203187
0.971233058298891	1.79297238414115
-0.68630963096684	0.880985026372029
-0.483139898812067	0.563204873608383
0.516695301603092	0.593925545252868
-0.297684913519272	0.271920371544467
0.0741803164563824	0.0595230561579203
0.419755919292865	0.511735904588151
-0.0577369142792418	0.046687613332615
-0.0520010317731104	0.041604950984812
-0.092757041723829	0.0820951615455227
0.209904641828833	0.215424130016228
-0.0056885495615382	0.00408925914231924
0.51558005151876	0.544945220165602
0.779124319766305	0.851669214082035
0.134639365803241	0.11869145723685
-0.213984608208682	0.188184787114921
0.0880881743713476	0.0795903890191574
0.267825734802382	0.142343183326536
0.973344584538749	0.964011134926261
0.93727805506989	1.0411624686518
0.543856786952979	0.469930574209124
0.223982178032784	0.184732804481188
0.915702995043126	0.93048491816651
0.304986199091602	0.33972463378939
0.541492046901487	0.531215493880354
0.510427866316955	0.473458093734214
0.13114616122272	0.0965092250502352
0.0713982918266167	0.035142909041728
-0.224742773107508	0.174733728645799
-0.164053388501842	0.121862373335928
-0.0119326550568733	0.00714650538970053
0.220710495744159	0.164308409119809
0.789754433056078	0.549618828853428
-0.164173211879796	0.103024860730982
1.28876025260878	1.10978207801135
0.923818928714471	0.70319207102859
-0.220810872208712	0.128670228335291
0.53896157247219	0.272446997392083
-1.04227860097428	0.532474866662391
0.327893287630133	0.139338554920737
0.932935430920093	0.249293404431222
-1.34666741392745	0.611179921878961
3.62214466542481	1.4280322022772
1.42583795874425	0.478436248256231
1.72386216128405	0.946276359316606
0.0869689901957061	0.0475788797409635
0.215252657636692	0.143323585383054
-0.963626886279912	0.896438772031031
-0.102134775066191	0.0507038499837197
-1.6343311831439	1.56211161343546
-1.29704283531303	0.950878465688705
0.0856836464730864	0.0361928029227585
-0.00338528020928773	0.00200564786314906
0.222137654546518	0.143601418471839
0.375013236140393	0.402787295715656
0.562508843485821	0.567287229900981
0.209948661676543	0.178936124724965
0.0853198853726741	0.0703923493889076
-1.27325556671385	1.96089173364138
-0.404229916239759	0.428167817960263
-0.00636453668211584	0.00461984743519771
-0.119741960774577	0.0999486901631226
0.21551008621202	0.217965178737146
0.279280141814153	0.283368131230506
0.191121422844228	0.174323268726292
-0.164549761170993	0.13609940810881
0.571715774345282	0.585653379983975
1.02442706750691	1.73079645528889
-0.0400276095326016	0.0328913073506157
-0.0732654497812007	0.0586672577248742
-0.0658362432035548	0.0529419649080846
0.409805472356631	0.42391012979799
0.485262144036053	0.459484128851424
0.222688318373851	0.152462190548876
1.78988491260466	0.691776128554299
0.329431006431528	0.1471045893258
-0.869395035067646	0.573048762252362
-0.227973663809558	0.162358197263027
0.289268492097029	0.261241350429881
0.134693782363647	0.109075941460063
0.68716079856917	0.69436289175819
1.02875848924972	0.728956243253038
0.559373573506553	0.55478387060959
0.450197513297372	0.513799662590181
0.624304802593108	0.604709930788588
0.583186751784634	0.378547789010241
0.578066588289146	0.387312257702204
0.650287945206121	0.61341160197462
-0.196115892043876	0.117833566713076
0.764494647346452	0.654463726478045
0.471034380079932	0.363810296835043
1.41898485322715	1.71479346686321
0.244249757313566	0.138088798119395
0.633177887459032	0.378454658016915
0.381374251715984	0.156401863873602
-0.276350796827927	0.0951215727245618
0.0856513745304646	0.0321076868476429
-1.16434110968712	0.363365772413315
0.627447813036472	0.293392631905457
-0.461158581489362	0.197864260838305
0.991917434711183	0.462073380171098
1.02445612900468	0.598512613545833
0.528892952674271	0.374597518858953
0.909953126498371	0.691080781798313
0.243312012880597	0.135707258424252
0.264311669243052	0.13896825594607
0.565840232368243	0.364802404823092
0.220362904683814	0.147864120691289
0.353381490927782	0.252435635750328
0.0921710897195998	0.0538920601656729
0.839217237550092	0.441476550225025
0.0766945779129318	0.0386013140140085
-0.684379749404273	0.576665657520417
-0.131776563922391	0.059420961333082
0.0888881104754816	0.0475256997211363
2.50786023087902	1.40275308529393
1.70593914563296	1.29308564485908
0.720437481487836	0.881780915511722
0.50852248194873	0.547112730140522
0.968595379095836	1.13174272969134
0.869986239709145	1.16742701580343
0.151522451195942	0.133124077316841
0.525698768834598	0.47958730470166
0.134878754044519	0.0977499970656804
-0.786592443587288	0.915661514105148
-0.680018231001566	0.522143067295392
-0.510766803318924	0.481891355409699
0.647829244860665	0.767289074242153
-0.328476468086785	0.278450121809809
0.216035482526254	0.156320113470115
-0.037249314575555	0.026818381455099
0.110679980131614	0.0716598369879136
0.636391317653038	0.588393444845359
0.087974012746982	0.0469333240772061
-0.262677783186429	0.176023842872518
0.222060521430217	0.159221434400427
-0.0873005085367453	0.0580046032057441
0.252199228237369	0.143727947115019
0.0817601792013624	0.0377632395629308
0.230055573528963	0.15543828961797
-0.149105914681776	0.0934244991446857
-0.272769059054322	0.148355140089916
0.50935279611008	0.485071463034404
0.881562253681987	0.576581463293389
1.02428024127085	0.709344865823335
0.728337085167944	0.42277732895996
1.0297842725204	0.728257522361525
0.636594483363072	0.393233218808741
1.79196854034142	1.78249842401327
0.290349285682017	0.142306842383646
0.426719715575154	0.259440205284312
0.714827412956946	0.523762413834785
1.15443732666274	1.00045766819385
0.787717286139145	0.545576694293829
0.425794358940743	0.255023631757784
1.21320016263682	0.686152538183903
2.68226138310764	1.65087075152737
0.629669696544949	0.199948663374727
0.0826725436955629	0.0283785494465171
1.45156343773766	1.15278648559787
-0.378476968942889	0.181603573414227
-1.08168152666549	0.460839725512664
0.08261735356173	0.0316455411293681
-0.383889457820693	0.113406633144808
2.68629844600583	1.67446514340928
1.21457810672145	0.676397511908757
-0.461158581489362	0.197864260838305
1.43233202051574	0.457708556804036
0.465534684647639	0.167341962182455
-2.17881470837356	1.68488479461938
-0.38981107943392	0.114437971210744
0.725546737767549	0.427991047924053
1.27662052732336	0.579787031336269
1.2023768060334	0.641275396696049
0.29096347673772	0.142783781886393
0.659638837175891	0.510564211914239
-0.367736704848684	0.175135287548611
-0.459065583313697	0.20037661743138
0.381021623904943	0.155402003494633
1.00851955237502	0.476116110984536
0.0830209772015569	0.0285037073284343
1.70129213029544	1.2972930484832
-0.783862214999589	0.265116887947519
-1.22711229160517	0.719972085478439
0.639816800925852	0.398034693912464
3.45531534417475	3.2320452988658
0.523903615971318	0.480498316617486
0.776493525722706	0.844698580044895
0.497074633841282	0.376463508250168
0.229866658975365	0.138139354134869
-0.0312644417348291	0.0176437128796428
1.79756083899044	2.0396277986654
0.915000601125314	0.708006457270623
-0.407583252548885	0.242167313151612
0.236974940059513	0.146003406106989
0.484694263268084	0.354619003201577
-0.130496341141415	0.0977157734586255
-1.09087410316034	0.979703527043685
0.221990628520711	0.140966512602054
0.248719548899373	0.139636276541812
2.29522950479182	1.14093592354762
-0.123524366675377	0.0550225701808723
0.470500788024408	0.260748846886578
0.90100480457439	1.03095856584838
-0.581739347372645	0.765522324146295
-0.0685263227488921	0.053121936585007
0.323695937749967	0.272135240484223
0.539252269115188	0.569499339958802
0.101680160971459	0.0647530387681672
-0.372513912298309	0.17827947080084
0.0887222496415797	0.0516436139724276
0.223422567896959	0.149533346385205
0.635824382354921	1.22640227769504
0.932074438006684	0.254855397135986
2.98970112380068	2.12558175294773
-0.473338582102882	0.491469982980501
-0.31107168783119	0.207645575748995
0.4688744554519	0.167771162660396
0.625373151166759	0.296052996581659
1.2722936929269	0.561831119501035
-0.126961062835744	0.0571419037338898
-1.15737798737966	0.780138015147224
0.332905842452754	0.150813409974295
0.725003119909431	0.410253218946016
0.379152790894745	0.15078539482546
2.30215159534392	1.16685428130306
0.542595973157626	0.279029471185379
-0.460461020979868	0.201596292601598
0.152245447049464	0.0306318775241434
0.630564769542425	0.200132268237845
0.46748437023022	0.163819566894309
-0.213177485231467	0.0793809737307779
-0.578412707141376	0.233277715170236
0.477315281217788	0.265719418113653
0.0872022841344302	0.0372184166875961
0.669227865881188	0.700639642566145
0.134072774537034	0.101868366296978
0.550291570821879	0.542222213848118
-0.616074145469901	0.393292806485088
0.519762105995979	0.359796988254186
0.622094918293228	0.290390961560003
0.725546737767549	0.427991047924053
0.327758115158179	0.145899442866933
-0.586302086599845	0.230480563216941
0.622854175633022	0.19385195429685
0.390092162099802	0.155095782934507
-0.206792887682984	0.0784377659698654
0.0877754974514752	0.0326017294108821
-0.0309682380786269	0.0178372475621149
0.992420133138825	0.376460560386766
1.20773008765625	0.653708770616363
0.0788824666908077	0.0301855817441825
0.0799591038952906	0.0409002636913772
1.2679286631505	0.556999904407133
0.932935430920093	0.249293404431222
0.624681786236784	0.293259506159697
0.135951528165473	0.0344511607680368
0.135664295395256	0.0338535377218378
1.23564472215538	1.72007675482993
0.505203481693741	0.467203082363383
0.132023768385284	0.0991364622490826
0.469286315453522	0.363264344374342
0.470044830514067	0.373087242054695
1.04196475973437	0.880196458145906
-0.990700979414385	0.797733085753986
-0.681109691656055	0.564640984263019
-0.557887651202484	0.520111948697055
0.22539441698077	0.147355383173209
0.221909643623013	0.14190509246902
0.10255922508689	0.06533945223249
-0.00514765324960287	0.00305753302281675
-0.0617813373669082	0.042962747288421
0.252199228237369	0.143727947115019
1.71697269369724	2.25524645952317
0.619900781927731	0.498846609069041
0.347394270031496	0.251463483214909
0.337677041616821	0.148335837119161
-0.224566805472449	0.12814125511309
-1.04504866090782	0.994479439402006
-0.0660182078591408	0.0359336765228192
0.614034158469563	0.599920572572154
0.326877711686635	0.264558505268894
0.496674723245795	0.378775282960335
0.889622982830474	0.55475692227503
1.16544265906192	0.911793946076695
0.386440238521533	0.245030291818372
0.0890368214281182	0.0476864443021778
0.460541542802109	0.353726249430718
1.00509399746915	0.500915082875313
0.424050663871275	0.233295726535367
0.0861505221345038	0.0365460299471674
0.76308852257345	0.320881786570503
1.00509399746915	0.500915082875313
-0.669532071575372	0.338701988947361
0.534185300154931	0.272567533205496
0.47273732122448	0.265573192056132
0.782983982434441	0.537671292988971
-0.473435217803739	0.271690697540973
1.78767455359426	0.692165512168414
0.470921211153915	0.173073255821478
-0.282986175849613	0.0948521224881856
0.988739355083205	0.374070793857078
0.103059347311401	0.0311436889874163
0.109964887070791	0.0327061813132043
-1.5556612236703	0.851215438188417
-0.218047312448373	0.0814266673340313
-1.74518231805352	1.02344116027535
0.883381601657541	0.570741054137418
0.459664991795972	0.352378696404274
-0.55589564390602	0.300089634057701
1.21904077393494	0.649174410034292
0.135664295395256	0.0338535377218378
1.42583795874425	0.478436248256231
-1.33827294021966	0.613482191681658
0.333618965803568	0.15099772691853
-1.86363716845473	0.79391576598913
0.380207895698128	0.153958688203184
0.542274488031622	0.282388833713572
0.381021623904943	0.155402003494633
0.481074442877856	0.258104066792406
1.27360711024717	0.562730291645362
0.0926320244103551	0.0317295282538535
1.728014070341	0.935357077247702
0.332193329758028	0.149587024566569
0.0782232629943698	0.0417345586370807
1.78487577131659	0.704427758092284
1.42446421436947	0.468835463081268
1.03057713949875	0.599258064829499
-0.0950323967387341	0.0458857618554257
1.00478934523008	0.501795998194173
-0.0701618737614028	0.0370741089667074
1.38967161364582	0.832638952946631
-1.51278968928675	1.5188155491532
-0.876087093960589	0.670160509152212
-0.131355734564957	0.0594101507518607
-0.674039948019984	0.341266546434622
0.834899274863649	0.44951558752831
0.63888607720199	0.392918486216963
-0.131670694977848	0.0596615156842541
0.0813210734852292	0.0340781024898359
0.787537772516388	0.545827099343788
0.425900938579995	0.247230542894151
1.3920535038328	0.861888889119461
-0.133665796843669	0.059896130436476
0.0807934239809682	0.0401252507903351
0.655635955498496	0.507022596066215
0.466208589434694	0.167700228204841
-0.372513912298309	0.17827947080084
0.636883452396394	0.193640062978391
-1.73624447288659	1.03810217555464
0.263862476938967	0.137967793367585
0.290988889862113	0.260179639829005
-0.113784940170024	0.121801740498424
0.7816642513381	0.552242225896585
0.438516497689782	0.258164174570483
0.632297169083015	0.201427292338264
2.06756116368573	0.935807980997011
1.18787319576216	0.761768839233066
2.75416824794064	0.846257095565792
0.589845409646642	0.733996983384153
0.761851129511472	0.310747415681377
-0.0636928235715332	0.043752309194513
0.573164195401914	0.375869864514633
0.0830209772015569	0.0285037073284343
0.538638734259801	0.276207805014844
-2.5774920455983	0.729030786562669
-0.649914682169787	0.161307982236608
0.0872827885099076	0.0334310911338658
2.75416824794064	0.846257095565792
0.139320884730454	0.0345414157638451
-0.383243519629738	0.11078508469637
-0.769580054067457	0.273533478998611
0.635723281585449	0.193049284343688
-0.126861108039331	0.0571318488463327
0.0823443238409381	0.0469054825318173
-0.279335148527729	0.214740905901496
-0.495285013223007	0.431509943909361
0.135730078870616	0.101311215549242
-0.465843188995699	0.177126987785808
-1.33696115979321	0.649441174598548
0.0812194537263506	0.034455943121804
0.629800111350759	0.300925411916508
0.992420133138825	0.376460560386766
1.43184551018677	0.45784654657079
0.109054653728321	0.0331112847711228
0.629026947940962	0.200123508811535
-0.212790623761811	0.0798677140309636
0.107844327743833	0.0315994908637355
-0.388778994010694	0.112176829253824
2.75703852707977	0.827222254057709
0.0824226822756233	0.0350103331450791
0.655290907351143	0.500567173942219
2.75416824794064	0.846257095565792
1.03384635164884	1.19035777413686
-0.898560427154624	1.11633967420945
-0.608215146254518	0.659163116893858
0.212490478394473	0.190531425823668
0.0489002555885527	0.0361816285135264
-0.192535774227685	0.137001407861322
0.602440147638298	0.651740341062081
-0.377964205765725	0.344878369668926
0.0478194785407591	0.034434037833751
0.351324290097707	0.337135831401748
-0.233013405495113	0.185708291333951
0.404713018980172	0.349934211436398
0.808493780492516	0.891692843751194
-0.859798371691279	0.814023987535236
-0.324703777868838	0.266465189197752
-0.0760827172383366	0.0518105541440957
-0.040789111357685	0.0287378709837405
0.0355878163149225	0.0247880348646137
0.588999640381051	0.577105193787585
-0.197959329544734	0.144857002927962
0.0941582573890252	0.0538894789213252
1.94999466807364	2.37572354173214
0.426257114219291	0.258108159388814
0.476186018533756	0.171463641376464
0.300166407185364	0.145745173843389
0.72482005291241	0.428015722207691
0.639819515960286	0.402819148243416
1.16543681354563	1.05008233340216
0.486050890277721	0.356213755412
0.618431198175982	0.598801942695921
1.57771700629258	1.3537890293188
0.610458552332973	0.505019274470403
1.50674035312277	1.49932644595199
0.417705462129657	0.239846890196966
0.26422012191544	0.142369855623633
0.296949397133799	0.146586699950112
0.646677493908621	0.501838558490921
0.293613076618947	0.140687300319332
-0.126645051202009	0.0562005860298712
0.287441064033936	0.138901551028811
0.477815476689517	0.268590545967482
-0.259950136005804	0.14345411773494
-0.560699334799371	0.305981986403802
0.332905842452754	0.150813409974295
0.26356617142137	0.138439222177174
0.539359686979131	0.274967793886388
0.759439012682851	0.32818137286167
-0.208161679566064	0.0794771705519718
0.634230687830396	0.29455749951646
-2.12142376512044	1.02258746590278
-0.784196412801808	0.27480896435682
0.932074438006684	0.254855397135986
0.375801396565071	0.151516954174281
0.763102092693751	0.33064391436923
-0.276684700551298	0.0947597529242465
1.0018068893114	0.494920407016736
0.470921211153915	0.173073255821478
0.430999360584452	0.259375922630416
0.879245807973856	0.796825643230985
0.760123145971097	0.325605140765547
0.141530157661872	0.131311812721656
0.00239529451236214	0.00215467018077859
0.209003888663361	0.193923385519838
0.144902932770335	0.137567782341937
0.464111834389678	0.529833253334964
-0.415427940669526	0.454103738868497
-0.292683265635466	0.304792553331878
0.384629477710372	0.435934723987172
-0.026675476205419	0.0219783203032848
-0.167930938403235	0.123575358337533
-0.319423083955914	0.321977661539812
0.353002481552572	0.259073453303082
0.301042803477946	0.269104818832804
0.493456177880231	0.465360887431333
-0.558657341089986	0.749473002932121
0.214603633178755	0.213463186761188
0.294514992476297	0.253797045712738
0.509198220452753	0.631627766692698
-0.185070664866882	0.161616388052737
0.21157627836931	0.196298162165621
-0.16035632162738	0.160188164741599
0.122716394633296	0.0818404669566484
-0.146455522658327	0.123192351411496
-0.371654787606301	0.332359689540827
0.0462260697740768	0.032033753925465
-0.0162822187076523	0.0117341712285952
-0.17595572912852	0.156786968871509
-0.192480227518008	0.140273803236393
-0.112041241284112	0.0871473789192811
0.284906556815875	0.270609631607342
0.419249285301588	0.434165443322462
0.382345608380517	0.15451194542219
0.877430577446002	0.561782328949939
1.15939758601803	0.930141023203965
0.708721238524153	0.376754631387844
0.565972912649117	0.366198760568805
0.224229175942797	0.157188837681907
-0.546044620920558	0.463933693922897
0.297389926246629	0.253312244382143
1.03541973101436	1.32541849997608
1.04166103269963	0.878897249418494
1.04396509483648	0.878784873885812
-0.0829236175243324	0.0563016757466589
1.46551534290201	1.6443643672382
0.493194401146203	0.374587919802268
-0.349909871441273	0.220064031786606
0.230836590686674	0.15838134497351
-0.682373466893931	0.552555662457984
-0.764959650490734	0.617438810965036
1.95073735109401	2.5000654217381
0.453223952743449	0.365318626991262
0.227087257240353	0.151999350096958
0.337555091207968	0.245473133066297
0.63330472479982	0.390894934383983
1.00443486687554	0.501113991781161
0.0969854026339712	0.0317965505181901
0.763437485960316	0.328612410677434
0.753491847521119	0.322232072938103
1.51004581880443	0.758035302417278
0.292266329374177	0.142093710357149
1.45882580691649	1.19389758462944
0.0839528379414244	0.0354183827118899
0.656671518347686	0.496576847819798
0.0226232029793496	0.01840389403823
0.43318377748415	0.52885274626359
0.542153367742712	0.695118602448274
-0.427619421001117	0.468798177591802
0.669781113925276	0.857411720359673
-0.877987155531795	1.25873422629839
-0.185133215035631	0.166756063487007
-0.124429017143931	0.105693789789835
0.928417554576573	1.36565611023448
-0.145032383345626	0.135705032279394
0.0806650627244526	0.0669200264946596
0.0181453009191875	0.0137422798053279
0.330056557035272	0.353362152589944
-0.124516288101139	0.105234766392206
-0.73665783540711	0.966434699226609
-0.117756983369383	0.101473324198454
-0.592983822239107	0.698299005161203
-0.380882291179057	0.396527793449262
-0.686781528059863	0.855367223875274
0.0110495994961856	0.00868568523319895
-0.132417307641824	0.110325106730463
0.296907871928624	0.358061511844461
-0.517344761484621	0.705120032956292
-1.02250910764704	1.33858277912525
0.148943332919123	0.126624005757758
0.314370604424783	0.338887619364746
-0.112269882491239	0.10650309169282
0.134962770617997	0.101667014554316
1.32850141471105	0.991804272446383
0.0837746490423388	0.0422359742086916
0.834899274863649	0.44951558752831
0.81956836519017	0.899265495262541
1.17459630101857	1.67853319407337
0.786698280109924	0.552345681959834
0.53234015040292	0.26937662731891
0.500485919599757	0.470801171057675
0.676456525247925	0.927108524127382
1.00711869261796	1.38292910008887
0.377213972084346	0.351892324688528
0.122156802723989	0.0801489241825338
0.472755688618987	0.374987942264621
-0.266265070953281	0.178701180881037
0.135449004803464	0.098001016622956
0.341826223373329	0.251653977465563
0.882164373936547	0.564339280159384
-0.017452927342224	0.0103741109828802
0.230989051360419	0.165414844096306
0.33066524407442	0.237522634196872
1.80037498842736	1.78162916632206
0.55456241613066	0.550589128541891
0.236845743937665	0.142328682713894
0.507569812916533	0.471101587673093
-0.312782638617941	0.158940787015581
0.12663074259678	0.0836445316450953
0.354382225646143	0.250545481809353
0.335871139735542	0.146654483872898
2.29922749463469	1.12821016503587
0.983420961322678	0.370758017812327
0.0933198535626446	0.0319192197438943
0.322815373297309	0.140620358394831
0.477470759688014	0.257893615948691
0.230712224853403	0.150641224950849
-0.00963306123975953	0.00573452883372561
0.0980674622774592	0.0604703620739833
0.325272051550107	0.343033109274119
0.0770773614724182	0.0629070952034052
-0.0113911098382225	0.0106607446085443
0.404458647422975	0.527853458286374
-0.124845139086453	0.116138925882057
0.198126221699193	0.191027324702604
0.067314063053611	0.050929392578427
0.232818968690762	0.273677688194844
-0.33731620546031	0.378002556262852
0.383309789550518	0.504790924457006
0.150804421160398	0.141496669516643
0.622251019991809	0.904416389818861
0.882253378413151	1.65461966520567
0.0694956927998496	0.0695059906634149
0.340552444414182	0.364288536129612
-0.0173074642633751	0.014173393639809
0.72097746739907	0.904484530916995
-0.353072743301351	0.370368512674962
0.142828705429764	0.127042506371792
0.297102280996027	0.359648609075891
0.297300294815399	0.260490710472549
0.698031876261893	0.974313558461753
0.930120112973534	1.66907005401093
0.196661921937379	0.188573838119154
-0.173445110299932	0.141557771387913
0.0542288654099615	0.0384955510174223
-0.288651370696558	0.273682400670359
0.0551585853983723	0.0481893108727026
-0.0255910161263784	0.0186744831991515
-0.0475380524088743	0.033777489854287
0.14357288723541	0.124172958925016
0.0637409690001938	0.0500792946736029
0.224698376949103	0.13314465264473
2.07000190998897	2.00443326101293
0.525747171408275	0.36480622824501
0.0874815003130962	0.0469098430489339
0.307358472820131	0.26236008929098
0.0509740037799387	0.0366137632867923
0.648425381366015	0.490472476537417
0.279632765875752	0.141346197066343
0.749180704269466	0.919669449008188
0.395230183136757	0.359507264428356
0.751081141545344	1.0151965377559
0.142729255688908	0.119577692231271
0.871810859926798	1.08785578943056
1.86914746291305	2.92049568382502
0.510420491785511	0.47303025388328
0.221395480645306	0.161493844255926
-0.159403185304009	0.101011225340638
0.547027896315644	0.27889303005266
0.0583390687410148	0.0422953050091966
0.322567353602017	0.252640350592374
-0.322095792450807	0.237957813329728
-0.334554246351392	0.274422749055749
0.222568962873867	0.139105391340739
0.646869524002365	0.50141962821125
1.03653613473468	0.836573147201479
0.107141738842816	0.0703985338917304
-0.899118532954205	1.1634043588409
-0.150734489682062	0.112819306119464
0.394151034858433	0.252213495130198
0.644926097976955	0.621800642161699
0.378642492109915	0.36064287205255
0.40478936470259	0.363780897101196
-0.855444349233478	0.880198839357013
0.406926843554179	0.366753812323091
0.0835573828453083	0.0353211462877418
1.01549831206512	0.599225701554686
0.0833173217519169	0.0418967994082755
1.21320016263682	0.686152538183903
0.0509418336015969	0.0529056646958351
0.150214937088354	0.147823444890939
0.431184414628021	0.585633320986393
0.1494359140173	0.144814778293592
-0.0859606331204721	0.077057298723962
0.207387269911521	0.204177697332912
0.111576640321901	0.113515284210686
0.000453868209906816	0.000415688518559211
0.389766810832016	0.431396121383511
-0.437065860820447	0.42141516713269
0.248929395787313	0.271713928940233
0.101182701184669	0.0928596912719164
-0.276689458625922	0.29663217010517
-0.441939383785676	0.458122847104341
0.825281044520867	1.22648480704007
0.289000216178043	0.275697594048611
-0.212164946153838	0.223156851570309
-0.950738126304365	1.34638908745283
-0.094187355597501	0.089481158881283
0.129171112784124	0.145801825909553
0.0357148711993818	0.0293186969287458
-0.197721879312766	0.191127926850938
-0.270628135478994	0.267988096565105
0.154572858206926	0.14824188379246
-0.691423181812986	0.876906857092294
-0.789645058091249	1.02481956180299
0.0491876278353183	0.0432487958690254
0.213687450367435	0.16208311458695
0.0833693245154681	0.028192489380937
0.620350117859196	0.289968354715218
0.0808785329305239	0.0433850924659261
0.621403848080645	0.29117708249682
0.469645109999496	0.37079222597309
0.735809062723231	0.636996829422308
-1.0151950039794	1.06002560579184
0.335477820349266	0.259639937480788
-0.443763758696157	0.390160883362276
-0.188385428384045	0.1162949015289
-0.373259374537022	0.342734987314473
0.403173267171563	0.420907033508189
0.568586501052559	0.694464046045578
0.275602102724049	0.280217062226387
0.490257161709568	0.609367601992425
1.38321332485859	1.95237479627177
0.836533186238179	0.959085241826773
0.367770326998835	0.241201963987736
-0.0832997804566553	0.0570561288884315
0.587057790196255	0.484745484735388
0.632106426330679	0.393363534034004
0.0853001488953675	0.0394674123382554
0.220556203800799	0.140478289802875
0.337854978840933	0.252303787242175
-0.146138162225664	0.108541792328254
-1.04593910288696	1.00407508113761
0.198792136848754	0.186641820116352
0.848435646163963	0.664315822081052
0.214024779916891	0.194873802857993
0.0294325773211653	0.0198830239929698
-0.102048623399651	0.0668758153828749
-0.268498397089612	0.231591589344924
0.228475713666232	0.149314717435335
0.367352525925753	0.351179388256623
0.504681610646907	0.471482852719813
0.50382132901988	0.373928435278964
0.530144316249809	0.483043878556562
0.475544042728308	0.174341861986265
2.75336006021198	0.827151283763158
1.27293486618371	0.561372589409687
0.824002189210397	0.767798577394893
0.310528167041375	0.247584932729167
1.18199320783486	0.739564528284569
0.644479849325334	0.404965141643064
0.27381812371655	0.279381079961628
0.559721322026326	0.870473054925957
0.21574319745001	0.225998219417799
-0.225454958068872	0.263243251370874
0.0373686640895215	0.0377172891750096
0.437590333742808	0.509114159344803
-0.43647457564583	0.543475561766994
0.335948396947126	0.361573131352446
0.0630091703583466	0.0595271098310996
-0.191268014269436	0.174158029179386
0.157473505598869	0.152619712986787
0.851388217583571	1.11208838664036
-0.0238862670387024	0.0247110752045153
0.683450265199112	0.873690728470948
-0.536583557698327	0.653219344543109
0.372262361831008	0.435014994794078
-0.371604110316487	0.408549698313167
0.63191036275939	0.891001532290331
-0.340488137577668	0.381823720839489
0.15088987539342	0.137460930904556
0.0810814336157091	0.0720452217529059
0.0146370789160037	0.0093976862394952
-1.52936001094155	1.01256949889858
2.07133588884107	0.93526618710583
0.883024896395997	0.570683718774015
0.109663669610522	0.0652159285616325
0.708278621972892	0.505156084784078
0.653860041489664	0.510363907929667
0.214623981231326	0.17593821663112
-0.181396579643387	0.149082454209939
0.211466474739211	0.175957470475673
-0.256279477759717	0.175165942998755
1.51369159027625	0.762073173017477
0.45576269959557	0.439796428374169
0.380376099948049	0.427098409823703
-0.835542765466223	1.07236042423058
0.0882689902733663	0.0741328350906695
0.769711760942798	0.668725264623206
0.693210005771269	0.728266072838283
1.26929378331734	1.25152258007065
-0.0140773815159018	0.00826857439813399
0.371665774540561	0.351820698547868
0.760545399980971	0.637813790798834
1.16601320687827	0.921273086319665
0.282688367291345	0.26024715795103
0.406338335535368	0.369529550777718
0.462643658609063	0.349395360069713
0.87123880939071	0.798926618839797
-0.251552492944693	0.199660227580231
-0.603630073858303	0.514254175633775
0.313731580147187	0.262348985471032
-0.461614435443211	0.315529779200511
-0.401459395251368	0.344129495987173
0.137773430520072	0.111296487728613
0.493782296887858	0.469995279357484
0.737764047065942	0.845305444691405
-0.286509581169227	0.220331449109188
-0.241102872188883	0.210544494664582
-0.457214230681735	0.37288919939988
1.71794431634435	2.45031449800326
0.11478250340705	0.0768847124094078
0.54375643144649	0.473284180484625
0.465293628335011	0.364017689716823
0.0846779965003459	0.0353967716082827
1.28763359735806	1.10547319985706
0.831202839630184	0.666479003701781
1.26389030728515	1.23781606218114
0.0844222467142179	0.0428089438222065
0.988133305414923	0.376277747590717
0.0753813337267994	0.034536158196706
2.29587157997463	1.14333941519216
0.386033144283376	0.157916651360879
0.227794655490594	0.146305636181553
0.411546934508615	0.636391241292857
0.0852865535133066	0.0746078303021135
-0.0760430135205539	0.0684922137816103
0.670389729684171	1.09909647843208
0.395111351422257	0.518489516430304
0.151699837074113	0.147877823995279
0.1552398619013	0.15245683850557
-0.0223521849064035	0.0190747337879754
0.692131905245227	0.864139164341182
0.0428225871068686	0.0381206397726966
-0.254092726969888	0.285570465744342
-0.140050976326262	0.142731708650223
-0.437594903079494	0.638851806805017
-0.0442749682308824	0.0369436821937221
0.405997595689157	0.430917932709904
0.428307039921072	0.516634544860558
-0.316384475310807	0.36231877345389
-0.207065223574181	0.200766051821492
0.202478384740319	0.203517449580519
0.0445883007482212	0.037616837951316
-0.00291503168606763	0.00172321744649841
2.4519526419624	2.0676491886773
0.0804191779645165	0.0411642330742242
0.839656475613682	0.453558448724604
0.634819945975022	0.390170728440219
0.71322570794697	0.387316284247322
0.477080661489617	0.368768560033677
0.325918393649695	0.268634699270049
0.462296411529119	0.353277219968744
1.1085400122975	1.49787106814331
0.0573475191323285	0.0427382245891815
-2.11630395068929	2.1056800318284
0.127964055505065	0.100592911188304
0.736396013895463	0.910182017881049
-0.0693941168499965	0.0615120967211363
0.211785209628597	0.213971119375322
0.344585994757333	0.345584357631808
0.507113255274431	0.521499200545618
0.290389138689303	0.272696293593023
1.64526593903407	3.0573031329868
0.508917944584328	0.555854296519048
0.468809459197642	0.360316906711677
0.476285967628298	0.36929694647401
0.286328699729699	0.264876744122889
0.519865819464219	0.463387676010311
0.537287562890486	0.483478918523674
0.248861525828519	0.142226638750037
0.220203120504305	0.173047641032021
-0.364519826115825	0.328134651886223
0.00400844502402977	0.00268507321892104
0.0637117873868365	0.0492664681801711
-1.41298657903111	1.72208331516873
-0.487973264522164	0.539577165671786
1.12432404484725	1.72210468147917
-0.038005642927213	0.0260269043687141
-0.369922705598154	0.33616595753524
0.0414380170854208	0.0296776075957982
-0.0260240433326351	0.0185205711074246
0.672776915373695	0.784820729623318
-1.19077788978995	1.58479457361182
0.219425449763829	0.180918609985883
0.214208223721703	0.146922236110152
-0.266463026902596	0.148572740364499
0.726743764495916	0.712375656710614
0.499072646774674	0.372871240417768
0.469850534373347	0.170514802132598
0.632942498699066	0.204573630547874
1.2772613973147	0.576505605197888
3.90691358527684	1.70892238396585
1.2719873995248	0.572705201935466
0.468573392097242	0.167493204961426
0.470586167033051	0.172818763268529
0.0964177719354598	0.0595186654228671
0.113455041889103	0.0728338043972789
0.294653627468267	0.340312615143151
0.205701791519804	0.193120892690806
-0.023630933313091	0.0243092486753094
0.0109740746568479	0.00874202950617843
0.436432769715836	0.518861989188813
-0.206142637646137	0.197598029879291
-0.408095082224089	0.470521792717383
-0.69302667165299	0.889545423180675
0.0670016320365811	0.0627647864243607
-0.30724610103153	0.331172382025175
-0.580463386450528	0.805555971330723
0.21436947208149	0.247807175220984
-0.095509794021408	0.0984435690976231
0.71363913189484	0.990736191076614
0.321976928669016	0.372276697146017
0.635468246887434	0.823319289490134
-0.340449091887384	0.42993533238406
0.343694419305216	0.418179152116477
-0.5757373913341	0.561887590483289
0.440232482937486	0.520862571242386
0.139395452204228	0.113542584624937
0.333955060701251	0.149876573778959
0.426898349924201	0.2575003920763
0.080271388028583	0.0373465890787009
-0.0206360981192566	0.0121440314049406
-0.422607745157892	0.305522399993903
1.05187879949261	0.922237905508651
-0.19538687653946	0.160323101041539
0.982039858011487	1.28869063700541
0.215844915249962	0.181204991357358
0.708372190535841	0.825802644019368
0.254163856103784	0.140969681840148
-0.566582780548753	0.531414540183416
-0.0211429314976444	0.0156234106448603
-0.630562952075005	0.709067641630416
-0.246447244791833	0.237621507042779
1.17593383986328	1.31213966480334
0.585576139262102	0.687737102553592
0.629843701821116	0.839010323721601
0.301938308874321	0.264565968876369
0.547430509654909	0.635005899252862
0.283833797011575	0.263602758981798
0.525450127610795	0.569931030603253
0.552097444635837	0.492963340319041
0.549167677623311	0.626447645569553
1.30971395476682	1.78546238868302
0.322011159937806	0.259044732027779
-0.0416152186020576	0.0234373104981161
0.429218833097879	0.260231018061992
0.0193639202298105	0.0124128255252607
0.0818899611136971	0.0384126298818074
0.0863995747917327	0.0465645536279647
0.0850379471574454	0.0752099111156624
0.57889078839335	0.575424874169087
0.0878708281311191	0.0496636726680062
0.213720486444664	0.159539178895272
0.0513665417500773	0.0354256803232919
-0.121016603493202	0.0925328198731287
-0.358538206996378	0.299398509067454
0.376455567172609	0.356131807764881
0.852387203980773	0.992380864420983
1.24626474817137	1.43351002819311
0.0709823351777324	0.0517621327408602
0.216382212345947	0.151324402167294
0.125347422866118	0.0889356152899048
0.23017064623738	0.141692389730537
0.970876317003476	1.14576489712887
0.739377975437239	0.849002314765912
0.351757255950727	0.246889164120968
-0.129780459453852	0.0832382861452367
-0.311604277695325	0.208034754332854
1.02149325981875	0.627454522489674
1.20310509398784	0.642315521804119
1.39587774631801	0.880915648119174
0.0835429355056079	0.0319595750382102
1.21015772938461	0.670435778329163
0.0837064662631174	0.0288114799617396
-0.132931996942814	0.0596505208572367
0.0828720610580768	0.0318112876215164
1.89735956694966	1.17338797395477
0.366946277554858	0.240137450906594
0.52219633951062	0.70909697370185
0.159439039134248	0.17559204170334
0.221087057887201	0.260184801601561
0.213100259061418	0.19310469342032
-0.427787986421113	0.507086696478663
0.0843315206615882	0.0728498382998796
0.133396011501548	0.128124721809105
0.0750756678681996	0.0646423546996725
0.27542396764779	0.264617462349951
-0.184286206239247	0.183968596585408
-0.101456071251879	0.0894438302213629
-1.19288449811961	2.12773855936267
0.148016226779512	0.134965358486464
-0.0168773247889335	0.0159892798875495
0.0450533453047476	0.0386949209347012
-0.0562628664004609	0.0449542231601192
0.217220704226647	0.202931791004029
-0.476342816418741	0.552882832512884
0.357221533305181	0.433340269456268
-0.465656510017737	0.55678673206691
0.00970545599517899	0.00794395368637549
0.0301189464727977	0.0205329520755902
0.381726791496339	0.155900053042255
0.0847147738396149	0.0331726225898138
0.634997709327092	0.402782387677439
0.429639589560192	0.359660039326101
-0.369650433371981	0.176816143866605
0.233989369142165	0.138155028852867
0.419486321508274	0.358474963519188
-0.101585017898362	0.0770213503987613
0.326829743347825	0.252041700960838
0.219366399815897	0.190826164532279
0.0890781719627573	0.0511631703835791
0.0030980731083331	0.00236175259101961
1.16743728153278	1.74500296851045
-0.0345916971849118	0.0249983130699435
0.250154103239444	0.25830866792966
0.584227483818818	0.664845885551645
-0.023101166849222	0.0198055260522432
-0.357164065348242	0.383766657189195
0.75136247408508	0.82944718767298
-0.340108491180361	0.317738770576786
0.142847601327799	0.115703009153263
-0.0407541771398851	0.033961635915847
0.122608962933195	0.0888764047434466
0.48181179736662	0.465130064686619
0.21230315963808	0.202922609526349
0.137228824086367	0.102729039943899
0.4976857913071	0.553927988099533
0.433094666965643	0.44666246919838
0.127105633960564	0.101857249867303
0.280253183396753	0.266448970118271
0.774329507707244	0.51490049434181
0.134264317450641	0.102262936743776
-0.100561748364358	0.0778612332065795
-0.399062352755539	0.389442681693759
-0.524336021861333	0.501583548981466
0.234605866700824	0.152314641805788
0.876858865007061	0.792458468528399
0.213892910590351	0.140970740398618
-0.259457737753736	0.179003155628837
0.104789592279343	0.0670949637125768
-0.543554554822203	0.370515400722585
-0.603125210630489	0.645978107596928
0.345776723379043	0.256020128899711
1.02175618556948	1.47057220783497
-0.0857298705415264	0.0663585594440169
-0.964940529576998	0.895080150950504
-0.244085227213659	0.193634246805971
0.106036669084064	0.0687055701571346
-0.409026566132709	0.340226976612422
-0.364519489534662	0.268669117947536
0.350932120683961	0.242394506377383
1.15762057659323	1.33280398117652
-0.609472332354783	0.659915422675981
0.496596457449699	0.372721898724938
-0.102435460122537	0.0505817343731495
0.0832076686729771	0.0320934434977448
1.36033433712542	1.38698155767493
-0.86191301583699	0.580678309143082
1.09626487625377	1.25114366019713
0.537595716263022	0.27510369868001
0.0787119633523203	0.033258894898002
0.112114865728904	0.0332945117013381
-0.217383352839178	0.0827133358294438
0.482396669849861	0.268859144190581
0.362997497079713	0.430717009150646
0.714378759102506	1.03137194638977
0.0908071113722466	0.0844570501922238
0.0843540412514667	0.0768334965988363
0.472724743989287	0.664219246410288
0.203007700210421	0.18253269549526
-0.734289410617708	1.26796741485327
0.115119071385698	0.122199550684559
-0.662718350489231	0.967275169678383
-0.34391898528663	0.342943551265893
0.00535394995947875	0.00472742456047808
-0.584380853466011	0.77367727736954
0.350195442265642	0.344625608866237
-0.0961837435638528	0.0755472202953496
-0.0251650304513954	0.0227185842434076
0.0741038913520514	0.0743789200370031
0.551632429804979	0.640490428526721
-0.103938195577299	0.0988699180978634
0.00527056053862836	0.00436795369290695
-0.142002564956343	0.119467393439358
0.269162490432999	0.143069861769543
1.33161248448898	0.994643696700046
-0.217851514624462	0.125623087701039
0.499072646774674	0.372871240417768
-0.843542221437887	0.976909460323725
0.68716561753515	0.630016316616584
0.699837074610567	0.775277534046772
-0.150770703448875	0.128434245484833
0.709705430809547	0.89955667893272
0.10259409824706	0.0635248315802447
-0.416275819319787	0.452363013192046
0.419451507945427	0.449164771990745
0.292573880312726	0.266698278948218
-0.0269379987063246	0.0241270261756912
0.458636474532968	0.491127851483788
-0.779291972429664	0.95748133173046
0.897201329378416	1.35277338543493
-0.165783964662804	0.135716638633761
0.587878802551168	0.674791531391871
-0.0371360349750111	0.0313069334606921
0.33202683496895	0.338944372866891
0.43660065592613	0.436314791989947
0.33565369786692	0.354039143982866
0.0496811016103555	0.0375874600255358
0.122469170878723	0.0853875439065638
0.618608124078792	0.751095313902251
-0.170811974423235	0.15641391132897
0.0750741022664392	0.060844984602723
0.335359034292099	0.259655277099766
0.391177054041557	0.346089023346135
0.288282534749069	0.250044878877466
0.435307536740992	0.37093945127944
-0.485421720491689	0.430428536472625
-0.87802742633401	0.683624534123319
-0.607571697282135	0.500864970133723
0.11770648247534	0.0793044179264878
0.118184851164252	0.0788953399301279
0.219972522183736	0.156396157554929
0.638747288514626	0.683924670954461
0.107417337307054	0.0657037727406934
0.350136470023975	0.3434280633933
-0.369697816946666	0.312308368785943
-0.4920034915705	0.413618947488118
0.285021056126511	0.268757751734174
-0.0634109008319836	0.0430752990774302
-0.333108551523081	0.270763924002527
-0.198771513279267	0.161415046577549
0.151757402415751	0.120759278293976
-1.12636021468115	1.40062043113887
0.850057339453393	1.00931844377323
0.0940314621932237	0.0569392840806081
0.132672636162798	0.0962128358017626
-0.483130895390139	0.276807293839973
0.0767954862135231	0.0381641957039903
-0.261155741083248	0.144370632916218
0.528071959667024	0.372243487059399
-0.859691824570196	0.481084454131255
0.577326345726562	0.486555105339772
-0.368132044194781	0.176040899353943
0.0875295672693372	0.0369700905399861
0.0742789669580967	0.0366259433502691
1.15300494749236	0.968509651315842
0.394241322175978	0.253370916607257
0.224102656257134	0.131574216270983
1.40248433260527	1.32388689183438
0.375082928441186	0.356839123048549
0.494201122030856	0.546641239932872
1.23291853970694	1.9317597895001
-0.105955187416075	0.0904527410530768
-0.0310997279871956	0.0223040447935576
0.351753458000081	0.361950423465675
0.436055434685993	0.450995343027055
0.22197393493177	0.20233865999056
-0.115064907404744	0.0990068959198136
-0.427681881353037	0.445473534876077
-0.0963674367857047	0.0716910655423706
-0.100434462912354	0.0776326873233714
0.287360339980483	0.272618868130158
0.396537162185398	0.409762443285657
0.026643719216478	0.0214729543525479
0.302479189660019	0.269636306168719
0.208684960687948	0.182041456029461
0.0489521396229999	0.0356182573952544
0.0487473289915616	0.035994469899917
0.419895164619607	0.342716581945735
-0.584967039639383	0.577560987885102
-0.00441798761368833	0.00318557870184189
0.310597340456197	0.25664567722811
1.10327589132392	1.45889004253577
1.46246861545133	1.67652739871709
-0.0316079444377624	0.0180662188272768
0.12226069779212	0.0864863913984341
0.112332034333572	0.0772370890510167
0.28848000313009	0.244528368572359
0.100270351129047	0.063247613856179
0.354858054075463	0.251630397617896
-0.373678492859823	0.271574686135575
0.307544159791808	0.26274702700024
-0.185152782685664	0.193295852577642
0.205935716748217	0.207332536755386
0.224639498091362	0.16424687664918
-0.0811582042305722	0.0544623299344432
0.575101744125473	0.495515123830614
0.972992121940124	1.19865053423129
-0.940069317974284	0.967889942594604
0.125106811678101	0.0883958682304281
-0.925583154966175	1.00968572977117
0.338329856778085	0.260644305161652
0.967437418901007	1.1477400891436
0.713411999763789	0.626653441989206
0.832455909459544	0.670705928062496
-0.451981794502747	0.398514246108692
0.0906225388525429	0.0525278798929822
0.22015477299736	0.140608306705935
0.216513887735824	0.175044630876341
0.848092991620497	0.653280860445015
-0.308610054582617	0.158668693982048
0.142628599354167	0.122073070448387
-0.0224988992772321	0.0160153127295238
0.345977523355406	0.241766321514051
0.366821545876223	0.243039327342245
1.15210408112778	1.03477076391696
0.0804191779645165	0.0411642330742242
0.080357666112564	0.0429034219570172
0.977835057481396	0.977000706830536
0.397441223209268	0.251699488751456
-0.866406208343625	0.586406005252498
0.612321610195855	0.602029921071062
0.644170090303288	0.620444022300725
-0.510125749812692	0.401035278327304
0.716990657859642	0.526965469152201
0.0815406315781855	0.040374786250511
-0.255068212271659	0.175656580068345
0.711422467596272	0.526759844889909
-0.02634665991856	0.015209316215216
0.0881815708032888	0.0508016277883039
-0.0109851522313622	0.00662963823882741
0.29579850782077	0.146030854224686
-0.2729012709554	0.146198851613818
0.623118216418618	0.499685666101469
-0.684213037622967	0.320300381335247
0.47122368832564	0.173644512897175
1.39729283566588	1.2980578080936
0.380400723065538	0.151447745286751
1.56600627157428	1.02127559453792
0.386033144283376	0.157916651360879
0.259822245850144	0.137214909809034
0.430823529363827	0.259271773591999
0.5379185734231	0.27611373602271
-0.184825109574272	0.19332752689294
0.743829905168554	0.73054745821619
-0.294940175193468	0.288323841592546
0.428400339690779	0.454321982256913
-0.0149247219831086	0.0109440968756268
-0.683857401286374	0.854956424353475
-0.00926086657951131	0.00691785774167452
-0.266962065282411	0.247528068849536
-0.187517681733885	0.170160724087205
0.372062202783942	0.367883080865758
0.137843132134812	0.102861392706941
-0.111138478757799	0.103488309522933
-1.00544332688477	1.90226612641111
0.264865066326419	0.286661961031574
0.448750898669672	0.450916154184656
0.313963217338576	0.260063193205729
0.155828373149792	0.125982767064175
-0.0359255650005509	0.0296045262998963
-0.268339854399449	0.226340649444804
0.300440314090523	0.268469138297676
0.0138988237303017	0.0111153967621904
0.231264769315898	0.169505211456516
0.234840187400543	0.158061592469942
-0.534536643767099	0.454964760910901
0.212668622223995	0.168036099506379
0.984584107288621	1.27879976589894
-1.0501410288802	1.01142678334466
-0.00753882349140488	0.00439334984757278
0.608986686144168	0.596669703214273
0.0497468326571789	0.035914859139049
-0.00312044041542196	0.00236662300297942
0.150650446084257	0.142569061564014
0.353641042650047	0.249718492581155
0.312364845155506	0.258127273975274
0.218885818056361	0.173186885118213
0.112272608125419	0.0750841502891381
-0.128277897644271	0.0959022462284754
1.53370577745512	2.57485421592256
0.847599287717784	0.973554340477107
0.949573421991695	0.835622790990555
-0.0764633246678009	0.0607260903051921
0.144046367172997	0.122352734758811
0.447665171184012	0.368464353940397
0.318124018079443	0.331792823838474
0.43739608122377	0.364591054995211
-0.413354187361161	0.305491340870055
-0.0274710709093118	0.0159812222288557
-0.190277824753922	0.117151250640757
0.229750318910466	0.138157646006655
0.0801050767972457	0.0433010613037858
-0.78911557628124	1.07300221988904
-0.231028802090333	0.207094196828309
-0.316779642971412	0.238877488503275
2.0144856702166	2.15234987591053
0.399598455285555	0.256754720965415
0.136594078184712	0.107048257962574
1.72352078750769	0.974227395451832
0.951477625578222	0.84238984028396
1.50932643447083	1.44565128741048
0.109970888483263	0.0719711978540707
0.117000592478816	0.0752687627020744
0.09139772607293	0.0492378164561713
0.00129112927735097	0.000729465506111075
0.915312305316295	0.714759822959112
0.220925236564446	0.181573833125604
0.123153409639036	0.0887691901302151
-2.04526760324674	1.47079778760882
0.0954530345280647	0.0506392005534767
0.0822882324787775	0.0404654782455469
0.0832636044533976	0.0443302862995186
0.829995298970839	0.440995699981677
0.0845969807298204	0.0323269644934412
0.380711528877485	0.155184266731623
0.52470587769178	0.362902877673448
0.226861999393738	0.159294863244199
0.70292050635915	0.722933081298895
0.0502003965153434	0.0466505056494378
0.133614270330966	0.13981637147372
-0.351629343169706	0.376243463247914
0.150141504848173	0.158306576075247
0.142820204415004	0.123857373391316
-0.233256160351479	0.241763725675992
-0.269768270070097	0.313223129495763
0.542809332738384	0.607457196854277
-0.081276361377014	0.0729184146512256
0.0413260174897654	0.0371374052483912
0.476506707155989	0.738785589528348
0.331037064675125	0.430482991319681
0.519790194784561	0.621247521598435
0.197954485049536	0.180900008255066
-0.0768869789149811	0.0675274653359808
0.0876073497495485	0.0770756220053685
-0.117420058418476	0.120208356466999
-0.32450076423875	0.339633760634672
-0.36472143862212	0.357367405636389
-0.0982809822712723	0.0449198042423056
0.540305772901087	0.271117292110369
0.0821141182756457	0.0448532383505467
0.421511251884877	0.250825710151551
0.0857541301293191	0.0364500446146383
0.0848383504650623	0.0449181369904445
0.806645261371626	0.919726730756492
-0.782922134473124	0.857914672948802
0.131897695703876	0.0905187671759853
-0.309100570759886	0.285307811722956
-0.581978732713648	0.236300240504589
0.558460523492902	0.490675700575135
0.228997246474227	0.206361080780264
0.291222109669802	0.270248624002315
0.0728679728054049	0.0590466191559157
-0.429902727110993	0.440166756458517
0.208562791272893	0.171377951702925
0.567770111340547	0.561704249384638
0.641721616513395	0.70639493477188
0.227741953833018	0.180826033746278
0.210424843449406	0.192409687870516
-0.367670799839741	0.337012682700795
-0.0862581334672198	0.0634050903297822
-0.751530529164501	0.988417890006294
-0.452354863631925	0.456438820656356
0.577802015707465	0.486577870205056
0.306875813121876	0.253014471384594
0.277094907737819	0.275803883610317
0.786063874884104	0.760413973841137
0.585392102299508	0.669272006892776
0.527432539564356	0.470925071600901
0.112405896548568	0.0715123180151217
0.557769699882112	0.569830908922448
0.824867053913904	0.776750728088755
-0.185675082341024	0.11299654800348
0.416590611494839	0.334068331451681
-0.0765759277155077	0.0525069594954457
-1.63123531785463	1.58030160888252
0.542908607708101	0.471814671604495
0.428961521154317	0.360630617433566
0.49388107221666	0.4709462655288
0.217250351832125	0.144879989984589
0.739360908294689	0.82455729351389
0.391658859148992	0.246105765155768
0.347326714364644	0.245420648717689
1.5110596612557	0.766036189128363
0.621075523284425	0.285285526732816
0.0872022841344302	0.0372184166875961
1.42495176944544	0.478712624316164
0.136634301514529	0.0339031274190082
0.422718401936133	0.252283685545481
1.06958199573417	1.1484572255392
1.06063129205395	1.00340994697256
0.512029562344466	0.291128776978096
0.373568224287856	0.505544560376946
0.351195366028483	0.495132838553464
0.09251831611078	0.0804691019045191
-0.0696957221439307	0.0729244267911388
-0.0451474425775674	0.0463868643173918
0.443708043435766	0.701715996584836
-0.432354416501246	0.59169062540794
0.00517336651914529	0.00476265062446498
0.204019097357617	0.254037305619293
-0.0587974408157518	0.0546742263477444
0.172418386032911	0.206507072686594
-0.620137408864088	1.06419459849536
0.418017551579955	0.575775099285249
0.148136876626827	0.138495273566981
0.152663862655275	0.158856704668437
0.258558203703497	0.301756235175607
-0.326988912955177	0.383020747698805
0.291085656644799	0.332039602859925
0.0599295187177905	0.0547776354838553
-0.368645972932525	0.414027504339003
0.258310795308141	0.306822102902164
-0.287049057461338	0.33544498431425
0.219236006648287	0.168587025473214
1.33233795057295	0.996513214728241
1.02921140459739	0.710630507631467
0.98278241916068	0.372913373922056
1.15999394384926	0.908153960897473
1.16781731418595	1.04185361398387
0.22660567372832	0.141116113107364
0.210099213509685	0.174273653983899
0.535957050688535	0.562132943248827
0.805773279187901	1.12731077584858
0.225696425234457	0.184930961854435
-0.0651884961005427	0.0356990000237759
-0.000208336464401301	0.0000355653591740386
-0.358615779478986	0.453624975714449
0.540760306536442	0.629076055131662
1.02757641573653	1.80998214940119
-0.0771047469779935	0.0697334700084705
-0.846539135416939	1.06437315408569
-0.385101542696802	0.425910539115049
0.626371908819899	0.831505114227375
-0.317493894023795	0.2968838705516
0.297076538611259	0.268423646517631
0.920920208103941	1.30391449879513
-0.38210283218381	0.460412561885106
0.352797618071708	0.42810663738348
0.390695973898453	0.360030919441624
0.37001957530796	0.248895993462073
-0.0835765527468565	0.055984031640445
-0.312818028195099	0.206688948462593
-0.0793069888278588	0.0542306188877279
0.857775048190895	1.01383325604853
0.64416154019776	0.608942707891601
-0.624365985124667	0.581856474652916
-0.265383925311058	0.178731417757251
-0.408232526645247	0.480701081904516
0.0265950497482734	0.0171344094425163
0.134354058454229	0.102579995967574
0.558098196128768	0.496460845398164
0.555551944047585	0.720243212035345
1.30330290536807	1.82152124494187
1.48114673780747	2.31971026788252
0.609386686591171	0.588498098976142
0.0766216135404695	0.0383993718682701
0.47122368832564	0.173644512897175
0.720872906452291	0.41747307734589
0.0873688589711267	0.0298482305140485
-1.80409965036	1.47155886153757
0.331440204416521	0.14797759770653
1.04051833340425	0.738084180167639
0.708935252656878	0.510139457440969
0.266618513114636	0.331088153444798
-0.493610682939902	0.692366701831481
0.349221017977944	0.435684213653616
0.200456436829456	0.19417976262347
0.0411606251316416	0.0427708985050406
-0.0727543482925289	0.0635580159158095
0.128695359013316	0.14089248000154
0.416290746180234	0.56324472262313
-0.357788647141369	0.501302674130692
-0.120190582645101	0.132958338298165
0.170784928466412	0.194473345757742
0.125028191307872	0.125325056484892
0.481391007266773	0.669958758256081
-0.203507144800969	0.239739560277833
0.289978749006329	0.338130847734287
-0.593589490837444	0.791639513617995
0.205434462800892	0.180863323543177
-0.313665193464543	0.300581878400864
0.209003888663361	0.193923385519838
-0.0498183713864997	0.0348136335809619
0.630492069774427	0.300966095117367
-0.233088224743703	0.134598975853616
0.0791116025214236	0.0334411128499293
0.885624546307354	0.583851534676021
-0.769609013702937	0.62345296859602
0.226681719588651	0.152859239707362
0.452113885469041	0.456888383812819
0.525650419247302	0.364354882507955
-0.244955964287136	0.213912925103941
0.55346552433972	0.790661924438239
0.277807666932294	0.271491028145183
-0.0301008947086678	0.0276762916854529
0.865790169438851	1.13985214390447
-0.344212908198555	0.335155320004219
-0.588098205768598	0.789153925153462
0.0813504792774767	0.0714315989778418
0.853350476580687	1.25556970658806
0.315282008860495	0.354962508867987
0.212219585480784	0.195634476102548
1.05177504836406	1.71644950765714
-0.27570784357128	0.259220680842308
0.276925337062915	0.267682886287123
-0.300844419221811	0.275611821922592
-0.436744114357209	0.532126437666562
0.412084701579048	0.4887881446744
1.09969988311723	1.3985847220206
-0.0373527725772021	0.0259854956542764
0.0987395145950291	0.0597515700405435
0.444021231852991	0.458470667456935
0.0689822897881507	0.0541418241380882
-0.664732988503494	0.490644617686992
0.715476430480215	0.90397076122025
-0.193357347329322	0.17586448497851
-0.700529112513847	0.693349819057025
-0.10125755440635	0.0656784090923301
0.23349890606842	0.148582024792874
0.348204280016504	0.245416405410078
0.0667558381510611	0.0512117702241288
-1.15348009738892	1.36510601139212
0.584599745721746	0.583178458321776
0.880890690129254	1.09455524758466
0.919151740286237	1.15376250231823
0.764031799329352	0.641808406395501
0.230989051360419	0.165414844096306
0.703337712614501	0.515168618640906
0.723790531764296	0.41662028428003
-1.2233649538595	0.7127995587859
0.462859966266557	0.159250362688668
0.10905825457717	0.0324153823359966
-1.08296846743181	0.437708813579156
0.648551967766413	0.398827399077279
0.567917352826522	0.371852909874597
0.784572934319443	0.543473173588586
0.104983111256215	0.118682393398486
-0.252250000793345	0.313781842651489
-0.10886315090872	0.119135062868965
-0.0414527408724918	0.0409870306789871
0.470550547328821	0.647014001423478
0.169700863361233	0.196754654551491
0.571219489207941	0.734872729229713
0.0530859238533971	0.0543704813426369
0.00590754018758375	0.00582113803722921
0.0406646382154147	0.0402532982692903
0.679236711710892	0.957001012024761
0.133054245627404	0.11171571742174
-0.125329775038453	0.115846837973166
-0.0751824551646133	0.0782856084936996
-0.0222669708778133	0.0205568830127507
-0.401239194104841	0.449338207041942
0.263813342334433	0.296020654319942
-0.125746239896657	0.0967320304429214
0.39128791551509	0.25490009992713
2.8442138146985	1.88471275696313
-1.01522363291545	0.632351630720961
-0.0748378594928047	0.0387223683758894
0.235126156713055	0.142280127943533
0.0310616139332015	0.0215942430006275
-0.0869637873643246	0.0656554471410739
0.269811786495715	0.277563556579467
-0.167800096381303	0.165022601816409
0.282438834148897	0.275870873738047
0.723524023164096	1.1840509873094
0.245934936603155	0.272797820871551
0.256531396710979	0.278929369875089
0.4359494964282	0.518201929170195
1.17217312188137	1.57135561847625
0.396797314875422	0.433466283585434
0.36716204881785	0.425864725991525
0.384176148224893	0.431328664607863
0.287393920167008	0.274572246331473
-0.273461462266371	0.304129693969585
0.491763490516436	0.621161646951452
0.148854459959478	0.134590309567935
0.207440008943024	0.186177190318503
0.45359448201546	0.512262685427212
0.613870929882487	0.674541032941227
0.913765527563219	1.22988543499545
-0.0566952851968076	0.0298699645978315
-0.0727689708367456	0.0493489647422643
0.20949071888323	0.190253884320054
0.0991501558142277	0.056300345913888
0.581515069908177	0.498853213294819
-0.171019390542978	0.156509063379765
-0.437009642315295	0.456841281082466
0.0289035797037265	0.0190422441288196
0.05259281640537	0.0374344399809951
0.478254125213973	0.269910043751504
0.463677361248431	0.359119083953909
-0.266407833371927	0.232496832316159
-0.950894158474584	1.15598687759436
0.301792507392666	0.268101950096661
0.950706211694218	1.07384851207165
0.329422162459339	0.349347488066828
-0.0940900518738557	0.0736113577132749
0.770868989977071	1.00822633155467
0.296555379271401	0.261048917753781
0.0656537147785888	0.0516046029676522
0.020793334797959	0.0131440589905561
0.235721279469016	0.157874201334555
0.221652194701762	0.152320400959788
1.39381067778957	1.30645258823061
-0.16656056477578	0.0689180660917258
-0.385891534810494	0.111530236372983
-0.309700900803218	0.15668153101452
-0.212790623761811	0.0798677140309636
0.0792438793206834	0.0304497751457417
-0.853728864091004	0.483264614086633
0.726697425859638	0.422735424838194
0.153238172998379	0.16872829462301
-0.0639561061405066	0.0615721523820736
0.0156599993125861	0.0135042503813425
0.295443748421792	0.38948767251652
0.00262863582651986	0.00248315398462028
-0.274989416760842	0.36380641011261
0.257090262621989	0.303385967995655
0.744226469447971	1.34139636429376
0.305560471055756	0.359775173900279
-0.0740877136048683	0.066992683837322
0.163875903186911	0.156097660858528
0.0590778713253445	0.0564474052620492
0.0797868857944787	0.0401207535620698
-1.01655332733681	0.647293080554019
0.216057369135167	0.143555334258244
0.0863378955831899	0.0495076930956433
0.218311866117422	0.146218219621521
0.931169295250614	1.40422904329583
0.402069213318938	0.363392702814414
0.372002725513896	0.363536038975446
0.205048740126189	0.214066778555115
-0.208948363311867	0.162935995641648
0.19417126032878	0.228545389649996
0.603698405924185	0.811507670776301
0.350433111428255	0.410069498237286
0.27322371100326	0.26129410366502
0.57664402198462	0.736992866939692
0.294086853867237	0.27380584672265
-0.195775563824247	0.177561949101346
0.567589217874816	0.63736398151253
-1.05800140763319	1.54328505061388
-0.0495090252480375	0.039740382961934
0.0562259808976933	0.0429602772559547
0.218809826940687	0.1504030786322
0.563816348295694	0.648206429710031
0.474823673655988	0.496100273670433
-0.162131672594433	0.116493314019541
1.24795443426234	1.37634015681517
-0.115039776864694	0.0874213210996174
0.137354738037577	0.102837487647882
0.0230962256525928	0.0155563319792991
0.604350041449295	0.744590215439957
-0.261037196461955	0.247515724091165
0.0297553269538089	0.0199552012158319
-0.0123993684359253	0.00891849038887335
0.114529860678831	0.0722671435686707
0.0516367811842642	0.0352833788773663
-0.0421075234662583	0.0292279052128343
-0.658624054085185	0.69813651649433
-0.372532588530565	0.395608285986197
0.651840468544709	0.777951977384195
-0.162286508287088	0.134892596945732
-0.484096826231049	0.525754196751039
-0.0643144699053093	0.0436007948468305
0.448419691149475	0.359071053431081
-0.153448486642815	0.0964874108359535
-0.0139515551951573	0.0083906157065408
-0.579804718390281	0.431984335554061
1.32298870043698	1.59996905447747
0.21897283878619	0.139237047284048
-0.54763390473955	0.370695135398173
-0.755602788378257	0.541477259270208
0.701525050614579	0.513330923357149
0.26876526314697	0.142717412573094
0.538241109058168	0.273651889041503
-0.769882178885387	0.272223114165061
0.386033144283376	0.157916651360879
1.01858232324016	0.61220939633077
0.120561799550768	0.131461898106649
0.328844748378555	0.470778898983135
0.39322792088709	0.527539004574906
0.328816842248899	0.428680498881597
0.527701050915536	0.890498379034625
0.199245185723013	0.250206563271734
0.547184024621731	0.96151102369789
0.382756119494065	0.50242450128458
0.16102943144163	0.16444684741469
0.753463506442515	1.44851873071626
0.344490980926711	0.513024522179247
0.563527209615857	0.787035532774848
-0.459729908275683	0.498263625416204
0.021732765337426	0.0175417557696949
0.715463664407186	0.529016615767135
0.220778266683909	0.14147271767282
0.711422467596272	0.526759844889909
-0.0440884119897748	0.0251859871392977
-0.452607413127232	0.360336072148428
0.542855490051377	0.618809600960652
1.39290784908039	1.20859056411019
0.611466500551681	0.672954092068491
0.570209766286815	0.64217173580447
-0.346020439911285	0.398412648307514
-0.0713229803669572	0.0692220988463995
-0.13312709514083	0.12515364543438
0.263608728367186	0.251457856497259
0.604193739349558	0.836636635618834
0.412853477432372	0.506639173349674
0.375697565846044	0.365445369038836
0.641192315272685	0.84249436984014
0.392827000288006	0.418012380120707
0.317586507871709	0.347992138221749
0.323142648690859	0.348452710435966
-0.276970812105219	0.280635582738728
0.670384999952765	0.597127069058591
0.723668343775807	0.642186429298952
0.936720147724084	1.18583790355334
0.944023807842147	1.0696123226796
0.815005072436954	0.858659040321167
0.521729201390116	0.543831803985739
0.550801439154071	0.559349750324175
-0.0285192035220897	0.0206195272224606
0.209383667498967	0.169705784812733
0.0595324479225366	0.0422444184975806
0.0285164209476854	0.0182394924162844
0.328187931809278	0.339510350800507
-0.178557830582527	0.147789611910136
0.0112672229573944	0.00867475743480082
-0.0545746600781349	0.0439253515020283
0.135818791271765	0.100343107771696
0.301559084843664	0.276062073305718
0.953510506034113	1.31185407052513
0.437067158425529	0.445225582342328
1.25271385066798	1.40167822623519
0.889784520711433	0.805107645040063
-0.00304423724601684	0.0018099729491763
0.307483622422326	0.26495032088371
0.228018213341041	0.169298145281618
-0.372918319756382	0.311296392211923
1.3345746021861	1.52272077206639
-0.0993640352439269	0.0472401377850197
-1.22748195446405	0.721441351264736
1.00109346343942	0.489010435906868
1.7180410501135	0.960716658712878
-0.581631108676941	0.234564935417828
0.242603378431192	0.13975278827717
0.829666067682627	0.439376932667069
0.357238356711192	0.413907743419247
0.821878503155399	1.58548787872351
-0.407360156912064	0.555223029959121
0.718512806623192	1.13321620050298
0.341440772510802	0.425287455153262
0.282729361351499	0.320859085832874
0.529417262777864	0.742684803935359
0.441586510205947	0.603858771626057
0.26848165101484	0.264958060024273
0.00521709108611922	0.00463096369288074
-0.128805798682219	0.132077322394728
-0.0856976475515567	0.0445415580943677
-1.16350275532815	0.803541760332559
-0.121995774369366	0.0782602632613761
0.12907827345219	0.0912598745762228
0.308748550598851	0.254364271695527
0.142145505088311	0.122845746075376
0.841224368980216	1.04858768499678
0.945042175043287	1.06997854900812
0.207606105797631	0.185247251298049
0.0975335566283093	0.0822777988943079
0.687052249399335	0.887354090241463
0.404243683038318	0.494768077932209
-0.14237549480599	0.119371055331558
0.293875894000867	0.317500580968735
0.354165179286675	0.345887625110497
-0.780487252945021	0.963265184867483
0.202037145052618	0.190509202264463
0.26526655871624	0.28097611612061
0.286740600039612	0.266946954318982
1.16950205151175	1.60912537244706
0.113209496661821	0.0759547336528242
1.03963464657778	0.871262739826594
1.28266911900001	1.9392845810778
0.737938002695462	0.902145043512899
0.702132149589999	0.736619750529303
-0.460354596833758	0.368937744429881
0.609582431441087	0.505806456725959
0.266763886878079	0.273873400163086
0.67566669999173	0.598300898499681
0.503141207474433	0.473415683366205
-0.540458483920495	0.470745378208709
0.874113103158409	0.915250935485523
0.608468074867203	0.482135550737235
0.938100749766614	1.00779890858858
0.217414498783168	0.144839442179446
0.529881762841314	0.356707366090045
-0.0973486461131505	0.0469659703388734
0.330209562891127	0.263589762399634
0.296528212540966	0.145859269646395
-0.217383352839178	0.0827133358294438
-0.16508830979226	0.0644610151097878
-0.288350401731918	0.0930731534885884
3.25348095246928	1.13846419310589
0.296639943108476	0.146678685268268
0.301366704061743	0.380633654095616
-0.277979776571042	0.356273852813359
0.120121931120248	0.127165822741514
0.519495294665757	0.837533321815443
0.32376933669981	0.361379082328681
0.586214438255897	0.808895757392929
0.269322602956162	0.278495289073696
0.203557221488446	0.220773946073023
0.523620894645954	0.623594567300129
0.87362135484541	0.51946426782463
0.481224458627155	0.266650527315131
1.08858519781673	1.12034958298196
0.88455085848445	0.564067156991661
-0.308582766086565	0.208025826772699
0.995756094483611	1.219886705946
0.357792121647923	0.343129896067889
1.63384993923578	3.39425636757508
0.138180496904094	0.111350826619281
0.833040833671678	0.676465559553566
0.30254104792432	0.309538069562106
0.58849658642281	0.80182664720558
-0.374222491843312	0.435519131238517
-0.134181400726919	0.132676640348887
0.460278144434318	0.580487846839736
0.601479010973478	0.872783671684795
0.672111471232265	0.751034306369384
0.358321044798507	0.444099169574233
0.251955968863389	0.289566089832928
0.137742093895225	0.104831842674582
0.00881009904002956	0.0068321561341933
0.778370512426156	0.783008835464761
-0.676196424770558	0.559086471866383
0.203252903199382	0.176025353294197
0.529732760698646	0.6083569942942
-0.150665710091518	0.123540619109514
0.452958641378234	0.458711480392889
-0.740944177185247	0.929944949538547
1.15939758601803	0.930141023203965
0.433293418003971	0.359312269489896
0.553326508191018	0.638345163998003
0.424704834648065	0.37398003799853
-0.371198549313194	0.308356035092337
-0.021894451273518	0.015874733898499
-0.124273418745274	0.0909126308469213
0.721962552212992	0.890366735618383
0.589146533299118	0.667504635779553
-0.120313891221368	0.0914600007890011
0.253449552346191	0.143444060490145
-0.258928280184895	0.180613665393849
0.34991834380609	0.248883179642624
0.0817158224198341	0.0345307251809051
0.332905842452754	0.150813409974295
-0.150741779258453	0.0936983193223524
0.884456380619211	0.573540358827315
0.153521188385116	0.157764585106549
-0.0441483526824217	0.0400090185933417
-0.137612275188844	0.12842595802309
-0.400213586691447	0.476500279312043
0.612765910891631	0.74929406690431
0.334600934322642	0.363988673991906
0.201527505898535	0.195333555415536
0.549363250049979	0.478088825915407
0.256234670129295	0.13136249006884
0.396479404458558	0.249328203358959
-1.53722979791277	1.08685739816595
0.0933588678290139	0.0544213424782635
0.520048872470643	0.351571160345987
1.00039371829513	1.10330870452883
0.475340914805042	0.465323252353258
0.519052371516432	0.550549684129417
-0.0656349942671266	0.0445467244402157
1.07890936279048	1.62086331881048
-0.315260032893452	0.294606571651685
-0.368729206505233	0.409292159507325
0.404640046933907	0.425233255992293
0.227235883781677	0.166969435919719
0.503051205315547	0.470196355267721
1.08730916781831	1.84286979151264
0.908513066491995	1.1071259519158
0.312914374641317	0.238060393025255
0.577330513464929	0.495214309519963
-0.285040080476081	0.26595950122169
0.218054991282837	0.164460284530093
0.777902436215519	0.765781507933514
-0.409311187062617	0.333617125485461
0.949208406366415	1.08830023748235
0.469870109807833	0.255695138842311
0.608862112223799	0.483448799044675
-0.0828599485559192	0.042757705897575
0.326829743347825	0.252041700960838
-0.369080296134922	0.355036844595178
0.352093991639795	0.246992577394292
1.2567519407682	1.48035908609037
0.341508934533022	0.344326749553105
0.223917866561192	0.173776840907163
0.854868645990893	1.01425324383855
-0.246400027572006	0.196446521610699
0.127232022349505	0.0889482643274451
0.315936382823352	0.249741463391555
-0.0886394839540608	0.0455081032127027
0.798464348713118	0.5323679761299
0.631876258441952	0.292764498836345
0.0825049214426699	0.0348955431505002
0.336963025816577	0.148726774897689
2.68699345072855	1.6632608386294
0.331816825929678	0.149312592186759
0.990165399252521	0.46217867856403
-0.0173588250698241	0.0126379565039706
-0.536458157528772	0.582193143921993
-0.407911223296941	0.336065367847286
0.319261527605835	0.267270696404368
-0.205747909733701	0.180781031858289
1.08185721125614	1.12833160307154
0.407308720896434	0.451791878978214
0.523523043357087	0.481389916426505
0.46788937024034	0.461492445133932
0.212487868056841	0.178760678677488
0.683855832233162	0.810756771842703
0.30430767776383	0.261146668796856
1.43253633571703	0.458174936219865
1.90276131405781	1.18497936744695
1.69481205802682	1.2472891333615
0.423640809933767	0.250118387230514
1.72042478027578	0.997749212505794
0.0723213189795477	0.0356369151150127
0.218154130702032	0.144260385246233
0.337149446959771	0.243509712117931
-0.36067846337216	0.294421633581368
-0.155868767568973	0.0993952399046263
1.15853131239835	1.3201517352037
-0.473303632760527	0.326879642426075
0.389740974059552	0.244090246884007
0.612156205052305	0.508973061946806
0.65717189600571	0.513707422040335
1.55751744536534	1.03632093381476
0.776933562312637	0.536568390315127
0.922083411007512	0.709747250740585
0.584170597538051	0.364170444211349
0.710951186546526	0.528949049891404
0.473076467105864	0.256997894703307
0.0944973356431312	0.0488771140214996
0.37646166674289	0.152689631867009
1.40138582600066	0.854851902469834
0.539786660550536	0.372807778823257
0.0908410413601653	0.0379036899417648
-0.306720733234084	0.195865080208931
-0.878924748853121	0.664166326200376
0.0953549316656091	0.0548083233043155
1.56158188629299	1.07269517917185
0.47227843904654	0.375853084138277
-0.583982002968107	0.440834056146665
0.0827706569580938	0.0384535733052853
0.523391826973032	0.365112330924872
0.607204020838424	0.474027745588603
-0.721306773030913	0.421559609234211
2.49656744139063	1.36783361778262
0.130813125940555	0.0332147478146659
0.757772375811258	0.325438977521151
-0.380367594676954	0.112271073947858
0.377475777696029	0.15040334456565
-0.627227208685056	0.401588784460354
-0.211458004445709	0.0811563578849673
0.624133365026761	0.197625616439368
-3.09506174237982	0.972185375755423
0.758754472188363	0.328282494069353
0.626756165049066	0.296094674641304
0.101541577733535	0.0987045229260568
0.217439060735813	0.244148023224015
0.0766886031312639	0.0736834537988496
0.0912514406636803	0.0821888813700533
0.269307264553665	0.282862092065745
-0.226033493632025	0.236880348312715
0.495991312881268	0.752077441206889
0.558318565638792	0.836762651274896
0.400450322009638	0.536266567457346
0.486629632133807	0.80659075991028
0.346110410725902	0.446258251529291
0.083519058845617	0.0703257227825337
0.319856059573844	0.358800866391711
0.289438915380125	0.37409898335821
0.243712918909392	0.138456078395942
0.658161813964727	0.521580015302526
0.506332729144872	0.475894875365785
-0.0296596456310158	0.0212091894974232
0.129191678048606	0.0953818703626666
0.49098907707645	0.443186615084641
0.147751215289984	0.12114338328491
0.269108158806896	0.250006370315579
0.470668643563035	0.536119562392468
0.341948036793027	0.336361325460408
-0.197420182923377	0.175723213705616
0.190177359260194	0.185858171710005
-0.179929010000678	0.145025620411192
0.152724426385654	0.150566206112458
0.843856537174297	1.065945284832
0.193695191491744	0.19742521052365
0.219411117509783	0.161376159782157
0.468851098975293	0.370722299180092
0.61830995492702	0.600603659062258
0.130545840832623	0.0941961142337033
0.110269549887194	0.0718889258849942
0.575101744125473	0.495515123830614
-0.261539071224544	0.178696513491877
-0.126759453641745	0.0803211443005507
-0.189870212504371	0.134692657262322
-0.304607274317753	0.279438316301417
0.586454189300897	0.549198309079763
0.267346402174919	0.256498522209342
-0.0612104810321475	0.0427263409523684
-0.0364452534688524	0.0208730636902545
-0.28058524286346	0.221392494399118
0.108653732484372	0.0692808766623712
-0.0297748787537211	0.0171643280085531
1.50812162834026	1.53197642816118
0.232365685275733	0.150993321129542
0.397382072275906	0.242641341148124
-1.73232686200269	1.78614890603821
-0.103256347346241	0.049729742017171
0.0865879277764228	0.0330747009954193
0.475236536854256	0.170916076525265
0.327719142364269	0.145781814289957
0.0879777454247279	0.0335240303179965
0.382811607237529	0.237263010312584
0.469045312195777	0.352578526793511
0.0880689201251788	0.0440200970076103
0.391503047085685	0.249346568987447
0.27909148644925	0.277632377890664
0.477510773757549	0.618893849496397
0.810741940928882	1.30679319183478
-0.316599225753725	0.340937552798541
0.153415143969464	0.155863344746488
0.202306912018276	0.20548829826943
0.75744231799675	1.10110277381211
-0.0375212899361212	0.0269335371591113
-0.0648360258501576	0.0583625957862777
0.15371169498611	0.138040108431088
0.392340648591076	0.527313075039926
0.167675630190179	0.184354160459917
0.458280298579582	0.540263546448608
0.212930546158223	0.218113265503776
0.210301242245059	0.200982260604061
0.630339342336783	0.682832198766954
0.567448415878069	0.648086202727957
0.128947226880487	0.0899766305535974
0.280292091111601	0.241349652108539
-0.783744010966167	0.85729791197848
0.970655648997053	1.19015930086794
1.17942601703209	1.77719475840879
0.911493928799148	1.0993868971306
0.791057282144276	1.01252445840452
0.507412149301768	0.472255079945837
0.0783337555892403	0.0664465070226835
0.463248669218511	0.531457880242913
0.0645141095124775	0.0497606241172321
0.674006301953624	0.59550662390683
-0.115562036479172	0.100771056821112
1.03388467732157	1.30814961222921
0.421549813426157	0.444743603658939
0.899418281855302	1.18324209512854
0.563021585442662	0.579051775445898
0.689674324858457	0.627105771938237
-0.00118542021900184	0.000998849507182436
0.950760788857039	0.833832062016851
0.827670093386733	0.79260208185783
0.770003461881433	0.648677534217164
0.525698768834598	0.47958730470166
0.463010387272814	0.35921479336962
0.896166820293724	1.02109056611287
0.618454527378899	0.496652307177234
0.431169158160954	0.368260625526222
0.364499594332926	0.246730755429408
-0.226988471536601	0.184374489337644
-0.582572586108521	0.434165047525857
0.704318106268756	0.519336525259712
1.15902649231491	1.04363737684249
1.03000215127357	0.741792095699576
-0.262452610368871	0.182686813498107
0.08865830005751	0.0307081857326401
1.00043937870594	0.483449245874635
0.479425193963067	0.269722437786369
0.488742934148445	0.25625268989129
-1.39543269154993	0.912638746165443
-0.669879148256234	0.336110058393794
-0.119994554526754	0.0525208364802908
0.759090598365399	0.327734281589941
0.838616189751573	0.456925526868453
0.242137504709145	0.137827692922185
-2.00386763060581	1.86511342737569
1.6176892491118	1.66724938215272
0.769134006629458	0.645333918509071
1.51178791489452	1.52756063660058
0.862728795890886	1.32118978147515
-0.79671824099536	1.23741992269813
-0.227232202116824	0.204199297398351
0.26746498641915	0.246330130591004
0.0115820028492898	0.00923136532439149
0.131631171434192	0.103428086871922
0.377043135646879	0.433183354801106
0.19674680064259	0.176336628427241
-0.188771728229481	0.185468266317061
0.353991760694252	0.437354860311364
0.0622121037447947	0.0473955716184667
0.26552240803632	0.289883021253743
0.327581798118202	0.340035049750563
0.255877138887925	0.298752988948233
0.282797973826235	0.334821539859241
0.679603254888742	0.945993886775165
0.198603582386422	0.193694101411792
0.269419996500004	0.264957067909506
0.685516547273131	0.859263244592441
0.137539219134786	0.107709505109428
0.297370440370482	0.146504478772476
1.16138939110171	1.19325811937532
-0.410258223681744	0.297788305342075
-0.692919914179201	0.639910738206983
-0.580017671999258	0.451064912656236
-0.275794243693413	0.238992342187939
0.880860875650472	0.811501315283161
0.376893097805016	0.35895519332168
1.43742978512029	2.20797011924845
0.219686137959592	0.155646870213655
0.221924138058083	0.179910591011678
-0.201583355460325	0.161034568048625
-0.10504877906653	0.0803160414677322
0.318202666207057	0.360900893652835
0.384120786552712	0.354524324737452
0.224366593239854	0.168223392678466
0.44663071785073	0.453426964790448
0.588983255193904	0.592246823109814
0.882158262103301	0.984148440475682
0.382505084007292	0.415266407363036
0.329643694679009	0.254270212120836
0.244645145115017	0.141490364703319
0.248126006501702	0.142818071268463
0.834489494698737	0.67778576192155
-0.602379961392651	0.504165639953224
0.397196289207164	0.361532461298273
0.939251996545245	1.05804440935718
1.41145935936397	1.89311411458007
-0.470848273953067	0.335369870006326
2.24848869885961	3.01449880600931
0.0862181155089195	0.0481946107991405
0.426359987058028	0.250496084157305
-0.16679284815925	0.131767839043471
1.32660848691003	0.959653971975657
0.103778135256984	0.0670807050815915
0.922861870106345	0.712737349362215
0.833880537634235	0.674329798255622
1.70272369878586	1.96672091624072
-1.0201960650077	0.622107091033512
-0.407846368838922	0.238126990199793
-0.207144398073541	0.0790503962829672
0.760818189152176	0.310317181459683
1.02744419660924	0.746326820915304
-1.23539334342162	1.07471060201581
0.0880689201251788	0.0440200970076103
-1.09275303413766	0.447138652626451
-2.10276962797022	2.13628844220598
0.886352943134419	0.585054897151023
0.213415086745285	0.14020543165993
0.482911413715376	0.260770704208974
1.32364956770454	0.96590719107059
1.15394350543491	0.895349346245172
0.436306824665573	0.449462490049521
0.48611508609465	0.660500459725271
0.417786668766054	0.436488140423695
-0.254514103308272	0.277196577923087
0.589953005417061	0.665268345799212
0.29379567820401	0.267364004554317
-0.487792052799405	0.56857467569231
1.07408201122202	2.08621158196908
0.14757257203687	0.137079904111657
-0.0601797422363787	0.0417437289544919
0.140354875788033	0.122022604514757
-0.463956462387189	0.56874071737324
0.373876829914462	0.43025332227922
-0.316316429234385	0.314289665285934
0.149673705051619	0.143051308715428
0.0288520364000659	0.0225237730518412
0.0919489753640196	0.080951660088164
0.210625102531265	0.198417655498845
-0.267660587941072	0.255417471583599
-0.0270792181842109	0.0249573162324165
0.214901826099112	0.191079641116739
-0.264350352339481	0.229757924673332
0.132806097652304	0.0984382851928126
0.120429559025973	0.0811412855452369
0.0779220187733214	0.0610570712150367
0.220105509134908	0.196249951065976
0.353150808340295	0.347024383583866
0.387784615647151	0.354124414063437
0.0783994429109066	0.058355307434179
0.506738536859649	0.474642967646235
0.0746900216981482	0.0741625362613984
0.591676430421234	0.801375538666783
0.376142895034563	0.355397994365406
0.843498048519524	0.947730971414532
0.0501521959087735	0.0378716568995323
-0.327173877668845	0.276233765784299
0.291423744765684	0.252887627888756
-0.263467305459933	0.251466921880383
0.298608672956163	0.265845116198114
0.564185691358885	0.586092154955824
0.129531735690833	0.0986840347723048
0.24094057559589	0.151645480059019
0.349860666325043	0.246257436319517
0.527052150416891	0.473829805123442
0.0174113051654488	0.0109990350150941
0.565890615435905	0.489935050548512
1.25938020630135	1.51596189081886
0.648289853842784	0.625782741966989
0.890118425455561	1.01884792133638
0.332705721195298	0.260787070071862
0.220594794441783	0.170759194141761
0.236741379839266	0.166748414074301
0.337589010548156	0.260162674407329
1.33747658378598	1.57050014554173
0.114824229909134	0.0748865502457709
-0.477232906874782	0.327579619108463
0.614877095853272	0.501361824061359
1.69659943052495	1.62133230099697
1.15980492957669	0.895787629352757
0.248217013258756	0.141185433156286
1.02904496794243	0.597708582200157
-0.0546096619763769	0.029788574538115
0.920073040155333	0.948963392607581
0.396656799371855	0.25246992790755
-0.40093451124273	0.325074264123296
-0.262322259915901	0.141982418116053
0.629231676200312	0.282962426033607
0.823607549065148	0.771924942490104
1.39267311865038	1.25795600185797
0.473580731988027	0.368469998227114
0.555299866421869	0.790364800008906
0.604360180532975	0.65155155359409
0.364312903178907	0.35591180621262
0.0832617854174697	0.0723594481138603
0.723000234579698	1.11505887104864
-0.0201227020187275	0.0169770072700439
2.0737451069114	4.63983305933602
-0.31153226793966	0.339259821965968
0.0218280316533095	0.0182430802497127
-0.0558469566714367	0.0457041144428095
0.216581454254424	0.186733427714355
0.100967171447911	0.0991397834573119
0.460324717057842	0.53409351549303
0.295067083446917	0.270221066557472
0.247976741189092	0.263935387256004
0.20283367143762	0.186160221077496
0.39254591173231	0.254323916056391
-0.0276085777928656	0.0158931448845364
0.454344531936891	0.374595737440338
0.106530191908118	0.0666282715186478
-0.276350796827927	0.0951215727245618
0.226861999393738	0.159294863244199
0.849077460372467	1.0732905827958
0.551528356309175	0.493109661513239
0.40177141882578	0.441416092641592
0.53720837286198	0.563703157280589
0.310205798007091	0.268806012131821
-0.00761882261327692	0.00569762292485387
-0.254850121951836	0.260603296167803
1.24752355793508	1.46405613657472
0.427562316297987	0.346778587724783
0.870363300385631	0.796454785415524
0.0902786578315847	0.0522439902891815
-0.313251208113039	0.163256865650181
0.489316953264726	0.362910264257007
1.00612448147156	1.07729099233442
0.822167416679518	0.802605374959421
-0.0395511314308803	0.0221812844458777
0.101261518468287	0.0649922564892387
0.103714187567793	0.0656822038617234
0.581141622431379	0.498657869156627
-0.0860255916333909	0.0446129659415485
0.226439789523489	0.136686634946318
0.720451780987425	0.413375658663099
1.39587774631801	0.880915648119174
1.69719750209247	1.61882585826387
0.835985733022128	0.447508020675186
-0.464398158658602	0.20534976992493
0.321191848594135	0.136922317238192
-0.27300639141227	0.0935031672668972
0.293306474944093	0.138985315364852
0.0870983316194904	0.0404417234299552
0.785829916947912	0.549999843900154
-2.04720134555421	1.42245174258382
1.03571985840517	0.753083954385782
1.32532669636997	0.980243372220571
0.541114383222824	0.691120157791884
0.0556573112225151	0.0512623260314503
0.823262755470845	1.31481172691403
0.018570664377072	0.0151336284743561
0.272144992196941	0.262726241521499
0.602159887925919	0.808818359963851
0.214580954814612	0.195526049186747
0.109491943975677	0.101045955615049
0.384107986237109	0.43796423150972
0.327056748804225	0.340540862573187
0.369134386159582	0.442149173592348
0.634665366886361	0.759626772355814
0.668127840521109	0.827586507793022
-0.717594645326714	1.0409117819676
0.428508125016714	0.439065450831445
-0.430223470021021	0.449637911948492
-0.0734113389387598	0.0580708697978971
1.39433654319896	0.850861214645701
-0.0360388597969329	0.0205994834282652
0.241301887137908	0.136470959867973
0.0976560121742014	0.0590762782216326
-0.152726196854274	0.0961294192126157
0.492942581390585	0.367926555473296
0.707411362586512	0.828722485636254
0.415439279069236	0.365402473414517
0.478972608672757	0.459905652790509
0.590886433916791	0.578694831789916
0.638277378534995	0.838685147626158
-0.786445770666861	0.913039280752154
0.530968176113253	0.637357215539952
0.551454472187127	0.626780147427134
0.418480385877989	0.358117436813734
0.392860010963478	0.354809164986289
0.23468064731924	0.148599394392238
-0.0581419876230981	0.031688463188917
0.629422253524073	0.382212747802577
0.431938501246877	0.360622511155297
0.343815193201596	0.265735093837567
0.0257921939082254	0.0162019653420027
0.680948757226371	0.612236449234896
1.08217161960799	1.13676649563861
0.791767179829321	0.765667243279917
0.403921171734804	0.365985027212975
-0.0785911454372541	0.0530924380709868
-0.316244117770845	0.163855397379397
-0.313251208113039	0.163256865650181
-0.574357282505594	0.433213342183652
0.573164195401914	0.375869864514633
0.882006967751299	0.580683884984166
0.4266445348612	0.246509234041049
-0.0492117938978774	0.0258877799999869
1.42863181046749	0.477492125110696
0.0819453914270512	0.0347227549256425
-1.33626946830096	0.649794633393932
-0.552759002942822	0.300951447333043
-0.629217218929487	0.398172172039012
1.50969604760333	0.777626948091061
0.381374251715984	0.156401863873602
0.703688599916787	0.513316177238834
0.266929942964665	0.283122447725009
0.276260791470471	0.251475678812567
1.08662222546773	1.85307797625193
0.575779014528383	0.786009290982981
0.172347479814131	0.174825976162479
-0.0495429620905918	0.0490724391997052
-0.185619613674464	0.169683120336226
0.0116529548372694	0.00862686280687507
0.147842674535824	0.151641425972791
0.134235936243114	0.11355630502686
0.40204050696731	0.532266032795494
0.150122595329288	0.147765662800916
0.22846483453931	0.191331779529543
-0.14641630042217	0.131160033317943
0.499463308588018	0.599345312264385
-0.0167342523528599	0.0116933796025837
0.776330847697563	0.844961121423544
0.538638734259801	0.276207805014844
-0.358854331334694	0.295719028646172
0.319251504015395	0.264009449026716
1.15699447374526	1.16954379520647
1.42598826810035	1.72937281465584
0.820910640158721	0.778040928237211
0.917185059246494	1.10644164256596
0.296097527231422	0.261477149077466
0.296515229857593	0.260756767973019
0.439933703261166	0.510485384749559
1.01190481343108	1.1220717655669
1.07083665160175	1.64332633705484
-0.431836786711901	0.445832315761877
0.533722577503233	0.472655689397018
-0.934084941054736	1.27615296389639
0.674112437957326	0.59600533893833
0.899450166831954	1.05121947181687
0.108115226590185	0.0685869287556753
0.536158934089996	0.562120867659409
-0.922053035067394	0.980571424252669
-1.05054009092778	1.06356154235362
-0.106698984360165	0.0521722937631143
-0.417412619373971	0.336017047999783
0.224709429223698	0.159195538923108
0.6401069434697	0.404519158702405
0.836317744448249	0.447041041176617
1.03963464657778	0.871262739826594
0.885281436604759	0.55910701337135
1.90008060993252	1.15597703122274
0.329431006431528	0.1471045893258
2.07362046769595	0.906588360947234
1.00079359206909	0.495980109027655
-1.55042203659435	0.847068703231414
0.338771170286159	0.146333844532262
1.0008420510818	0.483852459799563
-0.999518219190909	0.720619856846889
0.840366897722405	0.449116847389436
0.439154743864715	0.452162332205638
0.426369974329325	0.450652281132638
-0.0910699693445405	0.0790210056853809
0.781726712598179	0.960536005923496
-0.94142566183153	0.962485942405836
-0.563195008913974	0.612752631249801
0.00377184340295563	0.00294475904559199
0.260792692810792	0.253238895243522
0.0704572065823988	0.055103744398641
0.130635076639388	0.0933067669715566
0.573448076080112	0.478047046649728
0.707872518958408	0.715526771005751
0.233213245269071	0.122889453863055
1.71006533203184	2.21533445971621
-0.265376384547447	0.170670706677347
-0.310188875033864	0.207511026484613
-0.0695693253006474	0.0477539550479358
0.137228824086367	0.102729039943899
0.110740953351889	0.0728208477727897
0.219352042209106	0.176728502314014
-0.454706737068374	0.371961333645068
0.432586738863589	0.363747623636483
-0.00513691253449846	0.00299226707900964
0.966322588295775	1.18252219283952
0.644181364802178	0.489381453211196
0.123646411970197	0.0821324641645554
-0.402260628399941	0.32320945786135
0.231826351483905	0.142987806151883
0.10674173814305	0.0677347231423278
0.0788217039501049	0.0390713581289635
0.523990394041305	0.368396740477604
0.469045312195777	0.352578526793511
0.288709320121412	0.139814298910772
0.614828958610073	0.592734364512852
-0.514920780454434	0.396293815962453
0.98904387042186	0.383308399765478
-1.3328261685957	0.62802127507698
-0.561229710412153	0.298434142922373
-0.83850156153581	0.373401633298958
0.627176551700556	0.373880766484102
0.0922848250712378	0.0317343977473862
-1.07804598531015	0.446931079889871
1.7883259800679	0.705535261593489
1.21457810672145	0.676397511908757
0.474592896542123	0.449653713942193
0.219856489803399	0.162882910206921
0.331843126394787	0.263928727186609
0.105680766301054	0.0693667290252562
0.833696167266663	1.10611350675528
0.457021549804041	0.640873265035015
0.30255681800891	0.369888047182008
0.44296126914157	0.599065701135505
0.147257230830362	0.136020689681039
0.209419928018688	0.186530036662645
0.203308651139362	0.189053254958706
0.615037345883054	0.578507587275788
0.749262811792889	0.827689443276441
0.774717026015753	0.781202671712754
0.837808262605337	1.0619200284948
-0.0389021744349839	0.0223098195284019
0.568474260859971	0.378590127650412
0.353117897389971	0.260914643901037
0.299321809198007	0.145111294980265
0.0849784616291068	0.0429353278361788
0.84358299723802	0.659726946344463
0.889753827000142	0.581378621722171
0.268416709707891	0.143498480280598
-0.257885368156725	0.139734013425764
-0.974162392074705	0.802564255845745
0.00650756037471086	0.00388387341397616
0.840513189788122	0.675170705461109
1.28198552045745	1.08024903656017
0.575106182414979	0.383331720938937
0.38754192338577	0.246751435838627
0.0887231353575503	0.0372296628659028
0.381257786092986	0.154014976686484
-0.0873800008345488	0.0447514603474223
-0.164649579512364	0.0682800857469179
0.843040697019455	0.449154529550233
-0.0205066504750236	0.0122382080317764
-0.122011981418445	0.103153447579223
0.265435334692007	0.275015503274441
0.267634229608457	0.255202145942629
0.581916996087847	0.50198051910184
0.625042181997462	0.29214491437946
-0.0980303616349996	0.0478977295831496
0.0832238551905551	0.0457909095739017
1.00577719954317	0.496900900905847
0.135251093217	0.110297764490869
-0.0350876411542142	0.0250918026319128
0.497868338439213	0.608852964872007
0.269993210043767	0.234214351596806
0.47617743263579	0.544571623567972
0.123568222919354	0.0918048203242429
-0.150080038565972	0.110485772424907
-0.375160679777129	0.31497963822993
0.473433607734218	0.54113427061255
0.425160596072259	0.448260332631406
0.554235876512075	0.483711802515887
-0.39845825609704	0.390278325018515
0.42888059580911	0.348020393282204
-0.751896530347555	0.547589416043022
0.115077312778691	0.079468181889851
1.25762721520009	1.18366140210654
0.705574063893812	0.529441837189777
0.485354740678893	0.263026612106286
1.69891489695124	1.61629999386586
-0.412461155871656	0.24512616043563
1.4019632035169	1.30850834884033
0.876700641485597	0.559619078907022
-0.302785878417614	0.205625387557298
-0.132956906625696	0.0592520478045244
0.0795765132210334	0.0302144092689773
0.229750778877603	0.136392321666574
1.50683036064703	1.52153912508277
0.601877736967192	0.47905792197996
-0.510648572402662	0.58224613412139
-0.396000010053079	0.354369629946731
-0.626137041929857	0.3873890434564
0.645221839174591	0.402849633571226
0.240914071577206	0.13650233409986
0.224831170899466	0.133242212076014
0.474939867073854	0.266028161998601
0.654942532920806	0.512755826892394
0.602067659338038	0.482098212049592
0.109054653728321	0.0331112847711228
1.55926693149804	1.00889157613379
2.16391444548483	2.13921984086975
0.500155524962615	0.379415338650237
0.828454074749264	0.425794643208485
0.0758193477235115	0.0350319340498362
0.0910549436128176	0.0489135136748795
-0.252897364423635	0.169905319269863
-1.16405554087092	0.821701982901747
0.405117827058287	0.251430630129985
0.481956079316686	0.267568731121181
0.390875233661118	0.245438934885645
1.0305955931112	0.743104129769077
0.295489844086493	0.146142079443513
-0.100114406294408	0.0481081963927641
0.726274064947527	0.425709803205483
0.386033144283376	0.157916651360879
-0.128135604021059	0.058623039608398
-0.0752994931128977	0.0390653518321987
-1.23235855073771	0.728748751393592
0.0798387425049613	0.0334379356394777
0.08261735356173	0.0316455411293681
0.991505105078916	0.385188900785842
0.379695970954498	0.150972752389564
-1.08105774661293	0.448088197085771
-0.273653282761695	0.0924167202226525
3.61816002247214	1.42235369631499
-0.388524281071859	0.113651694161061
0.116191083050644	0.0335327682229978
-3.09018995116874	0.995203765786597
-0.383390015188303	0.115591315602105
1.00478934523008	0.501795998194173
0.0867981454889399	0.0400859299689138
0.471558126062996	0.173900761007562
1.15745072743522	1.04976511861998
0.085267854906275	0.0430835927776042
-0.124609063619902	0.0556043711824821
0.231675543838326	0.148720069477008
0.988437171883203	0.385675089722456
0.760123145971097	0.325605140765547
-0.278356919506934	0.0944738855045353
1.27262959468538	0.576946807960676
1.78962849119388	0.690816806741424
1.04978451724668	0.878495149561067
0.0876998852250638	0.0301575381785863
1.89693113847805	1.1683533249707
0.354237141726477	0.256649923118289
0.569894007764704	0.370451537279228
0.0857875681023075	0.0397609920734502
0.388483368307981	0.246560938656424
-0.162386929213499	0.06791397537773
0.083357926668356	0.028685655847563
1.16370262111264	0.924250160526712
1.3948452889865	0.87833594780482
1.42563804016937	0.477925898976834
0.0778271813994041	0.0293369021376593
0.536553772306002	0.264185970467826
0.475707569609208	0.260755498567134
0.542996012414088	0.281683533635359
-1.34175332530364	0.651897482192793
0.752126696851713	0.313054558549248
0.992113431292352	0.384932033612769
0.0686763659630758	0.0273288812619079
-1.2233649538595	0.7127995587859
-0.277635310955746	0.0934237645993319
0.988133305414923	0.376277747590717
0.629026947940962	0.200123508811535
0.995310091960364	0.373632039110629
-0.389557706779368	0.112846166099981
1.42515113579646	0.479224019474994
0.136833251350974	0.0345715512867962
0.758754472188363	0.328282494069353
-0.64474353145812	0.160333287038353
-0.644023842179429	0.159615559955847
-0.386147744571546	0.1130948312215
1.42515113579646	0.479224019474994
0.152997495098684	0.0306362187597192
0.4688744554519	0.167771162660396
0.385017760801954	0.157618957334399
-0.213001753030677	0.0791325955942858
1.96698416228038	0.513878740168628
1.50868035579632	0.749252551821456
1.97041767059222	0.506347272427521
0.987222974551573	0.37574449058412
-0.260566495414237	0.142919931671508
-1.24040469980197	1.05014428707425
0.759090598365399	0.327734281589941
1.21425244852953	0.68461541433854
0.762417410319734	0.329143753734825
0.245040916514886	0.137754992495067
-1.1719295233586	0.781886110495793
1.27391171226036	0.571307984003244
1.21320016263682	0.686152538183903
0.089994009906873	0.0303753848738174
0.136149928119394	0.0351567872193512
0.108753087782228	0.0330076065780737
0.47122368832564	0.173644512897175
0.625012485145701	0.294108270656176
-0.83712134396182	0.388063828423964
1.5107279374084	0.755168013453344
0.109356121177513	0.0325992022473656
-1.55601101959335	0.848277791393154
-0.136169420779699	0.0598738786357063
-0.379718438417275	0.112039617275019
-1.5516996734188	0.571325966800664
0.108753087782228	0.0330076065780737
1.77914605706834	0.688683387032935
0.155657694623013	0.0307135261609688
0.109054653728321	0.0331112847711228
2.75416824794064	0.846257095565792
-1.16414477326082	0.355714622696977
1.9678346675076	0.511732460330704
-0.383639697125327	0.115605960560422
0.914842470899437	0.713551139097896
1.21320016263682	0.686152538183903
1.55474854861278	1.05670798739647
2.75784933360841	0.826749878187446
-0.380619458655667	0.112288060445742
0.620712869718874	0.290330747439082
0.638461809570334	0.400194676979732
0.139805991294671	0.0352358407295777
-0.592949993672207	0.232192743544351
-0.0999707469915137	0.0475846962402403
-0.67062124750041	0.337794490389889
0.720586315756296	0.408523706394365
1.39964297510284	0.842804355014936
0.643449887730695	0.402120953387735
0.538537122332372	0.278028553836216
0.465534684647639	0.167341962182455
0.078295760834414	0.0323976945899502
-0.475586245339247	0.281066869733168
0.467662159732642	0.251293141917287
0.623109079862364	0.193957169452223
1.717738396962	0.942540737669602
-0.832406882587804	0.377899072019646
0.0799381000876651	0.0304759663557584
0.840083676896034	0.445777181066513
-0.269314045946853	0.0883338924770697
-0.451552540535105	0.190689428644222
-0.383390015188303	0.115591315602105
1.42563804016937	0.477925898976834
-1.55636090040169	0.839377472961179
-0.833816813016727	0.382475267669365
-0.389167621040152	0.116399518745081
-0.21251169202595	0.0793888361274501
0.932935430920093	0.249293404431222
-0.379718438417275	0.112039617275019
0.0883979150676874	0.0304175841008149
-0.382742830406048	0.112824490517523
-0.385891534810494	0.111530236372983
3.6213918242966	1.39852400838384
0.98904387042186	0.383308399765478
0.623493832958361	0.197795733894146
0.623493832958361	0.197795733894146
1.27063922612762	0.557828803801788
-0.587338085442463	0.237296278478138
-0.579104409914922	0.231662980331936
1.2722936929269	0.561831119501035
-1.86363716845473	0.79391576598913
0.759787340207884	0.321078859102827
-0.277301771229429	0.0951277141110843
0.0880489474711579	0.0304172714241184
0.991201908008447	0.369988608992467
1.46176638112166	1.1897851713024
1.27695749707985	0.565935491476017
1.71905466484489	0.999239252805014
0.763437485960316	0.328612410677434
0.835276422229502	0.44759440520637
0.932074438006684	0.254855397135986
0.926894698267532	0.249794759119976
-1.86300749937276	0.790133673050189
0.135951528165473	0.0344511607680368
0.136149928119394	0.0351567872193512
0.932219305847885	0.255045940262424
1.2722936929269	0.561831119501035
0.137032141529056	0.0340154215000109
0.153079928794189	0.0306572399262932
2.75336006021198	0.827151283763158
-1.55716420905783	0.568578006504216
-0.281700605437693	0.0960848540058102
1.27293486618371	0.561372589409687
1.222049380081	0.642717451743653
-1.16364660284969	0.361708993807529
-0.382742830406048	0.112824490517523
1.78552584048742	0.707360534084731
2.75703852707977	0.827222254057709
0.992113431292352	0.384932033612769
-2.5774920455983	0.729030786562669
3.25348095246928	1.13846419310589
0.137032141529056	0.0340154215000109
0.628384081949892	0.196112820989389
0.137032141529056	0.0340154215000109
0.630564769542425	0.200132268237845
0.0897535402395009	0.0336418849614788
0.834085954980099	0.448795142168311
0.244408231234119	0.137281184395986
-1.0086095877041	0.60821847022911
1.00887361030766	0.487960218122788
-1.21964186801429	0.671837460597137
1.28032023958551	0.547819376674363
1.17780841209793	0.753959209188771
0.719254930515251	0.420802883253128
-0.458707738272365	0.20206531800742
-1.01857202062012	0.598927683640454
0.24807583126067	0.142216901853532
0.725123631530746	0.427318967428229
0.790957443964651	0.548155057560336
-0.203815237543472	0.075476624496707
1.50546464988874	0.747910066129824
0.0867036258324393	0.0359934095340338
0.766423559842371	0.320606360180199
0.108451423290579	0.0323086904677901
-0.583022165239175	0.229924378823658
1.20889592807955	0.663078194516594
0.381726791496339	0.155900053042255
1.71672614332397	0.97984557959922
-1.55044372939737	0.81634845050891
-0.213707366673176	0.079927417597432
0.932074438006684	0.254855397135986
0.754173804247954	0.32214223099419
1.55725167773892	1.08703232618662
0.625462057656398	0.294783247808303
-1.0436925261361	0.550204641337599
-1.08168152666549	0.460839725512664
0.541154696164633	0.27881268979787
0.382036557571989	0.156497220770852
1.9678346675076	0.511732460330704
-0.217425576989096	0.0812152126191236
-1.16893688345994	0.3553042400277
0.470586167033051	0.172818763268529
1.9678346675076	0.511732460330704
0.98934828530534	0.37488411380459
1.4265246816067	0.467327448888551
1.78108463017065	0.671423252725398
0.719254930515251	0.420802883253128
0.0872827885099076	0.0334310911338658
0.296949397133799	0.146586699950112
0.0763259130510683	0.0274554916190311
1.55684763592652	1.0543166354328
-1.078378000367	0.446844468464748
-0.314761919858195	0.162600073699564
0.384707739050525	0.154093905241773
-0.724156760216173	0.443788026134357
-0.454961597097599	0.200425914814435
-0.100561667965216	0.0483800181051539
0.831086415323925	0.441460047451927
0.0962980542646246	0.0319398700444795
0.475544042728308	0.174341861986265
0.328716115584612	0.147915455954996
0.109662775053552	0.0332182651584632
-0.276968331752119	0.0954928895497568
0.10936056423864	0.033114486226835
-3.09018995116874	0.995203765786597
2.06256279129149	1.4153707500543
0.759439012682851	0.32818137286167
-2.12712737120234	1.02196832361084
0.932074438006684	0.254855397135986
0.108446269847057	0.0323633029758956
-0.383639697125327	0.115605960560422
-0.21216037607871	0.0808016861130318
0.625497863850787	0.289895082898837
-0.211106948679683	0.080523701675579
0.469212351301322	0.170475170397049
0.11272462121937	0.0338915360792968
-2.57757087120046	0.71149422126265
0.454753591929983	0.152974993766871
1.21729764951333	0.67057428138469
-0.643879934910744	0.162803684869529
3.25192656134628	1.11356513303126
0.152327357171114	0.0306528579659354
0.62992151264779	0.204453168240212
0.328430210594821	0.146340101325492
0.095132093123303	0.0339086224190474
2.30181395889767	1.1644812794501
-0.468028709579408	0.200006741990428
0.0874322032302912	0.0357012428451118
0.637336986697472	0.391717950607679
-0.272013626316989	0.147027207914267
-0.152737777111856	0.0607643036748955
0.0814243130822649	0.0323291958791886
0.758742097214196	0.31998123347016
1.42883364283079	0.478004862123992
-1.17002841118267	0.356871080518204
-0.213177485231467	0.0793809737307779
0.471558126062996	0.173900761007562
-0.281394682143897	0.0939413830942032
0.0849563970104516	0.0324765053922216
1.27662052732336	0.579787031336269
0.109356121177513	0.0325992022473656
-0.167993601438095	0.0701468595913906
-0.592612000349267	0.231554089899941
-1.86304315514878	0.769898736719934
0.136149928119394	0.0351567872193512
-0.275039530552957	0.090692419708203
0.377112359308184	0.148902740634244
3.25348095246928	1.13846419310589
-1.54913984392507	0.546838238578579
-0.383390015188303	0.115591315602105
0.134261412812315	0.0332912566204553
0.153079928794189	0.0306572399262932
2.75703852707977	0.827222254057709
0.152327357171114	0.0306528579659354
1.70109242677824	1.24442130095656
0.333145899579324	0.14566706343902
1.04847547215371	0.978719853178634
0.393227237635596	0.244868088955495
-0.310418237577639	0.211399626283801
-0.527642116137288	0.486409222944049
1.39288965526068	1.27087832999612
0.251456565599762	0.142451213765651
-0.319485402934339	0.242666751073374
-1.23727920051703	0.667437746114793
0.646390792523423	0.497504064759083
0.920728371301812	0.661314299130648
0.54339591485552	0.282131304679604
0.632009569485249	0.385545946541687
1.20878072413895	0.674743556440075
0.636485581546531	0.402861275144703
1.17870833964919	0.795171522307071
2.06953251379855	2.00013748901195
0.572745023470101	0.384605718257948
0.268275216644483	0.141197493609251
-0.867484064494057	0.564225914854008
0.0742658616227551	0.039492428532597
0.283040514661922	0.132889087271646
0.280681979769757	0.127274416635776
0.0790946504514451	0.0360235904676326
0.62992151264779	0.204453168240212
0.112115552991114	0.033079903729336
1.27262959468538	0.576946807960676
-0.203815237543472	0.075476624496707
1.51070958951034	0.745329529199766
-0.217072650816608	0.0825021836166789
-0.388913619100522	0.114726527739861
1.27262959468538	0.576946807960676
-0.644456791948872	0.160363538964562
2.75497641146614	0.823010688280342
0.0808908079544043	0.037161886080287
0.546024945215727	0.577859379274389
0.0602586912997374	0.0464530103055352
0.447412439062185	0.438562399234675
0.435927114196439	0.365753915622429
0.396202376003683	0.422213830076874
0.528547092454883	0.622193729178537
0.0566155909520809	0.0433261925111125
0.228713911165216	0.14662711898276
1.16968050834914	1.63353366165149
-0.641867381885843	0.630167815593102
0.128784488880193	0.0943136080312905
0.389885612321851	0.356369684074864
1.16443921941573	0.925540017819644
0.717195410114472	0.412306777617654
0.00639322578786097	0.00375569760639067
-0.289691344393149	0.217944644662125
-0.654400425849877	0.48935430759204
-0.014899007494278	0.00895591775137277
0.087299466349771	0.0496034977888848
0.223276178007211	0.165710807804738
-1.53003290716529	1.37998746963356
0.0716290158083606	0.0368601789229249
0.103140539069388	0.062134541770841
-0.281125506783881	0.220780111243886
0.249700193093832	0.140423780137826
-0.307911679082377	0.157753446633598
0.72482005291241	0.428015722207691
-0.0334990945560419	0.0189560133574431
-0.482230655554331	0.275249916893698
0.26011852659262	0.137775880667264
0.0775868325044095	0.0326921894352927
-1.23345402492614	0.726777116441306
-0.869921522224432	0.591270091859665
0.091937540093905	0.0314691281586567
-0.579796214548549	0.228443111157624
-0.455301758449214	0.201470073381461
0.00388697142465863	0.00232746918480236
0.0415450781589031	0.0411846901237057
0.601908739664853	0.887204306174328
0.852683973179275	1.3230521813742
0.381929896186044	0.429380448645545
-0.368848943363102	0.453657286580684
-0.675913071820921	0.968140316508288
0.0728859718162375	0.0588406897772573
-0.351698497091601	0.367221563833436
0.965179936385211	1.72105310813149
0.815483201287871	0.900224105425775
0.390087637599923	0.363895286947884
0.50877257668537	0.56162392899378
-0.175008429961546	0.144986967284725
-0.144898409815522	0.129511372160505
0.0444690579477339	0.0329675862261797
0.471451125382494	0.535682907504673
0.57319088505567	0.663494554766785
0.316876422046857	0.265427979277604
-0.149353193231444	0.110509789509281
-0.837417807767566	1.09099828345479
0.369114506031154	0.357534484289037
0.00319809377159745	0.00193289748031693
-0.414105516209299	0.369943832670881
0.586033202367842	0.561093799276645
-0.954080320155518	0.848241212626728
-0.126961062835744	0.0571419037338898
-0.575914657261124	0.433915688411087
-0.270946644015718	0.1478736160179
-0.0316726392131179	0.0180660793907268
-0.625253080018939	0.405593864475353
0.306947175750359	0.246710427061669
1.30871968052378	1.83765330043424
0.71529994845663	0.527807105632637
0.336822567080593	0.245071220547256
-0.312015069109994	0.208683201689661
0.0925534741883242	0.0561084136750125
0.360210796565573	0.233602665715872
0.475409544204155	0.370367242103065
0.394083387159403	0.255675699464425
0.759439012682851	0.32818137286167
0.263211184771521	0.134972011211017
-0.479619876713276	0.27556344719208
0.718940512482452	0.392430131144825
-0.406600370922861	0.250516464919909
-0.478650322021018	0.275843652590225
1.3212438339147	0.957255422653176
-0.86398308879757	0.748087246097498
-0.774546637750342	0.272824155883858
-0.849733102477283	0.474948115294557
-0.858114610271666	0.486760531276926
-0.769580054067457	0.273533478998611
-0.207084776363511	0.0740625251054577
0.38054316252038	0.366843105412591
1.50555406736998	2.32622227979231
0.251413737934237	0.143417588615211
0.653860041489664	0.510363907929667
0.262725410869873	0.141150615367171
0.259221099291073	0.269263423180942
0.621040921410795	0.290813070958169
0.780763505507888	0.534892892427636
0.637045799409118	0.395158484601291
-0.670992467102339	0.336168772670351
0.531962907783641	0.374065598254046
0.631184118971034	0.298815730314913
-0.459405681547374	0.203720851202463
-0.460679875020255	0.20181932706116
-0.47463279609099	0.272877862703135
0.0876427850306642	0.0337995574491269
0.103663272389684	0.0312517446792854
-0.161671281777675	0.0670790093231588
0.0845969807298204	0.0323269644934412
-1.3411269019129	1.21166144066581
1.0665426298412	1.52972601329784
0.38754192338577	0.246751435838627
0.562566076660151	0.584501650262903
-0.306568122311667	0.158645424870862
0.0978430463859894	0.0602619967403151
0.0807313855325864	0.0433888397280259
-0.274738145951211	0.148369704902636
-0.660587522018545	0.315975320202766
-1.74017447589642	1.05780330882796
-0.273986898321334	0.0920825761519211
-0.864444805031083	0.56938442347664
0.211256044315753	0.15878182306919
0.610718525610395	0.501698069822511
0.489634803891421	0.356122719428326
0.337117982419987	0.260736793136134
0.456377511229906	0.336158306369821
0.705800572781287	0.511735407064764
0.215753167565339	0.158743923717926
0.632876357826406	0.691494744079747
0.263413138187208	0.136214308077192
0.873826945180693	0.538360181488522
0.0968811803381886	0.0609242064328292
0.289019160331768	0.140054517265807
0.537595716263022	0.27510369868001
1.00509399746915	0.500915082875313
-0.837823719360405	0.390895338956879
0.885781552516915	0.81533830707391
0.417137368048518	0.241213278831288
0.500958987738594	0.472705528756784
1.26730018916863	1.24635842137341
0.429456585457832	0.366504167084625
-0.0186041481043654	0.0129714771607255
0.220858648169475	0.149987345842464
0.531428331918162	0.381792444858321
0.217908102297017	0.166869377613699
1.32753386645499	0.980803072048071
1.83117915784427	1.4273041287705
-1.23031998671286	1.05773909224829
-0.370069823775357	0.173109855479909
0.47122368832564	0.173644512897175
0.355658843946696	0.246725543529832
0.578066588289146	0.387312257702204
0.639013370224155	0.59789360620821
0.29579850782077	0.146030854224686
0.287441064033936	0.138901551028811
0.766449833421527	0.63514421840803
-0.627353416191166	0.583437948398197
0.101665427896722	0.0651989838796605
0.0876542763782282	0.0472992909188578
0.72040922508632	0.421447022688986
0.978832843813665	1.21933286187128
0.649722351959174	0.495088925953339
0.252199228237369	0.143727947115019
-0.0811525937234047	0.0415129937972164
0.244788237900993	0.141574846946683
1.94847810488134	1.68718910487968
0.399126761337983	0.256180710403119
0.0890161633228486	0.0515581390894693
0.327625547408384	0.264374748334384
0.264014982742484	0.138792971706841
0.234409017268538	0.129436915667094
0.089033141814548	0.0335540841389682
0.538315574538522	0.276547476791009
2.51154213739203	1.37046854286286
0.385017760801954	0.157618957334399
1.15418949804645	1.0527000357129
0.0729819063295224	0.0350744820851625
0.235300302705833	0.142091105061172
0.0993331541283543	0.0595451589264594
-0.471021064456888	0.272513050281923
0.758057767981094	0.320063088118638
0.328716115584612	0.147915455954996
0.48151533702334	0.26451705281949
2.06694585872518	0.936922662860552
0.372862013785506	0.24866409346551
0.100654281002614	0.0642388211536143
1.46407643211525	1.19439029978461
0.77545029439345	0.52815235596944
0.91609390162767	0.712992394122911
-1.42701056071705	1.17751789426864
-1.23343095242145	0.712626239712079
1.07955901442034	1.13342059104494
0.494726438058567	0.368006917859067
0.981783641808848	0.958017719222486
0.960368168378682	0.83684419658867
-0.0808271880938941	0.0535377301528242
0.222468512639763	0.159412387418913
0.364455586676138	0.245132969984783
0.0808561796573441	0.0437549483864997
0.916405718879776	0.707002278635957
1.51300955826364	0.762573470838913
-1.11327777877791	0.859639032471624
0.374289679925545	0.253642856288075
0.369419812623711	0.241049149754524
-0.225831488911802	0.129631976405531
0.119819036059905	0.0844086495384266
0.475861203258542	0.259905362370298
-0.454943621345813	0.200866296106256
0.0981117940572661	0.0563136857425625
0.476003465864808	0.262403326195934
0.328469325862386	0.147360449610908
1.39625901164753	0.882245141234193
-0.848553790537506	0.478318334222463
1.02252827251477	0.618872024617317
0.264014982742484	0.138792971706841
-1.11967585878438	0.862177457086303
-0.300428635539973	0.258907466370154
-0.875957747886913	0.690937405028607
0.469167606944453	0.369955513066489
0.883381601657541	0.570741054137418
-0.0341411388769144	0.0194948111975823
-0.41604792651639	0.307865604365107
-0.716390536343055	0.434669383702834
0.299874192333837	0.140974691749809
-0.724590421664323	0.44478943556223
0.221652194701762	0.152320400959788
-0.0791133758209421	0.0402242998976102
1.95299349980064	1.74356952011416
0.375863690985923	0.148069227853569
-1.08737957692897	0.449100991841052
0.333282606788798	0.149992331779932
0.436388151664975	0.253038849752861
-0.104320661101891	0.0703122695007602
-0.668813375226764	0.33588926219238
0.639944568131551	0.404055580353186
0.223525877625135	0.148729939869997
0.0779034298848598	0.0391141619171121
0.720835358638984	0.412763806728802
-0.0416831847164511	0.0233581965546469
0.428480724221901	0.25126079009242
0.272962938333507	0.144181206030871
-0.870234920664427	0.590528907388383
-0.362222286999464	0.233643832868565
-0.377426187814367	0.17596597285124
0.628830361679054	0.283287725903897
-0.124989341838286	0.0561480852967316
2.30423706716667	1.17290715324461
1.27293486618371	0.561372589409687
0.995576783304439	0.478538165253855
-0.669963562452918	0.337951169595331
0.63936528603221	0.401588021495178
0.227225348849716	0.14786461646444
0.0881020936616879	0.0466849992182943
-0.078127652918186	0.0406474136153139
0.459968022445603	0.352668004570709
0.0787119633523203	0.033258894898002
1.39996849198723	0.867327059447691
1.21323723309937	0.66808017025452
-1.23279127085217	0.684934095409664
-0.877741832057894	0.660338687276001
-1.08639673108412	0.449979433985566
-0.377748627979981	0.180986240918791
-1.08639673108412	0.449979433985566
-0.458690618232096	0.203598758665892
0.402181212853395	0.253870959582555
0.24496754547769	0.139772847575819
1.00145266081005	0.49425572960407
-0.368860328937589	0.177435682386806
0.94214480109647	1.01312904053317
0.0868047819932	0.0369385014057618
0.757772375811258	0.325438977521151
-0.562175211291162	0.305264307405016
0.0896537980653765	0.0307427553147153
2.83713695642541	1.84154213735735
0.988740938203036	0.377100744798547
3.25348095246928	1.13846419310589
1.41964859631345	0.469043762157105
-0.755263446533274	0.538896070123593
0.629194899720281	0.288715238081528
0.629923678162474	0.284214547550647
1.20342880151716	0.660928280715983
-0.163893237806703	0.06846350012703
0.764819112709234	0.315995472008595
0.08261735356173	0.0316455411293681
0.136348268602553	0.0345664085091249
0.139805991294671	0.0352358407295777
0.110270631928751	0.0327215995700281
2.06817620894919	0.927021608667633
0.753491847521119	0.322232072938103
-1.08641544348807	0.448514254954964
-0.464265217657326	0.194780958908541
-0.582244954373157	0.235262464227975
-1.16825001464359	0.82112237730802
1.71642487774114	0.960180101491762
0.0859255174564845	0.0401943866250474
0.477920591453486	0.167871280364289
0.631184118971034	0.298815730314913
0.10936056423864	0.033114486226835
-0.455642256624857	0.197688177999939
-0.163816366592856	0.0682007544026467
0.931358698699382	0.24984905088734
0.836317744448249	0.447041041176617
0.47520845155246	0.174086333588503
0.147239812931933	0.0294793108903463
-1.33758139782075	0.634069458475706
0.343182985675741	0.234532728186956
0.340089609979935	0.255164238697772
0.585818448227792	0.385740562123309
0.91812836514204	0.694820455833204
-0.360841995807713	0.160990806520873
-0.680135008215953	0.549714643947835
-1.01604706037395	0.640278684152302
1.03341073372923	0.74156599977579
0.428766567463699	0.250201507488039
1.70482374044184	0.902470987103359
0.781495069742207	0.52889510235909
0.3866952114675	0.157355077558861
1.39287373725109	0.85423892735853
0.72698507064121	0.896315990048341
-0.198361670917766	0.162682801227116
-0.359447742306683	0.234361753630609
1.16656959282697	1.57149851424677
-0.13659022479348	0.101647783163253
0.830919471090749	0.686465085610143
0.92593023973052	0.933906786485381
0.888739851523344	0.572345355731816
1.45082633423658	1.14932967883881
0.218442644114378	0.137650899290587
0.307544159791808	0.26274702700024
0.305458384754875	0.27184561694331
0.329931617146208	0.144406147972587
0.476003465864808	0.262403326195934
1.04202919356835	0.887315958102534
0.922083411007512	0.709747250740585
0.583938874556717	0.384008392694869
0.341335714692942	0.256642700271833
0.71529994845663	0.527807105632637
0.231934124146295	0.165920109727152
0.372640491562683	0.249826385370451
0.874979244680807	0.766736466522138
0.328484984096941	0.256975441290651
0.119671729244837	0.0818162372112548
1.42930672386615	1.75042229319381
0.977865038288601	1.44983680859269
1.24331761730879	1.57227515580396
0.856228223908106	1.01400251736255
0.336125564213852	0.337974795262666
0.685634121807482	0.686179958452338
