x	y
-0.832950495985884	0.375411695938322
-1.01622884190891	0.629828866494018
1.42563804016937	0.477925898976834
0.843751530108679	0.449136011538768
0.109967775391788	0.0326203122944734
-0.641021202049056	0.160321009867905
0.152327357171114	0.0306528579659354
-4.03370471599652	1.7916335902582
0.624389535109194	0.197734208595323
1.27296540627515	0.563191440836931
-0.669879148256234	0.336110058393794
-3.09004997319051	0.995518691449303
0.62863464624452	0.200390435746801
0.474901300560738	0.174305828211983
-0.112600068087734	0.0524714797265083
0.0922776813210589	0.0309730608344846
-2.30085199289538	1.90098858762312
0.469550156557679	0.168128956126301
2.75416824794064	0.846257095565792
1.42495176944544	0.478712624316164
-1.79013283872263	0.436855011092279
-0.649914682169787	0.161307982236608
-1.33758139782075	0.634069458475706
-0.837472488599265	0.390914936767186
-0.126544170830858	0.0569873576633044
1.02261342941577	0.624265379922808
0.152327357171114	0.0306528579659354
0.0842374684821783	0.031975408901113
0.329517794888787	0.14743555174112
-1.55598431680136	0.827546414676997
-3.09491841602961	0.989728937617924
1.71044041807909	1.26689722553393
3.25348095246928	1.13846419310589
1.0040802988878	0.488328931075246
2.68595984909327	1.67998388166477
-0.127693799161166	0.0576857157488228
-0.21216037607871	0.0808016861130318
0.63384227093225	0.197583163682632
0.152997495098684	0.0306362187597192
0.112115552991114	0.033079903729336
-0.384037309645471	0.113617265211299
0.136634301514529	0.0339031274190082
0.136348268602553	0.0345664085091249
-0.171798491820952	0.0696021003924632
-0.775498930828999	0.273200449391042
-0.640875581071826	0.157275469944862
-0.778629286952523	0.281185357772247
-0.828247233986396	0.384179190864763
-1.5556612236703	0.851215438188417
-0.273674238949051	0.0915108805781026
0.106850128096412	0.0319640877912432
0.328382083150679	0.147344770656293
0.328094292559825	0.147090058418055
-1.04905689701624	0.546967970010297
-1.0453103636758	0.541154202150884
-0.582326450122822	0.236321093295849
-2.12109456991112	1.01974024768043
-0.784196412801808	0.27480896435682
0.625373151166759	0.296052996581659
0.136348268602553	0.0345664085091249
-0.308913618019181	0.158967578549879
-1.04927737166311	0.517695766743583
-1.08168152666549	0.460839725512664
-1.79443594699253	0.43143762897576
0.932219305847885	0.255045940262424
-1.16982826158469	0.362408956042196
-1.79013332416873	0.436860451051026
-2.58206767360866	0.711917716062975
-3.09491841602961	0.989728937617924
0.474565974965902	0.174050129956977
0.0924423574788171	0.0345537118592601
-0.276350796827927	0.0951215727245618
-0.386147744571546	0.1130948312215
-1.34735655485765	0.614700030646693
-0.366110803991502	0.163627232837311
-0.828247233986396	0.384179190864763
-0.158350392790343	0.0630291521042997
-0.833115752258283	0.385276542356523
-0.672156273535339	0.328981387928494
0.380909738816788	0.154762044119738
-1.55179342451721	0.82100673155291
-0.159746196665537	0.0666730635613241
-0.275683290615541	0.0927851084412842
0.0832076686729771	0.0320934434977448
-2.12078553178073	1.01764181617077
-0.379293602747951	0.177184077612548
0.381021623904943	0.155402003494633
-1.16473395833851	0.355563580639383
-0.771736195798064	0.27307434267397
-0.372906995841504	0.178377915668891
-0.643879934910744	0.162803684869529
0.0695287968496146	0.0251515616128588
0.376155451874849	0.149173904676147
-0.382742830406048	0.112824490517523
0.136149928119394	0.0351567872193512
-0.721587225263794	0.443437391627175
-0.0580312266667283	0.0317204571499289
-0.964985353197587	0.897485625027396
-0.0960795340122772	0.0454528962875131
-0.582326450122822	0.236321093295849
0.472507483263527	0.169428702216176
0.932935430920093	0.249293404431222
-0.211944354947144	0.078750658727492
-0.383788328500423	0.111456697833889
0.886640406106711	0.577243749938374
1.28281965233394	1.09408320879616
-0.162760612299736	0.0678653164942103
-0.312985469440159	0.155961618210898
-1.01331462266194	0.633666934631514
-0.544878218802753	0.441995854828393
-0.767006340655991	0.601288488792217
-1.18589507440524	0.70877125280851
-0.401931491067072	0.238835602022618
0.471256153677638	0.16970123630098
0.573847110832623	0.389922001072113
-0.0357542681801687	0.0207448418558016
-0.0392447098676666	0.0228159683067897
-0.670948084844093	0.540464240462183
0.336627980524492	0.14819615746249
-0.211143559887749	0.0805161705040476
-0.123524366675377	0.0550225701808723
0.23406538552617	0.140801632124408
-0.084443550671846	0.0440328486801783
1.42515113579646	0.479224019474994
1.20878072413895	0.674743556440075
0.333955060701251	0.149876573778959
-0.0708288298011067	0.0374682535430521
0.384707739050525	0.154093905241773
-0.252377956426595	0.133235927167036
0.464994672946631	0.248569832065654
0.847081704772937	0.432518719119234
0.537521437143376	0.273554577509786
-0.477838863675585	0.46149347158372
-0.31598345460913	0.241392357341123
-1.19651922582186	1.50159831305115
0.706033157865773	0.801638836569217
1.32409077285446	0.973845608622336
0.24807583126067	0.142216901853532
-0.158016404023967	0.0632926485339132
-1.63886102690805	1.57397804815849
0.573333920488255	0.374006943126372
0.918293582302808	0.711163947647774
1.15036166212188	1.02070036408801
0.65012244789754	0.623106068429531
0.109059779898236	0.0697110882968027
-0.307465723236696	0.203990135918783
-0.526870146127913	0.572788076518275
-0.560699334799371	0.305981986403802
0.114925970724127	0.0777959386174186
0.303835061970308	0.260770947504196
0.134791112657719	0.10081824543974
-0.566897584242899	0.525220553089589
-0.740679226344607	0.893106603029096
-0.772804767826231	0.625134424254628
-0.224265869301042	0.157980001261421
0.134681895631724	0.105768027176546
-0.0227323722379113	0.0159298529239358
0.123935291795157	0.0834392662894989
0.228842244965568	0.160397622257562
-0.957602938626436	0.892416078668667
1.36020319230756	1.36453264157487
-0.752018152616656	0.536444409336079
-0.581793124959039	0.457106940779441
-0.753110143263052	0.527399123389181
0.097368103366892	0.0602232476269063
-0.418059618836923	0.340366928869979
-0.482819339657539	0.41774832411539
0.391759196699988	0.254085597845077
0.465427138276286	0.358611656392654
-0.269040974888907	0.148884563169252
-0.212670444562599	0.119382795304203
-1.20924320972563	1.36971926049556
-0.856588135606795	0.874655938893498
-0.0394923835047308	0.0325833737776916
-0.342236321529146	0.433592925353515
-0.679963079445989	1.00999910961034
-0.524319545960851	0.568839332989263
1.02167765545916	0.606153499133377
0.638492624023657	0.604682041287673
-0.619556618627946	0.561988065364108
0.245111031032999	0.141895817003077
-0.513456915224079	0.49054727691951
0.464377663198769	0.351220901604271
0.0254539726445545	0.0202145807559567
0.790680442231974	1.18330849174011
0.321600390094708	0.34075185224247
-0.178049350102416	0.141637610330713
-0.280106185419846	0.262446043273762
-0.326241364726369	0.475543480217753
-0.303066286077088	0.365412884318691
-0.0869917985180297	0.0884475048608839
-0.120132833424975	0.104844481072789
0.618538339762254	0.844062023638331
0.216224551403752	0.206035835718039
0.493061363520117	0.569261941779602
-0.019010431792461	0.0161053043122286
-0.223187980986258	0.247485873404382
-0.955910163256152	0.87059293402848
0.334132349455841	0.251938004209133
0.149959689091785	0.130162997823043
-0.433689573651661	0.403238715232685
-0.0196583007977222	0.0143946237760025
-0.361815077424357	0.293155042995485
1.10383963683948	1.39640815719143
-0.57002619440823	0.543844073000143
0.288500216123365	0.263565061194153
-0.276052327172894	0.212358378930725
0.0227313026890002	0.0143152650177981
-0.219445199250466	0.176311507879179
-0.676469248805477	0.806508411418028
0.215566135477612	0.187889570917386
0.50812803054167	0.519987533743902
1.25451743231038	1.36606559607702
0.0808284486920071	0.0433822360441351
-0.0679832252225727	0.0454274824536063
-0.159791029121142	0.133244051692687
-0.108382664926715	0.0838414067440822
-0.838897198632153	1.05429680724708
-0.582017506384645	0.438535502517022
0.769828139995868	0.734285475378326
-0.156500090996202	0.0962351415407243
-0.0439514331052027	0.0298535571904325
-0.511010296236453	0.517934913192447
-0.857021710521564	0.545396086987954
-0.630478753693118	0.397259442027391
1.24683158122875	1.62506638194362
0.0851457339729376	0.0422163420769612
0.121971877825394	0.0831335832136669
-0.226865662634368	0.157228044994067
0.639586225358069	0.610428987191416
0.946004323812474	1.04618364938927
0.216505866371555	0.157548833467381
-0.305839508026543	0.19537239438958
-0.601912989642713	0.505558761672785
-0.515804432956844	0.403140788080662
0.326537086634005	0.250403949822433
-0.114273700872306	0.0725535187731787
0.915743553770694	0.692313301341187
-1.22277551362037	1.30080707012291
-0.250914491664331	0.201213038259326
0.0872968770440511	0.0393593355426131
-0.71251886157255	0.410577048296127
0.242925020858246	0.13842861370591
-0.306753893537472	0.209355105548721
0.00708257726037702	0.00459195836238484
-0.963781146179953	0.915700757445976
-0.129550938784847	0.0840847112907931
-0.167129566447979	0.118593155174376
-0.0656588371648012	0.0358053055959476
-0.862996200409081	0.552063500847969
0.0726113246436286	0.0358701251851958
-0.32426942820203	0.157772847488415
-0.159074323616962	0.0643629832683425
-0.708867633289934	0.681227650565921
-0.665073859356426	0.334343002402995
0.875307300542545	0.536414304876438
-0.0956757425225451	0.0639868885328288
-0.487743188927399	0.270134223170241
-0.586648078358193	0.448593536952972
-0.682098906146924	0.574136864123576
1.71606927524028	0.986106115842281
-0.198288651980948	0.143417708410021
-0.264890884149916	0.144390965880786
-0.575722549818329	0.437999152128284
-0.407059836171284	0.250200926547254
-0.729214340320204	0.432193391805037
-0.58228651915816	0.224914406081258
-0.778629286952523	0.281185357772247
-1.12116082646163	0.882347674037752
-0.740641267399786	0.495591998476513
-1.42464324914087	1.63440904905076
0.456544456388675	0.368625243162954
0.212975924218287	0.194823635893114
-0.550458771048768	0.471490693614149
-0.150460446302928	0.0940428491657836
-0.206995070163935	0.126873204509742
-1.73035740825441	1.77078754249729
-0.00777171607052103	0.00459211264522028
0.67646801342617	0.629583831954359
0.0964378635887463	0.0591100650989109
0.230317607772184	0.161228018726311
0.865025190237405	0.925553534673277
-0.474345310024195	0.326864850850837
-0.409443828651511	0.361891277055275
-0.347370293576402	0.358881774788582
0.0235851204505235	0.0150016972560164
-0.29911111776961	0.19849544169862
1.78693140825557	2.02706534318254
0.0958285344296365	0.0550419616449065
-1.48903686454478	1.79491972316163
-0.469748851651287	0.273397556470465
-0.179013428615742	0.106656256859291
-0.10363639049133	0.0509861439815573
2.20706183833817	1.6967866784374
-1.23505198922243	1.07666064889934
0.294956507722024	0.141049936073414
1.03045625541431	0.75020331035432
-0.177709503415608	0.105760491894379
0.3695480485815	0.404990868348711
0.0567417081387137	0.0415544088297464
-0.0647228174587505	0.0357076050025188
0.875032111597409	0.790156402581166
0.703874341979955	0.513300067029199
0.102753066632604	0.030641933525699
-0.621267763655545	0.392410225962053
-0.832917155828498	0.952790875360629
0.623716069244954	0.286849747875519
-0.475931468635632	0.341204079397019
-0.491357714717914	0.438913521603363
0.646392290389181	0.608746493929033
0.528661552635229	0.375151514948282
-1.04475001537379	0.548856914686032
0.786698280109924	0.552345681959834
-0.066214102763064	0.0451151900561603
0.121603952187907	0.089178010061233
-0.541528412337487	0.362279552986616
-2.35116593170119	1.20354099744111
-0.785145766216085	0.266587913823754
1.17635450148255	0.772595714361155
0.382698444520541	0.15549131738934
-0.299523497802739	0.198967116654259
-0.787324324637825	0.750555003708167
-0.862207741650073	0.731800373427949
-1.30519410731747	0.987883269256081
0.0878912301079577	0.0512157329982196
-1.2911698227998	1.53366149589018
-0.540923479195329	0.473502115591696
-0.770208853007994	0.686462379957858
-1.33751412127605	1.40361621986303
-0.914121309073044	1.04828009270363
-0.966515192205965	1.21591748930335
-0.93510199675827	0.999172841790588
-0.857912492774654	0.54529254831832
-1.53931804642865	1.3105935638314
0.330269252206196	0.146923278992875
0.768752031941125	0.661901259157266
0.637519268696663	0.390970701922547
0.577723283298427	0.486259352895702
-0.352767678574469	0.226877159648704
0.320441575750942	0.256964997279991
0.58308238985434	0.58778373297203
0.13891717305982	0.111621799129622
0.944501329343032	1.06850544231661
-1.01837194129169	1.34882501414775
0.0211016346135644	0.0128594766275287
-0.863168429108358	0.573032791045036
-0.125879851473374	0.0556414271008866
0.76798570243794	0.66397072111463
-1.33377773396147	1.19084137216533
-0.314861524452217	0.239716418049315
-0.185675082341024	0.11299654800348
-0.154399728434339	0.0982902243471048
-0.149105914681776	0.0934244991446857
-0.263253788240283	0.138701397600109
0.380909738816788	0.154762044119738
0.657757072420796	0.612318109170909
0.482396669849861	0.268859144190581
-0.473511988966103	0.32494760572286
0.102666738722527	0.0619727558468175
-0.542383753306435	0.551561433630591
-0.749067526074128	0.526335274954898
-0.366502680695381	0.272600423287813
0.221695939766494	0.137302412416083
-0.419470522549971	0.304675044965994
0.648551967766413	0.398827399077279
0.084134749024315	0.0424364993517081
-0.225567927724365	0.1332887242444
0.0903301559182138	0.0331400404519333
-1.22626184431515	1.06059030795674
1.00062125796248	1.06384735970281
-0.191365671110916	0.115847781874786
-0.186505772058259	0.113450645449291
-0.476125250226462	0.336973015081337
0.265057567071925	0.138948572553185
-0.577639542721674	0.443139229108877
0.839930188363553	0.438301886540134
-0.265417040202874	0.148998226948171
-0.163475265181134	0.0682437749161833
-0.169182481647026	0.0683431040804865
2.67801107848887	2.64071229595263
0.610992568335046	0.262358574367174
-0.405808341418611	0.250374168723361
-0.409409842586591	0.302374066261505
-0.475862921044347	0.337712370461421
-1.97645186840381	2.31513146723263
2.50213940145377	1.40593987594578
-0.188023722540318	0.11616537774037
-1.00317675844271	0.743976756032777
-0.999714442080097	0.753310475105887
-1.23921127981629	1.68997729477801
0.132045620063825	0.095826416401318
0.118887296535944	0.0763100242268751
0.753141831245622	0.316692107109419
0.712487202657675	0.523908309141914
0.0741123725836558	0.0354525853586076
0.720845473060766	0.634804112947392
0.390406625323874	0.244361187652426
0.105430443395874	0.0680756292477372
-1.23001455160403	1.09939478672307
-0.980338151205081	0.819318401916595
-0.00578683994017761	0.0035268147633471
-1.01471423814579	1.09420552570106
-0.313553956559992	0.160249514225138
-1.12863654676449	1.15561845001376
-0.56273115854958	0.533124108384512
0.379648009157629	0.256203115303673
-0.0893445559856344	0.043758368079994
-0.0257078890746898	0.015048759938694
-1.30045853070273	1.00037684968093
-0.106249476285222	0.0519847710418037
0.0929748780294746	0.0532991751421737
-1.02692341157182	1.08405084858442
-1.17935469708349	1.11811313435525
1.35812670130156	1.38539677029284
-0.31639766037367	0.161691140499146
-0.628071024957998	0.401173120805607
-1.12679157657278	1.19748362776786
-0.773041707609387	0.666861678437191
-1.00753126852268	0.74438830687426
-1.08197459667148	0.450745147906183
-0.227720887955598	0.158724585357929
1.79099861938708	2.18135935585377
-0.858566424785371	0.488193538842041
-0.132090988902561	0.0599671410980092
0.107325559020676	0.0697668792548278
-0.611527188372021	0.526107228499194
1.03600264472504	0.749596296277455
-0.223329365279943	0.129991066705645
0.951830539387996	0.818144366682442
-0.472308028328866	0.258397778683969
-0.983790322496497	0.828199559201006
0.707683508431154	0.513960453611456
-1.80129180280603	1.49885487675702
0.787705438516057	0.505936152545344
0.535319586587137	0.377686521973827
-0.214607354593074	0.149683200357588
0.318427734059571	0.265537037808942
1.01084963223012	0.590148197827103
1.79589718923425	1.749883249643
-0.748489786292617	0.53382611948631
-0.578992844939483	0.443365286279828
-1.1329394822479	1.16765688947055
-0.207519289369569	0.158482449781091
-0.24174283345323	0.187198746923992
0.0909580654454472	0.0412986711377495
1.27029993588631	0.557536641375049
0.991811155152206	0.376692433447959
1.03077160390295	0.743823413887191
0.394241322175978	0.253370916607257
0.074262837751969	0.0305618262392606
0.0799962217893551	0.0432447812871323
0.444963526444941	0.362675722361931
0.0737824808061882	0.0347040204090796
0.231934124146295	0.165920109727152
-0.367588223606005	0.2724445097182
-0.359674990280875	0.25353601173774
0.393648746349278	0.252355457691405
-0.103930278546038	0.0697754950809487
-0.039130695362821	0.0219145440362496
-0.104605186093027	0.0684022952063886
-0.219123602721779	0.125719490909499
-0.833590870491758	0.380124365593918
0.391973951132823	0.244847165886697
-0.19397869097512	0.118117451418214
-0.260566495414237	0.142919931671508
-0.6157154865343	0.397946768340511
0.706520897249736	0.531392554960491
0.295180640741131	0.144547514230252
-0.406600370922861	0.250516464919909
0.372989237758029	0.25170382056838
-0.510488560767452	0.394581870039262
0.332528960285323	0.150535604278335
0.264311669243052	0.13896825594607
0.761702014509561	0.638583420281404
-0.222715933922656	0.128208718919273
-1.29640512838164	0.976293346670554
-0.714905338436345	0.432359564015516
-0.773175230196674	0.624403231977821
0.082797019438034	0.0440487844651628
-0.870367146522063	0.591162030162219
-1.07528661502674	0.950599871099582
-1.39611796121324	0.891647565390135
0.428203440625738	0.247621508237756
-1.23273172448605	0.724619754283787
0.0824851267174182	0.0371253971748847
0.384604003394295	0.233612649147828
0.087049759112876	0.0323123290059384
0.529838781602747	0.376123040697929
0.624770777105684	0.294733620707325
0.477960680154353	0.268085593180919
0.0958513541127148	0.0555464836953348
-1.29640512838164	0.976293346670554
-1.23276072767581	0.699420276808618
-0.257135786732446	0.140125327309651
0.0832318214854979	0.0381865072293312
-0.72356288460831	0.832607653710503
-0.790482261044705	1.12542321347496
-0.589842678290578	0.68102071430029
1.04443923608003	0.883699534882639
1.25282561698705	1.52300544133862
-0.666235903983271	0.495135373060687
0.237365037315913	0.143379510159825
0.000300434799792609	0.000439676111780131
0.223926340823139	0.148699470649675
0.11151122159195	0.0708667290587
-0.481328942933098	0.422521511006071
0.322396826554603	0.258138135003229
-0.0576397222137772	0.0392595714894184
-0.332779959467679	0.282027762797445
0.0138986403284118	0.00895527529220686
-0.0655297114258859	0.0446632485659465
-0.179071257299607	0.148015989060994
-1.40210671417922	1.95019482629657
-1.25322554149604	1.24759069729261
-0.233875073132871	0.164577737982859
0.109097411193063	0.0692894327697959
0.997790770771172	1.33975064934697
0.227392840287562	0.185887950732355
-0.465058907908694	0.433870829404288
-0.490547856764774	0.430510089454899
-0.515777469059943	0.469656715121041
-0.141046296118079	0.105415477687375
0.780700955946426	0.769531468130903
0.340966622538267	0.25437904135543
0.0181746064230146	0.0116740075247492
-0.0997723327987409	0.0656373013099787
0.582474552142534	0.494543810595264
0.570708556791868	0.590073341486063
-0.0231017620209002	0.0167794069958175
-0.771452973332279	0.692906602511488
0.140968004592968	0.10940398046939
0.222608169514522	0.179283083059194
0.632165817711897	0.680685951330098
-0.479619876713276	0.27556344719208
-1.18209825889038	1.14856438424132
0.944567946361701	1.06811863724544
0.242173577549699	0.135963045840491
-0.946109630232951	0.920052985187386
-0.578001996537589	0.439459050976037
-0.565948513537623	0.515415856160197
0.718477526924928	0.643035397186457
-0.0163411453503012	0.00963187876637529
-0.231823199969448	0.133741032121827
-0.237946831549457	0.134173103705601
0.34915802643541	0.245633148397347
-0.223655491120253	0.131938817623801
0.236382982283534	0.14309510294945
0.245979893740948	0.137402706254368
0.818203716980151	0.780658956617362
0.117245887907074	0.078308739116371
-0.152095368917275	0.0954001135919112
0.683662128267028	0.640713205527151
0.466824086481715	0.354269177090592
0.0945434973280384	0.0543345167031926
-0.420388636434316	0.336012489811666
0.769830919305337	0.643701097320974
-1.67812318247098	1.89158650401078
-0.947001927522639	1.35394783156179
-0.375389522695864	0.399410846821306
-0.761419902766546	0.515519449246782
0.773867201284132	0.78018380428275
-1.03560509929247	1.22166979531102
-0.7063341059594	0.691034436948524
-0.766628723275228	0.621308499561692
0.215564958895846	0.154598835160607
0.0418673225360527	0.0283447100909084
-0.0788725068563818	0.0543288344040603
0.212455475849862	0.174322140203226
-0.36858366732083	0.364441789538714
-0.249668889917046	0.25387392095921
0.16312466453259	0.150280908369731
-0.23232057744336	0.18463588412623
-0.893341962751111	1.10790630992294
0.578920136142049	0.707591304976763
0.557681571737279	0.57235683501904
-0.716127312903023	0.759453186768325
0.293432003550715	0.271580492698129
0.560508087382074	0.484219018742801
-0.00899941525035725	0.0065448435423151
0.384990157860622	0.352018078902431
-0.892258693269213	1.21004519448773
-0.303834144971289	0.279096625002364
-0.768793308853012	1.53748213181437
0.130338971235623	0.101649577472607
0.628982100780114	0.760344976703527
1.16607863892715	1.17659333788296
-0.10522939584838	0.0685247713572991
-1.35422539212569	1.86152294426027
0.566491027512037	0.587955019839391
0.128660240850596	0.0990484801385824
-0.361944954852796	0.358258146376875
0.0857919196388487	0.0738511182019112
-0.404036681087819	0.354495568879525
-0.298112111680154	0.193718409662942
0.389027298645283	0.24513330135498
0.878539809011162	1.11371613506862
0.0517805084947038	0.0384193131711445
0.870602087811739	0.916726965671607
0.816457555792522	0.781119105825153
0.624953203257863	0.832036749496835
-0.350198175383011	0.343515976625156
-0.314324460869394	0.24235750696377
-0.00352343005861552	0.00264082266564324
0.222686251256049	0.155143808190564
0.317203953200711	0.249308485429344
-0.150044600792142	0.0946953737019215
-0.314325544896783	0.161705831356172
0.364274305215764	0.259748629866907
0.0843717022154024	0.0488947036278498
0.0838956619173732	0.0468707023513319
-0.551260730100189	0.480542736288761
-0.313029081080008	0.234007558728782
-0.0992244123426443	0.0648725138444207
0.760624518375958	0.964441921429089
-0.615184298679425	0.564149994184904
0.059451638474979	0.0440441016032282
0.628240230940814	0.498205668336475
-1.41513358547511	1.12097237331799
-1.08013494698889	0.94202500263599
-0.839561435317782	1.03060449418032
-0.633924381796468	0.837309398340192
0.0405270598130628	0.0277540456300565
-0.654505437091439	0.484608259543873
-0.849458874671097	0.941100160938186
-0.485630953239176	0.421928173271285
0.215251850736574	0.158778129068287
-0.107777444280816	0.0841229976459829
-0.119823799435857	0.0915752855649589
0.628845119153512	0.769895636301146
-0.163231253562873	0.150916637573853
0.100915765286719	0.0924482229138231
0.221896621748342	0.20133486050686
0.441026869518701	0.447604447615617
0.0912946082909744	0.0686508190520922
0.335159169038982	0.342691824870361
-0.0606867758167193	0.0480047796438944
-0.189166395113144	0.173062424512414
-0.144104566310106	0.126391288466065
0.122019533805118	0.0949552937276402
-0.776990967443863	0.714498038235176
-0.00664231527723441	0.00487844868433945
0.537687036370631	0.686833949380134
0.677267458983824	0.613855949144103
-0.0397185157767961	0.0231081712330365
0.212254556873052	0.170572365410494
0.0598340331254998	0.0446216232738147
0.000572656284201832	0.000371483017786199
0.0663621779874281	0.0483896438826683
-0.0641899386250765	0.0516465210320491
0.680549381121986	0.809747384528445
-0.314250676393566	0.289739512029257
0.124852214267444	0.09151766677317
0.320959037104953	0.26308473689969
-0.362088449339961	0.274096204221642
-1.33561697451905	1.39722374875773
0.381527112697326	0.363904822912131
-0.411429134490162	0.367940462807494
-0.940948009157126	0.9087788836982
-0.0331162543767993	0.022779789628931
-0.503167541993701	0.518903073753234
-0.369997127270749	0.306690014045684
-0.618479614932635	0.572952692247428
0.497152557147336	0.378644531429591
-0.0229871477721975	0.0134085123083756
0.341826223373329	0.251653977465563
-0.191538308953722	0.11705202234093
-0.281080755277654	0.244073366693468
-0.518668356285315	0.404322859815777
-0.630388143545121	0.581332789286521
0.0960750992283273	0.0576616542899848
-0.270882402728638	0.237960898398708
-0.40635455306489	0.338602645729583
0.0084483409942023	0.00538992154129771
-0.105606953919659	0.0812010063738419
-0.32276726669479	0.259828218246615
0.225740912567445	0.164930068628134
-0.517642644721737	0.480757910553273
-0.938428856879116	0.931436646861656
-0.473143311140516	0.337960804521127
-0.724813638846493	0.885542804366341
-0.594583402677513	0.935393708375057
-0.528476528024279	0.696031073585146
0.0981365393139089	0.0884064616756983
-0.084585736774395	0.0798262339270597
-0.632401073448153	0.748825246351572
-0.0823761083131515	0.0637930713138683
-0.278715440485807	0.219155955405878
-1.0267204593117	1.04743058032178
0.571658913096162	0.383458334917642
-0.681228308234066	0.562586521336657
-0.188391251204788	0.112112651429578
-0.882745668075007	0.669987669382763
0.476645893744142	0.264008686006791
0.836268289201663	0.68620960368788
-0.315790202519228	0.198207008706618
-0.848410061926877	0.861331679868012
-0.414754222805452	0.50198894802396
0.782314818054761	0.536257102081156
0.582075219478678	0.493565893656403
0.0870145814111052	0.0469675087461535
-0.187833900618067	0.114877651101773
1.42751808237548	1.79231654107079
0.0950081126544593	0.058065957800969
-0.158170724349286	0.182297676519109
-0.0301793205524136	0.0344249614569402
-0.507137813913087	0.395486081762427
0.0881815708032888	0.0508016277883039
2.25978667917758	2.33276219015702
-1.04332689320088	0.542967604373717
-1.12866981886362	1.17455704283331
0.0803038492364569	0.0815365711907535
0.0735344961849433	0.030372595226232
-1.22909189072502	1.09215504417952
0.280825317264457	0.342487261640297
-0.333941000869099	0.279314167295926
-0.07662872172458	0.0400218180747751
0.29490325133956	0.143267960267737
-0.669532071575372	0.338701988947361
-0.309838816594248	0.311925198165857
-0.171390914485123	0.12559705299294
0.698677353208777	0.499568975156667
0.296219296024808	0.146762887291026
-0.411337741953282	0.245264106272264
-0.561117721519112	0.30604199101728
-0.40626796341065	0.250057632138203
-0.218291416624512	0.125956009197061
-0.0191080332565889	0.0110165945946405
-0.539924545761205	0.374048381975501
-0.359373743181258	0.266711561763823
-0.287191829616786	0.291207269286845
-0.153399660506107	0.125863499723042
0.12831881642495	0.164707268344762
-0.469698896457397	0.33101577464833
-0.144724483243334	0.109286231615647
0.228215481884118	0.180904509390785
-0.470848273953067	0.335369870006326
-0.254865169712449	0.201956662680897
-1.26424999409003	1.24660477635247
-0.616695885995416	0.510652367270957
0.102526756654759	0.0630532325199583
-0.325611671473632	0.277600458007638
0.487487389907945	0.360519902058344
0.343952488532299	0.253396534995718
-0.422689259574489	0.555227374619434
-2.28025032694497	2.63657093856197
-0.40165825842948	0.348093941356712
-0.315759972936104	0.233527461802051
-0.354749622411274	0.230213132363248
0.0780195487618001	0.0420868179345297
-0.314248832137202	0.239102426136796
-0.0124395534844523	0.0117114092329269
0.582779069376241	0.893432397325149
0.196060139135117	0.161168890107704
-0.189954835475479	0.113046210962407
1.16250309154522	0.926832537063141
-0.993514620063796	0.720389431875214
-0.0986914748662707	0.048411923865473
-0.133099636173165	0.113492584494537
0.306645287315992	0.138164534857022
1.57632566961398	1.35420280704256
-0.120493283080892	0.104502956446323
-0.459084935553018	0.375685336392813
-0.0395908100085332	0.0218499441102766
0.433048828728452	0.259005560156235
0.242603378431192	0.13975278827717
0.0383176140105553	0.0328905334194053
-0.105138082654537	0.0671291689733438
0.116966083110354	0.0797421687172539
-0.983950351793243	0.81789855695056
-0.541175075457647	0.361868378696623
-0.712643452645395	0.418950282049897
-0.227386172042514	0.160844086918075
-0.662867256134485	0.494467673298731
-0.987812860243792	0.814795625820139
-0.450788894037356	0.358059578250335
-0.846638516966691	1.08451272741634
0.0776344288959051	0.0806402891849011
0.065259188526095	0.0492747835345177
-0.772893931289757	0.694033322443129
-0.0605038982189	0.033784522076209
0.522292604480967	0.471166056440822
-0.41075264506043	0.24848664447191
0.0893163349530556	0.0521871142961093
-0.869837546918591	0.670390863925486
-0.369740564915688	0.172259006775807
-1.30353717877231	0.983570931138866
-0.406645242222137	0.293598312120305
0.252805724611693	0.141669763779656
0.084648983368238	0.0370971138087321
-0.300930408240289	0.314440194558
-0.866186738099976	0.576182606294107
-0.0554608044811463	0.0308234582634032
-0.908756244685274	1.03003161352737
0.721238883577573	0.631474711077939
-1.67942512195192	1.30075113836635
0.500258915276803	0.466078051907551
0.56218636416001	0.795270711054628
-0.104615100875495	0.0981507143222366
0.683216365853436	0.865379539940228
-0.126544170830858	0.0569873576633044
-0.0713567526356173	0.0362289090422673
0.0771100028347661	0.0406869757891354
-0.313251208113039	0.163256865650181
0.451270616668395	0.515431016285994
0.918604415709742	0.708481589920913
0.0814493871837749	0.0380878657189707
0.340628909384074	0.356349039377474
-0.21734649762427	0.170294593907174
-0.557996143243574	0.304909474490603
-0.123419269401666	0.0562204223713948
-0.16856771843831	0.102676564382032
-0.251921821531101	0.200949976662706
-0.0736181956627567	0.0379993072700877
-0.306133827725715	0.157519573870327
0.0734098138729713	0.0332170319933868
-1.00406037819497	0.734024064949682
-0.311917916245603	0.15995780756606
0.817126422512274	0.756372246799412
-0.374358905457563	0.178251175398493
-0.77962532269011	0.800724865322252
-0.395067574576014	0.355670023535335
-0.499059882915387	0.606965135479147
-0.900624353285315	1.07038027462045
-0.285719395427285	0.220467635962824
-0.352642488517287	0.378394749413139
-0.451546940772138	0.361836538029334
0.310256008616419	0.268012051396084
-0.16176269772863	0.136083207773355
-0.356770268565252	0.297559197885852
0.213702287442559	0.221780562111048
-1.04724176651334	1.54072881144844
-0.200457794362951	0.182495271221156
0.484318363788119	0.536167413544241
-0.440762008137733	0.421353692030794
0.466599422614424	0.456613195238768
0.6922597696111	0.716282823243944
0.739994784201223	0.842424313122631
-0.631316496402116	0.579545354763895
0.863324154511738	0.913785724723723
-0.251020648367455	0.191961427943093
0.638427020077647	0.679847529142483
-0.265633138601534	0.27344069421587
-0.474054122901707	0.451780883947618
0.646769112011159	0.608014003688814
-0.596908365825069	0.596039503511899
-0.276767548840084	0.213823646310681
1.26318707773829	1.23917742428594
0.424045828889121	0.366587395460643
1.16797331880933	1.40941049682585
0.219484021732275	0.173534078508644
0.633021592074664	0.832935732288424
-0.772405046848988	0.80472654283966
0.514950388614056	0.478836523449713
0.00635290891795662	0.00381452223334656
-0.0606068635182589	0.0419321426669669
-0.419557181993679	0.307098075428144
1.25201741510356	1.63927731015156
0.107456300058604	0.0711098263417147
0.298402704127031	0.262543503816609
-0.183489291504425	0.110928501996589
-0.319338778765168	0.247023711218611
0.463568089738868	0.362367787029937
-1.33075148681954	1.18530848400751
-0.48969683051246	0.416473306231944
-0.157115721874816	0.100310704140173
-0.263363898115236	0.176775887489623
-0.106249476285222	0.0519847710418037
-0.392473772247977	0.346687179000625
-0.51567600466887	0.389551044959904
-0.365400793948062	0.303674078891633
-0.7292276722372	0.820056795026612
-0.902216256292153	1.11591493239364
-1.00800551007877	1.643156973721
-0.432193881838511	0.467378723903157
-0.157526037406406	0.100748171071233
-0.724280260047071	0.442486660321458
-0.39774283017095	0.378954724011151
-0.999595348432504	1.1069233371444
-0.361074940871277	0.297508470007322
0.0694849955838328	0.0529516826894972
-0.449842232894355	0.391939242959392
0.356460282109824	0.347069178136614
-0.0427385827990899	0.0301295966194765
0.219962965957998	0.226906794309213
-0.237504070381434	0.203956435149659
-0.0128441626635327	0.00953122627184307
-0.13610740867645	0.117279894117947
0.316025415952448	0.24589371735749
-0.305196980538338	0.203118627412869
0.299426129179346	0.265934114761378
-1.40229071748826	1.65007314375038
-0.128200006417227	0.0830631039743587
-0.0254816793832559	0.018741767196541
-0.104683156652615	0.0807507982141481
-0.216999100288595	0.18731093079297
-1.10074074422102	1.62114752909636
0.130228214578257	0.0911034570966363
0.319260749318989	0.253893431054591
0.470845809055737	0.368095418221091
0.0687329748474092	0.0553717694371016
0.228812074031138	0.167518562274118
-0.777158673330157	0.77936053639468
-0.175150799283128	0.145039060723957
0.212952698700606	0.143301870840275
0.0473789037522161	0.0356311093759965
0.549204346824696	0.484378716333403
-0.325247281890578	0.243628354433691
-0.1571788446925	0.0983522957274594
1.35035238052928	1.5478501842466
-0.626541817275642	0.585643051924179
0.416405254908047	0.363111856388081
-0.305717400553266	0.202793223968826
0.703147229993963	0.728768302808727
-0.775323370680836	0.818455206856927
0.214361304761721	0.16430731994079
0.230429601812908	0.157505270870411
-0.54052447988095	0.470869314760757
-0.513513119615817	0.394424862127279
-0.340177999823441	0.337929690964308
-0.294105306227616	0.254197873345187
-0.517833277590418	0.472735658455411
-0.473683502623148	0.461368150909652
-0.294460328048897	0.254543337689283
-0.0605038982189	0.033784522076209
-1.97289100949852	2.40265872493853
0.0770005303312331	0.0402983858764578
-0.0501962342883282	0.0353087498192272
-0.218379754511115	0.192670191625992
0.13925069497247	0.0992356381821213
-1.13737069154536	1.14757943357139
0.0606087961896759	0.0477159560059663
-0.840471076233936	0.976655782999561
-0.148982617141067	0.123250623744507
-0.125945721464778	0.0954132578636114
0.813625905900059	0.767344551498274
-0.240098700036848	0.203726837563472
0.0924021548892184	0.0561243547010504
0.223336048781468	0.141551262549984
-0.188653687073731	0.134880684711425
0.22376404751432	0.14238841280981
0.710127461031722	0.802870059338323
-0.152201940402346	0.139433858840884
0.119894136925635	0.0794383319319497
-0.705297188735108	0.72211056063028
-0.0268434215590331	0.0191056784461976
0.367770326998835	0.241201963987736
-0.165720375423171	0.12233210942096
0.444086022882874	0.373074416946414
-0.638692658180738	0.625203080672569
0.0601896239746109	0.0454005981298963
0.438553883735458	0.343653340348772
0.220251054426728	0.163179700513477
0.331770027246042	0.243468961974824
-0.407427704878094	0.33561750346835
0.718828906535865	0.418011364642456
0.544851276112613	0.47942746713222
-0.00348250230502813	0.00207574727634931
0.0814153424699924	0.0402536728338924
0.0336475992523727	0.0222524064856155
-0.000811874905027974	0.000500152076258064
0.720367074427192	0.633574150382464
-0.540086699680734	0.534704993441359
-0.861732742626869	0.557681118205939
-0.901326803780196	1.15602392834127
-0.270632494739314	0.183888234592718
-0.690696024907691	0.637530794066552
-0.241426635213635	0.18570032800589
-0.147235623462791	0.104398233934708
-0.682013803160014	0.609008498560135
-0.454266817670574	0.371080127705082
0.126339520641985	0.0909049272341976
-0.476859152603888	0.275462361049205
-0.0631536650386699	0.0441646354189606
0.101904088786963	0.082133355505915
-0.34348667415382	0.402790419990853
-0.0196612987912957	0.0140178429821375
-0.0557480498720736	0.0456509617964026
-0.225609545976305	0.179654816811095
0.142043844785314	0.105949968525383
-0.722252363095341	0.819493242993176
-0.902056751258379	1.17510879377766
-0.553533676908736	0.667269987974972
-0.00859317153963285	0.00508946232688378
0.610738534664395	0.502762338231235
-0.601928517282177	0.595484929171391
0.125573939707216	0.0926784933302146
-0.325826309010805	0.269388774410859
-0.0568096000804805	0.0389821590192188
-0.62596594806846	0.404931023614119
0.0097719299121521	0.00623385772379654
0.291318730765808	0.372737351418817
-0.706453798748668	0.684854695241631
1.32685853646016	1.6337968894959
0.915588116711518	0.677138460877526
-0.414629927403428	0.304123953084929
0.222977068694161	0.17850979035492
0.844779205556142	0.964223083855305
0.377141137725439	0.425726276365951
-0.140212401028827	0.138423363227527
-0.324010122644753	0.324648949208175
0.00552104341921449	0.00326847974667638
0.879226900692182	0.829465540432129
-1.23576790170866	0.68633950908845
0.516370256249257	0.483833536048723
0.153014010029676	0.13115030836709
0.239725508021728	0.136343232780431
-1.23366967268039	1.0843768428729
-0.65365147322497	0.85303294585868
-0.617240312634924	0.704715675967246
-1.16825001464359	0.82112237730802
-0.550860027463339	0.477933830427267
-0.898769424936123	1.09717934223751
0.725905262306477	0.65458948410284
-0.41178609313612	0.249068425353275
-0.513513119615817	0.394424862127279
0.214593407912097	0.133507249421934
-0.611436142728081	0.518375171796685
-0.258178713301213	0.136878058299613
-0.694974977290839	0.627707112456123
-0.158395977639511	0.134097470581916
0.616038653131677	0.885547761042217
-0.410574489229138	0.550671588335486
-0.59252268313221	0.814175292392061
-0.40371772553311	0.281939203348279
0.342457534643641	0.237235505679913
1.04600242257727	1.41750488079324
0.42561655176321	0.25031298643594
0.621026009491629	0.499929387587909
-0.956241058320646	0.894454453389204
0.255529793846924	0.143730692143891
-0.15828064688989	0.0663428907639632
0.166464357257173	0.171034515623197
1.16342953838918	0.894093806678687
1.15753629760338	1.05402169330936
-0.0614457031447676	0.0341332788383416
0.367296013429948	0.242649727216088
0.350705728788539	0.249297302006629
0.227092568296575	0.16735500634181
-0.888481071794194	1.53142538905705
-0.471806992472401	0.63193998839893
0.0995470674273232	0.0598621654171673
-0.099080396890459	0.0480131904966666
0.718097254370687	0.64065761429869
-0.475522343926211	0.272042485770301
-0.669903550745149	0.338718152465255
0.105295424071343	0.0898695355084534
1.51241560099197	1.46539364586844
-0.405075370572569	0.247996987550164
-0.780519576273344	1.23113562902949
-0.873213122808861	0.767383620878239
-0.221634015797507	0.130470025394972
-0.768142697809226	0.636012493878923
0.792572220867685	0.534941850017018
0.470557593015226	0.360871550955083
-0.581441108717319	0.423369364487287
-0.654505437091439	0.484608259543873
0.241816086362964	0.138514944394097
1.69505754465467	1.58841689563459
-0.0957015269460383	0.0617559793986735
-0.628570855743617	0.576731754375414
0.355095901608424	0.338827246104122
-0.0264373455772679	0.0221382998712743
-0.326676929543676	0.32859365997563
-0.78840037095917	1.09495929879063
-0.202988956161598	0.162497243976328
0.0908734969898332	0.0760818679770148
-0.128482332024138	0.120876815494812
-0.333442079129729	0.272642429785307
-0.961135915453732	1.09025807124282
-0.239979984635395	0.132785902013313
-0.157293840612295	0.0984641607644316
-0.0622259583931275	0.0339709325978737
0.292236490045701	0.143727046135421
0.0954530345280647	0.0506392005534767
0.00990364855772307	0.00574947881747452
0.830787309295677	0.683781893250551
0.5205697314312	0.364526530992386
0.810849161574303	1.44834205842444
-0.0274710709093118	0.0159812222288557
-0.67441473256222	0.342262346882217
0.133395094691046	0.0964486469083487
-0.659983248799194	0.467551625274442
-0.370828923434415	0.276295611823748
0.0817513768036348	0.0460609510906703
-0.329891365371637	0.417850593635644
0.0122327657335724	0.012754102541875
-0.409870899318888	0.368952363549322
-0.26823259739821	0.148440306682903
-0.462661105309508	0.314871796189821
0.0791116025214236	0.0334411128499293
-0.12550354960341	0.0554076956115354
-0.738733410477532	0.961897423307642
-0.872641131720726	0.57456069767865
-0.560281086025293	0.304405264728963
-0.862252945774348	0.817664681328281
-0.40635455306489	0.338602645729583
-0.185203972543992	0.112434734882085
0.106444349331825	0.0692632843787164
0.339208321663854	0.255259567619144
-0.05418599267944	0.0377061243742914
0.625893748215037	0.606254770684889
-0.618552476498632	0.39086383587271
-0.295520665322482	0.251331688383143
-0.289467586214296	0.273076828970688
0.0254125219797801	0.0211446074907954
-0.87280783299577	0.66212197904002
0.0446130249164024	0.0309977461401625
-0.515206697103952	0.390337350674079
0.0312623667097271	0.0213935354389529
0.228813437006124	0.187746819596989
0.603123343569742	0.56663144110769
0.0805791316256614	0.0629401204041321
-0.287035734848976	0.243474003298976
-0.248985449644184	0.219936795398652
-0.605752871838685	0.500448367239566
-0.160379206098629	0.116464273287779
0.246626337199478	0.134538217911382
-0.225619409954417	0.16029820784124
0.676799481232551	0.627976443642745
-1.04295602551258	1.01858951275504
-0.0410071208619868	0.0236303002063356
0.392809780034408	0.439695479168155
0.119282320870755	0.0840680711318183
-0.236870856337541	0.131879985803487
-0.408457089654948	0.330961723435497
-1.11356803582528	0.877910309125159
0.0785541604167644	0.0384396306669104
-0.905657554430933	1.0760839789702
0.046205266984737	0.0335668071683645
0.0620148704403778	0.0477155249816593
-0.4098302554607	0.368605154738169
0.222518504058659	0.151492109884621
1.05783115511233	1.02496269776073
0.290699891007533	0.1371465617312
-0.353131065763928	0.224991364674618
0.0676044676418604	0.0520897324497339
0.0819483317976706	0.0456760765837505
-0.202406953658523	0.118719629355029
-0.553621296904005	0.294143639755955
-0.67441473256222	0.342262346882217
-0.991884681880492	0.693687264252891
1.01674846030355	0.608190265716912
0.0811682400983647	0.0414987136372243
0.0900291577802173	0.052394901420887
0.216651677626354	0.191409902207035
0.583614510489581	1.05997920036478
0.285993287673613	0.318790788148983
-0.174489293198441	0.216958654256439
-0.195136944044269	0.202449345494443
-0.279988364432825	0.343249674967364
0.147135967154367	0.131777428452733
-0.156163745193449	0.116830684538627
-0.312825509884161	0.238764850569743
-0.435940915309226	0.412170819557308
-0.158951129320322	0.11361316955573
-0.166523484030474	0.069081841305753
-0.774546637750342	0.272824155883858
-0.216678147043016	0.0807999669817892
-1.12737667101908	0.909384153937605
-0.282651345628584	0.0933155228934672
-0.455301758449214	0.201470073381461
0.874023976910553	1.50237141958249
-2.30699358483486	1.83958336994105
-0.38428636926441	0.113633408755272
0.0875996517560446	0.0373137179339044
0.83932578411326	0.4582379329993
-1.90802212335998	1.23520050745641
-0.383639697125327	0.115605960560422
0.155389286626312	0.203445671947965
-0.345050451347607	0.50975133477466
-1.62826915202438	1.49021238120003
0.324133412269718	0.137683434597212
0.724938201685933	0.413129393062679
-3.47101101284536	1.25716227205486
-0.384037309645471	0.113617265211299
-0.271220688751085	0.296695481331578
-0.228206648884957	0.132832748858399
-0.105048372922805	0.0511418566135009
-1.54144945155616	1.05398110608536
-0.207495995378423	0.0791425849071073
0.268571197022847	0.143280920982814
-0.119930367594487	0.0515340701664225
0.584568840960759	0.386984020467893
-0.216722467356004	0.171630360135979
-0.619721257516323	1.2333637439068
-0.250963216479127	0.306383093704385
-0.0575036832738687	0.0565150540156049
-0.0776851797008307	0.0793282098124844
-0.336510771120446	0.363285144720255
-0.858865685749315	0.827572791761838
0.0351175864468874	0.0244682511401727
-0.690634285927733	0.634076004402479
0.0835667397982208	0.0322440496474922
-1.03087148580307	0.587892398623118
-0.374835598209988	0.1799609669057
-0.133139890823301	0.0598009397205422
-1.5516996734188	0.571325966800664
0.108753087782228	0.0330076065780737
-0.130026138271444	0.0581918481222006
-0.663477132980679	0.710952464465678
-0.138089574486343	0.0587958250294667
0.38537065282944	0.157114309054217
0.475850161420864	0.171216551002296
-0.66921041552181	0.333858371668152
-0.0269240163684914	0.0248404608146194
0.197710978170892	0.212819887890242
0.482544612533219	0.26551994967817
0.0877050694173876	0.0299113525036963
0.381374251715984	0.156401863873602
0.470921211153915	0.173073255821478
0.62992151264779	0.204453168240212
-0.141325997851084	0.117355427093391
-1.55194761890526	0.568220929644301
-0.128425750313738	0.057934893461743
-0.476445916280862	0.263695782454576
0.725426912057938	0.420803322266567
-0.385502449557866	0.112865375316269
0.88613065230887	0.577152372701022
-0.369255314982082	0.17753502325674
-2.19770174660845	2.40465752053974
0.143384206742404	0.113974997379269
-0.225144267504265	0.304663087994884
-1.03888104460003	1.95515187248444
-0.186195786020599	0.206707998657891
-0.433220664075767	0.514149075237502
-0.0202254788617404	0.0147895750492395
-0.275717235909232	0.208634055724341
-0.126759453641745	0.0803211443005507
-0.0315715923288594	0.0227287578691888
-0.57908023169935	0.615907998261714
0.0883089769389768	0.0304456122165727
0.533863758549084	0.271590292117255
-0.71548845763145	0.418417798465562
0.0857541301293191	0.0364500446146383
0.130813125940555	0.0332147478146659
-0.455659990229323	0.200991304333024
-0.997716006426447	0.726721492017766
1.0041296823613	0.498088809695371
0.173344818914137	0.20268718622846
-0.356264978139036	0.509473280559486
0.234489003369586	0.14390262893446
-0.459959190657121	0.203054971254536
-0.278693263064856	0.0945448451301344
-1.08370889437202	0.447242016932699
-0.582326450122822	0.236321093295849
-0.845116180075859	1.04761720929227
-1.02649213553675	0.613048404596226
-0.277919331621794	0.0935210142712222
-0.536256330821483	0.655607853787995
-0.226808679797334	0.176140260466357
0.113119884802638	0.0740913134060831
-1.12904426510253	1.19884456137674
0.224761897698749	0.187456962708006
0.735723749871739	0.867002322666368
-0.0993439908757707	0.0771435326014258
-0.49014752894109	0.431181929845787
-0.693344724168006	0.636763165936167
0.302082233583387	0.255855580526619
0.275572884270285	0.268226599312477
0.196894836223734	0.169359518485504
-0.120230719606978	0.0758001599011722
0.773663305194636	0.748247663195329
0.105971302372893	0.0688838725643178
-0.0571350693381603	0.0395360959819186
-0.0485863278684446	0.034510885667512
-0.171458352334112	0.168191021193652
0.12322327902981	0.0830170070719329
-0.407756885064542	0.401479000925176
-0.0552305784248236	0.0379504046708647
-0.29918621581357	0.259522412568784
-0.072868788098913	0.0497657820191378
-1.16187993163187	1.34795023301313
-0.183310497729258	0.129255202585445
-0.480152891761763	0.457636417830524
-0.221523365465708	0.174878724288443
-1.53299713680994	2.00170683798244
-0.408760755002598	0.255984224548601
0.152482862717401	0.130790370434197
-1.17737333023496	1.68421197952115
-0.308582766086565	0.208025826772699
-0.330010924280309	0.280434540081312
-0.217303319116379	0.171157234893973
-0.231499371122812	0.226106244164775
-0.0313687742205236	0.022462133071509
-0.0376601139604494	0.0296100373018903
-0.52810626414976	0.565840500295686
0.40769133819615	0.437717645012925
-0.383059542557605	0.381039073162355
-0.331179265931852	0.270483718386875
0.0484992654465421	0.0348030723755999
-0.994101667852236	1.45983057073484
-0.0347410095429869	0.0246918089402956
-0.595174077589299	0.710742472890443
0.0860934667558026	0.04293764884173
-0.758115668023719	0.536413935960902
0.0919796566207956	0.08598835275117
-1.16919905267472	1.94676532427519
0.799757835032232	0.968297909255813
-0.0522825158851723	0.0353477425781539
-0.527329629094615	0.504651008102323
-0.401808946173625	0.397165820260226
0.277335354125091	0.262629240912037
-0.651969352417407	0.695556936876198
1.0517473271807	1.4080460098201
-0.846077672118503	0.935758141981118
-0.44031971652371	0.386875852790157
-2.04880919689762	2.52778562300596
-0.562062715684399	0.511679614175351
-1.54059237183235	2.07598643031143
-0.202252782846467	0.180577924719212
-0.290680178299769	0.245649121175009
0.0271790134938296	0.0183198030788746
-0.398029783726534	0.36070592199609
0.298134603402956	0.281090621336539
-0.0816007168155227	0.0647439982780153
-0.755113022591461	1.07746050343507
0.48980455714577	0.460962385731229
-0.19000280404164	0.164400518694793
0.0356653287707435	0.0295311771589704
0.126607877672322	0.0987404517998765
-0.786820365066939	0.950717438325679
0.428755515156988	0.258901596842484
-1.67631072839377	1.89198124404238
0.226784929988843	0.168512059895949
-0.311493411740178	0.238332677969033
-0.599376550759877	0.503132959457919
-0.0543062028252995	0.0443621315348523
-0.703092177373145	0.725405694315799
-0.0339610280562424	0.0235169051755341
-0.514277565905955	0.407110989226676
-0.642013915658418	0.647040873876258
-0.360539542986694	0.230558533753235
-0.140209361306995	0.104118804754024
-0.061717233416891	0.0559861236872763
0.660132903268545	0.857410985389758
-0.406267920859846	0.457519020064807
-1.00762378102302	1.00199762960323
-0.775977814172092	0.767523173855036
-0.17733973393076	0.12903370564864
-0.770974976054366	0.733003129780629
0.00988603648401109	0.00642768241174115
0.543382769388215	0.471864891332748
-0.274429449898518	0.240816011200088
0.123156435822945	0.0929453066837342
0.584701401774901	0.491414120751752
-1.32766151647066	1.22260552141922
-0.775070229866266	0.985196734997505
0.0900186907454535	0.0758157990812134
-0.1997411719702	0.213094594553278
0.0308062885445538	0.0266419251629081
0.319979782922443	0.382603848922935
0.0353382362653512	0.032111531526463
-1.00460101071229	1.6158329043681
-0.187297352709209	0.2132779952791
-0.0226288275966729	0.0165369527105687
-0.0402327422456793	0.0284297021853576
-0.362922025326239	0.274151341951346
0.215327510747314	0.184782879447677
0.829165752235023	0.429683389780564
0.224515552411315	0.146665655473431
0.0363003027482502	0.0252750252106692
0.0865599119121252	0.0450600537531231
-1.33449040082778	1.54155933733721
-0.229815206256006	0.313288922342946
-0.0783149312232751	0.0879517041596809
-1.22782726708775	1.07173320366899
-0.866186738099976	0.576182606294107
-0.435329955375543	0.443324323133312
0.0932362661955202	0.0818918366510541
-1.04789630446615	1.30533160013197
-0.0523617744187056	0.0427143939052182
-0.39041150817683	0.374760280149716
-0.58286513349036	0.575014239303776
-0.0463558424327221	0.0321171350719424
-0.639933164095459	0.641270044923061
-0.25560166431529	0.224944266716374
0.618107464290096	0.694291248512496
-0.577822892426706	0.450033771225044
-0.149373618263868	0.126739545490388
0.272530905421345	0.255597833486463
-1.05654233164875	1.77345804094665
-0.434334090481282	0.420912706279826
0.410535100022872	0.366833979187344
-0.200769262091587	0.144358690129124
0.711670852176705	0.889367125077431
0.542171635934793	0.572795768959841
0.114462306565625	0.0785552999621286
-0.483050708423317	0.466542358554135
0.00462825379888434	0.00271395702977662
0.663428611905134	0.709697325473352
-0.469787885568041	0.453978562046217
-0.513513504918147	0.489673167449851
-0.0616014752121621	0.0614505096552765
-0.185109416149874	0.167741209031195
0.025153519041781	0.0165800636786429
-0.847928133629444	0.944167482850829
0.136799188092027	0.107903113547844
0.0187668942652755	0.0117477584985783
-0.135448508297684	0.116455779189874
0.218530819189522	0.16198619285602
-0.166897829156603	0.124408288966521
-0.123953659011294	0.10479918718067
-0.0610801312957841	0.0500576196501987
-0.39834942234281	0.392351639948812
-0.372974357077381	0.415412227003257
-0.859813838093476	0.965300489525126
-0.121900170208689	0.105704304759384
-0.0837051542519182	0.0727385147609472
-0.354982400044797	0.347710649657065
0.14396095627164	0.132106312783602
0.601883672617642	0.802748171086343
0.0128057805145388	0.010153504773934
0.265815277198494	0.265451137870475
0.209812117325226	0.192141736950726
-0.547364810755921	0.627738746400952
0.336626299517282	0.354914971940485
0.759298245957062	0.888304001609054
0.57281726258976	0.731078393782433
0.141903000350879	0.114414882498519
-0.457681703370727	0.375431005887565
-0.554609692077737	0.742600030443441
-0.627616673218851	0.824438219827187
-0.0427761423349512	0.0345825743641461
0.535545196410447	0.492522170253668
0.541368829521773	0.479387162115029
0.505355148247321	0.61739842166673
-0.609834231281006	0.670522232078232
0.301583840368973	0.25886550103708
-0.0860439551841984	0.0658182914930628
-0.679020544599459	0.84024871652013
0.559808158256497	0.548662382567331
0.0111215850604701	0.00854706167479905
0.0182554594034701	0.0168465649150299
-0.0475068511294845	0.0388112279516076
-0.0798088699372991	0.0547512843941117
0.69567608415016	0.721975391122452
-0.309945765716669	0.353845826174102
-0.346304039090704	0.382139445837239
-0.833488651147932	0.990794235754372
-0.610209101343331	0.51752484818009
-0.105650062323747	0.070960175939177
0.292641525523785	0.276790129383461
-0.380539637406248	0.343539897239121
-0.364578742662245	0.276877351781123
-0.305927886003631	0.20362493869339
-0.0906630737415327	0.0693958172081302
-0.308610054582617	0.158668693982048
0.128704948049437	0.0987924775319841
0.816760892830939	0.978837218771926
-0.0687848403940876	0.0479183598221733
-0.36537591896783	0.270445752730001
0.367277473584983	0.358148715239569
-1.81314483092866	1.98142203359946
0.262430781016367	0.139352186800344
0.113491965811369	0.0836961642061473
-0.0228684371791819	0.0167900598109857
0.124676336968776	0.0908014738786385
0.344043288895918	0.264531258255427
0.224163675356233	0.157351212109342
-0.684311338352841	0.855517646758732
-0.192610774853017	0.202914221788346
-0.416187874182079	0.537463646054193
0.0695573083904665	0.0736305406856777
0.233598153768641	0.301077245463593
-0.229118689776157	0.256672244914181
0.420576014244424	0.533831412989903
-0.243547652437609	0.248277347709426
0.220062086659826	0.169730085412297
0.974426096317633	1.45293926457201
0.0485252704396274	0.0364823111604074
0.0303226476909527	0.0208163830330235
-0.359373743181258	0.266711561763823
-0.0168103163847074	0.00963645619459749
-0.0952432864611043	0.0624426531556958
-0.0446765169418894	0.0316282694132516
-0.102585480525861	0.050894372794365
-0.0690543677951823	0.0368003956329659
0.0399760689244886	0.0276686528055713
0.26356617142137	0.138439222177174
0.295236594913366	0.508073993674558
-0.47995492186765	0.848315793585967
-0.524294245859777	0.489191599282048
-0.475494134663616	0.734796116526302
0.820316382899907	1.36656214026782
0.370081641202637	0.518572591942115
0.331338844343422	0.425524203209268
-0.44234700816779	0.580265660457933
-0.915032774865456	1.53985166854395
-0.122655924324393	0.122813282479481
-0.306722204097937	0.411706441511707
0.0725937154867698	0.0703416683635174
0.338645610462671	0.429050416120658
-0.400267493570282	0.538245625358077
-0.212262878857371	0.270983242285612
-0.0145612341448385	0.0134008882570824
0.324188778090677	0.429486103035421
-0.00574790210343364	0.00489845052757364
0.0948944054968443	0.0847268796760074
0.389935566484558	0.523366853498228
-0.338841134625091	0.474680416153282
-0.292579382102138	0.357765721328244
-0.160843230481659	0.15018302858397
1.09441822612278	1.81067441267696
-0.0877580507715014	0.0840821223213828
-0.332514162968433	0.4788386654114
-0.510012852792799	0.710241200130834
-0.456037785702099	0.369812766218601
0.482618372210365	0.465312297347643
0.745283810957762	0.75921691927418
-0.123903314910127	0.116475742509005
0.207190400696442	0.178170391750787
0.0371519285435459	0.0320198739223005
-0.10004980677468	0.0886323065241378
-0.396607825518833	0.356100926074829
-0.157086417472781	0.162184163163976
-0.0511579946614648	0.0513084509653339
0.275017247302906	0.352791551224237
0.0326559542229725	0.0287899323137264
-0.3411802892787	0.334038108676342
0.110410854882573	0.111168870020476
-0.44012929190259	0.539035290079156
-0.0732607634969561	0.0647925021204603
-0.0775965156608027	0.0695939053065403
-0.349897226319904	0.541438264857341
-0.218934669238936	0.189741312477756
-0.286560731738359	0.284774250098068
0.648927077236108	0.939613337272021
-0.0488507884138925	0.0401771433295143
-0.162836135885357	0.161517406742696
-0.0952950305745844	0.0986482227641901
-0.259990361957606	0.333459244263362
-0.534081675467855	0.863991934678475
-0.176695844048028	0.180377374313804
0.0692571167615138	0.0750947201423206
0.772581108216712	1.29492215965002
-0.218651775673415	0.263985502899654
-0.342882328924964	0.461553478597666
-0.206480604733235	0.217370460492155
-0.669666466489398	1.1885194604941
-0.302928805674934	0.382687193143006
0.149197179658504	0.187148756905377
0.193994094268324	0.242280425138477
-0.115063314504628	0.119398279413774
-1.29005407493282	2.81888280319656
-0.138005312335552	0.140283808340406
-0.543489334833755	0.762950952112476
-0.621199654345426	0.942512399295202
-0.124610278559334	0.138531208583411
0.128862868788035	0.145555283745858
-0.129952875156359	0.150071503701565
-0.310900845288718	0.39383324795038
-0.572378208763468	1.03533454056632
-0.156152028165044	0.144514023238235
0.292969372066195	0.143572022149622
-0.366755635438433	0.309199438580201
-0.188858301132676	0.117138658768704
-0.30650240452586	0.207150134185237
-0.26382289961975	0.179927684878697
-0.323394474824172	0.273279170082777
0.0537356556976277	0.0492353442138895
-0.0923618358684335	0.103951561387018
-0.327206365278404	0.427718381386881
0.279897954858939	0.37041229286148
-0.337615072383484	0.541423111563166
-0.498265154012098	0.611297411915328
-0.133931835109891	0.148130117590717
-0.294112937868995	0.377764467001193
-0.325044406035928	0.430240564734251
-0.264795838673382	0.318079293776515
-0.0500245412402068	0.0457822022431548
-0.472321119143357	0.604201175293162
0.382651846525564	0.442001646997987
0.509769399580357	0.715173140117845
0.0873504524153897	0.0805355673891386
-0.127318888985455	0.117122627833446
-0.456657393498293	0.687789346932246
-0.232889999995444	0.201637834257531
-0.320730856211437	0.266071340990386
-0.197137282449566	0.221387925000488
-0.158959518650136	0.151355178135195
-0.160525903536778	0.202999208449295
-0.106663580148906	0.104858651122275
-0.494523053139895	0.759954586580227
0.0132536603849848	0.0116191711732756
-0.400645671647882	0.609320872842592
-0.485670097775285	0.831413247401541
-0.130773478267181	0.120144866562668
-0.0400465300995559	0.0405383518296048
-0.526763141955883	0.731036362901778
-0.024423534435072	0.0239100238134573
0.151654751604998	0.182748835051388
-0.213935103441279	0.283379729327269
-0.140506801385816	0.1526221329752
-0.681033243440242	1.1989449421588
0.11435964690493	0.125463526802744
-0.0608183802943941	0.0594909563176008
0.00437569295246855	0.00459791853174261
0.0726259152414413	0.0739063375988014
0.0425772003365914	0.0437959287228228
-0.3799330556166	0.503730907048289
-0.311374490694706	0.447417901215028
-0.516188067280053	0.806645451570983
-0.154303361034884	0.128673215684111
-0.190893176974292	0.115041289721612
0.875212030338429	0.796058486238152
-0.261450669276056	0.142968482553774
-0.998130866250743	1.15684861848196
-0.147278929742301	0.0915326555747258
-1.21101626253392	1.3109703080246
-0.112992307378955	0.114689508325278
-0.0355987014304119	0.0350266149211159
0.366974551046791	0.540194607239173
0.399332628187757	0.52495685373182
-0.153499830223879	0.164319170565786
0.486120440008531	0.821326144506527
0.0454790909957106	0.0412001205768258
-0.0613624078570432	0.0601993745316473
0.53739102349207	0.733319461805903
0.778002443786582	1.50339404066875
-0.07035040595265	0.0674880209527782
-0.432486793535277	0.51941848980121
-0.469322301349739	0.619343154434501
-0.35366151142331	0.479481182584979
0.137003401042843	0.156714011061717
-0.20639531012037	0.257778038752043
-0.370714516049072	0.493907236576909
-0.480346626312302	0.564075412633075
-0.228607807219111	0.235903171957803
-0.0608858200101738	0.0639467985387484
-0.257432140106636	0.312782578382272
0.344237686643757	0.580132821669373
-0.141186372848984	0.161171176441903
-0.752847686998625	1.23863295166055
-0.376224181370707	0.518597868028056
-0.177033984111649	0.237929096481112
-0.310621332919133	0.46751549600651
-0.107728201369439	0.117158100519573
0.0424794668694775	0.042754996285573
-0.443521302387502	0.582194040128103
-0.160465844622017	0.168614310338721
0.229479033622896	0.274721889320816
-0.091898350802232	0.103794110194806
-0.219566861592695	0.257291103994123
-0.920910572873155	1.85855588862875
0.0601393266863791	0.0584215405334506
-0.534190722962246	0.771764157515894
-0.173504121467213	0.159313854442408
1.55403301738208	1.06210183113995
0.767112130489157	0.665297223110082
-0.632755915762273	0.569491150704938
-0.367708333376557	0.304673778337385
-0.0441401501767493	0.0439128566522862
-0.612925686935918	1.00084526530835
0.14850212380181	0.165234444556027
0.854372281696403	1.54679373070163
0.38077629463345	0.508831842118993
0.121761425078761	0.139110794823694
0.219623532842948	0.21035397341737
-0.00801900860948839	0.00820541024493261
0.208823228816078	0.257159450911678
0.0289859255602829	0.0282593157536911
0.213773658701868	0.224206670606126
-0.628243328371055	0.717611828773766
-0.0887357115681749	0.0929907904176508
-0.609380724234219	0.952424315895271
0.147797924466623	0.184484430207869
-0.146732644376221	0.16261320407624
0.131125041103139	0.145635193180457
-0.0492541729252321	0.0484095887247208
-0.226719596764273	0.200375881946869
-0.372475749275066	0.334249949071396
-0.473528602693052	0.483729521157189
0.0682070576914128	0.0673195965189879
-0.289287086675998	0.419355708788896
-0.825153500949536	1.66167426785642
-0.490859336106236	0.745908291877048
-0.131659505933963	0.149493694804717
0.392053828244137	0.627320596181078
0.658024613568968	1.060993425338
0.362762359952806	0.57965932904087
-0.591151181707558	0.877072815302335
-0.0833551126274978	0.0812601545072603
0.210337959149139	0.243407238776764
-0.124032082082433	0.132360498508534
0.139304713608077	0.168174917787584
-0.881934048001227	1.82355354510233
-1.40204211083394	2.70147324355152
0.65245143555021	0.509351005825036
-1.17327712549783	1.13057437946986
-0.854856558705329	0.477580905107073
-0.146735338930603	0.17686505292524
0.198390598673294	0.256287845077282
-0.391218772011092	0.507419477459419
0.361009895775755	0.522032933240701
0.242143509737484	0.281487826370565
-0.156745302316337	0.179748376974501
-0.386874910661962	0.642296547562851
0.456558619119497	0.656222625720666
0.0480762585332821	0.0421366185193291
0.106789657777002	0.106855225359045
0.141710710982626	0.152593188504019
-0.760548123184501	1.29659828784255
-0.300789350267224	0.434539599701784
0.32894470060796	0.486333214032483
0.286063931248305	0.396657759142129
-0.193399091165413	0.238529503636181
0.81106166579029	0.883049291002286
0.555038377774869	0.485581140543529
-0.475873839327897	0.591510000097475
-0.0713208876329752	0.074531087876157
-0.105127972385729	0.117474104422035
-0.363415215805059	0.452355624255154
-0.144997643207183	0.162997156596276
-0.186054286425043	0.236275423538997
-0.232878769131887	0.320011799401852
0.310517831501318	0.496869078899844
-0.524992782511818	0.925688940791987
0.0921581242581452	0.0918634948548545
-0.332053507644713	0.442116172910656
-0.778037055921824	1.46107565827961
0.220484106285338	0.274891473550417
-0.173137306858087	0.180182848604212
1.72670516863336	2.24607163116458
0.624067320003929	0.611361489957141
-0.192590968313083	0.137188944015657
-0.338340160278751	0.424542428295817
-0.148596409211827	0.180333108206067
-0.0486906865423993	0.0554345369883588
-0.249983687563387	0.360716932995717
0.26876407577001	0.377061001934219
-0.143205963693794	0.18485794069579
-0.24447485788514	0.291001704021404
0.0380038283116088	0.0405450567896052
-0.0875915627911426	0.0962670603801196
-0.81916457752844	1.46172547014418
0.118018473130094	0.139983916943511
0.661291412589429	1.22320897871598
-0.633701181757637	1.05877844835723
0.448810416374974	0.581776542856749
0.167494855959414	0.189959715300906
0.346773792584351	0.449955498710543
0.113448364227545	0.124909717523809
-0.0419281788738893	0.044559020335122
-0.704292201437512	0.927830210761686
-0.247410325347548	0.19330407121221
-0.907556746994788	1.71993261262696
-0.342527221358391	0.474645378061647
-0.0507705256393077	0.050056056135947
-0.75889938806557	1.56613563287178
-0.752427276994113	1.22524430058255
-0.0764742170078704	0.078830528394785
-0.323084850558967	0.476626206263132
-0.227713312386396	0.29360745123429
-0.146212521397885	0.158145094217651
-0.563196680772276	0.779817257883384
0.263594431716981	0.291767921676771
-0.0741966964794524	0.0713007366293732
0.0680815571176991	0.0695708588166331
-0.187933079919952	0.213828060130737
0.0900445366418121	0.0823475027546202
0.284329634111479	0.282908124764084
-0.129437747457865	0.131653252866849
0.125786296947806	0.127923083484211
-0.247516656719575	0.252149128659107
0.329893582171434	0.147706112113346
-0.7275939803082	0.419572822669013
-0.110493473907321	0.071886296037402
-0.597151319627201	0.824041252809834
0.0391393111671079	0.0402177285704303
-0.454505858028586	0.643814468404891
0.361192787903253	0.433199517464496
-0.233220076497514	0.279964407107993
0.244373616074885	0.311369326760679
-0.250513754700798	0.29211558077749
-0.500168661997999	0.732126969562704
-0.375672536826022	0.445584979592193
0.216143034330256	0.218471765736485
-0.109071529302796	0.102456077898796
-0.730554749608185	1.2457826627597
0.490276425854627	0.599774952541973
-0.00822472434513908	0.0070064463870042
0.0602124238057861	0.0555093184478722
0.373740481412584	0.441812566856058
-0.138723786573396	0.164289164010084
0.286893343998594	0.317805653333199
-0.217735710272065	0.200456184561237
0.470863673624535	0.531543988739714
-0.091445813315938	0.0946644359116722
-0.293543544194056	0.338354399149109
-0.577364177514361	0.779456226398133
-0.0250397499969695	0.0213731604466198
-0.323253238439749	0.346844495213629
-0.611304045525599	0.882941099999781
-0.332574135049859	0.324203753941358
-0.27008099630649	0.294072261726495
0.352481272269665	0.417080960305966
-0.201549255031419	0.181005446807366
0.2194288643994	0.212575152781964
-0.517044679886542	0.495447586692608
-0.243287960774723	0.215376692634862
-0.753319590219871	1.03208419477933
0.414269970485037	0.504181888982501
0.483813146629746	0.615543887116829
-0.0886781011915214	0.0602224559580237
0.0795304210475651	0.0690426479085947
0.041593653046017	0.0358746388379524
-0.103936413180787	0.0992067494520303
0.14309576381824	0.130342389428025
0.221783125085163	0.132015401418928
0.128847858451988	0.0980888716054021
-0.95919781336678	1.18379500546716
-0.939882524664254	1.29898663448372
0.279106167375233	0.280625690383038
0.093544203559603	0.0855533172882762
-0.109126700785808	0.0835652466706666
0.538515983323475	0.563105072475403
-0.00759766134855363	0.00568922912486992
-0.378662691686379	0.341213146983225
-0.277605157072963	0.284104668809908
-0.263966200919676	0.303021949018381
0.145106655465899	0.142983037011134
0.0372807284771895	0.0312416940336871
0.324665837088845	0.454332584310324
-0.842219375150158	1.09669092691873
0.0600778742439727	0.0478050576679696
-0.129227951088881	0.109267708863657
-0.311249122345079	0.307778418260282
0.211889063121728	0.181952221001161
0.138140510539603	0.132470991267685
0.14824890056848	0.138565796586703
-0.126430870793757	0.106791334378035
0.148973671789558	0.139015240743924
-0.341307281270303	0.318123465921492
-0.286636393229318	0.281497224531436
-0.709593094439326	0.727196805079575
-1.47866074819342	1.92581147238624
-1.27054607258086	1.30378483990306
-0.320099239541219	0.244023212591877
-0.180988890519753	0.149460091873312
-0.367643773479844	0.273937260269459
-0.772848118616937	0.69057193979584
-0.524889574322685	0.48859420677287
-0.995041592390198	1.1346367292841
1.36928042756535	2.0999644985277
0.0218517943535783	0.0135310166279613
0.327868333506115	0.254296516304653
0.401855134566834	0.357656508683642
0.0914878201435125	0.0514781203180474
0.944220960255773	1.2190013851334
-0.361141186190877	0.267945814062748
0.117316674742516	0.0794745310965074
0.629416901482485	0.374181527662225
0.470160707805807	0.253094102840763
0.389027298645283	0.24513330135498
0.500957142487756	0.533819792727021
0.102013555652155	0.110793896506896
-0.123013158119407	0.169445151243165
-0.30488728094952	0.430897676521797
-0.167859721613445	0.254093520128432
-0.187925801058464	0.248448270548775
-0.729342194200723	0.436967263778732
-0.0663307278187797	0.0360144489093975
-0.980010529952161	0.835294088965
-0.158866512182356	0.101597839203189
-0.362452407536086	0.274832586986385
0.0895586784213688	0.0512373380854131
-0.655335529823485	0.491107582586695
0.393696144410247	0.244880224427078
-0.128009807984601	0.0577806422002235
-0.0068876639917914	0.00405492144916698
-0.157876135719974	0.233544705735608
0.252985090771713	0.143341307534835
0.267966317194463	0.142443742592927
-0.707231265846732	0.695645539023449
0.569962452453744	0.374284345282948
0.450109613786267	0.371442129592968
0.0873230363561218	0.0435822600042986
0.0560626152873325	0.0785332647045364
0.113824818076644	0.180416673367004
-0.0777926295755794	0.050931798283011
-0.631747411162869	0.382757465428573
-0.67062124750041	0.337794490389889
0.0940118390894634	0.0404035488148413
-0.108820545722427	0.0725250424326039
-0.471794953261303	0.445947742792871
-0.377667121081931	0.369383399364566
-0.429419048416035	0.447804969992383
-0.432101464735632	0.440182851155971
-0.404116723145237	0.395644920559908
-0.226222759005991	0.202737559116921
-0.212592775179937	0.182517146652579
-0.419813781399621	0.519135388931881
-0.0800971825723901	0.0632941737304732
0.40282300260949	0.436386154399405
0.221724876678629	0.170183749757094
-0.166453021109068	0.119354014563936
0.308647542462097	0.257883234004441
-0.558974145896665	0.515093650286959
0.390798002454873	0.340246376497074
-0.0590049586220374	0.0412904004225367
0.124103082541221	0.0933282320817571
-0.323236947039019	0.247309854176021
-1.34182490739813	1.39149525210756
0.324232767750725	0.264350318947818
0.318452273513226	0.332998661177045
0.81043323667045	1.54913401536993
0.134650468300934	0.142055054468306
0.0143865734607967	0.0134755870503856
-0.255737781115472	0.276804642812708
0.125431865716858	0.137686345683134
-0.122708852656217	0.132297546631639
-0.695561198074253	0.67932120568293
0.126595035646499	0.0895578183488431
0.0156932213428501	0.0100593855938367
-0.977348628542095	1.17214722218227
-0.190277824753922	0.117151250640757
0.305193751793148	0.249529331634104
-0.268190319813596	0.233659852667296
0.682651277915003	0.63208279447872
-0.247910446469709	0.193669940101222
-0.0178578092585793	0.0196599247761914
-0.301162052221832	0.200671004083355
1.03527672166663	1.22313645458858
0.143578846238929	0.121342725243399
0.350642974249984	0.246899166859678
0.442221582869864	0.350541267014167
0.429097325049861	0.355069055708169
-0.191431472015215	0.295790237767158
0.112792609328389	0.144488483511145
0.125511688902492	0.100595190061259
0.549645867552105	0.5773279636416
0.953495174316164	1.06149502332948
-0.0904855885439805	0.0427415201375211
-0.321816910734934	0.32593152702487
-0.674248269319428	0.972461164498181
-0.565495649093264	0.599054012574086
-0.594379346888729	0.657020995717244
0.986022661670801	1.54869309413662
-0.739142201856476	0.966490967228845
-0.367827791884145	0.334481809387487
-0.414842270991055	0.436147809234594
-0.164098982227195	0.134995840255105
-1.3054404322979	1.87956020472723
-0.631473389571649	0.8740718883909
-0.490023242072182	0.434463525953822
0.0641372248398754	0.0477694009531625
-0.15752449868142	0.117385183229974
0.419863296900818	0.344268987028004
-0.257693376272572	0.232636393841676
-0.962311265115443	0.870463223745822
-1.51336865387423	2.1982861325181
-0.327200865738246	0.277772018812569
0.120562185477503	0.0806107521289302
0.220581796508557	0.187185331477739
-0.36026823433269	0.378300487778298
-0.381898966335652	0.379710037784389
-0.29514816214628	0.19306252093731
0.116246037698427	0.0781438857084496
1.14910349589711	0.843203117277205
-0.0578262995131726	0.0393583159824023
-0.13585960712685	0.100867428094203
-1.22006953758042	1.7254986425778
-0.00341098344155695	0.00258879164055143
-0.0313912794028714	0.0259959311790833
0.227672843778318	0.142896050270307
-0.29400638738848	0.254510430442533
0.727433145783222	0.738253326640604
0.479491163488541	0.456204389606109
0.404218909721284	0.356624404841823
0.205918017863513	0.22206461866321
-0.151404735268988	0.096307993074657
0.387650346470137	0.353520782071701
-0.195809974351485	0.156123091994983
-0.453541691887388	0.367236887086885
-0.611996905046723	0.52319322683287
-0.00674735536824247	0.00489223651508119
0.208170607453855	0.183430156708108
-0.607089593477121	0.654358021966183
-0.405317881317653	0.358966219329035
-0.580173841912152	0.451732686771937
-0.558974145896665	0.515093650286959
-0.361972174416573	0.298782294308831
-0.268984578285607	0.182185032995942
-0.172151048134399	0.178074094817093
-0.0451913657624739	0.0409426377503113
-0.232521391845856	0.2065689218253
-0.0510808884090531	0.0414913521071117
-0.247606793829892	0.197439516733626
-0.955731202602951	0.893967127256602
-0.528850069025267	0.591143960591691
-0.263001587008325	0.179130474077586
0.0457078953599339	0.0330402591233267
-0.792870279036859	1.01071483974427
0.815543079006452	0.853125345118867
0.0298802087949628	0.0205416527047099
0.509246157374544	0.559606178054226
0.0485871568859905	0.032970589710957
-0.192517669166188	0.137453271693304
-0.0931270791224167	0.0723705306831587
-0.0527852967511222	0.0374026571564338
-1.04954134308442	1.0360204232764
0.314992872160998	0.268481656257459
-0.140849471842952	0.105954286346884
0.21156215251197	0.195175068845963
-1.22925734295173	2.25902854586284
0.730179167131906	0.731144947836219
-0.280643154755721	0.230475437782661
-0.227016147584734	0.188977992565281
-0.310004154215433	0.23391262036941
-0.305081937374465	0.205446006915712
-0.446758077585562	0.394657839897605
0.945860596510141	1.03595110795929
-0.0634156005819083	0.035107199779307
-0.703455524038008	0.967731177571196
-0.143621993997998	0.108006674611668
-0.463638222390062	0.369729928232246
0.923151384408811	1.16142556039266
0.340861421203396	0.252480789315692
0.135005680462629	0.0999575264324444
-0.0323173819828807	0.0296751267760214
-1.0954396624402	1.26176717220619
0.332430366196245	0.146038911190171
0.353641042650047	0.249718492581155
-0.54647061835207	0.468158521945016
-1.09730635917567	0.949359571325158
0.0369730729440765	0.0319411223890214
-0.46991511717196	0.515624621724393
-1.17413575440342	1.13415791613988
-0.604201329759439	0.500104866962886
-0.136876644906303	0.0877210581997649
0.0117962276528322	0.00756031151566444
-0.919904813983542	0.972882272898867
-0.586297224371615	0.444964612183076
-0.468737482129186	0.32113091963491
0.445234077974547	0.360656852564944
-1.11653238842221	0.895944931678559
-0.415015262187448	0.299335012851879
-0.66613978419229	0.492770707184672
-0.773725270686374	0.68929438713633
-0.266687766181179	0.183286906636433
-1.18532229738151	1.54225163389948
-0.946434670365949	0.934276969618715
1.01904635989775	0.546494085740019
0.660214539623693	0.703112000121089
0.548218626835756	0.477201496265702
-0.547966568386104	0.370288494070434
0.83845402918119	0.689410127645089
-0.65111447386789	0.476644403152495
-0.188096539142229	0.112397003313227
0.23484385004188	0.14514504975393
0.228921979326439	0.138505585038548
-0.267159999221903	0.183764047852403
1.16627911317969	0.92159415995342
-1.49211924379873	1.71829933030801
0.0890699423607558	0.0484101921881929
-0.674826819540882	0.327808445833184
-0.12205397420524	0.0778674225155999
-0.482746037123228	0.33534221558938
0.545226012106913	0.479220623120147
-0.224814713899079	0.155215639024035
0.727912788587295	0.422123631903883
0.26011852659262	0.137775880667264
-0.406600370922861	0.250516464919909
0.0864778085102481	0.036952037113515
0.0748574885605764	0.0392079174713643
0.621344191264919	0.500035601075911
0.524762455277706	0.377070671377168
-0.138436739655963	0.10239205249244
-0.596171371900676	0.61907062055888
-0.478163598647353	0.330238066149304
0.0816206665438758	0.0348590425580261
-1.74830153648969	2.1382491940407
-0.184012296097277	0.110647835534754
-1.30026502181382	0.986874274047827
-0.692959970219021	0.633436513984174
-0.538353994018447	0.357888481655876
-0.265937019298235	0.143248799440146
-1.54473759343696	1.06303916388002
0.0221045545665624	0.0184746977223844
0.00063164119107178	0.000426849677487368
-0.527142765300491	0.801755818116815
-0.368131138589222	0.273770932780227
-0.226398156126159	0.159733939819644
-0.329979241060265	0.270290185528013
-0.776068491123277	0.871648994502074
-0.197692242302555	0.140972948901337
-0.419611795954385	0.30929044835132
-0.328433307301054	0.250289396383645
0.618717321482944	0.502859998069125
-0.78256919291047	0.802620757352791
-0.904231014902486	1.01675912772833
-0.125294353332941	0.0546565042564476
0.329197919721134	0.254304111747926
0.48096262613388	0.338543616040096
1.08104246222176	1.15424589518814
-0.75722125148547	0.542742594088143
0.366478627598866	0.252380631885383
-0.0261828463632994	0.0153374799731547
-0.13161517646815	0.085844156609572
0.213742799135643	0.175382238322136
2.06927264227625	2.00680264757611
-0.191855817577539	0.138457182812139
-0.457373876593481	0.37237921372511
0.0399701690406237	0.0322897321507529
-0.186144050505248	0.168791811045157
-0.396607825518833	0.356100926074829
-0.93691025090977	0.944897559923621
0.357832720549529	0.254016112572885
-0.277370101323361	0.23573220077905
-0.128601287749246	0.0832344264829745
-0.618060814457961	0.561331727714316
-0.28251896069663	0.2196904823561
-0.300778842306252	0.197570025239007
-0.358088276864306	0.270610586897977
-0.621418259979336	0.39550285160884
-0.763483114072099	0.621015880485046
-0.190460703494291	0.116573748943542
0.127079165148998	0.138284283342314
-0.0196256456977642	0.0117610678792889
-0.322109537077708	0.249934868493682
0.0858928196030325	0.0427255383742427
-0.265417040202874	0.148998226948171
-1.022811208077	1.11594574413262
-0.995625378364883	0.734195072084099
-0.242323411007377	0.355975565303115
-1.31335138702878	0.929230510495147
-0.663578967286714	0.49493569190897
-0.056486313313936	0.0307141553692748
0.719254930515251	0.420802883253128
0.09108215093602	0.0520319553573875
-0.135585111104246	0.103368915544574
-0.670684181118043	0.338798891168024
-0.858569668321894	0.474027768779391
-0.0752994931128977	0.0390653518321987
-0.312558595835525	0.208524924145454
-0.482166992004339	0.338144287598004
-0.867653889683832	0.674208912780198
-0.219089244691606	0.126144949853327
-0.87029893177622	0.666803423791276
-0.665420480944426	0.333533253136017
0.538678893511034	0.377403220872926
-0.482485374173415	0.334332954555137
-0.0675266950573769	0.0364353799068648
-0.26011060913609	0.143274807987269
-1.29067523129154	1.69064814798975
0.100783126162064	0.0581771087005534
-0.188858301132676	0.117138658768704
1.71606927524028	0.986106115842281
-0.317419613910953	0.163074820816109
1.58340330491145	1.39994792241552
0.332569715965275	0.148783475246266
-0.222715933922656	0.128208718919273
-0.662805807172709	0.315591485017939
0.0946681367513754	0.0421002040293747
0.0860804818974877	0.0439323517540608
0.824389932143367	0.783317563097459
0.745049782944192	1.06937285620708
-0.542093150303176	0.98672673091092
-0.807240643521313	1.7330262085524
-1.86334011401676	0.787747470899316
0.264377617517645	0.141125354565921
2.69009177811986	1.63701837032616
-0.584012558596767	0.229955465257543
-0.175939984626555	0.0676604997483132
0.0913860841651661	0.0341794882922922
-0.771770546111252	0.61479499094303
-0.277301771229429	0.0951277141110843
-0.168332931456189	0.0699222541363853
-0.378890865169417	0.177075439905912
-0.439461328429719	0.602586672602314
1.0193429186075	0.601242405745522
0.472842449999314	0.169672404181639
0.0839528379414244	0.0354183827118899
0.0913747436598882	0.0302391447632798
0.0877050694173876	0.0299113525036963
-0.468857029659771	0.269950875816325
-0.325004441774619	0.40426848132703
0.0244369208705614	0.0252071602178155
-0.431866652027588	0.686200153155431
-0.140382608832881	0.105061435655854
-1.04333652848961	0.550302875647422
-0.0885035113263341	0.0452662783783991
-0.220206052976138	0.126743743787544
-0.0764164546579702	0.0398107641409467
-0.37257352969847	0.175756790735692
-0.167240447863652	0.0694601207592574
-0.296916259972085	0.192452930413763
0.394305759552751	0.248661619566333
-0.263664751089335	0.183465287977192
-0.123315869415126	0.0560575801833759
-0.664700663091561	0.332695685712501
-1.12629321383314	1.20290901406265
-0.299465122335616	0.19607981397542
-0.476340276364564	0.279675695986936
-0.131985921039716	0.0592711710684997
0.27164422344269	0.14191781003306
-0.162386929213499	0.06791397537773
0.0833725859452162	0.0455255780460801
0.34587847414427	0.251110035537437
-1.08593164742258	0.984216302510937
0.0804191779645165	0.0411642330742242
-0.156427104973735	0.0964599111449694
0.0948573842563003	0.0568919681028746
-0.16269825668427	0.0658501257728213
0.535319586587137	0.377686521973827
0.273414239835587	0.143862464932651
0.369321532435566	0.248667040843367
0.922393647244345	0.714124997366807
-0.767473214288985	0.720600482345351
-1.54078480693763	1.1070023249067
-0.369668875374442	0.172565205778281
0.231864809857398	0.171122110111849
-0.367329303782885	0.334280343019739
1.51901819151696	3.50271530011727
-0.424033679849649	0.718649945406247
-0.340973731904885	0.43245824566697
-0.878860395112588	0.67565442284332
-1.41963884404347	1.16100729829042
-0.37874428995194	0.175749159126788
-0.081940991051231	0.0418888039989125
0.0820217427008378	0.0350456202682326
-0.729524012370512	0.418259313897747
0.927424217349711	0.701011467490004
0.487626842932619	0.68978479196621
0.760471579193837	0.318664847942797
-0.354494067024627	0.219320912569587
-0.066913684007381	0.0358709385040902
-1.3088911942726	0.935866351360899
-0.122685677934619	0.0554616009880003
-0.719957495693989	0.432230873045004
-0.44230031302495	0.47825437446799
-0.142347821546478	0.120086742081627
-0.0104688842329067	0.0100235119390435
-0.0116401464182533	0.00987052856551014
0.124980983674655	0.129426685573812
-0.353229230769862	0.291329899294075
-1.05558901532897	1.26868960859212
0.0512435115166537	0.038572132692656
0.573614938072606	0.622554763083309
-0.102009186080882	0.0685423281635506
-0.479245322132126	0.531605205909675
-0.02137667866357	0.0153566548915348
-0.255861630407073	0.248317767998721
-0.1920129626577	0.139628514310595
-0.23351897655135	0.225539710039506
0.00413267397876176	0.00279769268355379
-0.0458980841412637	0.0317212847908975
-0.180551853459601	0.163167583632332
-0.210686047952265	0.198776255516775
-0.848054602096408	1.09539814114859
-0.131201140501648	0.0846962965582349
0.197156248976954	0.160271321086469
0.0898373905243063	0.0713270742146427
0.230955721765161	0.174739537305186
0.389866115838987	0.432882184062905
-0.318397234759624	0.347476589830483
0.143348644230132	0.118695227433556
-0.542854068759899	0.541009964520249
0.299783391178306	0.276688850283514
0.0551932021362754	0.0403735393353918
0.0583462831409124	0.041192153439493
-0.398867538284269	0.352453878708823
0.963895869057303	1.17287901421096
-0.050287217496879	0.0350823869729197
0.484187703302576	0.467183457055735
-0.142156301113419	0.101893316811665
0.540271977863878	0.649111717392161
-0.846979841227302	1.26149099692725
-0.824613786180552	1.36100776385758
-0.0109851522313622	0.00662963823882741
-0.204312282799149	0.14628906682959
-0.401683279725521	0.448024469282771
-0.850572205016327	0.868165645596701
-0.49372367358402	0.484261023909173
-0.136538955538736	0.112999749964409
0.543215838043228	0.479438219790938
-0.13900666889834	0.118552105670155
-0.503026683916616	0.732109309324418
0.212969260974974	0.159956318485334
-0.546442589896679	0.464905415579909
0.426174796645267	0.449044065429617
0.145546548973678	0.115502973844101
0.139661709593697	0.111910112107044
-0.324587318390314	0.277115613390836
-0.522821391107556	0.699204465832293
-0.560823921610974	0.822352859549805
-1.01682835507358	1.09114206349602
-0.718176172548703	0.77655512219188
-0.201033039338117	0.146299557052172
-0.851293946598362	0.909743684851965
-0.775574178959692	0.762505376120811
0.734514354584189	0.905962643543378
-0.139191223424313	0.129154300284911
-0.314697512281627	0.292818340587026
-0.302365571308752	0.317273475120431
-0.619175019169224	0.66617287179609
-0.708226962200732	0.741909728910861
-0.461195682956181	0.422833970089551
-0.326076907635719	0.27844941012372
-0.43316824548773	0.421528927682655
0.431961376837026	0.452805015879456
0.52351484765169	0.550284672351086
-0.37616074280977	0.369593775602676
-0.436514883397899	0.428530134736833
-0.203026996765797	0.195100121180742
-0.15972481668599	0.146186752970298
-0.372753576822015	0.334168852456532
-0.68841479725045	0.820183482437565
0.141043269172603	0.117062424365632
0.218286887280609	0.172043763045713
0.227911709712982	0.162053707687899
0.220915653571604	0.190080829604547
0.767865676006046	1.16876094690189
-0.159869617661392	0.132699166854619
-0.171758146633186	0.17873503953328
0.139759965983051	0.116120923501331
-1.10106912675647	1.47739543517666
0.0677397769568831	0.0533567795049917
-0.904428604930073	1.02090881159957
-0.301771499415738	0.262137652439232
-0.375845348134314	0.346606595094175
-0.0557154694543152	0.0389304404280859
0.220796178361819	0.161890647729922
0.472610353071041	0.524559710384505
-0.782724029591777	1.05953136365285
-0.703309355700264	1.00624530016602
-0.56755704615518	0.535858100214136
-0.123315869415126	0.0560575801833759
-0.235538311767341	0.165048466595563
-0.95956264584129	1.1882696574501
0.13611851969055	0.102691403652807
-0.721872608287087	0.792828920181422
-0.6452978484404	0.768314752609911
-0.405273766661495	0.358105890141353
-0.22481216114401	0.196990456124012
-0.458203306059019	0.470546779225828
-0.34310282711784	0.341857192093845
0.442749215315169	0.371838449984762
-0.335047514278074	0.304519292904672
-0.272254877192978	0.208357858706399
-0.795160680090502	0.98323803699018
0.086032729738976	0.0680776946598887
0.130026371730855	0.0960437622611321
-0.551768590894477	0.642112251468192
-0.289129507778395	0.273529145180195
-1.79013283872263	0.436855011092279
-1.54888964966201	0.5586851468797
-0.644600139200501	0.163557956970766
-3.09018995116874	0.995203765786597
-0.772050920160488	0.274456175129493
0.10936056423864	0.033114486226835
0.932074438006684	0.254855397135986
-0.578758516342701	0.233299378172666
-2.5774920455983	0.729030786562669
-1.863603170234	0.783309473484698
-1.34735884025821	0.628382758674526
0.103059347311401	0.0311436889874163
0.0777442073163517	0.0260885138127972
-0.384037309645471	0.113617265211299
1.43233202051574	0.457708556804036
0.932074438006684	0.254855397135986
-0.212650368692964	0.0805233667218098
1.96698416228038	0.513878740168628
0.0893068470197215	0.0307440573678909
-0.644023842179429	0.159615559955847
-0.644600139200501	0.163557956970766
-1.86953659665636	0.79318768552275
-0.386404035863773	0.111626232888914
3.25656689052923	1.13765178449355
3.25348095246928	1.13846419310589
0.382079243287327	0.152972618115877
-0.391967692792816	0.110758922950976
-1.08706378584202	0.461189355309019
1.78487577131659	0.704427758092284
0.139320884730454	0.0345414157638451
0.478256809230804	0.16810798477004
-2.57741325633565	0.711746111074309
-1.08804627817393	0.44898687554573
-1.16404054379232	0.353995090957223
-1.86860867879126	0.785807806473197
-0.389557706779368	0.112846166099981
-3.0899100396852	0.971451680411881
-0.578758516342701	0.233299378172666
-3.47604583390962	1.25550007339713
-0.644023842179429	0.159615559955847
-0.833241338691617	0.38121215761305
-1.16962817192308	0.356875386553442
0.885470458531355	0.56318121840306
0.846041916612443	0.425618703110166
0.7192313666451	0.388140698391179
0.3047210867916	0.143376194849843
-0.1152061636042	0.0496733413002407
0.381726791496339	0.155900053042255
0.222073540749641	0.122363942480054
-0.374026084668496	0.178272203293998
0.0896537980653765	0.0307427553147153
-0.58802733048966	0.238036217277905
-2.33869966349229	1.22727722374202
-0.624299966700056	0.40669664469202
-0.383140411975639	0.113318717313815
2.29924732427943	1.15247639067963
-0.725458178832459	0.440622190394179
1.2772613973147	0.576505605197888
0.092972548516242	0.0319246139255238
0.469971788342555	0.169266326339887
-0.867298476875743	0.594228073719015
-0.383788328500423	0.111456697833889
-0.666884682203125	0.329280754642828
0.630853645652793	0.299784133614005
0.469512370019514	0.167815192907649
0.0883089769389768	0.0304456122165727
1.02149325981875	0.627454522489674
0.078577568140304	0.0294999087502829
-0.27601699353277	0.0946350648024802
-0.373574803029587	0.177245496161003
0.538216661390954	0.27778704436884
-0.460444015474196	0.199930616527668
2.50180748107529	1.40252511744255
-1.86330528682725	0.789872992595391
-2.13176866840336	0.983496944776943
-1.79580437951382	1.53035304006422
-0.385908825014754	0.171571175400181
-3.09018995116874	0.995203765786597
0.931358698699382	0.24984905088734
0.988437171883203	0.385675089722456
0.63082955657804	0.191074925101413
-1.5580733097088	0.571102626716349
0.135466503823865	0.0344111852929926
0.932219305847885	0.255045940262424
-0.380619458655667	0.112288060445742
-1.16384354392211	0.36161718506419
-1.0404995266287	0.516568799012111
1.42583795874425	0.478436248256231
-1.16453750470596	0.363272673512163
0.932219305847885	0.255045940262424
-1.55211305724267	0.571184138509822
0.932219305847885	0.255045940262424
0.136149928119394	0.0351567872193512
0.135951528165473	0.0344511607680368
0.147239812931933	0.0294793108903463
0.632297169083015	0.201427292338264
0.135664295395256	0.0338535377218378
1.42883364283079	0.478004862123992
-1.16414477326082	0.355714622696977
-0.207458780180266	0.0787691688619447
0.130132966750166	0.032529304913593
0.135466503823865	0.0344111852929926
0.135466503823865	0.0344111852929926
0.136149928119394	0.0351567872193512
-0.385502449557866	0.112865375316269
0.761719995502047	0.320936124445103
2.75336006021198	0.827151283763158
0.934928213971668	0.250251965251752
0.630817132594893	0.196262216603294
-1.07502262969199	0.415002638644307
-1.02158986370728	1.07909787046348
-1.42283191697243	1.35109517859505
-0.407689599255577	0.33288187759808
-0.0568451173387541	0.0311771999903109
-0.26465903416912	0.228401847323188
0.0685723890271113	0.0538679533155692
-0.318883427656529	0.264175109227825
0.368018141538491	0.248196737227069
0.219739380385867	0.146865205586069
-0.545819675373164	0.558768191853208
-0.140319890852516	0.103304074994808
-0.471444412553986	0.453740360224956
-0.503603562661959	0.51935512748287
-0.946057923091987	0.970392670106008
0.0561827175176207	0.0412038655033158
-0.470055843542464	0.273123421344092
-0.186865112760433	0.112830970065081
-0.913109651530009	0.949773509194019
0.959923103564365	1.14320155702981
-0.182118669737391	0.105534081203062
-0.985799480239493	1.14921431043151
0.229657796880114	0.164192152601265
-0.481376509819951	0.412020770554052
0.503334742059642	0.534083990642261
0.24970303070174	0.142747057223256
-0.164579744476568	0.121417020664624
0.219245116380498	0.174863074283326
0.217928925721375	0.169195129136034
-0.366447688406045	0.306765971303763
-0.148241738074046	0.110191170091609
0.118293895724184	0.0807962081295384
-0.0634543316936826	0.043395893849583
0.339351337461026	0.251351290459942
-0.0769000378611985	0.0523228414814452
-0.162709915727506	0.116359433068247
-0.160651083753206	0.115784835269668
0.898826185587884	1.02324706526742
-0.364568593236614	0.267728743519109
0.844132405549487	0.447264141314347
0.765659343195144	0.63296086205246
0.077104414404571	0.0393115409864003
0.385609514320145	0.354480505239557
0.0753456605424096	0.0382390107098794
-0.654400425849877	0.48935430759204
-0.626749455319197	0.564557950657992
-0.19821800585382	0.160075026467453
-0.15097741694768	0.113645162844401
-0.162013361504737	0.0676250485390677
-1.79745479138257	1.50417953697586
0.0138986403284118	0.00895527529220686
-0.198475369951856	0.14224555078912
-0.569717358146471	0.540940925000011
0.235790358782936	0.14471028240693
0.113878738178217	0.0769445283198822
-0.202411377175463	0.143368420067662
0.0365897654674197	0.0256388379880744
-0.448530721105546	0.352613527649328
-0.350290008074707	0.252895111373222
-0.469905009637331	0.336390857849218
0.0864555796953596	0.0492398576861583
0.111277574458171	0.0713521089570588
-0.864346170091848	0.803289948446751
-0.0230555990414013	0.0135648857874801
-0.0727427187266396	0.0376832153024169
0.0977262991650669	0.0591595784321186
0.232365685275733	0.150993321129542
0.429258717952285	0.363489813617873
0.479311033578948	0.370867739397279
-0.29858242900858	0.19616494462304
-0.623088169401682	0.402393659138668
-0.517628650340609	0.412189747353007
-0.974969078639784	1.18619653808322
0.622535278550908	0.828571369718466
-0.660332039364109	1.02695389046932
-0.829920067250234	1.27323698403428
0.572369241271966	0.796032603803079
0.151028561108806	0.140495163453509
-0.158243321231077	0.170676160730718
-0.638873493036145	0.57614887632983
-0.610558578199694	0.509887347312041
0.0198793511675721	0.0133524182509814
-0.403472461052504	0.365554838303422
-0.854520789670462	0.930672368732595
-0.498230019301239	0.43885547369229
0.213406736048887	0.163381013078794
-0.00314521031618887	0.00239044588486942
-1.0601397286497	1.22312530648216
-0.646299963502943	0.64228405626873
-0.770342898186737	0.825885042062062
-0.114177239295091	0.0885846889033902
-0.022272644532185	0.0132660828132212
0.85998617205472	0.891777401192355
0.14792296800359	0.122470432815116
-0.595607781423694	0.603650303177686
0.00708791824757857	0.00544901107475737
-0.0211922805503654	0.0153230754238464
-0.0116348328289643	0.00867068033293234
0.508738184766145	0.553410910015433
0.728258648311987	0.815981330581586
-0.414632262246932	0.255221516120964
-1.56157766774615	0.802355588649495
-1.56323919867897	1.92856070392272
0.428487934702927	0.361414830839662
0.122593067772773	0.127728751785052
0.0786318123010064	0.0807070615846533
0.236422886798418	0.293543239656524
-0.462065832465529	0.515789071123996
0.548142261410743	0.468199066599144
0.346393665516764	0.242061948335486
0.0959423833570544	0.0588620790204215
0.229139384926642	0.162654346125664
0.122607354374162	0.0869181020623345
0.345174077401436	0.241446534406761
-0.240917584222708	0.185826442879578
0.472760021768331	0.47108578584835
-0.685103008046668	0.568750438577261
-0.662030307416994	0.492855747737566
-0.328640663276345	0.243635106990619
-0.193088813127114	0.139930534315286
-0.0209131482784246	0.012360646514031
0.538707071345883	0.492308736002537
0.101274918805322	0.0643515380492802
0.107635071737045	0.0688469726488958
-0.328288483055177	0.278954692529043
0.734286135878043	0.738329700482537
-0.045354254487693	0.0318159318734081
-1.55111837617302	0.841915408482521
-0.231377235314505	0.133008253576771
0.314290486223388	0.27182418059422
-0.148051238291006	0.17003032006722
-0.331863024001461	0.47178708810315
-0.371198549313194	0.308356035092337
-0.311306802489212	0.15772468581718
-1.53674360978246	1.08508150746168
0.094072040944685	0.0377858244942441
0.0805910880320698	0.037088512991191
0.635452365395801	0.403476236485433
-0.0971933865947808	0.0475684094160593
0.24729051262958	0.141612165300003
0.295941167552003	0.141541174051186
-0.163985827223366	0.0646784791504823
-0.167616966157326	0.0700242573063517
-0.464060261831589	0.205840889385363
0.981178514187981	0.961795419944786
0.0896537980653765	0.0307427553147153
0.388799537669967	0.247118613850855
0.0719647413580638	0.0350092464438563
-0.158751534771108	0.0996924685456838
-0.0134719285275306	0.00792614331876105
-0.36451364776988	0.231980794695576
0.0840180185006022	0.0346577945419004
-0.125145305840635	0.0554817031673645
-0.856649084009631	0.484115117282691
-0.675586140625213	0.330120265775189
-0.418245085889839	0.309182293652327
-0.299594960266557	0.356384694044398
0.21364909332678	0.268179929255761
-0.264076132076139	0.181164872673066
-0.127178350977742	0.0566926177937344
0.0968712902273015	0.0279431587337387
0.0820217427008378	0.0350456202682326
-0.217335166636683	0.0790161213658484
-0.349384808892827	0.221182243101278
-0.223219180559226	0.130184476240163
-1.09177287533917	0.435571938158366
-0.772950225831393	0.280195713927134
1.33423645589272	0.97970891599593
-0.127178350977742	0.0566926177937344
0.385680147704266	0.158428137895593
0.0880026853356448	0.0339522008133425
0.0893068470197215	0.0307440573678909
1.27262959468538	0.576946807960676
1.42426539945548	0.468351605034784
1.39517096870576	0.88147108089281
0.0734740646501766	0.0388372219037698
0.247338061385998	0.14179437955736
-0.674789632428174	0.341311741024271
1.2091430676333	0.675679824629789
0.10936056423864	0.033114486226835
-0.772050920160488	0.274456175129493
-0.173665660538968	0.138989221976209
-0.602293990301576	1.04446656720886
-0.867033600993868	0.565577421086363
-0.58802733048966	0.238036217277905
-0.67441473256222	0.342262346882217
-0.665793302673426	0.335187935418332
-0.372906995841504	0.178377915668891
-0.131041040672575	0.0585336783460964
-0.46498986963546	0.198990635385496
-0.669508268496306	0.332485281564925
-0.222538832369968	0.0820657912953842
0.087049759112876	0.0323123290059384
0.468910929339643	0.165258387402773
0.991505105078916	0.385188900785842
0.46823576439156	0.164910083769207
0.754173804247954	0.32214223099419
-0.578066982272421	0.231583321799173
-0.212297191796943	0.0805912557762471
0.718527559231183	0.415925720633105
-0.27601699353277	0.0946350648024802
0.336089423622386	0.139100746844408
0.110050699893671	0.0316361809327704
0.0933198535626446	0.0319192197438943
-0.58802733048966	0.238036217277905
-0.665793302673426	0.335187935418332
-0.720580115829052	0.432637954904319
-0.101167278821813	0.0486925270742012
-0.76441766036153	0.529529372953153
-0.616530907102518	0.396756838918861
0.32918114794808	0.147928533811648
-0.867054393448044	0.460682513638523
0.788000244673032	0.548633980044962
-0.219880297219779	0.127421277841024
0.381726791496339	0.155900053042255
0.241387665756227	0.143399157117885
0.642997016787043	0.402719366305578
1.69994441567043	1.25689786507092
0.339150553694386	0.145617379416496
-0.865300700904107	0.57635937171812
0.26011852659262	0.137775880667264
2.06594402870236	1.4319196196243
0.79021758943692	0.552460832738107
-0.107819284279584	0.0518198213762731
-0.879238538940539	0.660715527453412
0.483570128251682	0.267944594995713
1.02551894322702	0.614389891780656
-1.22897305599391	1.06249568901697
0.538712440567853	0.27482102948189
-0.203344330128515	0.213278641586041
-0.216367061085302	0.0823095204404354
-0.46906103386464	0.200320609987389
-0.164033317878843	0.0645946809278895
1.024848247076	0.725101070085192
-1.39459890112428	0.897008959537739
-0.164157714162598	0.0669470148293233
-0.675586140625213	0.330120265775189
-1.66606435493041	1.23944418858182
0.32918114794808	0.147928533811648
0.0883624894719626	0.0338838502628727
0.918162486352963	0.715601922046615
0.0816206665438758	0.0348590425580261
-0.459405681547374	0.203720851202463
0.628867513066275	0.287766397766942
0.0842615186073608	0.0324658104907538
0.102633961745642	0.0610961725464559
0.838994815642282	0.454932127149402
-0.0686147217402456	0.0348900386336192
0.0811757749436068	0.0442709068906208
0.0798572471227654	0.0364488773800745
-0.463728795236123	0.364395914623396
-0.720580115829052	0.432637954904319
0.371445281164209	0.250682519273117
0.877953400886483	0.550688350135717
-0.579965339665138	0.455458947140578
0.0886104167055771	0.0405608400071262
-0.269795585932198	0.149091770000149
-0.162728764443685	0.0680037705102754
0.291387957795265	0.144110441061676
-0.349313175200987	0.437039358689054
0.26071044519619	0.134923893288537
0.713544208013645	0.532647873253525
0.0780582573061805	0.0328907227835545
0.36979297694534	0.249548526356431
-0.18421313429931	0.112917225756193
0.428011200435297	0.257365066392596
1.50110580125154	1.46501032088086
-1.15801238664368	0.789790163522726
-0.687528813744506	0.571313551017543
0.301741739086102	0.142313173767106
0.292374273829729	0.142503576337029
-0.366091862445705	0.231211849073128
-0.354297315469309	0.232351481643849
1.57787499715548	1.36598252513145
0.233959688060778	0.157621678470575
-0.769156502339991	0.678185815163436
1.03876105484769	0.733255868402228
0.888405704476156	0.565770885699699
0.627477898630118	0.288856425839017
1.17768710896074	0.789122660970453
0.090724282090474	0.0542632025860866
-1.5212001311661	1.29088048195056
-0.40499326372103	0.293402993336888
-0.536634035618745	0.367313639877638
-1.33055286972665	1.20931015397236
0.396187558678193	0.253695707556154
0.477957495359198	0.37127436081722
-0.306976186650235	0.206146103081822
-0.127378098065513	0.0570551939120809
0.466904818242128	0.348921261530525
-0.472373131524727	0.189650042120691
-0.673665278741064	0.338085246797378
-0.130073836277824	0.131883164158686
-0.418855966493879	0.607710053305855
-0.674789632428174	0.341311741024271
-0.131985921039716	0.0592711710684997
-0.719972010558702	0.444719271381625
-0.827577573201577	0.376796548778564
0.0799885280429259	0.039779702828121
-0.108200300092238	0.0522734609978898
0.836695649849788	0.445157579941614
-1.16707093847939	0.824595996380663
-1.90249468172722	1.671766345652
0.386386052642376	0.15494071056255
0.839373321999868	0.444539623564822
0.758122912526615	0.325881568855884
1.2719873995248	0.572705201935466
-1.0436925261361	0.550204641337599
-2.42469231461128	2.0701822264664
0.0821541677227444	0.0313137819917321
-1.01530735229495	0.63452278458739
-0.31119830293614	0.160953176714204
0.466618970171029	0.2444763320685
0.385053070304375	0.151451466436269
0.537595716263022	0.27510369868001
-0.863418969007053	0.457581054835037
-1.08101831948812	0.457426544657416
-0.403687834862666	0.244614761422827
-0.386314847760309	0.171074596505918
-0.211143559887749	0.0805161705040476
-1.08168152666549	0.460839725512664
-0.162386929213499	0.06791397537773
-0.10161392936749	0.0491577413289573
0.621040921410795	0.290813070958169
-0.854124037741758	0.487059444150038
-1.73106535820868	1.00443992973534
0.47152947483084	0.258349635342101
0.883381601657541	0.570741054137418
0.254631885305805	0.142018183222092
2.84179441717882	1.88566480193061
1.33035141828753	0.929393844411465
-1.73535578530837	1.01516875300691
-1.08164350357616	0.447431836370305
-1.89902751902205	1.21820987061625
-0.189732818195288	0.112449197717605
-0.329883850327307	0.389845875314351
-1.33626946830096	0.649794633393932
-0.875742732347222	0.584064298560114
-0.384037309645471	0.113617265211299
0.629278137711488	0.2046467358426
-1.08337443565589	0.445279940231538
1.00648404364981	0.486024705803659
1.2719873995248	0.572705201935466
0.630817132594893	0.196262216603294
0.539987966158544	0.267202498654243
-0.673694842750021	0.339417288197225
-0.579647494676689	0.221710582813808
-1.5516996734188	0.571325966800664
0.470188608004058	0.168172845773131
1.51736256998903	0.740690916243324
1.15999394384926	0.908153960897473
-0.582592318833542	0.237008278804709
2.51154213739203	1.37046854286286
0.465232904160349	0.169258406159813
-0.212475147333232	0.0812277568732332
-0.277715093124895	0.0928419840857114
0.0866832296781232	0.0291926616858438
-0.587680383007199	0.236957816983008
-1.55132360657301	0.82197318865162
0.624133365026761	0.197625616439368
1.51404191360182	0.783929172107839
-0.552663987422513	0.297581684066644
-0.377683600334258	0.181399366735751
1.46334187654952	1.18964715602888
0.470921211153915	0.173073255821478
0.320143019249555	0.136208276631465
0.470188608004058	0.168172845773131
0.386342110200561	0.157858515534477
-2.12679576746813	1.02231846801764
0.464896173573947	0.166568443085508
0.0804191779645165	0.0411642330742242
0.287554917429542	0.140248925948906
-0.460297133564131	0.198454445996378
0.381726791496339	0.155900053042255
-0.278356919506934	0.0944738855045353
0.542750108705605	0.274223341230448
-1.08072563171882	0.448174635687186
-0.725644250934668	0.431072167850892
0.258919303447495	0.136510228936808
0.842660083201946	0.446088246323542
-0.400076860607566	0.412268171715228
-0.491773124833568	0.669335749615034
-0.829855839863716	1.22899233110823
-0.123009993819616	0.0808135801646659
-0.250313761591543	0.271043782548105
-0.27334027114682	0.0931534889630348
1.00478934523008	0.501795998194173
-1.04351689007276	0.52920307979098
1.1652737379158	0.920147543088757
2.22359351499903	1.54401642246082
0.0919437880819986	0.0310379165003409
-0.377748627979981	0.180986240918791
1.02623829065075	0.616108275961975
-1.54506966855381	1.03686862314566
-1.04938492464695	0.541076993449878
-0.477306729694328	0.27742017197174
0.377121512494939	0.152788630326036
-0.453886668475567	0.198487967717662
-3.10570493638412	2.36668746470334
0.473762340939498	0.264691033849774
-1.01968861335232	0.645113551649285
1.03105377779832	0.748620520244306
1.20455296364572	0.637547856750738
-1.39056220028475	0.899635783602547
-0.467305038062292	0.195788620771004
0.0808950371625868	0.0343696319697994
-1.3414078827505	0.64696746344636
0.333618965803568	0.15099772691853
0.0809940814270678	0.0301814999335989
-1.38254007973821	0.790949704922458
0.139320884730454	0.0345414157638451
1.50912534228581	0.756682917507826
-0.32056311889548	0.161831358683502
0.529326727618578	0.259909944851392
0.427465754824351	0.257814878184033
-0.0403622009644781	0.0231442370080537
0.835179470879438	0.44141658961987
0.469766703452435	0.260050852399383
0.982151171476406	0.371361840519039
1.20954182981875	0.653056252204592
0.0821104383805661	0.0347978555253376
0.31446059931966	0.128859258130769
0.236312795821364	0.131124151408638
0.0883979150676874	0.0304175841008149
-0.277017784094348	0.0930684510831866
0.649650884681848	0.380742446717612
2.30987050281958	1.11236460585117
-0.556218191568761	0.298975134947857
-0.728030813773159	0.429825562238691
-1.73981157428256	0.987357661350282
0.376066195907438	0.251910249550325
0.372394979898302	0.246129750186984
0.0915143714117864	0.0555491208532019
0.359925325748682	0.356477727924585
-0.87224924272447	1.78355315238182
-0.419961858740784	0.636359076938087
-0.0302219066115929	0.0209234871683298
-0.0978559490835697	0.0856260782451353
-0.10814309201856	0.0708933931739643
0.362452477548892	0.238088918601396
-0.347151707903945	0.219830304465409
-1.42587252432994	1.41784078320038
-0.309650889788138	0.156251887936455
1.58993457430386	1.35728455023435
0.483277396002401	0.26642843753064
-0.0947689662371137	0.0457323898185289
1.29253600539597	1.11608228283446
-0.420359368074814	0.305911330666536
-1.25984505854552	1.27749493100546
0.49898581384108	0.371344580578151
0.922417296933475	0.705338441312157
-1.18205712599217	1.14461310713551
-0.185634023987402	0.114167843383547
-0.623390461409822	0.40140560036881
0.103749579097288	0.0577972858773591
-0.458009690046435	0.197278677552576
0.0839044302801754	0.0442091016744095
-0.0762832990445914	0.0389109469019714
0.269317053661199	0.143536616620319
-0.413243153281691	0.303375129342619
-0.523279407757868	0.408226982265653
-1.23413030223605	1.08582881621194
0.0238163798932288	0.0150092473292742
-0.541982668439869	0.375876105595003
0.0940314621932237	0.0569392840806081
-1.17838029344142	1.14384229271806
-1.96607814100772	2.31011198022427
0.0959614292908302	0.0589831665243775
-2.28064086440422	2.65009719209004
0.325061286798033	0.24660956124183
-0.258928280184895	0.180613665393849
-0.54386846260687	0.374295127248415
0.81693625548731	0.789527573212693
0.770003461881433	0.648677534217164
0.717620495648414	0.410826767707317
-0.468473451099187	0.262308622968536
-0.254070078816476	0.17126045596833
-0.25074977394929	0.20008515369509
-0.409427890216838	0.254375674056466
-0.420458741514466	0.485129794840403
-0.470062425221932	0.601228076333728
-0.807177382988884	1.26011298765622
0.272738234667998	0.261919799507235
0.347259761862822	0.406880301294907
-0.102397644756179	0.0683426638284649
-3.50037543582161	3.56684719428244
-0.0356894607047245	0.0203596545467096
-0.690021855625762	0.567387962959673
0.672685716126451	0.611263704125346
-0.772443104198064	0.732779175728685
0.106315248719224	0.0689411589369853
0.602159041092911	0.480551269779817
-0.222264567019289	0.158874089648004
-0.779273452128942	0.752085597853123
0.233601171223935	0.143668876554525
-0.906979959596938	1.0506308985529
0.123628684122894	0.0878907185485369
0.72656892250766	0.624708664416368
-0.449895960692033	0.363327114014678
-0.532070083467964	0.355280743894294
-1.42955795207716	1.42233720322607
0.296639943108476	0.146678685268268
-0.217931167031813	0.151368434526764
-0.483225771794664	0.427248279412329
-0.102643969004307	0.0477900702465101
-0.191901666899201	0.115695694667619
0.551528356309175	0.493109661513239
-0.866038532714704	0.750518615830875
-1.41674705702753	1.16133399002277
-1.09318057780598	1.25483928031374
0.0753430608079194	0.0342675486643227
0.0986561029084911	0.0609377102747761
0.436388151664975	0.253038849752861
0.649036966478315	0.61265520736748
-0.40682044071404	0.337223037013112
-0.354130711287394	0.260173010223129
-0.509336717989054	0.407671570822786
0.3187896110559	0.25619875506703
-0.27713598485679	0.211712315802427
-1.17413575440342	1.13415791613988
0.0896189635825936	0.0493500814721005
-1.12657256878567	0.906705843582586
-0.773114232718318	0.732916892085586
0.229831589119749	0.15021703617766
-0.501932664905157	0.572139290731228
-0.491851873201369	0.627179372923075
0.846672998836909	1.60966746960901
-0.427529593265038	0.694740737272651
-0.475066365640355	0.512888709596014
-0.25968255157298	0.317414655412382
-0.0587134907292214	0.0404578161098774
0.474220818970483	0.451487556529932
-0.419470522549971	0.304675044965994
0.206284866631621	0.157651871064938
0.11994598881841	0.0872304043001226
-0.419425162963948	0.303107242024761
-0.149926131075416	0.0930375303805212
0.819244112164276	0.788152794763113
-0.61425926585065	0.554822720332917
-0.0844761750950282	0.0563873803241925
-0.58346602507561	0.447653988269572
0.284145960981067	0.253649993705206
-0.320147657887151	0.246641701563691
0.38580561258626	0.355386180685154
0.548540485622641	0.483283219935552
0.498020383117393	0.462355538650785
-0.601557536181484	0.515268989158215
0.000411743490785969	0.000209727939454379
-0.138214697269357	0.103137972946906
-0.644765784551929	0.645639021989171
-0.676117005797844	0.800342630012509
0.332336189004817	0.246743088652811
-0.294183523990464	0.225993222313543
-1.03106771603141	1.07047046466655
-0.766598095619734	0.684112573225611
-0.564102393541364	0.610237380002282
-0.0906738422076134	0.0706976262840346
-0.940829286001517	0.962433882973196
-0.541517303908484	0.376562440990382
-0.765648439493638	0.72194423307713
0.256840446710977	0.275833961869306
0.0310616139332015	0.0215942430006275
-0.704054184469391	0.696277336633871
-0.777459701815097	0.864290010469206
-0.691324103815568	0.910910408748848
-0.506635072140796	0.393035152734056
-1.54798979346815	1.06380991316567
-0.774654994516387	0.625664114449938
-0.110335333367607	0.109950505480245
-0.574553499733561	1.20132286214091
-0.219575964557578	0.349701072296972
-0.039619680010876	0.0262662496953424
-0.0573828354312337	0.0654501659634969
-0.3155033438447	0.163696479613603
-0.129057455048332	0.0565397756761466
0.720567680310705	0.417217167384954
0.0791899075806266	0.0348146367445876
0.245111031032999	0.141895817003077
0.635110658579406	0.391597854260817
0.289972665899223	0.136338561525095
-0.0593122126490945	0.0330083561453392
-1.33300471929087	1.23097681268649
0.228828975412338	0.146770068912696
1.01215488112041	0.589459880045678
0.216035584580133	0.149535066415452
0.264158566216513	0.136208239109063
-0.774324822328646	0.620242433402468
-0.190530936676617	0.114246169377532
0.570510822820868	0.378330653288851
-0.856137565163075	0.708809902172306
0.473472462369252	0.373294630571704
-0.075627347505681	0.0393531302056472
-0.200280607478346	0.119969601431955
0.541147005314334	0.375366245691887
1.45882580691649	1.19389758462944
0.22150751536338	0.141933819484884
-1.66659700602543	1.27808021323747
-0.613189928340678	0.386426059606431
-0.876502743167011	0.580279579525329
-0.842654870182379	0.380291924149103
-0.459261122862002	0.202488192442441
-0.31639766037367	0.161691140499146
-1.29376964752149	0.952850240673951
-1.01253853377949	1.05832119720546
0.616280706958723	0.609371375400103
0.375940703938543	0.2531771698048
0.091924334125052	0.0558971997220259
-1.30047008208829	0.988661257510078
-1.5398173870424	1.32916904936972
-0.123734021526881	0.0564583834825327
0.770631959353878	0.817462777110365
0.0847401053216165	0.0285565598981547
-0.208476393566103	0.0783708850945527
1.0492966765884	0.878444804455743
-0.553591823013568	0.298468877549227
-0.307006883380506	0.228459215292352
-0.846892608981092	0.922384007606082
1.10014846486201	1.23228574778916
-0.754411595173391	0.541153160694138
0.444963526444941	0.362675722361931
0.383127861554278	0.238953670832594
-1.35239024744876	1.82840794310458
-0.0370063561913393	0.0213006892331627
0.492397440076567	0.370518281614496
-0.457681703370727	0.375431005887565
-1.01358732234055	1.28850539974264
-0.415156847312475	0.304260497005555
-0.752771935750682	0.525756355834211
-0.418586021470628	0.250594210029859
0.0958285344296365	0.0550419616449065
0.838529903170921	0.671952146564912
0.375923769679018	0.205181332286991
-0.26627707064783	0.182490151011643
0.527010833900328	0.374806880407883
0.23786297605007	0.151592632187241
0.0313014231178972	0.0207196892721347
-0.132039374366989	0.0848166189559336
0.977640657790671	0.973759080474729
0.100120256455071	0.061901918380297
0.492669377172665	0.469530079035931
0.413274148062634	0.35928336729239
-0.999358451495546	1.16160299881518
0.136184006336551	0.117780924794187
0.124263166619868	0.104659052857207
0.289008447148456	0.261824054270972
-0.537539661319077	0.603345632740153
0.375352032590264	0.420740730839458
0.693646540384554	1.03856588996679
0.275568943526922	0.271809770416422
-0.18716124706637	0.200054927441165
-0.0489679453730286	0.0401636849563477
-0.412930682808146	0.492135078077663
0.0837685200650457	0.0753451912950141
0.442820515529033	0.441632852389289
0.478332792787865	0.525633415727201
0.679914877672249	0.863638434232321
0.285366386052236	0.263498765760302
0.405923224120546	0.429991975682055
0.791848111954455	1.01603887589674
-0.589239303648278	0.600410225537775
0.263002926098862	0.257981056795312
-0.720495613343945	0.753776799021506
0.542757743873857	0.564596853424837
-0.246942972796187	0.235520628283725
0.127206407380649	0.100728392675126
-1.07402348078931	1.64493815182443
-0.104715132161727	0.087071207481729
0.0559514001319595	0.041529593701755
-0.0762233768897073	0.060878721629989
0.156695451461789	0.150254530714131
0.55625958212943	0.609486534228485
-0.214230151060616	0.240560092571409
-0.061850326999711	0.043448805734441
-0.875864094706227	1.39429408373049
0.290911471251356	0.274175841500763
0.208237295698972	0.171662492452816
-0.113108636157762	0.106939252625836
0.135133213398485	0.101132678788898
-0.0606978034594092	0.0537006142488033
0.0644468325275864	0.048080912023364
0.0669170772772196	0.0514667221068202
0.570553735240747	0.724148457660791
-0.0630355881573698	0.0505192926786978
0.0127725607191901	0.010097921714583
0.00919322512157404	0.00665891417001454
0.739509977967156	0.868416480654922
0.696078940048657	0.729346478819927
0.102693077918846	0.09560448737834
0.0169545748214187	0.0129467675755329
-0.0249035341229814	0.0182841714785632
-0.489880371261105	0.488814820624676
-0.438429280367562	0.494580318430275
0.548479565215964	0.635944493947849
0.416311555692661	0.449344990447298
-0.433118144336595	0.450416095256383
-0.10356052846634	0.0899451681837074
0.0796259277327126	0.0672998399759736
-0.961133447274678	1.24065608054661
-0.272805935915659	0.254844821971078
0.429324465077127	0.489615155393987
-0.28041721423997	0.437244930957629
-0.28350410716038	0.432466355995987
-0.175713655032467	0.284741486068541
-0.771125347727914	0.617309475739162
-1.02203176003465	1.08714064461086
0.0268051319623896	0.0169724585531539
-0.480626126889643	0.413536712775132
0.820117336348028	0.78664981572787
-0.109757298426187	0.0842899304299548
0.366899880962737	0.353367733774331
-0.503825783825965	0.513222822247939
-0.620215095299909	0.577105205774321
0.129564948183866	0.0901466197370586
0.0844140971416935	0.0701327562300179
-0.395603393789636	0.405802621463102
0.612431939407573	0.673870288431417
-0.0182902618176191	0.0131690492322183
0.551206954923287	0.577839542701807
-0.403195984098711	0.366844065515381
0.133034970400375	0.0964975613353745
-0.0221459762902721	0.0157461193769155
0.136975132402177	0.0954633644396611
-0.400238752508134	0.355870892668977
-0.166057959765703	0.1335654526661
0.734754138778967	0.812760450338769
-0.0596485849158763	0.0411371613351623
0.214501689697501	0.19890479549282
0.307961510115275	0.264180819864369
0.0341155599270145	0.0237790857896462
-0.343498802228295	0.319568940881236
0.899119311895534	1.17034793147824
-0.222763552046707	0.181307888871918
0.502789405195777	0.548446095478886
0.29076266848358	0.248792351601494
-0.542940404992888	1.2096635353166
-0.35391581848008	0.723177003335504
0.00170174879338369	0.000976337322475466
-0.092849148141655	0.0619204299078219
0.122362048274121	0.0829603741324401
1.03793627108219	0.733629029387264
0.224039642593589	0.14560637059541
-0.405888799375623	0.338976517842012
0.98073196557868	0.957366361162674
0.0136964860400848	0.00871188640590341
-0.198441227877428	0.143575355622688
0.0161612260084029	0.0103107856147492
0.495909005330704	0.445934372100969
0.492583842751315	0.479337604765167
1.04738100984542	1.42349826816663
-0.107216573403706	0.0706537641508627
-0.198765311224542	0.141576925052511
0.0256967744149348	0.0171878044198094
-1.63471329602003	2.15217542219471
-0.263982312839018	0.143546621216154
0.586533874212502	0.57259659207128
-0.213989754773469	0.146467155690714
-0.264594518664577	0.183968933009606
0.4122111593723	0.358077957274175
0.367645827009191	0.243340966726412
0.769727331652932	0.758854540514484
0.580263082667788	0.501244111105432
1.05801445033933	0.989055597334995
0.117110675225567	0.0783779460173018
-0.539124622095848	0.357454170244684
-1.32859172700815	1.31338788813405
-0.902342568756414	1.05365580062547
0.390611291575881	0.334403452379885
0.33191423416356	0.268157039563486
0.136089812695669	0.100135535464172
-0.125546331758662	0.0822760506889803
0.0597283610484467	0.0689038529328388
0.0434342168829149	0.0540294740228906
-0.258723922944969	0.510023089746154
-0.363301700120703	0.272711546570847
0.298558861823592	0.26087453316259
-0.273651755766855	0.212158177755951
-0.0444945828875092	0.0253091060634736
-0.223963501428466	0.127851561017079
0.774342918618862	0.777749708676479
-0.0367017799623373	0.0263765735325687
0.511434286669488	0.475334039087687
0.527052150416891	0.473829805123442
0.158933560177615	0.132944038058781
0.423556254886751	0.432875185669199
0.326616361847883	0.339859509108746
-1.22675140347305	1.49392116249842
0.507412149301768	0.472255079945837
0.892568431491536	1.35299606318361
-1.9750079183651	2.35907898292803
0.388388069303739	0.358675058438301
0.643621759402455	0.712330813728552
0.140247276451485	0.110466225207858
0.297848430363697	0.264418442096771
-0.927224069377521	0.972876987880613
-0.375218602971579	0.337109003936639
-0.959254542293991	0.908869431307911
1.26385581847725	1.219677091481
-0.152723369200675	0.124775885905774
0.0239889211033829	0.01561539868741
0.339545074825298	0.254461574558894
-0.705032638234135	0.704796498038493
0.0889335686140677	0.0478342017311231
-0.455588771769017	0.526016315498995
0.793431823379131	1.01693526254734
0.706353649526291	0.805033843720281
-0.160008350296708	0.135080085806289
0.34942637640503	0.250586307704128
-0.0999982015629926	0.0926971261019354
-0.193220315265794	0.230692337038494
-0.282843885753863	0.262908070215127
-0.241081873648756	0.296211497782923
-0.586027965388523	0.986532399185083
-0.236834400879779	0.310446207402003
0.529859743024506	0.704941255490985
0.367337190316475	0.514736748909784
-0.221267277404273	0.284921737360805
-0.198000270573383	0.248397162805028
-0.107853830021824	0.110395270140817
-0.0505184717125969	0.0528407342540664
-0.88768472355645	1.50549314058945
-0.460837458314323	0.559021824139586
-0.469609475823166	0.539660110348384
0.249426129535367	0.276091840412821
0.506733831439431	0.830443835393586
-0.398958230708552	0.561213409899349
-0.144460666340726	0.148306135181553
-0.332259218532072	0.38893657261673
0.0066529997988485	0.00585119437044845
-0.0727266495278122	0.0682761437527354
0.101659409771963	0.0870208906295574
0.354474814944008	0.45123714790184
0.245301668204474	0.308168712019425
0.3463262226384	0.416677101158466
-0.181097698270145	0.193174665521364
0.324417329211176	0.364602581052296
-0.622126035525583	1.01453446816889
0.103496502234559	0.102737189921448
-0.175916834835647	0.166006081397203
0.259717763537273	0.307227815480731
-0.749668763215929	1.09563566949681
-0.0194061560172228	0.0164397762569403
0.492379122006338	0.703345537188365
-0.234733454509105	0.306607530334711
-0.0386229329592407	0.0376312386975988
0.17355449917493	0.183618243944542
-0.144207338956315	0.145172962099533
-0.214137790973396	0.193523119402178
-0.150162144668471	0.147455309768981
0.625266873824703	0.916022241562035
-0.492127641256733	0.774008786601412
0.574902135791131	0.829421531913818
0.665110068904713	0.884552217514576
-0.291622163366436	0.357475126535048
-0.288670508414328	0.30292560364386
-0.154357967988555	0.175286632621442
0.347547282646967	0.3282239131018
0.750541159553451	1.06996061143984
0.0698118986308601	0.0684891504045788
0.563982724012865	0.784024630033336
-0.441422634638954	0.719188834349095
-0.198282862491023	0.236009366097322
-0.460049628553113	0.626477472937227
-0.295135269293609	0.379154525018059
-0.279270256862492	0.358522168082305
0.374517387994265	0.601648611819645
-0.346786774430718	0.474840612306539
0.304576451136782	0.418965639558536
-0.221953140557306	0.275397551839273
-0.23622669046112	0.289907528416242
-0.604859927247072	1.06073024776942
-0.164416273811819	0.17506517291365
-0.524568317026821	0.812880788737966
0.145805455463073	0.16578579299412
-0.213784172545205	0.263344417496225
-0.390623383778214	0.561320429520668
1.01746925786649	2.01680438212138
-0.245844159167095	0.31717609478044
0.0896101419096463	0.0952409836425301
0.416326405068234	0.6581426093573
0.576291729402737	0.822202647639639
-0.63873932155214	1.03740867473175
-0.195699880527487	0.267931330409934
0.167391163514777	0.20177968103693
-0.0346478987156162	0.0350911703403205
-0.0841071493059759	0.0928523440588165
-0.494437000360637	0.753467890883978
-0.063866631606631	0.0622339057165071
-0.620199951395974	0.901796399392758
-0.401380708019421	0.613294804272194
-0.24637873875524	0.316104713688721
0.152460428805163	0.1969238782667
0.685038659333826	1.30717149618559
-0.13594704104843	0.150839704590307
-0.894655119926754	1.98540608754086
-0.413744489624613	0.807029038368465
-0.270082689425583	0.314637281478678
-0.15778628321851	0.131606899168827
-0.133390261204648	0.134516991725354
0.56346853018055	0.734888554113696
-0.0460730684582773	0.0376985572880175
-0.160152027081021	0.240956368681491
0.156031041074282	0.199991427394422
-0.129823049304489	0.177975613491346
-0.427929388000836	0.800451076768377
0.130892857628351	0.164734906625755
-0.24839543237518	0.306705934685972
0.240793451574316	0.310207611392856
-0.413657899714878	0.556049790129357
0.598695617070985	1.10232032128502
0.162609823237184	0.184525904581242
0.169239344424025	0.194730567818515
0.352934897623736	0.496116629431215
-0.076181325634541	0.0843782955922437
0.269053077537389	0.367715214275149
-0.172384885086832	0.192630133018001
-0.148067132678116	0.170552935810719
-0.480576410514756	0.805907036234494
-0.118648780935585	0.146196940864561
-0.145739493201302	0.152910696818126
0.260331114952478	0.300236303992107
-0.633052370783008	1.18707823690338
-0.331183292753084	0.460699506324198
0.504952605371848	0.838589985773398
0.179990219651725	0.212403765902811
-0.364351714909565	0.472972044820819
0.210315791823946	0.251718981532386
-0.417633342669579	0.722764833584694
0.00296094301787579	0.00299982157029536
-0.038647286282463	0.0465996405461672
-0.481902693838428	0.962077202028037
0.360083836047229	0.530097928359763
-0.616794734054729	1.00081053111253
-0.23574156335687	0.355220517115215
-0.309878389514955	0.495293084431648
-0.360374214388105	0.471213686879947
-0.651163783516031	0.942575069869554
0.176846018746366	0.241874724752857
-0.350823872603047	0.658200215629623
0.0426421875278374	0.0484748288143828
-0.17982495389355	0.240417441187323
-0.356630010422597	0.540576870575255
-0.148487576255133	0.197022734521953
-0.197457898353866	0.244254027848793
-0.106721073645358	0.131326021077356
-0.282678243601671	0.418605243142558
-0.015882296778442	0.0161268695700421
-0.508701756156826	0.959509441028917
-0.623191251308213	1.17503970333732
-0.00864029352226619	0.00881922230039022
0.50791672032562	0.906665861805953
-0.233650595775461	0.315000056943952
-0.0811750528474987	0.0856013572439915
0.0869452518435955	0.0888272450369295
0.138363555593121	0.170987883117596
0.369910659005953	0.596876821999158
-0.384888478864135	0.542759804055045
0.074791862035568	0.0863437563691856
-0.234239370204638	0.315759947540868
0.127578529497174	0.166432477441709
-0.244740952215347	0.334465155981655
0.137443962734113	0.167287547373951
0.575884595788464	0.988113129878393
0.21239983249047	0.265436802353509
-0.440447520284259	0.66275421453979
-0.0744321824536187	0.0843055049162878
-0.35873255122503	0.511340180559865
-1.05091890975717	2.94419096875564
-0.574617448605765	1.21274477572279
0.374718557626616	0.625028029060042
-0.475730423902078	0.671793170796254
-0.119123230919273	0.101897903460495
0.292525403707222	0.375787968908868
-0.0824311374095193	0.0725157829231877
-0.278853575511281	0.464718234284198
0.0528561859821981	0.0583545156463652
0.141624465796712	0.184054208343237
-0.563193914610338	0.944115277325879
-0.181591712849572	0.218911635215775
-0.196488046091906	0.252207558518456
-0.159214204347626	0.211757254935502
-0.390969974697206	0.647278625054019
0.13144316154545	0.158981847842104
-0.278613835249586	0.388663228411925
-0.442614780908417	0.786994849144143
0.423075701509422	0.700629959626833
-0.0623151607510095	0.0709134187062228
-0.363816495599285	0.546600393100346
-0.538022596262123	0.805849640944905
0.568050229573107	0.996945252652757
0.119090174024959	0.138996317874501
0.202011078489954	0.232706214919531
0.243966222207836	0.276868522321795
-0.253456080443489	0.351085861673543
-0.200673706926461	0.277002677231521
-0.169404797913505	0.200759056511049
0.125793694698454	0.143656711909162
0.171680572080075	0.198288923136467
0.500667362175248	0.860977498860345
-0.0624433955514489	0.0690546711679857
-0.530494571769347	0.786389059478864
0.060987310367018	0.0688330258838594
-0.347614457717269	0.582627105784507
0.265727524448859	0.37993093829601
0.608947257331686	1.15962155662676
-0.30303100842696	0.326023112101681
-0.304185395354553	0.328542356150631
-0.643507918563271	0.912975211439834
-0.118188452382926	0.119389350571314
0.298262961683871	0.407554691949158
-0.202162259608961	0.248865329006407
-0.224769090687067	0.319145027892635
0.235798594605846	0.30710328195567
0.135016852525821	0.149463297558066
-0.181224126918131	0.212028289893885
-0.492611564571326	0.743609511660267
0.0386454742774208	0.0385713468852836
-0.0866921351902084	0.0903553661060909
0.128487743552674	0.150496301529216
-0.0588198567192308	0.0628733152330521
0.605613277292319	0.909342500807941
0.529401532204854	0.784732320236997
0.0456731612617894	0.0483532072745682
0.878452283694135	1.6482042188876
-0.13727643411669	0.155402193662139
0.290159359524332	0.372401560081251
0.480114696109305	0.76181986175167
-0.289240966976519	0.39364016979262
-0.263004735143139	0.29612854029132
0.0608993408589355	0.0659478306887227
0.989414818220367	1.96298285439219
0.0928137576206955	0.103091263793932
-1.09967400526998	1.96836928842451
-0.769169737513804	1.4455870845312
-0.265213106883586	0.318270762672609
-0.142857625689381	0.151514409872803
-0.14044594694643	0.169625112101698
-0.117658844343223	0.120946648775911
-0.175859592790224	0.218259525659621
0.358379432040938	0.547622352465647
-0.554332200153297	0.566478128444274
0.214887923913193	0.187293106481768
-0.967214346358594	1.58097784757934
-0.203379491526869	0.228234221044763
0.126350545671897	0.142532283420986
-0.0714769725412436	0.081318944342325
0.31262567003511	0.3695373011903
-0.296850723234942	0.319645983315478
-0.145470782118035	0.135615215501211
0.125155612382076	0.102859751363056
0.323177915344027	0.341134361369702
-0.843753933119366	1.23823488265086
-0.183153411138637	0.178003711168602
-0.0895940370596085	0.0687177331379369
0.0767167878943736	0.0620886212697131
0.077579358420831	0.0675785385366216
0.072982297900584	0.0604062750182017
0.504588674801558	0.621470091521154
-0.313363996473157	0.359023207748424
0.260335936024965	0.284046451236938
0.736958594417865	1.15691734675868
0.875971310921478	1.19609901647251
0.873044836689427	1.24536461940713
-0.236727292877959	0.218356018644738
-0.684947027588586	0.987472177914882
0.678584846817226	1.09937271694934
0.498805796993798	0.704722470879207
0.140456889293205	0.114797388053701
0.191908032091695	0.200810030156441
-0.186036213181218	0.178011196522931
0.0780313265053166	0.0648667320806717
0.111371588065932	0.100215353955641
-0.556631905902251	0.300994230819094
-0.523105554497382	0.491709932331283
-0.257731695846592	0.175460542955536
-0.0263029663255272	0.0382269858186446
-0.106507278377492	0.109092113451383
0.268747123519676	0.559329313067004
-0.582992202213835	0.642019400514942
-0.516668003554602	0.498099512622639
0.136979888810123	0.113844091350647
-0.410663374841948	0.401451721973023
0.0178031994099376	0.01113286438649
0.217736812454598	0.145929686295739
-0.178001375672518	0.147713307063216
-0.712434686169232	0.760468408267041
0.733157513596553	0.79721084726607
0.449488885632204	0.451362173837208
-0.730788227411151	0.862476016541033
0.771337412357021	0.883006581648701
0.154034442458891	0.130874179513694
0.225191720135669	0.190232724204692
-1.16104267943373	1.58079779574891
-0.0973674277285895	0.0611853982192529
0.977795013508362	1.42590871763593
0.349112989163121	0.260409218205096
0.670005680648619	0.711902514637505
0.0467642548607857	0.0409074348735442
-0.0145830045702934	0.0107402798302526
-0.92618804184359	0.987856302045619
-1.04204061676115	1.30212584070142
1.10644891857839	1.46677196116392
-0.191367713721288	0.172900769344871
0.638807525542558	0.968767488148381
-0.267818507500194	0.267238518519682
0.0734670062878283	0.0559125802429742
0.280983828763686	0.266501977818274
0.585478968040608	0.494580489300495
-0.605255317962852	0.803902878904817
-0.608729141497629	0.661933818329946
0.67721742959106	0.842209341683607
-0.641797873944793	0.878074404260804
-0.298794781645134	0.386059720421677
0.209174350255305	0.278917941665372
-0.454828562518412	0.657562177472433
-0.0526624584697825	0.0558295240547045
0.422821491980026	0.598778901742973
0.756205034881582	0.999785698875658
0.198746097175195	0.225750357588124
-0.0731391149753367	0.0655929244062163
-0.118364075991483	0.100418785918072
-0.183489789220335	0.16654930471199
-0.615431153175889	0.826629959231458
-0.666350432190229	0.921738603274464
-0.623972051465615	0.871493371175319
-0.444728616293334	0.537018827620175
0.16765838684842	0.168298616858288
-0.0669243457350753	0.060976629368114
-0.272743671160392	0.321441412226496
0.211346528555611	0.227023299427776
-0.358142849477594	0.449811526914928
0.21311023893361	0.199918502139246
0.204858793575762	0.215887869110728
0.0481583865153352	0.0430728929001267
-0.046593209497539	0.0388835963805939
0.723540623833569	1.05490879136358
-0.230303952549378	0.240996218312783
-0.254427090406158	0.26541061219078
-0.172065485266973	0.152324116059825
0.754666992347492	1.31455318164488
-0.14176458807352	0.143070008160328
-0.111048775839509	0.0998758560602169
0.05017529992305	0.0428403289997369
-0.187580478852249	0.212896416280836
0.472180766719388	0.590257258145973
-0.118326011334633	0.112726452469481
0.595198883450853	0.730139071084664
0.136286131794091	0.122688439557619
0.0563593003062799	0.0551951064533481
0.286705058232399	0.355517856729841
-0.314006812109837	0.458196260593874
-0.0443881782334156	0.0464535184147073
-0.172743461088463	0.159183664595958
0.688378366813105	0.942151835679278
0.614746847247597	1.05848429019063
0.0722271600614465	0.073275987870078
0.255073485424638	0.293557524098061
-0.071319500096355	0.0553792158045509
0.2743322660373	0.31055138433268
0.40218724854177	0.47281404723541
0.254147358888719	0.296976929300148
0.424064242555339	0.495088343426955
-0.230599310420062	0.225503986718362
-0.553520771890245	0.6502672349372
0.195011906907494	0.212021198761491
0.667128079803977	0.864592913094312
-0.123851409924494	0.105706019099441
0.0306494020401317	0.0288384002365355
0.332146734298606	0.432044758102249
-0.0056885495615382	0.00408925914231924
0.215872208700236	0.215062361108756
0.639967861874843	0.912907559474518
-0.0119182612629467	0.00979279705088923
0.489261943150682	0.698640531507244
0.827943574617779	1.21170714218009
-0.371876067379217	0.438381571492025
-0.314807154821545	0.325976345508727
1.04266477873071	1.65911205757315
-0.279776600501684	0.286158312428232
0.146076060981158	0.136242926660719
0.675652903398035	1.08912908353476
0.26724441496014	0.279023079379684
0.0784279242541101	0.0781499787945977
-0.375382130884102	0.49203418478409
-0.0914245496076366	0.0814147108254951
0.121117286462285	0.125961749177888
-0.0287086753035862	0.0209491038317674
0.622298491414492	0.682426382364859
0.286485513473611	0.321647935221262
0.698680675535798	1.33524182883938
0.0295272792426469	0.0334455570676354
1.01867787747249	2.10201728957841
0.176856331859405	0.181366900651831
0.510856642835593	0.760185685058107
0.341026693396668	0.446622563139918
-0.404589632225642	0.515642610108915
0.236113486498109	0.261083041432553
0.908808250739267	1.39980948599443
-0.84250711535138	1.15569042804838
-0.207407340091015	0.199119266755096
-0.304886730922135	0.310274713180292
0.275596175251337	0.261394840698646
-0.279580412973476	0.318483031793618
-0.24923605828378	0.290679500005645
-0.516855790687488	0.587036457549654
0.369159732908659	0.422319823081515
0.211824595197108	0.213771672688528
0.209000585419792	0.215756889212965
-0.253712743831059	0.257974105848879
-0.0797894739786226	0.0705342244514244
0.0786919043943324	0.0637699433671335
-0.677780102053558	0.881394964616425
-0.0396352570805954	0.0285957958082796
0.377610192158442	0.444185135804747
-1.20849554904429	2.10908472561797
-0.745687808010606	1.00316221787687
-0.140835104783559	0.118952787660878
0.319485402033866	0.350344012862802
0.780017068422039	1.22272188131983
-0.163329247707786	0.167235038885587
0.434660575082834	0.517636201330695
-0.0355597241579834	0.0291636772858547
-0.14797142625285	0.147360178590013
0.447518136120322	0.621037512170702
0.0402644425447476	0.034876829612902
0.140845031981896	0.111738470688584
-0.478196291680599	0.45510444867616
-0.247222829550888	0.215662523342113
-0.266361515543153	0.22570386592308
0.917095341420066	2.16832332295673
-0.257518111875805	0.42654585212645
0.34787010819076	0.664676756698107
0.0502840159347028	0.0515094374616149
0.278696145452131	0.52750419099111
0.680059845340564	0.944456008614492
-0.307374979854794	0.255074103338801
-0.0509658166256987	0.0359238621302961
0.583967040088832	0.580027665480641
-0.320863945097557	0.320249314225215
0.56473749023991	0.572059582469626
0.146598216362032	0.132326166831584
0.220877877812429	0.192144024762134
-0.313576658644602	0.295119800707146
-1.03705771912585	1.30449006869706
0.568263704855123	0.583430043763867
-0.09906229921419	0.0753875644706151
0.472972648498365	0.535918609970666
-0.202942549031544	0.195979185726264
-0.00736872219684399	0.00551750345834195
-0.045791737845103	0.03253657738109
0.0194313853498208	0.0154362191632767
0.321748924125971	0.269018421634882
-0.887733767612271	1.2379938155827
0.144110778475899	0.128458473669842
0.464337673992749	0.448324193873558
0.420032974314063	0.432342787967354
0.393736776054206	0.42376157862101
-0.235243049996013	0.200360730701695
0.0371953434589594	0.031634607543947
0.366611283230324	0.354525001762307
0.0260558923050749	0.0174758671090487
1.48412747519373	3.05517443872201
0.046320032559925	0.0409516506022839
0.27621958560565	0.279436611935651
0.292712723959128	0.255175199816838
0.384886617110376	0.352966137292354
-0.051619307257372	0.035209956187842
-0.233344108738676	0.28669147281064
-0.0580203976591106	0.0462166048928083
0.142424877493913	0.154417936242375
-0.195727216284295	0.246131675910252
-0.530988804685957	0.774351535040068
-0.0111582568647237	0.00942231170510144
1.20980688943524	2.22763784143214
0.0825181866648622	0.0683829266167859
-0.107981159442671	0.0828387529621699
-0.489663515058037	0.570937139835875
-0.291128166043391	0.274068101685114
-0.423093893256832	0.46275107842864
-0.0729301318672562	0.0677871583515142
-0.692002884361575	0.857325411562757
-0.131317986722286	0.112324362700963
-0.256478297345598	0.240028338855374
-0.878622996106759	1.28125942946566
-0.106039293858842	0.090002846533832
-0.450090668931838	0.494128510488714
-0.229651236305801	0.219697541612919
0.262337921434047	0.274157685841603
0.21157627836931	0.196298162165621
-0.462836797167843	0.469674756033851
-0.150085235303729	0.151773217817925
-0.747408010058984	1.01817371703577
0.410932331695648	0.441511929142993
-0.187204135451762	0.174399760530977
0.48803276918043	0.605214530310478
-0.276858939645453	0.237799641213022
0.162673330437208	0.154719073663601
0.132078365604394	0.118323525450653
0.202704034749015	0.194294204098549
-0.303825737225361	0.326569730630236
0.617850267274991	0.841448802189354
-0.628107730490204	0.576016912974135
-0.193811546540478	0.199824097117622
-0.0640568590086399	0.0696205077036798
-0.0891668819400059	0.0911331753707089
0.32964464520378	0.459330746461096
0.52225932491797	0.780792711438939
-0.077527821967634	0.0870469070347314
0.168868032110114	0.15991020760925
-0.460994779445286	0.476163470985178
0.290103965261586	0.258319621905346
0.07122505435173	0.0565498580777977
0.678294503517468	0.62805115644628
1.24734644994785	1.3294000859385
0.794084146391771	1.2633613455011
0.453376870233012	0.532864499722813
-0.282060507725779	0.327552910341815
-1.16639035334163	1.60125759458091
-0.046357292257659	0.0416991861442181
-0.4227100863058	0.466810648941858
0.0209527503931109	0.0168309306896313
-0.159428834805887	0.144187925801361
0.101649402597418	0.0930025566527366
-0.145179447249763	0.121747630808105
0.130057731706272	0.0985341822946777
-0.336637944321351	0.276842812399884
0.0228755996660025	0.0190518774379935
-0.268606751398673	0.281578035082182
1.3340820090142	2.20605271203211
-0.0200847368666629	0.0147992505133788
0.653116557463615	0.681953999849753
0.207900287864689	0.204605534337294
0.388996676086108	0.428319423134933
0.343909040250766	0.341442708460282
0.373955084973236	0.430031221329127
0.390442690078267	0.446222130757476
0.285940208745791	0.269753805073827
0.918734826813663	1.13628198515447
-0.466922560947734	0.749187201133048
0.496027464929364	0.858636058291434
0.671662069003174	1.06283621345123
0.563289757555629	0.952975061361949
0.587746667712038	0.739866126790653
1.2248058598056	1.76557612979335
-0.23564483110446	0.163579402379212
-0.0662940751293387	0.0446813199780378
-0.0082007381602958	0.00601187949876889
-0.192487723616805	0.118914664015269
-0.268052789562443	0.183489929318893
-0.084974152554927	0.0653040964183284
-0.332177421563596	0.280599224171627
-0.598667112098874	0.639776547306193
0.206136793721015	0.180421975888995
-0.33180839915851	0.294507893727538
-0.0972510393370393	0.0762992538900332
0.0362270150784404	0.0294528632360572
0.132204644854777	0.0959877761231197
-0.489840810510809	0.538253491762001
0.40503549393746	0.36549410086237
0.215398730999089	0.158799592755511
0.12869937847814	0.104697158998217
-0.203500187518833	0.166967046705969
-0.465070032845874	0.362605417297268
-0.0210494092211561	0.0124127851690934
0.837510427374664	1.28334274696491
0.463011713768583	0.530221497198219
0.574746808414163	0.808981602190327
0.315688270869102	0.266635531419828
0.0968811803381886	0.0609242064328292
0.429301419399974	0.441358290814345
1.30268448417113	1.90472528509056
0.121977901949663	0.13504420323371
0.194497594471788	0.227684451696636
-0.0194752053894374	0.0195411390518927
0.252256713716283	0.259438567979484
-0.314901351097776	0.290736128467389
-0.325763656115461	0.276929124158895
0.124499739091714	0.0909337395026997
0.485946590458584	0.533473349660865
-0.107264380026495	0.0812862111373128
0.0497438085580167	0.0371118590098729
-0.00607908292961127	0.00456178453401386
-0.510996027998101	0.64956465513206
-0.201070279009697	0.164684471444485
-0.518946238106465	0.553053852807441
-0.122469437101081	0.104708684875831
-0.0647786719558113	0.0503622307865398
0.0611654610169092	0.0453164588030092
-0.449504948288486	0.487589187554501
0.386993137942019	0.334392718224145
-0.471544695136931	0.545815423043999
0.281546956972521	0.261123786547787
0.332143194955915	0.333186584724909
0.0385652804279419	0.0251370934520074
0.262732698347587	0.270577047952056
0.141943354026637	0.128068955301954
0.0739510172932975	0.102651165122508
-0.116244564905937	0.109710256279017
-0.131397748971906	0.18151427934937
0.0941918891634843	0.0580129106293122
-0.0513640200660488	0.0277125716359832
-0.857776848124829	0.490843937842596
1.57547895446426	1.35395581089031
-0.455360677439814	0.354051465105711
-0.650171904045076	0.470324728290311
-0.162865708786363	0.136497623102342
-0.870841871433296	0.648381609982183
0.0817060132202377	0.0401169337224652
0.226294812258672	0.168944023948817
0.482104712599874	0.267626242997365
-0.0886712105897822	0.0449708850673472
0.604383928557438	0.488502238309171
0.497311298552972	0.368983204914563
-0.0564865534077156	0.060089138326322
-0.244218068026543	0.350568611569502
-0.366586580357313	0.646841196351856
-0.0384407001155915	0.0352163353732776
0.217202012719534	0.160162922405689
0.114231054476434	0.0730367208584932
-0.133276325549858	0.0854076394397647
0.133803813866059	0.0937769198836613
-0.451711622736563	0.610364387751839
-0.357117903162045	0.519028646246037
-0.178423921602502	0.176996345826915
0.300742914166767	0.563870996528638
0.0210717196011136	0.0141467841760747
-0.164667202307988	0.102604562561276
0.421136162744765	0.248860601206484
-0.035819263244353	0.0207617639168932
-0.990361940644342	1.13081670328234
-0.28610220255714	0.269753130409314
0.138206407326148	0.113686137406074
0.0182851194999714	0.0143475002266201
-0.250354087645341	0.231941316836523
-0.623331979658792	0.824204582399761
-0.771342426976995	0.998028380753876
0.91784088851553	1.08827968154559
0.562277843052898	0.638157683172508
0.00881009904002956	0.0068321561341933
-0.464398926939868	0.512561220312105
0.00727859737329272	0.00550982317044369
0.136979888810123	0.113844091350647
0.200507617460315	0.17983973731901
0.069521958085149	0.057323295510563
0.858250871256926	1.16174567322455
-0.149321756759496	0.112266750165218
-0.127585451585159	0.0957103386235858
0.215558732856352	0.181357736122817
-0.778018316338235	0.825497184108533
-0.1606399725532	0.101849811837264
-0.342213019073674	0.320283888042511
-0.466930877284994	0.901696471242427
-0.200472660701135	0.1786890642235
0.51909293168458	0.526791834306537
0.271706596757033	0.267688224168042
0.705354530708858	0.774745333347245
-0.0850547949206509	0.0663809414108058
-0.147394252747913	0.13879319622295
0.433038572426106	0.529186599092475
-0.343267979985428	0.431400078065695
-0.479775476242377	0.61886967893176
-0.270405752994826	0.343414248105959
-0.127627033518756	0.108815714710972
0.118913710864177	0.0850402139254156
0.00384738899814442	0.00259473528418217
-0.520969694015166	0.492522886483496
-0.108417109459655	0.083427051302095
-0.0168027048332639	0.0121334388032433
-0.293261376171568	0.317549694724191
-0.0617467680357528	0.0431095837658802
0.20358528333291	0.177856375892967
-0.0235758581057539	0.0171248250644533
0.795960564031386	1.15870408925552
0.489931410771817	0.546068583153238
-0.14310580747399	0.114127535775165
0.130194601323037	0.0991488434000635
-0.131813634048618	0.108747771429888
0.0224834567103784	0.0149248509518649
-0.295276427620292	0.392961618003416
-0.0590419168493676	0.0542715000107367
-0.109363909494403	0.107761468355444
-0.176674794256714	0.145958099577756
-0.29729400633583	0.277498837793178
-0.230459333292979	0.222217061031492
-0.270105210664901	0.257733283308845
-0.0977522854264746	0.0764720512374545
0.00547687189756862	0.00438170176070556
-0.147286788269076	0.123535794388063
-0.237996259432797	0.208266006916817
-0.897580902888419	1.13660613179604
-0.498785886500175	0.86314821667183
-0.44399984057541	0.880564733830043
-0.190847013042184	0.347824898315151
-0.439949362829763	0.565243346394266
0.212570782105115	0.154509790259539
-0.357668244314816	0.234080158512533
-0.469364314111305	0.370842857451132
-0.872526623324173	0.756512833935843
-0.0860255916333909	0.0446129659415485
0.615845153962662	0.732318677010591
0.124990623393789	0.100916124255344
-0.390957452786698	0.493429375377631
0.190205717814857	0.223766886713288
-0.224038500257843	0.242838584589768
-0.473719034814904	0.342702300572806
-0.2794175920369	0.352817793071292
-0.751775712713001	0.544876760343341
-0.75060553124184	0.522528743513852
-0.26158494694579	0.179341871429887
-0.16726537487558	0.124098842106055
-0.10029302890009	0.0673623715776354
-0.408520788486382	0.299398559317997
0.418703383131203	0.36912737229003
-0.858364081838603	0.925172239492586
-0.478817074992111	0.279240466259866
-0.298994842957225	0.193648812622403
-0.625253080018939	0.405593864475353
-0.429755072501426	0.408501656161133
-0.230764703976618	0.350522290827336
-0.0672956430207333	0.0651319279765929
-0.0407736809962476	0.0559331966628039
-0.0721241554987858	0.106881140659589
-0.254373656038658	0.303914327687382
-1.26299787622766	1.27969816572977
-0.32739408093031	0.250056097742253
-0.117155529468097	0.0505802445095419
-0.409377558074495	0.244140383617476
0.830335795480678	0.798444554896218
-0.860021664442859	0.817892982383419
0.468201743047533	0.359621909069157
0.131695794987069	0.102984736549395
-0.018725309082979	0.0134651928340311
-0.242028845365815	0.253065556332094
-0.250972557198448	0.312427346598769
-0.09676280077837	0.0823278521130579
-0.401202124840733	0.414907090969722
-0.277838924004505	0.295358438796822
-0.191586826279931	0.135986726597419
-1.19632784639334	1.29413031957965
-0.363232106267283	0.307433351151973
-0.225567927724365	0.1332887242444
-0.194810269882744	0.142201352106956
-0.165008996773444	0.179442883575631
-0.274057968016328	0.365602606349532
-0.452838014034942	0.48852003818778
-0.871470359572999	0.585626813200632
0.720548253076176	0.64107296439305
-0.543222521645277	0.367936443439207
0.0231052604479011	0.0151952899150338
-0.309944960059088	0.210831108303533
-1.28208863059305	1.52605113883676
-0.680786414778424	0.594527063715498
-0.609753194027264	0.516015218340639
-0.131078054024882	0.0833661526948245
-1.12873688812559	1.13738498589575
-0.105136545032824	0.0806544661471685
-0.224683096594277	0.156368286930193
-0.22769817977353	0.133043909783307
-0.187550736262695	0.115331168084153
-0.0993044381643817	0.0654488561497075
-1.59647198651921	1.78766810196712
-0.262193220900853	0.357989462848177
0.0630981454639582	0.0662376869628978
-0.184796572581151	0.322298391242483
-0.22780822478825	0.446945123135349
0.0139809913141538	0.0139590311912925
-1.3372562665112	1.41072922271954
-0.0400174551015479	0.0224794597915923
-0.257885368156725	0.139734013425764
-0.102885784937756	0.0510006185541403
0.0956030417226619	0.0504441657748402
-0.862676220232323	0.815916445294775
0.657551725945941	0.501847831713161
0.230682283905004	0.164409741052319
0.335275147773275	0.243490601816689
0.040571077310208	0.0295801637271643
-0.0746801190775706	0.0567009435159194
0.115247922708755	0.113046566613936
-0.245334264135904	0.313129707629589
-0.146076154729586	0.146643318772917
-0.0735322384245152	0.0650922461318221
0.249054624452219	0.259373597265446
-0.295770297070975	0.25471655423502
-0.406916688741154	0.235883190387438
-1.16330755017974	0.819645309168196
-0.226859772975151	0.154686909500908
-0.234355101097624	0.306534819010468
0.0912510301110608	0.12059902353075
-0.386101634128452	0.707216966190001
-0.116244564905937	0.109710256279017
-0.398403766723244	0.628388364580072
-0.728595754138764	0.435754985330418
-0.517276393669795	0.393210145955958
-0.153448486642815	0.0964874108359535
-0.224449048360703	0.13330390168665
0.126133718659573	0.0987168874051047
-0.59309476881216	0.448222467865038
-0.10696287112685	0.0703647353173088
-0.578412707141376	0.233277715170236
-0.474188234736649	0.271753662302821
-0.313138684890456	0.207809430498817
0.873137825020511	0.920313948577467
-1.11854401049462	0.877561533965434
-0.0799298727871897	0.0394317440219882
-0.534614076101174	0.354338472537673
0.783444868287109	0.536772271173411
-0.865841791691781	0.746717799001281
-0.305810006076325	0.208289285234396
-0.080544515635948	0.0953961214831939
-0.383297258131899	0.574648078213403
0.0630155292695317	0.0739883247142576
-0.234580294383942	0.302807555200932
-0.126216863268263	0.0969223605955301
-0.398033429584902	0.408732662601062
-0.0956757425225451	0.0639868885328288
-0.405083561074954	0.396525564589022
-0.12649151894231	0.0829394811269839
-0.459004794273411	0.498064616331579
-1.04543345547311	0.977917380226229
-0.0675675368196927	0.0456210578793515
1.08082209117624	1.14169591203536
1.04607155234153	1.29866105400389
-0.206543190356607	0.166757730889097
0.213737588432333	0.173935995978272
0.425713269947199	0.421745894446342
0.210800928298564	0.180043587151776
0.774808206363742	0.85144235361401
-0.23948253297226	0.227605169901505
0.870964404741298	1.08206238499988
0.65717189600571	0.513707422040335
-0.507939017735175	0.475975348928042
-0.0721459928153586	0.0365759122312177
-0.132570524838735	0.0851293748467047
-0.28857711911498	0.318105539231263
-0.215042216757075	0.279254870866266
0.153844056966513	0.146623388852854
-0.148690026640721	0.167946816960699
-0.40268468015371	0.33182083754508
-0.369145596844966	0.337379174965934
-0.0148198644118821	0.0107427564437492
-0.602699040637641	0.503492031418655
-0.178001375672518	0.147713307063216
-0.691839466853096	0.600798228771133
-1.39021701196654	0.900407923721556
-0.32875338103529	0.280477292527114
-0.540721120582034	0.376585054154358
-0.706856467896316	0.677688708620525
0.574688599299118	0.579835830311315
0.970208767460333	1.4324095685647
0.217839792740193	0.137899245408178
-0.305267886301509	0.201157109774645
0.212129267742461	0.139261084754347
0.613048486686958	0.493157372888544
-0.98155922934064	0.824044697968643
-0.253452769228685	0.199320964313009
-0.467653294074496	0.328477164524929
-0.0423138212165302	0.0302100470680435
0.946301685559673	0.824805385001664
0.134543203501878	0.0946091905532015
-0.838175475505017	1.03184152670248
0.0415780950872174	0.044861635930894
0.0480902056927744	0.0549973476635785
-0.480005445456648	0.341832289073706
-0.658640187894037	0.475489497631449
-0.514531264027787	0.412338133330015
0.336340941014877	0.237118574704423
-0.519282683743544	0.408032534887257
-0.0797520066088502	0.0407773266145298
-0.126566069976827	0.0970059003911609
-1.34024165672429	1.53342751329085
-0.0805463515194185	0.0411234938137843
-0.0170618526049153	0.0101836842658825
-0.0904858175919022	0.0594966891073436
0.353703898624525	0.247695415321552
0.567777750475607	0.574575584175472
-0.71204941117668	0.725070262208266
-0.0272613376040047	0.0223610224395123
0.3876839307256	0.500353739753471
0.431130677834936	0.583974666601051
-0.169294755107496	0.152882023786945
0.587878802551168	0.674791531391871
0.136849508471593	0.112151842017985
-0.0828329550191045	0.0564658871751994
-0.175823140833869	0.185857097673506
0.291985760413424	0.423300914313428
0.473257914318202	0.602004375801547
0.0399638669884933	0.0390415659689867
-0.416467856916881	0.340218566380443
0.503360769990058	0.476433551550918
0.769271515520279	0.824549612283775
-0.604849001354849	0.500820447514121
0.782702328276856	0.762333828850186
-0.860648386101401	0.827460583749891
-0.472749873882549	0.458994271031649
-0.849452579973495	0.753019954806246
0.0352252038468061	0.0245278826655704
-0.110412146513252	0.0949733493720557
-0.107066444649813	0.0518327469312762
0.281193163728676	0.263925010801213
1.50845408358576	1.5306495534756
-0.14833617197679	0.111107600494768
0.707212711698319	0.513035002154817
0.0873344659121641	0.0473089553164915
-0.142350204126147	0.106076205991206
-0.667005750196926	0.527770915679581
-0.275577747388403	0.236027438101496
-0.201661128806002	0.117381516182025
-0.539787746389281	0.35798857441663
-0.781817050050061	0.764539973844314
-0.563335295204614	0.51481903980974
-0.419137767748404	0.308566234528161
-0.47026833317296	0.448175741017788
-0.0493311800022886	0.0344913157097017
0.412700211096262	0.358440975845288
0.339935389011849	0.340310331324542
0.816961336243759	1.17704301035425
0.412858902072618	0.523105633220355
-0.0133576048382687	0.0146926153091842
0.0774836418870552	0.0767191092242731
-0.118829426160103	0.110864670090143
0.737799202600304	1.04628290590095
-0.780628819139804	0.819087912162627
-0.226827397924117	0.133164655136519
-0.367953006333759	0.271323952062091
-0.323793797315539	0.237612691368546
-0.481780752916943	0.272183166977342
-0.858234992298479	0.474256202162941
-0.459420390950109	0.588601572316242
-0.243339704107861	0.343102061571659
0.151261274062504	0.131899214085314
-0.0249276294720097	0.0252009062084002
-0.521656189313216	0.495846440666815
0.316847197553968	0.271971639435834
-0.123900115149914	0.0913156335060293
-0.045992914001944	0.0261304876670157
-0.164623734911548	0.118426299711991
-0.847687323249653	0.861112343585001
-0.153857287799848	0.0964711171007798
0.127778336537769	0.0905423287453449
-0.017032888067342	0.0100071884469264
-1.26084635008723	1.2480095515488
-0.782409883559439	0.913795099389546
-0.0658992003410915	0.0456871360971424
0.472940064298219	0.361061688920956
0.223290560213718	0.174622712594174
0.836150647652754	1.07445194749274
-0.637101359710962	0.623806239051358
-0.319375459056344	0.242931936580805
-0.593583719412189	0.593152716397705
-0.308784158190262	0.155979250267219
-1.05219377871939	1.02413437879727
-0.773475177500915	0.805876558022996
-0.56328379190989	0.524015359476532
-0.477838863675585	0.46149347158372
-0.41824393717275	0.306567079504939
-0.211686245792991	0.157903112344129
0.161555619348559	0.163850411232707
0.453209361909665	0.510035482075319
0.575184961551728	0.798968212257977
0.792114570000174	1.55138798020756
0.57078998417525	0.738221921878931
-0.11864381496979	0.102326888482829
-0.326628333936512	0.324861711276017
-0.548586784993818	0.630597230404638
0.614064608409579	0.595620040596193
0.0148109344033687	0.00930071945186735
-0.476857966823559	0.329753428323326
-0.281887053118726	0.222601051266228
-0.0994676908534329	0.0638035772912286
-1.08932957094041	1.38236161347462
-0.770066759270895	0.733852639486175
-0.273279372437002	0.21239336616146
-0.343887904502709	0.34105264786021
-0.237433986335257	0.299416279843758
0.387225988856553	0.586560487756483
0.266183166748214	0.402161918032452
0.105444655466529	0.101386640588135
0.38084991615415	0.637343664120179
-0.218394653543393	0.175781209994934
0.589775662544332	0.561268338298987
-0.143318547724646	0.108437668992954
0.499864404745074	0.369369759028346
-0.0712468906504358	0.0482334235051672
-0.481692505531086	0.338053989543148
-0.11547906531122	0.072990669409644
-0.721220484764167	0.805471308013772
-0.277914999320573	0.216761106212571
-0.0866342874679924	0.0663605877972341
-0.550919753905949	0.560460668797582
-0.0161922488459859	0.00971603270896636
0.346981158192118	0.334569693045783
-0.0847752883491326	0.0572204490174985
0.139985606645435	0.109426369023918
0.547174252188624	0.579719192526661
0.640396853291978	0.406095402309846
-0.436397391395303	0.424197337182709
-0.221084141731416	0.197428009869557
-0.365580953001822	0.305440053158361
-0.444454953507404	0.397774623373485
-0.151049912035576	0.138846267915388
1.26732094756596	2.21022886782985
0.0440545887006329	0.0387636248122988
0.372205068378559	0.405860883455892
-0.521296387659564	0.747848456605705
-0.179325749562586	0.176649851929442
-0.202447462403155	0.146091136287504
-1.12161096663162	1.10990853764828
-1.06738880624873	1.88306876299787
-0.135805131661745	0.111068902074368
-0.21374969899377	0.182046114203724
-0.121525733547689	0.0776000042600773
-0.112222368788124	0.0867901128368354
0.0537215001956404	0.0386562421144922
0.130449052708328	0.094560621210332
-0.226826630265479	0.18078049512564
-0.29343501975962	0.250351403438407
0.534614889230465	0.695273844153593
-0.0397260887471395	0.0280674271814545
-0.206777459494405	0.264106708813386
0.131495279924647	0.15160062389679
-0.235642384059003	0.276259184829931
-0.306845520495257	0.428329239454013
-0.822799196258705	1.37796528633514
-1.09138626643458	2.12537675174819
-0.326305754063313	0.393431602222031
-0.0880628226597026	0.0673789604255254
-0.206118839523811	0.179698532970306
-0.468494590788638	0.483578693483758
0.421552865819682	0.43982434510845
-0.16317820205364	0.13024363788895
-1.11602987739739	1.65990235628056
-0.691738713381824	0.864162946634878
0.0177977761291489	0.0136306012001697
-0.447567029846305	0.489020524790628
0.150331390980023	0.128706367923025
-0.930250879865407	1.34590022573729
0.265128128331654	0.273049752937936
0.729170709984996	0.81348923548533
-1.23088505295221	1.88877574706828
-0.0119185009602395	0.00879974637173906
0.384659362127581	0.421300282409353
-0.127239797668171	0.108554158180178
0.0612257379787409	0.0556186425147055
-0.52338678972967	0.545790279649701
-0.248519840571166	0.194967931660969
-0.455351634475761	0.463590152846249
0.20394308681067	0.197887316391166
-0.560248127191598	0.599562199122572
-0.269505428597026	0.227959215814208
0.133577099504894	0.104554628913733
0.0166224928699381	0.0138263050557019
-0.0501763368115876	0.0417148819617772
0.21502238357995	0.172727648204657
0.00527862199684742	0.00358799018430983
0.0755304296016578	0.059717700830944
-1.75282083325044	2.32394065807162
-0.227177892831286	0.220952008308128
-0.541786949498011	0.475283859819012
-0.468152121771459	0.47416434416404
0.147875424364628	0.114023914230471
0.422067893488977	0.409361159411113
-0.101892488798616	0.0683942367984532
0.289826303453924	0.26911583297943
-1.12010234289003	1.76324832093735
0.105247085787291	0.0978766468181868
-0.12297728757833	0.116825119736112
0.62641599214334	0.883086181306574
-1.15985950315305	2.12660559722153
-0.459302174951231	0.624103644457036
-0.127501635637603	0.108716949012007
-0.329354338058771	0.334090112039912
0.805588921132494	0.961094722365342
-0.00497882890441777	0.00371077069872869
-0.197424325375243	0.159664045684538
-0.0846331670536367	0.0654178856182562
-0.0493496639153785	0.0344739638487772
-0.317085476073491	0.362546195187804
-0.227282814966874	0.202142621847179
0.288679718148227	0.273230537314537
1.07129932311871	1.54924574310642
-0.278394538917202	0.213625921749569
0.00193457915103987	0.00142495707470888
0.0777972721985507	0.0647660427242159
-0.0317888048240068	0.0259086921394428
-0.295408081092581	0.252554250924784
-0.294146212522623	0.270584347123597
0.466191130281257	0.49568378308452
-0.341848792068102	0.318951778780322
0.000331074179739844	0.000431932166351741
-0.0775004011393585	0.061692026872572
-0.439240036078215	0.430958372124238
-0.121772613842041	0.103802415921496
-0.278092158738409	0.279755142243767
-0.336914634147874	0.330591366229522
-0.406623163139153	0.399322703204644
0.380572965189232	0.359878151819028
0.966050876325262	1.16942919204138
-0.260591594026319	0.242038099030741
-0.151819973492166	0.11398985826972
-0.0739123334007192	0.0582196837318803
0.424742132371232	0.492249785292851
0.270243403504894	0.263389012978725
-0.307011820905391	0.346855638950123
-0.0290247322007636	0.0209752862178514
-0.69720159654068	0.857770780297261
-0.852213453001845	0.869232834594358
-0.402783626941825	0.392322878474942
0.0640846392176489	0.0491547180048874
-0.405447210815845	0.413240344601395
-0.00023344950529289	0.000141509665911448
-0.272439222101956	0.205937760899341
0.126891535304746	0.0986839726983886
0.0902550264265983	0.0514300111751955
-0.416280885256688	0.296509717783567
0.224938149953136	0.207143233336788
-0.558245532587205	0.603606795575062
-0.203699048382319	0.249886039008984
-0.459213304307897	0.583671579334729
-0.2785003761294	0.284026454746835
0.920141096177213	1.13689127746865
-0.163911408664789	0.138468675182358
0.386783164709631	0.352376858188686
-0.252757546107997	0.202351134552197
-0.0127278756356574	0.00757378527096816
-0.3824887594904	0.37922973098816
-0.564502722648773	0.593441207494096
-0.438251199969727	0.386181235333404
0.157929203160924	0.13002664603687
-0.108452435183541	0.0836842422454879
0.347458458898771	0.261147712597317
-0.787857307098951	0.984905904865026
-0.918477848721857	1.06965139408403
-0.296150389455496	0.255651202621422
-1.04619958573649	1.28735309440166
-0.307102329289603	0.239698241844596
-0.598527170213704	0.625119527427954
-0.215747450140542	0.192218299610209
-0.96194104019814	1.22334865508937
-0.923898467471139	1.00469190076015
-0.844904038391047	0.924933184900823
-0.407944837343948	0.371006796351482
-0.221100081558521	0.15374670000455
-0.148664825199676	0.126925702688577
-0.480056061524132	0.416930124122732
1.259752265763	1.52262882393417
-0.550919753905949	0.560460668797582
0.236109741321469	0.159718203027159
-0.629745799807662	0.679963270948479
-0.188030707611317	0.16714723907086
0.124806975054992	0.118668395359992
-0.414163918648296	0.446217217571245
-0.0971737817886672	0.0905906998039541
-0.455516543776253	0.56520257470087
-1.01777921811085	1.08569881316535
0.811797188231714	0.888832115782283
0.767122151342269	0.749289078560622
0.545799640849793	0.48150126300421
-0.536167891367063	0.366556513777716
-0.934158687523964	0.855349547254217
-0.0776663432854714	0.0404360676038874
-0.47185470689901	0.258286122138819
0.118417272307978	0.0805492470688305
-0.142052590254264	0.105424202088579
0.457352173350269	0.36778187353602
0.128068081602847	0.150950258576392
-0.13988795532216	0.195904694277954
0.0162043384865289	0.0199951004803239
-0.450743772951597	0.357988532964539
0.630348657798521	0.38338817631058
-0.414543010102533	0.25737828959252
-0.870680171806162	0.592992640693597
0.230336543659933	0.163273764133297
-0.00259626979903357	0.00153537565195451
-0.512575387085907	0.387446399363556
-0.0798088699372991	0.0547512843941117
-0.196415033592161	0.142445655915451
0.296636250428624	0.261976391751495
0.124325999145388	0.0876183126109318
-0.462075659497765	0.366428135472329
0.395465196099652	0.363304458026202
-0.431354749240855	0.418494200174521
-0.262309024017593	0.181562102340957
-0.75106238139102	0.524287455875038
-0.310994724341215	0.23065400194016
-0.998511024230745	1.11487840740993
-1.22629460130931	1.48948072654715
-1.15800114180151	1.35848552973332
-0.453591672372989	0.362029566824886
-0.312510902861166	0.163862890759955
-0.568635348236728	0.537077855319071
-0.489101882469744	0.426187164200153
0.239240171484909	0.310456941191133
-0.129778960114244	0.148678825229456
-0.0450061468516312	0.0457674191738365
-0.593908934658959	0.978285357089363
-0.230372265564204	0.16147479182761
-0.232728957228277	0.134296711529814
-0.259494916912604	0.142183660955489
0.0720501349607978	0.0830789219537838
0.0485046712014228	0.0512583964887012
-0.492557542594373	0.71836648128112
-0.999902290531856	0.721180076811125
-0.871159040721178	0.588795503225941
-0.474995638374246	0.277483243090596
-0.470427427532367	0.266071134010219
0.09172410703497	0.0303618847915087
-0.306873531087373	0.158123119423128
-0.675133994014824	0.341313786925815
0.431743197615739	0.258981978523187
0.62902708154875	0.367650752037247
0.40433562445917	0.356458144309195
0.347186920879068	0.460554048589832
-0.156354702759742	0.222693672475722
-0.248639486619487	0.440003612535527
-0.0685019655584267	0.0461870339956369
-0.717254165610424	0.432927611143602
0.23933250049996	0.135852965685048
1.57932345925085	1.39478454336366
-0.532070083467964	0.355280743894294
0.21753394557386	0.134744258575397
-0.223250758580081	0.154397750802524
-0.0837003457280063	0.0433771663372006
-0.200161568240616	0.161928276579923
-0.306093244698791	0.199611830671623
-0.550165324381126	0.369596697395964
-1.0630793138365	0.996112247941904
0.224517860708854	0.152052090293385
-0.537430379905875	0.368499912180004
0.926341651785713	0.701405285964685
-0.403178819369956	0.286192157241367
0.370755534446998	0.253129550524171
-0.60587727835606	0.522873673940441
0.0864989610620127	0.0473779287029418
-0.407110294245958	0.361134461623909
0.71912995208831	0.410539051970586
-1.73659545864614	1.01896324762178
-1.82490554101666	1.90313369648667
-0.720716688068893	0.443459329996232
-0.516363848351907	0.415067757252184
-0.683745622126702	0.568383440526884
0.10171111270862	0.0630418923247547
-1.74053084119378	1.05741913182326
0.651019855426647	0.495673031204336
0.0347126607320088	0.0439576636726988
-0.150775342541916	0.190977380736506
-0.0688429220673002	0.0860569750444796
-0.273480270884092	0.308503066399779
-0.343326271686086	0.491317583327943
-0.215062706293985	0.397387542780173
-0.629432527004971	0.396656456527636
-0.667391926264002	0.497925394153738
-1.39095033417316	0.903204822344664
-0.0776663432854714	0.0404360676038874
0.107606290108167	0.0641805915426133
-1.15844178403182	0.797864803731009
-0.998194714862801	0.749293541638897
-0.553175341989923	0.300376601934339
0.0873074779770814	0.0335904414683829
-0.160228051617447	0.10235896245896
0.838438444190281	1.46408917820701
-0.0955228398130953	0.125459821317541
0.18104925269478	0.274307051925682
-0.175032983526466	0.129786627326457
-0.378965530736872	0.176376585791949
-0.771125347727914	0.617309475739162
0.525801694916449	0.364692388594931
-1.40021096403223	0.89339931283912
0.541154696164633	0.27881268979787
-0.719838463913536	0.435204851305758
-0.554095200141473	0.354222124537886
0.0764330829132248	0.031615476156065
-0.717178366618591	0.416050577225364
-0.547833131732184	0.360720797824029
-0.110876793854387	0.0530996755494333
-0.0648287711409754	0.0354301316835018
1.05445500419716	1.02120404148639
0.0807811878861236	0.0400332402595579
-0.104710510579786	0.070423519249467
0.341015487908611	0.143774144856944
0.541752946985541	0.273301394316807
0.43184651398743	0.25538791574876
-1.41814392092952	1.65694853284164
-0.060393603713817	0.0332319224938582
0.282733131129322	0.133473272469661
-0.188496859725369	0.1165829287616
0.0764043987414485	0.0384537123413395
-0.356621378572954	0.225123028468052
-0.557055993752723	0.300641295017072
-0.316700151195532	0.159619448568393
0.834190947882805	0.447291625950574
-0.262479773678951	0.141621263547143
-0.62460170360646	0.404856525729307
1.18440256265446	0.784262044859178
0.538857249142598	0.273886682508748
0.722020858940435	0.417183999398403
0.544785099016183	1.04329374370402
0.0945275621789917	0.115287687651849
0.106801041558604	0.147821625124941
-0.37523892561433	0.539229051460893
-0.14824347584583	0.198190323892951
-0.183656647479368	0.259469125617964
-0.24903951255278	0.389212903694409
-0.261473226694092	0.517870429813667
-0.258587809913444	0.178460820731618
-0.779597064126935	0.766786153478237
-0.264562796426061	0.175886406113527
-1.34218784273901	1.47200949224244
-0.622480796384329	0.583587359188346
-0.225233644841839	0.16017167921674
-0.120344998714184	0.0772263181337566
-1.12569009235634	1.42521684845065
-0.781338436606869	0.725327631880311
0.0999467832054898	0.0613421913873427
-0.474775151535772	0.452284132197663
0.799620273807699	1.1113970466793
-0.0738235544143804	0.0835587950140583
-0.531816190056721	0.889326551129712
0.0825007094341302	0.0860025132151053
-0.501072391771087	0.497468173279817
-0.699653797704032	0.677653798617287
-1.03906506242046	1.04559992537038
-0.0607097226148725	0.0423406972715664
-0.881791121360767	0.655949281020394
-0.925583154966175	1.00968572977117
0.216726493937199	0.158493365638507
0.423685693458878	0.371342494335467
0.123177255164538	0.0821683817319527
0.658673969492764	0.686998707348645
0.122816921264432	0.0924181366063861
-0.774901297473082	0.833163195139123
-0.252413879128307	0.195644822958804
-0.544861068829516	0.632213487551945
-0.33960631494019	0.281125290225466
-0.909076597389302	1.09224617413224
-0.160517373808887	0.101149808268449
0.112673861573845	0.0743095277519336
0.362324347375135	0.243679784924235
-0.110767313995582	0.0845632117540242
0.218183473615961	0.17325447984833
-0.16871725766416	0.134746478585543
-0.136223484363705	0.099834399650668
-0.413116177312913	0.342063221373354
0.219403186086609	0.184702036692295
-0.442148858700261	0.387089531814859
-0.0882966634892856	0.0582341692459567
0.0641089710705227	0.0473012405717723
-0.779320489419993	0.82375749784407
0.127498245411368	0.0975204588844456
-0.370293120677392	0.26884014957096
0.829558904192088	0.78545201005979
0.679598409058601	0.615533918674295
0.77368934718503	0.865613072472898
0.316164298202279	0.253052345477838
0.0000677219897961745	0.0000100927467026815
0.0414452169851005	0.0283108754013857
-0.041612117244272	0.0240301931350492
0.331243031576097	0.260324631400341
0.0907915670419818	0.0829186064134937
0.21562313157432	0.233917336450675
-0.260203155436089	0.302974419874813
0.229712390316064	0.29213363590566
-0.248963714495535	0.24937155291315
-0.0419030936454977	0.0542040593276761
-0.299654189672982	0.548792250743304
-0.307956028555298	0.541886449647821
-0.361228669836069	0.230610376704051
-0.85113641371451	0.90884125465866
-0.262452610368871	0.182686813498107
-0.435620476610108	0.443625124809141
0.0995041395202636	0.111683834745925
0.131465595284391	0.152325149649985
0.16977060155884	0.258272491668399
-0.585457999879401	0.980959699016345
-0.715114107665833	0.760430824376036
0.945944158242275	1.0089319440478
-0.362479502843101	0.325693914196524
-1.05488896440352	1.05490571437791
0.0969859864080911	0.0574888238696122
0.322925298803758	0.253277056480944
-0.537872081893098	0.536128496757667
-0.545818061460987	0.557248423118294
0.0581160979714598	0.0445979626484917
-0.153255947805693	0.124727455811872
-0.0538412163816439	0.0433406602804277
-0.406735169224702	0.399994734676375
-0.36218170296231	0.287419246510958
0.985968488446472	1.25433467294066
-0.846405997386092	0.986030571733375
0.219488842752416	0.174369783986738
0.6390647726689	0.608444364598563
-0.22196702419392	0.197394878033468
-0.609829019086931	0.659466091740573
0.591765790445808	0.603025702766803
-0.000105947353061357	0.0000466366576296393
0.134396140749278	0.1076670865271
0.0781701129622241	0.0362208638412199
-0.122465954502636	0.0787137846291782
-0.796574722479144	0.946872603953056
-0.225266625222681	0.1828777868139
-0.266725976591221	0.231255720350241
-0.934648594687447	1.25286101460629
0.142394779178358	0.110266798466661
-0.33272579419942	0.305675886883735
-0.303495535235726	0.262867887251555
-0.368349552880749	0.322758288346794
-1.34458699422149	1.61135101732222
-0.456379691828913	0.357809077268909
-0.215438987147862	0.170118322925262
0.231524521051012	0.179024769478224
1.24705859572042	1.29854683653988
-0.0884561469999754	0.0676072584559389
-0.160626772009627	0.0987256079405161
-0.921982106642015	0.999348282201823
0.0930283622550592	0.0563570843641379
0.732857678034263	0.641187343530735
0.511788984801481	0.676886531778041
-0.146996096808579	0.138509345182491
-0.342794057905407	0.474308318265252
-0.355467941133743	0.50658936540397
-0.13929479459727	0.168716084617864
0.0664982129363951	0.0855697520026406
-0.425715696643519	0.967648785768963
-0.353382622995067	0.663319715303689
-0.954837362978978	0.891233295914745
-1.37137670423523	2.10182911649655
-0.860648386101401	0.827460583749891
-0.936836255475224	0.987906008125467
-0.613954381373645	1.1794308815938
-0.0988337489972604	0.126332844250438
0.0510053721790293	0.0369494837805329
-0.0210153424468412	0.0154829232540736
0.134391845580368	0.10209218353516
-0.395701409072745	0.318694714459478
-0.546407228095779	0.368167156609235
-0.157316259131997	0.111820047325989
-0.0588747202538138	0.0409450527297292
-1.15284287402465	1.55363505518864
0.0283169317102158	0.0189171999644565
0.590232597470742	0.584681776584881
-0.862306145492205	0.9745948265058
0.11828088668791	0.0898191301624696
-0.161811573505207	0.130806313295023
0.380670940247751	0.347141632058882
0.296689090268804	0.268938359052187
1.25942826894213	1.60303438699257
0.572061180644472	0.667090834592144
1.33350624857705	1.67542052175505
0.907678574454548	1.06452227283911
0.591461881239137	0.501140404411537
0.0602565199064786	0.0479380075392196
-0.775854139523944	0.855708680661094
-0.66613978419229	0.492770707184672
0.821375709095033	0.777845962854351
-0.331577682235847	0.246836063465044
-0.369066546272225	0.303935446026698
0.133577922227979	0.101447060117609
0.0337753850132348	0.0223212108968193
0.0240013973693045	0.0201038559023343
-0.769604526982809	0.728199789967176
0.086875683880035	0.0501856770254308
0.472430700448465	0.355343197572281
0.123970801815503	0.0862781267010586
-0.364747563550103	0.306384535190041
-0.335715528893046	0.286542385813654
-0.0810918292427672	0.0429980885026786
0.00211834867165578	0.00125726913492042
0.223639328310061	0.151112818240824
-0.15406111077201	0.0978451535673868
-0.0191878292050995	0.0140508431233852
0.215815403544221	0.191177316393511
-0.313585967130881	0.315884054674088
-0.0810599752367065	0.0782551280925035
-0.139508754051764	0.142189897885681
-1.38980146933311	0.862779911030812
-0.686143665907804	0.754041178494778
-0.255472917531541	0.13765513978943
-0.369920597805217	0.17339945142678
-1.23854919974664	1.07518608400766
-0.663333470048098	0.496254525766847
-0.418235982664787	0.254403310084913
-0.0362937251827554	0.0423408797076182
0.0318099149634731	0.0409297726385874
-0.727846649043035	0.4172385259419
-0.272607331604303	0.18223465397368
0.0817330014735744	0.0373366265816946
-0.852993715199063	0.483401972437259
-0.764124582030692	0.601302836720895
-0.356359114216806	0.23075692358212
-0.0319260834942315	0.0182203250279573
-0.224774995796156	0.133283981269024
1.55622163088519	1.87586976402628
0.0838752060668069	0.0436655785170474
0.333606192616393	0.246315329829018
-1.33463176899115	1.26554849692198
0.324457963359138	0.257818679999369
-0.231890906703033	0.133612676803214
0.224206578466562	0.160247278091954
-0.222683200553867	0.158479594139974
-0.874096021632109	0.679413715980896
-0.228999881486536	0.133792177981359
-1.01577646804789	1.04561253203398
-0.358934836130177	0.227065831303853
-0.871289819857126	0.687842246350457
1.50568766395299	1.48845612220454
-0.681679658132089	0.571800242087928
-0.886203230978717	0.658446623901837
-0.0983907637666828	0.0482120266270395
-0.523871006774229	0.410005802848308
-0.0650782184511955	0.0353498971246912
0.000897861433474265	0.000529351330903089
-0.254567028128906	0.168627148524147
-0.28955998494507	0.226685358054793
-0.41119113118456	0.250260878951333
0.425974062024561	0.259840657485842
0.833800501921049	0.691379806822877
-0.277787237969255	0.217022868533733
0.232772372467313	0.143869337399054
0.368486278689599	0.250605588317834
1.95518819730838	1.76001891063713
-0.229326131443729	0.133999366123466
-0.279575277468622	0.183783234236119
0.204197902663485	0.166958804055438
-0.255067041395894	0.246297189830656
-0.22416128094336	0.12984459909127
-0.548897513777911	0.287777943748155
-0.221387498508547	0.172293331968981
-0.252685488317972	0.200796653015425
-0.987701958274322	0.819876853411633
-1.24078893046126	1.00256359712668
-0.303604455452976	0.315218672351361
-0.197870203037036	0.234212439940875
-0.353360969717128	0.560729101290347
-0.303441930115908	0.15227897716766
-0.0193355635485465	0.0107436825076518
-2.34559177699612	1.25890037958647
-0.375092645015514	0.274884413869233
-1.22824629636088	0.721778763321793
-0.263982312839018	0.143546621216154
1.17520133143633	0.775205184511082
-1.73518450611714	1.01299663234062
-0.837472488599265	0.390914936767186
-0.0773392408727676	0.0403722664608678
-0.763266984160029	1.23317610491333
0.0716881856064089	0.0830704296382138
0.0726425410654079	0.0856061333553322
-0.332524114417746	0.285820647908048
-0.272974885540258	0.146616843357266
-0.856310651760669	0.473532006089605
1.32990208227164	0.94991949177996
-0.510610096743357	0.406259004351678
0.0866832296781232	0.0291926616858438
-0.766364021223807	0.627333914819915
0.223566920948271	0.153420355058897
-0.181022278986322	0.127594116162565
0.573847110832623	0.389922001072113
1.1571750523697	1.16580330013648
0.353759739849428	0.254896647382034
0.509285149085405	0.372144083530722
-0.159330475344492	0.108727926918732
0.584127078248949	0.385008589149363
0.108616807782192	0.0697248030538598
-0.077993527190716	0.0401408831964984
0.476299074725816	0.261131782152926
-0.153448486642815	0.0964874108359535
0.793447313224047	0.548074161289226
0.48637630075253	0.258761462606046
0.662944784798962	0.516649721079311
0.473082140393169	0.368787273621182
-1.2344722365205	1.07577845500504
-0.610256335488159	0.525382962226922
-0.57852393204444	0.444715145401968
0.127778336537769	0.0905423287453449
0.461182482982384	0.345843894863784
0.221929938840877	0.146468360906253
-0.96190514013802	0.910692266530588
0.634049886785388	0.389412024245144
0.0876427850306642	0.0337995574491269
0.612433960525937	0.499935262627065
-0.75060553124184	0.522528743513852
0.922393647244345	0.714124997366807
0.235317181168013	0.145268157830689
-1.04337977082699	1.02436457288364
-1.33547772550639	1.23156444343734
-0.0550521933675551	0.0293717048084891
0.134273950308854	0.105787540501464
-0.280525577511682	0.308917875063227
-0.259466802668131	0.369133713063976
-0.270487986712439	0.394550345399591
-0.670779606099485	1.164652284475
-0.38854649747039	0.570294155730978
-0.0297665687470034	0.0268087154643597
-0.412513525009569	0.695319216596152
-0.0917466892244592	0.14132899700659
-0.452620425796527	0.406670293880134
0.0392854931427183	0.0437394316283188
-0.312425525366611	0.207701639226782
0.252663531928335	0.143829727604061
-0.330020110562917	0.332351758050575
-0.58043543785558	0.456249454807199
-0.131198981648305	0.177048061535711
-0.245336169572632	0.457089689517655
-0.865925976086131	0.655662470406953
-0.539790536947908	0.373494800681779
-0.562911839302063	0.298911054596074
-0.0971269883293181	0.0468569161308408
-0.650914117684095	0.464282379973464
-0.346422737805178	0.220510271335107
0.0953549316656091	0.0548083233043155
0.0807117255214215	0.0378835872538081
-0.200889899494707	0.144612818513544
-1.24637441356919	2.14321342807809
0.197599479078351	0.196282486627832
-0.159265388145018	0.190651789911478
-0.143644322554208	0.203540927332482
-0.540529338012297	0.755932976761197
-1.11856164718372	0.914275653957683
0.378800515167737	0.227581254432467
-1.63250083817923	1.57200307917282
-0.367893017501533	0.224628346920876
-0.682726627313561	0.317836696524699
-0.0625869357140756	0.0342362680712352
-0.0889683271609144	0.0456754201446595
-0.183024341030416	0.110223216271875
-0.245426283545489	0.330386988860526
0.00680849715409674	0.00790266158413927
0.240843611071452	0.358443877252889
-0.350012220496099	0.420909708762207
-0.408299056420081	0.25482106270197
-0.616469597180316	0.399130377217952
-0.128557474873094	0.0589307024178269
-0.682025609710948	0.571674175520582
-0.37043762476213	0.309872226778089
0.504375024688227	0.371064097747032
0.103002268520526	0.0635147587650721
-0.435052035777422	0.373461796398967
0.337485147485639	0.252427329521901
0.110981101990191	0.0753717845876494
0.466859152576244	0.350808522533462
0.789192782868978	0.544646747912458
0.238864680211382	0.135087026083466
0.642334245834475	0.401689714279973
-0.358625497518134	0.23226877217678
0.396745300700258	0.356512938206615
-0.0723829932593318	0.0489830201785284
-0.0914334710819143	0.0611113540348734
0.0964873433212536	0.0594305982474613
-0.613683655727719	0.519626729937993
-0.688112497058539	0.625825014663679
-0.151623593635212	0.0947600945655284
-0.991508243625237	0.823763928909578
-0.275656769814065	0.213756569066197
-0.261661761338338	0.22510907077533
0.125507539839697	0.0916770051423779
-0.11253405031601	0.0531121345576849
-0.132020448565282	0.0848338344694247
-0.0779601531760445	0.0523704736629007
0.286514719363839	0.13712601400408
-1.679104334486	1.29578376341498
-3.50790788184184	3.49921875112858
-0.421134549942942	0.247802952812132
0.426719715575154	0.259440205284312
-0.469125162596323	0.330344264885126
-0.315689390331547	0.20936831811492
-0.119879861356006	0.077344296722317
0.0929579891134505	0.0563200129903698
0.771711537512355	0.865621596321518
-1.63175199674512	2.13134580102416
-0.418170970698771	0.546388030196821
-0.0883365107399654	0.133819425075974
-0.183813873662923	0.308054569563484
-0.127879904977468	0.199375023827103
-0.18897910124403	0.252702285192115
0.0712079356430823	0.0766005408054849
-0.674030979933913	1.08200491539555
-0.634601543210587	0.82935240057509
-0.515168736137072	0.59544994282545
0.0438611947652272	0.0432821073210125
-0.22628781810297	0.390080030907792
-0.205929418624541	0.246878286112588
-0.346124872209968	0.766381210502272
-0.60410336154825	0.519991619345499
0.259581714596267	0.135665625262884
0.265315980325005	0.263882086591883
-0.128967645967295	0.0971976681962145
0.0420886980821186	0.047284149501791
-0.0615349842867036	0.0677201110766641
-0.0622483936405973	0.0841904862657167
-0.86429158898664	0.727503493425452
-0.355881275538943	0.262872932160971
-1.5415301960111	1.11062961443485
0.711101136604482	0.606203467481628
-0.188454778129051	0.134113415302831
-0.22002011837409	0.127375096210328
-0.0832002730856158	0.0560467953377806
-1.00676891487804	0.742279928991148
-1.91511665308351	1.67358498442728
0.0833721867370397	0.0476871965401872
0.11394249811138	0.0760848493134318
-0.34190743359407	0.303082890078433
-0.273830197514042	0.290789685886352
-0.0773221455000851	0.0799697296137775
-0.104246830142373	0.136038327542978
-0.0695500868674529	0.0721920822708098
-0.900441924138875	1.56374074951766
-0.666494781528419	0.75626820174544
-0.298640328167262	0.198020129389393
-0.190054918360009	0.138025221181228
0.861345233264976	0.911424273318482
0.0854357153708269	0.0429398183827179
-0.0408612878835	0.0232253488141832
-0.223687186584244	0.129887428105887
0.246505569732462	0.140380579560884
0.0928798256031805	0.0561039858773509
0.635222643952609	0.356469978736079
-0.607717331182319	0.501869004653949
-0.0346543356241169	0.0251063286827372
0.127458171887268	0.148548045485481
0.124928604204128	0.19237457222168
-0.326648367261145	0.636155852662452
-0.72995813560591	0.844566132857914
-0.00119518653064752	0.000611701436667957
-0.0473513955365209	0.0268755725411998
-0.194187040581509	0.157986891291957
-0.36090843856479	0.232034858776045
-0.355703796853088	0.234127720939864
-0.539024100422604	0.469968516520257
0.111967026239253	0.0661014166045767
0.659038323841415	0.52164232100624
0.354316650688936	0.352319874909593
0.5290836128502	0.486711712304326
-0.0807051483196003	0.0552807738030384
0.393227237635596	0.244868088955495
-0.257575174507899	0.174716007739531
-0.301341081809989	0.257696868319791
0.349261439189085	0.241384925366349
-0.745128059141863	0.517324057773254
1.16166744173931	1.06279591521871
0.326064684139156	0.249744216798565
0.43957607903203	0.360797719655908
0.110817830700295	0.07048678330798
-0.12328238383411	0.0942715044077898
-0.257626047017492	0.177470234388471
1.25505229263183	1.20970613300244
-0.299052891023137	0.197886294830016
-0.774557741061177	0.620584814943093
-0.339639581814845	0.316449287065383
0.772769662627313	0.766119403387875
0.0060613065533866	0.00387585700774107
-0.0593703820704916	0.0414668735937155
-0.434750084412277	0.377020495792649
-0.719048536473164	0.760535477378344
-0.140319890852516	0.103304074994808
-0.475563350952882	0.342106264374313
0.640768873694853	0.606698215745769
-0.261905586492643	0.143652456625272
-0.218434147759415	0.154470284507199
0.229217071194752	0.145280641133573
-0.161367031782174	0.118989646806854
-0.97919617771446	0.792043184220734
0.390157996319139	0.361366110388474
-0.0907739489061823	0.0862126381757824
-0.347815680270192	0.545118840276345
-0.231966240876163	0.330633406542593
-0.526680862532119	0.969197596960295
-0.118869887172603	0.139005173096378
-0.418187544457908	0.659358477127579
-0.460683144968201	0.471621215116079
-0.179666948036294	0.179674775555868
-0.213973648231135	0.325919413422373
-0.298218463707749	0.488508331029348
-0.277653022424445	0.422029077073145
-0.226060054035203	0.355051847854276
-0.367216407781204	0.691630006535183
-0.631661203156039	0.880761803180531
-0.196334904957854	0.157058411144656
0.303239928892171	0.27167779711078
-0.0680781682454218	0.0601219378263994
-0.00213116111525191	0.00203806736036738
0.124123028853637	0.150467885483111
0.529902171761078	1.03048316908519
-0.093146341854875	0.115082342581077
0.0118475965970609	0.00929176362508514
-0.361555393261467	0.266227478941403
0.549311119094082	0.565954129344133
-0.296975812640048	0.249646381306514
0.16712435550523	0.150657890710787
0.476460538886513	0.44617133810538
0.119647879168888	0.0842029176815733
0.140456706331512	0.111087883717691
1.05783115511233	1.02496269776073
-0.733658008217237	0.868627793547045
-0.0831673554144928	0.0648770115317073
-0.319780579430761	0.258842605354101
0.0596511326888819	0.0423195138490358
0.145301932191978	0.122414109849576
-0.0503695273953086	0.045431088008766
-0.224609095026592	0.240529484671862
0.34885505164895	0.430150901672893
0.454354662083435	0.587985261766738
-0.127378549860188	0.108906273499406
-0.29345077025519	0.347820856245229
-0.174375329253739	0.128641982915293
-0.325750412642208	0.264016910076043
0.343176604725043	0.253144871192728
-0.266268337127129	0.255571012220908
-0.0888880914584375	0.0591547544145116
0.307964737540702	0.264041679687781
-0.0438571280307032	0.0252796451462444
-0.250826388338099	0.192209724169794
0.448352718810898	0.36561557948074
0.572477785394313	0.485091601090885
0.0685129167163206	0.0539316432622948
-0.281680631980701	0.262774935805583
0.749337732464581	1.06471781175863
0.184050657621645	0.21405617277817
-0.262583872839637	0.40265008310376
-0.0364185418845481	0.0382097207279539
-0.529703559495062	0.774978354686917
-0.110654185976977	0.0732732753705198
0.300979765015846	0.27193035810955
-0.366425250425458	0.359885053451693
-1.24007299795952	2.00370391048252
0.167336444862987	0.166001149139445
-0.140835104783559	0.118952787660878
-0.00171436959368833	0.0013713294414599
0.138736604471287	0.115225322624529
-0.0327464529764002	0.0264984380428439
0.528957800500206	0.640069534863233
0.491532257479793	0.617221969979184
-0.244990230353454	0.216920343277236
-0.0510054463115261	0.0414960493883886
0.473192686042136	0.53346687177977
-0.172569808377442	0.157962877010103
0.561911418408571	0.773538203442305
0.20655520920433	0.186079806347196
-0.0671863844943072	0.046707130311066
-0.15044894252354	0.141690692417472
-0.0699803841644981	0.0486991350701639
0.215908697159738	0.177100754586838
-0.251688631237986	0.244395652142749
-0.367502925049289	0.39295858533261
0.424657784921366	0.423162531125452
0.0237302094121544	0.0191219055749719
-0.197151075746256	0.140783377402365
-0.00906325245378391	0.00673653160302369
0.138148384044781	0.112001683540838
1.08442784374572	1.72005689295797
0.396178648689063	0.432182876553944
0.655778184106576	0.59459303554951
0.0903857064906617	0.0519052742746904
-0.52138185635429	0.569175459779293
-0.729531121237711	0.845888871067601
0.263557423555443	0.277864715974289
-0.391549044685776	0.485293879800083
-0.217420415070163	0.259227415344248
-0.602530500249694	0.93520234025597
-0.334346447360934	0.362665794701181
-0.0840417133514187	0.0728683918470657
-0.199953909246042	0.191181776747575
-0.275198686440128	0.281867031260516
-0.397323578101035	0.375670377216305
-0.207862893497882	0.177852138006068
-0.151203641388315	0.211351927121311
-0.674218117065452	1.78979749355169
-0.225879193266602	0.463032128060132
-0.198942780359476	0.367710193731864
-0.0981301516949737	0.153783850334734
-0.341791484209806	0.464482044752081
-0.178708671441155	0.221419645971411
-0.271584290682545	0.27911959675749
-0.619850533791689	0.646109069786178
-0.748198228219978	1.02367616654093
-0.144873488734849	0.199294697723646
0.883683761794674	1.12933007025
0.132235785672665	0.0982751204331206
0.198276275877432	0.240362605340289
-0.167987749835449	0.179808385371924
0.477586082969265	0.929948626659765
-0.279550396902396	0.422912841115399
-0.139903586131681	0.218244135913942
-0.377904567574662	0.981386073183014
-0.0621145052588002	0.0497487011887764
0.744519974556468	0.835679953913826
1.11240612870667	1.50135240330705
0.581468500624151	0.726847248281239
-0.395196817157471	0.374627724525593
-0.381455737856492	0.393156367240531
0.00144827863337364	0.00118802098984986
0.128368400430164	0.093558241342906
0.616948127427183	0.753417572673984
-0.231831307913435	0.181157209052053
0.127309918859229	0.0972861277640724
0.210833249335945	0.209144190193562
-0.431949972505771	0.477844397551973
-0.0935485385990282	0.0831677596886539
0.293793143960015	0.372532167210684
0.236679376945072	0.337345453216416
-0.183902124213153	0.214678462006203
-0.285063104281484	0.348067694747014
0.769490735502997	1.55928202214504
1.03650568962414	1.69197220985138
-0.306110598923117	0.279045462910862
0.39691787666158	0.352575201621922
0.00207077207451694	0.00147282500573444
-0.0800752524257324	0.0618806586172219
-0.153589228018757	0.115238525147706
-0.70654255852932	0.725905152858718
0.226714878285966	0.163604321033355
0.926503933746066	0.95378193160489
-0.667019008990776	0.495811457477065
-0.225151184725139	0.15862277420322
-0.163058193522667	0.143813488148644
0.510549506574864	0.633857856555112
0.357425755057609	0.529474284272992
-0.386048257209665	0.73706298917045
-0.00164150962260767	0.00202843602781163
-0.186524046059702	0.232039287575425
-0.771912349406945	0.832005993773006
-0.178044542094176	0.163833018508406
-0.704169342429524	0.752805074229993
0.199179590202668	0.196881117875616
-0.118444017163539	0.0898718446818386
-0.286935001693256	0.291542060862449
-0.380825561046793	0.454677085695721
-0.222682662955982	0.210271965960017
-0.451720269153657	0.452908403166233
-0.208794615418359	0.196135244974245
-0.0394025519446224	0.032194969614192
1.01651993328581	1.12213982666973
0.33350186149491	0.356730510357749
0.00277191289593836	0.00201805215854474
0.831034370126626	1.05285754330888
0.330142322421567	0.266122407167083
0.400546671344528	0.435587370517768
-0.40617282804638	0.402923969455582
-0.267912307663376	0.254701946938724
-0.46849124511071	0.450567149657357
0.217206516360308	0.201466298434873
-0.102052021658854	0.0874120042304624
-0.0432987669833263	0.0306128911011336
-0.0903822827412911	0.0705047057217833
0.0186851447370571	0.0151509264411673
-0.251750993525447	0.20084410839631
-0.31572862236697	0.293181197623807
-0.0297642027975339	0.0238488000529179
0.501936543992869	0.473166507945
-0.0709249861105039	0.0625459745304551
-0.714545785374733	0.799429283920204
0.0720871356744126	0.0599162346871269
0.245333253573615	0.303108320495934
-0.0596730820722337	0.0591205989995159
-0.407582995850065	0.677819359812167
0.335583806816816	0.529843403376118
-0.0226683849769946	0.0252339525813196
-0.633750416403796	1.22836376103578
0.000766822538759622	0.00072360845737696
0.122729522886614	0.118852428751199
-0.250001491642821	0.258880313054002
-0.0459908649583171	0.0403419689273325
-0.218303650214948	0.190248318686933
-0.391074664332981	0.950627575678334
-0.490269958273117	0.958660080198736
-0.559815639073278	1.23880852180973
-0.142253579276914	0.205786766105711
-0.168322961553304	0.223179935456317
0.123713569784847	0.135537969502021
-0.591926125515057	0.932492047658294
0.206213434955715	0.197819895859778
-0.584275286095588	0.979850067955844
-0.266692200356019	0.4931060543237
-0.198322551307854	0.214980436980843
-0.602920087313138	0.837257758369569
-0.766772012663249	1.74568589728235
0.0526292249549935	0.0593936727450545
0.0441472963613325	0.0593484098461593
0.0202662141715102	0.0248526958593708
-0.220927206684452	0.440092759877293
-0.0420801167816259	0.0705902276252112
-0.255888076546974	0.453861375188377
-0.0581272071879116	0.0568078231600312
-0.796407767408031	1.24200634706515
0.158816862542472	0.151734768295414
0.472688831194661	0.605408383602754
0.581358076491697	0.862107643424239
-0.13101802742099	0.133853288288196
-0.179247099283212	0.159716727326382
-0.0562076855519673	0.0460747118258197
0.54035433609522	0.704846449974386
-0.64335974883607	0.920688741201448
-0.892581061507371	1.65345274437562
-0.377369126706184	0.433131258399475
0.463177982402938	0.605760233910198
-0.287271471257644	0.310162995050517
-0.151437809600342	0.190954540019221
-0.117181355676903	0.125723415060513
-0.52076238020034	0.932730337511902
0.217066932523789	0.366729707769966
-0.173045588865055	0.21152210322918
-0.586049611556847	1.0628045372413
0.0944114066744751	0.104488981692858
-0.804855315962444	1.23043168026061
0.363585185014255	0.352172858531848
-0.370519113123847	0.347310078331804
0.208749160920431	0.177912580889918
-0.617206671253225	0.751558527388689
-0.355741460632464	0.356723818641937
-0.308002311929396	0.331177209199387
-0.653422261482838	0.82449818099809
0.381990417162614	0.427778640685489
-0.640480146233098	0.642496811325198
0.0818830250958912	0.0701100190508531
0.39486863617442	0.508689349186084
-0.185417825708126	0.21255473056534
-0.481576591967396	1.03940880851967
0.184035409159677	0.305587391724708
-0.170402723701909	0.302005195133651
-0.702384686824083	0.859856485534387
-0.291839670496803	0.335005589473807
-0.296970053500251	0.320622068878704
-0.226063889379467	0.250432382337217
-0.101998221571972	0.0861042045301822
-1.07885370384435	1.92770091186408
0.11419227781348	0.108414951917864
-0.462676295569793	0.599381794905091
-0.822251559706046	1.57972801993395
-0.940960070734392	1.69845874656432
-0.473905095503383	0.576571983466318
-0.492414816354314	0.594366604893649
-0.00420546706662037	0.00395878365990429
0.202741018541365	0.185215893729217
-0.420810917599593	0.537250357795324
-0.261008222807671	0.249371578315753
-0.292427919364408	0.329710273743949
-0.741737560991572	0.901542224737375
-0.298648526500848	0.301019380596809
-0.47802320770523	0.550193559312449
-0.430470653898154	0.552225138283867
-0.442803758319847	0.580786130301013
-0.545805003150973	0.688526652653435
0.0846109006651207	0.0914881869206921
-0.527772680964915	0.758655753195057
0.273891894164812	0.279687983707398
-1.13749058383985	2.05936357548007
-0.118055882281618	0.102541522599334
-0.0978965925504251	0.0854280328863885
-0.288711877866	0.287795104115043
0.53273815306529	0.710077732675708
-0.525265621283736	0.680122864715778
-0.789794456129277	0.986482500829337
-0.481945440136684	0.589286606910292
-0.260550747526187	0.33424131940298
-0.763619080617719	1.54765199980089
-0.308279063983796	0.52103113790063
0.265298425134207	0.371369520917627
-0.0674405994285451	0.0830573799086645
-0.000655537678266168	0.000822731719489566
0.214443735269217	0.300578222500465
0.0452592930178407	0.0561661823736069
0.277670242620964	0.378349327671731
0.0769376136457257	0.0775805323540305
-0.392818839986689	0.500160305583636
-0.171524851065875	0.170486474016413
-0.0703838248559582	0.0774708010546207
-0.142386237915976	0.211605414185881
0.301835184682001	0.454192537794424
-0.111134184547436	0.149417709926611
0.234894570534146	0.336996394123681
-0.297535465596792	0.49006356115678
-0.43876312219735	0.98982472170262
-0.480413501970116	1.03191543680212
-0.710354500965298	2.0266195945971
-0.204706033842995	0.308681279659245
0.187429759651802	0.321859339436066
-0.183376263520681	0.305404242006933
-0.240792987763025	0.40925422320992
0.0220330100854791	0.0295547815444203
0.0348334830707353	0.026784847645823
0.05655173887545	0.0509144750473671
0.566187955785025	0.746068201876256
-0.405348864858606	0.249809625062069
0.0333293316857621	0.0416613734879816
0.0544989016591316	0.0714943836595473
-0.165492971933196	0.274538680863809
-0.654295165435029	1.73524247795003
-0.297221698777365	0.570940739158248
-0.0208545116886574	0.0268735421495305
-0.127620694530354	0.184655441531335
-0.0825102087031861	0.0913320897490561
0.0723327351701539	0.0932138243308663
-0.463595666641107	0.868850811971819
0.216797462337719	0.28275206194251
-0.295077639370518	0.395583833312824
0.242361497182334	0.381956172179134
0.0757115053495686	0.0778048405860215
-0.302494478276046	0.443764181229759
0.301178525882576	0.365688051819529
0.532653563338719	0.792310665056357
0.437199213920249	0.52018485030099
0.400002688693985	0.369879777387677
-0.0507319580480282	0.0396096737912123
-0.061880198260352	0.0332996477821423
-0.432566877280832	0.565085348529817
0.0453611717371074	0.0419406227127112
-0.0755106237023316	0.0729411649742975
-0.298730563160928	0.326176076952283
0.0626707833482018	0.0754350969945544
-0.310811785872765	0.435130693682184
0.316371975653311	0.469746333307229
0.207498500683363	0.274507537728347
-0.121989147312946	0.134232555251967
0.158506891214057	0.213141604741283
-0.204213314640437	0.225447602733581
-0.245654907036707	0.350166513335938
0.355322276116761	0.630558282953594
0.101932637081727	0.13135971400035
-0.785026015331153	1.44617010864548
-0.198238612187629	0.175012967772809
-0.699924856105939	1.20385894135445
-0.167732263225257	0.238533250544459
-0.22635795280858	0.337421025070107
-1.2231083476693	3.70037876103502
-0.0164604999156689	0.0179965943014108
-0.286895053022241	0.424365893277476
0.494604604099106	0.835706092919443
0.0289979110783832	0.033086908606405
0.109422215921823	0.134063560497145
0.0698327013044588	0.0786960140140233
-0.416766451709005	0.74192651936954
0.0267007003502164	0.029182130071473
-0.0355927577569625	0.0381812267137219
0.488663711297221	0.818423402704235
-0.410495111824729	0.693844291523571
-0.0890663418091253	0.100280651702496
-0.449483342552866	0.762595645373747
0.142120881401681	0.179470566562016
-0.434199507195621	0.840475793930143
-0.0197075051766317	0.02180684119372
-0.322645152025764	0.510519848893615
0.0690838700089709	0.0909531768301236
0.227813951706238	0.375025371014621
0.0385058099628528	0.046943384020788
-0.401796939754392	0.644584011569789
0.400124068104711	0.651733463718994
-0.592569014685391	1.16534709303664
0.207770218149121	0.286855891214844
-0.404618316993195	0.742404519933777
-0.392419861418732	0.670169795558931
-0.866304219256861	1.83478755326162
-0.316049362165089	0.487171657063921
-0.0592265444974583	0.0709597213345193
-0.545866472278485	1.07719998026624
-1.47204948834483	3.47769696944186
0.138231233173531	0.101769899314526
-0.0594003062996233	0.0412754700536616
-0.303800930934325	0.193967674584348
0.411608395494316	0.436388854586082
-0.260946967781851	0.17481673184583
-0.427076862331373	0.624313431522993
-0.190895550303767	0.248331807561295
-0.107490814609408	0.103030315256572
0.0302729347112133	0.0396438088481803
-0.310326938852128	0.43183107988956
-0.4039752286447	0.640164748417915
-0.105890712267316	0.129857797588772
0.142911963978456	0.191187454411961
0.166429583072103	0.283920416656413
-0.217607373827085	0.341056687346234
-0.0524473946594056	0.0650764777018338
0.304913448544381	0.47443184505831
-0.250887102101619	0.416545394786449
0.0688116165300729	0.0959368771303
-0.212948818224521	0.318298086447499
-0.0576669997386261	0.0722272131591358
-0.1503792807113	0.150450376113343
0.70391045312879	1.02951597258733
1.0611644387092	1.52493207576443
1.73278408230268	2.54204582875233
-0.349552569549795	0.550487404122671
-0.321986531506404	0.568706466584255
-0.0212624254519746	0.0265339722278408
-0.131887764309776	0.204670118926066
-0.126038764437748	0.188462963874729
0.080825109934293	0.100346919486319
-0.114810857677607	0.14632887407645
-0.0242521230884993	0.0283327984410121
0.0197583035555161	0.0241839592736221
-0.218914221756012	0.301508174438356
-0.440337732001188	0.757798938080839
-0.0712337187554002	0.0824359397891504
-0.27480207443212	0.421564904221817
-0.154537713260253	0.189236166549984
0.417695169413016	0.67882748657539
0.269092868941379	0.397520374637307
0.0387614933509651	0.0333175939058775
1.07621358603531	1.57618927728369
0.206785300684808	0.177861919423852
-0.0949722405731057	0.084214575786921
0.967314211642206	0.927787205859561
0.146375711487493	0.114315346880448
-0.508565439149493	0.514302389287501
0.531070028937339	0.62738646560379
-0.809062476846404	1.20832432621912
-0.756450185580664	1.36345126116661
-0.161769778646091	0.182068801625226
0.0458850764637681	0.0511325470751777
0.266963645784459	0.351002436405659
-0.134983841089051	0.146198766661118
0.191532337622965	0.253346547730909
-0.0104156193151999	0.00990116916208345
0.259495926622105	0.362831818012081
-0.0925361417625879	0.115335544046383
-0.382974441481103	0.625209507907377
0.735696304037662	1.85871844909952
-0.0366265332898339	0.0386689668902349
-0.441928501157616	0.68404976824845
-0.330262555644101	0.497222248678748
0.0854025367087047	0.099071217294425
0.320305988886113	0.447784256798711
-0.00368432271621496	0.00430382270147816
0.363852696562714	0.607921643152107
0.117499163240081	0.145407197639375
-0.348633157005855	0.547071143147091
-0.47701475077573	0.745878470100872
-0.311149947683617	0.390968188790654
-0.112619252926327	0.126076823613005
-0.242131561382201	0.373300139177427
-0.137783990068876	0.170986172199722
0.219290777292942	0.321349864100064
-0.323404722908114	0.503157668107819
-0.127683358139378	0.157475262891071
-0.107364528972747	0.115738234098079
-0.419202351885545	0.664012365800233
-0.528872700771726	1.07079697774737
0.0404532537898295	0.0418966128908725
-0.27030101645965	0.416314354730123
0.261924068100578	0.346993148797582
0.063177225156489	0.0703503637475927
0.10845071042823	0.130672804589016
0.0375596056808029	0.0390395435002771
0.0577243534792515	0.0680944707115878
-0.558034962285347	1.12063372106838
-0.06702162924911	0.0765982901430779
0.206937936044285	0.277741656501254
-0.215894957395165	0.305100222039078
0.031383710732372	0.0344000883706208
-0.249912153705906	0.366665753238517
-0.578099571323015	0.901014507051552
-0.12158368904266	0.0776166736538033
-0.197506562229277	0.119685540142624
0.345751669646449	0.257308653148731
0.0445819445128659	0.0303033676789839
-0.0115790701850766	0.0115968862725385
-0.402839578307954	0.822663000498755
-0.00194051241633107	0.00277558362926801
-0.089829060346801	0.123102810694913
-0.197304540287497	0.288684801344485
-0.423297159508552	0.684083344808943
-0.101007525244309	0.118117600417938
0.214598833724507	0.304469764747157
0.420441344874487	0.881093281431692
-0.104329080326273	0.176956633148968
0.110323206989872	0.136733387684919
-0.289598162102481	0.440329385328543
-0.113855737454996	0.167406859389646
-0.428776485391279	0.921878389379551
0.0171656305960952	0.024431150468461
0.0335970052078586	0.0427815414008693
-0.271041631222614	0.52858945795509
-0.411157646834067	0.997031924925756
-0.0101996273386589	0.0140995923498613
0.188342551404473	0.271750488973939
0.00914580610083116	0.00959936147960845
0.257468086956264	0.400315800468087
0.525763568857503	1.04607684582751
0.058233683479881	0.0738491837823764
-0.234012596067004	0.321818580699612
-0.314090199044534	0.435582305307999
-0.354042731448471	0.516905788831029
-0.285461601089039	0.384462968493795
0.566051409875533	0.963449220634284
-0.12700103324254	0.136833302034503
-0.326593835053121	0.412652766271856
0.0476309758048342	0.0601612476291314
-0.049853430689855	0.0528581341410816
-0.0533793299156839	0.0511583541565424
-0.412958169616472	0.713196873454006
-0.909623447310352	1.55555244602234
-0.001908248639879	0.00200741720378037
-0.83549631164043	1.54763664259812
0.102395231786974	0.0977734009361308
-0.0932209530819096	0.0898069554638671
0.562328949925565	1.009135371316
-0.538187359727972	0.793267689321239
-0.0962948159566195	0.0943258115331514
0.0177726877560022	0.0154902646457845
-0.0910668783723251	0.0887724808083319
0.0360551338802846	0.036001395470897
0.159554645810442	0.163132162257316
-0.405964109374897	0.556927800945835
-0.130208029778415	0.159064104334365
0.0762671269270895	0.0971277340493717
-0.366528543361316	0.720918075361128
-0.321138989412658	0.430001005468359
0.136344173316785	0.162617900902274
-0.264063034190191	0.325881789887463
-0.334652052056112	0.443796931883511
-0.0440998981294719	0.0467174531598698
-0.173460098151013	0.219722136787866
-0.77779302588461	1.58433326557158
0.000780030102634578	0.00069012940016583
0.357403426200746	0.523964120386448
0.747444902703468	1.51583210849966
-0.267309391685094	0.353893579531279
-0.36117043165468	0.546795582287561
-0.796245336899427	1.32701669472037
-0.481353492159334	0.769200823912839
-0.260823539452452	0.336674988247605
-0.356711916935275	0.478290319128096
-0.0112753424858094	0.0111619596837169
-0.759380102533794	1.36581518056783
0.208340025727558	0.23089482803974
-0.571619310112358	0.969053819964087
0.0548669718499407	0.0563538459451668
-0.416421002262686	0.677250780399129
0.0573024348670668	0.0689284660111486
-0.418166910525226	0.6924288614193
-0.468762570100272	0.661482235821867
-0.12119166909334	0.140690461884287
-0.299063469972789	0.395852877101734
-0.194192120067631	0.230824451235699
-0.0644482075962144	0.0737207227591065
0.0731673596831441	0.0775799789600244
-0.68181936393051	1.02396838818991
-0.0282737558960501	0.0282982944136082
0.173620332851246	0.210161650504557
-0.108732019552253	0.143383358100016
-0.722382137045077	1.59457584543734
-0.292919102710279	0.41340620258919
0.0857161384946815	0.102900760447953
0.136478672922329	0.170738332739826
0.0539754190173669	0.0589395574520857
-0.063102272051326	0.0751375060355118
-0.149234660874939	0.171731913048813
-0.224774995796156	0.133283981269024
-0.24250565666913	0.407823944775734
0.202460118629825	0.276270276719565
-0.480346870744487	0.962203336707354
-0.248228283550768	0.485764791543871
0.0642049567774051	0.0977000142054839
0.0470631835245033	0.0683199996625558
0.208868509648103	0.326957175926875
0.109964184170796	0.172618444326155
-0.393330942346067	0.829781026259728
-0.646291237510594	1.69492982811721
-0.170101113360482	0.260833189891025
0.35788099413494	0.496905508145473
0.193555312118403	0.213274181558311
0.204100042564573	0.199688404012665
-0.488293674600568	0.428469433781554
-0.175213285541527	0.304082722037471
0.2013346693266	0.391364623577601
-0.194878430761241	0.305534335949153
-0.15124578978266	0.268382288439368
0.0495764430831994	0.0657176045822744
-0.145383831646238	0.222343821429287
0.237626880921631	0.438134860535779
-0.075907297116541	0.107966198839264
-0.0867199806841371	0.112050574325864
-0.456932841942843	0.943110755695347
-0.116180854239938	0.177029640316112
0.129777578885401	0.192797745412243
-0.217549528437843	0.335153938508012
-0.106947026934327	0.136854237515478
-0.0754841055557733	0.0886768213498347
-0.208055716221597	0.246012974829962
-0.0231646835398144	0.0190009372426334
-0.132954458087091	0.11357016307729
0.308763072269397	0.363655606188541
0.0317907842439648	0.0303241393687981
0.233879756956428	0.326653653362594
0.164469004935694	0.167321768105643
0.00848708623928675	0.00928473112119969
-0.0723678876103415	0.0798004485840124
-0.192182324945361	0.250132851399738
-0.22577831165509	0.316966371831664
-0.321778838467883	0.481504066631017
-0.409229644914192	0.723016909944953
-0.0197488632113585	0.0218301696460548
-0.306663478834226	0.449270942002599
-0.145292999547716	0.206655883666452
-0.236588953652766	0.39574791533755
-0.450148840104576	0.857265202634002
-0.337709776983484	0.547886046928919
0.157074312948465	0.230588788423202
-0.359763667064728	0.601640090957018
0.26730244373382	0.428253722584839
0.0240901749778317	0.0300003947750537
0.11390087918218	0.147565401508204
0.550753478834001	1.02974525568357
-0.73562727067	1.65454779051414
-0.0999855136327124	0.12950170411822
-0.0994070073082245	0.141966990169378
0.202616031756472	0.305349524594742
-0.522252837617576	1.00149482015228
0.0661241499955707	0.0863545039598856
-0.280164981799877	0.423745925645319
0.214823174870504	0.31990415640018
-0.486357153011448	0.802008973595186
0.425192535427137	0.754212648188061
-0.374041602858849	0.726038951438356
-0.650564690190655	1.61900232256077
0.0281405714476504	0.0358899181861714
0.178083810837648	0.261835784547984
0.0140353841302449	0.0166731057113717
-0.275839268534395	0.418303995617495
-0.24759523411022	0.388572968617859
-0.0248483708941768	0.0284476047084744
-0.0458482763452587	0.0567032141895179
0.0134514319973943	0.0161651414056844
-0.28684778355664	0.458101624995304
-0.192865921743398	0.302952715826055
-0.155612642201095	0.221401197647035
-0.211066476464936	0.305712476168023
-1.0912576218941	2.25658384523407
0.224515552411315	0.146665655473431
-0.507640906907364	0.461941728074837
-0.405859241515333	0.753070380020803
-0.531142808321498	0.935624660511083
-0.0752913146936791	0.0932756409196266
0.0707026849035404	0.0893268755593044
-0.117515494729236	0.171332256170562
0.213191655795227	0.41310692474549
-0.141437370279878	0.230537114292511
0.17266175486377	0.270358946213981
-0.38980947031186	0.660055207332996
-0.158935149766697	0.26099783280848
-0.489666545472398	1.22225028576624
-0.398475376920346	0.809877809858432
0.136684407745581	0.174074126234475
-0.0434287594891603	0.0399124584775409
-0.0139836795945996	0.0103835019126872
0.209347549167274	0.198441119300066
-0.768044823179461	0.631340516698522
-0.195686543708512	0.316578764059255
0.0833180155707463	0.124056117103428
-0.0629983919624048	0.0906028157645192
0.160071652778965	0.268648956227493
-0.165813069857545	0.257220497429991
-0.0894133791799105	0.135164190870619
-0.160088052593117	0.259903205824707
-0.297021903731696	0.512846227360977
-0.255393601056633	0.407691514936821
-0.0158657189235833	0.01912408812371
0.0793108059840877	0.107023029310432
-0.139941803548923	0.180239182775756
-0.307686709115768	0.504670789645422
-0.326080201178583	0.442909312993545
0.244495701058387	0.259653679420493
0.054776029851655	0.0392651126973611
-0.0179084628545742	0.013134659811843
-0.354363007871113	0.347991785000702
-0.142945932984663	0.166273185962662
0.133910597102371	0.176870597154022
0.0874367597038903	0.0925837352579232
-0.105522957926282	0.128323952917415
-0.0907593738384943	0.103914556258684
-0.0564877449234953	0.064476692494439
-0.131592926366438	0.17707363036884
0.135070295957535	0.176645534164244
-0.0890967800376166	0.118320463613572
-0.31428924045214	0.487834539639564
0.0906839991402075	0.120607000197851
-0.499383398430774	0.813821325112042
-0.21343874238968	0.299971697179111
-0.156959801270724	0.24511521013659
-0.62153053170912	1.14207366331011
-0.515990236315121	1.04387531338676
0.444264808510336	0.826009407026478
0.0545571236245577	0.0653826201014721
0.337100717457913	0.54703260954734
-0.18621298137724	0.234582208559646
-0.512225418555325	0.917327055695924
-0.382923590071317	0.712693251971233
-0.194464119301301	0.312211662594766
0.0596867559342973	0.0711970216293827
-0.121176248874963	0.158276537613816
-0.339211761399874	0.604337889029401
-0.169067899151038	0.225464729426286
0.149306114478528	0.211241822542823
-0.233700477573575	0.336215878692624
-0.159973807393853	0.217695184599357
0.0737801302061623	0.084670442711743
-0.262331021121149	0.467302000595142
-0.183583517159895	0.293668240309395
-0.0971660776122811	0.139946073457795
-0.0733678418202777	0.0975098605626163
-0.265788127953917	0.426416290458431
-0.153561087463092	0.216181509968202
-0.147720359331486	0.217865781944599
-0.199860773201508	0.275697525452914
0.105163920577596	0.141922024833625
-0.309875915443806	0.54080543390234
-0.49853438607025	0.940117138694445
0.272871630866029	0.428255730461844
-0.164359553164138	0.206432286404742
-1.30704085773735	3.77908494102992
-0.648456307875089	0.819726807178206
-0.311305318050278	0.210853411162119
-0.599453726333385	0.603815734510002
-0.0179731552421673	0.0151158040433297
-0.0761845825581777	0.100066956050031
0.283491486165879	0.448725234129097
0.372086326611955	0.613398281286733
-0.372244607028164	0.607763694677655
-0.0696018701138656	0.0891106207986908
-0.35772745172718	0.800662633417157
-0.204242753030412	0.362697273069932
-0.00552778796814909	0.00635394152424426
0.101971894548735	0.116903938839467
-0.194652477454776	0.325624211535791
-0.343164169127899	0.743990113079234
-0.457965117868018	1.00040608974609
0.104001962356197	0.139119208603707
0.242001815220626	0.293986037639601
0.380391323961478	0.358506919628321
0.615447960706418	0.760344500597908
-0.587658685932946	0.448396515820899
0.137132477244512	0.185309010392835
-0.351867563314892	0.652975041366507
-0.294164660815604	0.534037472709613
-0.0357579410858843	0.0489587621457176
-0.146320832653501	0.239702132541128
-0.166121464872905	0.275393806474705
-0.263859169724635	0.50273258632065
-0.395016118345809	0.681780743212965
-0.484297447990073	0.987479595367611
-0.172899293490548	0.243176958332331
0.0981542981739948	0.121196162083742
-0.35943353406139	0.319413820408955
-0.110768678368112	0.106534527509469
0.146210774750217	0.184866251688715
0.0505803632298227	0.0540500628253205
-0.745858640173318	1.67880244788299
-0.010106522792167	0.010967512045534
0.506551844497845	1.04954928313567
0.601419365994249	1.16098247284924
-0.463123383984957	0.816713361129704
-0.0373405012084596	0.0472794242545097
-0.13750126736784	0.183646544146965
-0.261479354782578	0.403565486979957
-0.448737667846312	0.83424432589206
-0.125073764515716	0.158273045094429
-0.0703993369974325	0.0843703254756533
-0.544916961139949	1.07167481577309
-0.621291242321673	1.30199750586388
0.0940680719161147	0.117771768118772
-0.109127133490263	0.136704968713126
-0.353766943305565	0.589739321764848
-0.368925482203571	0.58468398743338
0.852784605144033	1.84136934343829
-0.15147561194214	0.16105960368172
-0.171991357868899	0.220237313430366
-0.244261780860821	0.351082254346578
0.0558522119216496	0.0684104160777624
0.319507518296026	0.52766128952504
0.126098730817326	0.163935501238706
0.277848538816905	0.471776597378054
-0.0730835798979269	0.0909553692037504
-0.152683763212126	0.196097737860951
-0.0100690650194991	0.0104456094984271
0.581201683676802	1.17273456376435
0.12841858907445	0.145987532291801
-0.302283499249953	0.5115655726077
0.407486020786455	0.834788706137791
-0.0107394836220297	0.0129705998850187
0.0867354513682238	0.119151895949287
-0.166756842973826	0.261070791119614
-0.285877326060419	0.458910552666986
0.372347896171567	0.628356465693789
0.0892397320021939	0.119022863569457
0.151443353435317	0.208993481135734
-0.132446918828056	0.181490310161795
0.106223505202759	0.138383846493035
-0.610362744924041	1.20649796401659
-0.44205928434124	0.885541923680373
-0.465531296679023	0.837402770665157
-0.615508429025811	1.22837022150899
-0.594867531797052	0.691448255434681
-0.135621624551013	0.177565866355308
0.0674870751637221	0.0769182597446235
0.141374118431336	0.180712027532396
0.0873899105548448	0.0955057475910906
0.21181202770622	0.276988459284249
-0.269850565051376	0.451621083617987
0.0934531179993074	0.131469108922924
-0.287168238552965	0.468704662686742
-0.401428554879091	0.641009548688964
-0.250078232626304	0.437773279687316
-0.216436846705189	0.345011000399938
-0.149093293635005	0.201063876218685
0.0362914183088426	0.0400841352705553
0.674428048138699	0.790893088550183
0.276536490829501	0.266667396747867
0.0576437701735797	0.0443307178619561
-0.611528047471077	0.381431455177288
0.251846132241027	0.386412495081016
-0.181500271169544	0.271053455038579
0.152102023862045	0.231184869613504
-0.188167691098242	0.283425851445046
-0.303697512827106	0.514947463462075
0.180743049750646	0.294500060775112
-0.122786278249862	0.176933262169242
-0.0476170912238199	0.060894058249825
-0.52187770917831	0.955822337586384
0.227361363786857	0.321308701913784
-0.266837169491126	0.330649992640315
-0.268995453645225	0.328096947577378
-0.750681763924985	1.34965762639636
-0.74998044388898	1.25860590734407
0.175377726154595	0.207474978033128
0.0121494731868305	0.0129844500682092
0.127838405332389	0.153387971417638
0.195400781569265	0.257372276785515
-0.233207742544763	0.338512520737138
-0.190065139543815	0.2655744756091
-0.141281086740566	0.194996444600032
0.0878798413758267	0.105795727080716
0.178387664338785	0.232026115775892
0.277570452433009	0.461494118131267
-0.87602516223727	2.19245636708907
-0.322016336250221	0.474258882997699
-0.262354851390409	0.406524582678541
-0.28724573967291	0.436688951540381
-0.211856557003176	0.26635234784479
-0.323364603215495	0.542094744135757
0.462887010627606	0.775625822264365
-0.0450573024347872	0.0488865942165592
-0.0260658682335284	0.0266190064476533
-0.598417271965101	1.13895103312368
0.324519277354915	0.506362909693989
0.145656130402371	0.180020177039109
0.242547377244678	0.376918203980102
-0.0917259968679279	0.111070693551008
0.116462431819656	0.133212143908097
-0.0835320335253517	0.0870792139177498
-0.138764324390433	0.182664757294601
-0.232963457483785	0.271026728871189
0.0295347057258754	0.0337311076248752
-0.170145232288814	0.24103377661742
-0.200702313527957	0.260145546716732
-0.314377143693368	0.529076408480599
0.471435054878173	0.933226143761617
0.084978296352855	0.0985795440183956
0.241335693404039	0.339700714161314
0.393664862856969	0.617067527160395
0.112055405382619	0.14099171764479
0.384782279914829	0.599651728140271
0.0464926364163083	0.0560001977119881
0.265455775333583	0.379349018251224
-0.216689956002691	0.302234655607396
-0.588492948083737	1.01943549450156
-0.0960222152256376	0.0918758645929114
0.0200407044100721	0.0176292129471111
-0.212818973578437	0.308875429253104
-0.284982959212274	0.365297842218139
-0.110336018854991	0.114801047448443
0.130583764696664	0.157535758585788
-0.164462103707354	0.178551350039615
-0.309779097824202	0.474125153316476
-0.620051563058465	1.3702350207618
0.270760231438536	0.386687364494159
0.0988604183066755	0.092959130385209
-0.0100810889852217	0.0111433258043052
0.056693320248967	0.073028312286316
0.433188630079307	0.743349793032883
-0.335422457554301	0.539324647295919
-0.831062824294176	0.927494433561259
-0.211554478281658	0.165942911294309
0.23157313193579	0.16937533991791
0.395358446325568	0.257106410022646
0.237188568361304	0.311803920382179
-0.258758008786819	0.384831051795059
-0.0804319324458593	0.101584772431757
-0.419438221881824	0.859943027722111
0.513618100214897	0.971615098214586
0.0468818093172995	0.0522431274094109
-0.00497055612402499	0.00565115039395011
-0.542731416366797	0.834932872130014
-0.555808616634246	0.993464295762753
-0.34811850508506	0.477531851807753
-0.245094426454641	0.273488164063962
-0.149854092704001	0.156968474453164
-0.11324915705378	0.11436141192002
-0.865816943633663	1.54059208093638
-0.40817959780027	0.508465933288613
0.565606267589685	0.795439460687222
-0.296782420197734	0.380751478282707
-0.104683877415657	0.107466600910361
0.465155740071023	0.609012084443858
0.166339414953517	0.199106115596242
0.0498399578873039	0.0510537004865793
-0.238253093787422	0.340161434675126
-0.159990913135171	0.203250958521518
-0.30109444455129	0.366590251015053
-0.160527673420486	0.194849418966443
0.00856476603709815	0.0087383194781334
-0.0180877424233769	0.0187060210526462
-0.84684592913752	1.79662105048695
-0.0689438620920879	0.0710419235993097
-0.133622482911325	0.136246663848647
-0.514471420648	0.70868619835069
-0.259808907454915	0.331286280546132
0.0716238859548996	0.0724167752819309
-0.194099115473059	0.22834150700141
-0.45313371814881	0.699607563275631
-0.61129772257312	1.03029155228576
0.0654930044629937	0.0703467945676602
-0.26975368896212	0.328339153266239
-0.659658989486794	1.13824031435103
-0.0740205108904649	0.0779137363248334
-0.0478000712868827	0.0533170666839554
0.318404137804846	0.356266177280353
-0.285977862764764	0.358026496640094
0.122223080681876	0.132428763854572
-0.617457911383253	1.01372279113229
-0.054164809310405	0.0612065974250311
-0.19882478768714	0.249620056832783
-0.896347608833573	1.9311931247737
-0.620553908311433	1.17616464924431
0.0927554798848979	0.103864844532995
0.0180325675643273	0.0180913137970354
0.205532477523005	0.24382815803357
-0.000656607884994503	0.000627344543947769
0.0786093498556409	0.0835971179072516
-0.132583219746411	0.140809600764843
-0.384514890931003	0.608784489205382
-0.154589635413738	0.149659850115649
-0.377770635830466	0.500839123529366
-0.382395618148378	0.527956450850463
-0.127580846255272	0.121703300303339
-1.22323891638594	1.87229007077462
-0.0536052699795782	0.0713105361094958
-0.209637262569813	0.255626697932895
0.0478626782161776	0.0552039577242726
0.415006041504731	0.736479411809675
-0.113512480318876	0.133429773307512
0.204520993862259	0.320516043841204
-0.358416478362418	0.576619068062079
-0.00618912432464186	0.00704563611727735
-0.223992184289993	0.327165649740301
-0.251103319588405	0.403560561221121
-0.70679874448918	1.94385412981967
0.125634725471801	0.180718994900206
0.282597228637484	0.41866201488216
-0.28569629115562	0.351070034820648
0.0460201672002359	0.0414830057714112
-0.948097011912225	1.58562763951324
0.315934121457621	0.266433588475715
-0.277482423240593	0.458844825475835
-0.755193542716677	1.88444150915005
-0.140132987323228	0.19203470495432
-0.103248437768139	0.144203756992544
-0.189282891178804	0.263827872899185
-0.166315685059268	0.238508083085388
-0.525121722364496	1.11407391772482
-0.0989765622090373	0.116287764139408
-0.243009273997281	0.396988448546657
-0.785195088767815	1.76379258940904
-0.611073418879267	1.10814902966281
-0.283512667379528	0.266878878172132
-0.352921163946578	0.352776566428649
-0.277111941912408	0.361583150085993
-0.040825384136606	0.0372304879491176
-0.260815639356431	0.311936922429999
0.157727360441946	0.182387092096642
0.685729453902935	1.17289600119257
-0.0343511700015289	0.0396860433198081
-0.545013152874641	0.896834223993696
0.537772276305285	0.832580688623055
-0.0430426845743816	0.0467407013616955
0.0606687931880458	0.0663354670254558
-0.56620300052351	0.851248792453403
-0.101931808720401	0.0943530323009183
-0.359918187854364	0.542536758687239
-1.2230960600267	2.56948143527876
-0.101609287020057	0.113466734431544
0.00997410374073754	0.0106063806527157
-0.640900486493464	1.14351643190064
0.0126857789083439	0.0120783729875405
-0.117433435128975	0.136582940361878
-0.0301876396406942	0.0350595399223377
-0.128086851604443	0.154538023817006
-0.137614039878831	0.159858897641366
0.11456299554736	0.136758948942943
0.472175508336427	0.720616611697238
-0.537884668022059	0.935430454682347
-0.0694673492504098	0.0733556497753103
0.161580255152319	0.237299167824274
0.138525644283772	0.157209231132658
-0.478644976548743	0.67599349118468
0.235425659128047	0.300006034433626
-0.686343739093324	1.33622121984932
0.0287201072342721	0.0310320838666547
-0.538349184423502	0.987432733917961
0.242198791923366	0.30141798234717
-0.183203735917632	0.202733501956248
-0.168346884533994	0.22391377118879
0.356735866170118	0.479479449680966
-0.626316852253211	1.05645563291236
-0.786314564367297	1.82586873334901
0.219063208025335	0.28114493540128
-0.155945186088312	0.223717437762197
-0.203094567249962	0.25525285733597
-0.0674368788530575	0.0690200402832009
0.45625066656352	0.746082640618883
0.0743085245327846	0.0841940979919967
0.30361982572326	0.456304996577255
0.2787033773734	0.394398760138547
0.11469521931415	0.139223674542435
0.192455483674643	0.230300660969931
0.258664118445034	0.38790857422099
-0.601013436046096	1.00603799157381
-0.68380023337	1.43156439083368
-0.969723454396255	1.81200836524845
-0.409328720353302	0.925870660414494
-0.427138310817837	0.733015227715319
-0.709397396094824	1.62711587819328
-0.269062375910812	0.399610644444787
0.166025106831373	0.234263469039881
-0.472285907600907	0.821624697841128
0.208860340192123	0.293164773430738
-0.352874280945638	0.648778660968161
-0.272672811232299	0.462453752449229
-0.435390190646071	0.766479218796975
0.0483023394934741	0.0572565143301029
-0.261373919949751	0.40670504174548
-0.184726931170368	0.281022251354749
-0.0445778531126676	0.0533053606084873
-0.286105667660361	0.415291465346392
-0.524736236645544	0.962112686121117
0.0474908359018177	0.0415914460687045
-0.849525881290914	2.42163756383056
-0.592859806369812	1.26356776988048
-0.18308576948546	0.227478491280433
-0.595693636967275	1.1602976039041
-0.0110282330677889	0.0112796306184192
-0.0406052624080602	0.0444320967849295
-0.543411422490977	0.78617765066205
0.206601984063596	0.255878406868169
0.00948868081788936	0.00874124131939507
-0.562678884942353	0.77931778628547
-0.433343404350302	0.482265117273648
0.221966845754196	0.238589189686175
0.218246790009174	0.206859768680602
0.199684012399109	0.204130223651868
0.319529171146151	0.330691495793139
-0.225755715622657	0.214822078052245
0.496004269802313	0.766623863952494
0.0230554264022044	0.0248819627511407
0.0720470092972494	0.0864518076073943
-0.640373592807331	1.26192968551666
-0.238052980743398	0.308906242835813
-0.668511000087635	1.30192155400598
-0.38930320494871	0.555716972606321
-0.246764340723633	0.319681909134233
0.10407713616951	0.12056924151003
-0.0351703174320389	0.0375507484976824
-0.0769163518341783	0.079530454691241
-0.179978370692068	0.224664464046997
-0.10819835987588	0.109144049320577
0.111089135047894	0.111453848619936
0.0815698532970843	0.0830728340371898
0.205763120198286	0.268108085779874
-0.558005385958881	0.898766616032359
-0.744359597153059	1.36884125454596
0.294912919883992	0.403320877110022
0.213441733684909	0.251369037238059
-0.413773300489099	0.491760959717554
0.152820077383343	0.181538036540188
-0.491675184917594	0.696278348779216
-0.628185020512241	0.819498176199336
0.220879281047112	0.245304516678654
0.22171020874967	0.252013196108211
-0.0124187426426875	0.0117369035190128
-0.228803689816864	0.254685131498574
0.000415558574674652	0.000487817472410554
-0.311582059644895	0.36913796008219
-0.339728797453049	0.532586160920355
-0.226419066131409	0.277724640391233
-0.303091659127206	0.415008337028939
-0.270038455296774	0.267879641259065
-0.569462826886713	0.819881524069854
-0.250176784827803	0.303584997010156
-0.534768763602644	0.777511942259243
-0.395823666795129	0.486120099905756
-0.381752252452296	0.509356353960463
-0.0306992223636999	0.0259980295693336
-0.258408396873272	0.317623657941273
-0.827084675010485	2.16190731060106
-0.537563150853778	0.875220479408726
-0.336329135479906	0.305117778325669
-0.502058528959754	0.66616618235468
0.51237442811623	0.545866939838267
-0.244447219644426	0.191244800151729
-0.206744524701242	0.208651110640584
0.0376116147366934	0.0528818203451311
-0.0298103750477158	0.0215830173119895
-0.570578271208064	0.634807482912863
-0.169478429566161	0.199200710137652
-0.596931149086044	0.925435601000714
-0.272058316927368	0.532062588145794
-0.374250495386447	0.804644763521515
-0.491160628002568	1.65754345336735
-0.202882499872498	0.475535871868807
-0.22942817977618	0.385957472817053
0.2943248488574	0.259999528159904
-0.0947146859095825	0.0835278870947742
-0.544450566939809	0.624031151410371
-0.0876929731774477	0.0686920569249705
-0.671812984874306	0.758009006036204
-0.355746741652636	0.379018582220502
-0.726145280079721	0.822872562855764
-0.0429381784653155	0.0304793038602707
-0.321641558970142	0.249755448928045
-0.281262563068471	0.211809094238882
-0.412577820427207	0.375479538923777
0.306491373383739	0.272059063511218
-0.0827262618925973	0.0648846348962788
0.0212866304472035	0.0173521792284858
-0.00567892808210963	0.00696974473824234
-0.00350379467157511	0.00442301894224993
0.0674008908034513	0.102205870837958
-0.155358691477887	0.188718887566834
-0.212976464437472	0.231571617335267
-0.643736981587045	0.798422299728934
0.0575595492985136	0.0420748222894167
0.343777006786036	0.355827134720617
0.0260721727375026	0.0220618560241017
-0.733059109760309	0.909599271908038
0.467582665766425	0.461879051037085
-0.224359167968584	0.200039037299222
0.212900688458504	0.206718273175968
-0.461625583545273	0.531885868165975
-0.0897893149308612	0.0705334318585586
0.205918874388447	0.175316322636073
0.127122398428122	0.0930277483892344
-0.487411139253744	0.486112457005072
-0.00636453668211584	0.00461984743519771
0.697087683593573	0.737096831717494
0.316111064211521	0.265835316664328
0.424289130158202	0.365701810610157
0.140803749313457	0.123232658322435
-1.07494703278967	1.71810578690765
-0.347632449344839	0.346105387986303
0.687172649806202	0.806230720066623
0.846054228108721	1.06605143419361
-0.148670631157681	0.144961112647834
-0.556828804760143	0.596591500101426
-0.367699812332658	0.352842435231292
0.444989247426426	0.459461338353736
0.224932150587848	0.184469273440471
-0.63366365193838	0.740286486947872
-0.688443338182076	0.855692189201777
0.0772633429630918	0.0615315173882854
0.394698315691285	0.368197948095193
0.549316610075566	0.570773146833795
-0.252785527215712	0.217603048903293
-0.132836168073769	0.131694572855512
-0.260724849688805	0.326855123607737
-0.414361901285414	0.429386014859653
-0.616150150024854	0.689830244790493
-0.0860287477483913	0.125754999167937
-0.098956898566709	0.160092796042647
-0.342898498348089	0.884247948150965
-0.18402374136324	0.277920467678053
-0.124905717138839	0.106967740403212
0.0672158265468158	0.0537394163263628
0.0651805627206457	0.0488625950554675
-0.475288192722198	0.334935075835888
-0.17778667706215	0.14119111711025
0.0105160552478883	0.0130873837060669
0.0316152183653535	0.0267621376004755
-0.0484585572856991	0.0401985007561718
0.0762675431321832	0.0633943172772963
0.327053356279729	0.347116077291572
0.674264711982151	0.76831537884385
0.820900699140195	1.08049258630247
-0.0141003641225587	0.0102394352607303
-0.163333395952109	0.137338566770993
1.00464059780215	1.41289782297867
1.28565578840615	1.98428985038035
-0.135335832872297	0.112897616918192
0.603237673460935	0.650421672138241
0.300640902684872	0.264401419700558
0.427629570669493	0.361111249331968
-0.363638557180838	0.272812627574357
0.147096937547757	0.136750027321192
-0.0348902329552804	0.0250754652119261
0.658507065388099	0.697085362919818
0.134918823872519	0.100159242539856
-0.461721349244864	0.504076274666567
-0.541248587970458	0.621332166475328
0.141822557116456	0.145770769442138
0.0627797719648997	0.0494318284749005
-0.495201830803208	0.549694925579866
0.668473015540133	0.935762877383087
0.397340003105977	0.356573471120076
-0.111234115988023	0.0865514185728522
-0.284452114243303	0.267602097991007
-0.243817825369802	0.209861141314825
-1.10325507782354	1.20331770143068
-0.478782612203036	0.500937325288751
-0.158361329751261	0.132378900173676
-0.0195794457681731	0.0143505718272663
0.0183118747060443	0.0142579142893263
-0.206926392369059	0.185889280232974
-1.20577230194214	2.56278102107201
-0.698012426430462	1.45371022153773
-0.35815305867002	0.620888736386084
-0.176773873317014	0.145421200681989
-0.232400991174007	0.260130141828338
0.0678292361262615	0.075567146709026
-0.214009370089202	0.236192794382208
-0.53398563487682	0.628003240536957
-0.0401084373571792	0.0289825975541117
0.4827826852558	0.591550352407578
-0.0688769476296356	0.0605791573842677
-0.25095586913439	0.216507378304128
0.351413169247994	0.356345050928641
-0.551849767851706	0.68939686517034
-0.497091257090099	0.496845039905761
0.223387963650231	0.199275996640671
0.0967553333807911	0.0869689490570658
-0.155737126850035	0.130808615798599
0.292618072975462	0.273495234186522
-0.301181369225197	0.277002452897301
0.212032029773473	0.187998340899259
-0.460657556069071	0.425642781655123
0.573845551246687	0.659567603156156
-0.169111996917061	0.124725319361658
0.055389570620788	0.0413725506369496
0.473658278624442	0.532577444410425
-0.142532532157647	0.130994952155337
0.939780296388584	1.42857721122421
0.28739639522817	0.266895547645832
0.155821856833799	0.130846968248104
-0.458385244401657	0.502647731928784
0.486549324273213	0.45933273775869
0.434074853496806	0.439212608746309
0.0369253771176738	0.0300535085597316
-0.469474808286807	0.475373519369149
0.206975565467562	0.186192566252765
0.73490227574133	0.941192867742202
0.00682448413631409	0.00530374816047225
-0.415987509961399	0.403610082070133
-0.684894932014765	0.857854933303137
-0.287349565861662	0.603380067545805
-0.552679145343151	1.51377943330566
-0.135201224187662	0.116450319117425
-0.347485831608461	0.367477550918619
0.231136016667219	0.16259041886758
-1.07193494865662	1.48143542546777
0.484583652315904	0.533273640987789
-0.231045209604935	0.204757131645378
-0.722108618553891	1.01792731656336
0.00744619589795712	0.00474629262085596
-0.0786543027169726	0.0683993237816595
0.0917479520185212	0.0784636733844617
0.306935888026061	0.258276408681108
-0.0432283397007318	0.0310311590061621
0.26907644784818	0.262109674468732
-0.123514467230149	0.0942928124478382
0.426656920876266	0.449689795074199
-0.143807408961282	0.13301118128517
-0.782300675923887	0.997177450717382
0.537226410543467	0.568716888966518
0.612475634018868	0.65261463292432
-0.15062457558718	0.139158941058694
-0.20213559140512	0.208774784885887
0.336173877275841	0.354291069500703
-0.261280096850997	0.287390854234508
-0.0303220948428634	0.0218582652087523
-1.13574003929041	1.38642139980957
-0.67727235281666	0.691229473029982
0.0537215001956404	0.0386562421144922
-0.0424246779715235	0.0298033683728655
-0.677133021224199	0.558957011923276
-0.132807440186353	0.166282399923475
-0.544491718348562	0.630642193682184
-0.307091799238138	0.282969246301791
0.0172995238395149	0.0135587893174648
-0.505862910444465	0.514009901038327
-0.17087936890674	0.127285256152368
-0.900802284735576	1.09970073893874
-0.611955411029373	0.659459691892417
-0.277727464252013	0.241747603972815
0.0402677305444096	0.0281724189473691
-0.0123597514763376	0.00902379896947307
-0.83384510666764	0.952088722447107
-0.457313950834791	0.540068208732882
-0.78263771340529	1.01020626824812
-0.123156959617419	0.104739525565672
-0.261828641634804	0.250736057798217
0.747465468174328	1.01383637404054
1.00768061877883	1.74953346438096
0.333943187519571	0.263536509585131
0.0501483585934791	0.0361111223347035
-0.245096907083551	0.194231811943166
-0.298335027418255	0.257349177759897
-0.147382278328817	0.119110530471122
-0.855563747493614	0.893709909602985
-0.066069917999778	0.0458202189779084
-0.260507277076236	0.227899083337874
-0.0111572236815536	0.00829375548646905
-0.581569499831433	0.662023772135938
-0.962543939848097	1.23334855956698
0.215850233182616	0.192305356768857
-0.127732365847452	0.108505893928437
-0.509385798487494	0.588268833570369
-0.474421949714686	0.455295161063216
0.226541625714909	0.190465656480419
-0.628031879450502	0.589409575323817
-0.268117060580796	0.647343178789157
-0.148329977265825	0.327849056350869
-0.284303794504371	0.238022012812562
0.0429133191667404	0.0308124188627983
-2.04790813930508	2.52997442973979
-0.0629827018360784	0.042630414669085
0.23783594566617	0.142664087023185
-0.452608098550711	0.367047243322552
-0.222746178967574	0.154569655879647
-0.265955269214588	0.185909946579823
-0.278350968361349	0.214480790810118
0.332700507918814	0.257120696919921
-0.473613966875922	0.340567821624864
-0.26715894258368	0.14204165000613
0.599640760502923	0.553752037865383
-0.114585674663835	0.0528412401756174
0.952058999780103	0.843710427161865
-0.276397765876545	0.20894687340453
-1.33255122223274	1.12573596378974
-0.272888873657845	0.237268633426895
-0.412882630315091	0.305873845364631
0.772473881745194	0.85418284894009
0.0134042910651529	0.00859786743562131
-1.18352944026649	1.67243078433178
-0.438029338766709	0.426062469619945
-0.46593543749821	0.372627605595812
-0.20158954149671	0.14246214983317
-0.0918032854633536	0.0594820206921743
0.109859640042044	0.0716446702505484
0.411629444290912	0.351475025654987
-0.612375219099243	0.524205186668246
-0.263813566101245	0.183149114883339
-0.501478452551279	0.435609582040013
-0.703647235493533	0.702279521822107
-0.186517595915499	0.13476763540048
-0.563176669843077	0.286597049035606
-0.523737172995262	0.405179564388652
0.127348382482505	0.0938497086424085
-0.164554680263649	0.409682856323819
-0.17907784508208	0.275106085562613
-0.366773673722142	0.275283117092875
0.535013406946119	0.367559348778964
-1.11391243934401	0.874045207661768
-0.531740001857302	0.352554008342953
-0.193264831738628	0.112390572092354
-0.593051800361168	0.433090955958555
0.104252126310696	0.0675721927273573
0.774871736387049	0.519346518078864
0.0847072856864642	0.0386644029335306
-0.101311399006143	0.0490119141522148
-0.273319755102237	0.0919567638260481
-0.675508517801652	0.340373406179181
-0.376109829195797	0.771871923071915
0.0779653662390036	0.0434087124170488
0.345495480900294	0.240347284857908
0.0112146912975792	0.00728275545666955
0.71385834753556	0.606140044833357
0.818707899711599	0.892103240863508
0.224484288019721	0.165298648407479
-0.00933542192761413	0.00551662618337518
0.477307081678581	0.372005805186934
-0.668383738256045	0.494339329581551
-0.126820207532857	0.0821084043590434
-0.308362556454317	0.202570552913901
-0.691099156299883	0.637794832033012
-0.408171643639046	0.250482066408733
-0.472990565726675	0.269440813633333
-0.13878739072001	0.183780297139929
-0.397304543978518	0.729089560756258
-0.144839843715146	0.173971679666948
-1.19326076082839	2.45577036486624
0.0759031040576528	0.0643107634442347
-0.237708148812644	0.250923940473661
-0.224716183777546	0.243625894378027
-0.302095785668881	0.353781041669512
0.12573276171686	0.0939136307758081
-0.108472652365827	0.101035158590018
-0.222729883797139	0.211487280194166
-0.0255266773530562	0.0184494989233607
0.0770348024938482	0.0617599707119317
-0.201056356840378	0.179815640123644
-0.315067352396243	0.162791543166072
0.0129914705681121	0.00983961650252575
0.265925710959047	0.280574324146847
0.123855854971543	0.12908211657428
-0.672117508387619	1.18358290420168
-0.251888768231438	0.375438876645194
0.0340148638611993	0.0279443335561467
0.0774200125569831	0.0612783485934719
-0.167270970120524	0.152944929263597
0.0490614633453828	0.0442871852594993
-0.335245325997952	0.285941556799946
-0.100578862369905	0.0880875557439436
-0.261978108108052	0.279149615580693
-0.334745721755764	0.352586661592117
0.588158549475246	0.742255465727977
-0.473010135765804	0.449673658214718
-0.120041312145931	0.104403648865226
-0.580649091209505	0.708678477129663
-0.045791737845103	0.03253657738109
-0.603110243973513	0.707625008398692
-0.416247631165394	0.539575182436347
-0.393881170902131	0.652355843716231
-0.162097302839489	0.158761798352735
-0.441080691988439	0.567781741136481
-0.297494257527238	0.301203737559057
-0.269975920582018	0.304867611803499
-0.358865567924419	0.342564367426409
-0.0132856544803796	0.011179838594103
-0.403086551813196	0.53572178118754
0.108228414684167	0.103516539903005
-0.178116654342052	0.236083551968996
0.0766435825126667	0.0767080762532915
0.0854947105567878	0.0746569279172066
0.116204827289215	0.115015315900753
0.124708884497962	0.130695324363332
-0.653530487242291	1.16229793045717
-0.309692878963699	0.3754145082917
-0.573242362877844	0.820675297243937
-0.0100627936235708	0.00956605924021748
-0.0643268895650034	0.0577789488070193
-0.101084659997427	0.0975707675274094
0.158116106958249	0.154588530331059
-0.0973276674958513	0.101457937189588
-0.0934496981833525	0.0943358519394919
-0.0450404802381106	0.0368981544338859
0.080463216239496	0.0641051086797457
0.0351419004212355	0.0305606645862543
-0.515933749885535	0.543332820269929
-0.19208497223307	0.216778224494819
-0.517420158516657	0.494463629329197
-0.231485408332385	0.256624302450137
-1.06107175332165	1.52278966361181
-0.209991775655474	0.217490172759257
0.157012285657189	0.132572106385424
-0.104279539843455	0.10345234341836
0.182538640425035	0.186145103857024
-0.178476996892503	0.177309222016342
-0.133254114730505	0.145471466803979
-0.306071410073791	0.362794184060317
-0.313892420733047	0.39144949123443
-0.105024737254465	0.0895110562151131
0.196892822054504	0.22314339485723
-0.278556412253075	0.361542045789628
-0.0387498554188816	0.0334484657453599
0.127275754605991	0.113436677955596
-0.387151636651469	0.479730003737298
0.110542990540467	0.109767435638012
-0.158776308535917	0.198523144516042
-0.19915872431987	0.213261123823039
-0.0625100277643588	0.0606059496631291
-0.0501458019116392	0.0500464812821797
0.122795138469036	0.154148410397545
-0.260498967796406	0.298641104474453
-0.409974421393117	0.486798638889244
-0.273422506162872	0.321077020726108
-0.24174792837455	0.260978551174473
-0.168120742106618	0.177732349003108
-0.313044391626121	0.397369152374646
-0.448939981411683	0.627690547318509
-0.200243179486223	0.175919925463175
-0.118634870837131	0.124203947347799
-0.420230030757084	0.476593024823579
-0.540643858893372	0.820264180111914
-0.0429202503802754	0.0411842254453169
-0.104689967672432	0.0973969133709732
-0.250508444667369	0.308513963640856
-0.0148244657872673	0.0140867597598205
-0.0614719023952635	0.0506967617223733
-0.26213280948739	0.317979675037069
-0.671442199736386	0.936470820827542
-0.317946677571786	0.466259492450348
-0.240462522332386	0.350472901372174
-0.76187775315696	1.26268037920877
0.0317308007505902	0.0294993651278998
-0.177254185181763	0.173832315490391
-0.204474533378252	0.184160459041189
-0.221006834424989	0.207077276894191
-0.353475998689609	0.376687463932866
0.0224390920782973	0.0169662132408521
-0.333757840176338	0.383572863612602
-0.324852214995135	0.326037782824042
-0.493367151858264	0.49016036799041
-0.2766948691975	0.278591781335398
0.0744977739605291	0.067757768141522
0.203519361082938	0.242567958627891
-0.33280868318519	0.355061355204978
-0.281408212527484	0.287436298623094
-0.274797149280439	0.28047948162698
-0.175653041510269	0.177156645205607
-0.404853770221774	0.417302508006463
-0.328142244244374	0.341730293455695
-0.704528494293699	0.903450592126701
-0.233061604561586	0.22781299658005
-0.0480883133889956	0.0381298745710561
-0.414636864534278	0.398446066658441
0.0144611014621957	0.0117947255020566
-0.257875549747646	0.30499521227219
-0.259755689125711	0.243434029519307
-0.485235461472114	0.460549018135942
-0.0195794457681731	0.0143505718272663
-0.202052205724298	0.183238123842294
-0.851841311387231	1.05498142170137
-0.311168523536453	0.309264880913034
-0.144635585195545	0.115297072594924
-0.59962966464302	0.726405912562509
-0.304029716483587	0.30373464901834
-0.418092925184133	0.458892321370927
0.954791523338097	1.66933482288154
-0.0202924590989394	0.0173488839919918
1.04560980060533	1.64741410905017
-0.874939316810523	1.34475913106406
-0.553971181686885	0.7759637817279
0.842777066863284	1.55963597443668
-0.150669375810226	0.142461128214901
-0.659740410207858	0.836027248811081
-0.341469178060496	0.337752500609809
0.148689300846718	0.128858907112311
-0.268794987814199	0.293401451797669
-0.409021009144765	0.423102214955914
0.125051097864133	0.0940024892892171
-0.235955719038733	0.250823761821477
-0.533130550624581	0.653122075114259
0.205198547167431	0.194889287226907
0.0945335288956951	0.0862343452134679
-0.320904221061904	0.322587390715084
-0.957381849231884	1.54465183407549
-0.6366781041981	0.829169193972741
-0.0439761236700011	0.0394620134685842
-0.160913279654388	0.147972510996107
-0.18841589605936	0.18324330542554
-0.502151419543067	0.616998656716291
-0.151007574962397	0.141822361308314
-0.527773220980155	0.681666228266178
-0.129804350241302	0.119548839597045
-0.629485379048522	0.69734051097083
-0.353859136229056	0.393299302046477
-0.467791985585053	0.483364342544622
-0.750203624710368	0.980831568900461
-0.832385102654034	1.35305212479834
-0.466133530515339	0.483087472891934
-0.181870178518629	0.109820546277304
-0.655805020325299	0.488638473376327
-0.33129199896973	0.321859804107913
-0.224605979947782	0.180066161480093
-1.01392542309219	1.06523748253005
0.541534469762969	0.55957837342255
0.142351925643478	0.117647732752676
0.21295821487616	0.154513432340589
-0.329380585037702	0.282919342667014
-0.0288694672161335	0.0208128338261942
-0.288365000076866	0.231579999687699
-0.489564929592679	0.431562369263233
-0.0236975899809922	0.0140029470882896
0.211958558091946	0.180835251290727
-0.234705628411886	0.162173406124261
-0.136026973141732	0.101610715698415
-0.296978133183902	0.256927804103354
-1.78780474087673	1.41683160517304
-0.101004139812856	0.0475560342088784
-0.19597926110985	0.118434038660009
-0.123734021526881	0.0564583834825327
-1.00066360221033	0.722788807135572
-0.124250696752642	0.0790896700470621
0.250898822800531	0.137425468140468
-1.17825279547489	1.10294629411401
-0.273228952041418	0.147831333870874
-0.150081850139274	0.093355020785557
-0.193145140117321	0.117413040068494
-0.463212567210744	0.313624603083175
-0.0843911949225362	0.0425805084714569
-0.660726567910105	0.484730713637333
-0.290875582052229	0.275912962081457
-0.116545197920143	0.107692117197511
-0.168077404079676	0.153783511906956
-0.131652984679193	0.124341199070752
-0.203503497793668	0.181304714039139
-0.148360228556474	0.124753204857658
-0.305461166569978	0.281671420226611
-0.647802824579245	0.813586841013402
-0.193117327395084	0.176851830639254
-0.123194509735268	0.116502649769048
-0.199261808983526	0.210363543333858
-0.0846230256000482	0.0799514947786671
-0.0506047351129114	0.0465756859769148
0.553162626079726	0.717341779786234
0.0117879447172981	0.00869057540150362
-0.100940122995096	0.0976566098248774
0.0760513180002178	0.0635884755581917
-0.372353061826918	0.3674044968489
-0.241571207058194	0.220494412458398
-0.298450252525144	0.269410820157571
0.00344282828318848	0.00294260022535521
0.00607052494442551	0.00514248022613824
-0.242006731295936	0.263774450762591
0.0128478011810311	0.0104752824893878
-0.074973414356676	0.0674570421126166
0.0203155828788084	0.0186421609601108
-0.0740670057717635	0.0668420214037434
0.100210111439011	0.092709087083137
-0.097766062767697	0.0926724291270754
-0.115640953304912	0.11526928164436
-0.120699600735501	0.107648290155085
-0.527565291662946	0.493726043335378
-0.120986961696382	0.099854269650058
