x	y	clickSelects
-0.0429806237691499	0.547548917531906	14
0.085575542117094	0.947973787102442	251
-0.02490409297271	0.631978238469499	49
-0.04742869369456	1.05861673886528	49
-0.0449514803050199	0.546466462629144	2
-0.0486837661095501	0.554180702760555	105
-0.0422786009742799	0.532474866662391	5
0.040277586813681	0.906965821085628	471
-0.0497426195938799	0.542565652173964	392
-0.11865415115602	0.886818859301428	46
0.012475440182926	0.829445341995907	46
-0.0857478600239401	0.438070258786727	299
-0.07805751488143	0.442901639686901	18
-0.0810577466129301	0.448088197085771	183
-0.02043076606287	0.651049406220461	278
-0.0890636223755501	0.434336886165647	759
-0.0837088943720199	0.447242016932699	17
-0.0860816080203499	0.446546351485114	14
-0.0804090722131401	0.961677058321198	339
-0.0900289995526899	0.98972627345024	17
-0.04039812310937	1.23605221604348	17
-0.12119320536236	0.916793739341404	759
-0.11282130792856	0.864281068915784	759
-0.08101831948812	0.457426544657416	338
0.000318152805090954	0.726178855979872	9
-0.0813529146002001	1.00274815804448	9
-0.12457803389601	0.911760159651618	2
-0.0813498736907901	0.460940174958639	49
-0.0850892774609999	0.985145296977884	195
-0.08737957692897	0.449100991841052	105
-0.08706378584202	0.461189355309019	5
-0.0476245525988499	0.547283365850488	46
-0.07805751488143	0.442901639686901	304
-0.08164350357616	0.447431836370305	319
-0.0837088943720199	0.447242016932699	1
0.121682013280298	1.29066519168027	17
0.082438193677183	1.0791514749685	17
0.118226161838207	1.28891473597788	14
0.043451704629392	1.27786534016828	17
0.059170713998483	0.962433882973196	575
-0.07771405685851	0.443669879071619	195
0.036218766018988	1.23628170450824	195
0.012852651194336	0.81643178553686	105
-0.08101831948812	0.457426544657416	105
0.021605741704519	1.19900735742494	471
-0.07165141116526	0.908041695553876	110
-0.0121609329421299	0.63487145074609	110
-0.0241592048577799	0.614766580347864	110
0.0802584602404211	0.958511948644647	110
-0.09311099420489	1.41446619993195	46
-0.00407501553008993	0.721099207207723	211
-0.0167859664281	0.638056283754234	9
-0.0867493664681001	0.446436226512887	9
-0.04387539623257	0.541451007948211	319
-0.0833744356558901	0.445279940231538	1
-0.08197459667148	0.450745147906183	1
-0.0857478600239401	0.438070258786727	1
-0.07772515013054	0.446297540699	92
-0.08168152666549	0.460839725512664	28
0.00896243779839101	0.824069856151866	26
0.123920692631581	0.571835171829607	17
0.0711370820820581	0.990927127537743	9
0.060857307295045	0.963068423768268	9
-0.08101831948812	0.457426544657416	468
-0.0833744356558901	0.445279940231538	110
-0.00317675844271004	0.743976756032777	588
-0.0401399043489601	0.518031851189604	9
-0.0508162675074	0.523961586526415	299
-0.078378000367	0.446844468464748	9
-0.08641544348807	0.448514254954964	9
-0.0870463571596001	0.44051586604178	85
-0.0867302147898601	0.459079468721275	1
-0.0883797597312499	0.440426178066634	28
-0.08771288392014	0.451093662399439	17
-0.0255535566362499	0.63222629071939	17
-0.0443843327331801	0.53624272253223	17
-0.04404861675223	0.547268009521798	17
-0.0483405368230501	0.554143878991696	9
-0.08101831948812	0.457426544657416	9
-0.05265895581522	0.522957784613568	2
-0.0863967310841201	0.449979433985566	49
-0.0533595106154101	0.537048983506398	49
-0.07739287214911	0.446383782844418	195
-0.0501004083566801	0.540926719030748	471
-0.05054009092778	1.06356154235362	17
-0.0178276411682701	0.607205807029831	14
-0.0978620851902201	1.22695137313631	17
-0.0823057883132901	0.450656437505055	14
-0.0167859664281	0.638056283754234	9
0.073486908047171	1.01717251814223	9
-0.0804187921481601	0.992939584413498	9
-0.1199077732506	0.890632972232453	9
-0.11656702690915	0.889469974834878	468
-0.0224438972796599	0.618545194756051	49
-0.0392266094150799	0.541615420653676	195
-0.0810577466129301	0.448088197085771	5
-0.02126269293906	0.650757438150134	5
-0.0406418578435599	0.535017940356644	110
-0.0392376548114499	0.533192129086267	46
-0.07739287214911	0.446383782844418	1
-0.03514754441663	0.588464884684678	103
-0.0392266094150799	0.541615420653676	479
-0.12239391562647	0.910637894485309	26
-0.0780459853101501	0.446931079889871	247
-0.0551202408362199	0.522826491716665	26
-0.08706378584202	0.461189355309019	26
-0.0857478600239401	0.438070258786727	195
-0.07706068089653	0.443129495322646	195
-0.08197459667148	0.450745147906183	5
-0.0823057883132901	0.450656437505055	9
-0.0894006406221901	0.434317258227433	247
-0.04389102916119	0.537035175363205	14
-0.0840434409336901	0.44517049740521	5
0.080510145610547	1.43207843653159	14
-0.0486837661095501	0.554180702760555	195
0.055162310460512	0.947170059819431	289
0.042994281328856	0.879820104476098	9
0.115282693551668	1.16248380786324	323
-0.0785470449377199	0.975962994872718	323
-0.07871010206958	0.443440977317822	85
-0.11993436668374	0.924315550787736	1
-0.07706068089653	0.443129495322646	1
-0.0408420069102	0.518354736591416	1
-0.08641544348807	0.448514254954964	28
-0.00906720316855991	0.714925674561958	28
-0.08168152666549	0.460839725512664	28
-0.03450415367685	0.581743184370864	26
-0.06639142823998	1.28497283996263	235
-0.0433365284896099	0.550302875647422	14
-0.0157176289248899	0.641304381861707	14
0.00468061894528704	0.736486601051094	2
0.033671219765778	0.900659576940574	2
-0.12319590858855	0.912041592758005	9
0.119597911659115	0.683951410065435	2
-0.00300794077616007	0.749841197084695	2
-0.0479683137920499	0.536272462268727	176
-0.04961723911335	0.531519433564359	176
0.012008985724752	0.829131278018697	176
-0.09241691410108	0.447166800655785	46
-0.0820132784613501	0.457159153484861	9
-0.0813498736907901	0.460940174958639	323
-0.0927530341376599	0.447138652626451	106
0.05737829343498	0.975470680383162	17
-0.0436925261361001	0.550204641337599	17
-0.01678617547232	0.621413098508825	26
-0.08039361582286	0.44490351378498	9
-0.03958316343186	0.544312522190088	9
-0.04728111999486	0.537284701128922	9
0.0762287469917991	0.99421031425193	17
-0.08321816901914	1.69068391095719	26
0.011632151261465	0.835185431914209	17
-0.0040906393025999	0.733155504193708	14
0.03883769759912	0.884107604184492	2
-0.08197459667148	0.450745147906183	253
0.01304618434072	0.80872913778342	253
-0.000316842699130016	0.750457600909693	5
-0.0440382686093199	0.55191295655363	10
-0.07368981016402	0.423481407242762	28
-0.0873974442815399	0.458946386739459	17
-0.08168152666549	0.460839725512664	26
-0.0827256095492801	0.4447398398429	17
-0.0860816080203499	0.446546351485114	17
-0.0813498736907901	0.460940174958639	17
-0.0456528632414199	0.537240177140695	17
-0.0813498736907901	0.460940174958639	9
-0.04404861675223	0.547268009521798	9
-0.0820132784613501	0.457159153484861	9
-0.0813899605544599	0.444675140890848	9
-0.10078645930967	1.45084516527251	5
-0.0433365284896099	0.550302875647422	157
0.124292721749281	1.32095356531308	5
-0.0739587856397499	1.72849460934841	5
-0.0886245571675199	0.974107797941516	110
0.020228887881069	1.48272007535677	46
-0.09341035510448	1.39388582001163	9
0.11426598166779	0.665561133845625	9
-0.0392376548114499	0.533192129086267	9
0.00744973688548001	0.824996989048062	1
-0.08101831948812	0.457426544657416	13
-0.07772515013054	0.446297540699	119
-0.0813498736907901	0.460940174958639	1
-0.08706378584202	0.461189355309019	28
-0.0823057883132901	0.450656437505055	28
-0.08164350357616	0.447431836370305	28
-0.078378000367	0.446844468464748	395
-0.08157845528198	1.51249406408666	26
-0.0162428521306099	1.35070108963604	9
0.067473057656653	1.0242769469664	9
-0.00255535639541993	0.745386185947661	157
-0.12113550505702	0.890567628079207	5
-0.01691205976512	1.09918197106124	9
-0.0436925261361001	0.550204641337599	9
-0.0399289994230301	0.532519085075892	9
-0.0117466791793801	0.635003520255172	9
-0.08771288392014	0.451093662399439	106
-0.0171974179301699	0.637923491316443	106
-0.0433268932008799	0.542967604373717	106
-0.0843780753821901	0.436746974057161	68
-0.0399289994230301	0.532519085075892	10
-0.0167859664281	0.638056283754234	13
-0.08706378584202	0.461189355309019	1
-0.05031812819926	0.523021245396048	1
-0.08706378584202	0.461189355309019	13
-0.0823057883132901	0.450656437505055	566
-0.08706378584202	0.461189355309019	6
-0.0823057883132901	0.450656437505055	28
-0.0447398963954799	0.538849814430094	343
-0.0399398107025499	0.544219450927041	157
-0.08309871440516	0.974964706940241	157
0.015415353430796	0.846127611785975	5
0.122416766676815	0.6786000861909	5
-0.0483259930431701	0.548856738586121	46
-0.0499781893540201	0.527711439473337	289
-0.08101831948812	0.457426544657416	289
-0.08497385089577	1.00557772690833	9
-0.0823057883132901	0.450656437505055	9
-0.0820132784613501	0.457159153484861	9
-0.08168152666549	0.460839725512664	814
-0.0433471066119899	0.532241356090895	44
-0.07347757048429	1.27195862160407	17
0.0331161640996041	0.915409234979829	26
-0.09362042358007	0.945560082846899	17
-0.0827256095492801	0.4447398398429	14
-0.07435467728816	0.951407254159223	190
-0.0436925261361001	0.550204641337599	343
-0.0508764596457401	1.0398709804947	9
-0.0486986699012899	0.55239904354299	9
-0.11831550172477	0.814471197639666	9
0.058798894330395	0.931949798413255	9
-0.0884193913918201	0.433827853399427	5
0.123920692631581	0.571835171829607	5
-0.08039361582286	0.44490351378498	9
-0.08164350357616	0.447431836370305	9
-0.0813498736907901	0.460940174958639	9
-0.04439409555026	0.55181324666839	9
-0.0813498736907901	0.460940174958639	37
-0.06064126739406	2.09945627272378	26
0.069920140420387	1.02664416543554	235
0.065701847346868	0.994003161554319	17
-0.0501235227972101	2.16337785344889	9
-0.02880161854132	1.08822918817501	9
0.00607766081495398	1.08759197252466	9
0.105882862298097	1.20959960661513	185
0.092486632530023	1.04640586754735	5
0.036840642536584	0.895390847421233	5
-0.04150575886978	1.2987285052876	5
0.00914754246926297	1.07970075839972	5
0.121793873741991	0.67174721397175	46
0.04520382650323	0.876461539169945	9
-0.0868646297696301	0.986679772831111	9
0.000285557919903034	0.753310475105887	9
0.017558256239855	0.815426132352454	9
-0.08263707855051	0.447197086935021	9
-0.0873974442815399	0.458946386739459	37
-0.08641544348807	0.448514254954964	814
-0.0823057883132901	0.450656437505055	1
0.026408605917508	0.790199872415346	9
-0.0250728841701	1.35271166085258	9
0.071499412940899	0.990674170520953	185
-0.12322298674928	1.16568766442496	5
0.0688628258071881	1.01582826609369	5
-0.1144789938335	0.889908811655977	289
-0.0985690863117401	1.47176756525342	9
-0.00391354083697992	0.749373168624928	9
0.00287531321579104	0.703066042908478	75
-0.0674826776587401	1.2949706506706	37
-0.0201049680761201	0.646484419026069	68
-0.04728111999486	0.537284701128922	10
-0.02522870414898	0.637660114791863	10
-0.0436925261361001	0.550204641337599	129
-0.0447500153737901	0.548856914686032	85
0.04851750661636	0.838295266798366	263
-0.12262441268866	0.883984581756163	263
0.016621566417094	0.780375264059275	263
-0.08101831948812	0.457426544657416	6
-0.08039361582286	0.44490351378498	6
0.072413131879861	1.01015856042022	9
0.00456055839033698	1.46137060703986	9
-0.0655481277025001	2.24020970627615	9
0.073995312809486	2.07115191871211	185
0.124636035941484	0.689034267903953	185
0.00142544930916499	1.13363847000845	185
0.00437462163511704	0.734195072084099	157
0.120721872634003	1.48355707319373	5
-0.12260255407787	1.42617662315909	5
-0.0741865539101101	1.93026658669392	9
-0.02232760327793	0.634143031343162	9
-0.078378000367	0.446844468464748	268
-0.08234512912717	0.447089783724206	83
-0.0807256317188201	0.448174635687186	83
-0.12353072274631	0.869499158042466	298
0.104306215739981	2.10735018172896	185
-0.12434593236609	1.52358502502576	185
-0.10005267752168	2.09023972460469	5
-0.07117876416711	1.4138717122308	9
-0.05071856781773	1.4641506456565	9
-0.11650095583969	1.36772359371986	9
-0.0869562695380901	0.976395324087274	9
-0.0404826532928699	0.517000574527257	75
-0.0529993177516901	0.537110981137325	75
0.011632151261465	0.835185431914209	75
-0.0087483283410501	0.738904677029318	10
-0.0807256317188201	0.448174635687186	129
-0.0823057883132901	0.450656437505055	6
-0.0497426195938799	0.542565652173964	6
-0.0813498736907901	0.460940174958639	6
-0.05440045472675	0.526554635420878	6
-0.08737957692897	0.449100991841052	83
0.0900220679711921	1.49823802875945	9
0.101820633725661	1.21750868936009	9
-0.0343989317343301	0.590229550173936	9
0.0189649815344241	1.99263508725905	185
-0.0451060281240101	0.542543102794733	5
0.104351139740387	1.18336311807423	9
0.119470214324256	0.678396532460209	9
-0.0486837661095501	0.554180702760555	37
0.000625438472499962	0.731035468560021	37
-0.0426346764924801	0.535045338991779	68
-0.0175240715220799	0.622735683459678	129
-0.06207528167125	1.95814074568498	9
0.097803380283356	1.10213052480925	9
0.082553008883093	1.0699413294552	5
-0.0592053395575201	1.28302500735089	9
-0.0440382686093199	0.55191295655363	9
0.000318152805090954	0.726178855979872	37
0.121667605135909	0.67870418546885	10
0.044653243460744	0.882989976425212	10
-0.0216788677512401	0.645828402730134	10
-0.12365267597941	0.915228918817901	10
-0.08168152666549	0.460839725512664	6
-0.08737957692897	0.449100991841052	146
-0.02321888835852	1.11224011277612	190
0.022547825396549	0.826218034571262	2
0.124507903277683	0.692602973971289	118
0.038399618019367	1.87859523482497	331
0.089799053267578	1.08405037390898	76
0.090454973236233	1.04203514463293	9
-0.00797397340124006	0.73554097703991	437
-0.0392266094150799	0.541615420653676	146
-0.08101831948812	0.457426544657416	146
-0.0490416330355401	0.555759314266047	242
-0.08479205486682	2.2087534354347	235
-0.11069137272915	1.83463850455629	9
0.079822670436704	1.06747728447723	9
-0.08263707855051	0.447197086935021	9
0.1234691017173	0.571765362038615	68
-0.00697803154383991	2.31684097206248	9
-0.0921997228152001	1.8137189345591	331
0.028739665808147	1.42023769594138	9
0.043414525813346	1.29438682235559	9
-0.11379723091286	1.338600037162	75
-0.03888083588289	0.533273572471317	75
0.00532219865373895	1.12816691049035	68
-0.05031812819926	0.523021245396048	13
-0.0408592437028801	0.51196519969817	263
-0.0483560365628799	0.532095879687275	69
-0.08168152666549	0.460839725512664	215
0.056870271585392	1.32426302985226	235
-0.0123360548554099	1.0913618398073	118
-0.0874528635482501	0.946601485966893	289
0.045622377652731	0.867917153775514	9
0.11341743336569	0.661109660190623	9
0.019002013400911	1.17277482598671	9
-0.0495808167882299	1.00188139746679	37
0.00392343996987798	0.733986220567703	37
-0.0436925261361001	0.550204641337599	263
-0.01604706037395	0.640278684152302	6
-0.0450955528099399	0.538764739476133	6
-0.0440382686093199	0.55191295655363	397
-0.01489509936705	0.632056280372253	325
-0.0780459853101501	0.446931079889871	57
0.0604277266825271	0.952827085767344	190
-0.0784564850525	0.957340602048371	9
0.011542386158636	0.825582207353274	9
0.118886989642644	0.563777159378581	9
-0.0451060281240101	0.542543102794733	75
-0.08168152666549	0.460839725512664	57
0.0955530163271689	1.10126765396497	9
0.0656497581772451	1.77612412487742	185
0.053258292214965	1.32643032169348	185
-0.08164350357616	0.447431836370305	118
-0.1127681247649	0.853544652058093	9
-0.0443843327331801	0.53624272253223	9
-0.0530545736461201	1.0457065531164	75
-0.01687104177693	0.637362084385763	37
0.124795954153785	0.66557367654812	37
-0.01793505345613	0.622623176763268	10
-0.05265895581522	0.522957784613568	1
-0.0440382686093199	0.55191295655363	6
-0.08737957692897	0.449100991841052	325
-0.0709453223501499	1.54533275607462	9
0.067399845180097	1.32709657319064	9
-0.08168152666549	0.460839725512664	239
-0.12354289730494	0.909914758924909	118
0.072472181974317	1.42165386112098	5
-0.0860224856368299	0.987615334108435	9
-0.08424641875704	0.978191582766971	75
0.047667898640075	0.856236209478666	9
-0.12119320536236	0.916793739341404	10
-0.08101831948812	0.457426544657416	263
-0.0806868640085701	0.447350652750009	6
-0.0823057883132901	0.450656437505055	146
0.0836960392218879	1.5529947142526	17
0.118608521682015	1.29331802497685	185
0.011779484257923	1.18455096213838	5
-0.0244684186722099	1.37969803437453	9
0.051752279998877	0.969174143333184	9
-0.0448256231986	1.04536009312429	9
-0.0003610318587699	1.15205941436434	9
0.021604397526866	0.824108031674053	75
0.014440674682773	0.833338460175002	75
0.031420233264544	0.888524406681313	37
-0.12445364868751	0.908301793083619	10
-0.04728111999486	0.537284701128922	6
-0.0433268932008799	0.542967604373717	6
-0.09306172145472	0.437950061454584	6
-0.08706378584202	0.461189355309019	146
0.014905216680855	0.835163825871035	9
0.113308363352974	1.72233069411031	185
0.093979458379484	1.11055050386478	9
-0.02973134914834	1.07989083712888	9
-0.11865415115602	0.886818859301428	75
-0.04404861675223	0.547268009521798	75
0.024163179755612	0.782461025806558	37
-0.0436825345074101	0.549142122263132	1
-0.02168471736961	0.634498532686747	91
-0.0113325652224101	0.632517158161137	6
-0.0153073522949501	0.63452278458739	6
-0.08197459667148	0.450745147906183	57
0.085345689756418	1.14113763724131	9
-0.0900289995526899	0.98972627345024	37
-0.11618940999466	0.897263111896589	37
-0.12239437673237	0.909291299573958	10
-0.03888083588289	0.533273572471317	10
-0.11705516648282	0.848906760830723	1
0.00347211540877801	0.731117131730501	1
-0.0810577466129301	0.448088197085771	6
-0.08804627817393	0.44898687554573	259
-0.0406418578435599	0.535017940356644	259
0.103221606586733	1.15471020128727	17
0.00679265674811602	0.722686521929156	17
0.103073747539058	1.18460816876081	185
-0.0268908948447399	1.09207300313245	118
0.051847123211892	0.949863335139254	10
-0.0486986699012899	0.55239904354299	10
-0.04959686283764	0.51951335512541	6
-0.04938492464695	0.541076993449878	6
-0.08164350357616	0.447431836370305	6
-0.03888083588289	0.533273572471317	6
-0.0830603339452201	0.446697852314833	397
-0.0813498736907901	0.460940174958639	397
-0.08101831948812	0.457426544657416	57
-0.0429806237691499	0.547548917531906	259
-0.0279267821953699	1.34308680375799	17
-0.08339514631258	0.44463102901298	118
-0.000189714218759907	1.60379067538249	9
-0.0381485896263301	1.00493512080254	9
0.03692791239279	0.860231453781041	10
-0.00718370490238995	1.03641612866957	10
-0.0120732771460601	0.634057529720599	6
-0.04404861675223	0.547268009521798	6
-0.02043076606287	0.651049406220461	397
-0.08263707855051	0.447197086935021	57
-0.0395945671254701	0.53047581290351	67
0.020949044897525	1.47301499691837	235
-0.0105932014125401	1.06634594950179	9
0.086578036677371	1.06980049551393	46
-0.0719925853079499	1.89861009990135	9
-0.07427091969108	0.936393709648089	152
-0.0909585056234301	1.71649979682935	151
-0.0813498736907901	0.460940174958639	6
-0.12330836328398	0.912078942748591	6
-0.08168152666549	0.460839725512664	6
-0.01604706037395	0.640278684152302	485
-0.0205214587684699	0.64483646328038	122
-0.08706378584202	0.461189355309019	122
-0.0117692575897099	0.714969722406886	235
-0.10376097115597	1.43892967310154	239
-0.0449514803050199	0.546466462629144	118
0.00387289571153504	0.728433300262701	9
-0.0560868323058401	1.30129830539063	75
0.07411753118952	0.97155986187435	13
-0.00692869781080008	0.718287231595955	13
-0.00270066188624996	0.748936123858862	10
-0.0392376548114499	0.533192129086267	67
-0.02327042817119	0.618343257033953	235
0.091383440070948	1.09421120258889	235
0.045944688061465	1.28808950944065	9
-0.01965868304336	1.36535840798642	685
0.107531473636523	1.59249644063528	9
0.093015774432723	1.15917675574206	152
-0.00965901454046003	0.728397174257962	75
-0.0863435114567901	1.23063301592989	10
-0.0490416330355401	0.555759314266047	6
-0.0201049680761201	0.646484419026069	67
-0.0486837661095501	0.554180702760555	67
-0.0820132784613501	0.457159153484861	57
0.012098342204519	0.832207542649701	235
0.033702304407886	0.885714899793573	9
-0.0501004083566801	0.540926719030748	118
-0.08706378584202	0.461189355309019	118
0.117165054430068	0.655228086965122	9
-0.11664522718964	0.892165824514595	9
-0.0098940231201099	1.11195520043361	152
0.00347211540877801	0.731117131730501	75
-0.0440382686093199	0.55191295655363	75
-0.0451060281240101	0.542543102794733	10
-0.0804090722131401	0.961677058321198	10
-0.0780459853101501	0.446931079889871	6
-0.0476245525988499	0.547283365850488	235
0.06804567880779	2.19721525752736	17
-0.03676916731429	2.17628958280785	9
0.049969609281328	1.51162318724397	9
-0.04493572553555	0.537386114025907	9
0.066177252918795	1.00673485839019	76
-0.0914777788799399	1.67219096757667	152
0.069251525283586	1.36320059984215	75
-0.08071875604395	1.50308911672913	10
-0.04968682680598	1.04122716485263	10
-0.0516942147869299	1.03773999868431	371
-0.0886951589957701	1.19174914104499	10
-0.11956405880834	0.886159080219164	10
-0.0828473465642601	0.947430629823293	1
-0.08168152666549	0.460839725512664	6
-0.07772515013054	0.446297540699	6
0.099239686674274	1.51907359627543	9
-0.0410246607426801	1.33367080801528	5
-0.0504095301091101	1.04039638908832	118
0.00412376477975496	1.45005941791474	9
0.0358354283075431	1.20397971272098	9
0.047961354220262	1.24581162099063	9
0.05873996425836	1.32148761136934	9
-0.0443111350776599	1.02924328141347	76
0.032880409653846	1.22759054726109	151
0.121764209767327	0.565963649267482	10
-0.0113325652224101	0.632517158161137	10
-0.04878705034458	1.04402379110567	10
-0.0402965512710001	0.541349578981248	6
-0.0426346764924801	0.535045338991779	6
-0.0218052974235099	1.58992999642995	559
-0.10274964456733	1.75578956433209	9
0.0695641650646051	1.34346936573024	76
-0.0292920750749	1.37333161794069	76
0.033234740162563	0.883983641156658	10
-0.02043076606287	0.651049406220461	1
-0.01968861335232	0.645113551649285	1
-0.0395945671254701	0.53047581290351	6
-0.1144789938335	0.889908811655977	6
-0.0873974442815399	0.458946386739459	67
-0.0927530341376599	0.447138652626451	57
0.096460609469358	2.1272271661912	17
0.036261926330214	0.919118407654113	9
0.010003366021853	1.42660578895955	685
-0.11904501087662	1.39603377022575	685
-0.0456088681075699	1.01900996992323	9
-0.0647699266975701	1.69657449297683	9
-0.04951656341935	1.03709821079164	76
-0.02094000742353	0.633026421955869	152
0.032777210924391	0.903530300667492	151
-0.000621891055639923	0.752824770354738	151
0.118986669755287	0.661435212870674	151
0.00492326266892895	1.11511348277301	10
-0.0422786009742799	0.532474866662391	6
-0.07739287214911	0.446383782844418	67
-0.0813498736907901	0.460940174958639	261
0.074243155045693	1.50293509733961	9
0.024375854529455	1.72790961542978	9
-0.09907443214016	1.17126743285217	9
-0.04124427309141	1.52718701805748	239
0.120991227920563	0.671280769030265	5
-0.08535143143046	1.00717468195496	9
0.049158483709114	0.950493785345129	9
0.037038071111728	1.16761837870184	9
0.066633675519469	0.986415333966223	152
0.014387637199732	1.18571706980361	151
-0.05488258991791	1.04073920385874	10
0.000625438472499962	0.731035468560021	10
-0.02043076606287	0.651049406220461	10
-0.0867493664681001	0.446436226512887	6
-0.0840434409336901	0.44517049740521	6
-0.0827256095492801	0.4447398398429	6
-0.07871010206958	0.443440977317822	67
-0.08164350357616	0.447431836370305	67
-0.0115240603176801	1.11572961337559	9
-0.00459754230977993	1.37645375736545	9
0.08350493810316	1.06964191112756	5
0.08630680083688	1.42150265017357	87
-0.0269169694006299	0.611206883752837	46
0.075284898824348	1.00887955167678	76
-0.0402853820500899	0.535100719888607	76
0.124170824745725	0.693347778789882	152
0.000555360704717955	0.72137045080795	37
0.00876462198037098	0.821509611970527	10
-0.0660317170626701	1.26958209623485	10
0.030992582256794	0.895915616466057	10
-0.01598896748503	1.0845930985404	10
-0.0533595106154101	0.537048983506398	6
-0.08131250897855	0.437928348823824	67
-0.0840434409336901	0.44517049740521	34
-0.08101831948812	0.457426544657416	34
0.059171762095136	1.76791711147132	559
-0.0897330552209701	1.17951932838058	239
0.010858878748938	0.83840467226542	9
0.06822106246797	1.03329568916578	87
0.034085401269037	1.23970434086869	9
0.033656673168599	0.889674833888867	30
-0.000582063412670086	0.723227103559469	76
0.049309638992983	0.944303016375009	151
-0.04439409555026	0.55181324666839	10
0.124257267652778	0.584064298560114	10
-0.04404861675223	0.547268009521798	50
-0.00031666500384997	0.674749930171459	9
0.0893927057321799	1.66185001038094	5
0.00133894316854599	1.45495065206953	87
0.110330195826235	1.11674467239499	9
-0.06610781342998	1.26739753292103	76
-0.0486837661095501	0.554180702760555	10
-0.04460904804711	0.53038972596391	67
-0.0823057883132901	0.450656437505055	34
-0.11243538508112	2.19672694588682	9
-0.06995741161019	1.4793474965322	9
0.013511158590268	0.820397328556133	9
0.112607208771283	1.18252606208825	9
0.070166322944078	1.00264796218717	30
-0.08164350357616	0.447431836370305	151
0.00392343996987798	0.733986220567703	10
0.059551115761553	0.922240885692285	10
-0.0207568339831701	0.644105965214832	1
-0.08101831948812	0.457426544657416	6
-0.08101831948812	0.457426544657416	6
-0.0440382686093199	0.55191295655363	67
-0.04493572553555	0.537386114025907	34
0.0480553215908111	1.29724472652479	9
0.101912676515382	1.199699041688	76
-0.12456663615184	0.91090164106114	30
-0.0433471066119899	0.532241356090895	1
-0.0867493664681001	0.446436226512887	1
-0.0780459853101501	0.446931079889871	6
-0.0796927974232899	0.426839480647965	6
-0.08101831948812	0.457426544657416	67
-0.0813498736907901	0.460940174958639	43
-0.0121609329421299	0.63487145074609	34
-0.0810577466129301	0.448088197085771	34
0.00222041140184803	1.72016454435232	17
-0.06463363300269	1.8850565711769	9
-0.06065449948112	1.24826380608803	9
0.044667345315467	1.87575591099345	152
-0.00224771112339006	0.747646928149669	10
-0.0219126562229299	0.632833765457781	10
-0.0807256317188201	0.448174635687186	10
-0.08737957692897	0.449100991841052	10
-0.0873974442815399	0.458946386739459	1
0.00387289571153504	0.728433300262701	6
-0.08641544348807	0.448514254954964	6
-0.0867302147898601	0.459079468721275	6
0.010751329297316	0.642348891351772	34
0.081019051146729	1.45884813020412	17
0.099179403049056	1.48307368545574	17
0.035384554769182	1.21828691030558	9
-0.0812024951266399	1.71694459293788	9
-0.08101831948812	0.457426544657416	9
0.000442555770479025	0.743881395121349	9
0.037262380613459	1.55353060174501	9
0.000571669493627969	1.11113555844344	9
-0.05138552961563	1.01588720298653	30
0.034096857004229	0.891468292593099	151
-0.04855521711181	0.521361535445563	151
-0.0486837661095501	0.554180702760555	70
-0.02084665906948	0.652447063936407	10
-0.02490409297271	0.631978238469499	1
0.00183365412092495	0.729133265493742	1
-0.00527302037194	0.723452633381545	6
0.00149894795281103	0.751424210155511	6
-0.0813498736907901	0.460940174958639	50
-0.08168152666549	0.460839725512664	50
0.060267800163669	1.62286688408295	17
-0.1223919528523	1.82047419890971	17
0.039142269058012	0.872228574165288	9
-0.0202386310184	1.06218427853184	9
-0.08909405433339	0.427174079675616	9
0.105393913896651	1.80259628804595	5
0.109607474548394	1.24734853265943	9
-0.12293475453298	1.42190547890706	9
0.020125026650527	1.63582092797737	9
0.051151191267605	0.826200271116443	30
-0.04424999137478	0.535425262598485	151
0.031883770760181	0.900312916832826	151
-0.08497385089577	1.00557772690833	10
0.00970096465807602	0.815080132830935	10
-0.0449514803050199	0.546466462629144	1
-0.0813899605544599	0.444675140890848	6
-0.08197459667148	0.450745147906183	67
0.122249848502284	1.34581589576021	235
0.020516001579022	0.78533293243681	151
0.120062496248046	0.682727743646709	151
-0.0493995938655201	0.554002440356311	151
-0.0426197404513	1.04181105158948	10
-0.0809767067560501	0.988841502456541	70
-0.0486837661095501	0.554180702760555	1
-0.01082081122101	0.72580982070908	1
-0.0248092488254901	0.634393319578851	1
-0.08771288392014	0.451093662399439	34
0.056654840083769	1.2964376156239	17
0.123655262214019	2.2895909974893	17
-0.00716866844527009	0.729391291249802	9
-0.00161972230402996	1.67194745919406	96
-0.000992924565260012	1.67372213218297	9
-0.0867302147898601	0.459079468721275	9
0.08738548823299	1.08021253403273	30
-0.0432385615570601	1.30218582188549	30
-0.0169997350987801	1.3292523039013	30
0.111417007596822	1.31031872271222	76
-0.0447398963954799	0.538849814430094	1
-0.07706068089653	0.443129495322646	6
-0.08168152666549	0.460839725512664	6
-0.08101831948812	0.457426544657416	67
-0.0823057883132901	0.450656437505055	34
-0.02043010354986	1.59594355957229	96
-0.03606417463181	1.62500822487654	9
0.035547729921929	1.75119842273702	9
-0.03296535839755	1.2957302071935	9
0.079585978559104	0.952987743037159	9
-0.0814442413005301	0.984914818751914	5
0.00709975078698899	0.708251162617928	10
-0.0870463571596001	0.44051586604178	6
-0.07772515013054	0.446297540699	34
-0.02388318684776	1.08492676871084	5
-0.00829320309581005	0.739115589623503	352
-0.0813498736907901	0.460940174958639	58
-0.04404861675223	0.547268009521798	6
-0.0129007012399001	0.636421976526277	6
0.113356441635665	2.28460652151247	17
-0.04440480038215	0.540994842754715	76
-0.0874184360372501	1.2072217896933	162
-0.0264878969192099	0.626574294547193	151
0.00347211540877801	0.731117131730501	151
-0.0901206437677	0.982297830385785	151
-0.07871010206958	0.443440977317822	58
-0.08263707855051	0.447197086935021	67
-0.0807256317188201	0.448174635687186	34
-0.12090160428229	1.40703246202185	17
0.065239154512182	1.00327002380256	9
-0.08706378584202	0.461189355309019	9
0.056090821623177	1.32407245794386	9
0.086465663493117	1.04846581956153	76
0.00197578985649904	0.723625633680325	151
-0.0483259930431701	0.548856738586121	10
0.122903433029807	0.689861205164883	10
0.020167065607073	0.823624825876061	10
0.072488899711779	0.946024820645862	10
-0.0486837661095501	0.554180702760555	352
-0.0813498736907901	0.460940174958639	58
-0.0399289994230301	0.532519085075892	58
-0.08168152666549	0.460839725512664	6
-0.04439409555026	0.55181324666839	132
-0.01884283145836	1.52409567030134	9
0.03760161992945	0.90377755213346	87
-0.0180243428837199	1.04640860014386	9
0.059291279882372	0.896487528612552	30
-0.0904974366115301	0.987410332070853	30
-0.07771405685851	0.443669879071619	6
-0.0442339966281	0.546632088395505	34
-0.0483405368230501	0.554143878991696	9
-0.08263707855051	0.447197086935021	9
0.00162907009095203	1.12947294324329	87
0.008420152390194	0.70914308797159	162
0.018683465854916	0.844409438379831	30
0.010323139601086	0.834147926961509	30
-0.07805751488143	0.442901639686901	7
-0.0820132784613501	0.457159153484861	1
0.00462476140828705	1.16279089124919	9
-0.0800616988759799	0.435520562815995	9
-0.08239097308342	0.436307205370226	9
0.00402309514527899	0.709135025800061	9
0.119508621995421	1.74374913851533	87
0.111257263792919	1.23766711687339	9
0.0415039242933321	0.886324282975402	162
0.09833824992277	1.13895562198924	30
-0.01968861335232	0.645113551649285	76
-0.04995744788024	0.523071012502702	10
-0.04959686283764	0.51951335512541	7
-0.08101831948812	0.457426544657416	1
-0.0587072393764201	0.495749296354618	117
-0.02158753318777	0.650105510733218	6
-0.0820132784613501	0.457159153484861	6
-0.07871010206958	0.443440977317822	34
0.012419331405616	0.817138798866713	34
0.106803213088418	2.10991149690411	17
-0.01232354341555	1.65126080639899	17
0.013276147074784	1.48321894819951	87
0.022895756948782	1.190815787134	30
-0.07871010206958	0.443440977317822	27
-0.0773822149716901	0.43431448133455	10
-0.0169713817596799	0.645627098933773	10
-0.0497426195938799	0.542565652173964	10
-0.08804627817393	0.44898687554573	10
-0.08101831948812	0.457426544657416	34
0.030154018381101	1.69287812947417	17
-0.0907257630701701	1.19823204092888	9
0.041955244045545	1.21985380135641	162
-0.0809746671312199	0.948438209699966	162
0.03586098164019	0.873895212838969	162
-0.02043076606287	0.651049406220461	27
0.00854832591341803	0.815771470370333	10
-0.0813899605544599	0.444675140890848	7
-0.08168152666549	0.460839725512664	50
0.045211327676718	1.91953331938442	9
0.088148204174619	1.08215201370365	162
-0.0486916210614601	1.00538302144943	162
-0.06050784946307	1.28404853370207	30
-0.0854429979329401	1.00312740742326	151
-0.03877416993326	0.989102010717428	151
-0.00408629345647005	0.708015529154689	151
-0.0483405368230501	0.554143878991696	27
-0.01604706037395	0.640278684152302	10
0.022969336509999	1.50725848106662	9
-0.0930892428163499	0.439990870013206	9
0.102770431482316	1.20727671986588	9
-0.0424489565263799	1.00728796845008	9
-0.12319590858855	0.912041592758005	162
0.047749983511358	0.862422376342662	162
0.124881052740518	0.563773789226861	162
0.000768047604596034	0.723795555736023	162
0.030935024703075	0.902523157236017	151
-0.0124869194274599	0.636555472698684	753
0.00183365412092495	0.729133265493742	10
-0.0780459853101501	0.446931079889871	58
-0.0867302147898601	0.459079468721275	344
0.0428432437795629	0.865850609153999	166
0.05400013553739	2.06332825085432	17
0.059141775444145	0.997598371304504	9
-0.0830603339452201	0.446697852314833	9
-0.0666441069689601	1.52291684900835	9
0.02962522313242	0.900016433891395	87
-0.0848826865978401	1.00177634804569	9
-0.11539051608461	0.889228988814505	162
-0.0990301844396699	1.46917273540001	162
-0.0313187541764799	1.31987177460435	151
-0.000582063412670086	0.723227103559469	151
-0.0159634779880899	0.630206339828878	753
-0.0813498736907901	0.460940174958639	10
-0.0493995938655201	0.554002440356311	64
-0.0740228842306601	0.426387866053761	7
0.0685299630094131	1.40446398090342	17
-0.0169713817596799	0.645627098933773	151
-0.00255535639541993	0.745386185947661	151
-0.0426346764924801	0.535045338991779	151
-0.0752866150267399	0.950599871099582	151
-0.0883797597312499	0.440426178066634	27
-0.01968861335232	0.645113551649285	37
-0.0440382686093199	0.55191295655363	10
-0.00317675844271004	0.743976756032777	10
-0.0813498736907901	0.460940174958639	352
-0.0551202408362199	0.522826491716665	7
-0.07871010206958	0.443440977317822	7
-0.0780459853101501	0.446931079889871	117
-0.0829684674318101	0.437708813579156	34
0.00925172165643195	1.13513439198917	9
-0.10131277698906	1.84750753775525	87
-0.01875980110455	1.09065132802254	162
0.00468061894528704	0.736486601051094	151
-0.0501004083566801	0.540926719030748	151
0.122416766676815	0.6786000861909	27
0.074204380581856	0.989219955907902	37
-0.05440045472675	0.526554635420878	10
-0.0540801816088201	0.522366275830693	352
-0.09210926269576	0.435552018078145	6
-0.0433365284896099	0.550302875647422	34
0.0673866378357571	1.34620548013635	9
-0.0041398813231901	1.01767696560921	9
-0.00381759402666004	1.14396682379999	9
-0.03338677335027	1.98639806957238	9
0.121557068553985	1.42723881634156	9
0.098507635740279	1.06680906688864	30
-0.0490416330355401	0.555759314266047	151
-0.01363966996934	0.62339277297197	151
-0.0820132784613501	0.457159153484861	37
-0.0429908450238199	0.534963395343266	10
-0.0388701486082701	0.53560832609558	352
-0.0412014551875199	0.516891081007533	7
-0.0833744356558901	0.445279940231538	7
-0.04439409555026	0.55181324666839	117
-0.08263707855051	0.447197086935021	34
-0.0490568970162399	0.546967970010297	151
-0.11562177034069	0.890363148972161	27
-0.0141716088627	0.609547467674666	10
-0.08197459667148	0.450745147906183	7
-0.07739287214911	0.446383782844418	58
-0.08197459667148	0.450745147906183	117
-0.0813498736907901	0.460940174958639	50
0.096284845361151	1.17934120839763	678
0.096883466352877	2.21610665584852	9
-0.0169713817596799	0.645627098933773	162
0.075057835725414	1.05280472069394	151
-0.04439409555026	0.55181324666839	151
0.023830759707223	0.814356727159405	27
-0.0497426195938799	0.542565652173964	27
-0.0206165733278001	0.618018536386126	9
0.0721663547387	1.01974698989657	30
0.118203281920226	0.670295283508427	30
-0.08706378584202	0.461189355309019	151
-0.01563527744044	0.637761254307375	151
-0.08706378584202	0.461189355309019	36
-0.0406418578435599	0.535017940356644	27
-0.07772515013054	0.446297540699	7
0.035411908752636	1.63539400079633	166
0.102488710156986	1.08980967957526	76
-0.0164589817935601	0.640142296014888	30
-0.08239097308342	0.436307205370226	71
-0.0422320682584001	1.33921465179344	151
-0.0440382686093199	0.55191295655363	10
-0.0483405368230501	0.554143878991696	7
-0.08339514631258	0.44463102901298	7
0.0653235033692931	0.987947466290293	166
-0.05881912928138	1.27590858023058	9
0.00387289571153504	0.728433300262701	9
-0.00422026090326	0.745729364739266	9
0.04024543789775	1.54713604338061	9
-0.0682529587004801	1.26475926123251	9
0.0140657607338029	0.834465279530702	162
-0.0440382686093199	0.55191295655363	30
0.045654967343097	1.18147053530211	380
-0.0145668411259601	0.616804773013419	27
-0.0301277543954901	0.603249746751853	58
-0.0806868640085701	0.447350652750009	7
-0.0933975745311299	0.437928670839162	7
-0.02681115547601	0.631885413073001	117
0.072928729945844	0.984570553842686	9
-0.07739287214911	0.446383782844418	30
0.031222493298792	1.14936890607348	30
-0.08115557335864	0.942831266999149	30
0.07328728887669	0.974117515225656	30
-0.08039361582286	0.44490351378498	27
0.00107569788434603	0.731236972462682	10
-0.0497426195938799	0.542565652173964	10
-0.0820132784613501	0.457159153484861	7
-0.0927530341376599	0.447138652626451	7
-0.0813498736907901	0.460940174958639	11
0.030993290493065	1.98517564895702	9
-0.0517270518546	1.02156439885569	9
-0.0210831827271201	0.620464203308977	9
0.112629644115168	1.14157417906304	9
-0.06089285291656	1.27518368863382	9
-0.04828286585426	1.0592352363394	9
-0.0837088943720199	0.447242016932699	27
-0.0483405368230501	0.554143878991696	10
-0.0820132784613501	0.457159153484861	58
-0.0460115734934601	0.532171596661114	7
0.00753990813326699	0.824899520874694	7
-0.08101831948812	0.457426544657416	34
0.00617978113325501	1.14662918910879	678
0.086040008353344	1.05913586907836	9
-0.05278345850887	1.03045418344918	9
0.10556756176232	1.13389674183149	9
-0.02043076606287	0.651049406220461	96
-0.0244000418128301	1.0531380637933	9
-0.0436825345074101	0.549142122263132	9
-0.0827256095492801	0.4447398398429	9
-0.0311923269487899	0.573814032963974	30
-0.08101831948812	0.457426544657416	27
-0.08168152666549	0.460839725512664	10
-0.0843780753821901	0.436746974057161	7
-0.01298986020006	0.626566426138836	9
0.03263061999044	1.88786741309696	9
0.021348090663619	1.20183760565641	9
0.053196143768388	2.04985403926573	30
-0.12161568025415	0.877517648398481	30
0.00169047009629797	0.717215094895903	27
-0.0161354097505799	0.645910333171723	27
-0.0624949191806501	1.29839091784279	27
0.011165815358788	0.834861737359287	10
0.00121780030230301	0.718702580612764	7
-0.0117466791793801	0.635003520255172	7
-0.08168152666549	0.460839725512664	7
-0.078378000367	0.446844468464748	7
-0.01654494394339	0.626161614051518	117
-0.04440480038215	0.540994842754715	169
-0.0827256095492801	0.4447398398429	11
-0.0028568379898799	1.39572707413373	9
-0.00912171086294999	1.88683013946111	9
0.105468458382501	1.26927728746918	9
-0.0867493664681001	0.446436226512887	9
0.030745898751385	2.29777289099885	9
0.0020756377501	1.93678987236682	151
-0.12073550298408	0.920831116263303	151
-0.0823057883132901	0.450656437505055	36
-0.1199077732506	0.890632972232453	27
-0.08197459667148	0.450745147906183	37
-0.0433365284896099	0.550302875647422	10
-0.0157197439817001	0.634393376732455	10
-0.07904229045819	0.434102406146835	58
-0.07575073105008	0.952037657604632	31
-0.0813498736907901	0.460940174958639	7
-0.08101831948812	0.457426544657416	7
-0.08771288392014	0.451093662399439	169
-0.0133146226619401	0.633666934631514	34
0.092054256857356	2.32692773375453	9
0.07275992737531	1.37067892902349	30
0.03711778523237	1.23131176524426	71
-0.0483405368230501	0.554143878991696	10
-0.0175240715220799	0.622735683459678	10
-0.0310063971608801	0.482192044779664	10
-0.07772515013054	0.446297540699	7
0.123215709410797	0.684928176474298	7
-0.08706378584202	0.461189355309019	11
-0.0164589817935601	0.640142296014888	34
0.10974947223283	1.25862827366219	678
0.033545869355877	0.721843011778662	17
-0.09241691410108	0.447166800655785	9
0.058608244336062	1.39388174036758	9
0.03932953585175	1.23994271216659	9
0.096585225929411	1.10787147131428	9
0.036116546943228	1.18976680785106	71
-0.02888355405931	1.32622635867892	27
-0.0820132784613501	0.457159153484861	10
0.00571927756395696	1.14447576570385	31
-0.07739287214911	0.446383782844418	7
-0.00391354083697992	0.749373168624928	419
-0.0800616988759799	0.435520562815995	452
-0.07772515013054	0.446297540699	300
-0.0709413457244299	1.26021412027181	9
-0.0440382686093199	0.55191295655363	30
-0.0820132784613501	0.457159153484861	111
-0.0436825345074101	0.549142122263132	111
0.020517578071139	1.19444439982232	31
-0.0161322745051999	0.631677665507099	394
-0.0820132784613501	0.457159153484861	452
-0.0813498736907901	0.460940174958639	7
-0.0780459853101501	0.446931079889871	243
0.073448324232309	1.02504562315209	34
0.008943059750807	0.796733687612011	17
-0.0176159683980599	0.688192079718962	166
-0.0402853820500899	0.535100719888607	9
-0.0251346320124499	0.625021467682513	17
0.00402245344877905	1.11697095811208	71
-0.0920808826647901	0.439972529367091	7
0.11731658959835	0.534207093543483	166
-0.0435168900727601	0.52920307979098	9
-0.0927530341376599	0.447138652626451	9
-0.0823057883132901	0.450656437505055	9
0.075446764754789	1.85564034049587	71
-0.04346078868248	1.03048042344584	30
-0.0810577466129301	0.448088197085771	262
-0.0796927974232899	0.426839480647965	300
-0.08168152666549	0.460839725512664	34
0.101154402693721	1.42828021874083	17
-0.0680213800562599	1.45934653717658	17
0.099620513050421	1.16503988894262	678
0.022179364635088	1.20153099805671	166
-0.01635333854898	0.68906347046773	9
-0.0873974442815399	0.458946386739459	9
-0.00616609548133007	0.723168642727882	9
-0.00507827842765996	1.41705453734913	9
0.084445589536593	0.966223705788093	9
-0.0550675561162901	2.38447830713011	9
0.00403967635259805	1.90009072786248	9
-0.10042371966903	1.41090883471867	31
-0.0178079014200201	0.632012636482019	31
-0.04459269130402	0.548170749874796	47
-0.0624949191806501	1.29839091784279	17
0.0802419322647711	1.96095788523675	9
-0.022811208077	1.11594574413262	9
0.0165235505544949	1.20369093816132	9
-0.00378785479369004	0.744870812212386	275
0.102620409977395	1.09120428718201	9
0.097854711393341	1.92684812619636	9
0.00766299953350602	2.41071628348712	71
0.034140366563949	1.63046349251036	71
0.00590253795236095	1.43046871467767	27
-0.0813498736907901	0.460940174958639	27
-0.000621891055639923	0.752824770354738	262
-0.0490416330355401	0.555759314266047	262
-0.0813498736907901	0.460940174958639	262
0.085594719961038	1.07089293307123	31
-0.00117940254425997	0.717179472175349	31
-0.0837088943720199	0.447242016932699	58
-0.04439409555026	0.55181324666839	7
-0.04291429496707	1.01741468689897	47
0.030608034398854	0.870352362498452	17
0.088008581008639	1.02880483190292	9
0.0898150468280901	1.02925088096808	17
-0.02606744242443	0.611372904529192	9
0.100148040848805	1.67940830281124	9
-0.05185194248791	1.22097160411519	9
-0.0724065537393099	0.907746235479521	9
0.066617540760435	1.66882741402918	9
-0.09241691410108	0.447166800655785	30
0.113743141272202	1.26501947365975	71
-0.0933766545111101	2.48929894010164	71
-0.0631467692386101	1.24885896448839	71
-0.0490416330355401	0.555759314266047	30
0.070844118389889	1.02299326895796	111
-0.0452942472703299	0.538861287038513	111
-0.0228495188375999	0.621623514665659	111
-0.02158753318777	0.650105510733218	73
-0.0823057883132901	0.450656437505055	73
-0.12491040279094	0.907930305215753	7
0.12411061187557	1.28798620970601	166
-0.09590126081283	1.25903913341355	9
-0.12273872656102	0.913306018859835	9
0.056980631049071	0.94764502918673	9
-0.0700961351817899	1.25118609495639	9
0.055198968841179	0.942617898940079	9
0.089991459274945	1.12609263143715	71
0.093020040403062	1.0506308985529	71
0.040074077793385	0.860033469563588	71
-0.08168152666549	0.460839725512664	111
-0.0436825345074101	0.549142122263132	111
0.012979029901082	1.46999722762338	27
-0.0873974442815399	0.458946386739459	25
-0.078378000367	0.446844468464748	7
-0.00500319865518994	0.707684288217599	47
-0.0865348541231099	1.94879100942132	678
0.048445512230156	1.21000905038323	9
0.03325115294856	2.40254266983252	9
0.0867467142052371	1.1063925261075	9
0.075374272724725	1.70482203131592	9
0.053991082140112	2.4498294858144	9
-0.0824803202578901	2.24308087671537	9
0.077242240725305	1.00530157664633	30
0.063702456455667	1.31916065109642	71
0.097711545638114	1.45747164203052	71
0.048970918919683	1.61790465042401	71
0.087857098727683	1.4013283073621	71
0.121216429729043	1.20627373997921	71
0.072105258481216	1.3722010351686	71
0.097796418001837	1.06279477054121	71
-0.0176200319642199	0.633930880955362	21
-0.08263707855051	0.447197086935021	25
-0.04891624663692	0.521312856110306	31
-0.00968016306518993	0.725284012410337	7
-0.00631348929070996	0.739164969179465	47
0.054407048872765	0.965893532561094	9
-0.06646895586752	2.15026845296038	9
0.083469397917512	1.43351946383792	9
-0.0853995844122599	1.696570263965	9
-0.0171201666735199	2.02351747475601	71
0.052601284012107	0.955723841339069	25
-0.11690982973204	0.871677431712621	31
-0.0399398107025499	0.544219450927041	7
0.123017366048823	0.568667214345155	449
-0.0497426195938799	0.542565652173964	449
-0.04404861675223	0.547268009521798	7
-0.0810577466129301	0.448088197085771	297
-0.0820132784613501	0.457159153484861	34
-0.078378000367	0.446844468464748	47
0.0965620558199321	1.74685829485057	9
-0.09859991252102	1.34726741331627	9
0.113200532584756	1.29172786828887	9
0.091775800914089	1.47401248521578	9
-0.0714733445124101	0.913733645950874	30
0.049927524235291	1.79065184998941	71
-0.0856088335899701	1.71610600402977	71
-0.0015764509596099	1.14041614819301	111
-0.00346066889680996	0.751136853329835	25
-0.00266399202327006	1.16063312977156	25
0.00858226806197404	0.822722411487967	21
-0.02078186734605	1.05670221045831	31
0.020677736120469	0.815296095693078	449
-0.0533595106154101	0.537048983506398	7
-0.08804627817393	0.44898687554573	7
-0.08039361582286	0.44490351378498	47
0.039012499713322	1.88353009182824	71
0.119833187740861	1.74205825901464	71
-0.00194023979404001	0.739386793872297	111
-0.06553617678333	1.91075855662273	111
-0.12456663615184	0.91090164106114	27
0.075700366935009	1.01144801423978	21
0.021443399886304	1.18650999360482	21
0.034810372648986	0.883245055386578	31
-0.02089774191894	1.08669279428387	31
-0.01563527744044	0.637761254307375	7
-0.01968861335232	0.645113551649285	7
-0.0183461734094299	0.620057014286115	7
-0.0780459853101501	0.446931079889871	7
-0.04925638428359	0.531577314471173	7
-0.0447500153737901	0.548856914686032	7
0.060098759144427	0.954206530951259	166
0.104537437509078	1.40414064906544	9
0.063341203745958	1.36767214941187	9
0.11934897567724	1.78982831266795	30
0.036667034720256	1.20014908774687	25
0.00960683386372996	1.11374076647721	31
-0.0433365284896099	0.550302875647422	31
-0.0827256095492801	0.4447398398429	7
-0.07892137747963	0.964700185828912	7
0.114732698095268	0.668667317310964	9
-0.08601396323511	1.36789869294428	9
-0.04763933142207	0.538753364309602	9
0.118796112608832	0.67767175989829	347
0.045283851318622	0.867341908508058	9
-0.0853746973773499	1.85685315869473	71
-0.0075890140211401	1.13441052096403	21
0.122585051420311	1.17936102219047	21
0.033157154371886	1.20676766644447	21
-0.0580641071560799	1.23833273809369	31
-0.0399289994230301	0.532519085075892	7
0.120062496248046	0.682727743646709	7
-0.0164589817935601	0.640142296014888	7
-0.0443843327331801	0.53624272253223	84
-0.0429806237691499	0.547548917531906	84
-0.0449514803050199	0.546466462629144	84
-0.0228984770824701	0.605202472053585	47
0.115115569950889	1.1547202014764	71
0.057225028920051	1.64532474958515	71
0.054785992191301	0.902967436129018	7
-0.0436825345074101	0.549142122263132	84
-0.00860958770409992	0.60821847022911	47
0.089430532479437	1.10289823060847	9
-0.02126269293906	0.650757438150134	9
0.043274754128607	0.862882650585256	9
-0.10941965655497	1.42955708523303	9
0.124507903277683	0.692602973971289	9
-0.0540781655789999	2.39855313403961	111
0.040260246303317	1.53683691920468	30
-0.0622411309500599	1.28579778559268	25
-0.0941521802877801	1.23477136225601	25
0.102918394094624	1.11894242131378	31
0.073906872664378	1.0035244385754	73
0.110924957735317	1.12336197280547	7
0.010699334418213	0.831251680663539	7
0.124636035941484	0.689034267903953	7
0.114394931470534	0.652014712649545	47
0.119470214324256	0.678396532460209	9
0.030565298737889	0.894021933292938	9
-0.0152546147933199	1.34677870178387	9
0.034565797870276	0.891843915054588	9
0.099860087790605	1.57878728073445	9
0.092824700719104	1.0447222346167	101
0.123705467262219	0.694619062369261	31
-0.01609932933589	1.10183690034687	7
-0.03023056892717	0.560337402709267	7
-0.01729558384936	0.648875186218128	47
-0.04439409555026	0.55181324666839	40
-0.0433365284896099	0.550302875647422	9
-0.0261705493583899	0.609882312682756	9
0.0830084805019921	0.967796230736028	9
0.093106561531135	1.58406731453849	30
0.116881962975924	1.48838313205141	71
0.092231539403705	1.9909573154991	71
-0.03318207340456	1.65382943168824	30
-0.0180207358855999	0.62959214975048	27
0.015458165622748	0.821558087547679	31
0.12200574207314	0.669898982056536	7
0.016120810862373	0.814838287136542	7
-0.0860816080203499	0.446546351485114	7
0.124015051529956	0.685421563274956	7
-0.0433268932008799	0.542967604373717	7
-0.0450955528099399	0.538764739476133	7
-0.0392376548114499	0.533192129086267	7
-0.0442339966281	0.546632088395505	47
0.00372047880008997	2.21612947503531	9
0.010776809572474	1.136324260324	9
-0.04588111391604	2.37292701847438	9
0.09810289233303	1.25893793397187	9
-0.11865415115602	0.886818859301428	9
0.0513479235866901	0.962601419895874	9
0.062167972591617	1.94287597630781	71
-0.01158558712328	0.727764399454786	71
-0.12335447082968	1.18224377358312	21
0.081671919472351	1.05804089529343	31
0.00524399291182898	1.14824656530734	7
-0.0888059666427301	0.981430369510047	58
0.059261959895487	0.922679776660611	7
-0.08168152666549	0.460839725512664	7
-0.0813498736907901	0.460940174958639	84
-0.0440609097001801	1.00307825714512	9
-0.08604262758271	0.972354060186444	9
-0.12119320536236	0.916793739341404	9
-0.06585280319228	1.28224262311527	9
-0.06765073014613	1.47028765755055	9
0.079674965052399	1.10087923986091	25
-0.0928929480226399	1.16986264335397	101
0.042781760346947	0.82600562148771	31
-0.00798661661545008	0.744167951615111	31
-0.0227039464236201	1.07812413149638	31
-0.07739287214911	0.446383782844418	7
-0.0224187947376999	0.643561257736608	7
0.022067513423532	0.824409304443175	7
-0.05440045472675	0.526554635420878	7
-0.0153073522949501	0.63452278458739	34
-0.04401449246849	0.999204620594267	9
-0.0497426195938799	0.542565652173964	9
0.012385933055351	0.813023970667716	9
-0.0810577466129301	0.448088197085771	9
-0.1042232249299	1.4380835545897	9
-0.0177030320635301	1.09895209128809	9
0.050297910007142	1.27191777055192	71
0.072459408718681	1.78123709385824	71
-0.0919361238665699	0.975895030543726	36
-0.0156375025606601	1.1024323483193	71
-0.0674106138553401	1.26745298451146	21
-0.0186830234894599	1.08184742028309	21
0.123678308315795	0.685113415706146	31
0.12149143045842	0.670597728039819	31
-0.05445868565053	1.03890122302244	7
-0.0162356517800999	0.594456283425462	7
-0.0830386490177599	0.998146994141593	7
-0.0157197439817001	0.634393376732455	7
-0.08168152666549	0.460839725512664	7
-0.0860816080203499	0.446546351485114	7
-0.0399398107025499	0.544219450927041	7
-0.0436925261361001	0.550204641337599	34
-0.0823057883132901	0.450656437505055	24
0.035332052730022	1.49445816498485	9
0.099623241623819	1.92753730998968	30
0.014104780897629	0.844839397310004	25
0.053509870488049	0.954424990689146	21
-0.01257532658941	0.632130771238514	31
-0.0976863950755	0.960017376468821	31
-0.0422786009742799	0.532474866662391	31
-0.12116082646163	0.882347674037752	7
-0.00300794077616007	0.749841197084695	7
-0.09813266335379	0.430470498427253	7
-0.0087483283410501	0.738904677029318	7
-0.0205214587684699	0.64483646328038	9
0.05369248152427	1.3395107025984	9
0.00634131526326498	0.727903863592555	552
0.018773202488351	0.847658706684507	552
-0.0355739397216399	0.58841550514016	552
0.095277011352854	1.07768181862872	30
0.050316978883356	1.20883588762261	71
-0.11402123538887	1.62903694836777	71
0.067915372812847	0.987946806735345	30
-0.00346066889680996	0.751136853329835	7
-0.0486837661095501	0.554180702760555	7
-0.0813498736907901	0.460940174958639	7
-0.0820132784613501	0.457159153484861	7
-0.0500303797756101	1.04901316318515	552
0.0917528481722259	1.12609058062134	71
0.070217582539159	0.904218309500355	25
-0.1197931678201	1.14647438306881	31
-0.12195861258255	0.859340164610552	7
0.00135118663324296	0.750596904017632	7
-0.08039361582286	0.44490351378498	7
-0.07772515013054	0.446297540699	7
-0.0168780588451001	0.647486360760697	7
-0.0440382686093199	0.55191295655363	40
0.124951801572281	1.77300284445639	385
-0.04726670136401	0.53477620060542	552
-0.0227552754757601	1.10925578438496	552
0.090461192132365	1.09665122171693	552
-0.0954396624402001	1.26176717220619	552
0.071080795677365	1.38772278023463	347
-0.000485360286949899	1.69883093436488	9
-0.12195929719642	1.3367777711622	30
0.019503830257934	0.806319915591784	71
-0.0350528678014601	1.62741466824927	71
0.018540680811548	1.17082143825633	71
0.111635793693629	0.660392571710259	7
-0.00768020230718003	0.738524342440763	7
-0.0426346764924801	0.535045338991779	7
-0.0440382686093199	0.55191295655363	24
-0.08226186466442	2.45441701889237	9
-0.10567202247646	1.65686563696999	552
0.012643443901969	0.836658244865862	552
0.0346620858545	1.11963518055095	30
-0.0349397000792	1.30012229851276	30
-0.0801319546288499	1.93981505176648	30
0.105198780496415	1.4911679573671	71
0.078469930776203	0.993253102943342	101
-0.0260680281189201	0.634042531685149	31
-0.0440382686093199	0.55191295655363	7
-0.0433268932008799	0.542967604373717	7
-0.0402965512710001	0.541349578981248	7
-0.08239097308342	0.436307205370226	7
-0.0450955528099399	0.538764739476133	7
-0.08101831948812	0.457426544657416	7
-0.0830603339452201	0.446697852314833	47
-0.0260169461045601	1.08868195233979	25
-0.12484996681272	0.879979526762924	807
0.000285557919903034	0.753310475105887	7
-0.0014828489782801	0.709353325564115	7
-0.0124869194274599	0.636555472698684	7
-0.0406418578435599	0.535017940356644	7
-0.0201049680761201	0.646484419026069	7
-0.08168152666549	0.460839725512664	7
-0.08060561722035	1.15882344295119	279
-0.0829473404826899	0.962016192912876	279
-0.0124869194274599	0.636555472698684	639
0.0000106913547790466	0.705748411519103	639
-0.02564829722116	0.637539222635449	9
0.091623815563024	1.5211073174954	9
0.042440357127267	1.23657956372198	36
0.060867650770976	0.905953135952637	71
-0.12342160162043	0.88884120360027	25
-0.11967585878438	0.862177457086303	71
-0.0813498736907901	0.460940174958639	25
0.015745160130094	0.829367945224924	31
0.015415353430796	0.846127611785975	7
-0.01715954807024	1.04037009229298	7
-0.0433268932008799	0.542967604373717	7
0.123779420836638	0.570373197283849	7
-0.01760900772351	0.635174105266957	7
-0.0171974179301699	0.637923491316443	7
-0.0447500153737901	0.548856914686032	7
-0.0486986699012899	0.55239904354299	7
-0.0440382686093199	0.55191295655363	7
-0.0422786009742799	0.532474866662391	81
0.080307287789366	1.4743128127037	9
0.090551622021644	1.11921277104295	9
-0.08131250897855	0.437928348823824	552
-0.12201891311577	1.41361649881527	552
-0.07751702645499	1.75458321508194	347
0.057237684071847	1.22525885788361	347
0.00498643250179198	0.727301207415214	30
0.0261108269304831	1.23884103521849	30
0.00295530519047205	1.39460807645792	71
-0.0923457773321701	1.21325638844338	71
-0.09364284033033	1.25147622960727	71
0.059551115761553	0.922240885692285	71
-0.0483405368230501	0.554143878991696	71
-0.078378000367	0.446844468464748	71
-0.04439409555026	0.55181324666839	101
-0.08263707855051	0.447197086935021	31
-0.0947819252963999	0.418883493994484	174
-0.07739287214911	0.446383782844418	7
-0.0947819252963999	0.418883493994484	7
0.0525132415266391	0.946175691975933	9
-0.0820132784613501	0.457159153484861	179
0.117247690064622	0.735249583168946	179
0.096949674908541	1.11369709160999	552
-0.0269595996821499	1.7891395247248	347
0.028547988424964	1.24523294087193	9
-0.0734487787212801	1.81467034102671	9
0.031414931530983	0.899924435099288	30
-0.0486837661095501	0.554180702760555	71
-0.0830400647440299	0.436829403578501	25
-0.0867493664681001	0.446436226512887	25
-0.0483405368230501	0.554143878991696	7
-0.0813899605544599	0.444675140890848	7
0.00707189918905704	0.826344671830604	17
0.000328278259896009	1.13694694637332	9
0.123534209760186	1.25126713140639	71
0.0843609663496831	1.45090388109815	71
0.107493647730353	1.2680759346242	71
-0.09373351612265	0.43117557880715	101
0.00999887455652804	1.25496871960681	7
-0.0927530341376599	0.447138652626451	7
-0.09306172145472	0.437950061454584	7
-0.08641544348807	0.448514254954964	7
-0.11891048980609	0.870553600003524	81
-0.0399398107025499	0.544219450927041	9
-0.02205206468443	1.07265629923305	71
0.0323387989253	1.25232104642365	71
0.117300423423881	2.13699081705366	71
0.00881399138505801	0.685533946134692	71
-0.11618940999466	0.897263111896589	25
-0.0873974442815399	0.458946386739459	25
-0.03888083588289	0.533273572471317	25
-0.01563527744044	0.637761254307375	7
-0.08804627817393	0.44898687554573	7
-0.00179490423094997	0.743217302470936	639
0.0771889624551581	1.6116429929476	9
0.111207185588781	1.28110194695743	71
-0.01604706037395	0.640278684152302	71
-0.04402886177946	0.530438974296623	71
-0.0476245525988499	0.547283365850488	21
-0.12001922375165	0.881258458335825	25
-0.0807256317188201	0.448174635687186	7
-0.0807256317188201	0.448174635687186	7
-0.09241691410108	0.447166800655785	24
0.107588805815792	1.66194376251002	9
-0.09841813354365	1.75126493349506	385
0.0455076857000341	1.86792158071851	552
-0.11717951915454	2.33106879957144	552
0.047869674775423	0.868895739297427	25
-0.00722448585655	0.742062108541722	25
-0.09051589941212	1.24638701280765	21
0.00781925774293002	0.699577633039293	21
-0.0490273234715699	0.536073799964413	21
-0.0785575722962699	0.959832820950718	25
-0.0440382686093199	0.55191295655363	25
-0.08168152666549	0.460839725512664	209
-0.08339514631258	0.44463102901298	7
-0.05440045472675	0.526554635420878	330
-0.01522363291545	0.632351630720961	40
0.056003772473881	1.65601145063967	9
0.031548011222261	1.56779211200435	71
0.00183365412092495	0.729133265493742	71
0.000932547817318996	0.726134593213874	21
0.122162614860584	0.656376325127067	21
-0.02117211333198	0.648720412621499	25
-0.0867302147898601	0.459079468721275	7
-0.04763933142207	0.538753364309602	7
-0.08706378584202	0.461189355309019	7
-0.08197459667148	0.450745147906183	7
-0.0404826532928699	0.517000574527257	9
-0.0451002324909	1.31567662046025	9
0.0513143121519	1.37823132878202	9
0.041434519935754	1.41789404261575	22
-0.00228435979842989	1.39693718657573	71
-0.06187202021423	1.9288065482642	71
-0.0184856498110899	1.03941601954133	71
0.032264077093264	0.89008782613361	21
-0.0504095301091101	1.04039638908832	21
-0.07706068089653	0.443129495322646	40
0.022637799352592	0.818161603999314	385
0.088976654450846	1.0830934459297	9
-0.00795470675421006	1.2893482581197	9
0.106644807529601	1.15595060776663	22
-0.0457675012271399	1.2667380399302	71
-0.08804627817393	0.44898687554573	7
-0.0469230026037399	0.532352668281454	81
-0.0183461734094299	0.620057014286115	40
-0.0486837661095501	0.554180702760555	24
-0.0445637304387401	1.71757908977971	63
0.084359325754824	1.56508909449285	9
0.091323261683165	1.1759424130006	30
-0.12148095731841	0.891314640957285	71
-0.0354851336911699	1.26747093104133	71
-0.0887161286339799	1.40268562480767	21
-0.00224771112339006	0.747646928149669	25
-0.0890636223755501	0.434336886165647	7
-0.04439409555026	0.55181324666839	81
-0.0486837661095501	0.554180702760555	330
-0.12285129907756	0.912460409314757	32
-0.0870463571596001	0.44051586604178	32
0.011014563634995	2.13983810224192	22
-0.0392885043510001	1.28279796223551	71
0.124477798300452	0.685608605516651	12
-0.11830989719526	0.876571575080352	25
-0.01894541750208	0.626801905023018	520
-0.0046729101140901	0.74400579236451	81
-0.08636131236996	2.01280923733257	9
-0.00196713545917993	1.40674211334907	9
0.020919621155182	0.829806788367812	71
-0.0187140893487101	1.35353770219437	101
-0.0185288073393699	0.622547717007516	25
0.013588502033971	1.06440542423732	7
0.088148204174619	1.08215201370365	7
0.014013590728039	0.823703643099694	7
0.123552159880093	0.682643549451248	7
0.119470214324256	0.678396532460209	40
-0.00889774890371009	0.733443613838346	81
-0.08168152666549	0.460839725512664	81
-0.0118352302524301	0.617011937239453	81
0.124968902203272	0.664453345289621	330
-0.0806868640085701	0.447350652750009	330
-0.0773822149716901	0.43431448133455	9
-0.0537076601958899	1.21284806950314	9
-0.0121505513445099	1.81779569379764	12
0.113068105106495	1.35067155870687	71
0.031128867357008	1.145568519373	71
0.100617940602448	1.15261588753267	101
0.119935238263889	0.682871243920778	81
-0.08539165887345	0.415507778842528	81
0.025567409651451	0.775750941094505	9
-0.0694774216757801	1.30097871632607	9
0.00215079453507006	0.784456937617759	9
0.079348850192477	1.51782636145554	347
-0.0496656415299901	1.3262706656789	71
0.085241434932084	1.04706873042009	25
-0.00224771112339006	0.747646928149669	7
0.071956683797364	0.99255298187557	7
-0.01729558384936	0.648875186218128	7
-0.0426593474041099	1.0343492505977	7
0.088091346251947	0.982505164034318	7
-0.0124869194274599	0.636555472698684	81
-0.0490416330355401	0.555759314266047	40
-0.0165586381818099	0.597821457637365	330
-0.11189921453779	1.79769160686626	63
-0.11856615728997	0.8779288736719	9
0.00764128605914205	0.826063347826229	9
-0.0433268932008799	0.542967604373717	9
0.00828160550651003	1.12000783658927	9
0.097197668947445	2.34078183173916	22
-0.08079539572453	0.985184478416132	22
0.07576144996263	1.41139526584074	12
-0.00240626435776004	1.69328070478123	21
-0.0124869194274599	0.636555472698684	101
0.008976190359136	1.06654591651644	7
0.0711036729674061	1.01615910951763	25
-0.00270066188624996	0.748936123858862	7
-0.0868646297696301	0.986679772831111	520
0.000625438472499962	0.731035468560021	81
-0.0544194458826801	1.05340316288301	9
-0.02469750889542	1.32803156818555	9
0.123517814568728	1.46935087292945	9
-0.0837799176165499	0.971819995096606	22
0.116188390798936	1.18093712224969	71
0.008420152390194	0.70914308797159	40
-0.00986000450980007	1.82477019018	9
0.010949638264025	0.83311411461889	9
-0.01936216378399	0.62808899165442	9
0.012098342204519	0.832207542649701	9
-0.0977636561914601	2.25154455791962	9
0.014363794173462	1.17429505337881	9
-0.0039387148701	0.750474253073204	22
0.068431696081168	1.00046785408328	22
-0.1242229175882	0.900565978299699	71
-0.03789818884459	1.22051001240925	101
0.021133181639415	1.16458561969615	7
-0.08168152666549	0.460839725512664	97
-0.03958316343186	0.544312522190088	81
-0.11876507683947	0.87479629810891	40
0.027788005276737	0.889422214020374	8
-0.04975764864392	0.548536021326767	172
0.055375052741039	1.24380727467026	9
-0.04640231713207	1.31600715952673	9
0.039747241912939	0.897275662961165	22
0.0309297551636401	1.13299007590009	22
-0.00707606568992003	0.741256534515959	12
-0.01254114157093	1.54904042538584	71
-0.02043076606287	0.651049406220461	7
-0.00180703282678008	0.734212279022951	7
-0.02117211333198	0.648720412621499	7
-0.00798661661545008	0.744167951615111	81
-0.0486986699012899	0.55239904354299	81
0.124218279783983	0.760524895465061	81
0.001188268224666	1.3620969602989	9
-0.0069264260242401	1.40243101015139	9
0.073448324232309	1.02504562315209	71
0.018218148754912	0.839318818471083	25
-0.12165105001934	0.908971427622037	7
0.120238184363564	0.56395201195605	7
0.00558328517728302	0.734215807028763	7
-0.0807256317188201	0.448174635687186	81
-0.0440382686093199	0.55191295655363	8
-0.08168152666549	0.460839725512664	8
-0.0129007012399001	0.636421976526277	9
-0.0837088943720199	0.447242016932699	9
0.059514925366725	0.913813263140054	71
0.103625630376915	1.23405987970403	71
0.000709174693851011	1.13428189043304	21
0.058798894330395	0.931949798413255	21
-0.02617817464401	1.34037913886656	25
0.118054772917239	0.664070477287677	7
-0.03958316343186	0.544312522190088	7
-0.0205214587684699	0.64483646328038	81
-0.1227392828922	0.905101618039884	8
-0.0830400647440299	0.436829403578501	8
0.048294376773504	0.860257902124273	9
0.027975503272673	2.31619912254759	9
0.029842420528406	1.17197327322104	25
-0.09060488797909	0.971658959867754	25
-0.1199077732506	0.890632972232453	713
-0.0153073522949501	0.63452278458739	25
-0.0873974442815399	0.458946386739459	89
-0.09241691410108	0.447166800655785	25
-0.0820132784613501	0.457159153484861	7
-0.01017660599968	0.612308784955486	8
0.051207159499158	0.936710068001294	8
-0.0894189765464899	1.00027215166912	9
-0.11153833114091	2.40221451751081	9
-0.06018955440135	1.02666557325875	25
-0.0404377356960599	1.01078933162577	25
-0.11031023515138	0.842712057995532	25
-0.11865415115602	0.886818859301428	89
-0.0436925261361001	0.550204641337599	8
-0.0859961728060099	0.935605287443637	8
0.031566303990287	1.37649854423572	17
-0.05011579741518	0.535925908119214	9
-0.07739287214911	0.446383782844418	9
0.016073198891922	0.827507046040692	71
-0.00256965885773997	0.740521279460292	71
0.0209745120197909	0.797344424759439	71
0.077302496124547	1.47787556365077	71
-0.04424999137478	0.535425262598485	21
-0.08168152666549	0.460839725512664	25
-0.12116082646163	0.882347674037752	7
-0.04370346130119	0.526410219131135	89
-0.0529993177516901	0.537110981137325	201
-0.0806868640085701	0.447350652750009	89
-0.08039361582286	0.44490351378498	7
-0.08164350357616	0.447431836370305	8
-0.0830400647440299	0.436829403578501	17
-0.0113329133625799	0.591472881237039	17
0.016987722813959	0.80386716027693	9
-0.05180547652144	1.06384763289314	9
-0.08168152666549	0.460839725512664	9
0.047360839998845	0.857174344976593	63
0.102519992566542	1.20811254027364	63
0.040320566404924	0.914344874473367	12
-0.07706068089653	0.443129495322646	71
-0.0436925261361001	0.550204641337599	71
-0.04439409555026	0.55181324666839	71
-0.0813498736907901	0.460940174958639	25
-0.0780459853101501	0.446931079889871	21
-0.08706378584202	0.461189355309019	21
0.00013732169479197	0.755505033224878	25
-0.0833744356558901	0.445279940231538	89
0.100871694218951	1.57636265437709	8
0.0359939703646091	0.884221539883304	63
-0.04439409555026	0.55181324666839	22
-0.0490416330355401	0.555759314266047	143
-0.08168152666549	0.460839725512664	21
-0.04440480038215	0.540994842754715	329
-0.0214978493989999	0.628499530646359	7
-0.0807256317188201	0.448174635687186	89
-0.0402965512710001	0.541349578981248	201
-0.07805751488143	0.442901639686901	89
-0.0863967310841201	0.449979433985566	7
-0.0486837661095501	0.554180702760555	63
-0.0493995938655201	0.554002440356311	21
-0.0201049680761201	0.646484419026069	329
-0.08239097308342	0.436307205370226	89
-0.0827256095492801	0.4447398398429	89
-0.12496809262191	1.17922575513007	89
-0.08197459667148	0.450745147906183	25
-0.0807256317188201	0.448174635687186	508
-0.01165977431725	0.628691601929305	9
-0.0440382686093199	0.55191295655363	63
0.018683465854916	0.844409438379831	22
-0.0433471066119899	0.532241356090895	25
-0.04399472505263	1.32586655169934	7
-0.01729558384936	0.648875186218128	71
-0.02532421782773	0.62855924284721	71
-0.0163746531398601	0.635562700755714	71
-0.0224187947376999	0.643561257736608	21
-0.0429806237691499	0.547548917531906	7
-0.04961723911335	0.531519433564359	89
-0.07739287214911	0.446383782844418	89
-0.0827256095492801	0.4447398398429	396
0.124035195540729	0.667142627006694	8
-0.0821960252729901	1.00579285351892	8
0.014571771068597	0.848643499606696	8
0.048336060038579	0.864104145374812	9
0.081742533926333	1.05211311923632	9
-0.0904539811560101	0.950239854345531	59
-0.0114351654657601	0.707922999823614	9
0.055662399642445	0.939013901312311	9
0.062033998860356	0.936849112461002	22
0.120864847898654	0.6832339445048	71
-0.0392376548114499	0.533192129086267	71
-0.0820132784613501	0.457159153484861	71
-0.07368981016402	0.423481407242762	21
0.100856817409519	1.09813791729914	329
0.015745160130094	0.829367945224924	8
0.067263406889488	0.927407664564419	8
-0.078378000367	0.446844468464748	9
0.110907663036414	1.36528722874766	63
-0.0536296402955701	1.58119151501767	59
-0.0471345735422599	1.85823978729029	127
0.08579828354978	1.03575148637243	127
-0.09302655083349	1.43373519011515	71
-0.05317035400792	1.01543303016789	71
-0.0122670187723299	0.609114311838001	21
-0.00272003722889003	0.744201552044424	8
-0.08101831948812	0.457426544657416	8
-0.02158753318777	0.650105510733218	508
-0.0813498736907901	0.460940174958639	77
-0.12491849284058	0.868577262419048	9
-0.0067689148780401	0.742279928991148	71
0.123920692631581	0.571835171829607	71
-0.0780459853101501	0.446931079889871	21
-0.08263707855051	0.447197086935021	25
-0.08197459667148	0.450745147906183	7
-0.08339514631258	0.44463102901298	89
-0.12036264194307	0.888779970471117	508
0.0173682059015799	0.810887354197316	71
-0.0452942472703299	0.538861287038513	21
-0.0402965512710001	0.541349578981248	21
0.092377533458585	1.00866952473105	148
-0.0837088943720199	0.447242016932699	7
-0.0168194541330799	0.704608513214667	8
-0.0813498736907901	0.460940174958639	77
0.018126884361984	0.815577817763445	71
0.054776621742086	0.94624040254703	71
-0.09241691410108	0.447166800655785	25
-0.07772515013054	0.446297540699	7
-0.0493995938655201	0.554002440356311	7
-0.00798661661545008	0.744167951615111	56
0.0261853672343571	1.17335123118872	9
0.122729912607287	2.22132694551749	9
-0.12004373344249	1.37508837892433	25
0.101401279850442	1.11908515189028	25
0.123796810235978	0.748213453506056	148
0.025000155403254	0.800051092638088	25
0.00529206174100005	0.702537865289939	89
-0.08039361582286	0.44490351378498	25
-0.0185489788225199	0.633517320523554	396
-0.0134296591743499	0.618275870762187	56
-0.08101831948812	0.457426544657416	56
-0.0848371932390499	2.04230762255614	9
-0.04404861675223	0.547268009521798	9
0.123609809187035	0.557097350551814	9
0.082600694853306	0.959750670098687	22
-0.08717192011176	1.20867203152697	22
0.018444507573348	2.29902320701829	22
0.05393495516488	1.66000641821806	22
-0.0815292624148101	0.954128723499168	71
0.059977728858285	0.916498523662929	456
0.02922932175449	0.76951606025976	148
-0.02136156803259	0.632909130159949	89
-0.0813498736907901	0.460940174958639	8
0.045155784644933	0.867589447233024	9
-0.0449514803050199	0.546466462629144	9
0.091692507957185	1.46012616781589	22
-0.04866981602346	0.524241113770947	22
-0.0283893934311501	1.33511673585868	456
0.020494566964037	1.18982643388699	21
-0.0117692575897099	0.714969722406886	148
-0.08396027686592	0.930298943273669	148
0.056446275455461	0.909186389099527	148
-0.0892747728701999	0.975466108615728	89
-0.08234512912717	0.447089783724206	25
0.018308293292591	0.848884296291353	7
-0.12170470602177	0.871822619429729	8
0.025089927249663	1.46677892043489	59
0.027590080182275	1.23388769385912	59
-0.02584561235296	1.59440177774362	9
-0.10118204004689	1.23451300516024	9
0.080340272099915	1.84512153009514	22
0.01395404677571	1.37793921751766	22
-0.02186772800543	1.3620335102641	71
-0.11959084263607	0.911759766447097	21
0.036688066134291	0.919441442813676	148
-0.0820132784613501	0.457159153484861	95
-0.0137415335369699	0.609553968921596	95
-0.0493995938655201	0.554002440356311	8
0.027937937538173	1.49826427970105	22
-0.02041716889705	1.64089627321282	71
-0.0776791479964201	1.42184072137785	25
-0.11653238842221	0.895944931678559	148
-0.01489509936705	0.632056280372253	89
-0.03511252965657	0.507140903136347	95
-0.0436925261361001	0.550204641337599	95
-0.11228867130558	0.829018316241718	56
-0.0857288867497601	0.994222746147496	56
-0.0187697006780101	1.36452054974298	9
0.08701641477954	1.12819466386166	9
0.116963592238285	0.651818248111793	59
-0.04798249773705	0.552574487052458	9
-0.0553621434129801	2.26476658097873	9
-0.11019744538148	0.851645025857185	21
-0.0422786009742799	0.532474866662391	25
-0.01414288464925	0.618952845242211	95
0.036373113720088	0.896438772031031	25
-0.11876507683947	0.87479629810891	8
-0.0399398107025499	0.544219450927041	124
-0.08219805928672	1.99010974655365	22
0.026709564647795	1.14353654864573	456
0.023479868446322	1.18885753610293	148
-0.0528178922244	1.43811652157026	148
0.048572798202597	1.22578244365369	89
0.124541900491842	0.56595728057693	565
-0.02564829722116	0.637539222635449	95
0.120559453010089	0.745958506189251	8
-0.0780459853101501	0.446931079889871	8
-0.0207568339831701	0.644105965214832	56
-0.01687104177693	0.637362084385763	56
0.124140762506898	0.682706358635342	124
0.064537429777515	0.962038069454394	9
0.04559133020151	1.61014087841758	71
-0.12211505303851	1.34584772729179	71
-0.0120234353283899	1.06618676670451	456
-0.00722448585655	0.742062108541722	148
-0.04101031247792	0.522488346665767	148
-0.0813498736907901	0.460940174958639	89
-0.08168152666549	0.460839725512664	25
-0.01563527744044	0.637761254307375	8
-0.04404861675223	0.547268009521798	77
-0.07771405685851	0.443669879071619	77
0.091847436905925	1.07590721714293	59
-0.0117370637638201	0.725437375579882	124
0.124419410337634	1.57215424349886	22
-0.10592008394621	1.67255835296772	22
-0.0451002324909	1.31567662046025	71
-0.07472921587794	0.944244439559205	71
-0.09087410316034	0.979703527043685	25
-0.0533595106154101	0.537048983506398	89
-0.08101831948812	0.457426544657416	77
-0.08706378584202	0.461189355309019	9
0.084385223462112	2.28923845563477	59
-0.04958799958606	1.74999210618741	22
-0.06671838005252	1.24909011698947	71
0.058552490751101	0.869252793228948	71
0.0210641851937921	0.810467923222627	71
0.037732074369158	0.886634598203015	71
0.060305327995423	0.951602487566532	71
0.00929902058561505	0.797733085753986	25
0.018578242111528	0.803234877116829	456
-0.04504866090782	0.994479439402006	25
-0.05729347771176	1.24145971904613	21
-0.0483405368230501	0.554143878991696	148
-0.0493995938655201	0.554002440356311	148
-0.09143657671002	0.428847399207395	148
-0.0436825345074101	0.549142122263132	7
-0.0483259930431701	0.548856738586121	8
-0.04440480038215	0.540994842754715	8
-0.07871010206958	0.443440977317822	56
0.107075618122554	1.18495335070354	9
0.068107174626908	1.67957353257775	9
-0.0392885043510001	1.28279796223551	12
-0.02522870414898	0.637660114791863	71
-0.00211359844512993	0.728889426138044	71
0.038624070825848	0.871132054812419	71
0.123912906039411	0.670160509152212	25
-0.04439409555026	0.55181324666839	663
-0.07724193451636	0.968871336961544	663
0.013226791808948	0.826353835177728	456
-0.0857478600239401	0.438070258786727	456
-0.02094000742353	0.633026421955869	456
-0.00707606568992003	0.741256534515959	216
-0.08771288392014	0.451093662399439	148
-0.08706378584202	0.461189355309019	148
-0.0185720206201201	0.598927683640454	148
0.02170710206158	0.823493868276329	56
0.102733621430199	1.65556831749546	22
-0.00287161644913003	1.42385097870301	12
0.074881719265199	1.82827212109425	22
0.000546909834843956	1.7417539574217	71
0.108497877326924	1.53183738743714	71
0.020220192552329	1.17512881569646	71
0.101439572845376	1.11633967420945	25
-0.11787210396152	1.3610083604456	456
0.119470214324256	0.678396532460209	456
0.117767158033491	0.748368613274638	456
0.055055521666438	0.941397803096524	216
-0.0440382686093199	0.55191295655363	148
-0.08876552334028	1.24403462231499	63
0.088873693885659	1.11475749995965	59
0.105104489065601	1.98588607755656	12
-0.0870431144536301	0.972479345035418	22
0.032264077093264	0.89008782613361	148
-0.05369993980271	0.538605214589502	56
0.124140762506898	0.682706358635342	9
0.092026302155657	1.04222345897153	9
0.039949843523456	1.57137820393763	9
-0.00976229994166999	0.603913313712869	9
-0.02438993117385	0.627116835688361	9
0.02126637905273	0.787261402879761	9
0.025827209841381	1.12244944961976	22
-0.0974005641490501	1.2258273709521	22
-0.11937060894576	0.879961509887939	22
-0.06693652953779	1.73564862964541	71
0.0978966284749	1.49481051955766	71
0.122012844468205	1.25873422629839	25
-0.0225091076470401	1.33858277912525	25
0.099988812218174	1.13619635091993	216
0.0734971395987311	1.02348078323772	148
-0.0164589817935601	0.640142296014888	89
-0.08706378584202	0.461189355309019	8
-0.0486837661095501	0.554180702760555	287
-0.0530194177443799	0.519334390383757	77
0.112641019108879	1.2868549728013	59
0.0806411062547751	1.34240761536447	32
0.09834061193376	1.12560690959039	22
0.016681214293638	1.49906761476612	12
0.043827111076023	1.08865630135003	71
-0.0447500153737901	0.548856914686032	71
-0.12285129907756	0.912460409314757	21
0.100881467045795	1.1634043588409	25
-0.11527819889821	0.897969334701817	8
-0.0440382686093199	0.55191295655363	77
0.010413010408405	0.823485483561663	63
0.054160050130066	0.938179856755366	9
-0.00902571938903995	0.605769019577859	124
-0.06350681414686	1.22488944545572	22
0.072670552036907	1.80518370320611	71
-0.0181193622234099	1.56146634043773	71
-0.01314672064058	1.65992782322172	71
0.049261873695635	1.34638908745283	25
-0.0151950039794	1.06002560579184	25
0.086084723143937	1.11849787774741	148
-0.04593910288696	1.00407508113761	25
0.103070126922251	1.62753174468312	9
-0.0483259930431701	0.548856738586121	9
-0.0436734834907599	0.518142041133462	9
0.025643818010237	1.23986557820562	22
0.028092211414526	1.18074184754281	22
-0.12199361770544	1.16898936019982	8
0.123678308315795	0.685113415706146	8
0.065377620139195	0.911440875183048	8
-0.0447398963954799	0.538849814430094	8
0.00156407925911395	1.14578696128042	9
0.035473087776934	1.24581913731855	32
-0.0663385785677899	1.23024150313442	12
-0.0513019350217601	1.03653962242895	148
-0.0547603003344199	0.526502989695928	89
-0.0493995938655201	0.554002440356311	56
-0.0540801816088201	0.522366275830693	56
-0.01013936318796	0.71493989384308	56
0.11944465255637	1.32863719907553	12
0.057009480402483	1.53964797748028	12
0.089073786696964	1.09520865892128	71
-0.00970768236034991	1.34548611698606	216
-0.08168152666549	0.460839725512664	89
-0.02294863039684	0.623487086774545	8
-0.0810577466129301	0.448088197085771	8
-0.0442339966281	0.546632088395505	56
-0.0486837661095501	0.554180702760555	77
-0.11945549424148	1.37969666050086	9
0.124034227734545	1.40494592532261	63
-0.00926482167974996	2.08692476883919	71
0.014479246503347	1.20679593489073	216
0.103122475893256	1.15405788895141	216
-0.000316842699130016	0.750457600909693	148
0.035059470423002	0.895080150950504	25
0.119562903910857	0.74845752100623	89
0.00242562257359302	0.715335521142019	8
-0.0877981875776399	0.975506241442864	77
-0.00302586501191993	0.747491121462205	9
0.12197257366599	0.683624534123319	25
0.044350933491621	0.869192484856028	721
0.0326028411488321	0.898693174766751	721
0.00872479584232999	0.707357780975026	89
0.024463606845157	0.781950466459955	8
-0.0392266094150799	0.541615420653676	8
0.114644208886555	0.649340059927602	8
0.028684582872641	0.892507563187496	56
0.0599306820257161	0.967889942594604	63
0.124015051529956	0.685421563274956	63
0.107418938492629	1.65345274437562	12
-0.0110867537981401	1.63725230674566	22
-0.0149032498831301	1.62541036899299	12
0.0367418442462441	1.58786052899909	71
0.098722491915964	1.15312158626691	71
0.0599306820257161	0.967889942594604	25
0.074416845033825	1.00968572977117	25
-0.01322635975611	0.623508684406425	148
-0.0255535566362499	0.63222629071939	89
-0.0454621338441901	0.529459829180701	8
-0.00183441253995009	0.730204501732096	8
-0.0854429979329401	1.00312740742326	8
0.000251106365442011	0.72001778496599	9
0.0845789426158829	1.02625283310318	22
0.084164586262988	1.82013587871116	22
0.124507903277683	0.692602973971289	12
0.047237072797879	1.29123506991234	71
-0.00544332688477001	1.90226612641111	25
-0.0501410288802	1.01142678334466	25
-0.12457803389601	0.911760159651618	89
-0.11910903463514	0.887999392727203	89
-0.12445364868751	0.908301793083619	8
-0.02084665906948	0.652447063936407	8
0.123185285809676	0.56789968449858	8
-0.00331539346899001	0.740081724427985	77
-0.0493995938655201	0.554002440356311	77
0.102507882276753	1.65937697317597	59
0.071865377158949	1.47044503175871	59
0.015458165622748	0.821558087547679	9
-0.07964062968766	1.25471759381345	22
-0.0140068360096499	1.64433527592477	22
0.062981021249968	1.17583826164381	167
-0.08450484910195	1.00415986104951	8
-0.11527819889821	0.897969334701817	8
-0.00509499076180009	0.723464206540316	56
-0.0132516924908399	1.38235319330692	59
-0.11695724204624	0.879783627513582	9
-0.11830989719526	0.876571575080352	32
-0.07277977348747	1.24221677593706	71
0.104220940966249	1.4965546239411	167
0.090294912592344	1.14739329632818	829
-0.0759426087272499	1.26798907344032	8
-0.0450955528099399	0.538764739476133	56
0.022736803356908	1.18498019970038	63
-0.00788956770923011	0.573198780941372	9
-0.0604422616464899	1.51889901208733	71
0.030900875151999	0.882782028165437	148
0.00613544321935799	0.818670281570892	721
0.099525793805045	1.165303406299	89
-0.0829684674318101	0.437708813579156	25
0.051649045674725	0.952694478044543	8
-0.0840459547813801	0.950534011594373	8
-0.000206174713170082	0.722980865579294	8
-0.0927205871346599	1.22901976339762	32
-0.01522363291545	0.632351630720961	25
0.049105841525416	1.15598687759436	25
-0.04193971608796	1.29736151627008	8
-0.04439409555026	0.55181324666839	8
-0.03232196952463	1.33934998616979	63
0.120295753157036	0.671290925804301	9
0.01970258856802	0.835344153284734	9
-0.0298832005393601	1.8153299752085	32
0.00116522959393095	0.702946102031852	32
0.020517578071139	1.19444439982232	32
0.020047876881732	1.19192869702227	22
0.032231927823881	1.1954600975259	12
0.0899388046113731	1.48530874537233	71
-0.0269829921954601	1.99973391892013	167
-0.0165533273368099	0.647293080554019	25
-0.0580014076331901	1.54328505061388	25
-0.00300794077616007	0.749841197084695	116
0.123431490778603	1.79425052378496	32
0.02261891787364	0.80302970268404	22
0.03965243263122	0.846976085196267	22
-0.0587895862185901	2.33778836442569	167
-0.12193759617153	0.902392559145352	504
-0.000131884174529917	0.725986095893783	56
0.124089552831525	0.559357954430725	77
0.016159466975452	0.78251468268397	77
0.082649814799444	0.9790229156668	63
0.06135363385979	0.929897351286971	63
-0.0188563034384499	0.632088879334777	9
0.021693641131771	0.816283995854836	22
0.056072992700538	1.89578096071326	71
0.118247541357178	1.32990440594949	167
0.093000174883409	1.0029218859815	167
-0.06816741921655	1.29774963283735	504
0.0327670361740871	0.879483397029897	89
0.022067513423532	0.824409304443175	56
-0.0518960040426799	1.47997401842782	63
-0.01198915715579	1.6568556690301	9
-0.000323390470879925	1.46480917144682	22
-0.0148542501511599	1.82093671732289	71
-0.0938429319819301	1.21344435299267	89
-0.02117211333198	0.648720412621499	89
-0.0433365284896099	0.550302875647422	767
-0.0477749745779701	1.05201752102023	8
0.073949193477911	1.01919477593068	9
-0.02095710761909	1.09622833770155	63
-0.05924979352566	1.03555903582861	22
0.03495506204442	0.909878530641648	12
0.000582904002695006	1.46927549502179	12
0.064772120081559	1.32043754937627	167
-0.08546537185593	0.977769786848516	116
-0.07739287214911	0.446383782844418	116
0.0390528458188451	0.855160514946304	89
-0.0490273234715699	0.536073799964413	8
-0.0483405368230501	0.554143878991696	77
-0.0867302147898601	0.459079468721275	9
-0.04347539643183	0.989186186142632	22
0.116809173689828	0.67536138210738	22
0.086264542555827	1.10891311709327	22
-0.01366828394334	1.08982779346761	12
-0.0169713817596799	0.645627098933773	504
0.019966409953232	0.804020353929082	116
0.121075251146879	0.664166326200376	25
-0.0490416330355401	0.555759314266047	77
0.058642020826875	0.961984441376723	63
0.116225136014472	1.62383034241774	32
-0.0307924927274501	1.34768443102564	22
0.112049116030386	1.11346443262849	12
-0.0820026519752901	1.58501561479381	167
-0.06640822469104	1.26000989870959	829
-0.09083212444425	0.972774711301606	116
0.025837607925295	0.802564255845745	89
0.000625438472499962	0.731035468560021	8
0.011547156183494	0.670445599101472	8
0.00558012426518195	1.34089458891918	71
-0.02656758560481	1.85036914418852	71
0.0516259516049991	1.59185376610405	12
0.012098342204519	0.832207542649701	167
0.073745265516146	0.992600588532899	116
-0.02158762137514	0.611773424787213	8
0.114603425231805	0.665042292572989	77
-0.10626455162616	1.47461724957146	59
0.073499728020598	1.4207911517178	22
0.018267204164784	1.44225942871633	22
0.101590882500284	1.06641584848724	12
0.0501287891476711	1.15183211169284	71
0.08934849781944	1.06018338070095	71
-0.0201960650077	0.622107091033512	25
-0.0927530341376599	0.447138652626451	25
0.124015051529956	0.685421563274956	29
-0.08641544348807	0.448514254954964	77
-0.0348345909774199	1.81599951290068	22
0.104384471425509	1.06789793356766	22
0.075454920546674	1.36463171645153	71
0.023367810020943	0.819570997339942	8
0.0349136060105491	0.909680931130397	56
-0.12208791508867	1.41309012464438	71
-0.07368981016402	0.423481407242762	115
-0.0399398107025499	0.544219450927041	77
-0.07871010206958	0.443440977317822	56
0.055712886219934	1.8851949121036	59
0.023102931463567	0.810802173724956	59
-0.0596274522401801	1.76292182365486	71
0.056517137433444	0.94857791685891	829
-0.0867493664681001	0.446436226512887	8
0.124705345997474	0.58553449110199	8
0.098231359912466	1.17151457793906	63
-0.0508280477863901	1.46437484088416	71
0.065915058945264	1.27615296389639	25
0.077946964932606	0.980571424252669	25
-0.05054009092778	1.06356154235362	25
0.000481780809091004	0.720619856846889	25
-0.00302586501191993	0.747491121462205	8
0.05857433816847	0.962485942405836	25
0.108290246860205	0.912391605784652	167
-0.09873416154347	1.23441450458717	108
-0.04192261842545	0.526754290256624	89
-0.0780459853101501	0.446931079889871	25
-0.00828548125299999	0.595630695624464	8
0.124973407988013	0.691337484648694	59
0.054958423997703	1.58891961037711	63
0.0759990138903049	2.28053863051247	22
0.0892680502065361	1.07523717856124	41
0.038605010330284	0.866624101931787	71
0.054482025842695	1.13282105379899	71
0.060336411369225	0.960887326562277	71
-0.05597152383148	1.54363126870434	71
0.062884198172072	0.952023196358759	71
0.06376956562628	0.929765340320235	167
0.124477798300452	0.685608605516651	167
-0.0169713817596799	0.645627098933773	108
-0.00107583211796003	0.747833152262712	348
0.025837607925295	0.802564255845745	25
-0.0486986699012899	0.55239904354299	29
-0.04030867208682	0.512562937858113	115
0.05335925424125	1.26574888629798	59
0.0525764350632421	2.00581141781392	71
0.038681972306945	1.26788318149647	71
0.099459000319938	1.24056852775228	71
-0.04365755623731	1.4739240678501	167
0.115018563998518	1.2494005397631	167
0.00107569788434603	0.731236972462682	89
-0.04439409555026	0.55181324666839	48
-0.01023688916834	1.6820611760992	63
-0.02380216683989	1.06860927872632	59
0.120864847898654	0.6832339445048	22
-0.09256706715125	1.42852020355897	22
0.0357495008493099	0.908591626340536	22
-0.04904973991786	1.03444673798302	71
0.040567285293337	0.867881420876581	71
0.004632113108892	0.726751872002867	167
-0.0114351654657601	0.707922999823614	504
-0.0164589817935601	0.640142296014888	116
-0.0476245525988499	0.547283365850488	89
-0.0810577466129301	0.448088197085771	25
-0.08164350357616	0.447431836370305	115
-0.0440382686093199	0.55191295655363	77
-0.08168152666549	0.460839725512664	77
-0.0780459853101501	0.446931079889871	77
-0.09197632798427	0.981623158275596	32
0.010699334418213	0.831251680663539	41
-0.04925638428359	0.531577314471173	22
0.016815807661114	0.836677559918885	12
-0.0535947885438599	1.01351069947189	71
-0.0399289994230301	0.532519085075892	71
-0.02094000742353	0.633026421955869	135
-0.07871010206958	0.443440977317822	108
-0.0448256231986	1.04536009312429	63
-0.00798661661545008	0.744167951615111	63
-0.09306172145472	0.437950061454584	59
-0.0863967310841201	0.449979433985566	22
-0.0117466791793801	0.635003520255172	71
-0.03618414955247	0.514684657897847	71
-0.0840434409336901	0.44517049740521	167
-0.08168152666549	0.460839725512664	135
-0.08168152666549	0.460839725512664	458
0.01597187000046	0.83914318141578	71
-0.02597261870367	0.635461684788223	71
-0.0000204068006000036	0.731029382944713	71
-0.0440382686093199	0.55191295655363	71
0.011705796303767	0.835995622437343	167
-0.01142036402828	0.619576865832934	217
-0.00646193598143996	0.732833622732721	167
-0.0201049680761201	0.646484419026069	135
-0.0162288419089101	0.629828866494018	3
-0.0829684674318101	0.437708813579156	29
-0.08706378584202	0.461189355309019	59
-0.0305508995133701	0.586654607709127	59
-0.0436825345074101	0.549142122263132	41
-0.0873974442815399	0.458946386739459	71
-0.04545130202006	0.536000075557672	167
-0.0164589817935601	0.640142296014888	59
-0.0813498736907901	0.460940174958639	546
-0.07904229045819	0.434102406146835	22
-0.0440382686093199	0.55191295655363	326
-0.0806868640085701	0.447350652750009	41
-0.0224187947376999	0.643561257736608	41
-0.08197459667148	0.450745147906183	206
-0.02532421782773	0.62855924284721	71
0.0000106913547790466	0.705748411519103	71
-0.04439409555026	0.55181324666839	167
-0.00860958770409992	0.60821847022911	25
-0.0185720206201201	0.598927683640454	25
-0.0492773716631101	0.517695766743583	135
-0.0813498736907901	0.460940174958639	348
-0.0436925261361001	0.550204641337599	25
-0.08168152666549	0.460839725512664	25
-0.0813498736907901	0.460940174958639	8
-0.07706068089653	0.443129495322646	29
-0.0788408897187101	0.976513531138769	63
0.010699334418213	0.831251680663539	59
-0.0837088943720199	0.447242016932699	351
-0.0148121267214301	0.623327575172277	12
-0.09306172145472	0.437950061454584	12
-0.09877287051829	0.422223395520061	181
-0.0429806237691499	0.547548917531906	71
-0.0497426195938799	0.542565652173964	71
0.118796112608832	0.67767175989829	71
-0.08263707855051	0.447197086935021	71
-0.04728111999486	0.537284701128922	71
-0.078378000367	0.446844468464748	25
-0.0490568970162399	0.546967970010297	3
-0.0453103636758001	0.541154202150884	3
-0.0169713817596799	0.645627098933773	59
-0.05265895581522	0.522957784613568	22
-0.0440382686093199	0.55191295655363	41
-0.02564829722116	0.637539222635449	12
-0.02136156803259	0.632909130159949	71
-0.12239391562647	0.910637894485309	206
-0.05043943765348	1.05291701502312	71
-0.0823057883132901	0.450656437505055	71
-0.0225271872980199	0.630906843822465	71
0.00422907132949402	0.733585391122022	71
-0.08168152666549	0.460839725512664	71
-0.0436925261361001	0.550204641337599	167
-0.01448298512017	0.626759758371663	167
-0.0220030936298801	0.648436142421461	167
-0.0492773716631101	0.517695766743583	3
-0.08168152666549	0.460839725512664	3
-0.0780459853101501	0.446931079889871	77
0.038676156400852	0.874412419351034	59
-0.03958316343186	0.544312522190088	22
-0.0927530341376599	0.447138652626451	22
-0.0807256317188201	0.448174635687186	22
-0.08199948754849	1.13093410548729	41
0.011992038646078	0.800338049923494	41
0.1234691017173	0.571765362038615	12
-0.0378891745307799	1.30865244306299	71
-0.11653238842221	0.895944931678559	71
0.0140657607338029	0.834465279530702	167
0.035014646802413	0.897485625027396	3
-0.0133146226619401	0.633666934631514	3
-0.0168780588451001	0.647486360760697	8
-0.08771288392014	0.451093662399439	115
0.018486877619958	0.797426029476048	41
-0.04566275025921	1.82081897593747	41
-0.0841268858526301	0.992167868579358	704
-0.10292339785572	1.43760551840532	167
0.042397061373564	0.892416078668667	3
0.010699334418213	0.831251680663539	8
0.035836147558186	0.907186297326026	22
0.05034183803218	1.28868469183668	22
-0.12319833823799	0.919006301991237	22
0.00263851949670502	1.15279605774204	41
0.11228454609762	1.97342817536034	71
0.086329187762809	1.77300096447331	71
0.044089836743848	0.87059293402848	3
0.045919679844482	0.848241212626728	25
-0.0168780588451001	0.647486360760697	22
0.036218853820047	0.915700757445976	3
-0.0813498736907901	0.460940174958639	77
-0.08808111633828	0.949641056385463	593
0.124257267652778	0.584064298560114	593
-0.0124869194274599	0.636555472698684	77
0.021605741704519	1.19900735742494	22
-0.05451471753806	1.9889790959748	22
-0.05441652005697	2.00636752215733	41
0.071656195428602	1.01566327473769	71
-0.12116082646163	0.882347674037752	3
-0.0447500153737901	0.548856914686032	3
-0.0860816080203499	0.446546351485114	115
-0.0296039381469699	0.614101169181201	77
-0.0843780753821901	0.436746974057161	77
0.120450455771499	1.25334837786496	22
0.0604467993412779	1.57661243865203	22
0.066359763366065	1.66484267018438	22
-0.03620249346534	1.32548169486283	22
-0.0138306835697899	1.40565541589558	41
0.00888346870105905	1.19527012316482	41
0.0905130913935061	0.963012810963522	71
0.035446525003154	1.24343418833016	71
-0.03087368938966	0.608135625720326	71
-0.12057106245355	1.14244445137455	71
-0.0668210905144799	1.46552416432066	71
0.074320364695284	1.01865363136207	71
0.064312702528616	1.00201991780523	71
-0.059070662955	1.26196076991325	167
0.085878690926956	1.04828009270363	3
0.033484807794035	1.21591748930335	3
0.06489800324173	0.999172841790588	3
-0.0183719412916901	1.34882501414775	3
-0.00317675844271004	0.743976756032777	3
-0.0399289994230301	0.532519085075892	8
-0.0445772979924699	0.532431393577682	77
-0.11482280484424	0.893550178696097	593
-0.0882467368645701	0.984170739555283	22
0.057999246348907	0.939485462985184	22
-0.11110970852016	0.862854131893815	22
-0.0587469932795901	1.27904532891356	41
-0.02723984650904	1.14153924927636	12
-0.0408516261011	1.2608295177422	41
0.023456002809652	0.808483031970771	71
0.000285557919903034	0.753310475105887	3
0.0196618487949189	0.819318401916595	3
-0.0147142381457901	1.09420552570106	3
-0.02692341157182	1.08405084858442	3
-0.00753126852268005	0.74438830687426	3
-0.08197459667148	0.450745147906183	3
0.016209677503503	0.828199559201006	3
-0.0392376548114499	0.533192129086267	29
-0.0449514803050199	0.546466462629144	29
-0.0943399947003201	1.23598571183989	8
-0.03618414955247	0.514684657897847	115
-0.01687104177693	0.637362084385763	77
-0.0486837661095501	0.554180702760555	41
-0.0248171957092	1.61973122387692	181
0.029562349952827	0.897172831155793	71
-0.0752866150267399	0.950599871099582	3
-0.0272306303343901	0.624494544945736	714
-0.04439409555026	0.55181324666839	8
-0.0449514803050199	0.546466462629144	29
-0.0263918182913501	0.63534418109837	772
-0.01771324546303	0.647199894834135	77
0.111471791259411	1.27315495696706	59
-0.0721360449828301	1.48470542221469	22
0.00312919813979595	1.11836805913386	22
-0.0978805782340799	1.70330116331278	22
-0.0333061620725399	1.85126587298396	41
0.063018502316644	0.992962139914123	71
-0.08552355902591	1.14345401978267	217
0.053890369767049	0.920052985187386	3
0.124392806078112	0.580451285325689	714
-0.11959084263607	0.911759766447097	772
-0.00300794077616007	0.749841197084695	77
-0.03429098163148	1.58776329904645	22
-0.11867495921949	0.916143498495928	22
0.034911904149651	1.23054010795922	71
0.035209845594304	1.32436368989108	71
0.109685908944609	1.26787070245964	167
0.052998072477361	1.35394783156179	3
-0.0356050992924699	1.22166979531102	3
0.106658037248889	1.10790630992294	3
0.107741306730787	1.21004519448773	3
-0.0801349469888899	0.94202500263599	3
0.00558328517728302	0.734215807028763	714
-0.0209380855048	0.640019989576796	427
-0.0429908450238199	0.534963395343266	250
-0.02564829722116	0.637539222635449	77
0.00265935719149701	0.712770836303032	77
-0.04568545192392	1.0243253733396	77
0.047445323425353	0.86668843504192	113
-0.0560520360604699	1.78829480594145	22
0.005763723492613	1.10602246278475	71
0.014727250751492	1.5050963181844	71
0.0590519908428741	0.9087788836982	3
0.061571143120884	0.931436646861656	3
0.122774313110103	0.688249163046905	250
-0.02205206468443	1.07265629923305	77
0.069698284702843	1.35649098907011	22
-0.02451187698077	1.07804851286024	71
0.062531507168095	0.934786989521822	71
0.051381837066301	0.947900595025046	167
-0.10078079501905	1.23057843393885	217
-0.0267204593117001	1.04743058032178	3
0.117254331924993	0.669987669382763	3
-0.0433268932008799	0.542967604373717	3
0.103803300139239	1.08573105776588	250
-0.0251276829047	1.07413261756646	77
-0.00250612428603003	1.12827026224408	71
-0.0635518689334	1.28380659510532	167
-0.0654804994974401	1.26092518504643	167
0.00648537993620402	0.720389431875214	3
0.016049648206757	0.81789855695056	3
0.012187139756208	0.814795625820139	3
-0.01760900772351	0.635174105266957	250
0.122842957907699	1.41842038284359	12
-0.0487100754819601	1.06573748143285	71
0.0912437553147259	1.03003161352737	3
-0.00406037819496996	0.734024064949682	3
-0.02117211333198	0.648720412621499	29
0.013112048155167	0.831382604645601	19
-0.0188884960614	1.04670765568981	77
0.035836147558186	0.907186297326026	77
-0.0827256095492801	0.4447398398429	113
0.099375646714685	1.07038027462045	3
-0.04724176651334	1.54072881144844	3
0.00432769849771897	0.727202003847439	427
-0.02117211333198	0.648720412621499	250
0.078029047029201	1.44512928441737	41
0.097783743707847	1.11591493239364	3
-0.00800551007876993	1.643156973721	3
0.000404651567496028	1.1069233371444	3
-0.10074074422102	1.62114752909636	3
-0.11327777877791	0.859639032471624	25
-0.08706378584202	0.461189355309019	42
0.00953236956932701	1.11237776374368	77
-0.0823057883132901	0.450656437505055	113
-0.0927695734379901	1.25913610863355	71
0.060133071331993	0.977729856596391	167
0.124025472510253	0.763996030353384	228
-0.11967585878438	0.862177457086303	25
0.124042252113087	0.690937405028607	25
-0.0170244830292701	2.10520942301325	41
-0.08725770588627	2.13700968956047	41
-0.03951396084606	1.30444815448783	71
0.098673196219804	1.15602392834127	3
0.097943248741621	1.17510879377766	3
-0.0483560365628799	0.532095879687275	252
-0.08737957692897	0.449100991841052	25
-0.08539165887345	0.415507778842528	42
-0.0450955528099399	0.538764739476133	77
-0.08197459667148	0.450745147906183	59
0.056637397817235	0.961046153691321	217
0.101230575063877	1.09717934223751	3
0.043758941679354	0.894454453389204	3
0.111518928205806	1.53142538905705	3
-0.08965194962984	0.988363473339831	228
-0.08168152666549	0.460839725512664	19
-0.00555049369996996	0.730009049075488	19
-0.0813498736907901	0.460940174958639	42
-0.04798249773705	0.552574487052458	59
0.077434619398267	1.00910125224345	22
0.078484527034422	1.69801793810039	12
0.110085853151185	1.73466083371073	41
-0.12479775999334	0.880732488381913	217
-0.0763090785726099	0.943804344232	71
0.064705859934262	0.953600107848798	167
0.038864084546268	1.09025807124282	3
0.122258167942106	0.660338687276001	25
-0.0863967310841201	0.449979433985566	25
-0.0863967310841201	0.449979433985566	25
0.041862259793803	0.857183372319149	19
-0.03582684935136	0.514748379316318	250
-0.0440382686093199	0.55191295655363	77
-0.0995614161229399	2.08925986616903	217
0.036261926330214	0.919118407654113	71
-0.04295602551258	1.01858951275504	3
-0.11356803582528	0.877910309125159	3
0.094342445569067	1.0760839789702	3
-0.04742869369456	1.05861673886528	19
0.033949352311604	1.22820336978883	59
-0.0135575561682699	0.567746658029907	22
-0.0236445464264099	0.621762821243674	22
-0.0172030356027	0.629544700457954	167
0.00811531811950805	0.693687264252891	3
-0.078378000367	0.446844468464748	370
-0.08706378584202	0.461189355309019	370
-0.08039361582286	0.44490351378498	42
-0.0810577466129301	0.448088197085771	42
-0.0486837661095501	0.554180702760555	22
-0.03626947416167	1.77474395591302	41
-0.08737957692897	0.449100991841052	4
0.00513202353488196	0.736700355432486	217
-0.0308714858030701	0.587892398623118	3
-0.08641544348807	0.448514254954964	25
-0.08168152666549	0.460839725512664	19
-0.0894006406221901	0.434317258227433	29
0.00267834831901004	1.45639930440785	42
0.022682900857677	0.792308567184057	54
-0.00876916892304003	1.63807292423187	226
-0.12247677019351	1.41945242719928	41
-0.00378785479369004	0.744870812212386	41
0.117665809024054	1.17397088166734	41
0.118796112608832	0.67767175989829	71
0.000481780809091004	0.720619856846889	217
-0.0157176289248899	0.641304381861707	217
-0.0388810446000301	1.95515187248444	3
0.00228399357355302	0.726721492017766	3
-0.0837088943720199	0.447242016932699	3
-0.02649213553675	0.613048404596226	3
-0.02126269293906	0.650757438150134	370
-0.08339514631258	0.44463102901298	42
0.053824335247186	2.44107013822633	22
0.075240493924529	1.01676099624302	71
0.104631331927062	1.19858630028135	71
-0.01604706037395	0.640278684152302	25
0.122752965712692	0.682161382800363	19
-0.0857288867497601	0.994222746147496	19
-0.03582684935136	0.514748379316318	19
-0.07846520462232	0.979479060188522	29
-0.0447500153737901	0.548856914686032	327
-0.07381468252957	1.73987033525349	22
-0.0240896394633601	1.09850929469914	71
0.058098433469547	1.37514367179098	217
0.01414652992208	1.48687602086892	217
0.00589833214776403	1.45983057073484	3
-0.11031023515138	0.842712057995532	228
-0.01522363291545	0.632351630720961	19
0.017050228191994	0.815416776796633	19
-0.09087410316034	0.979703527043685	29
-0.0493995938655201	0.554002440356311	42
-0.01902459898835	1.05186639550554	42
-0.0399289994230301	0.532519085075892	42
-0.09819643622642	2.22318201524453	22
-0.00527466813519006	1.40453563445937	217
-0.00762378102301997	1.00199762960323	3
0.00259202158738703	0.720109406880741	453
0.018667018970822	0.811782274534628	62
0.014905216680855	0.835163825871035	29
-0.03838881281373	1.56804783515489	226
-0.00460101071229002	1.6158329043681	3
-0.01326530026451	0.722442170888812	252
0.050478041715894	1.28116241231162	217
0.044689490928236	1.25457093411132	217
-0.04789630446615	1.30533160013197	3
-0.0565423316487501	1.77345804094665	3
-0.08379237091079	1.50848635442969	252
0.120887782569701	0.737537410721988	19
-0.0212636903847001	0.631250814055211	79
-0.0228576179954001	1.06162421414339	77
0.0719108967591961	1.35603288706406	226
-0.09729665052744	1.41377397424049	4
-0.05155111226318	1.52338126520689	217
0.040249285638442	0.880232619138386	252
0.061606382926175	0.936488826609966	19
-0.12210985119444	1.14350496953834	19
0.022637799352592	0.818161603999314	62
-0.0786381516502801	0.972202724797382	62
-0.0497426195938799	0.542565652173964	62
-0.12445364868751	0.908301793083619	77
0.0938852272846909	1.10444574229085	217
-0.0832586573571601	1.1919555571131	19
-0.02043076606287	0.651049406220461	62
0.080667573839708	1.07592049729836	62
0.106849099370466	1.60484702032046	226
0.084967225134544	1.53985166854395	3
0.076735682417893	1.01614214868213	19
0.039097627037376	0.871362370799721	22
0.116642210631826	1.9764359721901	217
-0.0508764596457401	1.0398709804947	62
0.034194306038871	1.23731714916221	4
-0.0633781956475401	1.94813541089292	217
0.00186913374925701	1.15684861848196	3
0.0155803910219759	0.819337899853639	62
0.121954170960639	0.675910481344094	77
0.122258167942106	0.660338687276001	22
0.094194770706958	2.04029423404384	226
0.091190568816231	1.03837433508286	4
0.079089427126845	1.85855588862875	3
0.044353801413936	1.23368631229853	19
0.016459354488873	1.50723921726592	19
0.117164494637973	1.23262132758429	19
0.101946311891794	1.08690937171107	19
-0.1235218416277	1.4243508546075	19
-0.0395945671254701	0.53047581290351	62
-0.02084665906948	0.652447063936407	77
0.124840367014531	0.576325031012753	54
0.022637799352592	0.818161603999314	54
-0.0226502037708101	1.09342941898935	22
-0.09883688359663	1.45764993819431	4
0.118065951998773	1.82355354510233	3
-0.02038523392096	1.36707886100261	19
0.0421489755311451	0.888651330191147	77
0.020385234668419	1.16204815920672	77
-0.0886396171166	0.965846650335385	22
-0.08250124751416	1.51750352672828	226
-0.04124320652957	2.15802206145185	217
0.0924432530052119	1.71993261262696	3
0.00278590800415401	1.12133578320662	19
0.095041159504297	1.00570335146215	19
0.03942850845223	0.913607932124485	19
0.09776661385373	1.10348196127348	19
0.018374674026236	1.20002657271355	79
-0.0164589817935601	0.640142296014888	62
0.029884486450443	1.16003740943096	62
0.102154512453548	1.46694897352592	54
-0.0898068339749101	1.18710276725472	22
0.108856852359108	1.33032676773672	226
-0.0593826906964501	2.31114295462859	217
-0.0306834283146999	1.3319386148407	19
-0.0525868059177901	1.04101397623396	19
0.0199316659607	0.797802428865087	62
0.055715258920282	0.91727948705463	62
0.019041107669605	0.806054385573486	77
-0.0174298016891099	1.10163826843936	77
-0.0473372163397201	1.28422568038334	54
-0.04369982974968	1.57404085746128	4
0.04080218663322	1.18379500546716	3
0.060117475335746	1.29898663448372	3
0.089659757781688	1.05975637418061	19
0.00669971421929405	0.813319050647718	19
-0.0192220611249301	1.08072237872527	19
0.0331161640996041	0.915409234979829	19
0.00311408132380397	0.714312982097342	79
0.04286520528556	0.89720158596508	62
0.123215709410797	0.684928176474298	62
-0.0163746531398601	0.635562700755714	226
-0.08582032136305	1.00859925492343	4
0.00495840760980204	1.1346367292841	3
0.10302718808623	1.13673732498021	252
0.019989470047839	0.835294088965	3
-0.0463636729054999	1.00054470691926	19
0.053101245470898	0.942782681102158	19
0.0140657607338029	0.834465279530702	19
-0.0157197439817001	0.634393376732455	19
0.124477798300452	0.685608605516651	19
0.046104739703917	1.34658781766938	4
-0.11948713605588	0.884626732625052	4
0.022651371457905	1.17214722218227	3
0.071958931604092	0.99491598035452	19
-0.0868646297696301	0.986679772831111	19
-0.0565838550989699	1.03695570757469	19
0.018293027956105	0.808835454673308	79
-0.0263918182913501	0.63534418109837	77
0.118281657485726	1.34756768197678	54
-0.0242016385012001	1.50397111741487	226
0.059121860951198	1.87029224478657	41
0.037688734884557	0.870463223745822	3
0.034078959708213	0.885102297768077	19
0.041171245229647	0.871851381277318	19
0.120062496248046	0.682727743646709	19
-0.01563527744044	0.637761254307375	79
0.029198654651772	0.895566736098843	79
0.043884265839609	0.86636391663378	62
0.123678308315795	0.685113415706146	59
-0.0389977809786	1.54608749304846	4
-0.00413382016836006	1.12501148761514	4
0.022525128028006	0.86479647494804	217
0.044268797397049	0.893967127256602	3
-0.07925859169301	1.25658824446812	217
-0.04954134308442	1.0360204232764	3
-0.0954396624402001	1.26176717220619	3
-0.09730635917567	0.949359571325158	3
0.063094572025015	1.00369676075713	19
-0.0922795125536799	0.961899755561917	19
-0.0212636903847001	0.631250814055211	19
-0.0889373887632901	0.917563630065951	19
0.00259202158738703	0.720109406880741	79
-0.0927530341376599	0.447138652626451	599
0.014104780897629	0.844839397310004	59
0.079943878377394	1.01568775799171	54
0.043064034020258	1.26250511337452	22
0.015541443150263	1.52277201268839	41
0.0608005827643811	0.961343687963991	41
-0.0966900433186499	1.73603493065476	41
0.095733578411931	1.59728706630273	41
-0.09508799781019	1.2138029853891	4
0.021241536725834	0.821714810510789	4
0.039388367247805	0.873084432215316	4
0.0800951860164581	0.972882272898867	3
-0.11653238842221	0.895944931678559	3
0.087482064494975	1.12874473611881	217
0.053565329634051	0.934276969618715	3
-0.10185513848147	1.19205834240369	252
-0.0488956248202199	0.527866816731218	19
-0.0497426195938799	0.542565652173964	19
-0.0533595106154101	0.537048983506398	19
-0.0813498736907901	0.460940174958639	19
-0.04460904804711	0.53038972596391	79
-0.0780459853101501	0.446931079889871	79
-0.0260680281189201	0.634042531685149	20
-0.04439409555026	0.55181324666839	62
0.095768985097514	1.01675912772833	3
0.050818360436341	0.964731252675759	252
0.06308974909023	0.944897559923621	3
-0.022811208077	1.11594574413262	3
0.00437462163511704	0.734195072084099	3
-0.07706068089653	0.443129495322646	79
-0.02043076606287	0.651049406220461	4
-0.0164589817935601	0.640142296014888	217
-0.0825299900882901	1.71653127943631	175
0.083662041663592	1.04182235990185	175
-0.0889482198279099	1.0007797335447	19
-0.0140965437384	1.08792734869945	19
-0.0433365284896099	0.550302875647422	3
-0.08593164742258	0.984216302510937	3
0.121139604887412	0.67565442284332	3
-0.04459269130402	0.548170749874796	19
-0.0440382686093199	0.55191295655363	19
-0.00893394486096999	0.59989905472219	77
-0.00649157827512004	1.73623767365715	41
0.117434895437159	1.07923000593085	4
0.029360616783832	1.97597595982925	41
-0.0771179137918101	1.66843447641751	4
-0.08126212825019	0.995928826013134	4
-0.05558901532897	1.26868960859212	3
-0.0168283550735799	1.09114206349602	3
0.00994705659217898	0.82638393902948	19
0.059666174753418	0.954794341428824	19
0.119741231036759	0.684941274660893	745
-0.12446195479279	0.917136358380356	79
0.077274052248881	0.95772168635649	22
0.061035261461334	1.36015179144889	4
-0.10059400935249	1.65808461644924	217
-0.10106912675647	1.47739543517666	3
0.095571395069927	1.02090881159957	3
0.04043735415871	1.1882696574501	3
0.111856423683098	1.10994216375764	175
0.053044862539061	0.958794270155877	175
0.01727878264648	0.803116693619728	362
-0.08691020777718	1.20460914087081	362
0.010699334418213	0.831251680663539	362
0.022067513423532	0.824409304443175	19
0.079979113326708	1.04978436781934	19
0.116410644694637	0.551198080756122	20
-0.00888980893842994	0.72768922406671	22
-0.0433365284896099	0.550302875647422	22
-0.0399398107025499	0.544219450927041	22
-0.0426346764924801	0.535045338991779	22
-0.0840434409336901	0.44517049740521	22
-0.0490416330355401	0.555759314266047	22
-0.0433365284896099	0.550302875647422	22
-0.0404995266287	0.516568799012111	22
-0.04459269130402	0.548170749874796	15
-0.08804627817393	0.44898687554573	15
-0.078378000367	0.446844468464748	4
-0.0820132784613501	0.457159153484861	4
-0.0867493664681001	0.446436226512887	198
-0.0833744356558901	0.445279940231538	198
-0.08706378584202	0.461189355309019	3
-0.08804627817393	0.44898687554573	3
-0.09241691410108	0.447166800655785	362
0.015505315541541	0.845888784393848	22
-0.0873313367028401	0.982823148020599	22
0.041540625200971	0.900805808299882	22
0.008296231470874	0.819487206648465	15
0.115809970029026	0.528714316711692	41
-0.0392266094150799	0.541615420653676	389
-0.0429908450238199	0.534963395343266	4
-0.0153073522949501	0.63452278458739	198
-0.0501004083566801	0.540926719030748	553
-0.0436825345074101	0.549142122263132	199
-0.08039361582286	0.44490351378498	598
-0.0780459853101501	0.446931079889871	20
0.034429134933248	0.905960792431232	54
0.018349768519338	0.822891530531929	22
-0.00876220515378989	0.733048222192478	22
-0.0490416330355401	0.555759314266047	22
-0.0447500153737901	0.548856914686032	41
-0.0404995266287	0.516568799012111	3
-0.03619676129702	0.506554936449248	198
-0.0443843327331801	0.53624272253223	78
-0.07502262969199	0.415002638644307	3
-0.07772515013054	0.446297540699	524
-0.10127124448723	1.60281491708049	41
0.097412581835522	1.11167379244531	41
-0.08758550283488	1.17884577731529	41
0.076661779049391	0.990120765759897	109
-0.02158986370728	1.07909787046348	3
0.053942076908013	0.970392670106008	3
0.086890348469991	0.949773509194019	3
0.060906698261517	0.981351415680854	317
0.014200519760507	1.14921431043151	3
0.017752687221586	0.830892920854028	35
0.061606382926175	0.936488826609966	35
0.0693247066782	0.905727296557141	175
0.070166322944078	1.00264796218717	175
0.118796112608832	0.67767175989829	175
-0.0169713817596799	0.645627098933773	362
-0.0161354097505799	0.645910333171723	99
-0.04060494735817	0.975027112490421	19
-0.0207568339831701	0.644105965214832	79
0.124705345997474	0.58553449110199	20
0.00180528513719902	0.749293541638897	20
0.122542684730405	0.658878961654897	77
0.0557819982587821	0.942114741338994	22
-0.0205290902859201	1.11164233592694	41
0.068337991918859	0.857745758335162	41
-0.12204951775181	0.900334614526477	4
-0.02291734193877	1.06643693127641	553
0.03463701395603	0.880871990688609	35
0.084810213304337	1.09291404804987	35
0.074029213946482	1.01031891733862	252
0.00422907132949402	0.733585391122022	175
-0.0269169694006299	0.611206883752837	175
-0.0813498736907901	0.460940174958639	175
0.123341524067909	0.676420839115327	362
-0.00302586501191993	0.747491121462205	362
-0.09965736265905	0.95187253927926	99
-0.0124869194274599	0.636555472698684	20
0.102336643623905	2.31562555554398	22
0.00323425992285498	1.94931745571673	22
0.063779237007296	1.35067908707329	41
0.066714004607374	1.01623102149948	4
0.025030921360216	1.18619653808322	3
-0.0601397286497001	1.22312530648216	3
0.095279007379832	1.15399187337273	553
0.013136771644485	0.827799053081225	35
-0.05195248044088	0.976772290079581	175
-0.0292664182017801	1.08587260551231	99
-0.00180687532032997	1.47294591647843	41
-0.01985742243156	1.07239566407592	35
-0.08651163178182	1.69070865590298	93
-0.00707606568992003	0.741256534515959	78
-0.1199077732506	0.890632972232453	199
-0.08283899576585	0.955078987227734	20
0.076305473738952	1.7662143353497	22
-0.09479964593776	1.90364358293187	22
-0.12239437673237	0.909291299573958	553
0.123341524067909	0.676420839115327	553
0.118808250308456	0.67478716510298	35
-0.0395727099185099	0.526773578222693	199
0.063008896925182	0.854708556658246	19
0.056833555806891	1.59428564344666	19
0.035238110101843	0.869756026954424	20
0.122367099575497	1.21666446663975	54
0.092689403961408	1.0596015344553	22
-0.0823057883132901	0.450656437505055	41
-0.09177287533917	0.435571938158366	3
-0.10052965759335	0.317367431339662	78
-0.02158753318777	0.650105510733218	93
-0.00363362577366	0.740383776097299	199
-0.04545130202006	0.536000075557672	19
-0.0399398107025499	0.544219450927041	79
-0.0813498736907901	0.460940174958639	20
-0.08641544348807	0.448514254954964	20
-0.00255535639541993	0.745386185947661	41
0.062893563201461	1.36943417977887	41
-0.03781093897042	0.512900249896359	41
-0.0447398963954799	0.538849814430094	41
-0.08263707855051	0.447197086935021	553
-0.0773822149716901	0.43431448133455	35
0.092758336983135	1.87149212406294	93
-0.0234329077384301	1.63893763311066	252
-0.0395945671254701	0.53047581290351	175
-0.0733568232395601	0.415142854139759	19
-0.0857299393640201	0.409567053614535	19
-0.07739287214911	0.446383782844418	19
-0.0449514803050199	0.546466462629144	19
-0.01372868377217	0.628074457237132	20
-0.0813498736907901	0.460940174958639	20
-0.0657620220416999	2.15236653422382	54
-0.07672857633233	0.433793940212271	41
0.060038949536564	0.948531383715912	41
-0.0445772979924699	0.532431393577682	15
0.120761461059461	0.660715527453412	3
-0.0433365284896099	0.550302875647422	78
0.085067068616132	1.09899853862903	78
-0.0525868059177901	1.04101397623396	175
-0.04726670136401	0.53477620060542	186
-0.08641544348807	0.448514254954964	19
-0.08101831948812	0.457426544657416	19
-0.0890128025266399	1.2423142851255	19
-0.0219126562229299	0.632833765457781	79
0.030526050435189	1.14275151274818	19
-0.0883797597312499	0.440426178066634	20
-0.12416859366122	1.41057699334051	20
-0.02043076606287	0.651049406220461	265
-0.08131250897855	0.437928348823824	553
-0.0321126654700401	1.73589899667536	252
-0.0263918182913501	0.63534418109837	93
0.013136771644485	0.827799053081225	186
0.124170592997025	0.762539294640737	19
0.014285472122078	0.811819102935625	265
0.036730823821802	0.91624608937435	265
-0.0120732771460601	0.634057529720599	265
-0.0841566443993001	0.968434318980418	787
-0.11810588357267	0.868561315070849	787
0.02076779257151	0.818380532285267	553
0.099077436103972	1.1864409923578	35
0.022904717239197	0.821985504736862	93
-0.00722448585655	0.742062108541722	78
-0.0918108978432399	0.971586906464272	93
0.124507903277683	0.692602973971289	186
0.050351200369511	0.957172439846754	186
-0.0624949191806501	1.29839091784279	20
-0.08197459667148	0.450745147906183	20
0.121453266817842	0.754231059288948	22
0.117592682406955	1.26914429125413	54
-0.0833744356558901	0.445279940231538	22
-0.0399398107025499	0.544219450927041	41
-0.0168780588451001	0.647486360760697	41
0.115665689766253	0.666007052684475	265
-0.0392266094150799	0.541615420653676	109
-0.0773822149716901	0.43431448133455	787
-0.0436925261361001	0.550204641337599	3
-0.0153073522949501	0.63452278458739	3
-0.08101831948812	0.457426544657416	3
-0.08168152666549	0.460839725512664	3
0.036175653391349	0.891695895984448	93
-0.04798249773705	0.552574487052458	93
-0.08737957692897	0.449100991841052	194
-0.0827256095492801	0.4447398398429	194
-0.0429806237691499	0.547548917531906	252
-0.0486986699012899	0.55239904354299	252
-0.0429806237691499	0.547548917531906	93
-0.0827256095492801	0.4447398398429	19
-0.0870463571596001	0.44051586604178	358
-0.02126269293906	0.650757438150134	20
-0.08969056469161	1.3992322552386	41
-0.0399398107025499	0.544219450927041	265
-0.0275171626548101	1.28366370017834	4
-0.08164350357616	0.447431836370305	3
0.124257267652778	0.584064298560114	3
-0.0833744356558901	0.445279940231538	3
0.124247170179291	0.613982137361395	35
-0.01149144084021	1.03649410284817	93
-0.08164350357616	0.447431836370305	93
-0.0240642573490999	0.628891001864062	186
-0.07706068089653	0.443129495322646	186
-0.04459269130402	0.548170749874796	19
-0.0867302147898601	0.459079468721275	19
-0.0194504237147799	1.0870451719017	20
0.097397710756023	1.09376236847094	20
0.05885804731958	1.23458332075461	20
0.00225923912991399	0.744807077338957	22
-0.05263921991673	0.533326390537414	41
-0.08039361582286	0.44490351378498	265
-0.0440382686093199	0.55191295655363	265
-0.03888083588289	0.533273572471317	15
-0.08808219373444	0.427137286341408	15
-0.0807256317188201	0.448174635687186	3
-0.0435168900727601	0.52920307979098	3
-0.04938492464695	0.541076993449878	3
-0.01968861335232	0.645113551649285	3
0.119935238263889	0.682871243920778	252
-0.0436925261361001	0.550204641337599	93
-0.09306172145472	0.437950061454584	186
0.117275889077382	0.672475002525896	186
0.0845109109836571	1.02599251567711	19
-0.0392376548114499	0.533192129086267	79
-0.0436925261361001	0.550204641337599	79
-0.0813899605544599	0.444675140890848	19
-0.00628769592110001	1.70471990432075	41
0.051739170170801	1.23351386267583	41
-0.0478334443855799	0.507756451353108	109
0.119651977172148	0.672885846414044	93
-0.0185282292631701	1.06295922603973	186
-0.0209380855048	0.640019989576796	186
-0.0823686416435001	0.960718057810523	186
-0.0830603339452201	0.446697852314833	19
-0.08974372423348	0.96563187000192	79
-0.0272382701824101	0.601450159954787	79
-0.00391354083697992	0.749373168624928	19
-0.0985690863117401	1.47176756525342	19
-0.09143657671002	0.428847399207395	20
-0.08804627817393	0.44898687554573	20
0.124726764996324	1.31189431491821	22
0.014661988940784	0.83978439517189	265
-0.0117466791793801	0.635003520255172	15
-0.0159634779880899	0.630206339828878	15
0.093020040403062	1.0506308985529	3
-0.09318057780598	1.25483928031374	3
0.012187139756208	0.814795625820139	35
0.055554214689918	0.96785724941359	35
-0.0913751234587401	1.22744001241458	93
0.025463785276781	0.800312373061162	194
-0.02158753318777	0.650105510733218	186
-0.0087483283410501	0.738904677029318	19
-0.0224187947376999	0.643561257736608	19
-0.08197459667148	0.450745147906183	19
0.028728579360178	0.896843905308276	19
0.0363739043885	1.93774158690666	41
0.012564388266156	0.825763718958385	15
0.060824088560951	0.96472858213272	265
-0.0310677160314099	1.07047046466655	3
0.059170713998483	0.962433882973196	3
-0.04351321759853	1.0343227667322	35
-0.04917782790012	1.06697166960026	93
0.0585397591467211	0.953615565145039	93
-0.02043076606287	0.651049406220461	19
0.032645752878299	0.913224191493791	19
0.012008985724752	0.829131278018697	79
-0.07338807410267	1.49533117504852	19
0.023367810020943	0.819570997339942	19
-0.0740099407832899	1.43879496133758	19
-0.0807256317188201	0.448174635687186	19
0.10193153023623	1.1650269232094	22
0.116036859491109	1.30255480677267	41
-0.05756721954297	1.27519450559277	41
0.036261926330214	0.919118407654113	15
0.123497256832989	0.580279579525329	3
-0.0125385337794901	1.05832119720546	3
0.00498643250179198	0.727301207415214	93
0.04873567210691	1.8447862628711	93
0.0557819982587821	0.942114741338994	19
0.124412907078039	0.658625275198248	19
0.029384364140821	1.13787926484732	19
-0.00256965885773997	0.740521279460292	15
-0.01358732234055	1.28850539974264	3
0.00766335471257895	0.695876889785446	93
-0.12239437673237	0.909291299573958	93
0.034182988261837	0.885327402717051	199
0.00064154850445397	1.16160299881518	3
-0.0740234807893101	1.64493815182443	3
-0.0728722324965001	1.48333093822482	35
0.122544154814062	1.22841518396333	93
0.00424699011123297	1.15128487119915	93
-0.01376654137981	1.40349888264376	15
0.124135905293773	1.39429408373049	3
0.038866552725322	1.24065608054661	3
0.103335370309443	1.57335332024058	35
-0.02203176003465	1.08714064461086	3
-0.02126269293906	0.650757438150134	19
-0.0818201920638699	1.00223674055796	19
-0.0368710431442501	0.991169346144208	15
0.097657431243586	1.05365580062547	3
0.026675537772624	0.795793954544899	35
-0.08266318992316	1.00527655812337	15
0.072775930622479	0.972876987880613	3
0.040745457706009	0.908869431307911	3
0.075639283616686	1.00570873102686	93
0.038119226477956	0.836883386513167	19
0.00228399357355302	0.726721492017766	19
0.11231527644355	1.50549314058945	3
-0.00447675996221997	1.90460222173396	199
0.033896867495441	1.06075660214574	186
-0.00620657949927006	2.06418335261637	22
0.110302281011528	1.60473719089749	22
-0.0739941879594901	1.96775563039831	15
-0.12482105203989	0.86059046071075	15
-0.0816226412249501	2.45455945879122	252
0.086529280681123	1.55483950844139	19
0.05301125494852	1.3590647502282	19
0.119269884440887	1.23668628388658	19
-0.0932303142197499	1.25470128440433	19
0.105344880073246	1.98540608754086	3
-0.0760528542968899	1.70819476868885	35
0.015072805872962	1.44749871409376	19
0.030623937648774	1.23728154982312	15
0.101218497208228	1.20823062498532	15
0.027657769756539	2.26202741386526	35
-0.03546266893137	1.37034806870746	252
-0.0340996708313701	1.5435408708362	19
0.069089801829353	2.29806311397127	15
-0.0996740052699801	1.96836928842451	3
-0.03571058478323	1.3109653515615	252
0.067901419131447	1.48433434654771	199
-0.04195616940879	1.5711967512413	19
0.032785653641406	1.58097784757934	3
0.079435524373361	1.00209174821829	19
0.07381195815641	0.987856302045619	3
-0.04204061676115	1.30212584070142	3
-0.03677571134119	1.30025356634872	199
-0.0824968271192299	1.99192432349848	19
-0.08197459667148	0.450745147906183	19
0.000591341547955038	0.757328018941569	19
0.082900533396292	1.07528560641132	199
0.045799229069309	1.52775633447618	19
0.011632151261465	0.835185431914209	421
-0.0535102667933001	1.76633851187318	15
-0.00612883768152006	1.36018418827354	52
0.097776976906812	1.12610417811671	199
0.11267064850358	1.21770595490661	19
-0.0148610995514	1.52127709587862	19
0.105152456991869	1.07031243665584	19
-0.0370577191258501	1.30449006869706	3
0.112266232387729	1.2379938155827	3
-0.0811172412386501	1.50477654087663	93
0.066125677406165	0.990904079564312	93
0.065006778480748	1.29266555155402	19
0.00482566048339705	0.731733071712201	19
0.121377003893241	1.28125942946566	3
-0.11700777702783	1.36281314608862	35
0.084420686222799	1.49135508138005	93
0.016726510891946	0.835528946899787	93
0.0501982078234861	1.26408555648638	52
-0.08266318992316	1.00527655812337	19
-0.0441281468652801	1.58291608504882	93
-0.0953258697391	1.41449308681916	93
-0.00876220515378989	0.733048222192478	421
-0.0817290047408401	1.00271451721133	52
0.036116546943228	1.18976680785106	93
0.078765370827529	0.982574606770338	52
0.059167047023263	0.947818004362297	109
-0.05651450358074	1.01566941309254	579
0.09389146761957	1.12039560617574	35
0.057812088682758	0.89979007285752	35
0.00180528513719902	0.749293541638897	93
0.00119242989706503	0.740685205737761	93
-0.12322298674928	1.16568766442496	93
-0.01581039443073	0.631381063714434	19
-0.08593164742258	0.984216302510937	35
-0.0241592048577799	0.614766580347864	19
0.030710811037599	0.733393091775812	15
-0.04439409555026	0.55181324666839	93
0.00963805935565798	1.13081670328234	3
-0.1089557131223	1.43909828177172	52
0.015415353430796	0.846127611785975	52
0.088328004117969	1.1110832798317	52
-0.0185845160693101	1.03345354718949	52
-0.12404823461405	1.39807292806575	109
0.042625395212779	1.27534507777113	35
-0.10418202002881	1.67321415179652	93
0.046776767400374	1.29330697524675	52
0.0494695761224761	1.23986515520463	19
0.014571771068597	0.848643499606696	52
0.046203933828493	0.934820241679199	93
-0.00723311958484008	1.05310311977202	52
0.00588983077996597	0.730342378403486	52
-0.0821960252729901	1.00579285351892	52
-0.0728201299243301	1.47794981463657	109
0.00478403761096502	1.15561883361704	93
-0.05836807236886	1.51605388291457	93
0.039852869893899	0.915436158684365	52
0.102419097111581	1.13660613179604	3
-0.0868646297696301	0.986679772831111	579
-0.02928032118516	0.610740164630667	93
-0.03852411029586	0.53070781957996	52
0.032168555151733	1.23834419313716	187
-0.0442339966281	0.546632088395505	52
0.066879337395381	2.39569840639379	15
0.016674050955328	0.824007895490074	93
0.020078551332982	0.840683432854896	52
-0.04649489614618	1.05640248243612	109
-0.11854401049462	0.877561533965434	3
-0.08738708549235	1.23094194014739	93
-0.08356728093379	0.989236388242196	93
-0.0207568339831701	0.644105965214832	52
-0.08101831948812	0.457426544657416	52
-0.04543345547311	0.977917380226229	3
0.01844077065936	0.824044697968643	3
0.124940400270827	0.683193837705292	52
-0.11653238842221	0.895944931678559	93
0.064620471140017	1.01788006710021	15
-0.12110358052045	1.39158980771349	93
0.04520382650323	0.876461539169945	93
0.012564388266156	0.825763718958385	93
-0.0780818959584999	0.971725364137019	93
-0.0733343281627199	0.934116258321258	93
-0.09102435437362	1.24221350158959	93
0.031107763046512	0.747370258411445	52
-0.01563527744044	0.637761254307375	52
-0.11819940829507	0.882551970807446	52
-0.0206658514339599	1.08312758217993	93
0.050414224711289	0.965182479493474	93
-0.04951656341935	1.03709821079164	93
0.122858360484737	0.753120276215226	15
-0.05219377871939	1.02413437879727	3
-0.08932957094041	1.38236161347462	3
-0.04729443967906	1.01092882461381	93
-0.12161096663162	1.10990853764828	3
-0.06738880624873	1.88306876299787	3
-0.0913862664345799	2.12537675174819	3
-0.11602987739739	1.65990235628056	3
0.069749120134593	1.34590022573729	3
0.106354323166742	1.26675265458357	93
0.049011894334806	1.2787874487856	93
0.098210498200824	1.22468748796969	93
0.05827419841709	0.972278421111325	52
-0.12010234289003	1.76324832093735	3
0.051133725195983	1.28204878570536	391
0.081522151278143	1.06965139408403	3
-0.0461995857364901	1.28735309440166	3
0.03805895980186	1.22334865508937	3
0.076101532528861	1.00469190076015	3
0.0941371777889129	1.24584421273116	93
0.01274556713702	1.43177709242051	93
-0.05254357770181	1.01678932059649	93
-0.0139207689944301	1.32397064680402	93
0.044552139727668	1.20171569184953	187
-0.12267178622188	1.41983957673799	187
0.098019854590228	1.14217805501985	52
-0.0630902407535801	1.2898958341599	93
-0.01777921811085	1.08569881316535	3
0.065841312476036	0.855349547254217	3
0.001488975769255	1.11487840740993	3
0.115448787689697	1.02021051680394	93
-0.08958672839899	1.23777077314511	52
-0.00424398360580991	0.748057856724551	93
0.00183365412092495	0.729133265493742	52
0.013030289524548	0.815441216078766	15
-0.0434232232074601	1.03097876114151	15
0.0000977094681440249	0.721180076811125	3
-0.0630793138365	0.996112247941904	3
-0.04387539623257	0.541451007948211	403
-0.0167859664281	0.638056283754234	403
-0.0161322745051999	0.631677665507099	93
-0.0486986699012899	0.55239904354299	52
-0.0440382686093199	0.55191295655363	52
0.054407048872765	0.965893532561094	93
-0.03958316343186	0.544312522190088	93
-0.05369993980271	0.538605214589502	52
0.063811594769321	1.38915739913186	15
-0.02009730269887	0.622593282970553	15
-0.0163746531398601	0.635562700755714	15
0.00180528513719902	0.749293541638897	3
-0.12399703626543	0.905173194516121	93
0.124392806078112	0.580451285325689	52
-0.03906506242046	1.04559992537038	3
0.118208878639233	0.655949281020394	3
0.074416845033825	1.00968572977117	3
0.090923402610698	1.09224617413224	3
0.031836813755871	0.903243035312557	403
0.093305418771965	0.942682587895715	353
-0.02126269293906	0.650757438150134	93
0.0590724515326671	0.948178646829617	93
-0.05488896440352	1.05490571437791	3
0.065351405312553	1.25286101460629	3
0.078017893357985	0.999348282201823	3
0.00316647585613306	1.12581609683767	403
0.0783525818243071	0.988135442824198	353
0.041384459182497	0.85666385849068	93
0.069147173328852	1.51958199805898	93
0.086721860228145	1.05029271097837	93
0.045162637021022	0.891233295914745	3
0.063163744524776	0.987906008125467	3
-0.01577646804789	1.04561253203398	3
0.113796769021283	0.658446623901837	3
0.00013732169479197	0.755505033224878	93
-0.11787286626516	0.8893361805925	52
-0.00819359172501999	0.608318553763315	52
0.0122980417256781	0.819876853411633	3
0.03809485986198	0.910692266530588	3
-0.0433797708269901	1.02436457288364	3
0.122879217686193	0.67877359778761	353
-0.04439409555026	0.55181324666839	93
0.061320423123288	0.956251720008383	93
-0.0113325652224101	0.632517158161137	93
0.120303742188331	0.624684425502903	93
0.098814240943222	1.67276229604527	15
-0.11856164718372	0.914275653957683	3
0.00849175637476296	0.823763928909578	3
0.00417694168359295	0.72512266513726	403
-0.0176200319642199	0.633930880955362	353
0.0638108538284931	0.952897471886063	93
0.0474031504050521	0.871095244202626	93
-0.00270066188624996	0.748936123858862	93
-0.01771324546303	0.647199894834135	93
-0.02532421782773	0.62855924284721	93
-0.0791095406094899	1.42448043179069	15
-0.0067689148780401	0.742279928991148	3
0.099558075861125	1.56374074951766	3
0.02080382228554	0.792043184220734	3
-0.08871499625559	0.989319060378281	93
0.017468433654433	0.842712499831526	93
-0.01694352306211	1.3006226815557	93
-0.12036264194307	0.888779970471117	93
0.0122980417256781	0.819876853411633	93
-0.11833089192756	0.888990524814004	93
0.019129478665043	0.809451226430695	93
-0.0660246248301	1.26736555362845	353
-0.0580270904550599	1.28113874644821	93
0.096585225929411	1.10787147131428	93
0.084284325146485	1.06541222847007	93
0.034565797870276	0.891843915054588	93
0.06218141166353	0.954060587960308	93
-0.00631348929070996	0.739164969179465	93
0.101821633971418	2.41828349349416	93
0.092486632530023	1.04640586754735	93
0.107418938492629	1.65345274437562	3
-0.07885370384435	1.92770091186408	3
0.059039929265608	1.69845874656432	3
0.122180767175882	1.46682332339401	403
0.11163253899774	1.55197194691131	93
0.00824781266282804	1.75356540617757	93
-0.0737507531692301	1.95452392551726	93
0.107518415862652	1.22884933817705	93
-0.0189960250622201	1.88985868516123	93
0.0963513751619221	1.14956487502632	93
-0.01982848135231	2.05612518464526	93
0.00115447183168305	0.961161969127542	93
0.01970258856802	0.835344153284734	93
0.0903765526896479	1.55555244602234	3
0.032073604559792	1.93351725903565	93
-0.0912576218940999	2.25658384523407	3
0.099816631117284	1.09586013568516	93
0.12397483776273	2.19245636708907	3
0.020874094471516	1.20164182649945	93
-0.0108359418142501	1.06921248651209	93
0.053669389261912	0.943987508196236	93
-0.0305557258579501	1.06818691312891	214
0.103652391166427	1.9311931247737	3
0.095571395069927	1.02090881159957	353
0.033627775619221	0.888053352796841	52
0.0519029880877751	1.58562763951324	3
0.030276545603745	1.81200836524845	3
0.00598042044256597	2.25971870242256	93
0.077613413770528	1.83075083093145	93
-0.0436367264142301	1.94043545183069	93
-0.0654174040388	1.71810112064614	52
-0.00868283305876005	1.42041405601898	52
0.0884031901608771	1.00625273524405	93
-0.04309781540492	1.81460325456274	93
0.0525669898084	1.34137400672327	214
-0.07494703278967	1.71810578690765	3
-0.0590847048757701	1.25005098377965	93
0.124817886747853	1.44180245258993	93
0.083899832927289	1.04984260900301	93
-0.10325507782354	1.20331770143068	3
-0.01122863282968	1.1074279245511	88
0.078352792746306	1.00472031328243	93
-0.08965194962984	0.988363473339831	52
-0.0277007728587	1.61210989664113	93
0.02125278691583	1.19712624305622	93
-0.0719349486566201	1.48143542546777	3
0.038262957992698	1.28370388811756	88
0.053959382534209	0.955812309166747	93
0.048302508683372	2.02114928474101	15
0.099197715264424	1.09970073893874	3
0.037456060151903	1.23334855956698	3
0.0783525818243071	0.988135442824198	88
0.08919423073938	1.49474806662049	88
0.012637425828531	1.10234713998615	93
0.081728269994384	0.992067505857743	93
-0.05280312089939	1.25478329563187	15
-0.08918340048479	0.990690249862895	88
0.0599306820257161	0.967889942594604	52
-0.02359235941951	2.17206649391832	93
-0.11391243934401	0.874045207661768	3
-0.12075182864471	0.884529539404648	74
0.086304975562615	0.954164057598363	88
-0.08199255425081	0.978289281977885	93
0.024383426008991	1.16404299695126	93
-0.0780459853101501	0.446931079889871	93
0.053719776098295	1.38409108814844	214
0.112027241636156	1.25399549077504	93
0.073486908047171	1.01717251814223	93
-0.0864268624665601	1.69273403235749	93
0.092124085558445	1.46770308409174	93
0.06769400360506	0.919817423343404	93
-0.01333017713006	1.68032388937613	93
0.093422610572539	1.12104991153026	93
-0.08212137850546	1.50256948038991	93
0.026175659113072	1.99533540530796	93
0.065803770448005	1.3726472856199	52
-0.0610717533216501	1.52278966361181	3
-0.0115710637822399	1.65118810899875	74
0.01881738688934	0.82646197062723	93
0.110157285738206	1.21236379104611	214
0.089993049938092	1.1589955740367	52
0.111442233292608	1.32493871284184	52
-0.0242717145564799	2.08099188152634	661
0.11512026982205	1.296955781402	52
0.028435733387415	1.13179936096773	134
-0.0831894775228099	1.82180346141872	88
-0.0207870273672299	1.32756952985497	93
0.104862417964037	1.1492220403598	93
0.102530682519663	1.15395523406983	52
0.043597579078182	1.23803846671793	661
-0.0246312229062999	1.34281450567309	88
0.093048165160683	1.51131693055117	52
-0.00256180865965994	1.69866724240486	134
-0.0635787874968201	2.2144636907005	661
0.096365361299066	1.17943800751715	88
0.031169426085883	1.16092437255303	93
0.042618150768116	1.54465183407549	3
0.095299221648063	1.10474256707467	93
0.063018502316644	0.992962139914123	93
0.0261838186851	1.53393953226913	15
-0.00872572928154991	1.05570062539387	134
0.09835924946733	1.10015668029812	134
-0.0139254230921899	1.06523748253005	3
0.101305678036751	1.07922578402896	88
-0.02730185255133	1.09763476640264	93
0.011255429301584	0.831501242143627	93
-0.0119872643444401	0.607551839888232	134
-0.000663602210329906	0.722788807135572	3
-0.05440045472675	0.526554635420878	88
-0.08737957692897	0.449100991841052	93
-0.0456528632414199	0.537240177140695	134
-0.11658883690223	0.839185934243737	134
0.04969363810957	0.846161201388984	88
-0.12308423615858	0.887438796725452	88
-0.00918635801787993	1.05925279052791	200
-0.00986191267962999	1.03549759155172	93
-0.04518851832566	1.59270253253758	320
-0.0928677157754001	1.7178726493279	93
0.062035412324109	1.29948434459524	353
0.018180404612344	1.20234107172436	93
0.065995035124979	1.36574915310266	93
0.078708201489452	1.82493063272748	93
0.094762399318822	1.42261712857378	93
-0.0092483645410899	1.64165226801077	353
0.105621217812224	1.5149504328442	88
0.083468287437108	1.63365537271689	93
0.124862079155338	1.3859548370647	93
0.059982351304275	1.93831350243114	93
0.103256170295439	1.20883479254092	93
0.114317998909204	1.40968489948545	93
0.066608241374283	1.93793238007135	52
0.05620324374829	0.966284216374714	93
0.051906884865201	1.3115944594757	134
-0.04640231713207	1.31600715952673	93
0.041855182761772	1.56161116326975	93
0.123267913017504	1.36779451148555	93
-0.02834782385682	1.85231181208554	93
-0.0418587734148901	1.27538853597122	93
-0.0102304504620701	1.63075632646496	93
0.044154089333093	1.29274389350036	93
0.0673434830038659	1.34844988538917	52
0.068115199587343	1.28919177633018	661
0.014251934857101	0.807758970102117	93
-0.08959561350637	1.22153809941594	93
-0.11395519317558	1.80298647626845	134
-0.10763755336883	1.87295671314483	288
0.041733022294879	1.53714152677593	353
0.109202646587036	1.17948661772961	72
0.115902790397157	1.28498035550187	93
0.045091547876835	1.31413276162577	241
0.107004385972133	1.14462064573715	15
-0.00813109846507998	1.13103298606857	134
-0.0873313367028401	0.982823148020599	661
-0.0680240917392601	1.26730680417021	134
-0.0297273877856801	2.29830522047276	241
-0.0573042659224501	1.78467400313803	72
-0.03230589002713	2.08271979999177	161
0.080480624577545	1.45834146046318	661
0.081694532330759	2.0609187456972	134
0.039685602342371	1.57743460639143	661
-0.0289901039751399	1.52329124305147	134
0.0112160980075831	2.13188113849122	93
0.087884862010421	1.05575027379602	161
-0.0700399479651901	2.34760174097232	161
0.074849722277139	2.35307812378322	134
0.083085052672023	2.21499376946845	72
-0.11702553739778	0.88576454741913	161
0.097649310762318	1.24818385882097	72
0.077908536742042	1.45276324814923	134
0.084115243087081	1.04239632519931	72
-0.02790183299893	1.38546466595742	161
0.121770235709807	1.77931228817226	661
0.025650303609695	2.21845842424076	72
0.123427193263186	2.17798105519861	161
-0.0832080852648001	1.80245979126871	93
-0.0864161902213501	2.27071903338389	161
0.033257534540051	2.35171202841305	161
0.064178997555534	1.3026993225312	661
-0.11303469447528	1.98259141725053	72
-0.08524693377606	1.67489443186573	161
-0.09808652698827	1.4683870857927	161
0.100206200248542	1.15115318811079	134
0.048204838110661	1.31003589390475	161
0.100459550640243	1.76666882413215	82
0.107125304590615	1.25944939296158	134
0.082032082292357	1.47313872900704	134
-0.03960610995064	0.96848838969756	661
0.090508247855578	1.04658051198848	241
0.022532088917979	1.2298164208618	72
-0.0170677970611901	1.34480529915028	72
-0.04444752029263	1.01192261768661	161
0.0374496876602159	1.25235118543986	161
0.07339263848434	1.52346787606148	161
0.0732722589485551	2.02832572082762	161
0.08585593265444	1.58845371160242	134
-0.00756331070631999	2.30709213771493	134
0.124702395611541	1.30542693204001	23
0.080247796729748	2.33461896547264	72
0.0954868734625009	1.53255690688435	23
0.07049428033853	1.37175642696431	23
0.102583157622781	2.49591512133648	137
0.0964601750498471	2.48380145711734	137
0.048759971168731	2.20587347009622	72
0.114647243179533	2.40692741930305	23
0.065172502649303	2.30951352400183	38
0.062084989939002	1.73049839496833	23
0.077867621039747	1.82190690171277	23
0.03131433673858	1.70433323265086	23
0.050633351230298	1.87153466948948	23
0.014036265731655	1.70754963195338	23
