x	y
-1.08651163178182	1.69070865590298
-0.293134294793721	0.272586983150606
-0.835053996905946	0.906277690411806
-0.472830569532145	0.49184221259183
-0.676325182154005	0.566806495459959
-0.140849471842952	0.105954286346884
-0.500915581433971	0.516638130311508
-0.591236902834658	0.902361499060239
-0.696467778511947	1.09808548617746
-0.375556396459203	0.412154715977877
-0.526156200970291	0.630879744021684
-0.412804248157605	0.438770334966837
-0.540712486680556	0.361800308927488
0.838265939238315	0.676033585738072
-0.416411170036632	0.296040440640134
-0.582592318833542	0.237008278804709
-1.02158753318777	0.650105510733218
-0.907241663016865	1.87149212406294
-0.290623155347225	0.353260878301271
-0.377615126219131	0.396264588101714
-0.265804872174031	0.182016129203294
-0.762081965427604	0.603867683937709
-0.191476604268326	0.114670207020883
-2.7385639049948	4.11893894869434
-0.772650360071768	0.28161086287881
-0.845628620960437	0.452694561270948
-0.269600385169977	0.222230804805199
-0.310873605072381	0.158550205310368
-0.247039691715103	0.190410075662338
-2.18237091942507	1.72956423864546
0.111461076535733	0.069511313810538
-0.254697196624534	0.203477115352935
-0.632662653066171	0.579485317757149
-0.729471510358891	0.428709454979279
-1.17567544828446	0.781376247569169
-1.34105918736266	0.632883471297829
-1.55435860210712	0.55894272473767
0.470206778841891	0.258564491943851
-1.02639181829135	0.63534418109837
-0.539489558224734	0.467290406255328
-0.12205397420524	0.0778674225155999
-0.0339229031256261	0.024072950869342
-0.271995103647351	0.306345270242599
-0.314398401006669	0.295291404026419
-0.977095282760803	0.821985504736862
-1.39986993637731	0.890470300161688
-0.358260068588171	0.230524434361177
-0.410812049050357	0.257992765159761
-0.236272581622994	0.132841368549417
-1.39098450763209	0.905386351788968
-1.09181089784324	0.971586906464272
-1.43037313976254	1.43709360442901
-0.963824346608651	0.891695895984448
0.48897185569198	0.461700771066404
-0.118754097022403	0.143161480524565
-0.13964419017349	0.104923520986122
-1.04798249773705	0.552574487052458
0.633900406392785	0.292133013641435
-0.432727618363553	0.468652704881242
-0.566245687001284	0.301203182518545
-0.479264329544536	0.27993921791473
-1.66413547413406	1.22099261889757
-0.836453748729387	0.386956055439622
-0.581978732713648	0.236300240504589
-0.306439764725019	0.156164554630202
-0.772350591530586	0.280256041043971
-1.04298062376915	0.547548917531906
-1.01149144084021	1.03649410284817
-0.779274512186439	0.693157430385602
0.072061325508389	0.0914340577578944
-1.72092155407851	1.71102938378604
-0.278999518472615	0.0933918171738361
-1.33599553928737	0.632549279365171
-1.56935676260223	0.529037343775665
-0.457992331577197	0.201941300488293
-0.66921041552181	0.333858371668152
-0.212475147333232	0.0812277568732332
-0.383140411975639	0.113318717313815
-1.08164350357616	0.447431836370305
0.220920484558757	0.177070240501567
1.79165262951986	0.674214854881789
-0.273653282761695	0.0924167202226525
0.987830205962684	0.384020695253072
-0.276634992473252	0.0950034649741594
-0.649914682169787	0.161307982236608
0.675690143470194	0.924758653382403
-0.703221770018147	0.629750409296782
-3.78026702830351	1.52943874146771
-1.5514518056923	0.568531403787742
-0.0455073691469677	0.0310145153276083
0.0068176374428528	0.00728164468346068
-0.237558093438279	0.164658179045413
0.136348268602553	0.0345664085091249
-0.206792887682984	0.0784377659698654
-0.372120959981605	0.177364449602232
0.623749369679057	0.197904329442775
-2.12045587777505	1.01482625123681
0.109356121177513	0.0325992022473656
-1.33592376037565	0.643426082677713
-0.172516274561252	0.069971448739912
1.38922148911173	0.853334911660397
0.0825049214426699	0.0348955431505002
-0.0867117813465793	0.0683568922820755
-0.276350796827927	0.0951215727245618
-1.23270853965051	0.731122393318128
-1.74948400746827	0.96908214011866
-1.38650088796876	0.864996206242631
-0.373308462313641	0.180005894714473
0.106516016209387	0.0310819570162185
-0.671338318697624	0.330727784951587
-0.460982260977596	0.595749955956125
-0.133843647023215	0.085186492866208
1.71126088526171	0.951099161244827
-1.0436925261361	0.550204641337599
-1.56087768213337	0.796904726210391
-0.772036605904159	0.27434150069079
-0.212439774849673	0.0792661072359845
-1.74107287497303	0.987409502595379
-0.411993925096105	0.251689409066009
-0.0528886865620366	0.0287288532014129
-1.74129168942086	2.1158385658161
-0.208849301338603	0.0766658084775886
-0.0806916385457785	0.0414427983217332
0.294171828276098	0.142072060486832
-0.0347190967897179	0.0195479375865356
0.233601171223935	0.143668876554525
-0.414656752509287	0.308430026572824
-0.626872632192367	0.697771365205767
-0.543369280906172	0.759508160323115
-0.127822153817598	0.0585305755879501
-0.314606701872753	0.156217878313623
0.707683508431154	0.513960453611456
-0.467657485375723	0.263390059817112
-0.183972284348088	0.110652985527542
-0.58244718767425	0.448703056358513
-0.36871630760125	0.500352111029673
-0.69233167663742	0.564482125662394
-0.45635828093803	0.197816926781023
0.297370440370482	0.146504478772476
-0.569951884725652	0.416072816011073
-0.147918466028945	0.157123531074799
-1.33085714157924	2.12970431483373
0.264014982742484	0.138792971706841
-2.0496947067119	1.49790217072089
-0.561855780459618	0.306961457423787
-0.55836894396968	0.557205255835838
-0.103817956811586	0.0668381090751126
-0.630180212141349	0.588316284177697
0.0814153424699924	0.0402536728338924
-0.880348022827852	0.672885846414044
-0.841299150435854	1.09078197256456
-0.374888513444486	0.494188935934494
-0.230504976815146	0.184151278602229
0.439003673192986	0.349590664987614
-1.09137512345874	1.22744001241458
-0.167099742244897	0.123284419319468
0.827509247352241	0.664407133516049
-0.346387510666233	0.246874879334226
-0.841937685501403	0.927377733041498
-0.781103163518138	0.6915096174012
-0.210284047205285	0.139044416202879
-0.262780861739359	0.183257255417789
-0.420979168106113	0.309307711041994
0.949491159061218	0.820224698562559
-0.387208727837743	0.412497557682465
-0.690021855625762	0.567387962959673
-0.162728764443685	0.0680037705102754
-0.539978482112204	0.466685020413604
-0.226746457571106	0.154037146051647
-0.25490624057276	0.261848147735094
-0.544248662665994	0.559440878144847
0.487379344358485	0.356931279422999
0.264760715185304	0.139323141246487
-0.359026865306603	0.271742731955881
-0.464846402184308	0.455834451588243
0.0156675207226831	0.00921417643850371
0.535195312016352	0.378445498642739
0.251630995684816	0.141908754916992
0.329893582171434	0.147706112113346
-0.206571405066091	0.186235286460701
-0.48409286392234	0.42895123045073
-0.263982312839018	0.143546621216154
0.64587321436037	0.624398779832314
-0.858902955122627	0.489210223659246
-0.672305433163362	0.549163632626338
-0.62011129897862	0.574580173914648
-0.585895409706187	0.583555583930699
-0.676035542273581	0.812080235048379
0.0864616318041735	0.0953123579442407
-0.200154171489639	0.20493403932994
-0.477135314166728	0.407659125895048
-0.181331473661034	0.150672843115664
-0.276337791182557	0.261808827644824
-0.318743878038777	0.24609717947058
-0.0732076836817103	0.0496071152220161
1.24624524992404	1.47465228114456
0.33367329769633	0.261265200750302
-1.04917782790012	1.06697166960026
-0.852552961929741	0.845079158626925
0.705214503048678	0.745680240786705
-0.568513954389697	0.841872616585852
-0.232897144270562	0.205710506546162
-0.510681869443928	0.483673722976137
-0.486346899208313	0.430560348869584
-0.26101127633158	0.180580605893707
-0.627943826679747	1.10980160349614
-0.36959089952653	0.476336536262383
0.221368159098219	0.210396934182612
-0.418364869218512	0.255077571645769
-1.34265291354734	1.47780337415319
-0.271167691400372	0.186421459799224
0.36967051616827	0.249766753352223
-0.13967611263412	0.118660494984955
0.00170174879338369	0.000976337322475466
-0.302371862582754	0.204813754397586
-0.254308092654995	0.259674309535755
-0.556571005456586	0.643885335134475
0.451717614165451	0.457618922780289
-0.941460240853279	0.953615565145039
-0.454430478360549	0.363349320036355
-0.635529670238253	0.8773217085142
0.0195191769055134	0.0130205122853238
-0.359447742306683	0.234361753630609
-0.661898052804133	0.499265822932843
0.0990024846385046	0.0624162877063349
-0.162437153357025	0.119855235508125
-0.545650199954883	0.794364842175095
-0.771779585283948	0.683542889031795
0.211233121851235	0.171212500453166
-0.778711899531347	0.700768095810118
0.00799895927424515	0.00611513413065389
-0.389837271356455	0.941991778186643
-0.289774029934891	0.290766995584296
1.2719873995248	0.572705201935466
-0.995013567498208	0.727301207415214
0.393176861397144	0.251787609746609
-0.751436830844639	0.546563993642612
0.296106886509408	0.144240062210095
1.71475426521359	0.982195471329138
-1.33182560390668	1.27253781142426
-0.710289193972688	0.407970098509356
-2.5367324102302	1.4382692997412
-0.225670851263323	0.161499793567246
-0.595784470534138	0.896318996741624
-0.4797653058112	0.278475652185981
0.0859758488727639	0.0358593133230926
-0.866500117667434	0.579009028456308
-0.688229970003069	0.568224712599123
-0.171863736908429	0.221128345057424
-0.202231329177511	0.308916155791186
0.365174260139377	0.249422437031812
-0.0405335375143119	0.0232628891348917
-0.66619413510943	0.329250202489293
0.428937227641279	0.258426488513028
-0.771736195798064	0.27307434267397
0.0614909019667932	0.05926499065635
0.64876888920811	0.488280399687747
-1.29628324146345	0.976829359928105
-0.95126432789309	1.8447862628711
-0.46031948495325	0.203123126629246
0.368120409800825	0.242951906227032
-1.5415301960111	1.11062961443485
-0.384233690352742	0.472862553014074
-0.152980291411532	0.126004068768687
0.476299074725816	0.261131782152926
0.392911616849525	0.245932227890165
0.0799591038952906	0.0409002636913772
-0.188389744987387	0.114229411111561
-1.51522341552928	2.44883535489388
0.0193639202298105	0.0124128255252607
0.218840188001568	0.189672913187326
0.871986764603228	1.35230184797412
0.155117148279498	0.264969491461968
-0.184234239193355	0.152654038033025
-0.0979426309858809	0.0481146020467301
-0.111860926035742	0.0499899457776434
0.362674898857317	0.243648351279181
0.922393647244345	0.714124997366807
0.382036557571989	0.156497220770852
0.358784570370537	0.255276344930487
-0.992336645287421	0.695876889785446
-0.314126244762447	0.161076950534772
-1.12239437673237	0.909291299573958
-1.67176811991435	1.95051481708458
-1.67437043836955	1.31807924976664
-0.404945655927565	0.249586049160453
-0.866893691060302	0.561682002865113
-0.11571876021049	0.143184473723119
-0.101540523546897	0.0680907582434877
1.45516855023108	1.15339600795432
-0.315909603444376	0.208696553079662
-0.263825446879326	0.140323872732278
-0.240889960587732	0.285843591267628
-0.710289193972688	0.407970098509356
-0.471393518136713	0.273407092367388
-0.535362303772243	0.361740815580438
-0.856310651760669	0.473532006089605
-0.354991202786972	0.424844261029084
-0.656318492371879	0.69641798016334
-0.344343385061138	0.215696114563997
-0.0843574469107547	0.0438822628555966
-0.304202899467156	0.204021244039114
-0.0251882513265221	0.0208801638457641
-0.0422058268407224	0.0343973276975848
-0.227243183552885	0.22900288385905
0.0621571439566018	0.0610648748356982
0.0213448360168802	0.0209105279180514
0.110430503489913	0.101240039057323
-0.847329536429534	1.10383332713553
0.666785419222608	0.858192621527698
0.640907433887622	0.70842287158265
0.193164908807626	0.174794056639315
-0.138504242734548	0.114475749018767
-0.10116827925998	0.0888426448202753
-0.250936639321099	0.241326174501849
0.0028797068942688	0.00278311821119318
-0.10958576209908	0.112411159314685
-0.348756315706182	0.433852658128848
-0.0414823813978511	0.0292158679532374
-0.0880388017252879	0.068886174780564
-1.3729660743009	2.46851275708702
-0.319645439978953	0.294618166699806
-0.132777001904731	0.110987626987656
-0.35897635473862	0.271169923698884
-0.119246763215326	0.110348401057402
-0.18753965675572	0.170308562675211
-0.263372223334001	0.180136752154823
-0.877455845185938	1.22841518396333
-0.995753009888767	1.15128487119915
0.0538545950707534	0.0399807694840792
0.266505856278205	0.323945857420251
-0.370871058160353	0.507981342104548
-0.38320369099774	0.430735759459375
-0.420558107523063	0.460033580203769
-0.742367292219228	0.91312965521624
-0.303883181913825	0.25789166324147
0.145106655465899	0.142983037011134
-0.32448315854191	0.328061867604244
-0.569214112995496	0.619836545606263
-0.230056671440508	0.222978357820884
-0.642121969029602	0.89870866013368
0.056565812539749	0.0527851409642127
-0.685943111138164	0.839848925466992
-0.149250491672419	0.125882455580467
-1.97111268819929	2.35990004782836
-0.211187723800934	0.166224870653466
0.0625581116250533	0.0492391813030908
-0.130473716948352	0.120717277726682
-0.0445934370584472	0.0628888306228688
-0.775498048132153	0.627645514623404
-0.724727469895286	0.4379661382341
0.478188703814527	0.373944334387557
0.483129301572255	0.26824949696097
-0.283846122033673	0.219252146714547
-0.0218362720223478	0.0125531143129107
-0.121923499385925	0.0912807119143554
0.887697048384956	0.797721025721325
-0.574634478311579	0.439799725923912
-0.774492035683908	0.665745861276289
0.0527819329260677	0.0388648852134368
-0.127282089943484	0.0963115558981186
-0.240999761846457	0.262896432076376
-0.779383932774993	0.93873699114182
-0.143415093356369	0.12228893147022
-0.148557865827102	0.145365227203989
-0.490543135249047	0.437359923555664
-0.769244142988507	0.600852778520754
-0.0171242692937144	0.0101515205969214
-0.667764732074025	0.49385367952057
-0.170289273191475	0.123376594560683
-0.615568320483327	0.381287877275985
-0.75642078929287	0.546178932671985
-0.418120656573565	0.247736479661031
-0.0793731100969681	0.0417515292604331
-0.067438525955721	0.091174234368978
-0.246757124619444	0.43368435552389
-0.0209785793643603	0.0124765688010257
1.02614975679876	0.612334801318418
-0.411016711540916	0.247496738106792
-0.480059045992575	0.401223527148382
-0.0891047556290645	0.0455179345491715
-0.355416741641002	0.28552134718716
-0.244241784783097	0.244459239130146
0.838082079964805	1.17086316819203
-0.359128371526047	0.384623874300646
-0.077191079682995	0.0746052647624859
-0.106626298751428	0.0713040774501283
-0.777094839076758	0.691282090780205
-1.17764985269757	1.16746986530568
-0.170981461779553	0.127134358480911
0.613574903567587	0.494146524894543
-0.924360716383314	1.00570873102686
-0.381321165928964	0.665855277807984
-0.417828400185031	0.310419300588046
-0.0798968449144815	0.0528739880384646
-0.282007054623915	0.568218939631017
0.188211509785195	0.322638351279954
0.351866414779896	0.342440862014683
0.0885132351558366	0.0466017041161845
-0.680139632779541	0.543366969094384
-0.54068951606302	0.46466463526489
0.461148791912219	0.443983133495956
-0.250914491664331	0.201213038259326
0.00797237346713154	0.00464730733094321
-0.0114308336733417	0.00844212639899217
-0.0622185040929808	0.0339853731129845
-0.304893431007958	0.345892274050708
-0.10758857733726	0.0935360421453682
-0.0619160118305157	0.0637019824890489
-0.459224429497012	0.596487124795087
-0.0593084188183518	0.0591970172157927
0.00189895958673311	0.00171551074240322
0.409817089090012	0.51509874227722
0.347158505838369	0.4512423108218
-1.2315625191693	2.56187718362008
0.216420980585468	0.276066397313571
0.621951060856081	1.29525037602418
-0.403269963375412	0.477182898109169
-0.491516047396477	0.574674637589675
-0.10693767689681	0.108914032751174
-0.390673751426331	0.569127651894282
-0.31457170141852	0.360321660994134
-0.185808970277883	0.182074060081615
-0.570453594462858	0.814942566672239
-0.267376099742581	0.277000268977026
-0.425657179584517	0.52544722682419
-0.24292627268507	0.287175394411474
-0.0509688498128537	0.0399788256803441
-0.0520897588146276	0.046169578494197
-0.311304912208732	0.435538240803704
0.0489975266591591	0.0578126410802844
0.00580384956882896	0.00577523736413493
-0.750606581534104	1.56797148619909
0.0682845926716275	0.0774215625180204
-0.439259375553425	0.728205320165997
0.026070681578428	0.0252097332799121
-0.38002056224178	0.579534875470374
-0.0353669447991093	0.0290001685073035
-0.15032588271063	0.181098216805188
0.203789938416493	0.260662003695597
-0.206215892673866	0.235976020952004
-0.0566655686766562	0.0553452509467247
0.102348376430192	0.11784727471445
0.316045011076197	0.365272741947609
-0.230371688312762	0.229976491791996
0.378175617819426	0.527775874219569
-0.301580439032706	0.378575366783138
-0.298015905188734	0.302057826146315
-0.305233632520713	0.459562137954791
-0.0817638000057241	0.0893433813464277
0.059913501756888	0.066822088236867
0.00662843318963923	0.00802286299686795
-0.0752871839438967	0.0877292806856224
0.0985999722849969	0.108081977415887
-0.27363017793698	0.32483995390122
0.616590704470506	1.04128120648868
-0.550023424080296	1.02278883555193
-0.443681609488882	0.7889427299546
-0.223948384838229	0.299574709089997
-0.573632143155186	0.799571171472422
0.635024499776794	0.58916015212992
-0.220214518987907	0.296452402829032
0.225179361378138	0.332653055008243
-0.104928820422693	0.121891030545093
-0.128568700891194	0.140744472764471
-0.275081002294371	0.369775648854077
-0.569939201393106	0.80075550004206
-0.2805472165021	0.313366623009261
0.0530394634266214	0.0584625375203146
-0.188985529779561	0.217705723002121
0.0102489465516183	0.00909534300511534
0.290432384335901	0.354475364063614
-0.572741221893086	0.834380620151416
-0.504599570280473	0.642159678839312
-0.12108603165963	0.152990322201156
0.36443735040643	0.605309394866326
0.42033889110643	0.752209812155729
-0.035911451431109	0.0423866822557125
-0.301294031884665	0.491016243676817
-0.0462834537576983	0.0545193536994586
0.554425306012957	0.982800253589716
-0.0924331436661563	0.120428953918573
-0.0930338613819216	0.114600011119813
-0.421178582902099	0.711490861905235
-0.33854021442917	0.334741237919361
0.0994706202750173	0.0892054218811752
-0.181758826747661	0.252201621493019
-0.366973670162789	0.633786499842682
-0.551332324851245	1.05142097731092
-0.226766405459562	0.323917687304774
-0.520827734674484	1.01715925190869
-0.22779254970524	0.270054961423613
-0.344446751715108	0.446047203578858
0.140309808810416	0.172231850235844
0.02684049036467	0.0303378951955759
-0.21811554500963	0.278490933910316
-0.616672097163762	0.903803554505084
-0.066346297858349	0.0741418294916371
0.109016660670913	0.138335941475726
-0.0665270653849576	0.0784191324587277
-0.114049631651301	0.130200297655514
0.0632067529401561	0.078105804714728
0.078323831634265	0.0922862693938783
-0.241973402312164	0.330714669415626
-0.152491017838345	0.20694553719809
-0.334049188392863	0.470915539025119
0.248212111744396	0.346199751411872
0.0857198481582964	0.0931559858352657
-0.578570612669561	1.13200634243893
0.246586990160644	0.308737892416383
-0.307797117783188	0.42074688809403
-0.0142767528632833	0.0147682296496007
0.0245656909165407	0.0242236564331253
-0.199640889032557	0.252596592038981
-0.361085064036276	0.540488650291275
0.171583982943496	0.238049356108198
0.321621576879936	0.432983784833076
-0.0295304889101406	0.0242708814293966
-0.323213372237249	0.424356001889159
-0.0666411845806747	0.0763055008480597
0.119407279895408	0.132373265347775
-0.116174749040024	0.128897478655649
0.314698236853964	0.461593523991131
-0.0767004657942444	0.0758092708207902
-0.360712478886471	0.385659839187016
-0.291670565829331	0.398729773916681
-0.112716817336936	0.116323420044759
-0.238001928016324	0.269774234050903
0.693783450950546	1.18915262176555
-0.531193708562224	0.852997593079089
0.624242119117671	1.172310136934
-0.128922169880318	0.142145194016702
-0.0370092247678428	0.0376467815877236
0.0434755432053646	0.0453323864305243
0.034141047635934	0.0330478088005004
0.325709697997835	0.458745669047407
-0.184439975825357	0.235215759890044
-0.466142028130312	0.755973004805984
-0.569250000092053	0.702777139061979
-0.0688125855319139	0.0775767429144276
-0.794459878585644	1.36823132800045
-0.246643917182883	0.288274502885065
-0.410839383002219	0.487265154627489
-0.0343520040159974	0.032252768983599
-0.174797479253423	0.196469578220349
0.567015312295141	0.806692436779551
-0.275912797580286	0.317278517273337
0.395945672282377	0.518647382022821
0.12638305552237	0.136399670981328
-0.0112511667488791	0.00939663973275267
0.151104793430782	0.134179525779249
-0.342203579472385	0.431547511332187
-0.386568285839363	0.376177078868063
0.0237677564009295	0.0179210444834047
-0.115776118718939	0.110932810070305
-0.185971459875477	0.171812395032434
0.814645489905119	1.12480035536313
0.302191056310797	0.315169691822284
1.03737102713757	1.73916985791912
0.26634949389005	0.285051660841314
0.207970661382936	0.269987654528044
-0.194034930348878	0.177160922969051
0.211233336492971	0.19355690406771
0.216762540570498	0.203820213463596
-0.118391813113729	0.101395748706348
-0.055758636376407	0.0446699550197615
-0.269520070544273	0.310440979947099
-0.279447631010158	0.368394760201599
-0.567929335128613	0.88563926691912
-0.164030541212211	0.17403616501169
-0.466460208241347	0.478702272783894
-0.301194625400277	0.321312271570008
-0.250175216224617	0.222798165751388
0.215177824873363	0.191183148610444
-0.284574138082623	0.281761636435672
-0.0224303643295101	0.0190953587728251
-0.0456279130616172	0.037823057700464
0.219952690656629	0.196452471843812
0.222820839629294	0.21871920780856
-0.366362945697638	0.377168844633495
-0.0931902335967973	0.0800178084337266
0.0203535628197349	0.0158207649056442
-0.257988575336817	0.241989368042698
-0.00209088165578748	0.00122346704754414
-0.515138044586159	0.490118559438638
0.105180723301768	0.0657808226628763
-0.125748097909454	0.0798186938695975
-0.414241491811769	0.307519390961958
-0.368316168324844	0.311102191751243
0.230938527537643	0.188802052082071
0.121688748842806	0.0861239871667457
0.779829304641392	0.879252308036966
0.638213626055214	0.606659609076202
0.414676821028793	0.840228602791589
0.308016870906437	0.262383421815618
0.70356387433293	0.517816233218038
-0.126452373014971	0.0926899522760073
-0.150675271125687	0.0935083377111645
0.40268675245992	0.354058073799724
0.300477404187756	0.272680583905772
0.147745321272754	0.25456831392566
0.258857033631183	0.492428507547465
0.0140534456022154	0.0106369202713062
0.0187180027454866	0.01199354254332
0.676830281455005	0.615450265216682
-0.036578019320452	0.0203882290334376
-0.482817787130964	0.526624523816036
0.0318841065838441	0.0220831676016815
-0.357438325364577	0.309996423171902
-0.0659570166283369	0.0514653693996374
-0.194916360763513	0.159688563997163
-0.106322083384972	0.081575341646125
0.669715442630627	0.597924505202497
0.434044690054809	0.450167467847373
-0.77176829420016	0.637228004595222
-0.858912654802407	0.869855663217343
-0.717986337992192	0.813867718864631
-0.0310800403418719	0.0170517067726633
-0.60578351127195	0.515888176900511
0.886737750787691	0.814387931043537
0.399299385983382	0.254100231122912
-0.761509974253338	0.536692887666256
-0.0158179617610733	0.0115637424746204
-0.301650784688659	0.284964589819293
0.539806148013181	0.549251434708342
0.0863575430357568	0.0753875909622153
-0.645492101206502	0.957809743944895
-0.447156283141924	0.79496776618712
-0.00593141710349517	0.00507219974373859
-0.777324162545693	0.786744819741207
-0.280685221751936	0.30144295074906
0.554273209985255	0.722778900955634
-0.280715494557433	0.287168161798613
0.80531128826517	1.13610947302123
-0.376955840770057	0.54939001816764
0.0462811000420889	0.0485468138059214
0.0551922190883856	0.0527536935588369
-0.56232815252087	0.594100112855792
-0.221884081798286	0.193211875049801
-0.374993052377388	0.373658560333063
-0.292658172275768	0.266280962314842
-0.600159786948587	0.733120906232938
-0.397563650066774	0.41641918820827
0.144440661530279	0.130730757910707
-0.833398065222512	1.17827864014983
0.02440994880133	0.020376508288385
0.463365831797329	0.668674979284129
0.0591898175192983	0.0493931497039304
0.051597194793643	0.0354032246139751
0.0854704499269025	0.0722688957838871
0.324327115016728	0.350430786283701
0.12131493147849	0.0896020811057096
-0.105514604300166	0.081715515701023
0.00711394609699929	0.00571946731924661
-0.220031723116189	0.176714914759709
0.864932746797135	0.907248476898323
0.114102007061646	0.0737186487261703
-0.020199661209286	0.0148838992582468
0.0425758488348034	0.0296497168119125
-0.164356505503148	0.11944599446875
-0.484993723687426	0.605076014359204
0.0439457959239996	0.0315669823172256
-0.075247871956778	0.0516045196224376
-0.296426426120405	0.363923387087052
-0.254860666373862	0.293824717413829
0.139434955189545	0.125454183372888
0.157654754683863	0.168751118919171
-0.176693569321641	0.201960184960784
-0.153846393662533	0.140235029834623
-0.674906301207866	0.800274385383104
-0.0850154922535583	0.0836464443685272
-0.207200387672178	0.230816506292882
0.14757618926274	0.134016993064862
-0.0424416887894379	0.0411359246995313
0.247998066410224	0.284884878118129
-0.712037243643276	0.810577778634701
-0.0905733697921282	0.093683129487425
0.94314757108721	1.42352127154986
0.011596588772911	0.0104322810766657
-0.701178856690995	0.916874951391706
-0.611725734835681	0.664024000203019
-0.312618804408932	0.290843561100819
-0.0479397917443705	0.0436321368178404
-0.215335839560877	0.216944097971497
0.200555629976449	0.190550097907369
0.689386632528501	0.885865917767431
-0.0729545102638977	0.0587574651655596
-0.565886371575093	0.826954009369768
-0.262648335531868	0.251444033496614
-0.149101925376521	0.139441891760264
0.131937668426829	0.117765191687982
0.14842519772858	0.133268223707362
0.136499738054365	0.113101085805035
0.0393463129437612	0.0265143502593581
0.310851994900336	0.252341512344598
-1.21541564795162	1.34754335409036
-0.316121537265879	0.243888243148458
-0.37475116455299	0.371695782916455
-0.117571071086571	0.0875071691424358
-0.24309942745374	0.189654268422487
-0.478222436118789	0.4542395678616
-0.225565172952561	0.232351489954828
-0.383537626279423	0.378832531599764
-0.311371348911313	0.336642681933784
0.00308361583427666	0.00307606271974141
0.276969495880112	0.391304028307941
-0.287063224144614	0.308728746948448
-0.0315398761730273	0.0262429762683811
-0.209176254101613	0.20250873364688
-0.80454975115826	1.1244913890081
-0.1873427901899	0.166239316904418
-0.290419573832008	0.291203316658079
-0.0234053330535677	0.0235384435651269
-0.0858207475373935	0.08917083851313
0.108471914329319	0.101431573056275
-0.492290040504423	0.527431413747402
-0.0659643911705085	0.0449618822439642
-0.559996681199585	0.842279008872128
-0.847641051865799	1.50120512979926
-0.480536174956206	0.555612903588635
-0.175121888501655	0.170526506389362
-0.546953005537654	0.558561930418182
-0.288439093612126	0.244948267776606
-0.0515130053170591	0.0462329265306891
0.27841535262387	0.276284192105395
0.156566054098447	0.154461813582167
-1.12844409883023	1.42690872656286
0.0657653869290412	0.0519939023618293
-0.485429997051946	0.56387423403792
0.01682851528041	0.0132866529215359
0.0499731532496291	0.0360385540056725
-0.424214669827468	0.450082393403413
0.207643055907186	0.192572149913896
0.0752659505233958	0.0414780059838352
-0.775513452777436	0.765403092361004
1.23329533039312	1.66205842291696
-0.714048030945014	0.76401669098238
-0.562631898927528	1.10795440459622
-0.123171315632691	0.106208422994809
-0.526172029732657	0.494987314986584
-1.08111724123865	1.50477654087663
-0.294202396750493	0.247788066305643
-0.152646493303562	0.113707734347161
-0.551409977849142	0.654548610086844
-0.0553140130785559	0.06727209369555
0.460900809029883	0.451273590536926
0.130401231786522	0.106958785876278
-0.246906103461976	0.233619845859121
-1.42037073851587	1.6630785601067
1.05728848890452	0.985191909026896
-0.377115467198397	0.309780211556926
0.378824588872378	0.727073139747426
-0.351725090770686	0.702235842492786
0.205298212446085	0.195578328593768
-0.567584048210849	0.614933732542316
-0.643722781516769	0.662429127229856
0.0137940401938701	0.0166306669534095
0.669918440334541	1.11557578931801
-0.743877985546124	0.971473447601739
-1.51784605521868	1.59842250384451
-0.0468589727858199	0.0501617885686246
-0.229890167819642	0.252219355483036
-0.933874322593835	0.990904079564312
-0.646044916026301	0.624310488889136
-0.0603057862166074	0.0419662443025435
-0.255431766711993	0.199655396732602
0.21541226226996	0.200553275960259
-0.0916083792352639	0.0782395380876184
0.13930156137802	0.109456426797924
-0.234419114269891	0.206313970585418
-0.460459682090937	0.420277889068549
0.0680691137016144	0.0536640098694129
0.151471966332471	0.118492353812204
-1.26527251718341	1.32438907116227
-0.224014535915294	0.200640071408169
0.330570608724378	0.248116946296367
-0.408376184862487	0.245797557208968
-1.36152211954281	1.99551900612226
0.00398986185066815	0.00229818209233953
-0.7050732686351	0.719008245727806
-0.513867012486957	0.478071910642601
-0.294406508717159	0.299683817990833
-0.555250632481217	0.843378399475172
-0.126993551505181	0.128789407976878
-0.781717633234113	0.874327661035053
0.0433822072243138	0.0359700341622114
-0.149599492425086	0.150378959770386
-0.372370567615902	0.471723104051402
0.147092758765021	0.12464286823697
0.462831115969848	0.461050382811516
-0.915579313777201	1.49135508138005
0.57714285610926	0.733545669351766
0.974922780098507	1.42741044506671
0.489226635431563	0.617921908210021
-0.318262894530206	0.381674928738407
-0.223520498466951	0.198051728987274
-0.259048886290296	0.28703053312899
-0.494552753793313	0.582033286461319
-1.31190119622737	1.9912474986888
-0.855100770597712	0.88834825320409
0.00384497545704077	0.00335333955088437
-1.14360448653762	1.99730941854195
0.228916030146373	0.175848371949631
-0.560577106173003	0.641078158766639
-0.645230267834904	0.65024437219593
0.284613735377406	0.269229644705368
-0.346617307968764	0.343137093826238
-0.211698984018354	0.191324880951524
-0.106225704927601	0.0699950449464692
-0.179316871265764	0.165325885162549
0.0288374726263245	0.0181280905411805
-0.775165502440414	0.909366217011858
0.520561918663907	0.638198858719947
0.666043153346062	0.865647812417914
-0.198134601996092	0.187186301208696
-0.140291131055933	0.115978422511578
0.563713765183984	0.644981337555019
-0.432008601302973	0.480597204620449
-0.16070161925681	0.140262397338276
0.0732537247412003	0.0582521766437507
-0.619504373110557	0.701143884737696
-0.122211567597134	0.104108454931706
0.372469315663486	0.3529992821682
-0.983273489108054	0.835528946899787
-0.685736082740668	0.564035270533118
-0.548704191470553	0.474052731104483
-0.0759072092516595	0.0594577664966271
-0.44678260135784	0.538808380775949
-0.35750363985627	0.288659043437068
-0.0739198551887641	0.0662625885543353
-0.164439141162688	0.214897542275217
-0.299537203921232	0.300719197363812
-0.357324887763916	0.297858446185665
-0.112871313171992	0.104014583278293
0.812298223032707	0.985231841161913
0.287247757687718	0.258366668255243
-0.246364600747621	0.237249890930172
0.0906774848002265	0.104758524390009
-0.770121934025554	1.38365132324115
-0.115613042055327	0.118852106709808
-0.205724452054232	0.1661594090276
-0.115656002572428	0.098741395836891
-0.113641438674982	0.107807974810347
0.326391544852175	0.422895199121289
-0.500333575127887	0.542212121806226
-1.59715716137332	2.24573323473669
0.408855825851322	0.447342019776152
0.159737831243818	0.147642585938462
-0.101375624032327	0.0782616988679159
-0.42035436473271	0.439083519318938
-0.141046296118079	0.105415477687375
-0.156204885994114	0.131373457180779
-0.132313333029297	0.099796900798831
0.549994554298626	0.720604050330955
-0.550743398343603	0.55340344777624
-0.0587665869286433	0.0478629842223657
0.384471466401094	0.35473319673936
-0.113513066035672	0.097483406223187
-0.178614216550791	0.159399571314106
-1.04412814686528	1.58291608504882
-0.350416825601882	0.302497620685499
-1.0953258697391	1.41449308681916
-0.0806887674535806	0.0720816750031994
-0.247694645899698	0.217254164493752
-0.0042607995301126	0.00318745232208659
-0.107288332131081	0.122330326387647
-0.185979766140247	0.206320317842073
-0.53219867488715	0.532515141556167
-0.640394999479552	0.643583388581174
-0.632734103840571	0.618477243751402
-0.252180631517516	0.200220008696307
-0.534475210378614	0.675077841198141
-0.567853702620216	0.603798321766976
-0.397059729726874	0.38857725856231
-0.137912304407351	0.116457869234717
-0.0621517031134014	0.0703049720748556
0.103368365817649	0.0670661881474676
0.0390446180303981	0.0279183561190145
0.0523808833777785	0.037080158806698
-0.596040380442307	0.58984699003179
-0.399805655375792	0.4198097570826
0.01037521421743	0.0111896836186646
-0.310069477617382	0.231235004623162
0.399273628540664	0.582594563197448
-0.390481678251544	0.430230480609109
-0.172896712657112	0.128201379649177
-0.839950947941524	0.898820018170552
0.00446950868930287	0.00338997353355266
-0.0374394652702965	0.0255559971929442
-0.410265623495563	0.330599377146328
-0.550966499933126	0.468470756196623
-0.58029104276816	0.439434463880729
-0.439636098606446	0.396022384438241
0.220211269062896	0.185183456075862
-0.628336458120854	0.575263982077791
0.472899532742581	0.500739804660797
-0.273995156098851	0.236565169258134
0.532243397078778	0.48047576962666
0.345634719702508	0.357019869303469
-0.105756694198361	0.0699112913673631
0.0123832512808472	0.00761397669427647
0.0247790531528284	0.0207600376848768
-0.132694291859713	0.124894612153779
-0.161789466367083	0.195946185406287
0.292031646993911	0.35171441279562
-0.287156465600355	0.296456667173529
-0.707499488788439	0.688080938128727
-0.284917108882515	0.292557187347298
-0.45541779545435	0.461258348525392
0.074963022224118	0.0607262285093673
-0.0496243121763657	0.034143063761888
-1.35505457212862	1.60588613267235
0.593775971472104	0.582743666122939
-0.841200268880924	1.02426875185288
0.149747089646164	0.138942136006798
0.196125226518829	0.230797355752511
-0.170306919534257	0.183204905993287
-0.119519386790606	0.0768208258927075
-0.285863250567843	0.271546175579239
0.0220818578400397	0.0148006208082729
-0.164053388501842	0.121862373335928
0.221229085157337	0.159613145488218
-0.339612323660396	0.386813252097732
0.0427824695721927	0.0305231830963344
-0.159201296577361	0.156767014207373
-0.226517964800229	0.217187166821144
-0.205968617229331	0.185401372236701
-0.495470126908965	0.441457967060714
-0.7028369628528	0.628027720330367
-0.624599451710558	0.723876492030198
-0.963883453056772	1.18976680785106
-0.0903822827412911	0.0705047057217833
0.0599854586731266	0.0454157297918161
0.277411062721802	0.275350265555312
-0.0429294373935415	0.0335921980312903
-0.502263948452686	0.593175291974818
-0.694926617050246	0.902836695950567
0.561961738139525	1.65406783396717
-0.0449352417901006	0.041076242688146
-0.998194714862801	0.749293541638897
-0.770127698137396	0.738792292517376
-1.67867110972337	1.29643128539708
-1.3399348275434	1.46894514415538
-0.379293602747951	0.177184077612548
-0.191944872047289	0.11752415360141
-0.494073564602603	0.439250825653054
0.0932455568940869	0.139745365513194
-0.215930267557192	0.377582780588536
-0.308711372759364	0.288467189999848
-0.377683600334258	0.181399366735751
0.358323528639994	0.236327133225916
-0.459048102717891	0.204213563611746
-0.998807570102935	0.740685205737761
0.12102232986214	0.147738176662986
-0.226278860485546	0.250340598705687
-0.142685301869659	0.169914253373223
-1.12322298674928	1.16568766442496
-0.162386929213499	0.06791397537773
0.0893456806704771	0.0411134459040322
0.0846888550653443	0.042423428548783
-0.691771936122355	0.658027924004968
-0.364926344166719	0.296252010126643
-0.258928280184895	0.180613665393849
-0.593605160798359	0.602751780139854
-0.0635251029011132	0.0328742060475512
0.06826688128694	0.0992455987252338
-0.0792875144162728	0.0773861345164355
-0.662738754360811	0.49910146399615
-0.0916867628178312	0.108785098901292
0.109191756583128	0.0679500555986328
-0.0786522537316149	0.0400169381942302
-0.161580274649877	0.117350375615389
-0.127254732490609	0.0830237983548725
-0.415298135310657	0.302072745709098
-0.259098914170082	0.446963210084536
-0.239316885449291	0.351659914453403
-0.12365988459338	0.103027460758105
-0.398367138884897	0.321434207368448
-0.463579642581275	0.320845710168913
-0.153641564363011	0.193511654895978
-0.074874271563545	0.0383361184991842
-0.0711100205097949	0.0473951092292852
0.225693645068128	0.16924468893943
0.0183771204776804	0.0115601264980373
-0.0573143839191922	0.0312608495147984
-0.187711581422103	0.111329688209195
-0.227668517428881	0.157415552947269
-0.47227665111595	0.44727623414017
-0.317036692860642	0.316822763398017
0.0690710505122061	0.112263311553679
-0.720891797461516	0.421432184853724
0.0425700468078762	0.0523350749742754
-0.530043522239895	0.344743072603305
-1.04439409555026	0.55181324666839
-0.0784683311535973	0.0389067988223772
-0.264140262704958	0.143761451972906
-0.0615898170100258	0.0326403810065556
-0.16860838686209	0.100978457273853
-0.188241801684869	0.233955898332965
-0.304836573949371	0.203267779694922
0.121542390444122	0.140439938055258
0.0248289189295436	0.022362034736554
-0.0377291940854713	0.0213777973457437
-0.616231921755791	0.395301110992245
-0.422135379158597	0.304344390495324
-0.319338778765168	0.247023711218611
-0.375032101369003	0.309682224814131
-0.0639576824835791	0.0510240079261654
0.0345775652429143	0.0235548701340527
-0.529419021298818	0.515086260626207
0.134608206576809	0.101905716396184
-0.100624424590826	0.104240975896516
-0.39247047152739	0.457194748529052
-0.33865502615863	0.28718729103414
-0.399051981602109	0.383242973755072
-0.191563369290708	0.174886364447659
0.0373041804788695	0.0262930246790528
-0.598637479226365	0.687090401021891
-0.0196779255655601	0.0183462199700831
-0.72493792985857	0.865664520884257
-0.248193000407276	0.238246411346584
-0.6580976498947	0.701138394472665
0.144360939856078	0.126081426141301
0.151256788037187	0.138403726325345
0.0184713885547847	0.0171521320923714
-0.408049173514355	0.298790598335579
-0.486287984909145	0.489076212749853
0.0823155030047622	0.0680673031549374
0.208895333509523	0.191054313254392
-0.770736333848549	0.707588638184136
-0.616873515202963	0.702678850781743
0.111928991034227	0.111542455335121
0.366032048536955	0.401581356475407
-0.0930548696906458	0.0822302745977254
-0.583842939341092	0.663504133009424
-0.52141844062424	0.488314109279665
-0.826208424605563	1.02431398264631
-0.248587552805235	0.163761487871563
0.142719385556723	0.124634700909598
0.0991953367619611	0.0876352499732417
0.137295798503955	0.104046325032244
-0.3978046118069	0.443531416267718
-0.0309024434817722	0.022093342456933
0.132343824552893	0.0975539358702696
0.0140641858223674	0.0120381382734134
-0.355161179575114	0.488564141240274
0.320509803723322	0.349561267160808
-0.187338801239773	0.148044941584735
-0.374549864350157	0.345743241811082
-1.10418202002881	1.67321415179652
-0.435567221304388	0.476884618284859
-0.0576745448095182	0.0458164640714574
0.19774569734243	0.189104170069006
0.0234324302002025	0.0185697618732904
-0.590566176985497	0.657363608678989
0.275692148455907	0.267474417262606
-0.0456873605922765	0.0408847222310459
-0.373042438655687	0.40707134409564
0.0150552579072666	0.0124502483289783
0.841368481228743	1.22506075819026
0.0549080428495263	0.0495934654349562
0.463230211509724	0.523500395061445
-0.717995742426494	0.792440269605448
0.0791077294820627	0.0661371500319432
-0.633529767322187	0.582732748944381
-0.541643447817711	0.553002617982206
-0.136101442551984	0.127000157765021
0.150972412676104	0.12297593092742
-0.351402392971306	0.351614068910887
-0.523587853211883	0.503765745743948
-0.302356913023498	0.260465403676041
-1.2032014420554	1.34840882915876
-0.474249190903717	0.336773989263468
-0.10558125292638	0.0862892766796381
-0.188716858045205	0.154639398204163
-0.540969762713376	0.618010615913377
-0.296957722277601	0.257043712030939
-0.0168825433986384	0.0120714484326306
0.00381817088473035	0.00281888079975575
-0.18214900956256	0.191147913474491
-0.0267094989758042	0.0218983587211274
0.293049449735145	0.346781230706526
-0.171161703871805	0.166762620532329
0.230011593830378	0.262828355279496
-0.113025321071355	0.154105968502012
-0.139563529867486	0.116319931347035
-0.51917742312189	0.500232917920448
-0.190909100346518	0.173021458440179
-0.031969685645442	0.0228734554889542
-0.102901814167403	0.0784645599313892
-0.0502307526156391	0.0344404997175589
-0.468605530574749	0.364824057671978
0.271848817054118	0.24663481157398
-0.254351618066145	0.199448868611516
0.435187147156381	0.450552338344336
0.536532824274081	0.932527299035996
-0.635152605043628	0.722609579930086
1.17460660530335	1.31187815144843
0.700962303468323	0.726783304528671
0.117691852612011	0.08333135935056
-0.310592250468425	0.290921293390007
-0.0599403770854759	0.0514768455026859
-1.4141996901711	1.13458608922852
-0.953796066171507	0.934820241679199
-0.211647574643841	0.259499103735598
-0.213568136351898	0.200135175176795
-0.621662847420571	0.641970828951579
0.143318886399569	0.125111571309302
-0.264701069812039	0.181656599188886
-0.633944416458603	0.969876234809069
-0.130962726173515	0.0993974956387719
-0.313620152050726	0.235595236649187
-0.147402550392667	0.092383192188068
-0.238286884887253	0.228823304609789
1.02894701169826	1.21153427960112
-0.663471876760285	0.712266657012931
-0.305301293686279	0.346727835003527
-0.505539485809422	0.686140244137474
-0.397786197692421	0.321241678139443
-0.315706254631519	0.237554012981071
-0.230218404308069	0.250359254474992
-0.0665706298435805	0.0653966305213908
0.221017012207725	0.203999174383752
-0.654632413402489	0.714373436430174
0.279179310701935	0.256675210251377
-0.0295967338201831	0.0245742919282669
-0.218300143220399	0.174483053360272
-0.820683063770507	1.05257306924485
0.339809142345331	0.412180708240254
-0.372784004820924	0.341973906953923
0.43330196992046	0.258542855821861
0.604028666236319	0.750253587509464
0.677071478259564	0.620903169987483
-0.164849330785112	0.139086165492051
-0.413504354992486	0.2500885163957
-0.627525963472129	0.395785871565232
-0.995215962389035	1.15561883361704
-0.0456693991796994	0.0409648126342267
0.195033509915568	0.188384020242008
0.916239250480994	1.29549978871128
0.0602124682727955	0.0444430595130648
-0.678590824927172	0.57104640327095
0.468545043112761	0.602043785032933
-0.442544393328434	0.43005571126379
-1.05836807236886	1.51605388291457
-0.265976080778715	0.229092135583536
-0.619269752708972	0.55291154814649
-0.102516072409021	0.0784865620323959
0.052354236263368	0.0487005322230829
-0.248536315384011	0.331765084693004
0.0190783467248098	0.0169531333780725
-0.300296125237891	0.417999445641187
-0.160045636370249	0.17016121913117
-0.79599569236326	1.3164871426009
-1.81600658971044	2.36139124898544
-1.35087440465701	1.63285861531586
0.727551397450971	0.882342017865204
0.0761833675520482	0.105235904107383
0.0386683814340065	0.0314727062955788
-0.542313095952119	0.373623295757515
-0.00689258935354263	0.00406652394590861
-0.412454665706928	0.253925136113698
-0.381795038323812	0.178044313617659
-0.75640077658772	0.541202546459107
-0.283246333466232	0.221024344507591
0.831672060939422	1.45819877356573
0.533863758549084	0.271590292117255
-0.661239843687154	0.498401250462776
-0.278037807118468	0.14440611385553
-0.132956906625696	0.0592520478045244
-0.21169587505527	0.113926022525117
-0.264076132076139	0.181164872673066
-0.758115668023719	0.536413935960902
0.296639943108476	0.146678685268268
-0.358522790809637	0.230700044358002
-0.0554382169884741	0.0303334630325901
0.0837064662631174	0.0288114799617396
-0.179920274338495	0.234231878052552
-0.196392323601031	0.174414464966085
0.367054376792603	0.24955165477981
1.04399377723533	0.866895694286295
-0.857778326814366	0.557252762632964
-0.146986231027708	0.131961941470069
-0.588818855504987	0.549131900966716
-0.185786822044235	0.112152536704348
-1.02928032118516	0.610740164630667
-0.983325949044672	0.824007895490074
-0.233415045973321	0.135077295396384
-0.405770357815556	0.42713012441443
-0.0467371263048436	0.0385220240345021
0.185864844647064	0.2511923145943
-0.204828319651113	0.242576216214881
-0.154872511654909	0.18678615321707
-0.169508090564689	0.168176533500823
-0.121298068180634	0.129482393894839
-0.24245392257832	0.19081150333046
-0.148438751132701	0.108581432695931
0.504167261819017	1.17016253888506
-0.424476422312901	0.501565899572576
-0.16836499610735	0.123890325533675
-0.223637199467865	0.127761659360089
-0.587063073627967	0.448907896723075
-0.75185811882772	0.52767865603921
-0.186593010496195	0.132488918204047
-0.114155843781586	0.116432463362677
0.0865775338193494	0.0428981320131073
0.476440652068997	0.260363509407997
-0.0012359327709776	0.000693114306957978
-0.182598729503176	0.107921210695515
-0.357150239020301	0.266050558910409
-0.307032894216496	0.155166831366942
-0.375429374086478	0.173529805504135
-0.361636867007531	0.226570985396357
0.096374458850814	0.0861490626394079
-1.15651753584207	0.768357505379332
-0.665767619022214	0.494180070421082
-0.325396333265165	0.39281546585373
-0.113176443123944	0.105697687437344
0.0817821613254603	0.0343542755967173
0.572875002906762	0.487001166923981
-0.232349453522631	0.158708369557587
-0.110735394520061	0.103630389558834
-0.539046284511346	0.46663581364238
-0.599811750202972	0.505717434956297
-0.764737594042966	0.524567363146412
-0.587685223528237	0.236296852602662
-1.08738708549235	1.23094194014739
-0.269284164320021	0.328174302428183
-0.627273751775791	1.25531423212691
0.249875755507507	0.312640685804128
-0.00610945602174222	0.00688582043137656
0.471902844742318	0.755370344634532
-0.673616066045962	0.872589574995847
-0.244443457588181	0.263312947582728
-0.780969839126972	0.974061415358447
-0.387721546011728	0.391767879848321
0.210226198081606	0.18746280803435
0.415686894555257	0.963958993939232
0.332856396360248	0.351563596761592
-0.223172618686785	0.1269447282719
-0.0764913466225965	0.0401596223586305
-0.480123557152331	0.337329663162447
0.0792719420965327	0.0299048798336915
-0.162458044928428	0.0677291621589011
-1.08356728093379	0.989236388242196
-1.39538296669689	0.916114506005166
0.0271790134938296	0.0183198030788746
0.246317747219989	0.307044710500158
-0.775870494885184	0.623429771841541
-0.62520572767348	0.383764758587971
-0.102585480525861	0.050894372794365
-1.29861451188363	0.964707224740925
-0.350069901973091	0.221880134121779
-0.789776671928024	0.870141321357372
-0.0843574469107547	0.0438822628555966
0.133267452904198	0.146861564478884
-0.128009807984601	0.0577806422002235
-0.579495384839012	0.453055680147529
-0.617159581054454	1.03038181440289
0.0263480417857021	0.0215873488850927
0.762068746394606	0.328696223914444
-0.539358735568899	0.46832993857207
-0.383256891701389	0.177932958221644
-0.0686147217402456	0.0348900386336192
-0.300648466674224	0.198921569255374
-0.557156090252128	0.306325519723714
-0.585323824222744	0.574490691060976
-0.356918535513896	0.355368282356706
-0.0224895610256211	0.0183854750123609
0.422245765903548	0.449137855892472
-0.22948864799202	0.205192452739378
0.266624977698963	0.26199573728649
-0.460027131637292	0.474075341369565
0.583313825452064	0.64413386908709
-0.0952398084261196	0.0746805802914807
-0.171998209261205	0.125398489949542
-0.658474734717131	0.818218164057424
-0.276141723491911	0.372112007188346
-0.0495740698707572	0.0450363926046356
-0.192156051218239	0.138709971359347
-0.459207897356323	0.369529012529732
1.34466685544912	1.48781472976462
-0.06175555745284	0.033622081212865
0.291927914409354	0.140559459110191
-0.0366522794420958	0.026514632330998
-0.160287981856114	0.0995676567789682
-0.747118171464443	0.522047951024673
-0.677551261703643	0.561758099343964
-0.768611934304356	0.634707475480483
-0.143155151187624	0.107359766130184
0.535365162334274	0.370828209168123
-0.31967959506195	0.247208709247901
0.0135671783964278	0.0109589849185277
0.434797376856953	0.371707419771656
0.717997338175922	0.641770399527513
1.22912695375524	2.07079477091964
-0.172837195395587	0.170640005967423
-0.449601210787013	0.399283747933853
-0.229326131443729	0.133999366123466
-1.64566676018066	1.5159811032279
-0.206851318419698	0.147401661596862
-0.24920063360709	0.193706325318223
-0.694641572386336	0.611078080530812
-1.11653238842221	0.895944931678559
-0.0857547849073106	0.0445201887788683
0.397125887063139	0.249744339415088
-0.192487723616805	0.118914664015269
-0.467654504539894	0.569676484948862
-0.172713237338707	0.174091848870535
-0.843435145714928	0.983938893952877
-0.766173847914796	0.676706826976224
-0.403512411303097	0.235561618114325
-0.678624718738826	0.561800720322687
-0.632844895035027	0.580041121942871
0.13891734571842	0.115140647994013
0.194135167939226	0.171482642871226
0.157597616956214	0.231071267435752
0.43157701466872	0.694874839997235
-0.218349474021641	0.261730245138591
-0.0756204305912092	0.0658076304825523
0.585546707992209	0.801985773890615
-0.105047953453063	0.0951357677517077
-1.12110358052045	1.39158980771349
-0.413320722594778	0.338965131916478
0.0144456562672099	0.00925096198126694
-0.0505602849950133	0.0359918910695035
0.034847747479411	0.0397480615106635
0.21700614231781	0.218957517612035
0.498224674543458	0.463787420693314
-0.127254732490609	0.0830237983548725
0.341898435461955	0.253018405958346
-0.159454181467556	0.0648735106416308
-0.0440623693817069	0.0245938240360417
-2.10736747207889	2.06315535672014
-0.54514720443321	0.370871203129743
-0.95479617349677	0.876461539169945
-0.709140295351093	0.708146671690763
-0.550009127125199	0.368111422298414
0.22079467417947	0.166049774738156
-0.310444074879189	0.205816783101913
0.000875853270254845	0.000638159551716341
-1.72514260211961	1.62615676522145
-0.41483837802303	0.252359001508674
-0.414185408781349	0.307803548045093
0.212627993646997	0.229286887020185
0.208826111251176	0.182956099383758
0.493672056233336	0.374463679950686
-0.987435611733844	0.825763718958385
-0.865334974227098	0.58860353611315
-1.0780818959585	0.971725364137019
-0.0428011228710976	0.0243306254879433
-0.75697989221972	0.538005908041781
-1.07333432816272	0.934116258321258
-1.09102435437362	1.24221350158959
-0.263252839788087	0.184332033349403
-0.250812561754755	0.164741083894035
0.163726975977002	0.170840624167911
0.103170690815042	0.0952414080969881
-0.269724808929246	0.281632889732048
-1.02066585143396	1.08312758217993
0.249054770227179	0.255611971292633
0.619831935359195	0.9247261195519
0.295836416746015	0.497595749288356
-0.126496579173952	0.142679103442158
-0.199920753540881	0.276164860672956
0.35215640290034	0.526383415857972
0.733392063237726	1.32117480745596
-0.0398517058272764	0.0381138452812533
-0.0719843167874724	0.0610715733469323
-0.949585775288711	0.965182479493474
0.0611511572779391	0.044577030452483
-0.134700621309726	0.136343093114126
-0.0463681907241408	0.0584748803895246
0.428493244628247	0.508448398919981
-0.357619189152904	0.268783649063334
-0.262150166599563	0.169790504334553
-1.28494279861512	1.4257968583191
-0.769515290535474	0.606912010615437
0.336984235929979	0.260453579217326
-1.18109381248004	1.12961735387418
-0.525958408798867	0.407410133489291
-0.297699183488839	0.19523565450167
0.358709891116017	0.253901638209229
-0.47696182638879	0.337400198859467
-0.237576754726814	0.202970926566197
-0.200559212099274	0.252684273910433
-0.16688586992713	0.140650373123213
-0.312510902861166	0.163862890759955
-0.254381367944566	0.260329428063449
-0.216110120788491	0.148033021688774
-0.226293179197191	0.129735865256194
-0.415246058767493	0.488886616216305
-0.536213557759983	0.614614072658136
3.639374834567	3.7211654214603
1.26663159191812	1.19728549104645
-0.478509598027276	0.279899627206484
-0.76570558997074	0.673724528775369
-0.303981517070419	0.202728188438615
-0.515421217148041	0.414984371308082
-1.04951656341935	1.03709821079164
0.125373204200804	0.0958908994758869
-0.150870677165032	0.0956027894772769
0.912296946577767	0.69043078619353
-0.140849471842952	0.105954286346884
-1.80084745185138	1.50977634739087
0.0818680070407288	0.0466878898731323
-0.173821334709646	0.157052718967376
-0.86442903783543	0.818562837732709
0.522150656647205	0.801411887703785
0.726213320157307	0.993531507936098
-0.159615306390945	0.144750187063738
-0.17781924344601	0.188625107393834
-0.127822440708006	0.155087406304474
-0.44273668661833	0.348437608892588
-0.509741238356387	0.591261942167948
-0.266121444398411	0.322730182419143
0.300932428188871	0.371639346981872
0.433740237766773	0.50906452127436
-0.161191532944117	0.163456541946991
-0.671009156843534	0.857907876295466
0.49151893065646	0.538251834765514
-0.163405120943661	0.176385044559774
-0.389376920582485	0.380005307950901
-0.279356884871234	0.232995189834376
-0.176088240501671	0.145912595132483
0.426988261306929	0.447591109914471
0.121998821823371	0.16836476896549
0.257985359863115	0.309751582953319
0.572837543447905	0.482459884508071
-1.04729443967906	1.01092882461381
-0.19473717126092	0.141391753775034
-0.305555279968265	0.206800637175101
-0.148599579667656	0.112475189565064
-0.12273874232338	0.0917261896440574
-0.275106304682195	0.185466379702523
0.216123961070799	0.157229257748072
0.902590793204642	1.05437085683918
0.814974841997782	0.764319308292306
-0.608698971127422	0.723767258786732
-0.418981746530971	0.725982859201429
-0.234745439929511	0.318430089412373
-0.561095121786501	0.582980834560219
-0.460443302934286	0.373143546705271
-0.137552792069882	0.145686607979504
-0.726871942618279	0.84781007604633
-0.305220712325482	0.346944181064084
0.329429544811083	0.257431235740152
-0.250331625062061	0.19786549761403
0.0354703800144863	0.0250702854296151
-1.3300927372376	1.19569175481376
-0.105557574444284	0.0799623527118659
-0.400616355944104	0.326206261409406
0.0255899400640222	0.0170225402205361
0.678730167743534	0.594370407843882
-0.155868767568973	0.0993952399046263
-0.234026674637509	0.162874682653603
-0.535693309183767	0.36148561525317
-0.358976800535643	0.235192140169578
-0.781400107077489	1.03909464269038
-0.252514238349064	0.200666602451816
0.102108622190594	0.110726531855323
-0.260343678177055	0.266100683849299
-0.21974918845242	0.240629754998196
-0.384030208038939	0.468009357648557
-0.130122427906532	0.154800474952737
-0.0600213847305382	0.0593238539648916
-0.832010897575233	1.23822830306172
-0.126075835504715	0.0827861345814173
-0.185901570567038	0.198939489376054
0.107253036256911	0.104613271958761
0.0684741312591435	0.0564414850189469
-0.116270075801414	0.100276834570172
-0.602565006643831	0.728711351393852
-0.0413074705520933	0.0337904995502478
-0.145476169222869	0.134008583725183
0.132964836881155	0.106213182722361
-0.392448747863833	0.378753027830158
-0.136830265180968	0.120253855319803
0.344586193300457	0.442396632491468
-0.0235944598389332	0.022068689461104
-0.596002276712767	0.72203469981097
-0.24061829323594	0.204544191405487
0.00231266117433238	0.00168770818667019
-0.893645676833258	1.26675265458357
-0.39293750028504	0.37322121989083
0.0347486566597736	0.0238252270137192
0.426113172290193	0.44922524448989
-0.0532809500842424	0.0511762878415003
-0.0580112359681032	0.0596474540369901
-0.209950588373879	0.249492204707727
0.344303458833169	0.456660888032768
-0.372129212845316	0.309496532041552
-0.0821271834436043	0.0560840570437893
0.171744735015612	0.165850391001063
-0.664688412798038	0.705512700774849
-0.375550371823956	0.366888057860359
-0.192997870694959	0.187609637934763
0.419542618252904	0.429698071374631
-0.0741328028579701	0.0583042141315016
-0.589033194457505	0.689522548089824
-0.180087533892361	0.191240099350561
0.0217072274079715	0.0176389828751778
-0.611904895452806	0.51834724753358
0.0345775652429143	0.0235548701340527
-0.493614235891575	0.438001735050142
-0.535276218586253	0.586186647711036
-0.0356310627395226	0.0286122585028959
0.646482999270397	0.771936409518807
-0.638022581267777	0.625087939815549
-0.837354912295718	1.02835551237065
-0.950988105665194	1.2787874487856
-1.29562131339638	1.8316914811285
-0.366960599091958	0.476195890020741
-0.901789501799176	1.22468748796969
-0.598747104797015	0.681963546642175
-0.456529105392473	0.371448083913463
0.270985979440645	0.279979695293637
0.421307087316946	0.433142147526199
-0.217148223807295	0.244682698104107
-0.648881530901691	0.936360525559811
-0.657426967377498	0.880161473015429
-0.0580692835884871	0.0474239840998858
-0.251452700690605	0.233833198460719
-0.264645716270433	0.253541916781941
-0.413868564868426	0.529757350165665
0.276890975945428	0.287537837960886
0.243534671988708	0.141266295072947
0.326974359878812	0.248855806363613
-0.237932543287686	0.232334644769616
-0.140490337815961	0.119609260707067
0.0712661565911001	0.0591229113302184
-0.0419246628228659	0.0340757082061
-0.346042180100274	0.419517382746224
0.139954966354328	0.116601376281221
-0.475695211191399	0.486351178179518
-0.0660561139468656	0.0521849492427411
-0.517529946938975	0.492108818666267
0.413171957519494	0.408770108620266
-0.239244945804898	0.207495395357124
0.404589250134037	0.402518669967916
-0.190438407348595	0.17791509540613
-0.253801123987049	0.234839006064746
-0.237655308175839	0.252138563394233
-0.0679792977631691	0.0592801624241769
-0.119282012100911	0.111029648758372
-0.733040228815681	0.864589128759992
-0.207908231521398	0.145480062572395
-0.336835468513768	0.354030647686574
-0.741253913748047	1.03106391008343
-0.139308961577857	0.116720902654571
-0.0248952903294776	0.0178348011155984
-0.248358990520277	0.186728685821839
0.343792506493172	0.346785086087825
-0.379724481491983	0.39109669961325
-0.105079371739348	0.0805755481144057
-0.065486212108536	0.0521832862441131
-0.0586391458372857	0.0409000855454844
-0.122151242833813	0.0912645628356816
-0.321613021456579	0.297285723394325
-0.321867518638835	0.302785787324456
0.617361964160245	0.512712220850758
0.548395055137573	0.56762308696686
-0.404874850964225	0.454857347300406
0.0269910575620942	0.0179548020720793
-0.523698906225334	0.401882934422533
-0.542126654391643	0.551152519465728
-0.629120918259832	0.572326611443181
-0.0974376085441258	0.0903927916365143
-0.841941755868062	0.980627857159385
-0.50835521304437	0.393993840829147
-0.367780599104166	0.334142895045073
-0.750972848955477	1.02808562068716
-0.302907107280769	0.258793074679764
-0.229895205444909	0.242216030285289
-0.562500174086227	0.516189862122842
-0.253797014541901	0.245730572319785
-0.0796660213824123	0.0778554223327852
-0.554535786293526	0.8742267429864
-0.29400638738848	0.254510430442533
0.455823056053193	0.465193567452192
-0.905862822211087	1.24584421273116
-0.594610639521272	0.793302312898782
0.0543526372575147	0.0567337786967376
-0.274551411329844	0.240548268587842
-0.335682926761571	0.275075938555998
-0.566706170301511	0.617430250823253
-0.256439049634638	0.204583759027746
-0.169584973482341	0.154422320339573
0.509533040878039	0.481832383880919
-0.213405035528238	0.188091654902632
0.116525850583799	0.150285030356091
0.20436079573783	0.223292586608117
-0.98725443286298	1.43177709242051
-0.793784869542196	1.06927347546664
-0.854159690053907	1.14640308890435
0.00556685797798357	0.00326723901842013
-1.05254357770181	1.01678932059649
-0.371183326483844	0.489203190275041
-0.778219299534151	0.620600920319269
-0.867291529680869	0.76820944591242
-0.196245190634845	0.193884473410625
0.211253102091072	0.1687903976234
-1.01392076899443	1.32397064680402
-0.840408915659365	1.04068820676472
-0.104845327578403	0.0747707486430575
-0.767324555682327	0.739964616629971
-0.850699363455833	0.910314333308508
-0.300514406772533	0.261440760996013
-0.464551213602634	0.485547712158979
-0.143155151187624	0.107359766130184
-0.142949904350555	0.12076838229584
-0.0164605414404744	0.0119241848806242
0.745041419345251	1.00556869717046
-0.0766380196212127	0.051530499007727
-0.361697187516583	0.228556386520605
-0.768241126809566	0.626755672211155
-1.19171159374514	1.54130408551637
-0.178723907768397	0.176986778108876
-0.237718732198071	0.22568014478232
-0.330800331131858	0.441106160626487
-0.352139256626712	0.393865187651473
-1.14883847740906	1.72779583899461
-0.686458479425655	1.06287447135167
-0.276327634395043	0.303048225742886
0.582121044032909	0.887868323044864
0.0278514661146738	0.0216506743809581
-1.06309024075358	1.2898958341599
-0.0824019363039346	0.0418039088573632
-0.412168661152224	0.296813118016678
-0.265917274658392	0.26881460936836
0.465654500143621	0.611491200695668
-0.250438974486968	0.299562566015483
-0.31735099262835	0.444357932450594
-0.560727191420169	1.03104007218881
-0.144227791254564	0.0884313784503833
-0.154030698551856	0.0976998060851003
-0.14509259990588	0.109958206630777
-0.128962976949235	0.182141927786116
-0.138010722654603	0.182240933423773
0.361363777958444	0.34829768409232
-0.231213514846823	0.131398168980544
0.0928829572526542	0.0538950982095031
-0.0563760007138909	0.0309924985133086
-1.16492247955418	0.809824647983897
-0.873086200904333	0.572123250260094
-0.264140262704958	0.143761451972906
-0.470501592695333	0.27427811354864
-0.0764051600843467	0.0663087557360589
-0.884551212310303	1.02021051680394
0.61247223000722	0.503828805815208
0.651972566208174	0.515283168116219
1.2978596408345	1.05407381212974
0.0156155767919279	0.00996693173219291
-0.35579361952123	0.290601534884361
0.212126890300945	0.145906163177052
-0.222532114936291	0.128846337180423
1.06871295337269	1.14183671415998
-0.684582810093022	0.560744108417276
0.422241836332007	0.237469352800278
-0.669557193785849	0.334301799414462
-0.751775712713001	0.544876760343341
-1.00424398360581	0.748057856724551
-1.55601101959335	0.848277791393154
-0.364881253539606	0.169639133069034
-0.675088747802765	0.934900996996185
-0.330191224341518	0.349874644452449
-0.393636148644955	0.581318199079569
-0.402002779192515	0.474826638396615
-0.171244349226528	0.247679445480446
-0.0654046320686577	0.0843781718430405
0.0901227236626775	0.115663899062122
-0.130732252221844	0.123977532119586
-0.0663577314127493	0.0658715109410876
0.0816206665438758	0.0348590425580261
-0.150266238642553	0.112540148371596
0.676373774482307	1.06354117785972
-0.244776901899715	0.432942477928818
-0.225270572110444	0.367106304016038
0.0867827212572464	0.0360088029373152
-0.260191444592293	0.142731261228095
0.461020120771448	0.353661217513301
0.482621978487884	0.260949618518139
-0.16983699694924	0.242412487672099
-0.25070435705022	0.464541058983644
-0.165225927735092	0.122269153395345
0.580931095749419	0.390308995272408
-0.204154939578389	0.0748079104255228
-1.39090764768472	0.868841768745103
-1.55111837617302	0.841915408482521
-1.0161322745052	0.631677665507099
-0.343511169001191	0.214835336259372
-0.86187879671491	0.474861841741838
-0.012135815891451	0.011307091784098
-0.429558367145126	0.471157802469853
0.0848491277835815	0.0474797954862905
0.0796777291718969	0.0371940355757193
0.646045318003424	0.500534947907496
-2.41092646967477	2.07196691965138
-0.477349913197266	0.343531694518837
-0.6863637861431	0.624635948999746
0.0821142744233417	0.040669091818322
-0.219552344448412	0.154554495141123
-0.0869511892642203	0.0446823869667168
0.0772471115866229	0.0288158855928037
-0.542778312008115	0.372958666093152
-0.310007646116677	0.158279245811845
-0.0419197806200445	0.0236873756645411
-0.945592951127235	0.965893532561094
-0.754345498444899	0.534750391270562
-0.192521279816948	0.116690687257534
-0.833285203406858	0.354797372237815
-1.03958316343186	0.544312522190088
-0.849285144243883	0.479482981899011
0.0835429355056079	0.0319595750382102
0.132969201311842	0.14756296041213
-0.0187556484810087	0.0178637626643954
-0.149785962740977	0.188499920410341
-0.13431186176793	0.249132265176093
-0.0916281650070001	0.136736730787528
-0.0653032214822947	0.10369584138389
-0.0226582816664465	0.0267289180155298
-0.304835613947923	0.322362571791524
-0.56226859919837	0.531762176791884
-0.0832962609664665	0.078934253759939
-1.5516996734188	0.571325966800664
-0.75594218547837	0.538008187757395
-0.180768541500955	0.106832307342659
-0.124466917382684	0.0564755549901326
-0.858114610271666	0.486760531276926
-0.29323053997813	0.331338584554696
0.539109171588784	0.269158407422387
-0.37363999772174	0.178090181575818
0.0838783108861946	0.0353240132977263
-0.469509860791771	0.617419874369967
-0.448372308188515	0.399498893098236
1.0243975994793	0.611152881611113
-0.283321094601656	0.0949223614428779
-2.1875687118205	1.69613405071866
-0.757318390519095	0.541063440689405
-1.74053084119378	1.05741913182326
-2.10650769801014	2.18446419857329
-0.193325223350048	0.119373168241799
-0.866642441073917	0.719234980829117
-0.664169815779032	0.494869733112207
-0.229792723274334	0.134188678737022
-0.473499907445572	0.168957603336274
0.229503049364762	0.139409011376856
-0.366091862445705	0.231211849073128
-1.86363716845473	0.79391576598913
-0.0877093901816857	0.0448901176005021
-0.454961597097599	0.200425914814435
-0.859424386826318	0.558404947200327
-0.492196092923636	0.262947421759018
-0.371392826804669	0.175456426623547
-1.12399703626543	0.905173194516121
-0.264500856198754	0.148665793203851
-0.277301771229429	0.0951277141110843
-0.674759585346416	0.340326225626512
-0.661336728003973	0.320719536100483
-0.548684955913336	0.85425466776627
-0.260179943875161	0.277443734256571
-0.215498485931792	0.283954372085733
-0.302038263053092	0.595098676076609
-0.170077450762478	0.306522836288067
-0.202054471517516	0.2564594872428
-0.762809271692639	1.20162391998488
-0.695397343859981	0.67186298230535
-1.02126269293906	0.650757438150134
-0.221771479034672	0.243077200699261
-0.358506008602625	0.235045919694326
-0.436861088069927	0.427903572248076
-0.264689505376211	0.26967607287543
-0.181828633245222	0.11061411230126
0.140190226366741	0.127593796732182
0.384078758791814	0.350041916840894
-0.777942900662459	0.743971034993111
0.105778458689041	0.0642713275999913
0.604561871535447	0.491399168855243
-0.600573027404276	0.484391106687838
0.000352074809184406	0.000196359377676977
-0.560673406328224	0.519431430123978
-0.266795225804969	0.230380351562972
-0.372748181437484	0.306212081821717
-0.86714776710463	0.818008202674026
-0.474150518744579	0.460893379213952
-0.221376959147263	0.157930137526582
-0.319914826297078	0.245471830110702
-0.167565523859973	0.124159928277599
-0.940927548467333	0.948178646829617
-2.51787547649951	2.36588741360603
-0.0538614701048316	0.0293974716290995
-0.370015823361886	0.265615454636995
-0.514937003850324	0.394164061059267
0.500266951285849	0.364142737164738
-0.868582044882817	0.676408358003131
-0.369318857815892	0.173787049249037
-0.58386657469587	0.445942083436738
-0.471699585348232	0.273067769680669
-0.67158284155604	0.212954186650248
-0.418717998185947	0.30728491162122
0.163272754479253	0.16173509681557
0.0140839456071671	0.0128661417794734
-0.676610833449446	0.93901106725715
-2.11498241343697	2.16957049410718
-0.874689258700737	0.684003082281006
-0.203970775554228	0.244925884206117
-0.368796811989124	0.411101289668362
-0.488428160212934	0.813275361542286
-0.314403738500573	0.402763749409137
-0.588811418879741	0.851463362146411
-0.843000999521092	0.934375104789667
-0.194162240206741	0.119274602561457
-0.189943774339522	0.222095193612943
-0.0463078316424963	0.0418790357610354
-0.157645494404178	0.0995535976237701
-0.789443441650431	0.919184726786298
-0.318098431187131	0.262284185924804
0.0130252131836064	0.0103477327057395
0.0171063317871125	0.0142354550080671
0.136519450026912	0.107706689715474
1.40299292603768	1.8696270373938
-0.585960624538097	0.454668712892047
-0.159449551575722	0.115425228054528
-0.230504976815146	0.184151278602229
-0.366075499087862	0.308500640335845
-0.112847574112282	0.104375194471959
-0.225804183033853	0.15669904889918
-0.771868054066492	0.801322058181439
-0.144189098619178	0.107360088001121
-0.160138562183151	0.132833728642578
-0.84038124407266	1.02973841851975
-0.19397869097512	0.118117451418214
0.282380362304359	0.260801735341502
1.02128128552272	1.50699694627492
-0.0651256139617939	0.0427118461573352
-0.0476451728915055	0.0338133241705196
-1.27991381965166	1.60420727835885
0.228670446054688	0.146980341282532
-0.766628723275228	0.621308499561692
-0.103974652425816	0.0808726991636295
-0.207118429587665	0.203207247006335
-0.257830550788605	0.285013115267245
-0.871879939274459	0.693456961508963
-0.575556297214072	0.536078065823961
-1.42982029094584	1.61948611872099
-0.471843921583462	0.316194991743437
-1.22496665789378	1.52413311909698
-0.958615540817503	0.85666385849068
-0.327350226647837	0.377372229926465
-0.475256113980384	0.610587346847962
-0.253271354668256	0.328373871360937
-0.930852826671148	1.51958199805898
-0.176501702881394	0.143378904768414
0.253449552346191	0.143444060490145
0.422718401936133	0.252283685545481
-0.913278139771855	1.05029271097837
-0.610608129209069	0.776214488637203
-0.492284773779449	0.440283636973387
0.0103550490511408	0.0104778651968617
-0.0540981740799391	0.0490448370798316
-0.387714079670063	0.518589278156266
-0.273389775761927	0.360751136343753
-0.0906647332906435	0.0870682094320203
0.0477734326178706	0.0338406982560271
-0.29035606897485	0.244743087771649
-0.314688590093921	0.417360200718907
0.383802754055453	0.43396409180528
0.225394417025388	0.176802411258293
-0.0660022015835544	0.0452274781340853
-0.767958313266341	0.692059213284496
0.257447218546644	0.264565187557423
0.042945031676066	0.0366503260198102
-0.0843574469107547	0.0438822628555966
0.339544386649722	0.261668203734471
-0.593046746102709	0.603021997682371
-0.128574987159047	0.0956792173573261
-0.4720442177628	0.338181320066145
0.346537261955073	0.336505593078941
0.139692285002432	0.110389583673378
0.593539065028063	0.601762110207567
-0.490801152206937	0.429656236778339
-0.5225557820436	0.408675723048306
-0.0149398613229865	0.0110539258340858
-1.15123424204757	1.31464520856373
0.319252215388023	0.264923470892959
0.118293895724184	0.0807962081295384
0.324989086731969	0.266442897743108
-0.189270039725889	0.13663639943191
-0.86561482290037	0.574798529146156
-0.0801648825362431	0.0422201858610534
0.37832698008584	0.2270891981481
-0.196954130865825	0.143198407945984
-0.663675959835197	0.503219051838354
-1.1322796459805	1.39306832962497
-0.415520545914533	0.30612071023223
-0.0728724122121683	0.0711736867591357
-0.101269363235492	0.0896933846148728
-0.641855033060429	0.76349207049861
0.0246072146704532	0.0155438388286787
-0.516684702361512	0.407371425800419
-0.54838345960656	0.7651326845309
-0.232246735254559	0.271785297848875
-0.36957899448021	0.364461965150845
-0.545902778740003	0.474666522513146
-0.100627749975788	0.0658996289027189
-0.160082529974198	0.0972278684365431
-0.573263429158903	0.982567654307243
0.2690805191031	0.272935221645091
-0.4680492265481	0.711600574530454
-0.40858603351595	0.613392929550984
-0.320019388981813	0.453561142211769
-0.212134430966364	0.248963951879634
-0.204675903758662	0.236628945336064
-0.179009395166931	0.174683407116153
-0.553079569028435	0.299600344692254
0.0817821613254603	0.0343542755967173
1.02945082389683	0.601926426426662
-0.0725213096775479	0.0645168922226841
0.583313254268459	0.591160546024139
-0.868341533323132	0.757664505946872
-0.353459511971544	0.220169829438922
1.18438476767984	0.773136390028499
1.38764081253935	0.847827361431717
-0.541652294075535	0.373695599703275
0.33539830116619	0.247514232137351
-0.0859962558417301	0.0572514723922113
-0.303484480299293	0.202887890748257
0.0853050847717076	0.0450477065890293
0.641186945643681	0.607948512777077
-0.00963306123975953	0.00573452883372561
-0.220623467499755	0.156313089341504
-0.036532771136502	0.0208658621432037
-0.0173712019069303	0.0102308068502372
0.706219435011812	0.726677543964501
-0.759447668012877	0.535906271848929
-0.309713447190362	0.158596386494032
-2.53185344752145	1.48803500826354
-1.41063763547612	1.05737285973187
0.621040921410795	0.290813070958169
-0.858636291565291	0.472886469000942
-0.280476409311887	0.375530618246832
-0.139647307747799	0.167703411333733
0.958888439377261	1.55343508329812
-0.472272283220801	0.39663549406886
-0.999862678305208	0.755505033224878
-0.406141051013815	0.249952858583206
-1.73518145475918	1.0470376782661
-0.648921620426095	0.968486126547649
-0.0572331822585447	0.0517111905072557
-0.323803583916976	0.670662747225467
-0.459048102717891	0.204213563611746
-1.33592376037565	0.643426082677713
0.472535280666466	0.169705163747628
-0.665134418819858	0.318342957142352
-0.846023011138915	0.453587449143756
-0.348545401051176	0.553398424163802
-0.169761676805228	0.17064097125704
0.160499038920136	0.176599138165675
0.248476186869599	0.388139623641344
-0.543905320853886	1.3076646675889
0.129708078568475	0.162879755991723
-0.223765507184306	0.233261819627276
-0.567468662622774	0.769802026077197
-0.514133062815415	0.838410382339565
-0.477768872863683	0.409986134554248
-0.164987637767122	0.0677233457745973
-0.0905605406538774	0.0993002397898996
-1.04439409555026	0.55181324666839
1.28746981528407	1.10340698350199
-0.41258153707299	0.252897802424455
-0.327720588738931	0.37196711922056
-0.227266184359525	0.202393738672485
-0.463784126059784	0.371042957164592
-0.831901025691653	0.388698435265152
-0.536634035618745	0.367313639877638
0.729063750916409	0.424059948076632
-0.659099137357793	0.502879082173893
0.790294537723486	0.545359828985959
-0.317280171471102	0.161973340329254
-0.76610342634193	0.618739521598759
-0.0827260009797437	0.042719602698555
-0.109670947226289	0.0523652362316133
-0.367297025732795	0.278432792805352
-0.46829105702804	0.329135944798309
0.477957495359198	0.37127436081722
-0.412149997443321	0.252081581609007
-0.86771359283799	0.773988994371168
0.393848671633619	0.242273798833885
-0.0559323885529981	0.0310599706315559
-0.0986914748662707	0.048411923865473
0.839704790378171	0.45623215537365
-0.373707484771531	0.180594011773067
-0.470042699131251	0.447180761112879
0.00946354501484317	0.010428619436517
-0.166794204658201	0.17626644782184
0.153877926914977	0.137526542511691
-0.262780861739359	0.183257255417789
-0.938679576876712	0.956251720008383
0.119774247595541	0.0883786932665203
-0.0317441771868374	0.0179551705236641
-0.415412561568582	0.299346287810967
-0.869003419500597	0.555534360424149
-1.01133256522241	0.632517158161137
-0.234494608596074	0.131593667103612
-0.162760612299736	0.0678653164942103
-0.207458780180266	0.0787691688619447
-0.879696257811669	0.624684425502903
-0.122915743573696	0.116413732802912
0.0361031789602952	0.0392171322711326
-0.00357702147805477	0.00503515110767002
-1.5556612236703	0.851215438188417
-1.16364660284969	0.361708993807529
-0.470121925417899	0.269924616341786
-0.375095271691542	0.17300693938527
-0.368049697740478	0.332424619869569
0.0630361648687902	0.0789263319821651
-1.12745508078102	1.42858693869261
-0.320317623561893	0.377187324136433
0.367259663720563	0.707231425325401
-0.080225623601532	0.120717517582011
0.301928869560423	0.446243343427558
0.152132904637639	0.164208323277092
0.0186243978734664	0.0186027484290511
-0.0206013894131492	0.0187267551769821
-0.154565776200038	0.0979840287338345
-0.257055645208332	0.347169364693116
-0.668235239292946	0.493826860652005
0.546626061858237	0.278457068083501
-0.195284369033941	0.117973506903376
-0.165353563317179	0.174875120839115
0.025396254784454	0.0215883208624378
-0.264286588269382	0.183349748931988
-0.19208932251212	0.115591732376993
0.884668933269169	0.57422782058069
-0.620861205137355	0.402962850738985
0.347198393395371	0.248450095181104
-0.360722278804049	0.224599936970365
-0.863224563427937	0.651563398675005
0.112098552931031	0.0728057360478147
0.0199070538989535	0.012642128936376
-0.515279107966254	0.402471509024474
-0.936189146171507	0.952897471886063
-0.193959935989984	0.11459819527782
-0.540721120582034	0.376585054154358
-0.0386738832574236	0.0219354370309897
-0.952596849594948	0.871095244202626
-0.476021644706217	0.33097596383936
-0.869921522224432	0.591270091859665
0.537089991522186	0.277797196905933
-1.33703637811218	0.625716408408238
-1.00270066188625	0.748936123858862
-2.05412084746004	1.45728183020936
-0.333691555576589	0.285345283075604
-0.868765442055688	0.738083354043613
0.139481597695867	0.107801843963737
-0.382898113250862	0.452485883169152
0.0571538712153667	0.0591979868091712
-0.058928729013882	0.0781802027570393
-0.254847964517559	0.371549347866386
0.400677764712434	0.524592286334369
-0.1550081751095	0.109585931401767
0.21752627757378	0.174140667324865
-0.567183323373595	0.53740111475649
-0.609408504652975	0.514821734344184
-0.0988390413108872	0.0481171665319293
-0.207144398073541	0.0790503962829672
-0.313505019801394	0.208873011381201
-1.01771324546303	0.647199894834135
-0.640017999463576	0.643392978259678
-0.229001868260775	0.134321801597405
-0.182489298430472	0.107527438481322
-0.225080127630106	0.126787433791729
-0.0454060403614485	0.0324182500403434
-0.423340411715947	0.250449935638427
0.323035025046714	0.262286433151529
-0.150005028791559	0.112489906568988
-1.43149158781869	1.43532835353764
0.0820041882616379	0.0409740622385801
1.03305214308148	0.734456426930503
-0.125710816162649	0.0559132771873119
1.17662399163865	0.737453561060893
-0.718235391395335	0.428645499044282
-0.86706553777853	0.552493573401914
-0.179550885588032	0.248007673153843
-0.0416591151014322	0.0350224965406508
-0.346312637007672	0.511667245335003
-0.419311938984565	1.10763753606123
-0.541853870606379	0.474890879982377
-1.67351125918805	1.30806140952484
-0.305393481170191	0.155800872708091
-1.02532421782773	0.62855924284721
-0.0948828977646918	0.0456255132329544
0.270513491371065	0.141966758504816
-0.546648507110433	0.712824790899365
0.240513504760517	0.136658792266339
0.292266329374177	0.142093710357149
-0.27136133294833	0.272875484842682
0.0842049143246702	0.0349960666283441
-0.117537613815941	0.162347973361021
-0.534647172425027	0.72230039011012
-0.102504631253748	0.100392551931047
0.193628747303166	0.290909999195199
-0.0731360153554408	0.11607064623812
0.400689780118719	0.670358622868297
-0.610319912396909	0.907982375087268
-0.516742960335072	0.786457940732148
-0.291168821445483	0.439991929530432
-0.355688487997003	0.22552905449265
0.00879189686044069	0.0086048423404388
-0.574357282505594	0.433213342183652
-1.43310391270872	1.37210178851098
-1.17082258372366	1.35565242501674
-1.08871499625559	0.989319060378281
-0.332905677310164	0.440291004554611
-0.694755937524749	0.911661477871766
-0.0882073532200019	0.059941724645632
0.328188823544426	0.262599545678809
-1.54632033768126	1.08917453826967
0.243534671988708	0.141266295072947
0.128243914295385	0.0971830562582557
-0.982531566345567	0.842712499831526
0.223471515718819	0.153359719958891
-1.01694352306211	1.3006226815557
-0.368856662362508	0.325011237894814
-1.97242740210951	2.4009503006447
-0.16038790144556	0.116044412932435
-0.108043784963288	0.0827284095749963
0.363919956552044	0.253120704634192
0.421146307951147	0.362202137407292
0.387030499614504	0.367165330528368
-0.316984242217267	0.162938341626762
-0.226035001550015	0.133996808218918
-0.75185811882772	0.52767865603921
-2.6169966170257	2.71108696158858
0.0817156068510931	0.0414206423786671
-0.162118769740659	0.066328145786485
-0.642074124960215	0.646526150210028
0.229038549848262	0.138001844667439
-0.607946849112263	0.510600620153389
0.221540341514128	0.20579166570186
-0.093593668057944	0.104209324164467
0.716317104688839	1.48622895295716
-0.632338931220364	1.14878423196373
-0.0313539256571815	0.0295305080706929
-0.239167705288975	0.208719802529438
-0.571608351497315	0.642394222641479
-0.0925474109737509	0.0594091603130935
0.441163013297502	0.349714865491097
-1.63570678075752	1.5760931142572
-0.531275850255975	0.351318857536682
-0.359320794038844	0.266118085056913
-0.770007576346104	0.743825084186544
-1.16190127279318	0.800718757394576
1.28499387078595	1.11610272431038
-0.225934011004426	0.131671600897773
-1.12036264194307	0.888779970471117
-0.429604543935393	0.437418232113054
-0.298640328167262	0.198020129389393
-0.304665849716436	0.20581653647518
-0.594923143316342	0.613656272751794
-0.612325790600181	0.520221582877299
-0.0433819021449835	0.025026319998906
-0.536752855975074	0.361937310790908
-0.267936753814018	0.146936390034772
-0.474249190903717	0.336773989263468
-1.54119861510857	1.11160223905667
-1.40350441274307	0.845917848981664
-0.139020412862362	0.150130649408922
-0.521074627967846	0.781781535690217
-0.987701958274322	0.819876853411633
-1.11833089192756	0.888990524814004
0.988437171883203	0.385675089722456
0.265057567071925	0.138948572553185
0.98904387042186	0.383308399765478
0.202967182719492	0.212923491932468
-0.980870521334957	0.809451226430695
-0.772650360071768	0.28161086287881
-0.447223280053101	0.37996487599034
0.089170492186348	0.0503886675295959
-0.560085635925374	1.11131397309393
-0.73280725140335	0.916635731395905
0.059801692077726	0.0552821908842933
-0.133685958828054	0.197126408516893
-0.0488404585328247	0.0679503325335309
-0.181435395283179	0.283240828908764
-0.422245538037291	0.520728712982272
-0.43488376658766	0.424970505787251
-1.05802709045506	1.28113874644821
0.555440219033902	0.799465111844029
-0.903414774070589	1.10787147131428
-0.84120093778698	1.02069044729441
0.40386471685848	0.357109410604633
-0.915715674853515	1.06541222847007
-0.216007830881503	0.238181642932375
0.346427569158732	0.35128839215915
-0.495185349264498	0.540396940029677
-0.01494869501733	0.0111120142311479
-0.0970817240921137	0.0647953146031918
0.217847404579678	0.177213801336493
0.0411609611813866	0.0293693883796185
0.315725848187973	0.343860216703744
0.0379637019483613	0.0327269811355253
-0.443578487516703	0.549818195507462
0.330883684814921	0.349384781382313
0.135021530458771	0.1064364507374
0.210062859936465	0.185600748978801
0.420744332735592	0.444893877653913
-0.14199535411607	0.121415469256212
0.0389745635236777	0.0276423967115925
-0.479838259744864	0.559684407531433
-0.273062461624256	0.231570039526015
0.0835332435188363	0.0449683967229023
-0.0734444015650987	0.049482227478573
-0.363269155866767	0.271326611229447
-1.94303033232771	2.73073609853997
-0.705348637507308	0.685815836736387
-1.27758331631224	1.98938117089221
-0.699554210463766	0.686487679982549
0.0817929399016831	0.0700297763346759
-0.28669821133695	0.266742327653931
-0.175576399317973	0.176227903517496
-0.386633201249773	0.569224847444064
-0.225023701669255	0.208719686321961
-0.653525373564158	0.810053875937503
0.047376811182657	0.031967835127123
0.220159902498547	0.186538664752031
-0.338118473098439	0.307912564998813
-0.103088021244552	0.0796697795035724
-0.291976913463732	0.249656834786888
0.219636438149496	0.180482691721438
-0.529306384386531	0.64489530648399
0.135114694787539	0.117997697067908
0.0309194550216929	0.0252561395573649
0.306325781048454	0.26688670020047
-1.41580036627477	2.01568758782794
-0.289253155288692	0.274260717844244
-0.168678333460674	0.121404980815649
-0.338894724316968	0.334793933212885
-0.0408740592695475	0.0228921579249171
-0.506733458554535	0.397052440210364
0.0530481632683255	0.0468237139677885
-0.804197283545289	1.14429670944197
-0.747750183419214	1.43788414411856
-0.965434202129724	0.891843915054588
1.11057505221149	1.5683689018298
-0.264136763825967	0.184536973912345
-0.400799717425163	0.390704735020861
0.152057651893123	0.120128277895794
0.580421795376515	0.48704244555301
-0.0467369841573132	0.0331604732862826
-0.0527255382699771	0.0375065257400078
-0.347167986530494	0.439618655187451
0.391198959476875	0.443319144589355
0.0539681616282109	0.0480195965282781
-0.58538592305266	0.952260356905386
0.0469639233145584	0.0473085312106708
0.373470648668494	0.586869473177034
-0.116405097347688	0.127658658523756
-0.28135615583494	0.305556351197065
-0.375709890982717	0.747885320503493
-0.93781858833647	0.954060587960308
0.0709823351777324	0.0517621327408602
-0.668947613829225	1.3372930120342
-0.243378521827459	0.384392418813029
-0.141437869019625	0.164472221027772
-0.473670974267855	0.456888959696293
-0.0764811483421643	0.0606286491954873
-0.0653725124529589	0.0526448951534401
-0.51292140589485	0.873344110600004
0.53080057362616	0.708249535695347
0.0794925161626577	0.0700417743282653
-0.255093569309041	0.20084052683951
0.369549758310175	0.350565935791789
-0.362112730599518	0.298202383651636
0.232022585440481	0.170864091211399
-0.135729875573956	0.112222295620604
0.512817108453112	0.542542696505998
0.206320454853611	0.199936207648222
-0.348126261713344	0.350131793548369
-0.0641160510460615	0.0561907363550266
-0.066889300087635	0.0523029299599635
-0.356040928112332	0.382040327910526
0.61751227639759	0.681027186203895
-0.0826030426511363	0.0638566889713315
-0.179170891708926	0.165306298528443
-0.627479727317609	0.717528474060492
0.0371660911773421	0.0248041847741
0.526766662314713	0.487829988728471
-0.845912438639027	0.926628887879894
-0.254427744632981	0.134056703712746
-0.119972766510556	0.1037993652009
0.940422671584809	1.24873466472889
0.0723985686393796	0.0575215858402989
-0.0378970688181233	0.0262271438738446
0.0572807541246147	0.0504224858147123
-0.548515344170237	0.865721019234464
-0.533794946075016	1.00935472678937
-0.685497318939479	1.37761316998275
-0.329999472748458	0.389997930481822
0.368698370819492	0.359885817119178
-0.352301475931225	0.400127731763388
0.0723619104078134	0.0570609875282658
0.124737795301289	0.0962090559714758
0.023200592121271	0.0187629090486079
0.099617089674957	0.0605264496910103
-0.457660253363723	0.498189985743572
-0.120999819590916	0.0775316275347963
-0.496566354361123	0.507007660921028
-0.16300258286996	0.120056027160376
-0.191472828230372	0.186077091731522
-0.222335676804594	0.213261922666451
-0.288932094951317	0.290766579927797
0.350138061408941	0.356752934617226
-0.21827220829805	0.171577974905542
1.16434514066506	1.43953033947402
-0.367572867733757	0.305061183225107
-0.0332562515958575	0.0241571563197529
-1.00631348929071	0.739164969179465
-0.538265201869236	0.930580492560041
-0.00851767831500363	0.00857429514363765
-0.264746775551542	0.364767576817788
-0.898178366028582	2.41828349349416
-0.907513367469977	1.04640586754735
-0.242429063027131	0.203337112751783
0.105057779795063	0.107681928379249
0.311503457244138	0.260205465034335
-0.772706856278134	0.623452593352224
-0.298578262281624	0.36106680733542
-0.842642783590435	0.909224650325241
-0.384242838722995	0.634294583867749
-0.257564004749823	0.308856936332154
-0.53572855488837	0.81020225536993
-0.336729043571234	0.655317683238107
-0.188759933169819	0.300284081879522
-0.337824515357096	0.582393711077983
-0.296617734415783	0.355989711931665
-0.88836746100226	1.55197194691131
-0.189683845072724	0.357898217764063
-0.0502326266166533	0.0725312703417183
-0.16860319760651	0.220117781111232
-0.0986526890397385	0.0859547669987419
0.281546361666325	0.266643139029977
0.0855004135489005	0.0704832060586349
-1.26618057990468	2.21240708616726
-0.332909054473549	0.630577649040767
-0.684227705855975	0.838294078436378
-0.745718305044769	1.02881600623823
-0.327363380421555	0.637315835915419
-0.293445027781035	0.475029648695017
-0.173723122869309	0.157157691110397
-0.427337644926485	0.498197038127788
-0.642174250451875	0.756992850720596
-0.64939345558281	1.47218548146632
-0.448199883271951	0.691823661637534
-0.28340315919712	0.305261012403882
-0.694712326719041	0.815592367965959
-0.29285938572299	0.271541784910788
-0.0458682317426183	0.0377594012919507
-0.292192986115894	0.316728901654904
-0.243733088687178	0.24867077463718
-0.314536027221966	0.35792711623401
-0.401935358668089	0.587838068441866
-0.64292398370802	0.795892680242199
-0.636072900263597	1.04715904986068
-0.241075572693715	0.316699305197116
-0.991752187337172	1.75356540617757
-0.173245579583873	0.171139954229487
-0.126778130296958	0.121162652609794
-0.484180453516148	0.638377138224833
0.38968360836432	0.362051692582212
0.141611933288073	0.110216436351625
-0.0453193258667355	0.0321058240718815
-0.207116886857893	0.20187337317343
-0.160358914030519	0.135155480704745
-0.303803194885898	0.283002845591683
-0.549096011590866	0.620820207207638
0.315909545206961	0.358004008934863
-0.433859832224819	0.558273516436121
0.397449219860521	0.497099782108387
0.355347709864189	0.617698369132601
-0.210447490220368	0.277654195454311
0.0365592897642201	0.0424260733448876
0.264098718625628	0.332486969450487
0.14529860858509	0.132280169999898
-1.07375075316923	1.95452392551726
-0.236377112253526	0.288148005918072
-0.068356808916369	0.0613990551300791
-0.438522392298818	0.446982826719737
-0.632034624847811	0.756854296803189
-0.795066005322088	1.05390308557082
-0.416594117414519	0.396751846499163
-0.892481584137348	1.22884933817705
0.228139770854169	0.229019974901646
-1.35556427019339	1.96905390734179
-0.0878433259962501	0.0764115994365885
-0.874512472497119	1.3403274338693
-0.863979244109702	1.3332140428368
-0.523255309615096	0.814514564465983
0.0218875966831696	0.0195567977580973
-0.460787961001959	0.496312750213327
-1.14877029313279	1.77304813375686
-0.0818669507993384	0.0651574803097422
-1.13727527104119	1.40379222325838
-0.269129580120967	0.236234326544895
-0.360611253515383	0.32825293180637
-0.381009213205697	0.342105159065765
-0.372336643723233	0.713458617662033
0.23466720234569	0.312314464899644
-0.255195354595618	0.367827893812937
-0.229413025163079	0.4592665152743
0.0397445272850949	0.0533998987680857
-1.01899602506222	1.88985868516123
-0.903648624838078	1.14956487502632
-0.344975762387986	0.315350015648875
0.057753911067404	0.0442288547605348
0.207417642099737	0.180885128659782
-0.445828170901283	0.683203986112297
-0.425443952593596	0.503666156158656
-0.248628679145881	0.217787938036485
0.0654978190147419	0.0745171133232127
-1.19689201563411	2.24212958218651
-0.307029886250189	0.577563929951853
-0.383881912766949	0.61601915679162
-0.628904123110552	1.22794486367134
-0.539724096380781	1.11569776788593
-0.319528422071095	0.528541280742551
-0.390541712616584	0.499468946154358
-0.272401473583923	0.272772194425146
-0.209746424401648	0.297619180143017
-0.257706823212408	0.39660267887253
-0.171143914376731	0.227351764135837
-0.105658866227626	0.128734931316457
0.000937561000877117	0.000852671186648998
-0.710892750501142	1.87923191360904
-0.0222891153214363	0.020523543777199
-0.255742184092584	0.351155873768292
-0.177038652243254	0.264023755765205
-0.0425719794087461	0.0542676754100614
-0.189311569488643	0.244931316706408
-0.0481940445651185	0.0585347527888916
-0.744651858655666	1.05364097617895
-0.35126775662954	0.605040585513784
-0.4608397166622	0.775689147737462
-0.0782385033823825	0.106945219318576
-0.100918562771472	0.122155764910756
-0.207196926888068	0.328214985453077
-0.553945201444654	1.09108471014426
-0.0476030522945282	0.0557504572154714
-0.350272172160584	0.520842754248745
-0.166941647945507	0.212558795278858
0.424551822103983	0.812305039878396
-0.116170370576397	0.132256174343285
-0.385997117199429	0.594828387937506
0.147526489551053	0.154904898535163
-0.277969993076466	0.372898486149022
-0.814767771108002	1.39453118951161
0.568866368888223	0.937707537452362
-0.251993941981489	0.307206294849338
-0.0081053680656512	0.0075809632467108
-0.262271614624266	0.304311194888893
0.432452787848389	0.444058755090611
-0.143069968208607	0.120829916722381
-2.02986904639783	3.71490796299844
-0.705668305874772	0.687273765348359
0.372536801191015	0.354531474020703
-0.194524747209784	0.17260730990671
-0.467428097044882	0.646203740438915
0.0814563401275536	0.0847822631047535
-0.357340097796065	0.499689030622203
-0.187100927403606	0.261315536403027
0.787306876897182	1.50256702478164
-0.0363036505719509	0.0417725925117101
-0.116371883276947	0.146465935756481
0.0965478972975138	0.116461171980622
-0.418206062658676	0.712216602090723
-0.366431090314047	0.657225356793529
-0.556289252015946	1.23403929150632
-0.579577345471205	1.36252713541998
-0.243590621710182	0.339832318784738
-0.356055410375206	0.484598381196984
-0.352284544630552	0.568511956251925
0.231888282531773	0.336088149319945
0.450345914052558	0.743167588724202
-0.762145091611641	1.71446381018005
-0.362959084213485	0.595436815779483
-0.406930282498286	0.680369420095348
-1.01982848135231	2.05612518464526
0.316112548774176	0.332459148177585
0.213340021005678	0.178351154892557
0.0874939119588295	0.043412305879684
-0.998845528168317	0.961161969127542
-0.303458738783212	0.367928999932782
-0.322897940534645	0.460292686486182
-0.54109436730528	0.903901845525007
-0.0603053713014618	0.0714685334434034
-0.281575579922245	0.39606433693782
0.00446588100081606	0.00439676361646405
-0.0340039221278528	0.038222845243327
-0.692443879662534	1.6188205721386
-0.443052850961487	0.682928512511081
-0.321654251349254	0.502063359488131
-0.175832867245313	0.159802573825501
-0.556395397250669	0.890066480358789
-0.135799505738072	0.138830750749532
0.541899428256016	0.55378383223898
-0.358625497518134	0.23226877217678
-0.281497798586539	0.499087800817318
-0.431013648711167	0.567577204285113
-0.500297384182654	1.03800888744675
0.00917430645443615	0.0100703036790522
-0.0966215288036502	0.121822351834175
-0.32202621663509	0.392414283982786
-0.51574928283806	0.960813459826329
-0.22009895055848	0.260857380189259
-0.287468898674592	0.387039972310202
-0.695299078447935	1.7842881279046
-0.225196825617279	0.295267104827465
-0.145846871448264	0.134155618485502
-0.668045811570626	1.12173740820055
-0.430838563024031	0.682313922633183
-0.155040137734787	0.186485126771962
0.0716855350549133	0.0792075089675731
-0.434139166348667	0.782316725341302
-0.0750913043181011	0.094480212555114
-0.195157587318243	0.301599220635714
-0.444217903752597	0.777044690490935
-0.137030464119551	0.172895892816187
0.184660524006952	0.246664448137639
0.189157278782002	0.288882584967845
-0.157909714018794	0.199030837805195
-0.235268027095272	0.287898230389094
-0.348570986833529	0.423664435860836
-0.157080736558737	0.168560149547389
-0.249212058946332	0.310516942200894
0.0603332315596245	0.0609017424037546
0.0965200971554935	0.107007305345057
-0.320073484773992	0.411042449938463
-0.4509151754514	0.495489413912867
-0.172000903773677	0.158504903022959
0.50655543979327	0.554667152522758
-0.0574381109742987	0.0394953071971016
0.219205885911427	0.151000791236225
0.324544105609898	0.258564249605941
0.226225214275474	0.186572114823021
-0.000122479607502587	0.000106744094520399
-0.254412078666846	0.236773823989998
0.442838450093139	0.707396956238666
0.313947375297546	0.452302999416817
0.0389113969194868	0.0446803851425407
0.394999060931562	0.668909384021867
0.0600301744231534	0.0659960605828546
-0.450247321608221	0.773741730901735
-0.270139086083118	0.441361433655449
-0.3254351280994	0.531976927014834
-0.381035266512359	0.6095231898253
-0.286783477853315	0.45163594564159
-0.642072625040261	1.22574430332653
-0.555860513283023	1.14147325132081
-0.33769713733094	0.517324641480693
-0.607176063465271	1.37988549623138
0.0368161260357751	0.0357206770518853
0.373493933760779	0.428503363165528
-0.221376959147263	0.157930137526582
0.230217764455718	0.13835375975407
-0.98029741143198	0.835344153284734
-0.479755676584438	0.338984663764482
-0.176119814578849	0.184780757884969
-0.0780254026538375	0.0829438766765881
-0.391628667065489	0.675237075689805
-0.38109283302364	0.552119760782944
0.0602460330323717	0.0701461866711072
0.327767592925791	0.538448209732834
-0.145781055544	0.132775158523416
-0.488342453102783	0.757192386716562
0.428997496296634	0.727335977071007
-0.49102517073341	0.948727419042609
-0.278862704371552	0.387268412686209
0.1345640381726	0.105537143278502
-0.711273546655423	0.997072556891416
0.377381946436789	0.431844244869368
-0.0926442448726065	0.0727329896103762
0.0824599611912305	0.0436690529133179
-0.411778491228946	0.367885480991491
-0.204686699880411	0.248210731051156
-0.33352500345222	0.45301314972378
-0.20894420103026	0.345558039542541
-0.54123209999354	0.836574841074478
-0.234131398077957	0.410981761819127
-0.109136165203988	0.127173116044126
-0.276140273100605	0.505962849446623
0.253104233492853	0.322144727412003
-0.472792601175309	0.706471423491317
-0.488009451945919	0.627696018070025
-0.407298319234943	0.534259644259891
-0.423960114223683	0.594890452111991
0.219690568710451	0.286215587625609
0.0178495516365316	0.0197490384673586
-0.200967541751486	0.276349350237939
0.276511192567822	0.402224486395013
-0.548241540844983	0.98528648949058
-0.245802941464535	0.304613309308935
-0.0859221680102175	0.107525592245535
-0.0941322206445066	0.0972524195344171
1.06061298379084	2.04881074166973
-0.441871049321424	0.60641386967307
-0.555357347986508	0.80504748810489
0.240054494688454	0.241423587917589
-0.133149640775519	0.13547831938832
-0.0520607914115483	0.0513703017289755
-0.817843097960407	1.61092602537099
0.752137748684378	1.36571071234869
0.30382916928729	0.382866334166718
-0.263309992609079	0.359621232279069
-0.43185674564386	0.80288296558043
-0.65531463908865	1.20755758536133
-0.641751259039906	0.884795228866208
-0.298264670248949	0.297343918886863
-0.364115785354604	0.503000046069489
-0.00392454680191499	0.00403842948500973
-0.06128580659215	0.0650818588835008
0.29773926416195	0.435235965178363
-0.538286167554715	0.806643397218501
-0.494938379773398	0.843222152015215
0.192039120749319	0.223266857187371
0.0641023847132034	0.0681830292014834
-0.967926395440208	1.93351725903565
-0.22602692563698	0.295068296966941
-0.675292057197539	1.26012178030696
-0.459227140836017	0.678542908855417
-0.68335864740206	1.1642566534101
-0.398383682626582	0.728933205298185
-0.154016861207137	0.196122674281719
-0.792464484433135	1.22836045630034
-0.251391731325546	0.312846589398596
0.0301616148622703	0.0294272960675478
-0.213619888590301	0.22467404541285
-0.722393515137581	1.13036217614567
-0.226507816428221	0.261466453516878
0.327213488146642	0.426541270256851
0.0818081562816697	0.089982468943619
-0.0553822256827417	0.0732194336827977
-0.0767392598414199	0.0907752790732081
0.293030269174441	0.441472541502842
-0.0241724151661794	0.0270233950654094
0.554064235225465	1.19610145776333
-0.22932025940751	0.312128152961019
-0.168322585493162	0.185445938573985
0.030439447786057	0.0305670858595826
-0.760396402669513	1.1721312530902
-0.415227067465089	0.545152390803349
-0.790101743712049	1.28119505637476
-0.38525139909361	0.69488012589657
-0.0252637528452966	0.0276579830431205
0.0808192700919461	0.0832847694296259
0.104366197953379	0.161121542944877
0.0641748958870465	0.0703050335316722
-0.352138771825754	0.66853596059352
-0.215129596260278	0.282657711714534
-0.254183095844717	0.334523099106242
-0.394343804692067	0.682623062419692
-0.430263997159645	0.701061632973483
0.0870656500114266	0.111869708652558
-0.265228890556689	0.384158542922934
-0.555340094755484	1.35912734842247
-0.476835784233864	0.690777748351561
-0.24630172790803	0.415243902769052
-0.114143543423038	0.186026082281204
-0.507767319102897	0.907384473189756
-0.589946887225681	0.880603935716572
-0.281420568210517	0.454816686227893
-0.269991711571947	0.409649883479301
-0.443505405978666	0.846105115353748
-0.447429760416961	0.930839040060011
-0.32482077754781	0.605495218949777
-0.44656453195294	0.912717253500475
-0.372839990206681	0.619985643111252
-0.234056339660573	0.348730562678163
-0.380383617469135	0.63428155118129
-0.171952193853973	0.218843554569234
0.0929185871366867	0.107281330529981
0.122739548259551	0.134283389410472
0.0559906594380579	0.0630732622755664
-0.533622060573169	0.838483402400071
-0.31035019864023	0.487740217561865
-0.313339235194046	0.367261055972281
0.257884180866959	0.287290065163162
-0.299414065343541	0.304441399306362
0.139183211184671	0.101459266778891
-0.225221257276204	0.181765588167235
-0.0237639751935221	0.0137111928938239
-0.379532942326492	0.370034047539649
0.32267148279633	0.33384747497805
-0.637805467229895	0.894063443403776
-0.0941484644840678	0.0984705007831288
-0.328574213684212	0.467093537934518
-0.499980720905389	0.911004872291598
0.666546454046354	1.16169610653314
-0.323236804764056	0.534396636703617
0.205373891385773	0.312247742552039
-0.463493602214526	0.781545313686945
-0.506735009671306	0.935030797887157
-0.282041163311957	0.453900631681963
-0.211061613135709	0.279217371385071
0.0738898931342975	0.0969835209900473
-0.516711935964396	1.0134116551515
-0.228768401511291	0.316593093381002
-0.0392266176393292	0.0500090528739439
-0.799694485261992	2.05700551711087
-0.244789779536216	0.339360118427373
-0.271330070478545	0.360354276901088
-0.310558831010604	0.454447926995786
-0.13119382672746	0.182374834980979
0.204335135270705	0.299023695690226
-0.25592094103469	0.40044767963102
-0.412438879576882	0.751982594356414
0.118959938373241	0.169346653806748
-0.624178816423132	1.28233618837531
-0.525275229075551	0.978327438888283
-0.17300634109495	0.165241956055365
-0.0713274177509542	0.056485248739024
0.216045736590081	0.189540825035874
-0.447000546177364	0.391831307046359
-0.645297819918482	0.632776880491248
-0.135641140543965	0.154895236228257
-0.350672149450961	0.538784543974589
-0.0279814667270835	0.0312937899930089
-0.39171111384131	0.643286368323811
-0.208947808428989	0.281140665373883
-0.381418613357664	0.632079017369985
0.095202329223533	0.110404994472185
0.159782055769215	0.21179432498615
-0.357512763627805	0.625353251468721
0.0441966134655506	0.0488720375884219
-0.392929685673126	0.772817320995889
-1.32531214922497	2.34116256237722
-0.57665227382662	0.969081037024752
-0.410867247209437	0.573816741353568
-0.900183368882716	1.09586013568516
-0.574117609888098	0.604713082262045
-0.704600460864022	1.74494560009486
-0.503284207680312	1.03183900362435
-0.390637038980088	0.804662307530353
-0.253942962478059	0.463554538171086
-0.10002741531826	0.158191966854516
-0.402151686376136	0.847935635122966
-0.531932089912062	1.38368114106347
-0.393002227421053	0.607885170807312
-0.370349148706468	0.648580721655543
-0.426978257639524	0.767899886881865
-0.183619150920699	0.251622320856817
-0.139723164946184	0.169704655465877
-0.288893616717823	0.40046178366645
0.16860009694712	0.223456760345547
-0.187376237586979	0.245469695099588
-0.148285843320503	0.192805677618625
-0.578620892509139	1.10312856513548
0.0157817304193352	0.0159204109488316
-0.0136542791659544	0.0113308694048909
0.0169644124289578	0.0132417169908155
0.0438556772789432	0.0313031359689163
0.592574742386844	0.601203894753956
0.131226319993679	0.0960404005269139
0.133329981837123	0.105907423476492
0.0903691827044862	0.0809445853692298
0.653350713188014	0.83477508224312
0.113109222934262	0.118650145396753
-0.22046178911192	0.282634087722348
-0.154211441529203	0.19555655813544
-0.149177340170892	0.189591977564434
-0.322477392624656	0.546258007650399
-0.173164145885187	0.238039616796535
0.255734275413712	0.414199393553156
-0.274270931364717	0.448258401345263
-0.13591761844262	0.187932001345084
-0.376697620052899	0.735090680071652
-0.305639679085282	0.487080747914104
-0.38936826195605	0.650804332996465
0.090183355504395	0.112570274584373
-0.407358429724778	0.70228265368964
-0.20787343985902	0.297489571431893
-0.175585080854227	0.216790000023905
-0.1509012835862	0.211318439076602
-0.291420340177338	0.489347917795955
-0.538061304589883	1.02510513018683
-0.133956978086578	0.198434160717272
-0.330120691524513	0.593859278095624
0.0257072581492327	0.0317545354412708
-0.390284602323093	0.44022732247393
0.261258664944168	0.259528369984297
0.228032401462216	0.170409752265701
0.382036557571989	0.156497220770852
-0.577639542721674	0.443139229108877
-0.333361648756325	0.480427705805797
-0.580354980051005	1.16283537173685
-0.352598334743554	0.623976061380246
-0.55564252839047	0.987661898126435
-0.45418978879805	0.940095523231047
-0.320025600737408	0.568075884471598
0.251523811954227	0.303816781121363
-0.401146214537397	0.714794340119369
-0.0570828765072344	0.0719156445728834
-0.510674534163264	0.864506141693436
-0.558596318609076	1.173335403149
0.133793019822622	0.101783922154198
-0.795222576299861	1.15689945107868
-0.712275461339573	1.07751375551708
-0.172150829946755	0.240028126907065
-0.203419116800581	0.312746722190901
-0.145624240369126	0.136178333192135
-0.448217457343014	0.587384125388053
-0.521134505859799	1.10668148531487
-0.461393635498434	0.937867339889615
-0.536109938971482	1.2511107722846
-0.629533565715661	1.43191842350411
-0.800707261052984	1.7633046764743
-0.574505739092122	1.01273965597193
-0.188370678062441	0.223886316573825
0.244490200527744	0.307182633811858
-0.112134759977757	0.124564371385167
-0.468086564632115	0.796865163908126
-0.153029454730558	0.183977732528936
0.550798103499334	0.803975009949518
-0.456624272623379	0.577213438148356
-0.697657210561933	0.845193726092904
0.302324432803321	0.25295112100435
0.642446354159147	0.606873702619051
0.325039248602503	0.270665731541835
0.407393553248755	0.342759595462977
0.271538978824353	0.275342443745366
0.196285294256473	0.223751345096968
0.507258600251212	0.768935979352987
-0.0763056480055132	0.0904263189721141
-0.451916070332822	0.853643391709805
-0.0332911210934837	0.035450691718635
-0.166317813644633	0.250534240677828
0.35279133613422	0.610723469593553
0.0470287172456103	0.0560730281418429
-0.176417994694492	0.246968911174587
-0.0399324101221258	0.0526214018991379
-0.294419216688829	0.454367380257151
-0.397506387028331	0.688983531956767
0.33921345720523	0.531710692719441
0.128985464772074	0.165891006529385
-0.310562682565372	0.472281278774007
-0.339564152491365	0.476038634936858
-0.401370610042824	0.770616163208315
-0.312879730786331	0.535268949376029
-0.311339840171609	0.488974616279538
-0.053051709293821	0.0725203695513334
-0.418483941643884	0.811868822240637
0.0666486054993028	0.0836557742848311
-0.219785399865764	0.197691809619832
0.282426817199376	0.22131221548246
0.626039168522215	0.761772674053017
-1.20830558648264	1.32425171163656
-0.589230976083298	0.581593527289036
-0.33726854556787	0.471472256866561
-0.315578052492491	0.451886787847987
-0.27523956937294	0.373486518854347
-0.0741937388614694	0.0911900741217488
-0.169326739215483	0.217627610189393
-0.222594617922438	0.345965282796435
-0.176055988610331	0.196544793383695
-0.0506227532334543	0.0511880022208109
-0.138959141335841	0.191161339115928
-0.0246627351620215	0.0227638617080859
-0.071225310009798	0.0819815319448636
-0.321173717058463	0.248814928905359
-0.439290938863935	0.537828372870665
-0.275276003880549	0.267099099004094
-0.106543454534668	0.134143919855387
-0.38070474544444	0.723572392988141
-0.368959090313214	0.689355987847191
-0.429766528810749	0.8080294282485
0.207156083962977	0.19742175859211
0.287033042770617	0.266882088326249
0.808346395042097	1.94774736930754
-0.409790695509738	0.756787211103895
-0.583206663284461	1.16760580344378
-0.263145697528772	0.375717136587739
-0.104577558146988	0.118743936810981
-0.206716045011065	0.264571651443722
-0.287688274051591	0.349887924940627
0.127133999236283	0.154590926623175
0.0619408119592611	0.0669510346607697
-0.103793072741142	0.121319491250687
-0.068011975304834	0.0742550975316368
-0.136023165340941	0.14817697833313
-0.602722140178802	0.730470163078869
0.431346590520857	0.356655651896887
-0.401947682929406	0.329948082904194
-0.187386787275185	0.134034148570865
-0.331095525189139	0.283748674101377
-0.261601712635791	0.246584107769365
-0.979125905528484	1.20164182649945
-0.450576309831191	0.509708544367882
-0.137214036420535	0.154187301312513
0.251109802966292	0.320520973518208
0.260564546408397	0.345488852752621
-0.656539451488399	1.20451913681055
-0.159736286941499	0.215550431963346
-0.398945078790691	0.634194908310485
0.0939471181415957	0.120961784724047
-0.354980483675499	0.596587144036817
-0.197528656574272	0.320840066545791
-0.0204716660800401	0.0236701344689625
0.1932191752025	0.271685824710765
-0.407231255065248	0.550072382907535
-0.434779527398589	0.712191345094294
-0.0798010918500831	0.0969060649699922
-0.408403099752629	0.708641800565902
-0.290464520508581	0.443030507915278
-0.385687876188819	0.66728450095539
0.349557049729789	0.564327599130723
0.0905622467226071	0.109353953127051
0.0422522284665903	0.0399561200365802
-1.01083594181425	1.06921248651209
-0.359554842535017	0.301900395912057
-0.236068719595786	0.132053650232671
-0.946330610738088	0.943987508196236
-0.784771946185409	1.4544183955328
-0.303924952168506	0.409017284417065
0.0686158897374136	0.0767710555234456
-0.0195691392717421	0.0222097999568908
-0.233419477084276	0.31624389645906
-0.457629234750906	0.776390300298425
-0.0151699434962904	0.0125654453635258
-0.13843298393667	0.141205135574403
-0.188394755379507	0.259290496746265
0.612966362776904	1.0549466386765
0.366409115997576	0.551762136603838
-0.22690933444132	0.201839466204429
-0.255495094871381	0.235432813040917
-0.837511870409585	1.34289391399044
-0.412515016662276	0.304320885182135
-0.213832341481624	0.265447192862124
-0.373052670624585	0.575948911304528
-0.197517103153492	0.235200282658858
-0.252706847617259	0.338884953232881
-0.256499840145538	0.357436341371542
-0.0752330489602852	0.0833469531825718
-0.607731868073548	1.21888363075055
-0.804849353479196	1.79216819824459
-0.0118587775370686	0.00860366107958697
0.38036776754986	0.332097074072402
-0.136846039943488	0.158475837641708
-0.749681538297752	1.60853997051764
-0.42814192421716	0.731068506580372
-0.288572628555397	0.393030296005936
-0.342339237939314	0.432071781591759
-0.588817861152272	1.00423162912308
0.337220768109073	0.428266051786076
-0.421287567818985	0.581660090530003
-0.266688153613913	0.316393165084514
-0.365792814817106	0.483325269749735
-0.384109957704645	0.403879601772151
-0.296978133183902	0.256927804103354
-0.468673634517816	0.698187925234547
0.539237296443405	0.646001926190014
-0.0582277360795293	0.0533965295202876
-0.595627421093854	0.707721802197912
-0.636278456523182	0.757002454642727
-0.441295885668384	0.432266710230226
-0.763581534423657	0.61317024035268
0.222929633020672	0.175993071920526
0.777264611728947	0.875070631330114
0.382554882443874	0.44085189210878
0.673548206656106	0.982400120315906
-0.610689773592287	0.770172698744404
-0.196992629784809	0.240819807833505
0.0606209113709924	0.058632849683306
-0.734628412204116	1.3840447152494
-0.721209619614213	1.11832597860458
-0.238019045348277	0.279590073651796
-0.398403061808786	0.546844234313267
-0.556158329076504	0.924554860914636
-0.384264755418667	0.591370753569771
-0.432804267153487	0.515486269191199
0.24596128694654	0.300586096295534
0.124858751703228	0.138437961594316
-0.186236341221586	0.238585154012665
-0.210163989041288	0.240692788089218
-0.538825999072555	0.849191073520833
-0.411710534420342	0.629132078052396
-0.727749424782616	1.24672114459451
-0.255161374394237	0.263905042058432
0.0480696716015397	0.03451578880219
-0.155868767568973	0.0993952399046263
-0.621977036758017	0.395096687404266
-0.533781884388297	0.354972776637285
-0.205619137067352	0.212113354287314
0.740946632766967	1.25211642401388
-0.448651264298533	0.634568133020206
-0.520984209795038	0.79846112334575
0.218706843548303	0.25312378772898
-0.350130277253174	0.483561482335994
-0.025395041888706	0.0184472212840251
0.0334328832619524	0.031725573937788
-0.212703800239832	0.276725621498607
0.21236047916519	0.240915642414069
-0.229301261414549	0.271596605409652
1.44384311163412	2.20325085452068
-0.338899920684819	0.336594427468464
-0.326105236988147	0.328247319226645
-0.103724157744809	0.0694931332090911
-0.541232297575833	0.983907066995861
-0.394348010468978	0.698345497121826
-0.52411976223606	1.06487174278783
-0.190424090474813	0.239703544080336
-0.236520111115565	0.299346289072351
-0.641394291180883	1.26468889339657
0.0787158000332876	0.0968826624042794
-0.107630295065441	0.130977095771462
-0.124129720985173	0.154855861189124
-0.56619907279312	1.17829250675562
-0.615215660388759	0.9476748221194
-0.370131847879313	0.412388370021056
-0.481872041091174	0.746750824147606
-0.668717376647981	1.11879500493568
-0.28295328649135	0.393643773706067
-0.513988630370959	0.977874145707605
-0.154604259278699	0.176056998773892
-0.400320618061185	0.414901224873776
0.623086384313808	0.895327677669891
-0.306963572221015	0.354025348070791
-0.505551415225279	0.736813641098988
-0.0989028825507491	0.0957863817082925
-0.371005264760945	0.434239788946369
-0.402533255417608	0.445353781098225
-0.37885113517521	0.399127468294348
-0.408921158279386	0.394076305762531
-0.0704706707479483	0.0555449054995126
-0.465184754157903	0.681847767587362
0.0550177848161351	0.0562146671151455
-0.0804074935451891	0.0905043710395689
-0.369410857408421	0.46851605646982
-0.392033724147417	0.631114637526299
-0.739604114473588	1.51675928603893
0.207174833246384	0.255297188601036
0.241211203586837	0.323745753438204
-0.111332585916029	0.139310372576698
-0.16204415938889	0.201182869739842
-0.414729733439951	0.749453690150888
-0.994019579557434	2.25971870242256
-0.194654971311825	0.244028105954111
-0.235237853284488	0.307103089468413
-0.300028989950295	0.372836739722151
-0.347684839003282	0.487781267104686
-0.29366080054514	0.407633508901334
-0.772207189279776	1.39082274728776
-0.0650630599035133	0.0676107754078318
-0.0734190290556069	0.0593134678251304
-0.324587640404994	0.322362590146254
-0.242776027959647	0.232842923212948
-0.0782825394209116	0.0396167881855446
-0.637550985062004	0.637630666057222
-0.114317846434308	0.116316883578134
-0.0320820383272591	0.0314461672223158
0.00687714557428683	0.00718128584188176
0.00198248723353558	0.00185111975534962
0.187785539894935	0.211656928310406
0.795925201291315	1.65662624430018
-0.0739989063232065	0.0833153221045724
-0.636154904706299	1.08815601312623
-0.773819612338937	1.38795391768409
-0.922386586229472	1.83075083093145
-0.504572880031855	0.824557500106926
0.149107552465667	0.119374800246906
-1.04363672641423	1.94043545183069
-0.0231823719585452	0.0216320556096729
-0.241130791585464	0.22444752321784
-0.439020145960374	0.570592386000073
-0.110981204133549	0.104272768506512
-0.149682568835451	0.179394744636816
-0.409642935089421	0.564379623902403
-0.130636477907931	0.168275937001829
-0.339294544609685	0.467163937810461
-0.367630840365178	0.407963733997798
-0.0695513674713181	0.0778436934471693
-0.0872522994898053	0.0924054719103247
-0.0656286892572134	0.057729045501876
-0.141608618281175	0.153142475863991
-0.25538357342538	0.281909457552033
-0.0480167223216954	0.0520616819152407
-0.350584350857999	0.453067648835298
0.171190119105542	0.192459007045542
-0.582204733421979	0.983797420696006
-0.0656575989592442	0.0870528717685849
-0.318097906471738	0.427117722901648
-0.21290841813109	0.253889692262682
-0.361077149655658	0.482232082942437
-0.197013591382668	0.260303673802801
-0.121888699679742	0.125346093076001
-0.329394919906741	0.425950597358705
-0.501611035485923	0.873610815951562
-0.544838046581912	0.880635056337333
-0.28357100037269	0.397142009064588
-0.596760937926004	0.998081631575431
-0.42948590366393	0.647070571923891
-0.232472746918193	0.258583369212368
-0.124455139123926	0.0957664788598088
-1.27964091636175	2.03896028717811
0.221742697727356	0.199291849290913
-0.488214177531161	0.532496384486925
-0.278081935833725	0.305812221916556
-0.204986361544808	0.200325990749657
-0.406528838639095	0.42552476201135
-0.788440459357956	1.00676357843851
-0.494173355837792	0.531980983200827
-0.646089834957869	0.632318906564709
-0.911596809839123	1.00625273524405
-0.0435756543248134	0.0386375695979384
-0.370132616430451	0.427202110534645
-0.0921649226363414	0.0996783324638071
-0.54791475728813	0.759978526096987
-0.56441458296456	0.854577848307375
-0.375293790249687	0.466637022883173
0.335892058344188	0.35209497411655
-0.537692562250333	0.714507539995659
0.0650860133878916	0.0673614241214391
0.349783099048648	0.494276163939322
-0.0926473994278483	0.0960320891283546
0.00253280734629095	0.00260401499658481
-0.435327151464937	0.704308118422468
-0.392210192726412	0.523361826032707
-0.307365315610173	0.411663245729391
-0.616991799173501	0.818626097471626
-0.210392447741253	0.202672035861633
-0.0867874184408805	0.0816579840097257
-0.206825307869493	0.230765289885975
-1.04309781540492	1.81460325456274
-0.616208228420649	0.883766225041017
0.0184750974530344	0.0146841807676701
-0.28380405791974	0.319391679353764
-0.246005826959125	0.306491185418733
-0.0895334665769808	0.0856780293912353
-0.37998232752046	0.447365046863291
-0.404112283106191	0.379206490880093
-0.509774128735382	0.627950416073556
-0.436785146547895	0.606729950118438
-0.686326302004335	1.07370796544877
-0.548962341411296	0.780817384914649
-0.277556488749592	0.292734870005407
-0.795918267033477	1.44298345704942
-0.416246174723326	0.542744962699129
-0.397228652127452	0.44181247293067
-0.720858084893158	1.40722615737274
0.016389655837584	0.0150358018169842
0.17008913823727	0.202013386042744
-0.644623259656485	0.963677095652134
-0.00673247389384208	0.00640377258556004
-0.196415180444571	0.192728226402385
-0.444079899501298	0.499499102080978
-0.213297307877384	0.206959522448956
-0.173208951554022	0.197475934190809
-0.143433228935657	0.270115061649692
-0.194300157125881	0.156638535774597
-0.593364554605616	0.581820667322832
0.134465001381595	0.107838366141329
-0.125314431001669	0.0959208074902588
0.688962565092789	0.712557683895882
-0.338079512795973	0.308777548688858
-0.104818300338117	0.138134653348363
-0.462778037792522	0.475883452754881
0.422688122102434	0.371012847807325
-0.162752729412055	0.120444345380946
0.368805869536156	0.34882135537654
-0.150254916915964	0.125333787524763
-1.05908470487577	1.25005098377965
-0.00385566813003243	0.00228404282660573
0.110037875426449	0.0743335903063719
0.0449670926077242	0.0323445623284636
-0.772822329426099	0.759973090295275
0.12716183835743	0.0925731276884737
0.335052655092038	0.258132674230255
-0.438301645510343	0.430724120349697
-1.25321911273976	1.8128325548394
-0.178887909694961	0.190734255287705
-0.543893091136805	1.04331713097318
-0.7598320957089	1.25316988818995
0.87633617482875	1.18321893161617
0.0665234969800837	0.0528247316079783
1.08292795820522	1.62893152745202
-0.220866958734401	0.196541749149477
0.706292010235895	0.825254586507004
-1.23787476521711	1.52142130006422
-0.253108875717708	0.220444117913263
0.21912151106197	0.190985258196852
0.109268403084212	0.0734698145900674
0.593205099158611	0.601274483139221
-0.366356144704769	0.278135337714038
-0.351518018622531	0.254978144739408
0.214031028485796	0.18216072942149
-0.875182113252147	1.44180245258993
-0.17313941379351	0.22744636236392
-0.244927057590178	0.215821468452618
-0.328913902152144	0.28237112458383
0.884553830615718	0.981559986286925
0.679886701849541	0.613248777496853
-1.17258043305169	1.11781676448103
0.573930516037855	0.47300985497738
-0.0412110951205786	0.0230491377550866
-1.28394534149228	1.50967907053296
-0.988970858307856	3.06687827227732
-0.227533586974155	0.31392000185076
0.00999512175228696	0.0118120261148539
-0.0585830134174918	0.0938733071383042
-0.302916205152132	0.625773332636924
-0.127535502760117	0.115595155975165
-0.85155002084481	0.886456087635608
-0.350810962824416	0.34261780654185
-0.188023722540318	0.11616537774037
0.074720777522144	0.078770882904705
-0.916100167072711	1.04984260900301
-0.542026621260279	1.45811111601634
0.0198852412824597	0.0206930547115738
-0.462628806796091	0.824751472354573
-0.573877789805796	1.40875774731734
-0.196472652019953	0.382264409624731
-0.164897447162015	0.16224721523237
-0.366592203573942	0.300686046500838
-0.856677293564548	0.866780097603893
0.294972373710802	0.278767022282569
0.167968868403601	0.26244842405489
-0.275653222894358	0.211631454339467
0.365013204105563	0.353426818297356
-0.106399817620576	0.0938806327983811
-0.461157840359672	0.432583885756481
0.0558814668503351	0.0425745863570937
-0.212460191357318	0.163431227589194
-0.125907811411967	0.094738814897479
-0.261539071224544	0.178696513491877
-0.677649200925137	0.562771137798562
-0.709846836403858	0.70177321376041
-0.478611883494409	0.455047230914971
-0.435130082590089	0.510150686523135
-0.550417458436822	0.995842054660128
-0.731908492531776	1.3764048858967
-0.243241723628679	0.225321288348105
-0.474876682949278	0.493951569171353
-0.168265158043489	0.152302723207393
-0.134169617296872	0.114744012889002
0.315752405053012	0.265800134883569
0.677012928465731	0.599094473323568
0.401919551743256	0.343909960058201
0.363305168278599	0.349384653077029
-0.277851207546488	0.218442624101708
-0.511773248493474	0.482585562150393
0.0749678634515343	0.0397110698693157
-0.71818774564419	0.793318469049614
-0.0319349127431698	0.0229339047212506
0.101388197699488	0.0951316866438422
-0.202799765604591	0.252487575858965
-0.313507985437192	0.294023934534258
-0.253625353993569	0.224878186232495
-0.410137954068108	0.456909346007185
-0.586663064696271	0.447637946862042
-0.779323886615625	0.694702045723159
-0.0676584155494644	0.046937220526699
-0.0738504670098127	0.0501812278712304
0.461020120771448	0.353661217513301
1.15500730340889	1.14108810775606
-0.280181121436503	0.215419560895776
-0.506218323058511	0.395596142468651
-0.217774298741626	0.149302486814174
-0.474542973425306	0.906132581872168
-0.0427771479139926	0.0446298406570516
-0.647119582467678	1.1515383025983
-0.0546336001175159	0.072142415128945
0.10133282689578	0.13858049527417
-0.570670900987143	0.52079326313943
-0.125225990056315	0.147327986945317
-0.0643337502287871	0.045013129394821
-0.183339957554604	0.298232033527877
-0.623307017647203	1.18428432021675
0.0603655378788952	0.068711414332446
-0.412047276708392	0.812915110563671
-0.163401952827149	0.253546093709453
-0.226947023732981	0.28293358269098
-0.439348366482905	0.502570506405117
-0.039684565017919	0.0281260067741421
0.3042255796265	0.364747104707895
-0.240329762407249	0.297000122374907
-0.708607787605618	0.748001229615852
-0.543816044503553	0.462171363284787
-0.305987309174733	0.228289311183336
-0.126430517122309	0.0831477494911914
-0.259630824260114	0.244798161552693
-0.289115915614188	0.267537968972954
-0.356505043400418	0.378934662687718
-1.59285604396572	1.67575822023611
-0.129392987852908	0.0965385342473518
0.514017449589172	0.341819563631318
1.01778469417457	1.18479010804997
-0.106409463888528	0.0818521460957679
-0.212162078464025	0.191443822233436
-0.0727689708367456	0.0493489647422643
-0.238098177174824	0.227209466467344
-0.0128839515303268	0.00931878138004948
0.203545947770661	0.210089874206199
1.08347100825464	1.80862842324596
-0.559993168614721	0.604979750331086
-0.461562094421908	0.479993789923803
-0.233478787234998	0.18576249856083
0.523432092872919	0.477592676783517
0.587855941305593	0.598472491662143
0.471877359360516	0.374731985210961
-0.921647207253694	1.00472031328243
-0.78100380896116	0.753361759799523
-0.246149506834568	0.191199089276584
-0.163396622336833	0.17752693642102
-0.0176326597820686	0.0151707524046698
0.294788682633185	0.380199860883987
-0.573735817125188	0.804261044823532
-1.0277007728587	1.61210989664113
0.114987661320407	0.0739348226525862
-0.149272683393109	0.142771301985768
-0.97874721308417	1.19712624305622
0.689190043733005	1.24493126786357
-0.390162624603963	0.556635808068346
0.263592965785395	0.286581367538801
-0.355117915280378	0.500982319041551
-0.0277499915224296	0.0233124230431503
-0.236144563042721	0.305539820792085
-0.499477054199765	0.644350152970646
-0.276654728969446	0.22975860842534
-0.315706254631519	0.237554012981071
-0.296673336839348	0.244855143175914
0.117249686777235	0.084126549380155
-0.0230117354872207	0.0167315405819276
0.208463413154241	0.178326014863964
1.11556867969136	1.60180638225787
1.37043638604799	2.0253711712554
-0.0321761524111846	0.0223136387672413
-0.353229230769862	0.291329899294075
0.137675140674088	0.111607189268656
-0.0959461064182037	0.0623975495657868
-0.136499503959009	0.136387873262178
-0.144087292948289	0.15602055851318
0.00733155389458263	0.00541470133295477
-0.453622290889014	0.397003837040124
-0.538065720684079	0.517364724560922
-0.783943426374615	0.813182512650831
0.22206515581558	0.140090780752442
-0.29999424942638	0.199444236306194
0.689228197680976	0.695354527143069
0.454213980584977	0.461236431970158
0.503066289172385	0.472943809885697
-0.0157185236401012	0.00941827671563525
0.195431844683276	0.155061745862664
0.330572264574835	0.256545769555986
0.658559683215131	0.520622127497515
-0.547821263794293	1.04987179386168
-0.321289024760141	0.450658590947785
-0.465121757793166	0.764734361702207
0.284414075101965	0.481277416857395
-0.177664822729312	0.263455396844566
-0.0261426771657599	0.0222305030459348
-0.946040617465791	0.955812309166747
0.200606726753521	0.221501110462435
-0.783598933280823	0.850072003860806
-0.394849438608962	0.670290416771405
0.460969949552273	0.745888491346042
0.152016696640177	0.146661045337688
-0.480769123399495	1.02838898857103
-0.289337383138351	0.592113916703203
0.105906097708274	0.0679771545350115
-0.733887676365832	0.835927104843848
-0.987362574171469	1.10234713998615
-0.672387751875965	0.766022910599359
-0.918271730005616	0.992067505857743
-0.852614437904291	0.918843960273463
0.373940320622082	0.251870252839038
0.35930809127828	0.358972019016026
0.639586225358069	0.610428987191416
0.219059207136074	0.175757639279069
-0.709119168578127	0.6910686503955
-0.290325188354663	0.241519240518307
-0.398418393628964	0.482197816077256
-0.397633491149032	0.529627217672229
-0.399070588914837	0.358443948561404
-0.320198776197745	0.24672432856957
-0.527475527544978	0.496288013168193
0.335471949789772	0.245820379966265
0.489919176407843	0.466518830351962
-1.27985154049767	1.5760191739836
0.654809190182538	0.522040560839641
-0.0762453408596746	0.0513300320737226
-0.00180959315879182	0.00109251155316696
0.0362183601342528	0.0251315378682963
0.123503972210207	0.0859652783112594
0.687532048656767	1.02839027756798
0.154360441911578	0.144363772981915
0.36475886818729	0.414865464812452
-0.270856288450555	0.275007616562496
0.297409827201632	0.360331616091477
-0.329608818482357	0.333956190133569
-0.306033407026757	0.19979363830437
-0.15913851737101	0.0978571087814156
-0.366405638572554	0.414188380074385
-0.343057147509155	0.308127889043395
-0.232157640526177	0.286599461605456
-0.190440651694954	0.194766171939317
0.146260854027487	0.123253102152156
-0.449060808608649	0.649927946888638
-0.687784068176014	1.23312868646611
-0.305396805217819	0.207689691514276
-0.725166672883088	0.43796760449273
-0.51892075305478	0.405443515972795
-0.473719034814904	0.342702300572806
-0.711187934861735	0.712917459873744
-0.369702568025999	0.442529408546976
-0.670795331180089	1.05480008044991
-0.60013912825259	1.06625349233801
-0.796235636181216	1.16896768240455
-0.19423189328113	0.136827382446213
-0.118084881161586	0.0887102513426076
-0.485118037330473	0.41704416897685
-0.0550785999385454	0.0301626907379093
0.223094946217176	0.164002592048191
0.0897404759059684	0.0538310198294634
-1.2921616267517	0.95720412218599
-0.540175750112103	0.729057430076297
-0.853878678014364	1.41837489729436
-0.357307753338123	0.264056473889203
-0.358035366423253	0.233921782978946
1.69748996290913	1.2631728783919
0.421883771729111	0.249603022495618
0.235790358782936	0.14471028240693
-0.378476968942889	0.181603573414227
0.425600378857552	0.250026846837965
1.33789974599607	0.960131125917885
-0.223569587284894	0.158039351209043
-0.0212672999589662	0.0251082120486743
-0.41034629804754	0.543832526112151
0.0567931785007321	0.068788551783884
-0.0869121890337925	0.155837026926835
0.0849311716633186	0.140874125872029
-0.298066350565015	0.280436263827589
-0.479619876713276	0.27556344719208
-0.198201027626959	0.330367944508815
0.173077004418746	0.204251418319253
-0.20219206237316	0.280037065914426
0.0453345789249176	0.0640841726275333
-0.000290258925524673	0.000437282375887713
-0.044257134362857	0.0478299568283508
-1.02359235941951	2.17206649391832
-0.539325466121975	0.369509027337729
-0.358506008602625	0.235045919694326
-0.582244954373157	0.235262464227975
-0.459238889191291	0.197649314252714
-0.211773156150664	0.0805072814456831
-0.163175951322457	0.0683814409151118
-1.2357856230132	1.00023324888905
-0.472145386029253	0.272121293466956
-1.08199255425081	0.978289281977885
-0.202050484154364	0.144958373495886
0.362638009271452	0.256773340837205
0.268693106665915	0.297908213972376
-0.168530727103398	0.236892133012223
-0.00771997505639707	0.00824631574011392
0.226939104004825	0.276667497862225
-0.84758289509666	0.902725559975552
-0.975616573991009	1.16404299695126
0.142009625952013	0.122718925031079
-0.771827191209307	0.699356816400438
0.748561110900352	0.306529488382908
0.0886586023319508	0.0507986305805307
-0.537082975874714	0.36550367113375
-0.276814084953049	0.208846802007481
-0.591258053847537	0.45011613400662
0.0825968423397828	0.0401252735501624
0.389389247608425	0.154930797049672
-0.566985592005005	0.299677829953935
0.78446620991879	0.529013077066126
-1.29136663903216	0.976880322578184
-0.37363999772174	0.178090181575818
0.718953038201099	0.414412559124827
-1.07804598531015	0.446931079889871
-0.00096416057511079	0.00102748131048063
-0.0449758064644193	0.0401833155303771
0.104725920031415	0.139530685270035
-0.108493034577421	0.210924874507643
-0.00687219891839348	0.00907365272287479
0.0252276118656801	0.0168574717034258
-0.455856156299046	0.367536787678067
-0.156527065653474	0.262758824963387
-0.377169872442934	0.493807157796698
0.440205433503906	0.720799152183089
-0.42338450644657	1.13228779080074
-0.0999547313306436	0.1800896357928
-0.0820272397121958	0.10927688021937
-0.295087990104486	0.361521663722439
-0.887972758363844	1.25399549077504
-0.754146417105023	1.22330052890103
-0.754050299613267	1.16880367081677
0.0361464303392276	0.0240938847484805
-0.404416857070888	0.441261882492439
0.0218359317543128	0.014562369025796
-0.467757704872183	0.332663622374298
0.111923767078952	0.075433384646271
0.217396396066877	0.176377703873762
-1.23286670512439	1.08105427193041
0.225866185394144	0.162617996220502
1.36447324659657	2.00769451596909
0.285349015789769	0.267419771239276
-0.714802542404664	0.791573196883546
-0.478043768380789	0.451035539458592
0.128381680845678	0.0978542463143267
0.0166056114841984	0.0104761858908855
-0.707636976368442	0.704509343166894
0.585552953194006	0.587896648581945
-0.0207537585331408	0.0149923011184842
0.382865424092238	0.356514238371405
-0.0409248917554292	0.0231496465943766
-0.087055689920419	0.0679812054253074
-0.926513091952829	1.01717251814223
-0.23296456309835	0.16272965935163
-0.411145276253537	0.404178479235397
-0.323660798431486	0.324540137994849
-0.581214137460503	0.662010035578796
-1.08642686246656	1.69273403235749
-0.308336145829119	0.28773404904348
-0.668381442141917	0.761009238706773
-0.546561871711964	0.553460148798421
-0.176088240501671	0.145912595132483
0.390772941638883	0.357979645084439
-0.0559620874876732	0.0378800800077073
-0.103817956811586	0.0668381090751126
0.216773967650709	0.172186917897395
-0.371438863809898	0.341067327728013
-0.189634765639875	0.183363062454493
0.194570960792436	0.217800672508934
0.00455138287191087	0.00449690541212802
-0.333646811276029	0.369135452665466
-0.135786270136476	0.147359997255539
-0.577716824671958	1.05889553001853
-0.271724419319623	0.330077504223481
-0.907875914441555	1.46770308409174
-0.0836664589785266	0.0661602782273412
0.803318488582289	1.12893523252612
0.0804051365284897	0.081276685150531
-0.177665235064318	0.146277907174981
-0.433941342734382	0.449952340998375
-0.228011017489272	0.195552799836634
-0.62360804008799	0.781166501849835
-0.334943285205652	0.323600400977582
-0.471434147076929	0.493070358722847
0.287489452430757	0.275063735559762
-0.185237220014371	0.164436555774963
0.0550313404712252	0.0430574621646203
-0.93230599639494	0.919817423343404
-0.216378995703692	0.173283153406776
-0.77979371682058	0.692182035991016
0.0875796299719531	0.0771711714148009
0.13666817582118	0.117893909886828
-0.415813977233052	0.438473646977991
-0.311223166971396	0.290145417646812
0.410791957588408	0.438626237289952
-0.00732562093305571	0.00583302484748821
-0.495381263883135	0.499301477997285
-0.289543594171542	0.292412930455948
-0.0339017345204636	0.0266336450507837
-0.585727149132327	0.765120553627388
-0.45990441280645	0.739913806209385
-0.367026549110213	0.498186305021294
-1.01333017713006	1.68032388937613
-0.249298946587259	0.250363215481401
-0.863369898301739	1.42079589285906
-0.606666228628299	0.759095507220053
-0.906577389427461	1.12104991153026
-0.198746847481884	0.144299037975275
0.618596655764941	0.615743259230027
-0.149716808322272	0.110764424707605
-0.849751105268923	0.965819815039365
-1.08212137850546	1.50256948038991
-0.236469019193223	0.205245092865026
-0.346606386486998	0.319974499405439
-0.0463489005820018	0.0429376886476111
0.306110189418772	0.341721495982909
-0.287071350473422	0.307493670154399
-0.973824340886928	1.99533540530796
-0.000938701489988495	0.000801219517640606
-0.708093572488271	1.15769870704323
0.0966055512638605	0.089792988716974
-0.369701246870321	0.338520086890487
-0.193891910638647	0.162700213588121
-0.30903311358618	0.287663636507827
-0.376637684116544	0.3226095773152
0.00043607640499344	0.000404387683512873
-0.194278984652599	0.172346691338963
-0.259656469887468	0.202834862118948
-0.0505444620389555	0.0355941244320619
-0.484012198205779	0.51183412139119
-0.544081350243467	0.478919302316807
-0.98118261311066	0.82646197062723
0.198333501550604	0.172397021923123
0.0308271129026385	0.0249695071188296
0.107062218170055	0.0909493399227088
0.341125198186163	0.34193163205652
-0.0828856327953007	0.079513944953539
0.448351060231966	0.52146580465481
-0.797876615365515	1.12680199596375
-0.631857673444132	0.78477094376063
-0.434907498847873	0.571205086057576
-0.158820702578703	0.141731426114883
-0.3232566201439	0.393504272449305
-0.244536529759553	0.249009689770145
-0.538238931075099	0.609887535546125
-0.160728271442319	0.16242991051352
0.0473602148444604	0.0421581043211446
0.268453753196076	0.27062168400642
0.0123492084953942	0.0108930895089586
-0.33072694266672	0.334789161103319
-0.0191517485966079	0.0137866970347089
-0.250838060672525	0.271469241531856
0.0353213396973073	0.0296392899997839
-0.495716909508911	0.604907501343626
0.00439806250213024	0.00452199882076158
-0.141240374767089	0.127913319687058
-0.0498557872920233	0.0481557510648195
0.052755161352369	0.0422817153661689
-0.12615660553198	0.137382835795677
-0.153181124371214	0.128538855600701
-0.466598650636545	0.494410838504954
-1.41922479457546	1.77321405499713
-0.488234222834874	0.433094701742595
-0.751896530347555	0.547589416043022
-0.148143790155375	0.111381363869114
-0.118644370047502	0.076847932852519
-0.459428615020926	0.54153264110252
0.0588126758685012	0.0543211788491964
-0.343109812055036	0.415084379095372
0.569234259603816	0.783397967996766
0.213980620563888	0.220752853202907
-0.158396180074606	0.155243908065234
-0.0489837165914932	0.0439803239191159
-0.0260837606671019	0.0220822163319336
-0.200077979732147	0.225941439894058
-0.191880177301907	0.15841392567391
-0.187968809294334	0.155827189049335
-0.290976663299436	0.318551495832163
-0.303607092773662	0.362195098236743
-0.0344303271687119	0.0320032810078232
-0.376709074898107	0.432412794630547
-0.0491867558086244	0.0446861046065168
-0.377202076157	0.400194882321548
-0.147313503568251	0.120840649302778
-1.12623310031742	1.59969600386029
-0.789093910188216	1.19260261690832
-0.1594350744072	0.147971007864587
-0.176468028443914	0.145085825342034
0.0645571700862116	0.0495177100210937
-0.0793406183850214	0.0546137306660397
0.220124184202057	0.175543327983139
-0.0936843670711245	0.081358944496044
0.0872543070996371	0.073582199238401
-0.606157381541865	0.726894745569121
-0.0382939030520416	0.0315429355795834
-0.0462616513122938	0.0423669465411154
0.0928515519183277	0.0819311956662737
-0.269094827880978	0.27803618318548
-0.472837971433901	0.511092934456548
-0.143495205244692	0.128182557114067
-0.0693951510877756	0.0647041243151894
-0.442795531274674	0.622674500404735
-1.27529961353546	2.02642520474148
-0.784489096142985	1.23672072164389
-0.793190379079555	1.19445428329201
-0.394001195724726	0.463711195554201
-0.114754212838558	0.103759621539456
-0.367640052364182	0.392609069029649
-0.808180243625525	1.13790393507409
-0.101924765271638	0.0774154129310244
-0.269080122822573	0.25259698226446
-0.37464686444966	0.427259468828802
0.778219005340512	0.874928203746783
-0.585382323527605	0.559851490458221
-0.191873847536419	0.134148335709646
0.208879945364109	0.258652372399492
-0.603812654738176	0.845416215696196
-0.46558452124965	0.759168137669783
-0.157930511539978	0.164615502904063
-0.345781226404181	0.387264454237696
0.153038138284348	0.13390059594614
0.0317282571234642	0.030098289675465
-0.388290834554677	0.387408292430793
0.390532887084497	0.337527610138177
-0.0785072951889755	0.0539447043075515
-0.576258872669382	0.532762302233288
-0.203237644447796	0.159415609993725
-0.192318198376157	0.156496971771233
0.604466755803469	0.672691826395697
-0.405602233845235	0.367831774011556
-0.140613101632198	0.116740918850083
0.0608882767014043	0.0494065444514503
0.141833356162761	0.110313128518117
0.193133333734936	0.176266701998754
-0.0730781351671327	0.0569134359827898
-0.0609981279904729	0.0481925737872752
-0.44652870646923	0.388020183214796
-0.63664663147116	0.763084596944091
-0.375660957847965	0.394499623537785
-1.02078702736723	1.32756952985497
-0.194861863859361	0.223888807461718
-0.163771881236251	0.164853952946957
-0.397725283323968	0.325697992608308
-0.198769511436277	0.161034610838624
0.144569838948186	0.130347727458606
-0.618798996182445	0.689006963969132
-0.510981692146869	0.526422295716863
-0.0447238457080459	0.030802655454321
0.136023588449322	0.100000506930747
-0.477076835886954	0.449008018321819
-0.168286698102302	0.136034739046632
-0.363787328397477	0.333150550140946
-0.839124316158454	0.923356627082671
-0.146110346299705	0.145604887917634
0.130494169636306	0.102612760368239
0.00457814403651335	0.00400991071450881
-0.829730074284111	1.36617846816405
0.0079572982931935	0.00610090671102941
-0.717384592903344	1.15632388816373
-0.0167247826534397	0.0156542016110375
-0.313018617875994	0.299399273568051
-0.105652263000491	0.101674417818438
-0.236346362025483	0.261185282277673
-0.308893287215775	0.335018876607736
-0.263353294135588	0.268408192569909
-0.618070906891492	0.79015995718673
-0.859466638275995	1.16956095966731
0.133969641821065	0.117855482380929
-0.228103163327225	0.205267787508534
-0.40145512743206	0.472589599845301
-0.73870360697338	0.857033864069852
-0.441921488097149	0.388628589353904
-0.0924940210377273	0.0809126620721648
-0.895137582035963	1.1492220403598
-0.295073958192689	0.275486069766728
-0.409776070115387	0.333751634952671
-2.11497860645571	3.17452220360576
0.123328410490523	0.0890148950095545
-0.258451527267388	0.20409993704972
-0.321002795458131	0.2977066059244
-0.195611783033877	0.141590517924416
-0.0255823181774995	0.0181695959712964
0.194571121837197	0.177402368852443
-0.494595377083123	0.576183673329135
-0.161585699828855	0.127861047413831
0.224021314675547	0.166254513618141
-0.155454989169495	0.09893355155069
0.776280247325859	1.11813625419985
-0.405729679361089	0.396966757420523
0.131097221953578	0.0960282861417129
0.340290784016495	0.350983851969448
-0.223548882236762	0.199381785176843
-0.370731730034372	0.387026388400031
0.0661187144811883	0.0538009939218336
-0.294394605899555	0.342189393230285
0.00281251923293561	0.00271339684131986
0.0636603709829524	0.0497506576272692
-0.554590191317699	0.640563109274613
-0.61525016599819	0.777254169295679
-0.328913902152144	0.28237112458383
-0.0203574278201047	0.0148890214581411
0.226633053872705	0.168160763661043
-0.43436610995447	0.411004036952335
-0.687339345741969	0.570981956950472
0.703954840200277	0.817775758017304
-1.42357941676518	1.79432367727048
-0.488155231767585	0.412252847854004
-0.119626930377899	0.127921815869195
-0.161350168641345	0.172694744771456
-0.187176250572825	0.195677779903235
0.0827957510569374	0.0740009086159936
-0.306104655301696	0.260499697657314
-0.289193968152962	0.227413131007367
-0.0168810618278961	0.0152741601669855
-0.34834418672333	0.31834904547669
-0.163214179907972	0.16473940776164
-0.0789332862827492	0.0534117414413541
0.571615780020872	0.488070342266716
0.418598061481611	0.371390718879915
-0.968830573914117	1.16092437255303
-0.836520052854765	1.01943969075261
0.135553514860561	0.099414988471208
-0.606861694252182	0.650224698964312
-0.429542356842583	0.410475237986611
-0.844905303611205	0.983021676624399
-0.0255548698646114	0.0181872627484413
-0.143214618305335	0.113725493628456
-0.159503307595867	0.141416310344841
0.142087148743659	0.110718669779071
-0.110132406677752	0.0947746480350459
-0.264499346416775	0.228916863653934
-0.55616116678931	0.73958823198942
-0.217689396296616	0.196264968735535
0.351085316709187	0.438542324916663
0.334066059412366	0.428206650726386
-0.0756245805744284	0.0664813849256064
-0.259184649300674	0.283943126442148
-1.28677660867003	2.12180662915311
-0.720585528426605	0.813682656442024
0.147976544079339	0.137885606430366
-1.24974417059866	2.0635042776618
0.206710822924884	0.179199414643392
0.0655367174780733	0.0501113701348526
-0.438415071613127	0.46136435678937
-0.126488225330352	0.136730582406126
0.143258681593458	0.121401631376605
-0.219080074666936	0.19455901013193
0.106494315542453	0.0972245593053818
-0.0307634992655429	0.0220476988069069
-0.830246123673443	1.03946006637613
-0.346467927194345	0.30831912064273
-0.0956741209997239	0.0996951367624634
-0.22879412578815	0.266479777603344
-0.510584790039957	0.595735210988732
-0.575421209397363	0.780456398558893
-0.904700778351937	1.10474256707467
-0.780003392229965	0.950226472275519
-0.851449569918553	0.874078507295741
-0.399116478898667	0.319699578934054
0.589747972443659	0.59590599422367
-0.146731414418342	0.110973490175356
-0.172117490495312	0.138834660873785
-0.936981497683356	0.992962139914123
-0.581910129763122	0.583577498036898
0.376455567172609	0.356131807764881
-0.0672969937557977	0.0459859927229838
-0.0302805570110626	0.0216375533886765
0.04794283044564	0.033160404318239
0.207714964154032	0.196610683280868
0.0735187409693445	0.0588410338968273
-0.667465250222991	0.70125456639153
0.43013409951859	0.439455524264105
-0.589406321303985	0.698803845410313
-0.764063493022232	0.851375476978747
-0.748415429882805	1.01409128809813
-0.36458263203251	0.406124655224738
0.418697380200565	0.524757242921452
0.0286194786867775	0.024056063856561
-0.0731088754502661	0.0624913728302329
-0.578203738627384	0.655285351996452
-0.562978894484566	0.608500585690904
0.221566876320549	0.197462234000459
0.0610789372893762	0.0481394708773886
-0.318418211593984	0.245375260528837
-0.360254272852628	0.328320602960252
-0.546287769365252	0.558098592693993
-0.0777878015029315	0.0586153297335836
-0.0617024967388344	0.0549626923719378
0.109938355737988	0.0731182627643508
-0.0230735147061829	0.016839061826875
0.157040653153693	0.150783984533522
-0.141217910144611	0.105417353389313
0.00411074300355959	0.00243632907076018
0.305518936394464	0.259690917619543
-0.126687625285176	0.0968917541694283
-0.165185897912327	0.150734924970145
0.0585982965231661	0.0434366354019483
-0.124500900684769	0.116566295494517
-0.405966498096529	0.458905990329753
-0.226504169318495	0.160339762581352
-0.56898409255482	0.594817262177095
-0.098369060602872	0.0646059492707057
-0.682073893600974	0.578172693229716
-0.315116836145089	0.240491379047622
-0.303299217622748	0.255255522908147
-0.43729969089634	0.386146326579911
-0.164523959683898	0.149120840231691
-0.159967891368513	0.117326731374028
0.0506917639279612	0.0362249886702837
-0.323164250391364	0.242799694194514
-1.02730185255133	1.09763476640264
-1.34431714138393	1.44911992312632
0.103965936670837	0.0903788260991493
-0.788222476281846	1.46561976703674
-0.622147908434039	0.567974133860308
-0.619647430372575	0.574641396410201
-0.292912915307177	0.246803117926138
-0.392641211810048	0.48019796845851
-0.40219277324103	0.331549136759373
-0.872154232527251	0.755824243082473
-0.0822103537420143	0.0429936556758012
0.0926943218519922	0.054060321325727
-0.225233644841839	0.16017167921674
0.00241843100779956	0.00144805665247518
-0.668846907226563	0.763494948345781
-0.491008913337876	0.438086575582457
-0.62638123979487	0.571980818031643
-0.310846232492021	0.514795782370195
-0.395962742912109	0.644458982763598
-0.522048536277996	1.57437796315568
-0.0796672571890026	0.114986755890435
-0.265333727640498	0.289491277186004
-1.12675732938608	1.20771214926479
-0.319945063410611	0.240001749768926
0.238495454732233	0.144304294825696
0.220353550284089	0.16415130346688
-0.988744570698416	0.831501242143627
-1.67091278954093	1.31039940163357
-0.168763481582064	0.187929819355288
-0.769511684039368	0.625714070837018
0.576707873938801	0.392139043314669
1.90917454407059	1.15858398196123
-0.452481365090494	0.368072974016799
-1.55461311666084	0.548911244837947
-0.457293939610666	0.19714926252798
-3.78026702830351	1.52943874146771
-0.841239583950062	0.369842983326255
0.243945567329637	0.137173652569675
0.24378096168086	0.13731865694197
-0.780544232083855	0.817538262686546
-0.308220256509166	0.363727500058731
-0.395972113435669	0.312143575510069
-0.44749768237485	0.389381034424169
-0.72009874893065	0.44108323546947
-0.418120656573565	0.247736479661031
0.550884921206527	0.526697285239229
-0.730889641898352	0.924402522898113
0.259581714596267	0.135665625262884
1.01261003142382	1.09914213747593
0.534023697227262	0.379616660195709
-0.168253149003194	0.154629054965938
0.000764802060540532	0.000446467553899304
0.268814002402746	0.130895723733551
-0.856593468079233	0.471069843736663
1.0018068893114	0.494920407016736
1.42515113579646	0.479224019474994
0.108446269847057	0.0323633029758956
-0.644456791948872	0.160363538964562
0.630564769542425	0.200132268237845
0.0840195717089769	0.0389457000354331
-0.173334629875124	0.0675391671344705
-0.0605382226567458	0.0831715522686844
-0.25028705871531	0.271667365797802
-0.0575620113897909	0.0668676343388031
0.148689622218006	0.31817651458949
-0.0195957306999671	0.0304810534029737
0.679607378543011	0.668602667514183
0.471558126062996	0.173900761007562
0.152997495098684	0.0306362187597192
-1.08737957692897	0.449100991841052
-0.462665235298879	0.199341237284317
0.0877050694173876	0.0299113525036963
-0.374765150170673	0.485800476690204
-2.12547087981478	0.987315576008165
-0.123404448906778	0.116809043541939
-0.832570978680795	0.389830571128625
-0.776897460232838	0.619526208853023
0.610321825919226	0.50273901586374
1.70328922856661	1.56433381975069
-0.718784174467276	0.428999052859353
1.39658512211488	0.87539914604504
1.03017230717282	0.744687145090359
-0.85109392033976	0.463509244821328
0.08548898110449	0.0399656514075189
-0.0525296100939695	0.028744497871732
-0.0169656878897781	0.0100358906027868
0.0222662345686528	0.0149848856823552
-0.750567546531396	1.29722610066032
-0.127254732490609	0.0830237983548725
-1.13419544144284	1.20046921031254
-0.131355734564957	0.0594101507518607
0.226092874273506	0.167549386968756
-0.196732966154233	0.209329598440967
0.0847539592473101	0.03956762071025
-1.1675026644651	0.824315392769389
-0.411356154954096	0.330789102765291
-0.68968670389552	0.87038406886947
-0.474345310024195	0.326864850850837
1.4600164923378	1.19428037097794
0.0883939837465813	0.0366656261836282
-0.0839806610931216	0.0437369258555532
0.78185081996345	0.549272454118196
1.1741784595586	0.77373603644963
-0.47836996361888	0.277261461681726
1.9010234034916	1.22787687344097
-0.0959952851570104	0.0464822440975869
0.629669696544949	0.199948663374727
0.229692444658492	0.356915945342862
0.0908079433928717	0.0930679595337937
0.21431325410222	0.294648622993595
-0.123942994712148	0.253430463597773
-0.0207204151819855	0.0279460319110788
0.101274918805322	0.0643515380492802
0.626510328737694	0.194848034708994
0.287667271325376	0.136339439684855
0.725376898583023	0.416649861080534
0.0792719420965327	0.0299048798336915
0.54187493988501	0.279711755469176
-0.143528144191751	0.156322424458145
-1.54111699708333	1.10042321817976
0.385017760801954	0.157618957334399
-0.0599994306332726	0.0474301138927364
-0.168332931456189	0.0699222541363853
-0.288208640536957	0.555857930693574
-0.143997064850468	0.12718359370296
-0.659669467735167	0.710154669608158
-0.283466083971817	0.216765882584083
0.0398178530119985	0.0259552754268437
-1.00986191267963	1.03549759155172
-0.54768718228243	0.542043888394067
-0.172458550491489	0.126778068452029
-0.245076730171111	0.216831105736903
0.764448833028535	0.998005797476414
0.210543326902302	0.158937629704316
-0.111329056478573	0.086897546077693
-0.116820988936881	0.0893511908214348
-0.123159078462369	0.0939920345995065
-0.571586988372414	0.695044086936283
-0.781037853949435	0.970242906522596
-0.134651525216825	0.143909685359541
-0.117619691956594	0.129270365892876
-0.340577530910097	0.318302831621138
-0.51786391139036	0.695301591156849
-0.140209361306995	0.104118804754024
-0.143069540848108	0.13118466646474
-1.0928677157754	1.7178726493279
-0.180354627316784	0.164336920407466
-0.120351362573702	0.10473456308318
-0.366192806052511	0.351018137802419
-0.352398490315969	0.379443155999204
-0.553476847346881	0.474856182736699
0.138165289749802	0.113129287375555
0.453149839622035	0.456909411038857
-0.106548171746566	0.0818244853790847
0.0415336148172493	0.0284698223496944
-0.276602016211182	0.35831518634719
0.868044250463117	1.84529007483663
-0.307838997634919	0.368948857750757
-0.541524688991415	0.68022696677068
-0.310346007544189	0.365108520816154
-0.281208092255072	0.338409966664802
-0.079705245657453	0.0548262310973337
-0.226171460346921	0.183863982298531
-0.840442202769422	0.833764423501067
-0.673797547602361	0.748071830656955
-0.107298918694675	0.09052107792966
-0.65512632692322	0.982265339858234
1.2276183933368	2.01020347868963
0.0358926078495565	0.0242428418245599
-0.440446075604899	0.610820598549974
0.0198471799141859	0.0184372662950777
-0.291835265897475	0.339925210702275
-0.141287903750472	0.167288070177003
-0.221452595230102	0.196254211184649
1.29091346103882	2.07666694539337
-0.0752783454899969	0.0604568542846965
-0.479109567928192	0.444636757424415
-0.0529279803372015	0.0365799689970692
0.0842540422743542	0.070463136638135
0.135691385803701	0.103492851899541
0.212575681211242	0.181581840473182
-0.0826402151143027	0.0729320483178113
0.0801229156665911	0.0674895689224949
0.417666733889647	0.529579086961977
-0.16124472237951	0.146413563934755
-0.0635589473559271	0.0579067647840255
-0.363536441957093	0.376550623622916
0.299756124358557	0.349243901302039
-0.01494869501733	0.0111120142311479
0.00499343294463834	0.00488131791002872
-0.309667066890071	0.396806131448639
-0.209679355487237	0.204908566512696
0.475214632607488	0.616121233172907
-0.429899753538375	0.475401895556612
-0.279987273096554	0.300296385090404
-0.00110536599000341	0.00102952072342332
-0.0848203971493481	0.0667178646278878
0.649029098078162	0.768983931611614
0.454821239838363	0.516894858233863
-0.28209849994351	0.295351398955318
-1.26098569084655	2.21700632799957
-0.72510467705128	0.863402939942981
-0.707636976368442	0.704509343166894
0.498156918198548	0.535723822017209
-0.981819595387656	1.20234107172436
-0.934004964875021	1.36574915310266
0.0275951783204016	0.0270686019613248
-0.0858275941245344	0.0755086389757939
0.133954627417678	0.117789211577536
-0.745917271100116	0.98695568829329
0.370403778788121	0.440757123102657
-0.272354951905733	0.243719026006176
-0.392611189408964	0.340524170888802
0.289354083855802	0.267707375611355
-0.306394383067772	0.309538059672459
0.112504902354881	0.110577162365331
0.211261243787373	0.215188160920402
0.0408308831891258	0.0350352514428668
-0.0921177701631204	0.0888884700267356
0.337328826328517	0.42656585300926
-0.201811279854897	0.235760795969071
-0.921291798510548	1.82493063272748
-0.905237600681178	1.42261712857378
-0.427185401855727	0.399323900022445
0.996765507079634	1.29579757329567
-0.307034006493112	0.260337619355535
-0.377554035602188	0.37454314001019
0.641876989689837	0.600114227897738
0.0604424440305569	0.04415747480427
0.026928774880688	0.0213614206068268
-0.119751168466594	0.0917336548029218
-0.141565557612412	0.103813138398599
-0.778871856854555	0.745744537631389
0.227651062337035	0.150896939497356
-0.346620581854449	0.341705476009535
0.312137415957049	0.262191780999068
0.603102794787578	0.741266576757751
-0.423810585915792	0.499531623570066
0.0727015476806999	0.0565256581922613
-0.0421700662231757	0.0382078083138788
-0.640815950747087	0.796432761453194
-0.192473177336081	0.200635285675981
-0.125386977783097	0.107845484451909
0.039611039467295	0.0347679575664872
-0.28529280979246	0.265318407134049
-0.210371195960505	0.213598450085653
-0.242718191343585	0.258064695518004
0.00833620207531102	0.00758018360899045
-0.00319812338599411	0.00242885616112171
0.208592164182057	0.224802318511209
0.013983033490403	0.0112133590252833
1.0172726370522	1.48253452700124
-0.254914588790141	0.277098517035565
0.493990980774825	0.524535873254245
-0.150602486247516	0.124131820691127
0.52252262093757	0.552213445426369
0.28525805956658	0.289809968976931
0.450351219769652	0.452367438903415
0.655966024297907	0.781362430214358
0.368644065389216	0.400358470302307
-1.15714809968265	1.80347689144923
-0.640869505442245	0.903919113269695
0.429245120280595	0.50640997138321
-0.496289951860421	0.636505348122224
0.272822066522507	0.282408795934588
-1.12782164422583	0.904733793577114
0.145752626873947	0.130613999449386
-0.440092460789494	0.535110549458618
-0.0753226400320031	0.0682163491486628
-0.726827265628634	0.896976326037415
-0.629433177424209	0.575061097823749
0.0640763955363316	0.0477672338926733
-0.1847505858802	0.16757546316091
0.266714168657062	0.254756390463312
0.0380814191664063	0.0260746084434693
-0.783880570093125	1.00779330209975
-0.16201728684999	0.16142503842704
0.208089074309471	0.194072300850376
-0.377183360265191	0.421936951299603
-0.268988211749736	0.307432325096855
-0.0708228557844119	0.0675823721179208
0.143617692004831	0.134320522566363
-0.208571248844007	0.183777309152405
0.149483795493373	0.127047067494555
0.735580666864102	0.843331137119416
-0.0930310993792483	0.0711874834939123
0.554183770460992	0.4905493705529
-1.29469010686425	1.71180507373421
0.271116715018266	0.258816667699409
-0.34648258896138	0.348679781984051
-0.361548649855636	0.324042848093859
-0.847239314104049	1.00355514765714
0.22655137501851	0.169445499475403
0.0475975976102292	0.0343866525882853
0.413034840040758	0.359341667844802
0.631125337648943	0.681663672728378
0.105388814784927	0.100713106051001
0.216137569371851	0.197516444275967
-0.270420392109361	0.291822900779254
0.863412514724327	1.25003991769789
-0.0707905338846408	0.0566835119460103
0.530393297183977	0.629917161048086
-0.488995035373825	0.630495453676346
-0.0758017199423256	0.068470025868964
-0.316380094831712	0.312789965337905
-0.916531712562892	1.63365537271689
0.12573043005391	0.135759790871107
-0.237315515857845	0.262936551156659
-0.107060718152535	0.0937726331598013
-0.0722326072821308	0.0561482192771021
-0.0343754427950963	0.0301068820542531
-0.187626424806927	0.19352497409545
0.0378748921746181	0.0332288718281755
0.567234547484302	0.654245321999256
-0.875137920844662	1.3859548370647
-0.309411738257447	0.290413591634035
-0.690423389815165	0.894303451394101
-1.13235242309335	1.64062172190218
0.204795985600092	0.208002219216721
-0.065005418842939	0.0584892950507074
-0.122655688296846	0.103140835662989
-0.940017648695725	1.93831350243114
-0.188437923586767	0.184707782508168
-0.312469984961749	0.358712596796276
-0.725967469874612	0.784282761496778
0.560956656791892	0.568340903229435
0.400571469556781	0.517408641563738
-0.379265819148802	0.389992623405852
-0.896743829704561	1.20883479254092
0.216222972584054	0.193048919426406
-0.239558759822691	0.20654788401304
-0.296089561651887	0.339434924468022
-0.435633130795765	0.478748081615293
-0.181014467867827	0.1810291066129
-0.185566949061221	0.197084151674539
-0.456014500336902	0.614774169762756
-0.0403143275171247	0.0372237020812412
-0.0668943857411449	0.0601306627821216
-0.427571193732713	0.505542555556596
-0.315890501223839	0.37385047983299
-0.418469729450968	0.549186756910527
-0.158916077341314	0.161302518622214
-0.471450217681018	0.635610364126831
-0.508502576408552	0.630450414361975
0.327622617645976	0.353075184718182
0.528574788910652	0.782455680447454
0.213015899358714	0.24102526867477
0.102693077918846	0.09560448737834
-1.55825294089183	2.58481195957504
-1.41367127965739	2.02124127514173
0.521865233160643	0.453448892655844
-1.71250735026629	2.67146808472116
-0.202960467127603	0.181587610440915
0.408920037058355	0.429681402844609
0.526332562641536	0.562091485734513
-0.0878282333469618	0.0667151189090355
-0.3236243475044	0.301733758133687
0.125733246264624	0.0953524375850865
-0.027363207716505	0.0194978010729297
0.226950420951786	0.191209329178028
-0.885682001090796	1.40968489948545
-0.366779695874641	0.361421248255158
0.407819594359977	0.514421619575282
1.08843067286695	1.72890872767691
-0.792302168063447	1.03566971712131
-0.115700697478614	0.109867604653145
-0.256549628950459	0.26159382892199
0.0136058726874439	0.0122135091998299
-0.464814954667912	0.606469961305294
-0.610746167613831	1.05437658195646
0.563465767012262	1.00091240758559
-0.0768559767487942	0.0674779167010396
0.252030892025758	0.274425039416729
0.144421747760263	0.115709602784841
-0.0792623555656467	0.0701137788036982
0.268242669541599	0.262663576493364
0.102423584604449	0.0950368505665633
-0.160591031137073	0.144950785763497
-0.238876284721619	0.243771247252158
0.463995348630297	0.512888555914413
-0.503197905385979	0.607179692703751
-0.0759963284715414	0.0604433722904491
-0.0569678086195874	0.0450699211150683
0.0865141566873961	0.0771838108196274
-0.166260108157727	0.167113399932169
-0.120821570173028	0.114599224150475
-0.608608026106068	0.993093268614694
-0.66423037417976	1.03360772134449
-0.587357872982547	0.595141451079931
-0.228924074380737	0.23779138847912
-0.22817156183287	0.228249995202888
-0.193618191212695	0.157444492738779
-0.396854563285569	0.380321994830537
-0.477729444029699	0.554630302623541
-0.38088392462271	0.403578527039554
0.559535244392686	0.811855396147984
-0.677140297719339	0.768641839290107
-0.532335902685508	0.655770895298609
-0.300490761386507	0.349887400211487
0.525533866879545	0.686483789894695
-0.14180018114592	0.148736976676579
-0.0776194109144165	0.068369864460432
-0.578086273971972	0.833552997638504
-0.0531243093718986	0.0489389665385542
0.0906922351988381	0.0807969338200099
-0.324119711005621	0.27657286664398
-0.139825736687116	0.119717646790864
0.901957155888391	1.38809815737812
-0.060469602522312	0.0491714810029547
-0.202250911715715	0.166749379472614
0.00753429330746858	0.00581663817152696
0.772332993346563	1.01866926005959
-0.722875027048516	0.752994268042211
0.647523740430025	0.398106767264552
-0.364057567091463	0.270362295656003
-0.065143228125042	0.0443817532006609
0.616882653658646	0.513011522262209
0.110152596931758	0.0707632271745885
1.02385754840005	1.59551480368612
1.00292180673175	1.10223232977411
0.0796130775357843	0.0679406712636298
0.14827386748286	0.190641092974798
0.269024033409218	0.384529277925996
0.155855910965833	0.141216437183014
0.0716984015057125	0.0562897912755324
-0.120956413695834	0.103001877616626
0.566161631550268	0.567914084614061
0.310064502385161	0.256123205872909
-0.251012044622073	0.200773543811728
0.345902196901563	0.239841749847237
-0.000327225562080116	0.0000610934645532241
0.360280890811094	0.348323950519555
1.00249580455174	1.27460529314031
0.233866636272983	0.197154010168803
-0.163873935227914	0.137219999443514
-0.277851207546488	0.218442624101708
0.289865844735489	0.258901740188474
0.123878230931823	0.13131933489393
-0.298824020525734	0.474864975707908
0.135472715987122	0.107262475865688
-0.76501886377656	0.668464403023271
-0.249839735835476	0.197095106055444
-0.407783994017902	0.520935936873456
0.700937423422503	0.947856340298268
-0.439783085850549	0.394318658854008
-0.218509835969709	0.17618436252267
0.340622583633876	0.248795148304053
1.17024691590516	1.20263661978118
0.130371835798102	0.0952129869077998
0.125394906556287	0.0920058522344647
-0.0962668314562943	0.0630924728903674
-0.0536189853463659	0.0371993643829771
-0.184995958966195	0.305615638092481
0.127326734014959	0.140445370136459
-0.18692358648894	0.248392885932233
-0.123076426731679	0.203332965379058
-0.379333641138175	0.787232882619945
-0.0914926190377091	0.0869264924402756
-0.94379675625171	0.966284216374714
-0.0860825211482039	0.0447724544981823
-0.270277661188611	0.183414301317867
-0.661773118905512	1.2497632848515
0.44388290192216	0.342676145722949
1.24791525615353	1.43214154094863
-0.0313958956694718	0.034031059127301
-0.0840842178215237	0.0654389290086234
-0.226229004383223	0.412449738077402
-0.651238847431996	0.808803430034708
-0.0228762434397319	0.0209293644647004
-0.0840443343519121	0.0772628432168835
-0.138844329642454	0.129724735028505
-0.342559210122433	0.369250204151659
0.0884268452803125	0.080470322105707
0.162617174291876	0.171086662022682
0.251827658113679	0.27042371314042
0.548418015516253	0.852702931047558
-0.311795538639334	0.370511120053981
0.137631519418872	0.117107123097186
-1.04640231713207	1.31600715952673
0.32872322488871	0.321322168849235
0.000651187828047103	0.000317656473106135
0.136195999255548	0.105670882381211
0.35582059061223	0.357943937952642
-0.314697512281627	0.292818340587026
0.127981214197547	0.0981553811664238
1.17572668211523	1.81968098440508
-0.512494745517624	0.40646098473858
0.237514610671876	0.172176711434722
0.0266617495213048	0.0208523883630718
0.536623045368336	0.606434344271573
-0.352677019548911	0.285931077744913
-0.210423900315921	0.144006077398796
-0.334975626964915	0.310539186366123
0.225020511398112	0.189014264138558
-0.00892078668109672	0.00664704415366103
0.0903040481842032	0.0807924219299149
-0.327786219501455	0.331584634555839
0.555889866186496	0.734300874964751
0.110526544123977	0.11086370172661
0.617012029616778	0.583875814005663
-0.70134590019852	0.903867262876228
0.0886959552017803	0.0790352977344314
0.418235859327469	0.496799381972769
0.549190660563337	0.776363052747271
-0.114697710541376	0.119065845764853
0.51105917432095	0.902337894194988
-0.43856519557533	0.572667995960029
0.113887649752461	0.116336117010382
0.930565740504508	1.39269656611109
-0.958144817238228	1.56161116326975
0.143611438040414	0.127634495703866
0.127514915408311	0.11034643099338
0.208827782165941	0.207921650507258
0.32195068719955	0.339557287168802
0.636431809761945	0.829529665271143
-0.406584019606128	0.3976172379792
-0.141538138607904	0.119555382255679
-0.684721111182188	1.0229374951794
-0.375864790278088	0.481524456818432
-0.532604982420045	0.711985048075745
-0.876732086982496	1.36779451148555
-1.02834782385682	1.85231181208554
-0.5745766774562	0.622484238326301
-0.137328409842112	0.115838405784272
0.135503002579685	0.106722297928638
-0.0815703542253386	0.0853651117365669
-0.456631140392049	0.614706690626963
0.271734136282696	0.372738778867632
-0.207792931455782	0.25782498022219
-0.668721559867578	1.15415091139842
-0.357853645737411	0.446450220408957
-0.276432794217258	0.346214104680622
0.104407102871484	0.0993928749867902
-0.538882263115252	0.726742309040601
0.347802597101242	0.401801930943045
-0.482785426895055	0.52237395757384
-0.79599259297928	1.46033031959565
-0.837796367841191	1.27513675153249
-0.13862051892949	0.115891562813699
-0.299546423072549	0.257274942218398
-1.04185877341489	1.27538853597122
-0.371727125474439	0.370455797374956
0.635340216466879	0.693774834475748
-0.310369971954484	0.266366404308731
0.663750695115093	0.996053941707873
-0.454387581135037	0.459986755270706
0.427379546896505	0.441042888767461
-0.556854719267149	0.706206989405845
-0.226982125692259	0.249942111918322
-0.648525947773532	0.909187514762427
0.21746550182796	0.183550162604852
-0.534352702581453	0.601649250936629
0.139138460751279	0.124651799686978
-0.209631706441856	0.184881205971855
0.219852240512708	0.227921498751767
0.566477659038145	0.77711561418277
-0.374245043876334	0.413047117952805
0.571630274769255	0.726341945796918
-0.758805674098945	1.17888870113779
-0.115446054900392	0.100752879117151
-0.146451965530063	0.144154980282742
-0.267096871294433	0.322852669591873
0.401185034909532	0.593855196156108
-1.40985191828404	2.44340674086433
-0.514086079247164	0.646180752294981
0.573842616507063	0.884791569606117
0.167043912998374	0.183734429912912
0.1010859800666	0.090703876752448
-1.01023045046207	1.63075632646496
-0.196763700000836	0.177580582963684
-0.585956498025889	0.669254501127821
-0.955845910666907	1.29274389350036
-0.212277302230193	0.167500076716647
-0.846750042997984	1.09467170763035
-0.409042753671931	0.404568426296432
-0.0992459410100831	0.0829232361182257
-0.140355304161957	0.13016139522096
-0.712847792811548	0.956775626378248
-0.266282676979249	0.274466810671048
-0.243638593087573	0.288824841742728
-0.165498408169925	0.167951310165289
-0.371466218357234	0.596526775705301
-0.332097079151366	0.39056471696477
-0.267545647632092	0.25637295665282
-0.503167541993701	0.518903073753234
0.0758015387991281	0.0599783286941849
-0.705027192328529	0.877186525386848
-0.778332664951864	0.916936257032233
-0.138965848481296	0.115163251976903
-0.0753154516606224	0.0504323644371014
-0.719793792141058	0.72971707849683
-0.985748065142899	0.807758970102117
-0.544678224921411	0.466734041941691
-0.0977359796645817	0.0652611927708843
0.222785610616862	0.159580463487314
0.578306704987907	0.71397659990823
0.317676428216538	0.272192393495244
-0.0259114009132021	0.0186330404096123
-0.3230851775522	0.354941058801067
-0.279403537940317	0.341709369979256
-0.000989631318347836	0.0012269953430319
0.674630611288637	1.24685772181647
-0.073149997512096	0.0638762507558112
-0.61940203906304	0.656056922780185
-0.048805502834328	0.034618588436895
-0.266947530736018	0.233706515853815
-1.08959561350637	1.22153809941594
0.0748596859128633	0.0583377692834713
-0.154655263035379	0.128104245032116
-0.21624910377809	0.148544736911532
0.0533011435683453	0.0398948702768778
0.677021719927617	0.71541613992999
0.328204774421835	0.412732757717232
0.170401904447018	0.232182266891646
-0.16496973027084	0.120410156578369
-0.00253383770705008	0.0019733453177012
1.10868749911796	1.93085902041522
-0.114475908381661	0.117504217573559
0.61731271510238	0.765056944505689
-0.217965819854322	0.154243591070083
0.451354857387486	0.445125049321389
0.123496408053713	0.0929994333528544
-0.477260757754549	0.446754938937079
-0.536000035387833	0.545099262916795
-0.143069968208607	0.120829916722381
-0.15003331434932	0.192990268843334
-0.268107599906794	0.319114203780536
-0.126933096251932	0.198269251068629
-0.193975741607308	0.157334269551297
-0.416284689968718	0.50576460957247
-0.463108133701634	0.471110581637917
-0.652156054605416	0.641136913607153
-0.309027761404499	0.281056215098565
0.27982854098046	0.286149066836471
0.445779505829366	0.455718433325234
0.364537336119404	0.354061631719209
0.487286394519362	0.464052754229242
0.54209397106702	0.702743710047645
0.381822267900728	0.44239035291989
-0.0546331140679092	0.042311519280342
0.520780107590495	0.544203787293874
-0.365838756970044	0.30880849492995
-0.342342497485014	0.315698165571669
-0.285533426134937	0.31032272988326
0.324718881888512	0.355283222982231
0.584067091000428	0.654605011527469
-0.0453270796304238	0.0375382029969147
-0.244313227881508	0.251782289107406
-0.398566641516818	0.410460311837279
-0.00721759173556352	0.00622533122614192
-0.140336808353307	0.151488758152669
0.244111686656006	0.346891025700895
-0.0294977713599261	0.0246027780603606
0.01084235988832	0.00791553336546157
0.203968518901924	0.211333945972203
-0.121692217545943	0.10914579950187
-0.369268222903603	0.410103929937754
0.193300949841679	0.179949203990532
-1.59650441052989	1.77911254417306
-0.348363719265503	0.348936882947697
0.216454677436406	0.193107888674943
-0.351638178762874	0.400826168740939
-0.484475981301212	0.564700273859466
-0.884097209602843	1.28498035550187
-0.445433695856136	0.711715329998885
-0.276976448646331	0.333771314891426
-0.306873531087373	0.158123119423128
-0.103771511795947	0.0690477553542998
-0.149097897238142	0.0933252703838243
-0.169064960799761	0.123262423819632
-0.0964848535473074	0.0745115690189965
0.13442957786788	0.108553731794771
-0.149763261444333	0.140861949892082
0.23726304046798	0.302723666747268
0.0735119475226594	0.0901341016196261
0.0493814671448791	0.0536650316654471
-0.49227921381421	0.591513879808873
-0.54320678255678	0.549580662892497
-0.174515830304994	0.161043649388987
-0.174190672022963	0.143595157170193
-0.67593744776843	0.780152950279356
0.310728781909285	0.266808691075455
-0.437957753827915	0.392780395609306
-0.00140610387573646	0.000848758514974465
-0.491972548076507	0.494212691756579
0.0917911034060574	0.101208995058034
0.00814603005612819	0.00894351357506392
-0.020950287791902	0.0149478965945855
-0.135556375283335	0.117077760068414
-0.132627050179212	0.122205844328964
0.101922419578711	0.101956918688708
-0.0904873037395466	0.079393771389416
-0.402988858893284	0.362422050610633
-0.269055957296573	0.230632720419272
0.688990707098373	0.625978774553725
-0.456599357585162	0.348977484876848
-1.23286670512439	1.08105427193041
-0.700760197644962	1.22623754608911
-0.527788913073303	1.2865446255016
-0.664636056004506	0.494840669739342
-0.269500079776665	0.184671601426771
0.339754392012298	0.254944713527188
0.220642780092378	0.161811091559506
-0.648764733672433	0.808567895740974
-0.826764450798226	1.45824107964558
0.294464853387479	0.502841270589196
-0.325243710180855	0.607284557029128
-0.578738695713627	1.22912270190104
-0.272243986144128	0.377487455731279
-0.475090573392209	0.339953548050401
-0.686286880670646	0.819730786948687
-0.233928846152801	0.163622911808097
-0.353761500151446	0.254116408295533
-1.52866566612492	1.39055453203209
-0.0410537455471858	0.0290961977324516
-1.60186424921364	1.78322526102681
0.811400271532802	0.75853639441214
0.479825073626022	0.624253915917107
-0.689061708352462	1.41813481413128
-0.120341284598236	0.077692165055289
0.214289677553827	0.170746667981469
-0.0902959551294199	0.0707552613110433
0.0125370002979095	0.0110366575010533
-0.12661437692769	0.102069276639984
0.0814571677404996	0.0413791865509143
0.261073951118082	0.137050154310062
-0.0333021799729315	0.0184793961295606
-0.455624663532175	1.17616999917732
-0.47060538424764	0.580700785308661
-0.348201533662682	0.338932905703742
0.242965496529532	0.27023703974635
-0.837764152403166	1.55572186153269
-0.232062897893547	0.337574310737254
-0.153427369136772	0.22971797324492
-0.0646400410146406	0.070626741440356
-0.525966593228849	0.433587802326433
-0.149887466867968	0.12373469319005
-0.865272651484327	1.34879868905673
-0.256312886420627	0.224124470314373
0.870720217483916	1.92314034598823
-0.287397096565569	0.44499868112572
0.219713368274284	0.181460932947744
0.132518124734558	0.103926567520721
-0.859306562875555	1.45108290178308
0.437669080165127	0.668949644027673
0.142179847506359	0.132507027172796
-0.140951388646703	0.115905244179498
-0.0516019096087906	0.0417752455456185
-0.296903310313344	0.298699657422213
-0.601964637720808	0.790304464766384
-0.611026841564022	0.671114028174894
-0.828086084424696	1.42825228555345
-0.696466352668353	1.14361753424284
0.0251516901343253	0.0267411145122458
0.0545383717587999	0.0594323296823943
-0.558988048822031	1.08595935522045
-0.148687214978937	0.166041503293088
-0.226613565351227	0.305055068877553
0.130642801958912	0.151850792622336
0.300423369891968	0.403816633702836
-0.259277337412274	0.331793018553724
0.101292572598134	0.11428426545753
-0.265546000556849	0.252610007482073
0.23756532579357	0.257993876567126
-0.307476472202486	0.385362926001506
-0.577047138803308	0.623238384340944
-0.657422241234357	0.990813465156186
-0.82314015844648	1.51646030797766
-0.213520975475257	0.298839449703833
-0.410387131498141	0.71750887002737
-0.171080268874578	0.197221641868295
0.202714637575299	0.233542072195653
0.314206832981506	0.455829828011008
0.0147434883979763	0.0161766602315906
-0.281187538601308	0.340934077205643
-0.625948113323388	0.828809803877586
-0.220770784855722	0.21231684915017
-0.298186121558965	0.355212142071318
-0.120086853417018	0.150278219802885
-0.371786924523068	0.56955133674437
-0.0881529730859252	0.110942654963119
-0.242501284732869	0.316509688427148
0.104076339202338	0.115662468048971
0.0217529099123716	0.0231125136207895
0.197348592530964	0.23867674124305
-0.0597070933448215	0.0542910596168495
-0.0701181744604739	0.073249295384731
-0.144374991243274	0.15352200927888
-0.129659721848962	0.138125064111385
-0.536951871189771	0.607114920748034
0.0811372331939614	0.0676699035135813
-0.452524927627838	0.560593230757625
-0.0910593377926523	0.0951630762814287
-0.0446705126644746	0.0503660046689934
-0.206308412611618	0.229567692796775
-0.0587228428122748	0.0570931396116144
-0.237093385792251	0.278218968860522
-0.253650365340133	0.357395890956979
-0.301917467431307	0.422083260244525
-0.365001590229154	0.309350894420464
-0.0733447557056184	0.0830223584379482
-0.165805622962732	0.22429739166225
-0.584717706839636	1.11711784706989
-0.369038317310246	0.58276250725444
-0.213133973757597	0.276495362280723
-0.988783901992417	2.13188113849122
-0.410857960627202	0.559594615283814
-0.420947930150839	0.734941138009001
-0.308565493389959	0.508914012534395
-0.32727796119285	0.655791218132842
-0.116291016122249	0.144277944883904
-0.502351538854101	0.872418535936694
-0.203185910797778	0.294871384645761
-0.215151250816023	0.325728884550258
0.376142207348207	0.687169856509527
0.15158220776293	0.228064325687942
-0.568865156887684	1.40424003741354
-0.396398525083967	0.668734958828298
-0.349750992402396	0.627436901734969
-0.321588703507012	0.500457111973812
-0.714100138979269	1.25807732601805
-0.628415446534004	1.26959504564612
-0.429493817485216	0.662112029162987
-0.131338843317321	0.164254429955531
-0.0425259650282633	0.0528451066848012
-0.230988888609161	0.313388290977498
0.315791658793469	0.516617587869568
-0.339778791278971	0.486833583457862
-0.232885807361294	0.344563457638031
-0.102032671740251	0.129735519700665
-0.174586604495209	0.246722558651735
-0.0952728991927228	0.118132395885662
-0.644290287303238	0.899742233485145
-0.313981821989859	0.445481342422297
-0.0632381204686553	0.0687879060469708
0.371434706983988	0.523177430025639
-0.0967992625543959	0.111639787095629
-0.146248273925314	0.194891811526154
-0.17700535470649	0.240923257436604
-0.2001565888474	0.320682886097559
-0.350003105514928	0.644704894118514
-0.24281557041359	0.404531008209788
0.0603016295299287	0.0815445591298025
-0.226342333700795	0.347436863919705
-0.255604562963517	0.395731061084516
-0.257338979220652	0.371138062273899
-0.624166290888984	1.31352521376568
-0.324782602149983	0.543700465548852
0.199414223852892	0.284910083150126
-0.713746933110383	1.81977498543386
-0.108142880320048	0.126290460118226
-0.219690315159977	0.319556018316789
0.162135582531253	0.213530520811188
-0.263845348949326	0.391873141228958
-0.434074405435171	0.848167814898247
-0.314389337127326	0.45417773664105
-0.699910256281556	1.56351730255916
-1.0832080852648	1.80245979126871
-0.121762214050241	0.133632405073956
-0.496374269753127	0.768718405925721
-0.0653111860767742	0.0758007546014964
0.0295030597829171	0.0314913339685241
-0.151623964058264	0.171918008970961
-0.668353702833857	1.50283043504004
-0.439428501645805	0.613400826622013
-0.386175551960789	0.394549669424636
-0.00579233524274587	0.0043212554596567
-0.182169848158269	0.210344111411861
-0.0394210445582777	0.0328317090346018
-1.12921055359038	1.76682632228531
-0.419291820855425	0.514144967554185
-0.559671517833205	0.717082910973841
0.0373844097440942	0.0318159623253929
-0.244459061538281	0.215553104828084
-0.626540884412078	1.24850675592942
0.121471036546703	0.12186522771226
-0.30663120271623	0.395481586151269
-0.147645459193881	0.130221587893293
-0.201414369182794	0.197321691116149
-0.2302433966558	0.216752203995636
-0.536263486934808	0.939223661571239
-0.151666336542469	0.176371732792104
-0.0744814009735983	0.0660457782489385
-0.307283096196643	0.286628578383778
-0.1974369984871	0.175352537759558
-0.400395066775433	0.419719288364123
-0.299307973530821	0.25832397884803
-0.775841129751648	0.627064493885046
-0.371642197705292	0.665434342146765
-0.0371063697903665	0.0461622044150687
-0.262525120841176	0.44533147162143
-0.386935243901365	0.696997431255577
-0.44627958382336	0.631555391365805
-0.831674807609433	1.47383560027715
-0.0882381989408971	0.112529012895478
-0.204349042816868	0.33735162483644
-0.17543829256703	0.266524694086255
-0.115037938705202	0.127756392285256
-0.355566281478955	0.608737717672745
