x	y	clickSelects
0.056735420254461	0.493803587546901	17
-0.094465773487342	0.423982456133211	17
0.081937706526514	0.584125438133178	17
-0.124510970094572	0.411186162126768	17
0.026456695350016	0.480822152143688	17
-0.069793497136044	0.358609735965618	17
-0.078738481728484	0.365260133999406	759
0.073295485885853	0.48133862313555	17
0.076784825626496	0.49630343151976	17
-0.028441873937004	0.173900761007562	14
-0.040387313666748	0.468464116256647	14
-0.071065859706603	0.454212045147413	14
0.108590090212448	0.635808240456776	17
-0.046035850278784	0.374551981145313	17
0.030052131119537	0.258864438018792	333
-0.076133122430765	0.349592526101659	251
-0.117963442428011	0.156497220770852	9
0.078107507400156	0.499204178853118	9
-0.016578809872721	0.26468190365795	9
-0.079389326739063	0.371223392200209	9
0.083652155949127	0.488587551955918	2
0.082872839285312	0.381778867139926	2
0.0730622257404821	0.389823437502273	2
-0.0311255445481	0.167771162660396	210
-0.032980920810125	0.367734461211751	5
-0.024120455524871	0.170958341158025	110
0.050653349008751	0.271980352764849	46
-0.025742204616955	0.171205487264736	46
-0.018775541372845	0.266650527315131	46
-0.108026048867177	0.244847165886697	46
-0.118978376095057	0.155402003494633	46
-0.02877631167436	0.173644512897175	60
-0.034128317899022	0.17006053637181	18
-0.029078788846085	0.173073255821478	13
-0.028441873937004	0.173900761007562	13
-0.117301555479459	0.15549131738934	13
0.124133365026761	0.197625616439368	85
-0.027799332430055	0.173060458267072	85
-0.027799332430055	0.173060458267072	1
-0.029078788846085	0.173073255821478	165
-0.113966855716624	0.157916651360879	17
-0.028468825556319	0.169057345385475	17
-0.028441873937004	0.173900761007562	17
-0.123892582275352	0.152459379316407	17
0.12114861869884	0.279479083867092	17
0.118566088379001	0.189091298058498	333
-0.027492516736473	0.169428702216176	251
-0.109907837900198	0.155095782934507	17
-0.12353833325711	0.152689631867009	17
0.116367134285822	0.279107916178705	17
-0.020794836521789	0.168162372739556	17
-0.031426607902758	0.167493204961426	17
0.123493832958361	0.197795733894146	17
-0.00275411959285998	0.367237022995618	17
-0.100608998705935	0.448857850866843	17
0.060245894659914	0.579481407299511	17
0.046018691701431	0.48319505129069	17
0.021783860092022	0.476721715413346	17
0.082537379062813	0.383744231805079	17
0.115655587522578	0.739323877951358	17
-0.036910404017399	0.362452147141303	17
0.021479562434385	0.36753226091515	17
-0.048942774532563	0.373172998642043	17
-0.083546652711797	0.361446337041856	17
-0.028946140254606	0.253973308913479	17
-0.010064148174445	0.366702637733732	17
-0.019569042052154	0.375258252516357	17
-0.102729951704419	0.524339776894422	17
-0.017603330150139	0.268859144190581	17
-0.020574806036933	0.269722437786369	333
-0.028599925794129	0.375598998320036	158
-0.098628321006226	0.361241265613984	158
0.030187517181148	0.377148264963926	158
-0.069460170926457	0.260210458278827	9
0.085979741807845	0.480843796130805	9
0.120350117859196	0.289968354715218	9
-0.029110838291211	0.169836560265533	49
-0.120499281416672	0.150933439156122	2
-0.024455957271692	0.174341861986265	5
-0.116585025688437	0.236066901303018	5
-0.033936756097487	0.356962576064315	5
-0.040138751546109	0.16084017384289	5
-0.030787648698678	0.170475170397049	46
-0.027799332430055	0.173060458267072	46
-0.119443980543202	0.154530039605557	46
-0.02479154844754	0.174086333588503	46
-0.118625748284016	0.156401863873602	46
-0.103189530313575	0.243647366211181	46
-0.029413832966949	0.172818763268529	46
-0.028441873937004	0.173900761007562	46
-0.034430455244034	0.166924337100382	46
-0.030149465626653	0.170514802132598	60
0.046626061858237	0.278457068083501	60
-0.02479154844754	0.174086333588503	18
-0.029413832966949	0.172818763268529	18
-0.117610798599704	0.155996282087211	1
-0.02877631167436	0.173644512897175	1
0.123493832958361	0.197795733894146	1
-0.028107525036302	0.170490516965899	1
0.124389535109194	0.197734208595323	1
-0.115997924336341	0.153610568373182	372
0.021287514987482	0.558334747909243	17
0.112407518447009	0.748950164717912	17
-0.092182872661474	0.249547677059818	17
0.045398760181713	0.625917390302002	17
-0.065005837992055	0.448531108496946	17
-0.029154190944263	0.368095418221091	17
0.122766821848418	0.839880910119986	17
-0.114404711934522	0.427955069832966	17
-0.031602490556323	0.254134640083991	17
0.019385588718366	0.688822734376918	14
-0.072306368686478	0.569391622963035	17
-0.064722485926279	0.259560063413104	333
-0.031426607902758	0.167493204961426	158
0.051696880073535	0.543682851151653	9
-0.11422257586703	0.431454599013655	9
-0.103217894250946	0.437116684635132	9
-0.098255016960293	0.354333697390816	9
0.079796820595699	0.49609157384302	2
-0.081286517503568	0.241035858549951	2
-0.053685831627466	0.36690068313567	2
-0.026237659060502	0.264691033849774	2
-0.120458406278558	0.358014547220117	2
-0.028743846322362	0.16970123630098	5
-0.117301555479459	0.15549131738934	5
0.04906896219639	0.484568418729275	5
-0.108026048867177	0.244847165886697	46
-0.119090261183212	0.154762044119738	46
0.022768189066663	0.441555182756152	46
-0.025098699439262	0.174305828211983	46
0.042673899649155	0.282838963018334	46
-0.121126215207545	0.146843339425777	46
0.120021983698475	0.287635502156229	46
-0.075126496092277	0.249186368191684	46
-0.078488748115123	0.250825710151551	60
-0.020280878145761	0.268819266042678	60
-0.029078788846085	0.173073255821478	9
-0.027799332430055	0.173060458267072	18
-0.114011079377239	0.156856312018295	18
-0.072732734849105	0.254242950726218	44
-0.021773310059932	0.166526903032937	13
0.120350117859196	0.289968354715218	13
-0.020458084685342	0.168399385043788	85
-0.119792104301872	0.153958688203184	1
-0.02877631167436	0.173644512897175	1
-0.027799332430055	0.173060458267072	1
-0.120493845321775	0.151008723428211	1
0.059859717639598	0.575904000073343	17
0.047139240798027	0.703933244098597	17
-0.00435958308163997	0.545226081694981	17
-0.123533427557396	0.354403691983506	17
-0.094758283859136	0.408110355986611	17
-0.032991168191379	0.359805509928532	17
-0.070662856736788	0.258925824146404	17
-0.048999260335071	0.621348131594557	17
0.108862112223799	0.483448799044675	17
-0.112879040759051	0.349370786595907	17
-0.056701347314347	0.444153960942199	17
0.002945419208355	0.373695044843339	333
0.01626857845796	0.461361686295748	251
0.116158244118039	0.600768351655646	251
-0.081477073968995	0.340990721644208	9
0.037033693503071	0.373406597563505	9
0.037089991522186	0.277797196905933	2
0.077492750585043	0.391303619514676	2
-0.019841607108566	0.26850409291732	2
-0.024763463145744	0.170916076525265	2
0.118606286769641	0.275784823307494	2
-0.025543360878395	0.368735221126044	2
0.025461110023647	0.371905882820811	2
-0.077743031740221	0.251018625084631	2
-0.066208651670735	0.260523362797263	2
-0.070662856736788	0.258925824146404	2
-0.028134034490003	0.172806906043131	5
-0.102580672974752	0.252743012812737	5
-0.07682031753646	0.252049030914224	5
-0.029110838291211	0.169836560265533	46
0.037199203403537	0.274673969788445	46
0.123749369679057	0.197904329442775	46
0.035964963363228	0.273387535149407	46
-0.118625748284016	0.156401863873602	369
0.029007440502078	0.260154374691576	9
-0.034128317899022	0.17006053637181	44
-0.12014057556475	0.148730054636821	13
-0.037111247689373	0.528016507814996	17
-0.034713480166649	0.247732803639742	17
-0.118388316468157	0.154245254292467	17
0.035762831556013	0.265329333225366	17
-0.121232960760982	0.255863749222893	17
-0.10871208448491	0.25490009992713	17
-0.029359156117674	0.166325523540639	158
-0.118742213907014	0.154014976686484	2
-0.025434025034098	0.174050129956977	9
-0.025742204616955	0.171205487264736	2
0.123749369679057	0.197904329442775	2
0.123493832958361	0.197795733894146	730
-0.034767095839651	0.169258406159813	46
-0.028134034490003	0.172806906043131	302
-0.025098699439262	0.174305828211983	44
-0.109234635154681	0.348691593544993	17
-0.014471497733789	0.340762877235058	17
-0.029058749612648	0.259255410238839	17
0.037856066351626	0.376341804519982	17
0.023938621358001	0.372897522774477	17
0.0718102582226941	0.388593077941679	17
-0.073280284424846	0.259440205284312	17
0.078118577945881	0.636454606657242	17
0.076454158498192	0.496703098105851	17
-0.1213165577506	0.226455828247687	17
0.11247223000722	0.503828805815208	17
-0.014203107385913	0.264251573053596	9
0.0385371223323721	0.278028553836216	2
-0.02479154844754	0.174086333588503	2
0.124133365026761	0.197625616439368	2
0.124770777105684	0.294733620707325	2
-0.111671411582043	0.24656350418551	2
-0.023478213910337	0.168244824967691	5
-0.118273208503661	0.155900053042255	5
-0.028743846322362	0.16970123630098	46
-0.021100250863162	0.170272661232154	9
-0.029110838291211	0.169836560265533	9
-0.025434025034098	0.174050129956977	106
-0.0311255445481	0.167771162660396	44
-0.027799332430055	0.173060458267072	44
0.124389535109194	0.197734208595323	819
-0.024485785292385	0.167611648346672	1
-0.028441873937004	0.173900761007562	17
0.124133365026761	0.197625616439368	17
-0.029811391995942	0.168172845773131	17
-0.117963442428011	0.156497220770852	17
-0.024455957271692	0.174341861986265	26
-0.122534320077076	0.151624767131681	17
-0.035103826426053	0.166568443085508	17
-0.109907837900198	0.155095782934507	17
-0.02877631167436	0.173644512897175	17
0.124681786236784	0.293259506159697	17
-0.021013690450166	0.270045555845676	251
-0.024763463145744	0.170916076525265	158
-0.029110838291211	0.169836560265533	9
-0.119599276934462	0.151447745286751	9
-0.10745408826769	0.254323916056391	9
-0.027799332430055	0.173060458267072	2
-0.122733657046171	0.145307695748129	2
-0.027464719333534	0.169705163747628	2
-0.122878487505061	0.152788630326036	5
-0.028743846322362	0.16970123630098	46
-0.02479154844754	0.174086333588503	110
-0.118273208503661	0.155900053042255	160
-0.034767095839651	0.169258406159813	46
-0.026077264986138	0.170958339585501	13
-0.119993606844253	0.150931791490118	17
-0.114319852295734	0.158428137895593	17
-0.124198603434929	0.151516954174281	17
-0.028134034490003	0.172806906043131	17
-0.114982239198046	0.157618957334399	17
-0.0311255445481	0.167771162660396	17
-0.12353833325711	0.152689631867009	17
-0.033827573395974	0.166581401032966	9
-0.04915919074325	0.512203267412299	17
0.01147801856338	1.24169887530525	17
-0.011583540702651	0.945971111983776	17
-0.115726394513228	0.652197226696184	17
0.044561716974882	0.927688580810404	17
0.00199053229861301	0.377376611295127	17
-0.064029156025468	0.857353694041398	17
0.009895409466956	0.710539284940343	14
0.00325206165756697	1.153739326728	17
-0.103497711969303	0.252909940450894	17
-0.026817222901431	0.47130941891937	158
-0.111274890084451	0.592000179482278	9
-0.043539842467418	0.413797433799025	2
-0.042868285938994	0.735650874702009	2
0.113476724393172	1.22434298662731	2
0.000114156408073995	0.890539340937139	2
0.060553692602895	0.631520818044428	2
-0.06669803007954	0.258542855821861	2
-0.047016718340899	0.660433925429864	2
0.06001319956359	0.681206806504499	2
-0.093202769132292	0.564491240150231	2
-0.077719266921785	0.667179763332481	2
-0.00272199153490998	0.750094132287789	2
-0.114807194561146	0.36475202861734	2
-0.032649777518267	0.453685195948568	5
0.103237686213978	1.02072889462598	196
-0.082785252695167	0.364469226036208	46
-0.10645876348738	0.356434215183448	46
-0.115113382889624	0.352966137292354	9
-0.042410416192301	0.557594672090228	46
0.064264167830606	0.567082011754178	9
0.088584536239017	0.581447612887068	302
-0.098545179218448	0.361847811869937	9
0.00852438992440197	0.484170219050176	9
-0.075233106458033	0.509141134259556	9
-0.114946929695625	0.151451466436269	9
-0.052053652573172	0.35565875316639	44
-0.061945526023012	0.257642886874999	44
-0.016305176173847	0.46113627602184	44
0.0288929526742711	0.374597518858953	44
0.11879850966562	0.4993345953609	44
0.028535006216691	0.485040787631014	1
0.019649709168487	0.465457967560069	1
-0.119090261183212	0.154762044119738	1
-0.081651133065882	0.241059824865672	1
-0.036908576896909	0.356110928992196	1
-0.026192730445137	0.260273928409034	1
-0.11529476711404	0.151506143013537	1
-0.020770987282916	0.264532069191122	1
-0.027799332430055	0.173060458267072	28
0.044195309610451	0.274457962113821	28
0.123493832958361	0.197795733894146	28
0.123493832958361	0.197795733894146	28
0.124772770298551	0.193637018333257	57
-0.028441873937004	0.173900761007562	57
-0.029811391995942	0.168172845773131	57
0.122094918293228	0.290390961560003	17
-0.017456783609906	0.345648333005348	17
0.114677120789249	0.502422838492791	17
-0.12353833325711	0.152689631867009	17
0.054006837149668	0.562788652523391	17
-0.080504697220575	0.361620754021298	17
-0.123232841586817	0.152558557205109	14
-0.024590455795845	0.370367242103065	17
0.036908214146717	0.37852663446856	17
-0.114982239198046	0.157618957334399	158
-0.086612889753875	0.355609123699998	158
-0.006674828580082	0.354542806977147	2
0.041553753586672	0.281472972707066	2
0.068941057100421	0.378087188161779	2
-0.109555446823696	0.154630871722527	2
-0.123232841586817	0.152558557205109	195
0.124389535109194	0.197734208595323	2
-0.118625748284016	0.156401863873602	2
-0.034128317899022	0.17006053637181	2
-0.020869029187433	0.267401516299483	5
-0.11131356576718	0.152434584131282	5
-0.033791410565306	0.167700228204841	44
-0.114982239198046	0.157618957334399	1
-0.065926608349899	0.26017062748781	17
-0.117963442428011	0.156497220770852	17
-0.11462934717056	0.157114309054217	26
0.042027572823286	0.256247513033822	26
0.087883250377138	0.38246159671186	17
-0.118583687328382	0.151821992210382	26
-0.034128317899022	0.17006053637181	17
-0.025352385523439	0.267717665978132	235
-0.029078788846085	0.173073255821478	158
0.037089991522186	0.277797196905933	9
-0.114319852295734	0.158428137895593	2
-0.028134034490003	0.172806906043131	2
-0.027799332430055	0.173060458267072	2
-0.034898354550319	0.159642275356037	2
0.123749369679057	0.197904329442775	2
-0.119288471122515	0.155184266731623	2
-0.029110838291211	0.169836560265533	46
-0.028441873937004	0.173900761007562	302
0.122854175633022	0.19385195429685	1
0.019082454833395	0.613288099903114	17
-0.091020334601793	0.341236726131696	17
0.107761183085345	0.679816712872031	17
-0.047651619769796	0.361857933171641	245
0.082497119980629	0.495197151681594	17
-0.034936853427496	0.543609973868731	17
0.115354719947415	0.500082062931282	17
0.00595594635877705	0.780537898808375	235
-0.084329508589097	0.354687893842873	17
-0.075955890175052	0.370221838427531	17
0.120384462729811	0.282709034946047	343
0.051623620075815	0.495130434965238	158
-0.029748978736977	0.16905111959911	2
-0.039518530210615	0.438477057179388	9
-0.00999994145737099	0.478195170797943	2
0.124770777105684	0.294733620707325	2
0.026471340356734	0.365765580159108	253
0.00155704781096	0.356459235076429	2
-0.022394471684971	0.266170750440248	2
-0.094421707203275	0.358622821885213	2
-0.082114728703567	0.242322073746549	5
-0.029811391995942	0.168172845773131	5
-0.020869029187433	0.267401516299483	5
-0.00807998773686303	0.372627549019801	46
-0.031426607902758	0.167493204961426	46
0.02605286707064	0.460840669877532	46
0.038315574538522	0.276547476791009	9
-0.023646237554624	0.264001420141946	46
-0.109498271707603	0.253603224889538	9
-0.066951171271548	0.259005560156235	9
-0.106807165262996	0.148697888705047	9
-0.105848965141567	0.252213495130198	9
-0.11933109197843	0.152072672189953	9
0.074264075969972	0.377435420913471	90
0.119659406465365	0.287279041529021	90
-0.029078788846085	0.173073255821478	37
-0.030449843442321	0.168128956126301	13
0.123749369679057	0.197904329442775	197
-0.025742204616955	0.171205487264736	1
-0.027799332430055	0.173060458267072	91
0.043073174816695	0.281025196494263	6
-0.027464719333534	0.169705163747628	1
0.123749369679057	0.197904329442775	1
-0.028441873937004	0.173900761007562	1
-0.110963059707564	0.153988592002744	17
0.042564973292466	0.274116887303467	17
-0.024149838579136	0.171216551002296	17
-0.040477977338351	0.160726625511504	245
-0.030673523454202	0.259581900320893	26
0.0337835982924291	0.270886130476341	17
0.124770777105684	0.294733620707325	9
-0.02877631167436	0.173644512897175	2
-0.030362891525725	0.165698574856198	2
-0.025127229095696	0.170305793951334	5
-0.028134034490003	0.172806906043131	5
-0.118625748284016	0.156401863873602	9
-0.118316174335936	0.155498649868734	9
-0.03517474924146	0.782899717841712	17
-0.123332457475757	0.583467225072154	17
-0.051104482546602	0.653963790762777	26
-0.084869422773831	0.716660048059477	17
0.00434896325080503	0.703278294918851	17
-0.016176138114041	0.951745022974121	17
0.036486282098483	0.842866845127257	17
-0.104972622314407	0.255444140722156	158
0.076232080111592	0.946765071797202	2
-0.042007616853121	0.67140896254783	9
0.031525144641156	0.831007884689506	2
0.00494464308535303	0.551209113103741	2
0.00448182924663298	0.627200675968182	2
-0.025461296868583	0.262123821064352	2
0.089508798120488	0.595172563796932	2
0.109810596907373	0.59421911423862	2
-0.110251113163709	0.361308576156816	2
-0.03380428805409	0.46164598590857	2
0.124281890372238	0.587554242147277	2
-0.085480343634539	0.504258160587066	185
0.07838365211013	0.387214724690169	2
-0.069919854481493	0.259671183434347	157
-0.079152279581427	0.338181476963002	5
-0.076600352794424	0.508423032352247	5
-0.072549674756568	0.249537475875625	5
-0.110858794856349	0.431640624811547	5
-0.049286534164168	0.362915631210268	46
-0.089283588924809	0.436603471139548	46
-0.057620460405501	0.347963714756105	9
-0.023813981466244	0.171463641376464	9
-0.10871208448491	0.25490009992713	9
0.108472547666856	0.486319267833805	90
-0.00547809410540701	0.370769128755014	90
-0.104281835108376	0.253700780840795	90
-0.02479154844754	0.174086333588503	37
-0.031846577426211	0.255372847976301	44
-0.101014110952244	0.255578453944039	10
0.042996012414088	0.281683533635359	13
-0.028441873937004	0.173900761007562	197
0.04742959294559	0.27718282282581	91
-0.114276543314032	0.154172478009427	91
-0.12353833325711	0.152689631867009	6
-0.117610798599704	0.155996282087211	1
-0.114319852295734	0.158428137895593	28
-0.091871125491553	0.998002771445989	17
-0.091966148619528	0.514990742162522	17
-0.12346925243849	0.51379586132376	26
-0.077334632526564	0.508316507307919	26
-0.00909026637705701	0.684628825814538	17
0.035738169366756	0.370117359044531	235
0.0194880966383471	0.748258863399775	235
-0.065070344165541	0.654305052340247	235
0.049487384271788	0.869391981601138	17
0.010945107193023	0.618514124229762	17
-0.017950762027796	0.549543098452735	17
0.0449579449126239	0.261537008086071	158
-0.118978376095057	0.155402003494633	158
0.037492998726246	0.276883702765847	158
-0.117963442428011	0.156497220770852	158
-0.113252695003249	0.511140852328297	9
0.00774904937272003	0.47093962826631	9
-0.065018710632799	0.446030290237761	2
-0.029595145153287	0.363502358115785	2
0.01500356294996	0.544902459286876	2
0.0215407490010821	0.561071325989151	2
-0.025503235274701	0.263526937831175	2
-0.028195032270545	0.362506354120113	2
-0.094194784988425	0.366600522793414	2
0.114631704559582	0.611248658332646	2
0.024009953993379	0.357496248109144	2
-0.015960914950904	0.340499292342793	185
-0.114672937136438	0.157413748425412	2
-0.00378742937070098	0.457226237016859	185
-0.027464719333534	0.169705163747628	5
0.073946373229529	0.376655975798149	5
0.062599676635513	0.491077838843536	5
0.056487540772534	0.561252622111103	5
-0.02608474632771	0.458296960752976	5
-0.118273208503661	0.155900053042255	5
0.069174729630451	0.375673394183341	46
-0.088895702631909	0.250355502483564	46
0.01054544003602	0.474732647609344	9
-0.034128317899022	0.17006053637181	9
-0.073924777770752	0.252100853974111	9
0.076710279820491	0.488187870117591	9
-0.025503235274701	0.263526937831175	9
-0.028441873937004	0.173900761007562	9
0.070432649661034	0.374969407038565	90
0.123493832958361	0.197795733894146	90
-0.124246920166802	0.149678560024963	37
-0.070318003196053	0.259972430046524	68
0.122222167908539	0.186728169237603	44
-0.123232841586817	0.152558557205109	10
-0.110963059707564	0.153988592002744	13
0.038638734259801	0.276207805014844	13
-0.078773092135029	0.250921911347979	1
-0.02877631167436	0.173644512897175	91
-0.029413832966949	0.172818763268529	1
-0.028441873937004	0.173900761007562	57
0.110432037588008	0.725341339709625	17
0.108098835977919	0.496519321803016	17
-0.045495905526017	0.368856799826098	26
-0.118603111678823	0.229801489028903	26
-0.003633991914054	0.351268222009321	26
0.019820965938029	0.474732788950301	17
0.029015843586895	0.573529730976665	235
-0.111257067454249	0.367354092185348	17
0.096559451420975	0.665208942181826	17
-0.094416428625874	0.252248835435801	190
-0.054796834505505	0.443973211432429	9
-0.025182264560534	0.466605279822187	9
-0.080047455627012	0.354182001260368	9
0.053709869739674	0.490518079270354	9
-0.05063405122045	0.361984068881065	2
0.034439295923839	0.383803436567268	9
-0.109906418186035	0.151722168410366	2
-0.069000639415548	0.259375922630416	9
-0.031602490556323	0.254134640083991	9
-0.113966855716624	0.157916651360879	2
-0.027799332430055	0.173060458267072	5
0.121693970859574	0.511000870395841	5
0.028951746325097	0.381301232531727	331
-0.028441873937004	0.173900761007562	5
0.0379185734231	0.27611373602271	9
-0.122534320077076	0.151624767131681	9
-0.030362891525725	0.165698574856198	9
-0.02877631167436	0.173644512897175	9
0.035310765745151	0.270509762525111	9
-0.124198603434929	0.151516954174281	90
-0.12353833325711	0.152689631867009	9
0.124770777105684	0.294733620707325	37
-0.033153134288469	0.166936747068741	68
0.0374095200584	0.276946983337553	10
-0.02877631167436	0.173644512897175	13
0.123493832958361	0.197795733894146	13
-0.028441873937004	0.173900761007562	1
-0.029413832966949	0.172818763268529	1
0.041154696164633	0.27881268979787	17
-0.029850495295475	0.165178578253882	26
0.010278363706941	0.757555746453948	17
-0.02877631167436	0.173644512897175	17
0.079861608096116	0.503086409118121	235
0.022217209100461	0.368789700193501	17
-0.006433690042215	0.36917036237644	190
-0.119792104301872	0.153958688203184	158
-0.024455957271692	0.174341861986265	158
-0.122534320077076	0.151624767131681	158
0.10444431389115	0.469351082052167	2
-0.105065586099038	0.253469658525595	2
-0.028231368931398	0.253257877600336	2
-0.109813099541642	0.250373781020729	2
-0.02877631167436	0.173644512897175	2
-0.027799332430055	0.173060458267072	5
-0.071122465668775	0.257039154034295	5
-0.026820895522298	0.266058749565999	331
-0.117258242809654	0.153072996928601	46
0.123990516620877	0.286709125230322	46
-0.034430455244034	0.166924337100382	289
-0.113613947357624	0.15494071056255	289
-0.109969557341512	0.253025226822109	9
0.121368616436967	0.284418490923795	9
-0.118273208503661	0.155900053042255	9
-0.02877631167436	0.173644512897175	9
-0.110963059707564	0.153988592002744	37
-0.110260322559163	0.154153761441499	10
0.122094918293228	0.290390961560003	268
0.124133365026761	0.197625616439368	13
-0.056704641537157	2.3655484340305	17
-0.06998100131267	0.359424919580276	235
0.0244465567401601	0.638670814221542	235
0.035267532789163	0.626326645082295	235
-0.035248072575586	0.541482503056973	235
-0.087675783677932	0.523146442083449	17
0.0000400316642999998	0.548728117226934	158
0.083727958139376	0.484389814723361	158
-0.101019421782391	0.44568982330414	9
0.060035317536787	0.484978882499144	2
-0.058021719053573	0.351627227306129	2
0.0492993079922111	0.490263522428985	2
-0.012035056957392	0.362173915210259	5
0.121040921410795	0.290813070958169	5
-0.083857400076235	0.439575336071174	5
-0.120871292300078	0.250654202012544	5
0.00167182750094996	0.368970267133745	331
-0.05214422422436	0.366478618456805	5
-0.00709822908132002	0.36197361268023	46
-0.107101067750724	0.24873148872414	289
-0.025769439973445	0.170263190359371	9
-0.102110941778618	0.252741872781125	9
-0.021307376775217	0.269585794818174	76
0.115266904811615	0.506116246839737	9
-0.033791410565306	0.167700228204841	9
-0.026498055517428	0.162409674253309	90
-0.028441873937004	0.173900761007562	90
-0.028441873937004	0.173900761007562	37
-0.025769439973445	0.170263190359371	68
-0.117301555479459	0.15549131738934	13
-0.112951775534906	0.154418887710246	13
-0.028107525036302	0.170490516965899	13
-0.02877631167436	0.173644512897175	6
0.124772770298551	0.193637018333257	66
-0.014145574665298	0.757959028710373	17
0.0491995527442291	0.488135800421403	235
-0.031135594475778	0.480232393815958	17
-0.093106978680408	0.507167581656923	17
-0.083009202510454	0.447677120493784	17
-0.124792995812198	0.911301633456205	158
0.082065860884578	0.480571243063679	9
0.050894442034128	0.645447359384922	2
-0.078560026259055	0.355641311110752	5
-0.098373409683665	0.352272711623825	5
-0.020263205815771	0.774778227766473	5
-0.063978839773964	0.256852307064689	9
0.115354719947415	0.500082062931282	9
0.091682103738577	0.632550311126398	9
0.108436244066846	0.588566311922308	76
-0.1133047885325	0.157355077558861	90
-0.024455957271692	0.174341861986265	37
0.00923808026461603	0.604634243545363	37
-0.020794836521789	0.168162372739556	10
0.122854175633022	0.19385195429685	268
-0.023478213910337	0.168244824967691	268
-0.102349719095273	0.429885782962915	13
-0.027157550000686	0.169672404181639	6
-0.110727361217491	0.361530706005241	6
-0.034767095839651	0.169258406159813	6
-0.054678668290986	0.42737950584267	841
-0.111516631692019	0.246560938656424	66
-0.027799332430055	0.173060458267072	6
-0.027799332430055	0.173060458267072	83
-0.029110838291211	0.169836560265533	57
-0.024375072902844	0.664384163831776	17
0.042274488031622	0.282388833713572	17
-0.0446179598422	1.1596217710663	17
0.117739974906114	0.984534387486042	17
-0.027105222597916	1.3740692684693	17
0.00389455658835702	0.476911208464848	17
0.071307501136899	0.733759018004084	9
-0.033400811472995	1.33121838850298	17
-0.051173331696075	0.367195775830332	9
-0.054011540964902	0.449310999235767	17
-0.118854995539219	0.86069513686529	9
-0.02877631167436	0.173644512897175	9
-0.061179756455016	0.452104501022932	9
0.067648834586566	1.37624046586438	2
0.037347067703185	0.62679749865169	331
-0.018565152843894	0.674057921138767	331
-0.061563716996313	0.784256530017592	331
0.081440451442134	0.498561514291786	9
-0.039463906555092	0.529751678340041	9
0.040833808030096	0.278729641906127	90
-0.119797794160602	0.151704464757904	37
-0.097507421053195	0.363330529893439	37
0.124133365026761	0.197625616439368	37
0.058624082000434	0.577895720412009	37
-0.118625748284016	0.156401863873602	268
0.034908709131277	0.271365423101084	10
-0.113613947357624	0.15494071056255	129
-0.116948807468034	0.155003016540274	13
-0.025742204616955	0.171205487264736	13
0.042996012414088	0.281683533635359	13
0.044862600616093	0.270978373266665	13
-0.029693633205376	0.169510793978325	1
-0.028743846322362	0.16970123630098	91
-0.025434025034098	0.174050129956977	6
-0.029078788846085	0.173073255821478	83
-0.029811391995942	0.168172845773131	83
0.124772770298551	0.193637018333257	57
-0.029078788846085	0.173073255821478	28
-0.054206758512841	0.725947289864576	235
-0.124762447948157	0.641292273212404	17
-0.050568942090311	0.998936230034875	17
0.00661824145090795	1.1887446663652	17
0.01438738793435	0.805136593710812	17
0.025818089970824	0.986844189205986	158
-0.066089068582062	0.846992143034978	17
0.0296950541091841	0.625453054869524	17
0.078555707138579	0.669819612379833	17
0.023766563827149	0.791428693613155	17
-0.021743190769196	0.16810798477004	9
-0.113535194766838	0.147518822049906	9
-0.05846579369654	0.698783605245572	2
-0.041271082693598	0.926583949216176	2
0.004173104761517	0.552040210497427	185
-0.012692557891224	0.533281894640104	331
-0.026183774968198	0.599881147140494	331
-0.078651287170989	0.624017494314916	331
-0.05351567810771	0.582067305339755	5
0.0950627443876409	0.838412632836655	5
0.101401035689973	0.920052739802608	46
0.122199404714307	0.741010030709403	9
-0.01244679494135	0.623010202026318	76
0.060405645730621	0.620668914115556	76
-0.045529183270857	0.44861120096043	76
-0.102936991072318	0.354332809359251	9
0.033206337859928	0.377810086774337	9
-0.027799332430055	0.173060458267072	90
0.035632914692691	0.268631238899493	90
0.063478811612414	0.362347520751999	37
0.043073174816695	0.281025196494263	37
-0.02560328269255	0.261855382172365	268
-0.117654391619483	0.15451194542219	268
0.034185300154931	0.272567533205496	10
-0.028107525036302	0.170490516965899	10
-0.118625748284016	0.156401863873602	13
0.0445189780612551	0.277879646635557	13
-0.063747464713665	0.369612535165955	13
-0.118273208503661	0.155900053042255	6
-0.029748978736977	0.16905111959911	6
-0.029413832966949	0.172818763268529	66
0.0379185734231	0.27611373602271	66
-0.028441873937004	0.173900761007562	83
-0.028441873937004	0.173900761007562	57
-0.029359156117674	0.166325523540639	57
0.0541432173718041	1.02480317188983	17
0.091291093555707	1.41748625238057	17
0.02747586424975	1.34860489496612	17
-0.013205218011136	0.829831826493629	17
0.018176273303986	0.470372742354082	17
-0.103267731302418	0.706578461902737	235
-0.082948976734357	0.524734610818569	17
0.025305926496861	0.921008424884652	9
-0.039259580773757	0.571744418682744	17
-0.00328814656354998	0.968522578546554	2
-0.075345654223263	0.364292865057052	2
-0.018335338671675	0.26793307967604	5
0.071317193152591	0.356285278705736	5
0.116402997864021	0.606301152668844	5
0.123167748625781	0.879516365295786	5
-0.034627144133592	0.684677248457283	331
-0.108516933469129	0.442074331414729	331
-0.035584088530701	0.525087901078645	331
-0.075073838233326	0.61237564840012	331
0.090753683844668	0.675017090730423	331
-0.034886243305827	0.659994755487007	331
-0.014737855963947	0.459484128851424	5
0.0204481224102619	0.757152758789527	5
0.035137855787011	0.37045650676802	46
0.033358192028953	0.590253035569492	9
-0.010464454577352	0.367241669695821	9
0.033097361719321	0.48220347448476	9
0.031955555571482	0.374380741292494	76
0.11977688027506	0.610423297344586	76
0.054331035011215	0.487428048504014	76
-0.046645953130283	0.522024841759458	9
-0.105848965141567	0.252213495130198	9
0.077340026466951	0.381772981922279	9
-0.071062772358721	0.258426488513028	37
-0.122878487505061	0.152788630326036	10
-0.111987277164398	0.247308557158083	268
-0.11462934717056	0.157114309054217	10
-0.012909086091362	0.360150128438389	13
0.0327408676951469	0.271041086186757	13
-0.021745874786027	0.269910043751504	13
-0.034465315352361	0.167341962182455	13
0.042351459778267	0.280118898787308	263
0.039036224013886	0.276641593348037	13
0.042673899649155	0.282838963018334	91
-0.026077264986138	0.170958339585501	91
-0.118273208503661	0.155900053042255	6
-0.029693633205376	0.169510793978325	841
-0.027157550000686	0.169672404181639	66
-0.118936035255178	0.154693651039811	535
-0.0311255445481	0.167771162660396	69
0.124772770298551	0.193637018333257	69
-0.028134034490003	0.172806906043131	57
-0.035406639192306	0.165820817270706	57
0.071453490022348	0.374317673231527	57
-0.035531411915207	0.162070176794891	57
0.049929712709614	0.911481687309118	17
0.041525799418475	1.27906379955706	17
-0.123528363731837	0.363740098599713	17
-0.059040176843223	0.795831365739576	17
-0.120839031400173	0.58976163785039	17
0.057193026334186	0.7244821675246	17
0.012171985135952	0.85643728344881	9
-0.107827881299391	0.626063520085706	9
0.066430221988369	0.877015278069143	9
-0.048903195186917	0.534215478357892	9
0.015812402046267	0.69107583329114	9
0.105808690348586	0.673946735294838	2
0.0653133414291071	0.92898604454692	239
-0.022023871490015	0.452890786844234	2
0.120712869718874	0.290330747439082	5
0.097444338784865	0.446196853031183	5
-0.10242519105146	0.499255295729958	331
0.109517728256632	0.896948391623705	331
0.035478262768965	0.560845684555436	331
0.055946536513844	0.855819794618223	331
0.10576334872315	0.749800791036704	331
-0.02572313720024	0.370021373209082	9
0.055694011736137	0.716346577538794	9
-0.027896915942817	0.455480080115854	9
-0.024319014511164	0.463853962462943	76
0.083125911731229	0.570311170132776	9
-0.090041297012648	0.337804654294944	90
-0.034283387157706	0.351916816872666	37
-0.022915693782422	0.267099328138138	268
0.115126618061344	0.508403387156891	10
0.121026009491629	0.499929387587909	10
0.042996012414088	0.281683533635359	13
0.044462242913264	0.270564609263342	841
-0.123232841586817	0.152558557205109	841
-0.020574806036933	0.269722437786369	6
-0.116640089368267	0.152535608099115	66
0.039109171588784	0.269158407422387	69
-0.02877631167436	0.173644512897175	69
-0.119640994971663	0.154201474425124	57
-0.028743846322362	0.16970123630098	57
-0.039210331905609	0.16076099958951	57
-0.052165134212152	0.878332132039819	17
0.039111377536362	1.11140606622664	17
-0.041408354894528	0.593934669227756	17
0.022989118528705	0.606487963999445	17
-0.121368251359513	0.63542727184889	17
0.08303707528516	1.33849595361665	17
-0.03184514429466	0.824642801946661	17
0.00171014054687002	0.661179897500096	17
-0.05644962645046	0.9631539118698	17
0.118013650293191	0.585281125590665	17
0.018413586229772	1.01750324202283	17
-0.057355582840228	0.507237445206613	9
-0.113405192784779	0.239533103815927	9
0.054349620076832	0.653208651501928	17
-0.051707142038091	0.549411206222554	9
0.055141132580842	0.640496486210488	9
0.123748903856195	0.826339837322448	9
-0.064094047767541	0.518924237389045	9
0.071448873297965	0.725970885267684	2
0.054885818528209	0.718940465003479	2
0.120226587254333	0.483703733589305	2
0.01113863287462	0.564211066011759	5
0.044040412555708	0.270794073589823	5
0.118710668786954	0.275262969333206	5
0.119659406465365	0.287279041529021	118
0.029365944365508	0.376266161592691	5
-0.109969557341512	0.253025226822109	331
-0.076838385865173	0.369048626960925	46
-0.111241706444186	0.337641990634604	76
-0.121919823237963	0.253315691447119	76
0.101590876648914	0.737564809571813	76
0.054926957950627	0.56677547120926	9
-0.06794722905465	0.256267417630218	75
-0.02877631167436	0.173644512897175	75
-0.057259064652686	0.44192029102999	90
-0.114859326910816	0.242035603560926	37
0.03335248352464	0.265921947626106	37
-0.117504712735383	0.233133731249742	37
0.073379335679153	0.390474102322105	37
-0.069572854510733	0.260167051439192	268
-0.028599925794129	0.375598998320036	268
-0.021950346705056	0.266654000373997	173
-0.015548139299263	0.34795780063339	91
-0.110884364424525	0.245478821904643	841
-0.008557567844656	0.372749308699978	841
0.041952674764828	0.281920583128311	841
0.04339591485552	0.282131304679604	66
-0.033791410565306	0.167700228204841	6
-0.114672937136438	0.157413748425412	69
-0.02479154844754	0.174086333588503	69
0.123630196704802	0.284912024749502	57
-0.029413832966949	0.172818763268529	57
-0.027799332430055	0.173060458267072	57
-0.029413832966949	0.172818763268529	57
-0.052314891668844	0.992957323815073	17
-0.061316632221412	0.573581583232329	17
-0.10587385008472	0.716118450519944	17
-0.09715258729737	0.806089464897528	235
-0.110116865260974	0.36017627089521	17
0.112358215243927	0.965164667453026	235
-0.018981093705475	0.980711441586279	17
-0.039256020161607	0.584066510363056	17
-0.0023120499705	0.953520075446097	17
-0.048873258885375	0.824043650177556	17
0.034391655578764	0.942032698601079	9
-0.123395035003396	0.536755161211893	17
-0.021659863195379	0.265580543164602	17
0.081038307189691	0.722713051690923	17
-0.111288382072762	0.574957934509393	9
0.11807593683853	1.04393552585671	9
-0.064619601138433	0.592301824334722	9
-0.027359329313861	0.257273134595823	2
-0.104706031105049	0.528395021177147	2
-0.016800933241035	0.681525747695067	2
-0.1107590722863	0.421520245809045	5
-0.117976949339433	0.234807723991906	5
0.020644231414009	0.474884254363815	5
0.055559937500378	0.794211256193116	5
0.000447284433053974	0.68541528320864	331
-0.075130224303063	0.514048761190853	331
-0.113830410670152	0.356424390716826	5
-0.100236722935638	0.503156326366623	331
-0.087210596853411	0.372044070813629	46
-0.031157164005021	0.253454654453228	46
0.053857997484831	0.486396299219476	46
-0.101114618799989	0.355361710035189	46
0.111677131797629	0.509270812241506	9
0.074171251195457	0.669786403152077	9
-0.033438707106465	0.528287117664113	76
0.10664625767348	0.64859255477464	76
-0.033153134288469	0.166936747068741	76
-0.019402486969362	0.26635962350985	76
-0.048884202013619	0.363690439897555	9
-0.013459323874749	0.460060252136618	9
0.0139581275740009	0.516227119809107	9
-0.106591940039085	0.366420485986976	75
0.0271424706223919	0.472436288840125	75
0.059279947549434	0.632199501005803	75
0.042673899649155	0.282838963018334	37
-0.109124766338882	0.245438934885645	37
0.03023227406865	0.357037614536006	268
-0.031029519408955	0.358114621780753	268
-0.032222998776728	0.350207775711024	268
-0.092568676457598	0.352590544012069	10
-0.070946247074487	0.257500499785684	10
-0.111542447240155	0.36696895430407	13
-0.00424234152684699	0.347879243147198	13
0.080464764200203	0.389568972069208	91
0.072699661979036	0.37721832054632	91
-0.00670275678444099	0.360798651727668	841
0.038241109058168	0.273651889041503	841
0.124389535109194	0.197734208595323	6
0.124710865422268	0.280036420399835	69
-0.117963442428011	0.156497220770852	6
0.121731816629364	0.290029166816514	57
-0.115335219437918	0.156614993594426	57
0.117293393058398	0.185675640993321	407
-0.12353833325711	0.152689631867009	407
-0.028134034490003	0.172806906043131	407
-0.021407062761453	0.165089594086644	57
-0.118980972953044	0.694476711362331	17
0.028117818248297	0.717925448282085	17
-0.030165112169211	0.949946960494603	17
-0.099990930854324	0.441967096586894	17
0.110272266417916	0.594336387199929	17
-0.114438810702134	0.3671255967588	17
-0.112562693227083	0.519992519631399	17
0.047620779565022	1.10266454311858	9
-0.024262099255873	0.844803599965947	9
-0.057328467270992	0.573709005452656	17
-0.031320744893359	0.521467265946497	17
-0.110610752391575	0.154930797049672	2
0.037905019296644	0.859188455668292	239
-0.026842606784338	0.37470215680069	5
-0.108556163086473	0.250351247517181	5
0.038010755088973	0.711248012668524	5
-0.081664116598288	0.596678811616195	5
-0.027375721461208	0.776751246606304	331
0.083905313821031	0.589343085679112	331
-0.056714521737281	0.515030608281836	331
-0.077207148846281	0.342657655144576	331
-0.049821438827434	0.370934411625523	331
-0.030623939715319	0.611995861488698	46
-0.056385765806547	0.369443449577713	9
0.066353118656104	0.561555427571475	76
0.106931280312611	0.672344704433099	9
0.08210724390006	0.655608718238533	75
-0.085270097761607	0.365248767325635	9
-0.123844548125151	0.149173904676147	75
0.061660749798416	0.640093660276473	75
0.081785699191299	0.582356585867562	75
-0.065587672798308	0.254580126381663	90
-0.023410316104047	0.377256697938999	37
0.072107847423859	0.465228702782436	37
-0.013470338948772	0.354986870122197	68
0.077078833849043	0.3652791243971	13
0.074986345072823	0.384208601081914	13
-0.000131461499986996	0.370141329809831	10
-0.028488979341531	0.365318265737621	13
0.077492750585043	0.391303619514676	13
-0.079341426389687	0.235839226294158	13
-0.027799332430055	0.173060458267072	13
-0.119640994971663	0.154201474425124	91
0.042595973157626	0.279029471185379	69
-0.118316174335936	0.155498649868734	69
-0.024149838579136	0.171216551002296	69
-0.038870566390518	0.160874492547135	69
-0.027799332430055	0.173060458267072	57
-0.122878487505061	0.152788630326036	57
-0.023478213910337	0.168244824967691	57
-0.027799332430055	0.173060458267072	57
-0.101539237171683	0.857446635885083	17
-0.027345908520666	0.936157943132281	17
-0.020695439519805	1.24570132598442	17
0.028654155789167	0.471072536553661	17
0.074250768711133	0.488546674679069	17
0.00364896061182596	0.470901342110266	17
-0.009193926585149	0.509898304090564	17
0.033994011780781	0.557700574564333	17
-0.098824409058383	0.665161603553818	17
0.084606003428315	1.19992662457903	17
0.085057873848796	1.35372427181656	17
0.063143780512254	0.723949521222226	9
0.00450300811425897	0.547634488548525	17
-0.047583766360178	0.61739177013537	9
-0.116872138445722	0.238953670832594	2
-0.072430688727106	0.609397279376602	239
-0.027243595419098	0.524154999455433	239
-0.095817442178704	0.429485212573202	5
0.034795034681943	0.640034718001538	239
0.017352186491321	0.633979205268865	118
-0.032180703140813	0.35694109115681	5
0.098192936391192	0.842116899561481	331
0.023738746702619	0.356896096084811	331
-0.122936027248446	0.357332753601394	331
0.058077999850262	0.701492955785477	9
-0.046279145419365	0.593089323966874	46
-0.099049613412834	0.360504612969404	76
0.029349569249372	0.57228598876765	76
-0.00864577988037701	0.537458764460991	76
-0.086874919328163	0.357507491812133	9
-0.026757145608769	0.452823589635805	75
0.0995189827984479	0.602360961400802	75
0.052627624838492	0.488197596733725	90
-0.013708272619506	0.255941174161125	37
-0.072817836899244	0.259180171352255	37
-0.074494956174254	0.248533062211787	10
0.013027140495303	0.477406501926495	10
-0.105379872244049	0.252210109583155	13
-0.031469984897933	0.361697417593297	10
0.026886487465041	0.381230989082168	13
-0.027464719333534	0.169705163747628	13
0.123493832958361	0.197795733894146	13
-0.114319852295734	0.158428137895593	13
0.073191535127593	0.480570438330363	91
0.0730168381555481	0.37730192508523	91
-0.021307376775217	0.269585794818174	69
-0.029811391995942	0.168172845773131	69
-0.028134034490003	0.172806906043131	69
-0.1133047885325	0.157355077558861	69
-0.117301555479459	0.15549131738934	57
-0.021601358201463	0.265930144053818	397
-0.02877631167436	0.173644512897175	57
-0.035103826426053	0.166568443085508	57
-0.030787648698678	0.170475170397049	57
-0.113966855716624	0.157916651360879	57
-0.02479154844754	0.174086333588503	57
0.038703709938819	0.995489348102544	17
0.057681928091215	0.630442527297675	17
-0.105542789074727	0.762769539359626	235
0.00668804217138597	0.675705785274488	17
-0.059993305525282	0.978357334275991	17
-0.103470966826371	0.813812930654763	17
0.112879291397765	1.29986210644066	559
0.116779393242914	1.39620958705134	9
-0.09348424217518	0.65666026347937	17
-0.068529227879046	0.666573229314137	17
0.00425642002798499	0.836970378124535	17
0.084781191377216	0.581312322678508	17
0.067917352826522	0.371852909874597	17
0.0356430406291079	0.710353203602648	9
0.043349974678581	0.636443390472849	9
-0.079923091777983	0.606495133578604	239
0.043734893679252	0.868028093150239	239
0.0771106815013	0.745080787157039	239
0.057469678639915	0.49506104351718	5
0.020181346975064	0.791887118086121	331
-0.00820988272501999	0.62722286675097	331
0.073068431672673	0.73164836252757	331
-0.120940459330553	0.422217189347399	331
-0.081735136005859	0.448189360103236	9
0.046499915635467	0.2674428807953	9
-0.112882018624096	0.356155798287934	46
-0.104725124392811	0.247962714123211	46
0.028984827391799	0.478007784960644	76
0.023965682550945	0.353894006049917	76
0.083313254268459	0.591160546024139	76
0.033963165112476	0.383019027902511	76
-0.086140869229557	0.359634910428391	9
-0.01372195401311	0.470594581369217	75
-0.021950346705056	0.266654000373997	75
-0.078863837255235	0.248860601206484	37
-0.02560328269255	0.261855382172365	37
0.030971664678672	0.48160781840582	37
-0.10792551921096	0.255137054518275	37
-0.027799332430055	0.173060458267072	37
-0.072437066990665	0.251506887310562	37
0.055758516241274	0.498420935640844	37
-0.000689838403225007	0.372281988286797	10
0.076454202520186	0.483261602789871	13
-0.026529127562497	0.267078795770179	10
-0.034128317899022	0.17006053637181	13
-0.029839292194193	0.253094102840763	91
-0.030032662654679	0.367828770317623	6
-0.119438656945676	0.151555946575643	69
-0.112996353659233	0.155145728857897	69
0.047751238700635	0.27708262186077	69
-0.118273208503661	0.155900053042255	69
-0.028441873937004	0.173900761007562	69
-0.027464719333534	0.169705163747628	57
0.124133365026761	0.197625616439368	57
-0.028134034490003	0.172806906043131	57
0.124133365026761	0.197625616439368	204
-0.025308991604232	0.258506618894017	204
-0.030028211657445	0.169266326339887	204
-0.107817432465895	1.18648556351119	17
-0.094087722353259	0.735387106961257	17
0.027783664921771	0.774409973922913	17
-0.097300737993414	0.763240935815913	17
-0.011294292971192	1.06560313524391	17
-0.098767040205803	0.715662503310509	17
0.02083638878842	0.470570330195799	777
-0.00699373503047601	0.86081702838993	235
-0.114159418483019	0.725076571801501	17
0.052585220602962	0.493437371100875	17
-0.121296487953605	0.407668760659083	235
-0.10047077359416	0.448245690695639	17
-0.024077908324506	0.600787077288975	17
-0.023800861696585	0.817278952323235	17
-0.058030594369637	0.613306342700191	9
0.0275241903596271	0.795384354189612	17
0.0995533929398	1.03961702325588	17
-0.031632017562259	0.734348133150471	17
0.02571099336681	0.862142324310008	17
-0.066771754067969	0.444244122177717	17
-0.022634950399037	0.752134117290143	17
0.114795112369662	0.691365934192746	17
-0.026419268011973	0.368469998227114	17
0.043556485458201	0.47458800167889	9
-0.022518803468356	0.371177729538623	9
-0.067104638589596	0.614372938100672	239
-0.065083246080166	0.446136032220046	239
0.110386918437044	0.560707776133045	239
0.039583371193434	0.265630657478423	118
-0.076218952497608	0.607023031247931	331
-0.00248475776293	0.627883042766106	331
-0.009514780352536	0.547806922777575	331
-0.080645499848994	0.366499744255919	331
-0.011622837935012	0.476496702220962	331
-0.123389406431284	0.255249198114748	46
0.00946191798777796	0.545176997180547	46
0.042337439550064	0.57169650358055	46
-0.095105425381656	0.449585083895917	9
0.03254390144742	0.552027655851188	76
-0.022915693782422	0.267099328138138	9
-0.066145986162596	0.371339897626282	75
-0.119288471122515	0.155184266731623	75
0.068998150567956	0.468757105620998	75
-0.071212937344603	0.349845360633279	75
-0.069754717033325	0.257955328936564	75
-0.071405477433557	0.25696936678286	75
-0.021891911621046	0.265603643462312	75
0.084928806336471	0.490487941932161	37
0.105522734515283	0.49640464831735	37
-0.028618438913896	0.254181694084832	37
0.108978191947943	0.500589007589477	37
0.081278058393028	0.48002442362439	10
-0.066208651670735	0.260523362797263	13
0.027361301807883	0.379788850279256	13
-0.040774013055972	0.157780900367724	13
-0.02847052516916	0.258349635342101	13
0.0397576657547291	0.275397703608674	13
-0.028107525036302	0.170490516965899	13
0.124079585073379	0.292552868311921	91
0.048805239561455	0.265492817714499	69
-0.110963059707564	0.153988592002744	69
-0.023813981466244	0.171463641376464	69
0.039036224013886	0.276641593348037	69
-0.022915693782422	0.267099328138138	69
0.123109079862364	0.193957169452223	6
0.044061748165504	0.268185208333682	57
-0.028441873937004	0.173900761007562	57
-0.120145645776834	0.15372832179181	57
-0.115335219437918	0.156614993594426	57
-0.050649637660157	0.888924564209065	17
0.092145986457812	1.18284948545789	17
-0.040883898031264	0.774686806147862	17
-0.077846311781695	0.598094591147376	17
-0.114954779842065	0.593041096021681	235
-0.019791878335002	0.820710062753813	235
0.057427636076411	0.62736516221576	17
0.0360125968936	0.899549359166073	17
0.123570232205576	0.981554579363758	17
0.111255648424299	0.897194965241718	17
0.088316561443072	0.479421835955644	17
0.078325575704197	0.564817404942245	9
0.00818699656032396	0.624054790536632	9
0.000797495657367975	0.363115479704208	239
-0.102798524483255	0.44339860282787	9
-0.114289540616893	0.438157027871294	239
0.110738534664395	0.502762338231235	239
-0.022079408546514	0.167871280364289	118
-0.018335338671675	0.26793307967604	118
0.00444029908549504	0.47860158331416	331
-0.061491530383994	0.432865259666319	331
-0.11207257765586	0.35732727211697	331
-0.03272612825345	0.465593083956724	331
0.062338648654107	0.496243572140812	46
-0.096606333377247	0.356743191523996	9
-0.086373934638723	0.362562250115254	76
0.110688513569023	0.477546432636551	76
0.00397573394206496	0.364466281444782	76
0.031962907783641	0.374065598254046	76
-0.026796283691665	0.166634370100552	75
-0.028764491964529	0.260353878444687	75
-0.028323642409054	0.258872525214434	75
0.033898777870885	0.378241366923892	75
-0.026086955914055	0.267568775805167	37
-0.119792104301872	0.153958688203184	37
-0.116596147543839	0.15214234592503	37
-0.014203107385913	0.264251573053596	37
0.080865287199166	0.370052686601192	37
0.041553753586672	0.281472972707066	37
0.0730168381555481	0.37730192508523	10
0.039433578398855	0.27491852021689	13
-0.026820895522298	0.266058749565999	13
0.072347340168111	0.364195298800924	13
-0.035297467889848	0.246236019233405	13
-0.039210331905609	0.16076099958951	13
-0.11800731592984	0.151253911468207	13
-0.029693633205376	0.169510793978325	13
0.037199203403537	0.274673969788445	13
-0.021950346705056	0.266654000373997	13
-0.119640994971663	0.154201474425124	69
0.124321293358932	0.291358223491368	69
0.033863758549084	0.271590292117255	69
0.123749369679057	0.197904329442775	6
0.038315574538522	0.276547476791009	6
-0.028134034490003	0.172806906043131	57
0.123749369679057	0.197904329442775	57
0.123493832958361	0.197795733894146	57
-0.025742204616955	0.171205487264736	57
-0.026412414572265	0.167343841606058	57
0.123749369679057	0.197904329442775	57
-0.118910408294853	0.554915991172042	17
-0.00142229418865297	1.1134422549128	17
0.076613725225586	0.669821355617364	777
0.091652218577005	0.588410604802692	777
-0.050685434475572	0.451777940014139	777
-0.098932661358568	0.804057044030479	235
-0.059725137471428	0.790316681281509	235
-0.027018573632628	0.788003575223043	17
-0.036508488823628	0.525371524264592	17
-0.07347410058921	0.52033573705055	17
-0.006861490345629	0.694990365292265	17
-0.039624387088845	0.684614851092665	17
0.013018955688357	1.06631443634029	17
-0.087738940160228	0.797180997860525	17
-0.025624133224872	0.873727079347346	17
0.0532894931129591	0.927702636090871	17
-0.118270400464791	0.591997065523349	17
-0.089515171893886	0.598250649696869	17
0.051657210719091	1.07904632928445	17
-0.05611381909415	0.630336384910023	17
0.020283431870218	0.704845449524376	239
0.065464422440238	0.813979319289482	239
0.00109683438448005	0.680090306483494	5
-0.055438399019978	0.36031459978161	118
-0.011005579600457	0.616002137005339	5
0.043141281893067	0.857669813507759	331
-0.078620019783439	0.444107766467574	331
-0.044917283768072	0.527429265865441	331
0.044313943697623	0.4828851899216	46
-0.099446076068801	0.253689405726507	46
-0.061768211979107	0.447565254084232	46
-0.08247068487363	0.587275108858584	9
-0.08496257204469	0.353374776863725	76
0.107907023856858	0.479445026293495	76
-0.00224004445821202	0.479341442139289	76
0.0733697357757011	0.466323266788334	75
-0.099512326202312	0.344086881044199	75
0.0306896475167699	0.478373962859942	75
-0.092299276330783	0.35055869426367	75
-0.08550787242993	0.359473888855154	75
0.071493586047609	0.384443327248559	75
0.0491995527442291	0.488135800421403	75
-0.116399448485109	0.238784226274472	75
0.072978506435855	0.467379100166182	75
0.046305343194414	0.278756957865266	37
-0.109942320550715	0.245301795816392	37
0.120946087628232	0.504077438099956	37
-0.034174962507855	0.363699410724711	37
-0.00317837187609699	0.357176853312675	37
0.113032891738026	0.511052570372952	10
0.07692990728996	0.483288556608963	13
-0.111159198152028	0.240333802644988	10
-0.107872534763951	0.246113569946762	10
-0.114319852295734	0.158428137895593	13
-0.119951609023473	0.151905822116921	13
0.044195309610451	0.274457962113821	13
-0.028029135968107	0.258813048491635	1
0.035310765745151	0.270509762525111	91
-0.114982239198046	0.157618957334399	91
-0.10792551921096	0.255137054518275	91
-0.120001453031924	0.143594894411489	91
-0.031312379236004	0.253949192676753	6
-0.034767095839651	0.169258406159813	6
-0.077184126006307	0.249341148777587	69
-0.113966855716624	0.157916651360879	69
-0.029413832966949	0.172818763268529	6
-0.077105585416054	0.24992319375425	397
0.120677896305113	0.28515091989851	57
-0.028134034490003	0.172806906043131	57
0.122854175633022	0.19385195429685	57
-0.117301555479459	0.15549131738934	204
0.020502196165386	1.34062645473115	17
-0.019134290376178	0.911104045011328	17
-0.065833125372921	0.727221414493497	17
-0.112726993040665	0.487429502956532	777
0.077402936285527	1.30830067296936	235
0.076476223363993	1.01320250592787	17
-0.123746523708298	0.557135710592519	17
0.110376167277985	1.16046145605274	559
-0.054035587277987	0.74897280472389	9
-0.093419497176827	0.528512795550094	9
0.102917830611286	0.971224429653573	17
0.115721973648674	0.89876461811088	17
0.042943517418373	0.710255735931036	17
-0.00213244445632299	0.371099853982619	17
0.007789613914576	0.706425162039729	239
0.018367151123992	0.559598184350528	239
0.093538026423296	0.716544770665479	239
0.014431792300403	0.625502610174621	9
-0.108231149401346	0.556853225470325	5
-0.102657805752596	0.44312737941431	239
-0.005650323318452	0.479411551097501	239
-0.102926908032766	0.367445897344502	118
-0.107567658726645	0.365581373301292	118
0.00641517060703101	0.623271575590422	5
-0.084726972678616	0.597800309556718	331
-0.015255390500643	0.598347255276615	9
0.036431116956771	0.647901281055988	331
0.09823855946049	0.786628385934144	331
-0.022941525143179	0.473169832436647	46
-0.090410019179812	0.360025127935882	9
-0.058021719053573	0.351627227306129	76
-0.017149884665711	0.452157542796097	9
-0.096173716416421	0.341961916564201	75
0.108257473349819	0.480557006606477	75
-0.065674233853681	0.372223288536102	75
-0.064310716676328	0.365125065525013	75
-0.109498271707603	0.253603224889538	37
0.027236746645147	0.379854995154121	37
0.087500722889485	0.597642294634747	37
-0.073466258762199	0.252617405732311	37
0.073333920488255	0.374006943126372	37
-0.063149745370636	0.256363425498209	10
-0.070379690171513	0.257776345317714	10
-0.00130353645364201	0.365494715116568	13
-0.028029135968107	0.258813048491635	13
-0.074488312415832	0.258500171639823	13
-0.073181116150041	0.252282071564038	13
0.041952674764828	0.281920583128311	13
-0.031312379236004	0.253949192676753	13
0.0385371223323721	0.278028553836216	13
-0.073181116150041	0.252282071564038	91
-0.025024880403467	0.260077094619387	91
-0.071807162011656	0.255283494785376	91
0.0375957162630221	0.27510369868001	69
-0.119599276934462	0.151447745286751	6
-0.02877631167436	0.173644512897175	6
0.04339591485552	0.282131304679604	57
-0.029078788846085	0.173073255821478	57
-0.02877631167436	0.173644512897175	57
-0.119443980543202	0.154530039605557	57
-0.116948807468034	0.155003016540274	57
-0.030149465626653	0.170514802132598	204
-0.04411299734442	0.880978192068381	17
-0.059996902666503	0.857606904382513	17
0.00668007598399101	0.4744738897677	777
-0.000956609884992021	0.676008839568977	17
0.056442928527275	0.86032131328009	17
0.027039643633809	1.09891342812746	17
0.0553467098763371	1.25616427984085	17
-0.106585631220813	0.717326111727538	17
-0.08917546491917	0.621017926126635	17
0.06125432358977	0.865106357594153	17
0.114198882284425	1.04033621545462	17
-0.057939209812595	0.851885081621185	17
-0.073686108520973	0.688899105389398	17
-0.081948702683978	0.236342083317092	17
-0.00287438516854399	0.608836620534123	17
0.063544938675466	0.487591868880286	9
-0.011160485224576	0.363009443795985	239
-0.01385793875433	0.711748458494145	239
-0.098003103050806	0.436442705118467	239
-0.102650425163237	0.132292119971421	118
0.036107910143083	0.856779063048507	5
-0.051847402525693	0.605176703876436	331
0.123130235274709	1.13073987943165	331
-0.078830590040119	0.473554997920632	331
0.022292604480967	0.471166056440822	331
-0.124759316345638	0.251617101550024	46
-0.107197618259877	0.361756648562666	46
-0.010943554597274	0.366445474536785	9
0.085730866431721	0.592711193322791	76
0.023391826973032	0.365112330924872	76
0.00371428093021797	0.476000350580004	76
-0.034920638932936	0.35057850963376	76
-0.080224859332092	0.357348679935052	76
-0.118978376095057	0.155402003494633	76
-0.011096725315813	0.356747172730816	75
0.0439375064329079	0.479295267752823	75
0.118596655764941	0.615743259230027	75
0.031085993998286	0.368563696261194	75
-0.083326155646622	0.240731578384403	75
-0.029000381246943	0.373077429501188	75
-0.082578478914651	0.241837412163076	37
-0.075869156565339	0.247030329387749	37
-0.082813806299503	0.356840415318192	37
-0.113871399742146	0.235213901030317	37
-0.010785022371252	0.36334846200792	37
0.07472892577432	0.376093151079969	37
-0.066051209708989	0.25170017747972	13
-0.100544078738764	0.255572526848399	13
-0.021163546652964	0.260204831398533	10
-0.012990315598307	0.357044103106901	10
0.00469777864301602	0.372535643429269	13
0.046305343194414	0.278756957865266	13
-0.025897862611339	0.262420396715526	13
-0.073181116150041	0.252282071564038	91
-0.022184523310483	0.268590545967482	91
0.050108448649781	0.259792941054475	91
-0.025897862611339	0.262420396715526	6
0.043073174816695	0.281025196494263	69
-0.028107525036302	0.170490516965899	69
-0.025897862611339	0.262420396715526	6
-0.029748978736977	0.16905111959911	6
-0.0311255445481	0.167771162660396	69
0.124133365026761	0.197625616439368	69
-0.075410938616977	0.248770092418498	6
-0.028107525036302	0.170490516965899	6
0.068791688295729	0.377489604135851	57
-0.025434025034098	0.174050129956977	57
-0.05640706627589	0.960866391521041	17
-0.010992408835357	0.9407522221284	235
-0.112177400566578	0.360582430274696	17
-0.078683354791536	0.781382389664329	17
-0.052569535508829	0.704791068239587	17
-0.055621886830949	0.358545939352484	17
-0.112083359253012	0.359313662935121	17
-0.018462196622538	0.467427687358833	17
-0.118770943829959	0.524195831145035	17
-0.040368640678041	1.05603613365088	17
-0.115335219437918	0.156614993594426	17
-0.117492283981902	0.421672257850127	17
0.065005025621906	0.857364155349041	9
-0.109805046047484	0.574494403210683	9
-0.110302073672017	0.590874725275497	239
0.075686475740612	0.97099508071071	239
-0.092715650664787	0.351818457362154	239
-0.025461296868583	0.262123821064352	118
-0.025794945786422	0.267227743350938	118
-0.025127229095696	0.170305793951334	118
0.026504151781207	0.373608010743559	373
0.043037994889632	0.629421344705144	5
0.04203306369836	0.71070951325521	331
0.11621238196818	0.89858314923917	9
-0.09759645208458	0.252095219502329	76
0.00668625966853897	0.479442981071832	76
0.022443944737283	0.554326337441103	76
-0.058062088669742	0.4416789779314	76
0.055903659820338	0.482370602076866	76
0.029301165168232	0.380158139286442	76
-0.077086059393503	0.36373431095136	76
-0.111200462330033	0.247118613850855	75
-0.028743846322362	0.16970123630098	75
0.018875981431106	0.547750981699332	75
-0.03178784015198	0.363208756986837	75
0.060336028260008	0.577189544690275	75
0.025526554831643	0.364305883246134	37
-0.11462934717056	0.157114309054217	37
-0.072534245175649	0.257814878184033	37
-0.108809899670171	0.245024676193739	37
0.048042749538382	0.473304856618346	37
-0.028488979341531	0.365318265737621	10
-0.102089538887019	0.249009299146485	10
-0.00180111040148401	0.370399684285469	13
-0.025937786237075	0.259180426373698	13
0.029902327913886	0.380651440403291	13
-0.103343200628145	0.25246992790755	13
0.078234482883596	0.380378130637003	13
-0.007345419919214	0.362719505461135	13
0.034439295923839	0.383803436567268	13
-0.022933221172993	0.376399250839011	13
0.025461110023647	0.371905882820811	13
-0.117610798599704	0.155996282087211	1
-0.11245807661423	0.246751435838627	1
0.037813160185701	0.278706941562913	1
-0.076440083073664	0.252716243338582	1
-0.123184173069933	0.150301068507796	91
-0.114319852295734	0.158428137895593	6
-0.114319852295734	0.158428137895593	69
-0.117963442428011	0.156497220770852	6
-0.021436735490616	0.170030268997322	57
-0.124198603434929	0.151516954174281	57
-0.029413832966949	0.172818763268529	57
0.042917129098742	0.27020097455258	57
-0.117610798599704	0.155996282087211	57
-0.039504268196398	0.161565700522575	57
0.035507745389064	1.03333429216329	17
-0.109444995322942	0.496916560166394	17
-0.049220025863207	0.982009504513312	235
-0.056413719816343	0.448254160795608	17
-0.061399534621156	0.528570487147034	17
-0.00533717724789601	0.849459859976408	17
-0.065364024559592	0.670523956054935	17
0.081149048304373	0.364103519297614	17
-0.031170648118663	0.774373444833655	239
0.059290386212946	0.71805373712316	239
-0.107872534763951	0.246113569946762	239
-0.077743031740221	0.251018625084631	373
-0.00103864519849001	0.548576757662478	9
-0.038019410332948	0.358521110243133	9
0.034879026298194	0.596622947191423	9
-0.096992101733842	0.254918234234443	9
0.106201003464465	0.672392212138345	76
-0.030876096194773	0.452721108152088	76
-0.059296957213635	0.349887358896584	76
-0.033791410565306	0.167700228204841	76
0.046123789779794	0.479787410712239	76
-0.068358172851466	0.368383309958285	75
-0.062968127886024	0.25776229118475	75
-0.095023852389649	0.367311463383643	75
-0.043376895895256	0.375101149230791	37
-0.073640012941972	0.250496084157305	37
-0.029477701933992	0.373934768546302	10
-0.118376634214613	0.364371836297394	13
-0.029477701933992	0.373934768546302	13
-0.100401544714445	0.256754720965415	13
0.043073174816695	0.281025196494263	1
-0.116941985052617	0.235374802159552	13
-0.053756825983639	0.36363777330008	1
-0.021891911621046	0.265603643462312	6
0.033760109452036	0.261939208950653	6
-0.02877631167436	0.173644512897175	6
0.043795680561226	0.280336229603978	178
-0.029693633205376	0.169510793978325	57
0.11969349518832	0.276683480236803	57
-0.119090261183212	0.154762044119738	57
-0.029413832966949	0.172818763268529	57
-0.124659512625918	0.827083567096373	17
0.010130716557852	1.31004110586292	17
-0.075247934821695	0.578858595815464	17
-0.1028679182533	0.677423282617859	17
0.0588265338261	0.750333917769015	777
-0.113441931320273	0.813508597322775	235
-0.113764772185533	0.869801721618332	235
-0.096813059273085	0.85627033449044	235
0.025373269646935	1.2399576062875	17
-0.069284941556988	0.256173840799335	17
-0.103877189835734	0.366023974507618	17
-0.090115609474083	0.527473460864207	17
-0.113446068876356	0.626095285213922	17
0.121389222129809	1.4978751384325	17
-0.057438935430792	0.797620558879049	17
-0.091824776929409	0.512219422289575	17
-0.010900226004171	0.453876014416449	17
-0.124224884729763	0.436020280296031	17
-0.045523796036351	0.687630180520442	239
-0.10544454022893	0.256257371357173	239
0.085203194999337	0.589593610389123	239
-0.080109210420129	0.357374038007839	239
-0.035820649113681	0.458108472782681	239
-0.014507894322036	0.348155073957199	239
-0.00813225215432301	0.611875909449495	239
-0.037309433890002	0.358926184426488	373
-0.033791410565306	0.167700228204841	373
-0.02772156095346	0.375853084138277	5
-0.111669542871236	0.510440607922077	331
0.08210724390006	0.655608718238533	9
-0.065299318612668	0.526884816566618	9
-0.070662856736788	0.258925824146404	46
-0.10871208448491	0.25490009992713	46
-0.111938069619949	0.33973478802571	76
0.077168024470908	0.640101405586681	76
-0.065163206258507	0.363706294360905	76
-0.030149465626653	0.170514802132598	76
0.079748370370873	0.582650180661659	76
0.094869484830324	0.696474446327364	76
-0.026313561481917	0.51167858865444	75
-0.093545778302883	0.368224466694933	75
-0.118949890999323	0.362423478090655	75
-0.083731921135225	0.364054984290685	75
-0.023418464920863	0.263069176952427	75
-0.026341545714812	0.368503358056347	37
0.03295359430825	0.477035568876326	37
0.073214577336275	0.62442592441594	37
0.113656655117675	0.496319378808483	37
0.039036224013886	0.276641593348037	37
0.033423525468062	0.473842660128439	371
-0.117577814010132	0.350533179645984	13
-0.055580330585333	0.37102670945688	13
0.115816428957049	0.676649983929115	13
-0.105716956577118	0.35491141309536	13
-0.00180594386237898	0.367632350021172	13
-0.121232960760982	0.255863749222893	13
-0.055226490415128	0.433954554861575	13
0.0194104558396651	0.359162583919698	1
-0.107610310852892	0.253740353054832	1
-0.00708182846476302	0.353984114149266	1
-0.033857177144928	0.366852491768561	91
-0.069754717033325	0.257955328936564	6
-0.110610752391575	0.154930797049672	69
-0.124198603434929	0.151516954174281	6
-0.120499281416672	0.150933439156122	6
-0.020427206889511	0.261741239976909	6
0.0342646929457811	0.266590955109722	57
-0.034430455244034	0.166924337100382	57
-0.033791410565306	0.167700228204841	67
-0.027464719333534	0.169705163747628	67
-0.029078788846085	0.173073255821478	57
-0.02877631167436	0.173644512897175	57
-0.101923046231703	0.354109487241231	235
-0.015307125073742	1.10135114345387	235
0.068592962382992	1.3098906770446	17
-0.033119870591226	0.760543897779456	17
0.085678467122067	0.975940939718444	17
0.0652066620169039	1.22819689735001	17
-0.111601597897095	0.737787950348755	17
-0.057631060527741	0.930214043551439	17
0.052228072840134	1.12377757129456	17
0.090973458205794	0.883701922806794	17
-0.016578809872721	0.26468190365795	239
-0.119288471122515	0.155184266731623	118
-0.02387946603623	0.445899573602617	331
0.059996325681805	0.572193032129001	46
-0.025352385523439	0.267717665978132	46
0.0101730879809639	0.450471897842642	46
-0.048169385945218	0.422143258919169	76
0.083006842040837	0.555594574006295	76
0.064262485828912	0.569968325023148	76
-0.093639605356757	0.420641118624337	76
-0.101753735003233	0.349261521016224	75
-0.022184523310483	0.268590545967482	75
-0.118388316468157	0.154245254292467	37
0.0236122591647659	0.370353646617912	37
0.117770421954394	0.614794563687274	37
-0.050036542924574	0.358806790000375	37
-0.083254296329489	0.35255111504685	10
0.00358442108991797	0.458612510444254	371
0.040895959336265	0.572033805451851	13
-0.065872514470698	0.358548729368286	13
-0.084915595633225	0.366560818377072	13
0.112914491517217	0.497939918060198	1
0.033076580171425	0.378079455536604	91
-0.113244359748877	0.246066116226332	91
-0.035955473744184	0.344430046156909	91
-0.077743031740221	0.251018625084631	6
-0.025127229095696	0.170305793951334	578
0.039036224013886	0.276641593348037	6
-0.068716560418948	0.259808630310721	6
0.037199203403537	0.274673969788445	6
-0.118273208503661	0.155900053042255	57
-0.027799332430055	0.173060458267072	57
0.119659406465365	0.287279041529021	57
0.124389535109194	0.197734208595323	57
0.123493832958361	0.197795733894146	34
0.044195309610451	0.274457962113821	34
-0.023323037411461	1.24670756351922	17
0.012431119970196	0.623114566754478	235
-0.013770689041365	0.767051938941352	235
-0.061014444415654	0.509180037928446	17
-0.12359223648258	0.883618639883342	17
-0.00515002956813998	0.45147182735185	17
0.075033860547277	1.09858003468561	17
-0.074968609086955	0.798259249211975	17
-0.06724983747703	0.754583984948255	17
0.025894733648556	0.903882080791979	9
0.00101872746961995	0.54699976413817	239
-0.072748552413681	0.656209473626687	9
0.1190081446453	0.976723525997436	239
-0.00491367923525998	0.549944470647703	239
0.081050016759397	0.639425616727193	239
-0.030149465626653	0.170514802132598	118
-0.00933057041491903	0.360627521188528	373
-0.024729231614745	0.26281149041328	5
-0.06608740375454	0.502985708640768	87
-0.119288471122515	0.155184266731623	46
0.024802669743009	0.475760452897001	76
-0.109167131139968	0.364164716119164	76
-0.12289063700661	0.354369149186971	75
-0.065763111763952	0.444506951672888	75
0.087504934194936	0.597838581841414	75
-0.023700925274184	0.261131782152926	37
-0.00487721038501499	0.368765363069333	37
0.044851276112613	0.47942746713222	37
0.027662733285948	0.472211104179951	37
-0.00903530033541999	0.371002582245377	10
0.028602392554083	0.378354372644808	10
-0.012024682496575	0.469783922890549	10
-0.034652471400958	0.36450329087245	371
0.02793746968075	0.365813877857099	13
0.07472892577432	0.376093151079969	13
-0.033827573395974	0.166581401032966	1
0.074009441916112	0.376972193620096	1
-0.103812441321807	0.253695707556154	1
0.108735311082277	0.486022121002766	1
-0.026661332420196	0.362549618122158	1
0.076736110743673	0.484659876694418	91
-0.028441873937004	0.173900761007562	91
-0.01302831707875	0.264156765733221	69
-0.119090261183212	0.154762044119738	69
-0.105534982549682	0.252328547004596	6
-0.102972880434856	0.24285572135102	178
-0.028743846322362	0.16970123630098	6
-0.110258538566191	0.154465654427502	50
-0.024455957271692	0.174341861986265	57
-0.025434025034098	0.174050129956977	67
-0.028107525036302	0.170490516965899	57
-0.118273208503661	0.155900053042255	57
-0.033153134288469	0.166936747068741	34
-0.034128317899022	0.17006053637181	34
-0.038577685443234	0.157900162242523	34
0.067273963370484	1.31798996642457	17
-0.047756588587568	0.870058818687447	17
-0.115247196751046	0.446347230202576	235
-0.071281678104858	0.356993833180453	775
0.116904520479987	1.54434447848671	235
-0.117473479558676	0.432379872966981	235
-0.03042079047246	0.254835579529608	17
-0.074259990542183	0.24893413665893	17
-0.081599568479373	0.719073406314719	17
-0.030592016104431	1.02285151068165	559
-0.09563211187554	0.698031645764089	17
-0.00497899422776399	0.901627243522744	17
0.112553783900608	0.511355032664556	17
-0.06977008418985	0.454685734459482	9
-0.052105577127038	0.43628662042869	239
0.105697110467813	0.589999083681412	239
-0.023996534135192	0.262403326195934	118
-0.017667771527326	0.255816324281504	118
-0.035103826426053	0.166568443085508	5
-0.068845112897955	0.437396420423761	5
0.023391826973032	0.365112330924872	5
-0.11051324108754	0.599543021589776	87
0.111585988819842	0.740915885583539	9
-0.014337476572245	0.472817061311035	46
-0.03610286680412	0.603704883479887	9
-0.078289728544396	0.441051897803408	9
0.07623928013744	0.390104812348185	76
-0.051387548779708	0.363851079146583	76
-0.03393378708175	0.518722022885261	76
-0.114319852295734	0.158428137895593	152
-0.034752717994406	0.363409806625709	75
-0.115610116264838	0.239463465844245	37
0.043795680561226	0.280336229603978	37
0.0718102582226941	0.388593077941679	37
0.100444513321954	0.538899039240382	10
-0.086844926709866	0.366754520233259	10
-0.107404081318778	0.244976806431748	371
-0.032343324449298	0.35293514426847	13
-0.03131004307848	0.367466034358462	13
-0.108556163086473	0.250351247517181	1
0.040155508877679	0.273702593316528	1
-0.073466258762199	0.252617405732311	91
0.068007311497674	0.376676196813218	6
0.036876648122154	0.272052800687466	578
0.120350117859196	0.289968354715218	578
-0.113657889799439	0.157858515534477	6
-0.027799332430055	0.173060458267072	69
-0.027799332430055	0.173060458267072	69
-0.070662856736788	0.258925824146404	6
0.025526554831643	0.364305883246134	178
0.123990516620877	0.286709125230322	57
-0.055245514694007	1.00284819175397	17
-0.103094278477913	0.994246992148907	17
0.00992271606411199	1.20017879392306	17
-0.09867134143064	0.797760990882891	235
0.022995063058018	0.631125167481399	17
0.113990648112869	0.501175282887815	17
-0.114822302302384	0.768358826696753	17
-0.02703955910874	0.827032410853656	559
-0.023185097763838	0.97554786076047	17
0.012499283754941	0.683713101918964	17
-0.04297955042907	0.614900341152286	9
-0.070662856736788	0.258925824146404	239
0.038724953611543	0.55536137412327	9
-0.099984326071605	0.346517614018841	239
-0.085993655529586	0.45125089840592	239
0.011050881199514	0.53600307124404	239
-0.055287458021591	0.346653256709381	5
0.068625402482151	1.13126171537633	5
0.01291110290951	0.471876867758957	87
0.0657371903766441	0.562311851553153	9
-0.094310458298074	0.577055593564574	9
-0.109707582090695	0.35049248206199	46
0.039252269115188	0.569499339958802	46
-0.038942916902809	0.351614541356119	46
-0.015685958841334	0.518807876802418	76
0.045255460382118	0.46237901286339	75
0.000718454359412979	0.365870331984485	75
-0.097981538314678	0.366411703574647	75
-0.028857260530906	0.469373723525332	75
-0.07026929166702	0.365712280932582	75
-0.118978376095057	0.155402003494633	37
-0.029173719709699	0.165526951770704	37
0.069962452453744	0.374284345282948	37
-0.021647445250261	0.371318536469208	10
-0.052264589062291	0.362432793455204	10
-0.00320769145414501	0.447081150060615	371
-0.046657212513103	0.37034224736782	371
0.052097444635837	0.492963340319041	371
0.052157745291408	0.481361109591444	70
0.110402455200683	0.481781958750763	1
0.076985721441712	0.378264446444956	91
0.07297273705078	0.378164580596523	6
0.027711837692769	0.380639500531296	178
-0.02877631167436	0.173644512897175	100
-0.029748978736977	0.16905111959911	57
-0.118316174335936	0.155498649868734	57
-0.029078788846085	0.173073255821478	57
-0.1150451072603	0.931206846985443	17
-0.115773651278263	0.824872365148915	17
-0.00755419992134598	0.961232677535295	235
0.045070987087584	0.857307386099965	17
-0.067982625747259	0.79438118347387	17
0.037245269260808	0.451926407149474	17
-0.036802961491956	0.599933712866468	17
-0.101935859543825	0.657871595692735	559
-0.029851538534995	0.75075727226756	559
0.046987038066468	1.01025418503121	17
0.056424287055211	0.607208385772245	239
-0.025380660523237	0.612825888304607	239
0.00629735492337202	0.634569777758344	5
-0.076895223528181	0.36597593933137	5
-0.123885098868908	0.427312142698007	5
0.030399883539312	0.561603700182398	5
-0.091378911354082	0.442094733767311	87
-0.082808881195612	0.5761322610784	87
0.06961673759009	0.713151050823005	9
-0.12015423292605	0.443264853065376	9
-0.060283812521244	0.604641414286322	9
0.075993380454677	0.548726417270933	76
0.00821792803196797	0.531923085974352	76
-0.105909525104878	0.428779723372375	76
-0.107879462767389	0.36439643837159	152
0.046520073637444	0.645011788994256	152
-0.069941795441258	0.442035421302759	152
-0.031907757917284	0.353713333791142	76
0.00525769688115996	0.446901957872129	76
0.014513833190597	0.477714253783831	75
-0.071688712778546	0.254052753003118	37
0.057134661197179	0.488650944656615	37
-0.101484296709537	0.2544337376037	75
-0.00440092535513698	0.369556315287942	10
0.106478461160387	0.497571287664338	10
0.041907442416509	0.376822654819684	10
-0.070487168482882	0.256688333785792	10
-0.065926608349899	0.26017062748781	70
0.042595973157626	0.279029471185379	13
-0.023996534135192	0.262403326195934	10
-0.024763463145744	0.170916076525265	10
-0.02877631167436	0.173644512897175	10
0.016058571317872	0.474659322306858	1
-0.024149838579136	0.171216551002296	69
-0.029413832966949	0.172818763268529	69
0.045502521935716	0.275771551221077	69
-0.115645048561276	0.154568097820298	100
-0.118978376095057	0.155402003494633	416
-0.029110838291211	0.169836560265533	67
-0.027799332430055	0.173060458267072	150
0.123109079862364	0.193957169452223	57
-0.114319852295734	0.158428137895593	57
0.113675826248201	0.989626986432006	235
-0.005320039823557	0.452778655206198	775
-0.00549586689010401	0.863056646312041	235
-0.1205384410982	0.705450641608014	17
-0.055057929191767	0.529493553810412	17
0.025124984247808	1.23859197815389	235
-0.030076986679014	0.350307294435741	17
0.045508904043323	0.775268723727359	17
-0.049280788052361	0.609025396022845	17
-0.020720300171989	0.267518280178642	17
-0.109196535361353	0.599630287459791	9
-0.109908471294	0.478866448287275	9
-0.00124463199302199	0.687613019911492	239
-0.028441873937004	0.173900761007562	239
-0.094249833541331	0.360599933006889	5
0.111613253357196	0.684295363074244	5
0.022415258700657	0.475806449046171	87
-0.028016906903003	0.616529673068671	9
-0.041519186564542	0.528492076062126	9
-0.010257675069478	0.653677146501784	9
0.07623928013744	0.390104812348185	76
0.075761488817827	0.69916829839228	152
-0.066490926064363	0.258195369298619	75
-0.094536191667608	0.367747936149933	75
-0.102398346771834	0.246673625187723	37
-0.052264589062291	0.362432793455204	37
-0.074771205863127	0.259072910703671	10
-0.080928898606877	0.364808465494181	10
0.00389864120517103	0.373663140233072	10
-0.00185801990968598	0.359314759092999	70
-0.06815348601257	0.25538791574876	1
-0.075585091686555	0.245945503378483	1
-0.118625748284016	0.156401863873602	578
-0.109906418186035	0.151722168410366	6
0.0379920943188909	0.273398838612624	69
0.040155508877679	0.273702593316528	69
-0.073466258762199	0.252617405732311	69
0.0697257496203561	0.378904162287565	6
0.124389535109194	0.197734208595323	100
-0.123232841586817	0.152558557205109	150
0.0726994965643421	1.58523653179593	17
-0.08786661242291	1.01849576312398	17
-0.000700737137006025	1.11605111425782	17
-0.040007905050418	0.559833609224228	235
-0.043389015973177	1.02432583998163	235
0.021955815887907	0.951759897186389	235
-0.112273458217897	0.246730762364977	17
0.027494393342519	0.624925717889577	17
-0.043141449774991	0.859694428676243	17
-0.085503920668193	0.712936334504051	17
-0.041295136017371	0.813386183235996	17
-0.114043585381112	0.729230341245522	17
-0.037370609275305	0.785326398062806	17
0.077554270637588	0.491585391630684	9
-0.117707174641041	0.435688797625953	9
-0.023893871218817	0.367782654761203	239
-0.065332667288692	0.456683240329208	239
-0.111851221650937	0.145358086423255	239
0.064244661299531	1.06665796799839	87
-0.094440947442408	0.367727999600542	87
-0.088995245620879	0.437770096733163	87
-0.045482981808383	0.521386913200456	87
0.046075753488523	0.481559509954814	46
-0.034255079071456	0.367194159889523	46
-0.070318003196053	0.259972430046524	9
-0.00922152104139301	0.357094280598261	152
-0.091823642304114	0.362079194554711	76
-0.104819185566612	0.343671809827433	76
0.032862342707121	0.489725488726887	76
-0.000420172614599978	0.468134155756775	75
-0.122046733323649	0.2540205424305	37
-0.023062272263189	0.258890223012928	37
-0.05898417746349	0.254753769993066	10
-0.037756187192044	0.35193652747164	371
0.013687875648534	0.484954675646467	371
-0.021307376775217	0.269585794818174	10
0.121403848080645	0.29117708249682	1
-0.020280878145761	0.268819266042678	1
-0.020280878145761	0.268819266042678	1
0.123630196704802	0.284912024749502	375
-0.078204618657334	0.248101105992673	578
-0.116640089368267	0.152535608099115	69
-0.119288471122515	0.155184266731623	6
-0.116948807468034	0.155003016540274	6
-0.119797794160602	0.151704464757904	6
-0.02877631167436	0.173644512897175	100
-0.030028211657445	0.169266326339887	150
-0.114364357307754	0.153517646226589	150
-0.028441873937004	0.173900761007562	150
-0.123892582275352	0.152459379316407	150
-0.025434025034098	0.174050129956977	57
-0.111648450436311	1.11868146469502	17
-0.091966050568217	1.14237205509338	17
-0.021760726718185	0.917242906430299	17
-0.060464464431969	0.877363848335184	17
0.074191344082857	0.799768829191737	775
-0.093713229520007	0.516290318439979	775
-0.106364841029194	0.247459860253997	775
-0.013776121304244	0.626322509764301	17
-0.051552343475366	0.445505109465131	17
0.103813990556395	0.805058249326073	17
0.054548723464886	1.52007546286709	235
-0.116174224569949	0.419601194007516	17
-0.074261551202297	0.784742879152636	559
0.022962368755039	0.965481269457927	17
-0.105021307107574	0.237111315779035	17
0.052528714161412	0.730536581522861	9
-0.049081501379138	0.89353436301271	239
-0.049610264897667	0.526699835577046	239
0.024092044412988	0.359248812415599	5
0.0000152149079980513	0.541579488466117	5
-0.038630303004338	0.350615276775029	5
0.0778859830736161	0.714281470778317	87
0.064965202879907	0.794975159804314	87
0.096793542616843	0.588550489518328	46
-0.067130053750926	0.258110304305403	46
0.103821196198109	0.483371137282793	76
-0.113966855716624	0.157916651360879	76
-0.048999485196699	0.357349332535692	76
-0.056789478923022	0.454689732189395	76
-0.00249842786503002	0.46133401318297	76
0.038718550478464	0.622296658899573	76
-0.070375416585446	0.451774064730413	152
-0.000400716183964978	0.609709087431154	151
0.107438837582881	0.645332421112973	75
-0.030149356696251	0.441991335431256	75
-0.048668091122165	0.359399353392881	37
0.080421795376515	0.48704244555301	37
0.0725839598945111	0.468947935231256	37
-0.02560328269255	0.261855382172365	37
-0.00640664351454501	0.371706104667633	37
-0.031846577426211	0.255372847976301	10
-0.10771985681128	0.241780366413171	10
-0.109099140308938	0.353899787358373	10
0.124350739510756	0.285665890708459	1
-0.10075651878327	0.255680304789249	375
0.0327408676951469	0.271041086186757	69
-0.096637319603412	0.253889887566898	69
-0.026796283691665	0.166634370100552	100
-0.119288471122515	0.155184266731623	6
-0.118978376095057	0.155402003494633	67
0.124681786236784	0.293259506159697	57
-0.11800731592984	0.151253911468207	57
0.057055588448221	2.06926830803908	17
-0.061094229328732	1.47785340327951	17
-0.016799481756326	1.39565857765101	17
-0.119806229760072	0.348036294302487	775
-0.083878536085157	0.93806515753632	17
-0.076067934776497	0.367399286985014	17
-0.048718715863557	0.357201347559597	559
-0.015942083987474	0.907824710915239	17
0.112604288696033	1.28008266861755	17
0.00604771223940603	0.797994486070442	17
0.073379335679153	0.390474102322105	17
-0.02461718382956	0.266513584221076	17
0.00959843925422499	0.464928591151852	96
0.080336295400895	1.15491119935007	239
0.048753745164479	1.00746949815088	239
0.087455658282547	1.01101492795537	239
0.042351459778267	0.280118898787308	239
-0.104281835108376	0.253700780840795	5
-0.10724120531239	0.490730699747095	87
0.117959141795652	0.600786168087687	87
-0.083476716530185	0.361232543216147	46
0.047139113336241	0.773115044675526	9
-0.044880067585084	0.518084044433957	9
-0.039434752319681	0.569405424953633	9
0.027339973558574	0.476728853990231	76
-0.101226142861503	0.418184479542289	76
0.090482017756035	0.600629146534575	152
0.022221230904745	0.474519156079346	76
-0.06469232580268	0.365147456632686	605
0.063629785747539	0.357313579694962	151
0.054009191180725	0.481257837183055	75
0.034721432455414	0.376783485932573	37
0.12221794261296	0.615584951389859	70
-0.038979879228552	0.353661217513301	70
-0.10134508661227	0.254255158056104	70
-0.037309433890002	0.358926184426488	70
-0.00535583168218201	0.36065255982756	10
0.079216614085479	0.385667823816042	10
-0.024455957271692	0.174341861986265	1
-0.026820895522298	0.266058749565999	69
-0.028599925794129	0.375598998320036	6
-0.071988799564703	0.257365066392596	6
-0.119288471122515	0.155184266731623	50
-0.034465315352361	0.167341962182455	50
-0.030362891525725	0.165698574856198	43
-0.0398437636686	0.161451703504765	34
-0.101937353542632	0.791171456438214	17
-0.039309196008691	0.374450450304434	235
-0.08030316279225	0.664394169777202	17
-0.120101753484509	0.492628184481525	17
0.103543369904539	1.27767067026223	17
0.030614082321206	1.08127523274465	17
-0.118936035255178	0.154693651039811	17
0.059200763248467	0.929791726931781	559
-0.082109005980577	0.670280557654961	17
-0.119578313588427	0.524862702272901	17
-0.085717925637214	0.653443451545885	17
-0.05574221119843	0.442907887015126	9
0.111358207164563	0.762325731959974	9
-0.114538880282085	0.503642249640678	9
-0.022027494130101	0.44997077998841	239
-0.076780942690185	0.363986822055643	87
-0.076310679910289	0.362595749227286	87
0.05105412212062	0.488849074966701	87
0.017767886476018	0.632856243121872	87
0.029902327913886	0.380651440403291	9
0.024284690261359	0.476432826339035	9
0.032219576831958	0.264707052248942	46
0.07197508768084	0.373292863849325	46
-0.030966746228041	0.258194125842696	76
-0.056937608703554	0.34970529277542	76
-0.048063532362422	0.374100223008761	76
-0.052808684178055	0.368355904303116	76
-0.120842741079241	0.228541584169603	76
-0.118316174335936	0.155498649868734	152
-0.063928598695547	0.362765019792658	605
0.0485159262591161	0.474300604359398	75
0.115796250814043	0.48405209393128	37
-0.110912591713844	0.247555278790687	37
0.026471340356734	0.365765580159108	37
0.041952674764828	0.281920583128311	371
0.073379335679153	0.390474102322105	371
-0.039458457197891	0.353726249430718	10
0.072277717551124	0.388046590307769	371
-0.073432489378281	0.361041153050285	70
0.067567061048832	0.361542525872781	70
-0.119951609023473	0.151905822116921	70
-0.065911345382183	0.258027438728908	10
-0.02877631167436	0.173644512897175	58
0.0327408676951469	0.271041086186757	1
-0.115645048561276	0.154568097820298	1
-0.024455957271692	0.174341861986265	311
-0.028134034490003	0.172806906043131	6
-0.029413832966949	0.172818763268529	50
0.123493832958361	0.197795733894146	50
-0.025352385523439	0.267717665978132	67
-0.119599276934462	0.151447745286751	67
-0.028441873937004	0.173900761007562	34
-0.06838120636558	2.00583997559121	17
0.071887612617461	1.29357490844855	17
-0.101380624980832	0.805341012605353	17
-0.122305090271866	0.692128802245435	17
0.110738534664395	0.502762338231235	17
0.062155294244632	0.769867903551859	17
0.041918357576218	0.752501187081521	17
-0.035549775646695	0.902390427271877	17
0.031162160144259	0.763842277678682	9
-0.109495047152636	0.57473807872901	96
0.035933737467948	0.721628140315798	239
-0.08719774176554	0.443747000030331	239
-0.118034513333133	0.151846156453999	5
-0.056846225747334	0.571677419408598	87
-0.00585018351803901	0.713824250879998	87
-0.050649233848167	0.530102263697576	87
-0.0626952710273	0.593123736828182	87
-0.014186627127982	0.531099633604585	87
0.023523043357087	0.481389916426505	9
0.039331225512231	0.630932369592279	9
0.00460790734097005	0.534271925474653	9
-0.050047379454765	0.34859398005783	9
-0.119441559685637	0.252410529503659	76
-0.046478421523956	0.448765418862125	76
-0.113921566509619	0.362313439966577	76
-0.074099061420005	0.247230542894151	76
0.071136746061806	0.371246384291129	605
-0.029622027452671	0.36187153801617	605
0.118105889746317	0.59179673492509	605
0.058675748541386	0.549206373522005	605
-0.102242838630483	0.370558498382198	75
-0.108656310642405	0.245447390009685	37
-0.02877631167436	0.173644512897175	37
-0.028107525036302	0.170490516965899	37
0.124443002209963	0.292918897783287	37
-0.073249163951726	0.355593121768182	10
-0.024729231614745	0.26281149041328	312
-0.073007891120858	0.251845852982485	312
-0.070379690171513	0.257776345317714	371
0.068791688295729	0.377489604135851	371
-0.061764356806399	0.25791871577457	70
0.069644769435273	0.37636419028699	70
0.108070139821483	0.487253046157775	58
0.081246955886205	0.388751207455905	1
0.033863758549084	0.271590292117255	311
-0.119640994971663	0.154201474425124	69
-0.119288471122515	0.155184266731623	6
-0.030449843442321	0.168128956126301	6
-0.034767095839651	0.169258406159813	50
-0.02877631167436	0.173644512897175	34
-0.066554275433011	1.26344246255348	17
-0.025638376520996	0.601399428587501	235
0.028186772991841	0.379209573691995	775
-0.076516716550948	0.432379398955692	235
-0.119839135990842	0.749885253935469	17
-0.122227809888857	0.78766262510923	17
0.00727388634578097	0.558325015614419	17
0.057807133671649	0.490302107725045	17
-0.070911616978749	0.452216015289356	17
-0.013050665520094	1.05198661735599	559
-0.10176821225793	0.641242189245885	17
-0.075703661082081	0.687629258301217	17
-0.116282091341724	0.658265649211619	17
-0.00284744285266397	0.378644531429591	9
-0.012745041565822	0.692482742473568	96
0.098037877769185	1.23610971764845	96
-0.060332040203348	0.738110478934246	239
-0.097655673490121	0.55195121858264	239
-0.095518932092984	0.660889141008641	239
0.047221002158009	0.457796085853585	239
0.071842885948112	0.794186846244038	239
-0.027799332430055	0.173060458267072	9
0.046120657319779	0.576246891391703	9
0.038315574538522	0.276547476791009	5
-0.07225045980249	0.373005036349252	87
-0.107878369104626	0.514508820532327	87
0.074941323347375	0.711192758076446	87
0.012386451354526	0.705892065036561	87
-0.050685875000764	0.458924133193805	76
0.010299236358741	0.480126672855223	30
0.035669036598625	0.378305308748795	76
0.028349404945835	0.363864621471764	76
0.079786488997564	0.497819756132109	76
-0.040077536149509	0.375708551946121	76
0.072126837637134	0.388341406073404	605
0.04339591485552	0.282131304679604	605
-0.036403524595575	0.35624630453197	605
0.025227550701298	0.480371689327635	151
-0.032361528517996	0.349362067575062	37
0.117065251344587	0.579191540719941	37
0.041749412494347	0.462688039572426	37
-0.008955195114422	0.369580151473222	10
-0.00830368607924498	0.363220470500524	379
-0.123389406431284	0.255249198114748	379
-0.106230445897917	0.25416504263721	10
0.120915618661528	0.614655852774971	70
0.052950194296739	0.493095862394303	70
-0.015818569351738	0.258190205959932	70
0.03335248352464	0.265921947626106	70
-0.021745874786027	0.269910043751504	70
-0.079518251824252	0.248685752601831	58
0.033141447740575	0.270179798573207	1
-0.123232841586817	0.152558557205109	311
-0.027065241517049	0.259332369542762	6
0.039433578398855	0.27491852021689	6
-0.109907837900198	0.155095782934507	6
-0.117258242809654	0.153072996928601	6
0.121403848080645	0.29117708249682	6
-0.109907837900198	0.155095782934507	50
-0.123844548125151	0.149173904676147	50
0.124443002209963	0.292918897783287	50
-0.023813981466244	0.171463641376464	43
-0.020763856133946	0.167149342002281	34
-0.033791410565306	0.167700228204841	34
-0.118936035255178	0.154693651039811	34
-0.11462934717056	0.157114309054217	34
-0.121726370359256	1.2370323173621	17
-0.0838564541132	0.749562504002386	235
0.055243138015455	0.887051529399617	235
0.039124207179964	0.709041589362428	775
-0.031039953781748	0.910066083756819	17
-0.084809135613914	0.729163307774622	17
-0.120394726128659	0.647670685147669	17
-0.099087238251992	0.450729409107379	17
-0.110351922985442	0.679992718906652	17
-0.113031853612274	0.625194556670857	17
0.054051665381438	0.842748952526785	96
-0.11017880422265	0.616858405453097	96
-0.075933153031717	0.368866509910818	5
-0.083712701710553	0.366934525449585	5
-0.00670117833966899	0.777002761478722	87
-0.00602625167866999	0.690357730033492	87
-0.022376159958124	0.526918089492205	87
-0.098197725538366	0.440860541322152	87
0.123562250644504	0.665756611738017	46
-0.024375854116725	0.528737110075146	9
-0.051868153548098	0.35032015169972	76
0.10639473523051	0.494889602186744	30
-0.050047379454765	0.34859398005783	76
-0.053377535527915	0.365940261924762	605
0.030971664678672	0.48160781840582	605
0.078849324071797	0.385784304633318	37
-0.080075521709892	0.246494859509466	37
-0.00428140224182999	0.373227490150171	151
0.079145317020942	0.56827810611949	37
0.042673899649155	0.282838963018334	379
-0.029939826094463	0.260278171970001	10
-0.075585091686555	0.245945503378483	70
0.042673899649155	0.282838963018334	58
-0.123587284591437	0.14978126956717	58
-0.075233353425233	0.257738212442655	1
-0.118625748284016	0.156401863873602	1
-0.034128317899022	0.17006053637181	1
0.076818868283632	0.388679568466127	311
-0.030362891525725	0.165698574856198	6
-0.025098699439262	0.174305828211983	50
-0.034128317899022	0.17006053637181	50
-0.02877631167436	0.173644512897175	50
-0.025434025034098	0.174050129956977	50
-0.115688287931957	0.153270372596196	34
-0.024455957271692	0.174341861986265	34
0.032409787668354	1.88497700755248	17
0.00975393480637699	1.29246081007084	17
0.120658125189402	1.47753313892196	17
-0.044658814190496	1.1709557103177	235
-0.099712770585101	0.717263440784105	17
-0.06156213482561	0.601208515177661	17
0.0147519159532959	0.726379420407067	235
0.094314166177801	0.634354910747479	17
-0.093820249398611	0.807821582280804	17
0.107917017966618	0.635446823464733	17
-0.075788489836101	0.361126449778538	17
0.114273675083793	0.767844148702887	17
-0.032853071653119	0.166009532274329	9
0.081124036837563	0.491527913972212	96
-0.052514178299456	0.677066700233995	96
0.085633874695765	0.948141698440106	55
-0.11893874645256	0.516432212015738	9
-0.118006965279029	0.352899929943606	9
-0.063543084508933	0.435612015427073	239
-0.069835268820642	0.6526364454513	5
-0.099724040110082	0.601559019953808	5
-0.03159124237109	0.575546804799723	87
0.085539534980518	0.661330136331282	87
0.044819403513613	0.770508019631556	87
-0.077742509717611	0.43738926162785	87
0.099523246525558	0.659053429178474	87
-0.005981988925154	0.850013649155831	9
-0.029413832966949	0.172818763268529	76
-0.089200630927939	0.410590994082191	76
-0.053217862703453	0.74587922500749	76
0.021554560966343	0.464038328736412	30
0.122098550859593	0.615402803665466	30
-0.030633499643026	0.362797173178481	76
-0.021131678429079	0.164770637541315	151
-0.108249112656224	0.515691977158635	605
0.123990516620877	0.286709125230322	605
0.0707386154166531	0.484685227040214	37
0.034988290493975	0.266704903797891	37
-0.118936035255178	0.154693651039811	151
-0.036383648541995	0.239394883585809	37
-0.075347103327746	0.438809753359101	37
0.037199203403537	0.274673969788445	379
0.0334248650971321	0.374661470409131	10
-0.031709029129308	0.365179108361812	70
0.035230226722092	0.267017047926407	70
-0.033512465350303	0.463487650032829	58
0.0255453895159981	0.480570118897573	58
-0.106318211039964	0.251081750754318	1
0.093525614299704	0.599390631454215	1
0.073351859965146	0.490319121602075	311
-0.108809899670171	0.245024676193739	6
-0.118273208503661	0.155900053042255	6
-0.072014187823416	0.361364570501143	50
-0.026077264986138	0.170958339585501	50
-0.030787648698678	0.170475170397049	50
-0.100625484922366	0.624680692688833	235
0.050465566369048	1.10321490385599	235
0.104719539051726	0.747947156691296	235
-0.045348464907102	0.732081314900635	17
-0.00745091729796199	0.903366217698557	17
-0.012795128206575	1.00240495045755	17
-0.015069565299167	0.458556110268474	17
0.034467985030056	0.551759659344327	17
-0.0913895949899	0.673994312467766	17
-0.090883821333961	0.5100405671925	9
0.034315470078957	0.541825247246388	55
0.068540152009118	0.475432322880454	5
-0.101923046231703	0.354109487241231	5
-0.077357433807635	0.353217356469346	5
-0.051717380700603	0.361279665571924	5
-0.12406194241322	0.448449395832257	87
0.035386364642594	0.569920184492962	87
-0.116956290792545	0.352004858605052	9
-0.119441559685637	0.252410529503659	76
-0.061638996819165	0.361846674691485	76
-0.055967223007405	0.370986624949805	76
-0.063137464906054	0.354834178627702	76
0.086281485993305	0.494697498126434	30
-0.030765866130535	0.367778220711465	76
0.073481681607939	0.378009035785557	76
-0.079234072923102	0.249666159057936	151
0.0375957162630221	0.27510369868001	151
-0.11529476711404	0.151506143013537	379
0.0858184482277921	0.385740562123309	379
0.109925441106308	0.49856617020666	70
-0.031260259465418	0.2535085747654	70
0.05137719055749	0.271056765243106	766
-0.028764491964529	0.260353878444687	766
0.039036224013886	0.276641593348037	58
0.037199203403537	0.274673969788445	1
-0.113657889799439	0.157858515534477	1
-0.029413832966949	0.172818763268529	1
0.036802555662484	0.272143887116968	58
0.043718327783049	0.279182598194854	1
0.120350117859196	0.289968354715218	1
-0.026820895522298	0.266058749565999	284
-0.124198603434929	0.151516954174281	43
-0.103003763239931	0.433642427044006	235
-0.08795711885799	0.445149908670208	235
-0.022563217267913	0.943038327478194	17
-0.113272193352386	0.677454229359813	17
-0.105857579287071	0.504914333878341	17
-0.062693906488486	0.817010950806724	17
0.053953543708014	0.484924757693948	17
-0.117670001826551	0.364562610776273	17
-0.117156251821646	0.353658985048504	17
-0.056338886505629	0.77530908499768	17
-0.007211219619287	0.767295514715907	17
0.047393170246226	1.01074002775091	17
0.078602242053367	1.02544559164672	17
-0.124136309014077	0.148069227853569	96
0.103221642590557	0.748890642280006	96
-0.022603317944893	0.530640812704223	96
-0.00729024506559001	0.599387621745642	96
-0.100280501889534	0.360616999705449	87
-0.109495363200517	0.370000867204897	87
-0.026290252378533	0.367167412819677	87
0.079129081001068	0.647570292773745	76
-0.095356994185817	0.248963506818014	76
0.030735517494477	0.491950669666264	9
-0.026339137510115	0.355314762585391	76
0.078199064318016	0.488252857875494	30
-0.016182891782628	0.352647646209844	76
0.09667503010557	0.579139997591594	76
0.044130599246748	0.471496110054069	76
-0.00440092535513698	0.369556315287942	76
-0.025407233421619	0.167977003767588	76
-0.06856276659824	0.364156439951366	76
0.043282147963452	0.471315899248923	151
0.030187517181148	0.377148264963926	151
-0.119288471122515	0.155184266731623	37
-0.073181116150041	0.252282071564038	151
-0.075041419308178	0.246515537266514	37
-0.114319852295734	0.158428137895593	37
0.037199203403537	0.274673969788445	37
-0.016429871748318	0.267944594995713	37
0.0672834279601801	0.371152222221213	37
0.029007440502078	0.260154374691576	37
0.046626061858237	0.278457068083501	379
-0.030673523454202	0.259581900320893	10
-0.02877631167436	0.173644512897175	58
-0.116948807468034	0.155003016540274	1
0.074264075969972	0.377435420913471	1
-0.02877631167436	0.173644512897175	284
-0.118742213907014	0.154014976686484	6
-0.119797794160602	0.151704464757904	43
0.124389535109194	0.197734208595323	43
-0.030028211657445	0.169266326339887	34
-0.115292260949475	0.154093905241773	34
-0.112110747777719	1.36697864914176	17
-0.054512173247184	0.681542825121227	235
0.093446017045278	1.28565132021304	17
0.070666783260233	0.871265412100178	17
0.015373785175847	1.05325037297113	17
-0.00205635897117201	0.962619387987182	17
-0.024824420400426	0.448341292098452	96
-0.034804996350694	0.53460222784765	55
0.07959572521194	0.742737994553148	55
-0.049075869783035	0.555952486247894	9
-0.092038671218384	0.528274447509175	87
0.070069651564179	0.810066848021165	87
-0.014437621960241	0.590917631951851	9
0.052432380409321	0.575925453675643	87
-0.028501189644053	0.46398358215186	76
0.071216182462818	0.484448698046177	76
0.031994524942267	0.54977562687203	76
-0.066037379529005	0.426077162981942	76
-0.067052751278787	0.254996853207513	37
-0.118978376095057	0.155402003494633	37
-0.109124766338882	0.245438934885645	37
0.0712962769312	0.376332309090791	379
-0.024768141644012	0.376926051359676	379
0.0770239987071391	0.389284120828817	379
0.0730168381555481	0.37730192508523	70
-0.018043920683314	0.267568731121181	766
0.040155508877679	0.273702593316528	58
-0.113559761478467	0.245030291818372	58
0.033863758549084	0.271590292117255	1
0.03450651440702	0.269706066351245	1
0.046946445540678	0.274152649520506	6
-0.030149465626653	0.170514802132598	50
-0.02479154844754	0.174086333588503	50
-0.028441873937004	0.173900761007562	50
-0.113966855716624	0.157916651360879	50
-0.118316174335936	0.155498649868734	67
-0.118978376095057	0.155402003494633	43
-0.029078788846085	0.173073255821478	43
0.123493832958361	0.197795733894146	836
-0.034465315352361	0.167341962182455	142
-0.120736234825941	0.408414546396109	235
-0.081463674323938	0.729666651412349	17
0.02930066845766	0.556955187764834	17
-0.034080011080925	0.659482672566437	17
0.023506779997431	0.89248521875519	17
-0.016209664382259	0.845995746417482	17
-0.052210989270135	0.674177165051071	96
0.03986541255131	0.89809524432955	9
0.062592714607116	0.785789926371719	55
0.078901482437946	0.385616602702506	5
0.021511831463499	0.556506675414632	87
0.034359956922005	0.876914138429736	87
0.00973839796796305	0.765982112972989	87
0.066312355349926	0.804964798468758	87
-0.094398092078015	0.516644874105918	87
-0.093834214559561	0.361509304736575	87
-0.048270620052537	0.491233840345497	87
0.058984961174032	0.641416201378932	76
-0.00460175373425997	0.375082758005748	76
0.07092818077635	0.373618990683592	76
0.051850677010937	0.476127369722227	76
-0.046717668193459	0.530932936464302	76
0.10837360692447	0.584044074758454	30
0.087233694920603	0.488420832133388	76
0.047596451722812	0.478944171007045	76
-0.095071609933247	0.350114675939978	76
-0.030316765864797	0.361172728137097	76
-0.0272945898223	0.36687782187113	76
0.070672377541174	0.370559681071649	151
-0.070946247074487	0.257500499785684	37
0.04187493988501	0.279711755469176	37
0.077552039655488	0.373883360164064	37
-0.0720916095792	0.244110379364203	37
0.000710477487963046	0.370671256687	37
-0.105916612840597	0.255675699464425	379
0.083342766738402	0.383674168823054	379
0.0730168381555481	0.37730192508523	379
0.109606591784923	0.490464887897789	379
-0.071582226688082	0.253582790217798	70
-0.021013690450166	0.270045555845676	64
-0.117258242809654	0.153072996928601	58
-0.118625748284016	0.156401863873602	58
-0.069176470636173	0.259271773591999	58
-0.029078788846085	0.173073255821478	227
-0.026628911415281	0.260563198903013	1
0.038638734259801	0.276207805014844	6
-0.029078788846085	0.173073255821478	6
-0.124198603434929	0.151516954174281	6
-0.025098699439262	0.174305828211983	67
-0.02877631167436	0.173644512897175	43
-0.118625748284016	0.156401863873602	43
-0.027492516736473	0.169428702216176	67
-0.114319852295734	0.158428137895593	836
-0.035406639192306	0.165820817270706	34
-0.078697540893709	0.52988966640813	235
-0.072544875176566	0.865682208503223	17
0.074597708035856	0.994580715169821	17
-0.112290755342063	0.570844487313773	235
-0.064068783420433	0.817142075543995	17
0.049028951944709	1.21539962784327	17
0.00725949619382404	0.774277642148042	17
0.053255049535466	0.926832308786736	17
-0.100638459206162	0.481391781574447	17
0.053386097653371	0.892578448647715	17
0.014847818928821	0.344331804276661	17
0.056952055281349	0.804838313566487	96
-0.021519099363245	0.474509252709991	9
0.00760003147851696	0.55486282498289	55
0.124772770298551	0.193637018333257	55
0.00250508372694802	0.552485161569621	5
-0.048537230429641	0.373996645012034	5
0.033201712259637	0.377817780831953	5
0.062278268476902	0.568891413370685	87
-0.100202355551055	0.419478331067632	87
-0.066980266411887	0.361696805033164	76
0.069894007764704	0.370451537279228	76
0.0728686146294381	0.368931384163915	30
-0.106318211039964	0.251081750754318	30
-0.06603083321191	0.255785383872145	76
-0.070271310771809	0.349219823796808	76
-0.02964664715236	0.257494780553768	76
0.065685445627563	0.454401306481089	76
-0.014756009987592	0.361407151394783	76
-0.031846577426211	0.255372847976301	151
-0.013791879508986	0.458885551802291	151
0.104644495786447	0.493661685016207	536
-0.119288471122515	0.155184266731623	37
-0.049294322435234	0.362417321270458	10
0.025178225509343	0.364472640087065	379
-0.023646237554624	0.264001420141946	379
-0.109498271707603	0.253603224889538	379
0.037813160185701	0.278706941562913	10
-0.118388316468157	0.154245254292467	58
-0.117963442428011	0.156497220770852	58
-0.020458084685342	0.168399385043788	58
0.0455835783051129	0.276657101383866	1
-0.11462934717056	0.157114309054217	1
-0.025897862611339	0.262420396715526	1
-0.025098699439262	0.174305828211983	6
0.121766676363881	0.286101535760853	6
-0.029748978736977	0.16905111959911	6
-0.020794836521789	0.168162372739556	43
-0.024455957271692	0.174341861986265	836
-0.124198603434929	0.151516954174281	34
-0.026077264986138	0.170958339585501	34
-0.106437861117967	0.735978307507877	17
-0.042688142579392	0.941909801570119	17
0.0295524205094611	0.372980013594714	17
-0.114961568963973	0.708656846872727	17
-0.037675681194977	0.759277193639188	17
-0.034421638085251	0.821484563099732	17
-0.025066835175061	0.370270740096664	55
-0.034128317899022	0.17006053637181	55
-0.113657889799439	0.157858515534477	55
-0.070364612608506	0.610329234909553	87
-0.036543285150631	0.529924720086486	87
-0.023891357304351	0.539236447551216	87
-0.102021157210301	0.365568684728261	87
0.00805100042178997	0.483928582546898	87
0.02987680723027	0.689244723408125	87
0.112735949044351	0.590871383176956	76
0.069140294029157	0.572370110791006	76
-0.020869029187433	0.267401516299483	76
-0.024945693898315	0.520569532830427	76
-0.04779180399044	0.361485419676185	76
-0.093722228076737	0.365145604608731	76
0.065370700401063	0.361360867432926	76
0.0487255323593651	0.488104959618923	30
-0.00315287710595402	0.441415623704689	30
0.00929785761769297	0.462878416493291	76
0.014723201845678	0.564200896113292	76
0.00483349153272095	0.554395071972139	76
-0.045091407735379	0.367706437346838	76
-0.071016271143884	0.364879294759656	76
-0.030380592061052	0.257872512010022	76
-0.111124642474594	0.352574296166995	536
-0.10745408826769	0.254323916056391	151
-0.021307376775217	0.269585794818174	37
0.034908709131277	0.271365423101084	37
0.0831573554999801	0.379381240125747	37
-0.112773710138058	0.246621806591174	37
0.065972912649117	0.366198760568805	37
0.0798517302901151	0.486228900074992	379
-0.113613947357624	0.15494071056255	379
0.041952674764828	0.281920583128311	379
0.075977554913321	0.4956506681175	70
-0.024433870088787	0.26269782764036	70
0.04339591485552	0.282131304679604	70
-0.025352385523439	0.267717665978132	766
-0.030362891525725	0.165698574856198	64
0.075976709287408	0.370433346064636	64
-0.115292260949475	0.154093905241773	58
0.122094918293228	0.290390961560003	58
-0.100544078738764	0.255572526848399	58
0.124651721867933	0.287382491060128	58
0.045502521935716	0.275771551221077	58
-0.074025937975439	0.259840657485842	58
-0.114319852295734	0.158428137895593	1
-0.030362891525725	0.165698574856198	6
-0.118736636034454	0.15233101831154	58
-0.109203149284211	0.151888146627481	6
-0.021131678429079	0.164770637541315	50
0.124389535109194	0.197734208595323	50
-0.025098699439262	0.174305828211983	67
-0.02877631167436	0.173644512897175	67
-0.027492516736473	0.169428702216176	34
-0.027799332430055	0.173060458267072	132
-0.011145294466071	0.585651240577208	235
0.044652072567098	1.25329058941312	17
-0.08405190697072	0.856983222939345	17
-0.07131768232681	0.886247294541941	17
0.11464655991199	1.24536328961393	17
0.096148987537863	1.1907632041226	17
-0.110651807971244	0.701988242600424	17
0.08565365877114	1.16933962113954	17
0.0252114087859781	0.828622843360763	17
0.084711039407769	0.845215417311846	17
-0.02866081167521	0.726962811715328	17
0.120936204465013	0.828890772919877	9
0.124107930237259	1.04600459445206	17
-0.040433893730125	0.757061364335255	17
0.00249796126047797	0.616791314808457	96
0.111884142121442	1.17916653515673	96
0.0764999631450211	0.557169133905041	55
-0.093780436121556	0.34516465466463	9
0.103352377608421	0.726690634420423	9
0.032100350876981	0.478983172687051	76
0.061022408297402	0.721701222994173	76
-0.061957834558382	0.359695379212644	76
-0.000231099033344007	0.545011973217495	76
0.095137663754121	0.593619158315301	76
-0.02487135588178	0.261450959129751	76
0.056661553343067	0.485811178796095	76
0.053289127925769	0.472253508718327	76
0.074986345072823	0.384208601081914	76
-0.00521750054841102	0.371186188017703	76
-0.118978376095057	0.155402003494633	37
0.072493526704947	0.489815770938496	37
-0.035449241753598	0.247076877653124	37
-0.032337840267358	0.251293141917287	37
0.00437502468822704	0.371064097747032	379
0.037728713428832	0.270400414028336	70
-0.072355543111553	0.257120694158098	10
-0.113613947357624	0.15494071056255	64
-0.114939561459511	0.151303715107185	64
0.0434723136132	0.275091660563614	64
0.036158369051129	0.265732589109896	58
0.038941117924165	0.2771188812206	58
0.080149112795018	0.389296654176163	58
-0.118273208503661	0.155900053042255	1
-0.0398437636686	0.161451703504765	50
-0.034767095839651	0.169258406159813	50
-0.025098699439262	0.174305828211983	43
-0.028441873937004	0.173900761007562	34
0.0375957162630221	0.27510369868001	34
-0.050584819475986	0.945680617768669	17
-0.110719272777708	0.427480071224444	17
0.096914531385403	1.45269399862287	17
-0.0136844922314	1.0776433662482	17
-0.070059285414439	0.779790340937198	17
-0.092100673917546	0.684043109598275	17
0.026821786851328	0.921163355273961	17
0.011814752792495	0.906362239548785	17
0.046085515923566	0.687394883125371	9
0.00506665454104605	1.03483296771452	17
0.065815496110694	0.819966666381948	96
-0.116149014965725	0.533382423212979	96
0.063419761201732	1.06848369075864	55
0.106341464967289	0.664179752504621	55
-0.114607753848144	0.421147267243346	55
-0.060740635742874	0.255971840519731	55
-0.065617201421542	0.649189396570088	87
-0.033763380713797	0.655824861289062	9
-0.00913009370550999	0.53506520694518	87
-0.027074105024445	0.505979788300698	9
-0.030750944397715	0.350148036205724	9
0.115663428423793	0.670277235472449	76
-0.035948355457174	0.4422981981076	30
-0.00640664351454501	0.371706104667633	30
-0.055005601287801	0.514567357521701	76
-0.067484427351896	0.36083038493499	76
-0.093321374466007	0.368265940073143	76
-0.112494459409258	0.355140347481473	76
0.075106182414979	0.383331720938937	76
-0.00815962512638202	0.372598800130352	76
0.0841270782489491	0.385008589149363	76
-0.030157048255176	0.361448844789676	76
-0.073060607389117	0.354873647634316	76
0.039024757613085	0.56617092061606	151
0.116228263090082	0.50206910331104	536
-0.118625748284016	0.156401863873602	37
0.070595701215172	0.471507080104464	37
-0.120493845321775	0.151008723428211	10
-0.050105234939027	0.366468949404345	379
-0.074668051907595	0.250959261115107	379
-0.025461296868583	0.262123821064352	379
-0.105848965141567	0.252213495130198	379
0.033141447740575	0.270179798573207	64
-0.029413832966949	0.172818763268529	58
-0.114940468839194	0.149263567248015	58
-0.117963442428011	0.156497220770852	58
-0.02224113720955	0.264185697956452	58
-0.080617734402866	0.241863892520577	58
-0.105848965141567	0.252213495130198	58
0.077644599409742	0.388116401016612	58
-0.00392479183387801	0.36873706476263	58
0.123749369679057	0.197904329442775	1
-0.026077264986138	0.170958339585501	58
0.032019842081385	0.268049971573596	58
-0.024763463145744	0.170916076525265	58
0.120350117859196	0.289968354715218	6
-0.028441873937004	0.173900761007562	6
-0.105750721970909	0.150016083012501	43
0.049845660222229	0.269205372226762	132
0.000232807129872947	0.375228811077113	17
-0.095452929934671	0.638900696939753	17
-0.018823585129013	0.626518876965799	17
-0.00843740887694899	0.444084331132899	17
0.085049716622212	1.18148229997747	17
0.018044482480567	0.835074350234456	17
0.023428422435828	0.707021102333219	17
-0.074979374802494	0.683736524330378	17
-0.051812211418992	0.676328470449429	17
-0.00663864613655601	0.747211704347215	17
0.017333608265436	0.832858140602287	17
-0.00619200632490502	0.74089733932819	17
-0.00535583168218201	0.36065255982756	17
0.101112743931444	0.983217125955851	96
-0.109356119290271	0.510626856142217	96
-0.012045386717963	0.798848602386728	96
0.020345007886819	0.780667084618484	55
0.12244175237509	0.754129330094477	55
-0.092174841652142	0.446588208654921	55
0.00447128858604595	0.585383443719157	87
-0.123857104965437	0.355397994365406	87
-0.011008489728234	0.545689270230624	87
-0.073959302253465	0.529759265188476	76
-0.00735508532871398	0.461645092487579	76
0.078596023494115	0.725622285096524	76
-0.026971451981468	0.264539257528914	76
-0.023356198812668	0.251146795154866	76
0.046745320274841	0.472120298166244	30
-0.087228521532099	0.360065139280393	76
-0.022906937297764	0.250522418052805	76
0.073946373229529	0.376655975798149	536
0.086320353964017	0.377309383212228	536
-0.057533713089549	0.355655839108005	536
-0.028441873937004	0.173900761007562	37
-0.114030261214004	0.244479580921103	37
0.076037032893313	0.386949725857276	37
-0.111987277164398	0.247308557158083	37
0.036876648122154	0.272052800687466	379
-0.029499211975592	0.260748846886578	379
0.05137719055749	0.271056765243106	234
-0.121570385553958	0.254620426665525	10
0.033760109452036	0.261939208950653	10
0.039433578398855	0.27491852021689	58
-0.025127229095696	0.170305793951334	58
-0.02782757260574	0.165883739373871	58
-0.029413832966949	0.172818763268529	58
-0.025098699439262	0.174305828211983	58
-0.023813981466244	0.171463641376464	58
-0.11096152899988	0.151992663032758	1
-0.033791410565306	0.167700228204841	58
-0.029413832966949	0.172818763268529	1
0.120712869718874	0.290330747439082	58
-0.118625748284016	0.156401863873602	6
-0.113966855716624	0.157916651360879	50
0.123109079862364	0.193957169452223	94
0.049706802467444	1.80646497587531	17
0.0772938988017851	0.966816640844448	17
-0.063247090999834	0.792824556884556	17
-0.069956756648216	0.642079559967255	17
-0.058616832162321	0.451640582365616	17
-0.00503643610982602	0.824061207965982	17
0.03209032583504	0.946049190131004	17
-0.084727778152361	0.685385444369315	17
-0.032237376439367	0.533292947641055	17
-0.06506537550759	0.511234572775119	17
-0.119951609023473	0.151905822116921	17
-0.03176423560844	0.164910083769207	17
-0.101306058077744	0.360197297033634	9
0.023018495683178	0.891556427649454	96
-0.018970944455863	0.648055252010809	96
0.031196036596988	0.710024507891575	87
-0.033513548626758	0.542379589563071	76
0.115881697012858	0.819100709621746	76
-0.100023493105812	0.362814577924977	76
0.0420710005148	0.266030998430404	76
0.038241109058168	0.273651889041503	76
-0.124552747526233	0.151289265075405	76
0.046451626762449	0.475975662424657	151
-0.02479154844754	0.174086333588503	536
-0.118273208503661	0.155900053042255	37
-0.034269176054581	0.249231956301594	27
-0.00273273594458001	0.363194551804388	731
-0.066669276372891	0.259987369216222	731
0.039109171588784	0.269158407422387	10
-0.026077264986138	0.170958339585501	58
-0.119792104301872	0.153958688203184	58
-0.11096152899988	0.151992663032758	58
-0.028134034490003	0.172806906043131	58
-0.028107525036302	0.170490516965899	58
0.124389535109194	0.197734208595323	50
-0.025742204616955	0.171205487264736	50
-0.03349030871786	0.169259172983608	50
0.122854175633022	0.19385195429685	34
-0.00847049879475398	1.52294278917488	17
0.027129847804923	1.06788881624186	17
0.102276230508737	1.83852165104664	17
-0.111548046071251	0.654107191000034	17
-0.017512800223548	0.607229475725618	17
-0.069998142974799	0.563780936244565	17
0.089254094731552	0.746742841151721	17
-0.021807415028545	0.60664249946127	17
-0.012072931174248	0.899417671383177	17
0.028979046470842	0.613591543694125	17
0.045884705875587	0.479684400869606	17
0.056853991889393	0.690282255125027	17
-0.041526644023697	0.465348632928876	9
0.097124625841342	0.948390325280199	9
0.0000962556430880168	1.37973905064738	9
0.054520857866186	0.480392124961281	9
0.115676814732719	0.27832302791521	17
-0.114648688407521	0.701065757600778	96
0.051590663122793	0.634855657825925	9
0.059429330150767	0.498694819270499	87
-0.074072866600894	0.435532135307329	87
-0.115845408481159	0.468247755075576	76
0.109802976594732	0.67383326725926	76
0.050653349008751	0.271980352764849	76
-0.025897862611339	0.262420396715526	76
-0.01855869874993	0.262196058525902	76
-0.040813769739094	0.350747082464318	30
-0.04751927550948	0.457591107209819	30
-0.108720578914491	0.528487702681475	30
0.038638734259801	0.276207805014844	76
-0.034910532901705	0.449268807822538	151
-0.029078788846085	0.173073255821478	536
0.05771555787201	0.496494131261564	37
-0.106477177154604	0.244961927467203	27
-0.123892582275352	0.152459379316407	37
0.0728686146294381	0.368931384163915	731
-0.019506539580521	0.264026149344599	10
0.078929767288578	0.38187242459842	379
-0.118388316468157	0.154245254292467	379
-0.025769439973445	0.170263190359371	64
-0.087105409869488	0.369266033652259	352
0.072234976821987	0.376512929862686	58
-0.029173719709699	0.165526951770704	58
-0.034767095839651	0.169258406159813	6
-0.029413832966949	0.172818763268529	602
-0.034430455244034	0.166924337100382	6
-0.110258538566191	0.154465654427502	50
0.117057542974782	0.278417449742267	50
-0.024149838579136	0.171216551002296	34
-0.070281995600727	0.739632463545981	17
-0.109159850456135	0.824758804604513	17
-0.086693795767428	0.80121449985997	17
0.04117465538094	0.759463999813009	17
-0.00158366991785203	0.970282312961437	17
-0.098628904984669	0.586366972244862	17
0.035514245533899	0.25574816426351	17
0.017726078815131	0.657519591571477	9
0.029265760695219	0.777590141163324	96
-0.012800315306754	0.823628141959399	96
-0.082830797381253	0.83922132054694	96
-0.049664018871955	0.448389262884086	9
-0.094022930230498	0.517832449810255	55
-0.098636079522654	0.444084429426818	9
0.078879987025232	0.740559089253786	87
-0.10900774647456	0.429283039537002	9
0.095946951199982	0.669869182808795	9
0.023380500072393	0.618176325307009	9
-0.020739595589446	0.524611524952356	76
-0.028523117876133	0.469784744647121	76
-0.040489420752145	0.530727665230859	30
0.029694851865308	0.469158360382418	30
0.121079026496969	0.606681724673997	30
-0.10639279944657	0.351745197063982	30
0.00287021225116701	0.37592979483868	76
-0.042709394959108	0.458807071394757	76
0.084030774144923	0.586036096827555	30
0.0374095200584	0.276946983337553	76
-0.029078788846085	0.173073255821478	37
-0.00851163943461303	0.465997408513616	37
0.118717321482944	0.502859998069125	37
0.037199203403537	0.274673969788445	731
-0.029078788846085	0.173073255821478	10
-0.029078788846085	0.173073255821478	64
0.039036224013886	0.276641593348037	64
-0.028134034490003	0.172806906043131	58
-0.009181616027716	0.471526768073474	7
0.108016997981724	0.495533333634984	58
0.043795680561226	0.280336229603978	58
-0.118625748284016	0.156401863873602	43
-0.029512062075877	0.167755187394558	43
-0.029413832966949	0.172818763268529	34
-0.114672937136438	0.157413748425412	34
-0.00163186887261702	1.24900757101088	17
0.04552639388737	0.774583001584643	17
0.029478623743177	1.10026497430451	17
-0.030643373930358	0.955525775013669	17
0.010723009790929	0.692571494498633	17
0.081053444170889	1.00272288146143	17
-0.122577168197891	0.497611721410309	17
0.046692617417199	0.771093034308193	9
0.064111974496829	0.788907873623719	308
-0.070834693203995	0.687077561408186	96
-0.0677749322748	0.641107068071996	96
-0.077595431369752	0.65693310707566	96
-0.109160461723625	0.367735766587873	55
0.0207836683185	0.55988974326087	87
-0.053942617993573	0.347716088900826	9
-0.025842594633724	0.610630761383724	9
0.058553124045829	0.486158338589536	9
-0.070876700261958	0.436933477874543	76
0.00662363569573099	0.556845442302549	76
0.07623928013744	0.390104812348185	76
-0.083049120164155	0.35783542084317	151
0.042351459778267	0.280118898787308	37
0.073946373229529	0.376655975798149	37
-0.072071570837148	0.257564328270814	37
0.075977321800039	0.371596446139805	37
-0.120656537042141	0.147876692264235	37
-0.028134034490003	0.172806906043131	37
-0.018043920683314	0.267568731121181	731
-0.070499790669983	0.259096644836165	10
0.079367496898465	0.38634467049947	10
-0.114319852295734	0.158428137895593	10
-0.030028211657445	0.169266326339887	10
0.022217209100461	0.368789700193501	10
0.124079585073379	0.292552868311921	64
-0.113613947357624	0.15494071056255	58
0.119659406465365	0.287279041529021	58
-0.030028211657445	0.169266326339887	58
-0.12353833325711	0.152689631867009	58
0.119401272022261	0.280796477684154	58
-0.035103826426053	0.166568443085508	58
-0.117654391619483	0.15451194542219	58
-0.033791410565306	0.167700228204841	50
-0.119443980543202	0.154530039605557	50
-0.034128317899022	0.17006053637181	50
-0.117187694347765	1.38575604235636	17
0.112760970318701	0.673373869935033	17
-0.019534301404753	0.691932987568018	17
-0.081386150226624	0.847958751482726	17
-0.093337743140885	0.741064635684751	17
-0.049399749381698	0.79679897112015	17
0.021035695962868	1.05124278011935	17
-0.014360133811725	0.993376907951362	17
0.017311777481245	0.629169639452088	17
0.101635388846917	1.03529763554463	17
-0.051871359141477	0.671355202742785	17
-0.049480382938594	0.600485844113077	308
-0.072490988541557	0.579607547818346	308
0.112539989993404	0.974190237861474	308
0.059124838442989	0.649771107962222	96
0.099709976631755	0.909171617754476	96
-0.103609197718684	0.670511722022505	96
-0.00651979784200701	0.822393969456093	96
-0.109162787414152	0.59066727195593	96
0.050684167244736	0.47961978797325	55
0.100523596133889	0.740425240332508	87
0.039193933952151	0.753037644297451	9
0.115923572564099	0.505417248435519	76
0.03989290625522	0.482589732242169	76
-0.105835101639451	0.243772073160526	30
-0.122395901048953	0.253745620664016	76
0.122162059427234	0.499934179856566	151
0.04339591485552	0.282131304679604	37
0.00642080009283197	0.371824814171238	27
-0.124552747526233	0.151289265075405	27
0.033462686698001	0.272463104886097	37
-0.032521496696924	0.158604723666416	37
0.034586864195452	0.271696663898018	37
-0.073563717226167	0.259576971922844	37
-0.106318211039964	0.251081750754318	37
0.023990394041305	0.368396740477604	10
-0.117963442428011	0.156497220770852	10
-0.029748978736977	0.16905111959911	10
-0.028743846322362	0.16970123630098	10
-0.030362891525725	0.165698574856198	58
-0.018335338671675	0.26793307967604	7
-0.029413832966949	0.172818763268529	58
-0.066387612957144	0.25829551096574	7
-0.028743846322362	0.16970123630098	7
0.124389535109194	0.197734208595323	58
-0.025098699439262	0.174305828211983	58
-0.036095171780946	0.236729099015073	58
-0.033153134288469	0.166936747068741	6
-0.029110838291211	0.169836560265533	50
-0.061842355524344	0.50993096596772	17
-0.054580599966281	0.374814629181034	17
-0.00668714960915701	0.604781948245381	17
0.0508069676406751	1.30853610247599	17
0.041432793480194	1.1477000129905	17
0.120670618549845	0.83173224730623	17
0.026274407137446	0.769258935572738	17
0.00723961923488203	0.554849487117619	17
-0.00612564793748699	0.95901347385844	17
0.015660094919441	0.770787702007343	17
-0.109631049163987	0.59158804977237	17
-0.055005509759122	0.532818179384246	17
-0.058622831512871	0.657377361555372	308
-0.106103784159618	0.150425773439967	308
0.001514447314232	0.360973663176903	96
-0.035494599288393	0.539866350279159	96
0.111268187069041	0.732490141820435	9
0.061972920457826	0.633193462823084	55
0.036367615294073	0.275097339638026	87
-0.074406534804855	0.353639055973443	87
0.071619366286105	0.471339009312144	9
-0.05991913416482	0.442271394909493	9
0.043462484429266	0.480516993949522	30
-0.034688501863826	0.339912749497159	30
-0.071525708913988	0.25867930423733	30
0.043461202728924	0.562402580678566	30
0.111350749756019	0.494057651652882	76
-0.101447939826711	0.358202746387346	30
0.109858091329459	0.502638235685451	151
0.033462686698001	0.272463104886097	151
-0.029413832966949	0.172818763268529	37
-0.117610798599704	0.155996282087211	37
0.037521437143376	0.273554577509786	37
-0.108809899670171	0.245024676193739	731
-0.030576152864121	0.254119952861787	731
-0.106103784159618	0.150425773439967	10
-0.024455957271692	0.174341861986265	10
-0.018335338671675	0.26793307967604	10
-0.123184173069933	0.150301068507796	58
0.124681786236784	0.293259506159697	7
-0.072997073483585	0.256505955993288	7
-0.119288471122515	0.155184266731623	7
-0.033153134288469	0.166936747068741	58
-0.028134034490003	0.172806906043131	6
-0.034767095839651	0.169258406159813	50
-0.028134034490003	0.172806906043131	50
-0.119951609023473	0.151905822116921	34
0.071842885948112	0.794186846244038	17
-0.101190838239669	0.490198390520696	17
-0.102136006622894	0.795487836404132	17
-0.033604226095654	0.965499268776925	17
-0.110161775255549	0.545176663097935	17
0.00648836682579501	0.69490405802248	17
-0.123142539208516	0.612302360751758	17
-0.111633487747112	0.535185751415358	17
-0.025166182352064	0.263109710863535	308
0.07664950542349	0.78450052617356	9
0.0759773692455959	0.748846768025795	9
-0.016700497254072	0.464775393585607	55
-0.110046060858861	0.367408203487709	9
0.0148709259130499	0.336847222568137	9
0.0530368933522331	0.775638433012196	87
-0.093824837341462	0.525149391167241	9
0.109500451289684	0.502949352889807	9
0.03135868076772	0.372904390437303	76
0.0403057729010869	0.271117292110369	76
0.004758323617432	0.54809242333019	162
-0.094312841434841	0.364285756696641	30
-0.039346221463965	0.45885064834413	30
0.082869646614356	0.501719577231724	30
0.075421888597822	0.379604924499867	30
-0.057023944238196	0.443430409995429	30
-0.072752627441427	0.361548282623374	30
0.026998250600635	0.479137523421866	30
0.020877891224393	0.472971338508647	30
0.023516098719632	0.369724800779021	151
-0.022039319845647	0.268085593180919	151
0.064734627653648	0.365133567049898	37
-0.108082200646051	0.251804098079536	37
0.040887186395805	0.256676465976922	37
0.040833808030096	0.278729641906127	37
0.076502229917383	0.385508952490308	10
0.035964963363228	0.273387535149407	64
-0.117963442428011	0.156497220770852	58
-0.024120455524871	0.170958341158025	7
0.121766676363881	0.286101535760853	7
-0.112996353659233	0.155145728857897	58
-0.03349030871786	0.169259172983608	50
-0.029173719709699	0.165526951770704	43
0.00467022974745301	0.692768496438353	17
-0.019879015693891	1.01758827935598	17
0.00970506848844899	1.01528769920484	17
-0.082430083756371	0.565990789361702	17
-0.025729959614601	0.614009012096063	17
0.0042670997591	0.899076272455516	17
-0.099548185746759	0.786565207237526	17
0.080973885618701	0.474911730812633	17
0.0240301821815671	1.02034189302978	17
-0.07943948663922	0.646695915911552	17
-0.028361392504846	0.777332871980335	17
0.087105227297552	1.28804025880289	17
0.060052962521693	0.958198453326391	17
0.106297303290491	0.829834758863393	308
0.0321923234771671	0.634784498200443	308
0.024695474358308	0.688709203080871	308
-0.025024880403467	0.260077094619387	9
-0.09601715546029	0.596332447670639	96
0.037949311059055	0.623183984872268	96
-0.032526324513825	0.698580952866919	96
0.113179131740533	0.497576256037174	9
-0.048426067512116	0.458375220505249	87
-0.064449390806535	0.510964857447326	87
-0.018898573121067	0.442849734654334	87
0.096927506098564	0.751403866534375	9
0.081300575707126	0.638936076733795	9
0.086501623559389	0.586168236654797	76
-0.10792551921096	0.255137054518275	30
0.025436771883442	0.479153285877122	30
-0.064781716313372	0.362467325143321	30
-0.00358468872541301	0.461321170255721	76
0.110956161289987	0.496348613082988	30
0.105653562484367	0.490556783973043	30
0.070988811448115	0.371617857502285	30
0.025111749197173	0.376549870732265	30
-0.034746847725322	0.237859183608421	37
-0.106004532183149	0.249995371215858	37
-0.033791410565306	0.167700228204841	37
0.075923370541392	0.391090745541367	37
-0.028441873937004	0.173900761007562	37
0.034988290493975	0.266704903797891	37
0.068941057100421	0.378087188161779	37
0.033061477312796	0.270779912051715	64
-0.034767095839651	0.169258406159813	58
-0.021452725614582	0.26872736593669	58
-0.029413832966949	0.172818763268529	7
-0.118273208503661	0.155900053042255	7
-0.118736636034454	0.15233101831154	6
-0.118273208503661	0.155900053042255	6
-0.022079408546514	0.167871280364289	50
-0.039556932962333	1.97733229041351	17
0.035527339408175	1.16385527455383	17
-0.108476134400009	0.67375723003698	17
0.036096175570605	0.994727162507286	17
0.068924779997679	1.0559926589893	17
-0.009231858771102	0.768429043186286	17
-0.080353213163957	0.597359502392424	17
0.056905075425544	1.21607719755393	17
0.017837624417071	0.813983192559254	17
-0.044632098487003	0.536484022650883	17
0.024418653732329	0.639773203475762	17
-0.073260884149278	0.658313502047032	308
-0.031696591954687	1.05265058620883	308
-0.115292260949475	0.154093905241773	308
-0.028743846322362	0.16970123630098	308
0.000117589748510949	0.686894606742616	96
-0.023522152399919	0.813922625194563	96
0.001700142811078	0.768667335793649	96
0.05344309866884	0.933484544217051	96
0.047600420563211	0.612674860440749	55
-0.096064210773398	0.526555860492422	55
-0.06365421775597	0.598312069140016	9
-0.100507550545622	0.497830301454223	87
0.057165380983032	0.783074223875735	87
-0.022019535861887	0.545641137596019	9
-0.083184210778936	0.508005131114889	9
0.018310986923209	0.590196969330455	76
-0.016571904319848	0.459288222170686	30
0.016148470122497	0.612522473356482	30
0.0117272235197921	0.47689244539371	30
-0.024372682075067	0.467705468886227	30
0.027404890328834	0.487179014626559	30
0.117770421954394	0.614794563687274	30
-0.078192591800613	0.361430221219533	30
-0.00077088855986901	0.461430326932199	30
0.029589377568243	0.365585967279703	151
0.037730797965402	0.379600321708509	37
0.032254838906347	0.376291296358619	36
0.046706547474395	0.277044198486254	37
0.042970776042793	0.26914239549542	149
0.068007311497674	0.376676196813218	10
-0.026077264986138	0.170958339585501	149
0.0405532164261611	0.268132502937487	10
-0.023813981466244	0.171463641376464	10
-0.028441873937004	0.173900761007562	10
-0.027464719333534	0.169705163747628	7
-0.12353833325711	0.152689631867009	7
-0.118316174335936	0.155498649868734	58
-0.115688287931957	0.153270372596196	58
-0.118978376095057	0.155402003494633	58
-0.119797794160602	0.151704464757904	58
-0.040138751546109	0.16084017384289	141
-0.118742213907014	0.154014976686484	43
-0.027464719333534	0.169705163747628	43
-0.062650028295918	0.520889327368179	17
0.040393273772441	1.18758371764741	17
-0.112098306609192	0.509169152061056	17
0.0642336802081021	1.17961248860969	17
-0.00569457301288401	0.76288954657096	678
-0.039115913632313	0.757985837299606	17
-0.104796218110287	0.822162359706972	17
-0.119214936964217	0.411681387431343	17
0.085178707679234	0.804556682298604	17
-0.088906287546961	0.516110954468779	96
-0.090651383762493	0.356098227168387	9
-0.02230972545047	0.60896244471312	87
0.044707179684471	0.71949166091817	87
-0.026680132900188	0.537409520880413	87
-0.006082563966192	0.550001133116149	9
0.062755343978664	0.576247997713115	9
-0.024102899438426	0.473096763875385	9
0.117441735253959	0.501742808527828	76
0.062692444538144	0.358751339978731	30
0.03557398823304	0.560459645206435	30
0.061885714451041	0.557312234221715	30
-0.101014110952244	0.255578453944039	30
0.038723334532575	0.565541652432928	30
-0.101173758310052	0.359268933521591	30
0.036367615294073	0.275097339638026	30
-0.052404923336263	0.367049842264261	30
-0.118273208503661	0.155900053042255	30
-0.034174962507855	0.363699410724711	151
-0.025098699439262	0.174305828211983	36
-0.034430455244034	0.166924337100382	36
-0.069000639415548	0.259375922630416	36
0.051056984969302	0.270415698197541	27
-0.114982239198046	0.157618957334399	37
-0.081546296034214	0.239197938829937	10
0.124079585073379	0.292552868311921	10
-0.028441873937004	0.173900761007562	10
-0.025434025034098	0.174050129956977	58
-0.116705600568466	0.146367346105965	58
-0.028441873937004	0.173900761007562	58
-0.030449843442321	0.168128956126301	58
-0.025098699439262	0.174305828211983	141
-0.028134034490003	0.172806906043131	43
-0.023813981466244	0.171463641376464	34
-0.120522678406724	0.359757306149153	17
-0.115635124374329	0.6526872473236	17
-0.01389657957863	0.835581410099664	166
0.060659377775761	0.867565443992874	17
-0.066652936196838	0.57940388435219	308
-0.072639051244506	0.585099368453974	308
-0.116724041907359	0.443152056917969	308
-0.071068368395498	0.581405143762174	308
0.012488485699563	0.776276464993946	308
0.00798283585166704	0.877449338312795	308
0.107553742584578	0.855674906151391	9
-0.085600012682401	0.697455379036755	9
-0.090624726860426	0.590098286969334	9
-0.046932131549482	0.461952141346059	9
-0.089988680120881	0.51671929323139	55
-0.123939071544942	0.253755376301349	9
-0.06176044219547	0.451776610059889	87
-0.00389622106478099	0.45840010709836	87
0.013198324596724	0.681019150718146	87
0.00434903444810997	0.518442064936019	9
0.016206982909704	0.671241440463424	87
0.011328774385584	0.694589445291827	87
0.025819684559809	0.614695770453541	9
0.023749900272925	0.615731651190206	9
0.117318675827333	0.768894523632384	9
-0.04272400942731	0.459616003816314	9
-0.107406364014622	0.365100968402904	9
-0.064337930187241	0.451673815623481	9
0.115407337330644	0.675895662917759	76
0.111828542178828	0.497305192995711	30
0.028162536772407	0.372396453220826	30
-0.03674603485351	0.345569423262292	30
0.084253911269278	0.387595065994943	30
0.10604957822613	0.486956285744877	151
0.077917827745299	0.386481855799958	37
-0.123587284591437	0.14978126956717	37
-0.116948807468034	0.155003016540274	36
-0.029078788846085	0.173073255821478	27
-0.12014057556475	0.148730054636821	37
-0.114319852295734	0.158428137895593	37
-0.02479154844754	0.174086333588503	37
0.03896157247219	0.272446997392083	149
-0.117963442428011	0.156497220770852	149
-0.024455957271692	0.174341861986265	149
-0.034117958926383	0.243835827750262	149
-0.026820895522298	0.266058749565999	352
-0.110610752391575	0.154930797049672	58
-0.029078788846085	0.173073255821478	7
-0.123892582275352	0.152459379316407	7
-0.109907837900198	0.155095782934507	58
-0.025098699439262	0.174305828211983	58
-0.029413832966949	0.172818763268529	58
-0.029110838291211	0.169836560265533	58
-0.051057859587404	0.609145149669205	17
0.079326950768657	0.917026073976493	17
-0.017127345113803	0.619336147847044	17
-0.110159017246995	0.433940528120843	17
-0.088530177987027	0.43993013171338	308
0.021183645908043	1.42870886905895	9
-0.029078788846085	0.173073255821478	308
-0.080823386321715	0.367152944992465	96
-0.105910024683139	0.247366384675305	9
-0.062870394345646	0.374365579961265	9
-0.063862641899975	0.59811185095716	87
-0.108354445228762	0.720259791156081	87
0.016743911421232	0.548188086505065	87
-0.095322405185041	0.522912753336456	9
-0.065114017139909	0.529177877106323	76
-0.020720300171989	0.267518280178642	30
-0.00871764665061697	0.698363940923412	30
-0.072577757661365	0.360820424654134	30
-0.03257861898034	0.252174973009217	151
-0.029078788846085	0.173073255821478	151
0.059786808719802	0.489173816006763	151
-0.027799332430055	0.173060458267072	151
-0.098537340693268	0.253274124919141	36
0.034185300154931	0.272567533205496	36
-0.029003555448097	0.366988076753409	37
-0.115688287931957	0.153270372596196	10
-0.081366429543317	0.242538064703035	37
0.044862600616093	0.270978373266665	149
-0.029748978736977	0.16905111959911	149
-0.118936035255178	0.154693651039811	10
0.076707873938801	0.392139043314669	58
-0.025769439973445	0.170263190359371	7
-0.071405477433557	0.25696936678286	58
-0.124198603434929	0.151516954174281	58
-0.030787648698678	0.170475170397049	117
-0.030449843442321	0.168128956126301	58
-0.030028211657445	0.169266326339887	50
-0.119288471122515	0.155184266731623	43
-0.029748978736977	0.16905111959911	43
0.124389535109194	0.197734208595323	43
-0.022477431675832	0.268404057147586	34
-0.025098699439262	0.174305828211983	34
-0.095338296820023	0.668881564551926	17
-0.100906917938378	0.610809831204987	17
0.01895202952666	1.00010892230628	17
-0.028209879381441	0.251653507504807	308
-0.104249506938956	0.346117898688828	55
0.0254554135328861	0.484321831581611	144
0.11271678996969	0.589333167855369	144
0.041156931294108	0.710719258053064	87
-0.089137693129683	0.41887915669901	87
-0.071436400034177	0.45062413347998	87
0.0275870739412279	0.374809169764312	9
-0.101186894509066	0.364379338220965	9
0.015806151157573	0.550288860868422	9
-0.071864859650719	0.255112656978146	76
0.042996012414088	0.281683533635359	76
-0.068742192063919	0.366644787645968	30
-0.013949109722279	0.356213755412	30
-0.097743596958156	0.36102569525118	30
0.073379335679153	0.390474102322105	30
-0.032424421121339	0.369354773387808	30
0.112388518151631	0.492345536208451	30
-0.029748978736977	0.16905111959911	30
-0.123232841586817	0.152558557205109	37
-0.02877631167436	0.173644512897175	36
-0.118273208503661	0.155900053042255	27
-0.075410938616977	0.248770092418498	37
-0.106103784159618	0.150425773439967	10
-0.02877631167436	0.173644512897175	149
0.037521437143376	0.273554577509786	149
-0.114030287026725	0.238350310800943	149
0.02698149217927	0.373143736883773	149
-0.118316174335936	0.155498649868734	58
0.042750108705605	0.274223341230448	58
-0.025407233421619	0.167977003767588	309
-0.120304029045502	0.150972752389564	309
-0.03349030871786	0.169259172983608	7
-0.029413832966949	0.172818763268529	58
-0.024455957271692	0.174341861986265	58
-0.025127229095696	0.170305793951334	58
-0.118316174335936	0.155498649868734	43
-0.12353833325711	0.152689631867009	43
-0.071712279388578	1.03083677150585	17
0.00487961879621102	0.848516357312818	17
0.080625077357079	1.13712044848138	308
-0.122023036957876	0.754142489302207	9
-0.028134034490003	0.172806906043131	9
-0.075978008847057	0.255756043294543	9
-0.112181178115744	0.592901333205012	96
0.0107000401117791	0.841937571950186	96
0.036102143124769	0.919379565181959	9
0.017734792350889	0.982284827627674	9
-0.124863498233335	0.489453043784076	9
-0.066571837658593	0.456317013659004	55
-0.042738659276558	0.431301766097094	9
0.049123594894956	0.267957996305677	9
-0.051930960116771	0.368648494648961	9
0.0282831379076171	0.258855973601707	76
-0.118653022440162	0.358631080986984	30
0.049179939681358	0.697112217578294	30
0.000345233567727976	0.372539075058776	30
-0.078027540902484	0.252091898645156	30
-0.00898502404678397	0.4669999045177	30
-0.099760004275568	0.358565318695168	30
-0.023128453960298	0.265238676121937	30
-0.00323085178555699	0.363165098845132	30
-0.10638884024144	0.253717082950157	151
0.021729179704605	0.456918489863587	37
-0.073466258762199	0.252617405732311	37
-0.068256802384261	0.258981978523187	37
-0.027916229497285	0.246811430600468	37
0.028464181923876	0.36269395083555	37
-0.02224113720955	0.264185697956452	27
-0.028122640639484	0.374731985210961	27
-0.070781166902121	0.260231018061992	37
0.033141447740575	0.270179798573207	149
-0.036908576896909	0.356110928992196	149
-0.027799332430055	0.173060458267072	58
0.041154696164633	0.27881268979787	58
-0.025098699439262	0.174305828211983	7
0.036686845686133	0.276048192442101	7
0.124133365026761	0.197625616439368	58
-0.119640994971663	0.154201474425124	50
0.113753890318021	0.68703200615085	17
-0.011603111179149	0.466474800481109	17
-0.089524219414963	0.928603529361163	17
-0.069379360000749	0.602042515505087	17
-0.077033250014764	0.567828233174897	17
-0.047081414113115	1.10113582319611	17
-0.116235278794291	0.36312878940419	17
-0.050551536082803	0.845242912943479	9
0.0745150049059971	1.14343164282056	9
-0.069715964298109	0.730713219506848	9
-0.00898215898308902	0.985613759963196	9
-0.019384903916354	0.648773482139228	96
0.08723097499835	1.04668903549048	96
0.035213257553681	0.722688219340929	9
0.047874620517239	0.488705416555573	9
-0.055432590612222	0.525962761166288	603
-0.00857965638081598	0.531302562529203	9
0.08405232788285	0.488511652223361	9
0.084883663489944	0.382243441893794	9
0.03335248352464	0.265921947626106	30
-0.055249861569614	0.355660865174204	30
0.040947983867158	0.555987953622599	30
0.063372222172901	0.456437853132413	30
0.049673429092576	0.486040166778861	30
0.0700437109768191	0.378830625713152	30
0.0730168381555481	0.37730192508523	30
-0.121342298189076	0.244167845623774	30
-0.021307376775217	0.269585794818174	30
0.07472892577432	0.376093151079969	30
-0.066145986162596	0.371339897626282	30
0.108906536661603	0.56440796758233	37
-0.073466258762199	0.252617405732311	37
-0.099760095042198	0.255233860183277	37
0.020113833776107	0.356993756897819	37
-0.113244359748877	0.246066116226332	149
-0.107414608185799	0.246083598281987	10
0.124133365026761	0.197625616439368	58
-0.070312610713317	0.24547560699342	58
0.119987267656234	0.284338809014822	58
-0.12353833325711	0.152689631867009	58
-0.121827960815714	0.149516155076153	58
-0.02479154844754	0.174086333588503	58
-0.023430663846178	0.15981920306343	273
0.124321293358932	0.291358223491368	273
-0.121827960815714	0.149516155076153	43
-0.115026110280553	0.154032649150695	34
-0.117301555479459	0.15549131738934	34
-0.031798256952467	0.359621909069157	17
-0.030576152864121	0.254119952861787	17
-0.124963436550383	0.826760248055358	17
-0.085830914630635	0.898633489255632	17
0.024426306180563	0.56733092608322	17
-0.059323766200767	0.753018260178541	17
0.082812441812498	0.380967202288733	17
-0.00513452047185298	1.01924331531447	9
-0.035804063108305	0.778989441796214	9
0.028462714795195	0.469462810864179	9
-0.053770568724363	0.517706887498269	9
-0.080673362551318	0.51102626981044	9
-0.109502752940582	0.360829840662067	9
-0.007416157248685	0.479337604765167	9
0.043073174816695	0.281025196494263	9
0.107213169242626	0.589691847466352	144
0.0753519424336641	0.480545943744398	9
0.017252990478435	0.459460502281788	30
0.108181314165477	0.560842527114893	30
-0.029659605592014	0.462285940781841	30
-0.02877631167436	0.173644512897175	30
-0.00163268384610499	0.461889713576518	30
0.0728686146294381	0.368931384163915	30
-0.119090261183212	0.154762044119738	151
-0.00701722298113699	0.360603304683007	37
0.047751238700635	0.27708262186077	36
0.077340026466951	0.381772981922279	27
-0.119792104301872	0.153958688203184	37
0.073946373229529	0.376655975798149	37
-0.071978095562704	0.252019488792616	10
0.121731816629364	0.290029166816514	149
0.030187517181148	0.377148264963926	149
-0.109286883410393	0.237879044889257	10
-0.07020339980131	0.259463267576366	58
-0.033791410565306	0.167700228204841	58
-0.024455957271692	0.174341861986265	58
-0.066235127621798	0.258299730892755	58
-0.028441873937004	0.173900761007562	58
0.123493832958361	0.197795733894146	58
-0.114011079377239	0.156856312018295	7
0.124407085580479	0.28892816733955	58
-0.02479154844754	0.174086333588503	58
-0.12353833325711	0.152689631867009	58
0.122854175633022	0.19385195429685	43
-0.02682267235535	0.166508918213204	34
0.037434975542094	0.47587383155676	17
-0.098405433496702	0.364391413233192	17
-0.018354021992263	1.0277539675271	17
-0.079878375966835	0.335309551572637	17
-0.065290541921475	0.370437647772532	17
-0.024666867795164	0.367677742868267	17
0.113109463594906	0.595426968837437	166
-0.018313188791802	0.601399231716403	166
-0.059494892699006	0.861565326623439	17
-0.103967409425467	0.251781324902101	9
-0.015025280417019	0.552806884238188	96
-0.069409874387814	0.602831853947404	96
-0.115655528629932	0.45247442954207	9
-0.096939803873832	0.575493140948326	9
-0.011458410241006	0.354694112738668	9
-0.06593741988274	0.370490469659172	9
-0.024619021795117	0.365623956006033	144
0.036802555662484	0.272143887116968	144
-0.101515355249916	0.362726589710777	9
-0.11762656516807	0.429275698609413	9
0.031562395633722	0.492067075569615	603
0.025111749197173	0.376549870732265	603
0.032476574193496	0.358221192180028	603
-0.027359329313861	0.257273134595823	9
-0.031406586142057	0.257730613848921	9
-0.018373322600519	0.259690254497408	76
-0.057918281487388	0.368756486656737	30
-0.114011079377239	0.156856312018295	30
-0.106303855589753	0.244880224427078	71
-0.070781166902121	0.260231018061992	30
0.069894007764704	0.370451537279228	30
-0.030028211657445	0.169266326339887	151
0.023885659790659	0.360217048699942	151
-0.054250913223729	0.454156777158489	37
0.029365944365508	0.376266161592691	37
-0.035406639192306	0.165820817270706	36
-0.019298328780125	0.25682916889504	27
-0.025166182352064	0.263109710863535	149
-0.118978376095057	0.155402003494633	149
-0.076996923736709	0.250248632199741	149
0.029838781602747	0.376123040697929	149
-0.12353833325711	0.152689631867009	58
-0.025769439973445	0.170263190359371	58
0.0403924216763361	0.266406302334842	58
-0.118316174335936	0.155498649868734	58
0.119659406465365	0.287279041529021	58
-0.079518251824252	0.248685752601831	58
-0.115335219437918	0.156614993594426	7
-0.0311255445481	0.167771162660396	58
-0.11462934717056	0.157114309054217	58
-0.029078788846085	0.173073255821478	58
-0.029078788846085	0.173073255821478	58
-0.029748978736977	0.16905111959911	117
-0.110610752391575	0.154930797049672	58
-0.029413832966949	0.172818763268529	58
-0.119951609023473	0.151905822116921	34
-0.049751506038548	0.537868514651148	17
-0.032463978273787	0.544091999226898	17
-0.081366429543317	0.242538064703035	166
-0.119792104301872	0.153958688203184	166
-0.007670823265925	0.466113942683208	17
0.00408790629843003	0.479003512191949	17
-0.062901291416384	0.338710775422654	17
0.082393394451244	0.503042225557563	9
-0.118625748284016	0.156401863873602	9
0.068791688295729	0.377489604135851	96
-0.115649159946922	0.151284696297746	96
-0.117920756712673	0.152972618115877	9
0.028602122932709	0.259789592674083	9
0.0364806231360531	0.271631727229827	9
0.023432740564524	0.483069001239192	9
0.121766676363881	0.286101535760853	9
-0.072820581246132	0.246606107932165	9
-0.024455957271692	0.174341861986265	603
-0.028441873937004	0.173900761007562	30
-0.0398437636686	0.161451703504765	30
-0.023813981466244	0.171463641376464	27
-0.017394822407451	0.160433579444525	27
-0.021436735490616	0.170030268997322	149
-0.114982239198046	0.157618957334399	58
0.084768710157526	0.865434832897806	386
0.045863450350349	0.631537096359769	386
-0.070036245403233	0.260424894527491	9
-0.06024248221787	0.352359322122633	9
0.021306872613691	1.05326040467443	96
-0.075209877296013	0.528229352814801	9
-0.070488289994328	0.597698777449176	9
0.011135241846903	0.94476838198948	144
0.039226060988782	0.89725139396021	9
-0.101798898632818	0.596947318412856	603
0.00136803897269799	0.688096140634372	30
-0.076804374092661	0.445064745508252	30
0.0330573801338629	0.551220426940617	30
-0.091572959080565	0.504980409852212	71
-0.025056329879906	0.473741402636972	30
-0.121571933413287	0.344253783359522	30
0.106419327978401	0.67100772157966	151
0.000647759033871043	0.602087970429531	151
-0.052474872142733	0.358396289000156	112
0.0718102582226941	0.388593077941679	36
0.039359686979131	0.274967793886388	27
0.117101357086525	0.73360676882363	37
-0.103028167787958	0.252907590916688	37
-0.108240803300012	0.254085597845077	149
-0.072722370953765	0.252798379026758	58
-0.0835064434294	0.234341896411779	58
-0.103028167787958	0.252907590916688	58
-0.036719058751324	0.356994753437751	58
0.0337835982924291	0.270886130476341	7
-0.114319852295734	0.158428137895593	7
-0.118625748284016	0.156401863873602	58
-0.028441873937004	0.173900761007562	58
-0.028743846322362	0.16970123630098	58
-0.119096205695938	0.15122383140165	11
-0.033190603914522	0.163475082650162	208
0.070207857389331	0.367920563153456	213
-0.124198603434929	0.151516954174281	505
-0.03174858680407	0.825951435480494	17
-0.00238157601822397	0.627996691466464	678
0.034804412216658	0.646416999864385	678
-0.105097228791261	0.430339007608783	17
-0.042192685137232	1.13183083468637	17
0.075980268755291	0.489223982947285	17
-0.029955169485933	0.373087242054695	17
-0.013650962096162	0.463746384394102	386
-0.107733499299837	0.367553855725024	386
-0.09853707386987	0.357511703697692	386
0.105876494442385	0.735650108025117	9
0.00693759756727397	0.743056939077821	9
0.123493832958361	0.197795733894146	9
-0.077855964060881	0.618072415043473	96
0.040513695549897	1.09449967740834	9
0.070716286259742	1.24577782117273	144
-0.115239781205797	0.557087680293691	144
-0.084513969898626	0.66049488274531	30
0.017354116208994	0.611464398675665	30
-0.097077526323329	0.355382233662409	30
0.0736240859602409	0.728125111614	71
-0.029499211975592	0.260748846886578	151
-0.115997924336341	0.153610568373182	112
-0.039210331905609	0.16076099958951	36
0.122081386183136	0.493500896118346	36
-0.035049354886708	0.358680827218818	36
-0.027492516736473	0.169428702216176	27
0.037089991522186	0.277797196905933	25
-0.035406639192306	0.165820817270706	27
-0.072896190152507	0.249739471033273	149
0.03450651440702	0.269706066351245	149
-0.024120455524871	0.170958341158025	7
0.035792879931337	0.37321225705181	58
-0.116948807468034	0.155003016540274	58
-0.026077264986138	0.170958339585501	58
0.122854175633022	0.19385195429685	58
0.124133365026761	0.197625616439368	11
-0.072722370953765	0.252798379026758	34
0.039036224013886	0.276641593348037	208
-0.064632722263638	0.2528782405449	34
-0.070963490403899	0.256022067315427	213
-0.096895682235819	0.744528393327506	17
-0.090080438873458	0.361770537804015	678
-0.102108597941589	0.777435155195196	17
-0.0000945078260939924	0.509325525154625	17
-0.117483907832218	0.440697769152745	17
-0.096797667946489	0.366348429785783	17
0.021661916610287	0.544649286733029	17
-0.084821816132806	0.368459870072374	386
0.11675706620754	0.604980895265241	386
-0.072355543111553	0.257120694158098	9
0.084863475044739	0.659277504064996	96
-0.019079706763938	0.46185963088849	9
0.00674976526482196	0.479559056402046	9
-0.124545302927415	0.777459405215788	9
-0.026971451981468	0.264539257528914	9
-0.029512062075877	0.167755187394558	9
-0.105916612840597	0.255675699464425	30
-0.106163030032462	0.249843852618738	30
-0.053614173592128	0.583371421508124	30
0.038638734259801	0.276207805014844	30
0.041952674764828	0.281920583128311	30
-0.016578809872721	0.26468190365795	112
-0.03353238630448	0.248910987614157	112
0.038638734259801	0.276207805014844	36
-0.026086955914055	0.267568775805167	36
0.00682085763762497	0.466117318953184	36
-0.118625748284016	0.156401863873602	27
-0.096176160201808	0.254014251074667	37
-0.026771442288199	0.258219804724156	10
0.0730622257404821	0.389823437502273	274
-0.1133047885325	0.157355077558861	149
-0.020869029187433	0.267401516299483	149
-0.035103826426053	0.166568443085508	149
-0.024120455524871	0.170958341158025	58
-0.028743846322362	0.16970123630098	7
0.078849324071797	0.385784304633318	58
0.046946445540678	0.274152649520506	58
-0.02877631167436	0.173644512897175	58
-0.023478213910337	0.168244824967691	58
-0.027799332430055	0.173060458267072	58
0.124407085580479	0.28892816733955	58
-0.029413832966949	0.172818763268529	58
-0.119797794160602	0.151704464757904	7
-0.027095929899234	0.16245862413383	125
0.084568840960759	0.386984020467893	34
0.049527014039047	0.27029541124497	34
0.03778051251758	2.1414927941327	398
0.045774543723858	1.74206949086084	398
-0.108457286534486	0.647835601068738	17
0.054879646515687	0.831261858723206	398
-0.014072275713953	0.96496866962386	17
-0.094372648170594	0.587020937778389	17
0.06370382257268	0.484577550631303	17
-0.105363536731303	0.43821583548907	17
0.122919899027636	1.12988011330452	166
-0.064419922482708	0.689367921342365	17
0.019797720720569	0.479296065165709	17
-0.065923877603347	0.763514482481895	17
0.041650171454034	0.707406386362361	17
-0.025756698517214	0.258263316464697	17
0.0311753072429301	0.373267955081349	17
-0.078549989629813	0.237197587224989	386
0.00350174074479703	0.804674698880533	9
0.023434452787631	0.716391336998254	144
0.000951433579801986	0.362608909844132	30
0.0275870739412279	0.374809169764312	71
-0.086141896550844	0.712021116786968	30
0.017034692465316	0.452907871492218	30
-0.029499211975592	0.260748846886578	30
0.113627905557575	0.690650016226176	36
-0.059049335031517	0.356029289828606	25
0.0385371223323721	0.278028553836216	37
-0.026796283691665	0.166634370100552	10
0.0379185734231	0.27611373602271	10
-0.03349030871786	0.169259172983608	10
-0.028134034490003	0.172806906043131	25
-0.121827960815714	0.149516155076153	25
-0.108397104582586	0.254555539450056	10
-0.122534320077076	0.151624767131681	58
-0.021745874786027	0.269910043751504	58
0.034185300154931	0.272567533205496	58
-0.03251562976978	0.163819566894309	58
0.107007341788188	0.488917851115134	58
-0.104134148010094	0.246894592799383	7
0.123493832958361	0.197795733894146	7
0.124681786236784	0.293259506159697	125
-0.025098699439262	0.174305828211983	34
-0.109342272052435	0.247985617268184	34
-0.01862149020013	0.916258189724214	398
0.012518730744181	0.620789862446115	398
-0.078657457729906	1.05413588697452	398
0.066522497336114	0.68720791093976	17
0.08903076815126	0.724108931192104	17
-0.060469192611589	1.42711950506562	17
0.107964493480992	0.48000533797447	166
0.00111139744387001	0.377144829231662	17
0.0316059312482601	0.370472491875254	17
-0.087741733233324	1.04139093708752	17
0.047027896315644	0.27889303005266	17
0.101264665919196	0.65011975339556	17
-0.09628370181315	0.821713786931373	17
-0.03251562976978	0.163819566894309	17
-0.033259057960302	0.53325562330222	9
-0.072865174481225	0.457504136366793	9
0.050030338421676	1.14464004407772	9
0.118236482202429	1.32843541016004	9
0.083554455714511	0.734427571171469	9
-0.022380819587507	0.608330158715157	606
0.08139727461271	0.388857070094878	9
-0.032865616491347	0.927652949868015	9
-0.049095685627578	1.15599821108135	144
0.028071959667024	0.372243487059399	144
-0.023559347931003	0.260363509407997	144
-0.030775965901394	0.872117904802774	603
-0.122764712539745	0.676066981435707	9
-0.04785028762534	0.603412142387725	9
-0.023235600236227	0.692574856806127	9
0.077917827745299	0.386481855799958	30
-0.035740839847714	0.246865181996455	30
0.106478461160387	0.497571287664338	30
-0.048278431434766	0.369576441625552	30
-0.080703356189783	0.368523899479202	30
-0.077551716962955	0.349230309222702	30
-0.027799332430055	0.173060458267072	30
-0.10902714031977	0.252799157256678	30
-0.118273208503661	0.155900053042255	36
-0.110690303063359	0.416357345276656	36
-0.034128317899022	0.17006053637181	36
-0.02877631167436	0.173644512897175	27
-0.028134034490003	0.172806906043131	25
-0.099079000640756	0.363782706983577	27
0.038315574538522	0.276547476791009	10
0.01212745449233	0.550451881696076	58
-0.029748978736977	0.16905111959911	58
-0.034767095839651	0.169258406159813	16
0.119997289139588	0.641305180835747	34
0.04339591485552	0.282131304679604	34
-0.029512062075877	0.167755187394558	34
0.037813160185701	0.278706941562913	34
-0.021745874786027	0.269910043751504	34
-0.122534320077076	0.151624767131681	34
0.025038122641258	0.618581955325987	398
0.092223423568893	0.660426057015331	398
0.096451080548495	0.718667257774352	398
0.089955546840388	0.676693919095146	398
0.116156986486525	0.583309718764092	398
-0.010401985602604	0.627657278842393	398
0.051813135814866	0.556238230097485	17
0.124261760476285	1.96626044941396	17
0.038216661390954	0.27778704436884	17
0.044762668356973	0.463852921149816	17
-0.115708751042049	0.65498213434255	17
0.095013267922516	0.688239470861587	17
-0.108090421057268	0.773197813672798	166
0.0119823609802801	0.650564931414189	17
0.054308982624556	1.52826492881266	17
0.0323572258588341	0.370482495848411	9
-0.020034971849632	0.262287105564242	9
-0.009994224389481	0.87210764837277	9
-0.123067388870544	0.35758714710149	606
-0.028107525036302	0.170490516965899	606
0.033061477312796	0.270779912051715	9
0.114569912395143	1.42374758586484	9
-0.028441873937004	0.173900761007562	275
-0.014475082886533	1.23320598131096	144
0.119213404418897	0.704935055512474	144
-0.077105585416054	0.24992319375425	144
0.032601149817411	0.634181861281804	603
-0.060598524136365	0.37236454242812	603
-0.108380257115669	0.246404257255839	9
-0.083900626468233	0.363426638187966	9
-0.060383312102503	0.962042685679711	30
0.075571683756133	0.386214542174266	30
-0.090259801990205	0.369941929133323	30
0.027991346310664	0.361156880524091	30
-0.060950805556651	0.248590402693495	30
-0.023700925274184	0.261131782152926	30
0.02854482937353	0.373891902221338	30
-0.010707281790027	0.757780155855924	71
-0.028410357834119	0.364370788557367	71
-0.099574694246165	0.255670913657617	30
-0.079368972118204	0.627780475690615	30
-0.028468825556319	0.169057345385475	36
-0.103268266803176	0.362544807713449	27
0.124133365026761	0.197625616439368	10
-0.070036245403233	0.260424894527491	58
-0.024763463145744	0.170916076525265	7
0.037492998726246	0.276883702765847	34
-0.096130254729308	0.44358587253229	34
0.084367917654749	0.802759687578926	398
-0.100280501889534	0.360616999705449	398
0.099011541715486	0.748802335857358	398
-0.049201783176213	0.453463269378201	17
0.054708554860172	1.67262831082586	17
-0.11529476711404	0.151506143013537	17
0.090874333879143	0.989145719797795	17
0.033638947062721	1.03971634051477	166
0.097264846404085	0.899246455189328	17
-0.083712701710553	0.366934525449585	17
0.038830971694847	0.257540339891798	386
-0.114030261214004	0.244479580921103	17
-0.121220875352457	0.253736491056452	9
0.027190622201488	0.934419224323289	9
0.00134441729688195	0.534689160263072	9
-0.021436735490616	0.170030268997322	275
0.069442216834812	1.2015621719545	144
-0.069125697696016	0.362019971605426	9
0.011702804980632	0.632383810158172	9
0.049869725330588	0.875661018543958	9
-0.09646048076079	0.425278964481904	9
-0.029748978736977	0.16905111959911	30
-0.033697093847888	0.356717315637149	30
0.000743836332492975	0.368190090361876	71
0.018934269284427	0.359576469486526	71
-0.039462574535603	0.343065724127387	30
0.040479900827093	0.272585683932751	30
-0.118668994365155	0.152173718727342	30
0.017953801320808	1.0606451787225	30
-0.119640994971663	0.154201474425124	30
-0.026771442288199	0.258219804724156	36
-0.025434025034098	0.174050129956977	10
-0.029811391995942	0.168172845773131	10
-0.025434025034098	0.174050129956977	58
-0.114319852295734	0.158428137895593	58
-0.029359156117674	0.166325523540639	7
-0.027554204870633	0.262935036336356	155
0.0144622262266511	0.548738446755582	34
0.00522797285508303	0.463784848116902	34
0.029962512588309	0.367342070225402	34
-0.047717016264953	0.996356677208589	398
-0.119550044004867	0.441468794336308	17
0.052692915718171	0.64900468563413	398
-0.01345738166738	1.69072926261635	678
-0.057061881249814	0.737595978161678	678
0.057392522169338	0.610264972531223	17
0.010427866316955	0.473458093734214	17
-0.114672937136438	0.157413748425412	9
0.116403189823108	0.510614533148564	9
0.071560159916701	0.364812656012398	9
0.094055610882782	0.494206191337126	9
-0.07831226421839	0.250690417314737	17
0.049382261286443	0.259576852520098	17
0.036686845686133	0.276048192442101	9
-0.078116228270889	0.249603022495618	9
-0.084005987189572	0.369356946235277	606
0.043917994852815	0.260863973876073	9
0.035792879931337	0.37321225705181	9
0.059434636208246	0.579442611207642	9
-0.107296630538541	0.726545749449238	9
-0.099478844554022	0.24989843793846	9
-0.105583753816384	0.254556589160156	275
0.03262684624743	0.265082324580891	275
-0.088603140417597	0.359000897299432	144
-0.035828959308375	0.521017590013807	9
0.042696417221977	0.852852144297767	9
-0.026192730445137	0.260273928409034	9
-0.105047065153684	0.148731918899832	30
-0.029499211975592	0.260748846886578	30
-0.073612734873645	0.610183198680198	71
0.00122056951771299	0.37054993379215	30
0.049878508715638	0.9779338675466	71
-0.072549674756568	0.249537475875625	30
-0.028468825556319	0.169057345385475	30
-0.095407921330243	0.43035179511588	30
-0.115292260949475	0.154093905241773	36
0.096207387448083	0.599311391154218	25
-0.024763463145744	0.170916076525265	10
-0.119443980543202	0.154530039605557	25
0.028951746325097	0.381301232531727	58
0.034414378930973	0.484230306805642	58
0.072745023470101	0.384605718257948	155
-0.021950346705056	0.266654000373997	34
-0.026028776193567	1.65277615783163	398
-0.024458249692659	1.37685710312033	17
0.00286415302977205	0.770131664683615	17
0.04919837430733	1.41022474752206	166
-0.018529296433041	0.366198074041362	9
-0.119134292558392	0.501522108209577	144
0.029710346461695	0.628777218948846	9
-0.043055770336655	0.592472724538808	30
-0.10069421685029	0.42706176001263	30
-0.115292260949475	0.154093905241773	30
-0.028743846322362	0.16970123630098	27
-0.1133047885325	0.157355077558861	691
-0.027799332430055	0.173060458267072	25
-0.02877631167436	0.173644512897175	58
-0.020763856133946	0.167149342002281	58
0.124133365026761	0.197625616439368	58
0.042673899649155	0.282838963018334	58
-0.071122465668775	0.257039154034295	34
0.00605859242958295	1.34958244581225	398
0.0108445281705301	1.14500512818124	398
0.068683453966085	1.2710723190152	398
-0.038856574687447	0.864512248246598	17
-0.075504562823716	0.676601372416929	17
0.067700725691375	0.451981847353615	17
0.0569958528314301	0.495033882873184	17
-0.105719929684152	0.360325762608987	17
-0.053584052767389	0.682186078036802	17
0.0347856819753341	0.645051071707172	17
-0.02909650651953	0.461809210172403	17
-0.00578602370265402	0.4766974321618	9
-0.028743846322362	0.16970123630098	17
0.024354530028567	1.35510650784374	9
-0.069000639415548	0.259375922630416	30
0.094964594154306	1.38539886362633	30
0.084729520411407	1.07893421593843	71
0.016603962001903	0.705582667832329	30
-0.030149465626653	0.170514802132598	36
-0.00961642770018201	0.355900265709019	36
-0.026077264986138	0.170958339585501	25
-0.102545185245476	0.432145171847001	25
0.082029515027426	0.386018725537418	25
-0.117963442428011	0.156497220770852	37
-0.117963442428011	0.156497220770852	691
-0.017311677014811	0.266968879784684	691
0.038315574538522	0.276547476791009	25
0.030311464477718	0.374050861298694	58
0.023802124551515	0.459069335893106	58
-0.010205760465393	0.360941301515565	58
-0.02877631167436	0.173644512897175	58
-0.029078788846085	0.173073255821478	7
-0.023208361643548	0.26527266628483	155
-0.030362891525725	0.165698574856198	7
-0.025098699439262	0.174305828211983	125
-0.025543360878395	0.368735221126044	34
-0.065290541921475	0.370437647772532	34
-0.056718603178354	1.35147044656422	398
0.067322371358616	0.928978067265659	398
-0.030380592061052	0.257872512010022	17
0.023736902422514	0.357878406910892	17
-0.016870698427745	0.26824949696097	9
0.016159827580111	0.358648817111957	9
0.028727918661563	0.367168598878344	9
0.072082112180376	0.372763975073788	9
0.032380183171848	0.374237736907979	9
0.080464764200203	0.389568972069208	9
-0.113657889799439	0.157858515534477	30
-0.103967409425467	0.251781324902101	30
-0.033153134288469	0.166936747068741	36
0.123109079862364	0.193957169452223	25
-0.02877631167436	0.173644512897175	25
-0.122534320077076	0.151624767131681	691
-0.113657889799439	0.157858515534477	25
-0.118668994365155	0.152173718727342	25
-0.02877631167436	0.173644512897175	25
-0.114319852295734	0.158428137895593	25
0.108913483462527	0.752890934352032	58
-0.074025937975439	0.259840657485842	7
-0.029078788846085	0.173073255821478	58
0.020095489096088	0.361783758057404	58
-0.106456940275271	0.149568378289195	34
0.068609893062231	0.675563413466761	34
-0.027464719333534	0.169705163747628	177
-0.056209914023066	0.911727276703065	166
-0.03349030871786	0.169259172983608	9
-0.028743846322362	0.16970123630098	9
-0.105147166530808	0.644876812954246	9
-0.042802888178578	0.947748928889635	385
-0.037132734334973	0.456687606022712	9
-0.021663710226866	0.507667456037717	275
-0.123394102660207	0.430706680957238	71
-0.096637319603412	0.253889887566898	111
0.042673899649155	0.282838963018334	111
-0.124535260016162	0.252578410983014	27
0.065460463957153	0.357973573389823	27
0.109935920808217	0.260035554829338	27
0.038638734259801	0.276207805014844	25
0.090476694363411	0.582507719794067	25
-0.123892582275352	0.152459379316407	37
-0.108971558182428	0.24279233969343	37
0.036616021195843	0.371833342825012	691
-0.023354106255858	0.264008686006791	691
0.072699661979036	0.37721832054632	25
-0.034128317899022	0.17006053637181	25
0.042595973157626	0.279029471185379	25
-0.077743031740221	0.251018625084631	58
0.086335320241689	0.366680248930545	58
-0.024149838579136	0.171216551002296	58
-0.028468825556319	0.169057345385475	7
-0.118978376095057	0.155402003494633	7
-0.118388316468157	0.154245254292467	34
0.124133365026761	0.197625616439368	47
-0.065014705487612	0.585097426501265	166
-0.077178847407897	0.872027611516376	17
0.059306114427498	1.24373472895884	17
-0.097465122150223	0.608828901032543	17
0.109414878047574	1.00448567007195	9
-0.120499281416672	0.150933439156122	9
0.0197415061260769	0.471896152862149	9
-0.00331628256912198	0.671404316779918	9
-0.036716525676741	0.516732296649352	9
-0.031522519982714	0.521779915445543	9
-0.098528961870942	0.52267180971142	9
0.028023160668492	1.01341648818058	9
-0.107552960937109	0.433742059425267	347
0.044130599246748	0.471496110054069	9
-0.059517566875726	0.517967740183606	30
-0.021239680265411	0.37017487656956	111
0.061282782902028	0.487638077045918	36
0.047932506381227	0.475367592197075	25
-0.123220959602232	0.251646543204627	25
-0.103028167787958	0.252907590916688	25
-0.097754197990766	0.254836148530843	25
0.031832038108119	0.374543381441767	25
-0.117874965300175	0.228866877532223	31
-0.030787648698678	0.170475170397049	25
-0.118273208503661	0.155900053042255	73
0.0364806231360531	0.271631727229827	58
-0.023996534135192	0.262403326195934	58
-0.03349030871786	0.169259172983608	297
-0.118388316468157	0.154245254292467	16
-0.119797794160602	0.151704464757904	47
0.03006813286777	1.02719119636667	17
0.104519520492742	1.36912546999708	17
-0.118978376095057	0.155402003494633	9
-0.041348923496548	0.772689279034003	385
-0.032400674061877	0.801592227843513	9
0.082287897150456	0.65012856150521	9
-0.068943229587086	0.607746999929848	9
0.014123674061852	0.779129343143535	9
-0.100857965894753	0.253537766182395	9
0.03592003997433	0.996619265315897	347
-0.033932142494271	0.9243377524118	347
0.110868080870145	0.901000239191919	9
-0.02333538024102	0.61732135244824	9
0.095745520538734	0.824245610594544	30
-0.038725493172577	0.621181589461347	71
-0.070054996026837	0.428660064642663	30
-0.080718927213312	0.341220587092566	30
-0.070835202634246	0.348820505063544	36
-0.00497356591544501	0.371228191021179	27
0.020649926662591	0.465111042524297	27
0.02526078605059	0.468393526688287	25
-0.03486904260534	0.457521901916231	25
-0.05110710842576	0.361164629418695	25
-0.02772156095346	0.375853084138277	691
-0.069744094771599	0.258633344317115	25
-0.017162891285451	0.268549510953759	25
-0.072151979814679	0.247965108704279	25
0.071220913474588	0.371909743746023	25
-0.025461296868583	0.262123821064352	25
-0.074488312415832	0.258500171639823	58
0.074581685284801	0.374767804187663	7
-0.033791410565306	0.167700228204841	7
-0.118273208503661	0.155900053042255	7
-0.118273208503661	0.155900053042255	34
-0.036046258956554	0.727267606476988	17
0.059134638162919	1.46409603506745	17
-0.101930274663042	0.356246651062615	166
0.00808673553456196	0.870312996763166	17
-0.101667203514777	0.527880616556578	17
0.124862463094245	1.38452179260195	17
-0.019685955058286	0.773934428323827	385
0.00938535111054095	0.594390702863307	385
-0.085984177995523	0.670565418322681	385
-0.110040994136013	0.510585563650294	9
-0.07508147794202	0.347108820920539	9
0.09143293932411	0.603263086976863	9
-0.063131506260683	0.763792526375907	347
0.00774733062238098	0.560395664462894	347
-0.112297004121305	0.346341692160922	347
-0.05608972674153	0.44543652518689	9
-0.038820921214604	0.751580981280784	9
0.045513420219472	0.721563170264848	9
0.0549937236984111	0.627560934994127	30
-0.034465814284986	0.613792789453583	30
-0.077864624751621	0.438197131420515	30
-0.022184523310483	0.268590545967482	71
0.00851539835672199	0.609350206638	30
0.029984114857303	0.546031415494718	111
0.0254554135328861	0.484321831581611	36
-0.075901814355788	0.356993462816506	36
0.017548259353193	0.475191430511402	27
-0.047646988941313	0.541924800097784	27
0.104561871535447	0.491399168855243	27
-0.100399939700657	0.35846647917348	25
-0.043561578245898	0.368007418575618	21
0.075255568249028	0.383429021049455	58
0.079367496898465	0.38634467049947	58
-0.030233296547565	0.260050852399383	58
-0.033827573395974	0.166581401032966	7
-0.00749339282529299	0.359841845117288	7
0.047751238700635	0.27708262186077	7
0.124407085580479	0.28892816733955	7
-0.117346058602861	0.148521224666603	34
0.060508305402682	1.02865484193973	17
-0.030087520144988	0.251769276268148	17
0.100353426095807	1.33312621545812	17
-0.100985906050583	0.354643161162253	17
-0.046993683179558	0.352604667278721	9
-0.117302222107173	0.664630992254684	385
-0.050895636942252	0.519475106702295	385
0.109931436533968	0.915953407826505	385
0.071138102444812	0.485768431488604	385
-0.06030072032954	0.453931594224452	9
-0.071302852730251	0.442519360623911	9
-0.094677611176379	0.511964403534534	9
0.107363830922383	0.978446791745403	9
0.0271424706223919	0.472436288840125	9
-0.114592357957885	0.151672938971831	9
-0.038979879228552	0.353661217513301	9
-0.077105585416054	0.24992319375425	9
-0.047248843553309	0.36579908735241	9
0.043412577272263	0.464462574975381	9
-0.107548387335863	0.480940606119964	9
-0.027795274629883	0.256076574136061	9
-0.019215420214271	0.457489327187158	30
0.061822425442378	0.899940082190856	71
-0.08590258742091	0.361568089242612	71
-0.075285240381028	0.632673958333191	71
-0.049347686223317	0.436298928082456	71
0.112981555621083	0.49522344407379	71
-0.018657454186611	0.6133483367234	30
0.035508808747226	0.938040055551827	111
-0.088919789524967	0.343412537073285	36
0.07035503515741	0.636522258488817	25
0.005097815950315	0.367079690324618	25
-0.122740676676372	0.358827412879071	25
-0.00403862122488102	0.503720684028265	25
-0.098117900131404	0.442448753356703	25
0.024284690261359	0.476432826339035	25
-0.089522469988798	0.415900634162758	25
0.113265196023349	0.670403659963915	25
-0.02831198992294	0.46522461332089	25
-0.098698933753771	0.432852724632541	25
-0.093458441150985	0.360231435029512	21
0.00788377684049102	0.471806909221083	25
-0.037624642883058	0.431354541908242	25
-0.010864438527677	0.3643432188783	25
0.114399319442032	0.500352799879782	25
0.038315574538522	0.276547476791009	58
-0.072817836899244	0.259180171352255	7
-0.023410316104047	0.377256697938999	7
0.089691791726583	0.494677512921412	7
0.0374095200584	0.276946983337553	155
-0.02479154844754	0.174086333588503	7
0.024287571876634	0.37412928737262	297
-0.021307376775217	0.269585794818174	7
0.046305343194414	0.278756957865266	7
-0.025897862611339	0.262420396715526	16
0.0379185734231	0.27611373602271	16
-0.028441873937004	0.173900761007562	84
0.124770777105684	0.294733620707325	84
-0.118978376095057	0.155402003494633	47
-0.025098699439262	0.174305828211983	47
-0.017069898621843	0.74745177397936	17
-0.088889912854372	0.766700929623075	17
0.039982175190671	0.566862777790835	17
0.0257350058014451	0.636209347539825	17
0.110630282055971	1.13176202438838	385
0.047132295192563	0.633446872439312	9
-0.117610798599704	0.155996282087211	9
0.091428528168157	0.655936139378585	347
-0.010522424589572	0.527627362415033	347
0.12101572289933	0.690174270510124	347
-0.03279294344722	0.620080618273006	9
-0.091274150319349	0.364513844731996	9
0.0174298977415071	0.750327618141252	71
-0.119841666477023	0.406918059935569	71
0.022576368180024	0.458849621992491	71
0.037232860861921	0.547852421159123	71
-0.04630249358844	0.445023773251394	30
-0.067226144484012	0.452474179085973	30
-0.023287686831323	0.611501179439877	111
0.015270797367686	0.618501054472313	36
-0.096264713541764	0.439925306440186	25
-0.064071222535305	0.445889935406243	25
0.107818044914403	0.662820158485967	25
-0.024357859098387	0.541011449557499	25
-0.063074874350151	0.361960935181174	25
-0.076314306541122	0.371342494335467	25
0.118717321482944	0.502859998069125	25
0.074986345072823	0.384208601081914	7
0.120712869718874	0.290330747439082	58
-0.024315151388894	0.452993984558287	58
0.076707873938801	0.392139043314669	7
-0.020034971849632	0.262287105564242	193
-0.076073756667139	0.251271669323008	7
0.035310765745151	0.270509762525111	7
0.0379185734231	0.27611373602271	7
-0.108140936428049	0.24778277482063	16
0.120712869718874	0.290330747439082	47
-0.099831253738	0.618398921141791	17
0.0263124550666	0.625108484175594	17
-0.028677526965657	0.649552974976037	17
-0.116136267738498	0.484917310102341	17
0.032456940126747	1.09299518951392	17
-0.102210268872556	0.734505372470724	17
-0.068779432619496	1.02960297040214	17
0.048795865192991	1.33827522577917	17
-0.06401583724231	0.884405398947397	17
-0.100221682299079	0.495268440338558	385
0.056685413372546	1.12866647833031	385
0.083647705311955	0.74154401799135	385
-0.010459231910943	0.797386009686732	385
0.0971117170814489	0.901217076801489	9
0.0140174495891719	0.341819563631318	9
0.068800235785703	0.48370502361685	9
-0.073582378637594	0.364806212958972	9
0.078277539874851	0.484563023582929	9
0.021394037894986	0.47508460178345	9
-0.109650213915422	0.494363850052698	347
-0.045457645224258	0.462685767978655	347
0.105518248151553	0.738212898141679	347
-0.066199600529087	0.508647697146463	9
-0.017236693051489	0.4639352039416	30
-0.018774014926382	0.245899381275396	30
-0.086493332130285	0.362079692923786	30
0.0531377784131411	0.574124101327783	30
-0.121010533822185	0.363846506126868	30
0.035415199137842	0.552634310457486	71
0.119735139646144	0.773843501866422	71
0.052682979676266	0.871845413948445	30
-0.098572398645413	0.603139820939132	71
0.052520860235875	0.867610686917313	30
-0.101792375829609	0.510560383635816	30
-0.034956360355747	0.463519165840024	36
0.03369050735184	0.486547567832788	25
0.055734019422481	0.570347783017546	25
-0.00395991608657698	0.581702477059413	25
0.06551046681102	0.656606696190695	25
-0.112996353659233	0.155145728857897	25
0.058435197233634	0.320845658298026	25
-0.058694235871558	0.349045532276454	25
-0.109342272052435	0.247985617268184	25
-0.045023179500814	0.368364568548191	73
0.067930930579299	0.721069799442646	25
0.077284223638036	0.387223229147387	58
0.0197997991886349	0.465493311108915	58
-0.108026048867177	0.244847165886697	58
-0.021013690450166	0.270045555845676	7
0.115971181898478	0.598455414268079	7
-0.069919854481493	0.259671183434347	7
-0.054016382071403	0.363857693163153	193
-0.025203070558308	0.26060032848942	7
-0.117963442428011	0.156497220770852	7
-0.028134034490003	0.172806906043131	7
0.110956161289987	0.496348613082988	297
0.080149112795018	0.389296654176163	297
-0.010464454577352	0.367241669695821	7
-0.021436735490616	0.170030268997322	7
-0.069919854481493	0.259671183434347	34
-0.022623322439228	0.26546293056027	34
-0.028518049176556	0.460424816545379	17
-0.119073788429171	0.535627748604796	17
-0.025169867002574	0.540820722201376	17
0.012049269790707	1.04714109301779	17
-0.070733687424122	0.952122957348962	17
-0.079172424705263	0.724524854237758	17
-0.085759210398314	0.50813620354585	17
-0.00796458485636797	0.359312506568372	9
0.103826403234034	0.913219417755913	385
-0.117571870942422	0.581971237596691	385
-0.066163200574085	0.36068072854566	9
-0.096444031172637	0.529737771334018	385
0.021967334477571	0.759961070765027	9
-0.074309211853067	0.258811264167385	9
-0.016031919614706	0.469847592635891	9
-0.04202910564751	0.642482899847603	347
0.057302793228166	0.558972572590949	30
-0.056599253190191	0.356174493135324	30
0.0911184753424889	0.778911920974692	30
0.022517249785154	0.659727287113391	30
-0.011171687959373	0.836723135448552	30
0.102216190187565	0.91085731528832	71
-0.079544538998819	0.570658580150973	71
-0.045706552606433	0.370372893001896	71
-0.084538341446424	0.613601308021948	30
-0.096774181652174	0.363348503575313	36
0.101395780278379	0.472920541084522	36
0.12403895314503	0.670893225458822	25
-0.110928996202238	0.359403787055741	25
0.11045196570438	0.740364702269182	25
0.10897548294306	0.685620987759844	25
0.112422704157665	0.761114016491894	21
-0.075483881205688	0.369216376138213	25
-0.117963442428011	0.156497220770852	25
0.07717631366541	0.391587147810548	25
-0.039964941425135	0.456493964200362	25
0.117499219082834	0.501678210975456	25
0.00557476862863804	0.36938706336698	58
-0.105641963398322	0.368292724532334	58
-0.028586830794961	0.469502359792427	58
-0.010285370328669	0.36268062320788	58
0.031403582402367	0.477841045806744	58
-0.017311677014811	0.266968879784684	7
-0.105916612840597	0.255675699464425	193
-0.029512062075877	0.167755187394558	342
-0.074209759042293	0.251472567876206	297
0.032419930704801	0.267215927384442	7
-0.118978376095057	0.155402003494633	34
-0.024455957271692	0.174341861986265	34
0.050653349008751	0.271980352764849	40
-0.042509468815677	0.842412434154514	17
0.106287539896733	0.677778612235613	17
0.00817849398210102	1.26003483058452	166
-0.084469476252571	0.860040971361961	17
-0.101563002958759	0.664715964177644	385
-0.019479979377017	0.610570820054107	385
-0.123577913091081	0.50353262532813	385
-0.108122226544049	0.729004314370362	385
-0.053261030095362	0.525943390365639	385
-0.028285508799422	0.763908044424326	347
0.102336239488027	0.734205332223501	347
0.011194837098279	0.484503810526745	347
-0.071851956034967	0.35340225036155	347
0.045764536145999	0.777671808764072	347
0.0385371223323721	0.278028553836216	9
-0.060345840272505	0.398446348572138	30
0.03956537855539	0.562630839720177	30
0.075829717135369	0.488874528446877	30
0.088486903836947	0.878701449138401	30
0.021042462950016	0.473029656763993	25
-0.083519933045647	0.400961515362128	25
0.032379639060976	0.381149805872815	25
-0.073318076595585	0.357761178371623	25
-0.091562915720566	0.371002338463936	25
0.022231028289046	0.541095717651063	25
0.094190593972718	0.589189988182489	25
0.054187622446104	0.649558273783998	101
0.00864231225746404	0.463814204209006	25
0.116228263090082	0.50206910331104	31
0.061016967101745	0.346693382200178	25
-0.081705407585737	0.367903019358317	25
-0.109235959282944	0.353394546110342	25
-0.072459666388664	0.358069604411646	58
-0.052808684178055	0.368355904303116	58
0.122094918293228	0.290390961560003	58
0.023866554307137	0.367887938206832	58
-0.105065586099038	0.253469658525595	7
-0.109124766338882	0.245438934885645	7
-0.100544078738764	0.255572526848399	7
-0.022477431675832	0.268404057147586	342
-0.021452725614582	0.26872736593669	7
0.070829007318283	0.376819937821323	297
-0.025503235274701	0.263526937831175	297
-0.118978376095057	0.155402003494633	7
-0.108656310642405	0.245447390009685	34
-0.106318211039964	0.251081750754318	34
-0.113657889799439	0.157858515534477	40
-0.021100250863162	0.170272661232154	40
-0.028468825556319	0.169057345385475	40
0.036876648122154	0.272052800687466	40
-0.01056398309158	0.771270155142131	17
-0.108422957948064	0.739088528835491	17
-0.089386172203248	0.84416628637296	17
0.082321805293855	1.06853116186756	385
0.087736316548663	0.988396623755034	385
-0.124961975211224	0.345924732641868	385
0.093588127004719	0.660948877218067	9
-0.11277434880726	0.606672551519019	347
0.0462383364849051	0.696329159979824	347
-0.047889722559989	0.529474894147225	30
0.122674616237013	0.752158171658303	30
-0.00734734313769703	0.658606259203522	30
0.032260937882539	0.866725301438828	71
0.00223151770288099	0.618711980092034	71
0.05734984260929	1.00256164795876	30
0.0786565803199381	0.850763792216175	30
0.083313254268459	0.591160546024139	30
-0.048608064217538	0.453170193759869	30
0.020575310485507	0.554117072099977	36
0.070510822820868	0.378330653288851	36
0.0385371223323721	0.278028553836216	25
-0.086140869229557	0.359634910428391	25
0.076637398717828	0.651197637961072	25
-0.069194541389108	0.497123335596302	101
-0.112763190948738	0.355119443965672	25
-0.122878487505061	0.152788630326036	25
-0.117963442428011	0.156497220770852	25
0.119195304929909	0.503868894397178	25
0.00343188660241001	0.471342026188503	25
-0.042046771909229	0.370750510040229	25
0.00139174887562399	0.444839938780682	7
0.002945419208355	0.373695044843339	7
-0.119993606844253	0.150931791490118	7
-0.033153134288469	0.166936747068741	7
-0.030028211657445	0.169266326339887	7
-0.1133047885325	0.157355077558861	7
-0.114672937136438	0.157413748425412	7
0.124443002209963	0.292918897783287	34
-0.119096205695938	0.15122383140165	34
-0.030673523454202	0.259581900320893	34
-0.079979006227433	0.247452883430428	34
0.124651721867933	0.287382491060128	40
0.038315574538522	0.276547476791009	40
-0.076073756667139	0.251271669323008	40
-0.113238825651696	0.354768082829449	17
-0.027507860835252	0.464840976516078	17
0.113339970275496	0.753500917558353	17
0.000365861955899049	0.70369960210456	17
-0.112142209611007	0.858496866306285	17
-0.081114526612119	0.599179600927974	9
0.01306917414631	0.988984039152249	17
0.043887402969391	0.644733381103308	385
-0.027729061470346	0.834887937338647	385
-0.016001253394007	1.03679071852541	385
0.00514617978813103	0.46853664155104	385
0.09103621803604	0.600093930067679	385
-0.107817245806607	0.423984731991035	9
-0.104389340294159	0.367721008492237	9
-0.030051038684248	0.364329998037243	9
-0.103457445857194	0.429739801432852	9
0.036641538291101	1.05311667542722	347
-0.049254304488197	0.755103248942068	347
-0.059713024230358	0.528152984186071	30
0.110134984825938	0.573249001114816	30
-0.00290371408386297	0.453657546119585	71
0.089388934093548	1.02039930674147	30
-0.106164740408991	0.599859071886401	30
-0.052903087289684	0.674154364113681	30
0.041381535771921	0.561952315037584	30
-0.09330659990765	0.347571985864561	36
-0.027556105495223	0.518219773011325	25
0.065262153371781	0.560302822156846	25
-0.059233548485372	0.510097495121238	21
0.021104805291556	0.544118215088772	21
-0.054928824817843	0.513159687391505	25
0.011330124077323	0.542505714145239	25
0.050301031945296	0.569412219707692	25
0.044495115385241	0.552675037323573	25
-0.027464719333534	0.169705163747628	31
0.0109600077591659	0.467865483923835	25
0.082836642679186	0.589858442721068	25
-0.064251618153371	0.453025798595095	25
-0.08590258742091	0.361568089242612	7
-0.00352775065130301	0.369791717666569	7
-0.069176470636173	0.259271773591999	7
-0.065872514470698	0.358548729368286	7
0.076037032893313	0.386949725857276	193
-0.119288471122515	0.155184266731623	7
-0.119797794160602	0.151704464757904	7
-0.031113901969618	0.257186588564214	7
0.037521437143376	0.273554577509786	7
0.072551842781744	0.374560981765851	34
-0.123232841586817	0.152558557205109	40
0.123506333647942	0.268550159301395	40
0.094176641820229	1.39019748994342	17
-0.099524337976065	0.365042461358071	17
0.092188945490896	0.905983592295996	17
-0.05917951180819	0.59171540531463	17
-0.00059257862849299	1.11449137107766	17
-0.064169991637376	0.735441231246353	17
-0.096148577235595	0.450630824615321	17
-0.069957722055182	0.368228355278372	17
0.067540208921801	0.372101734335461	385
-0.011078620008064	0.546864397044347	385
-0.124433237207511	0.522499812533785	385
0.033003517707224	0.71620022185503	385
0.00300682864761004	0.684767701567568	385
0.121386448723225	1.13618176917911	385
-0.054290074369579	0.593527859695329	385
-0.066951171271548	0.259005560156235	9
-0.072776777941546	0.350394680147828	9
-0.092382661825052	0.52123214325235	9
0.022537585057645	0.634161141024598	9
0.057797073242388	1.07453204760626	347
-0.096049086021289	0.339353706893402	71
0.010283937054574	0.789141438764679	71
0.023142971739239	0.479050460137124	71
0.066888276574176	0.727798821664427	30
0.116004292075365	0.810739508909395	30
-0.107555242252271	0.344976485928959	36
-0.079979006227433	0.247452883430428	36
-0.005451106050188	0.373325222643376	36
0.025609365942432	0.476751644817717	21
-0.012438432598857	0.467570249851078	25
0.114157985516788	0.609942397997288	21
-0.066633849363258	0.361640834861554	101
0.054449367313296	0.566523814870292	101
-0.029110838291211	0.169836560265533	25
-0.026661332420196	0.362549618122158	31
0.0622501827916661	0.495315973461052	7
0.039109171588784	0.269158407422387	58
0.112162756610147	0.600141444091393	7
0.068857272564964	0.376218904963681	193
-0.021436735490616	0.170030268997322	7
-0.029748978736977	0.16905111959911	7
-0.123892582275352	0.152459379316407	7
-0.020966945287999	0.845864598392172	9
-0.064773971027291	0.724582757369131	17
0.00493906472968997	0.983086752860996	17
0.060197679852714	0.486866791460378	17
0.029455246380058	0.479860143039612	385
-0.115417020144301	0.42228044893697	385
-0.035433879950775	0.607720678066114	385
-0.023976975772287	0.36457262712451	385
0.083601026739138	0.556776695935717	9
-0.015810520984398	0.547304085106655	9
-0.088299128731216	0.753549550005275	347
-0.027220026520464	0.74746039691608	347
-0.072989310704904	0.423542914657758	347
0.026655527856506	0.71815948967471	347
-0.098563853699965	0.444551293892479	9
0.037123448541134	0.644567941010261	30
0.017540327692134	0.548601640437117	30
0.082114149585535	0.900254296395951	30
-0.110188843343199	0.57223783225802	30
-0.10556910994208	0.510096319547188	71
-0.089788970486751	0.56684768807351	71
-0.068040967406466	0.591629766989778	71
-0.121902676188202	0.434348939794532	71
-0.036192122706326	0.589008243786506	71
0.00642941603976099	0.552239026231117	30
-0.084372262668556	0.363159638979839	36
-0.059244276938928	0.3700780781185	25
0.075656098462102	0.489661904689845	25
-0.036978755359357	0.460018353557963	25
0.115455901557538	0.611219309469734	21
0.100963739666841	0.601405702788656	25
-0.104254521764096	0.3447163561526	25
0.119747524834629	0.493459667051373	25
-0.112745720640441	0.246928391444036	21
0.031248616591627	0.468629996648118	25
0.115810158060566	0.495483060722527	101
0.073849739566618	0.468219505610415	25
-0.070543414542168	0.366504167084625	25
0.048042749538382	0.473304856618346	31
-0.027799332430055	0.173060458267072	25
-0.0311255445481	0.167771162660396	25
0.031955555571482	0.374380741292494	418
-0.108424484561738	0.350297799027154	418
-0.102893821496721	0.249243964390739	25
0.07623928013744	0.390104812348185	25
-0.021773310059932	0.166526903032937	7
0.072551842781744	0.374560981765851	193
0.121040921410795	0.290813070958169	34
-0.052675692175487	1.98122825498588	17
-0.036129266307603	1.16281830751199	17
0.110833249996155	1.7730939233106	17
-0.00242523026586799	0.633429788234156	9
-0.062672771645081	0.579648182088154	17
0.072464635146493	1.2510744566712	17
0.112684834456264	2.00541613158337	17
-0.116256166482916	0.432464292269409	385
0.094490168934944	1.35719418714097	385
0.023947878048872	0.812648554665035	385
-0.12072725610809	0.437785319133201	385
-0.026771442288199	0.258219804724156	9
0.027010386227227	1.25636085905398	9
-0.058265276952426	0.772925871979819	347
-0.099573642888752	0.358328891122478	9
-0.014178409014677	0.757614522521329	30
-0.047849744557584	0.64929279422588	30
0.025364306405583	0.992045528886723	71
0.081372721251738	0.780955515950385	71
0.025910681418108	0.481228688212482	30
-0.080405818050219	0.437041863194092	36
0.019500704281794	0.560648070645996	36
-0.059288130149947	0.455161187984121	36
-0.087197150914879	0.36026033240555	25
-0.030316765864797	0.361172728137097	25
-0.083284184157139	0.513161424503905	25
-0.091742527551128	0.353843812794689	25
0.037172504208777	0.269126236279994	25
0.033462686698001	0.272463104886097	25
-0.116872138445722	0.238953670832594	25
-0.1248850377457	0.253933401203338	25
-0.026628911415281	0.260563198903013	25
-0.010205760465393	0.360941301515565	25
0.076707873938801	0.392139043314669	25
0.124681786236784	0.293259506159697	25
-0.061764356806399	0.25791871577457	25
-0.105379872244049	0.252210109583155	25
0.051781321079147	0.269512522402988	58
-0.025166182352064	0.263109710863535	58
-0.02877631167436	0.173644512897175	7
-0.033791410565306	0.167700228204841	193
0.123493832958361	0.197795733894146	438
-0.025742204616955	0.171205487264736	40
-0.122534320077076	0.151624767131681	34
-0.00487721038501499	0.368765363069333	40
-0.025742204616955	0.171205487264736	40
0.024000829338295	1.72365433110502	17
-0.093043065973013	0.658340612573622	17
-0.096538622457527	0.599370909641558	17
-0.065872514470698	0.358548729368286	9
-0.098259248176068	0.532287551305542	17
-0.114982239198046	0.157618957334399	17
-0.107742997690852	0.573920998183781	385
0.041434551299262	0.274835773630312	9
-0.094724838012695	0.361548934414925	9
-0.035053112198799	0.779691098380417	9
-0.10575254068815	0.343274850721784	347
0.066584014906014	0.975812793496884	347
-0.070487168482882	0.256688333785792	30
0.072393743927871	0.588771236845815	30
-0.123594917477102	0.511456493137343	30
0.06252487528206	0.929699413582901	30
-0.124146445557144	0.357671397683101	30
-0.117806754846395	0.425294508652721	30
-0.063753509289161	0.56032139075922	71
-0.109675640797082	0.338860168735105	36
-0.028311722458654	0.445912876576168	36
0.115524937038066	0.509442845032732	25
-0.108082200646051	0.251804098079536	25
-0.052404923336263	0.367049842264261	25
0.033076580171425	0.378079455536604	101
-0.10007419997817	0.254339964014172	25
0.0421590303010549	0.274981139624092	31
-0.036269310843475	0.346950955071795	25
0.076707873938801	0.392139043314669	25
-0.103967409425467	0.251781324902101	7
-0.115335219437918	0.156614993594426	7
0.042274488031622	0.282388833713572	7
0.0817134459502	0.389487215518337	7
0.12009196169385	0.282790558132133	7
0.038241109058168	0.273651889041503	7
-0.106806154212725	0.232104265790426	7
-0.113966855716624	0.157916651360879	438
-0.117963442428011	0.156497220770852	7
-0.029413832966949	0.172818763268529	40
-0.112951775534906	0.154418887710246	40
-0.122878487505061	0.152788630326036	40
-0.107270138152478	1.06447153759369	17
-0.112887257989068	0.674273072034861	9
0.025535332048826	0.973747398248575	17
0.00790811960187798	0.904685056142216	17
0.091574412578441	1.1198575069862	385
-0.068673391692202	0.747919848336624	385
-0.035951028836253	0.808742510718849	385
-0.083706477366748	0.65810378794793	385
-0.121224346005376	0.59969470967608	385
0.08822434503776	0.656780087419391	385
0.040098497672689	0.568420781505569	385
0.096654461373924	0.675505745339608	9
-0.089834575285555	0.734926062659135	347
0.114292768311228	1.12129582861074	347
0.029831825931845	0.479361105846684	30
0.064393953452253	0.580331874757241	30
-0.106386714456548	0.500381804548353	71
-0.012953966647731	0.599012674079824	71
-0.011267672440522	0.664866057897909	71
-0.065309534199558	0.53945987467496	71
-0.036214567257256	0.626433210473287	36
0.103854315915075	0.8810278405171	36
-0.005122736549109	0.555810293575365	36
-0.123058450562688	0.339872887860877	25
-0.086845425860831	0.362295215907015	25
0.028063011179591	0.487884575661061	25
-0.028323642409054	0.258872525214434	25
0.082646549426359	0.477567441494421	101
0.019941467238029	0.451899718875094	101
-0.067484427351896	0.36083038493499	25
0.111459457163366	0.46565682797736	25
0.040667897936564	0.4659553054569	25
0.074624958381824	0.492130452186326	25
0.0205697314312	0.364526530992386	7
-0.103815490492225	0.256782241387307	58
-0.028134034490003	0.172806906043131	58
-0.07438344823679	0.25031298643594	58
-0.02964664715236	0.257494780553768	7
-0.027464719333534	0.169705163747628	193
-0.026820895522298	0.266058749565999	438
0.120945892692717	0.186633421795429	40
0.0379185734231	0.27611373602271	40
-0.116948807468034	0.155003016540274	24
-0.080869626720393	2.09155490158418	17
0.112556965572263	2.40457979642975	17
-0.027331847332691	1.49987744214716	17
-0.050071103180233	1.2945418344998	17
-0.056477952266779	1.45181841346479	17
-0.101043797895661	1.23328849936383	17
-0.116403389100175	0.403923890312922	17
0.103913782057673	1.00703032424558	17
0.049509930922669	0.537949357710185	17
-0.022626927987579	0.747720989173735	17
0.033736185187785	1.38655309588398	166
0.012711986466285	1.11171553514945	17
-0.10478224507737	0.61983720356081	9
-0.067544928191008	0.456885976242837	9
-0.111735530725171	0.695576855977917	17
-0.027923410600476	0.840264737180418	385
0.071258175618717	0.476457969173838	385
-0.122969140369369	0.574478514806356	385
0.100106463310389	0.738746714313041	385
-0.104531270433694	0.442430913555946	385
-0.105694240447249	0.248661619566333	9
0.049202761220561	0.629089786093317	9
-0.109387387806297	0.681820285091726	347
0.01725136157923	0.713396075639246	30
0.051152135557531	0.791472415857102	30
-0.118858320335247	0.521913022308034	30
-0.013904867497263	0.537005056887177	71
-0.103692520548734	0.438570383539032	36
0.018695188787099	0.560553646443807	36
-0.090838064867761	0.424726389428705	25
-0.00652787587197201	0.533974947692664	25
0.024756191202192	0.479313288214806	21
-0.083871209982433	0.355624319833811	25
0.036795681434209	0.557121068032893	25
0.081215831116519	0.50098240586286	25
-0.039952333615068	0.450182572297381	101
0.0759003706793781	0.485021976940251	25
-0.10387417957122	0.348546344394729	31
-0.018069496942509	0.162940951952237	807
-0.025170821425718	0.376751411147072	25
-0.053251594194113	0.3609544249789	25
0.021517750465836	0.363972672506268	58
-0.075585091686555	0.245945503378483	58
0.104300237876487	0.488189033686068	7
0.074632373044045	0.388350649541817	180
-0.034752717994406	0.363409806625709	7
0.019886485947581	0.356205296438355	7
0.036876648122154	0.272052800687466	548
-0.118668994365155	0.152173718727342	7
-0.11245807661423	0.246751435838627	7
-0.118978376095057	0.155402003494633	40
-0.117963442428011	0.156497220770852	40
-0.122878487505061	0.152788630326036	40
-0.114400476929408	2.41583744030402	17
-0.046960512201497	1.90927679973617	17
0.078594140787992	0.741629763042361	17
-0.04207724729085	0.652055251844203	17
-0.081172965724294	0.448978820297259	17
-0.053724701725994	1.1159170962077	17
-0.102030487254731	0.669484602761502	17
-0.07831226421839	0.250690417314737	9
0.038249353786631	0.788497908608702	385
-0.057731522417908	0.609388980096753	385
-0.010682791136784	0.771054557307006	385
-0.11172239030619	0.580353308181792	385
-0.093172891669579	0.581379081643032	385
-0.104529636718798	0.430548070651837	385
0.034908709131277	0.271365423101084	179
0.048343810277511	0.639295170525001	9
-0.066702164907148	0.531617028698423	347
0.065616542707457	0.576372421576078	30
-0.095832567389219	0.511601157995201	30
-0.00362924746812898	0.538521189133239	30
-0.085788036666137	0.354968646166258	30
-0.073118957828873	0.585064527661895	71
-0.076942260864759	0.590540794710762	36
0.028526829320897	0.633027636977599	36
-0.122833206092462	0.358077613074877	36
-0.077892820471925	0.432930452349567	71
-0.098433389821632	0.345477359813321	36
-0.028012485167014	0.365419171575866	71
-0.033931182653561	0.458985157924158	25
-0.012223012674357	0.465670661266107	25
0.0385371223323721	0.278028553836216	807
0.008327362958647	0.364594534375827	25
-0.107872534763951	0.246113569946762	7
-0.074771205863127	0.259072910703671	180
-0.106303855589753	0.244880224427078	7
0.072551842781744	0.374560981765851	7
-0.034430455244034	0.166924337100382	140
-0.118936035255178	0.154693651039811	7
0.038216661390954	0.27778704436884	7
0.124079585073379	0.292552868311921	548
-0.12353833325711	0.152689631867009	24
-0.043703926980032	2.13789377400632	17
-0.043899267210851	1.89496378656741	17
-0.019462361659075	1.65020198637803	17
0.0159026372841	1.74683751887249	17
-0.086647418996383	1.01710779131786	17
-0.112905001878186	0.979890708242224	17
-0.122735880218663	0.944071403098549	17
-0.078519437921196	0.668824220896826	17
-0.124198072035826	0.645972465600741	17
-0.061514124958786	0.785769737151438	17
-0.07597082259348	0.496297201166259	9
0.0994447911687461	0.968277250598013	17
0.00957757072830501	0.847983623291373	17
-0.090476826478383	0.61797470491635	17
-0.07585135324258	0.43404113659452	385
0.061339005071902	0.732559383716674	385
-0.042837656071855	0.678489654357474	385
0.028678515553429	0.844327038296961	385
0.027880251700664	0.86122025231822	385
-0.070811560483266	0.716574281466065	385
-0.031097189992625	0.763400349076091	179
-0.018051903325285	0.770402156133809	9
0.050368609019696	0.644356658104135	9
0.010506741458676	0.613781579236049	347
-0.04302533524194	0.814109192561691	30
-0.010384084422769	0.622153068666877	30
-0.000462038798093978	0.6160467516136	36
0.030421376148257	0.475844427108927	36
-0.121499761285702	0.358759695062269	25
-0.043420672329875	0.448174276377363	25
-0.111874919715605	0.355961280300425	71
-0.109233516903354	0.362490102844004	25
-0.034652434302914	0.353632683024484	25
0.078066588289146	0.387312257702204	25
-0.061597481629037	0.252877605599466	25
-0.06686637015189	0.357308618950775	101
-0.0107629987406	0.361031001343646	101
0.110321825919226	0.50273901586374	807
-0.116767169264456	0.359636798535113	25
0.079998279873724	0.386665533443724	25
-0.052457395184389	0.352960680010226	7
-0.029955169485933	0.373087242054695	7
-0.09312277691823	0.253270069017399	58
-0.118978376095057	0.155402003494633	58
0.072954531526527	0.486111197151998	58
0.121403848080645	0.29117708249682	180
0.0397576657547291	0.275397703608674	7
-0.117301555479459	0.15549131738934	7
-0.118625748284016	0.156401863873602	40
0.00334934906440298	0.734543435733665	17
-0.070974475812788	0.819709844013724	17
0.071726940367068	1.02179501451569	17
0.050045975842731	0.957928231230836	17
0.118405913591588	0.599035447695921	9
-0.011723039890459	0.782687706370729	385
-0.00585287075441099	0.755991313183378	347
-0.086816480246259	0.590032240012588	347
-0.019668811938599	0.749116615081601	30
-0.085364376792477	0.586918819563812	30
0.066445634145298	0.79685099410404	30
-0.037749050883735	0.577658772731183	30
0.036068017916426	0.613356022785458	36
0.002417321767472	0.52252905742682	36
-0.104281835108376	0.253700780840795	25
-0.078289728544396	0.441051897803408	25
0.0151152652737609	0.453601622545121	25
0.0254554135328861	0.484321831581611	25
-0.030236974816506	0.364776608473953	25
0.0319172954865971	0.489460521575516	101
0.068791688295729	0.377489604135851	101
-0.02164134798943	0.372172871612323	807
-0.026820895522298	0.266058749565999	807
-0.051981208455243	0.358626386218826	25
0.033882961371293	0.559414405623667	25
0.04339591485552	0.282131304679604	7
-0.12353833325711	0.152689631867009	7
0.123493832958361	0.197795733894146	120
-0.024763463145744	0.170916076525265	140
-0.118625748284016	0.156401863873602	7
-0.118040346373101	0.151450101056581	40
-0.118388316468157	0.154245254292467	40
0.04484232043156	0.273658442962621	40
-0.027799332430055	0.173060458267072	40
-0.113966855716624	0.157916651360879	40
-0.120145645776834	0.15372832179181	40
-0.066539622154816	1.96893931162979	17
0.00839010818994801	2.01219389335831	17
0.049652755502607	0.55850338203807	17
0.045469365071973	0.666101545767746	17
-0.101125054769578	0.356820593738329	17
-0.024194172208371	0.510329475151427	17
-0.0281989573498	0.375002075953912	17
-0.022452933695595	0.57835195051452	17
-0.016033541722724	0.467005632122134	17
-0.050654224266118	0.526431242927774	9
0.060305822134975	0.694215476127549	9
-0.111917325616951	0.247219814881886	179
-0.023559347931003	0.260363509407997	179
0.114839767099173	0.579775004274251	9
0.108951616205142	0.815161859819259	347
-0.109208793626164	0.24442352229002	347
-0.107548618755545	0.440047290765789	30
-0.065429082947492	0.459150773562021	30
-0.096324919023531	0.367264845335593	71
-0.112496783349856	0.353445864798911	12
-0.052284995309702	0.343936532596322	71
0.00239227806828601	0.378035628278175	71
0.034988290493975	0.266704903797891	71
-0.020794836521789	0.168162372739556	25
-0.025794945786422	0.267227743350938	25
-0.024576818374939	0.257013484023771	25
-0.025434025034098	0.174050129956977	25
-0.024016385506727	0.256779986904627	25
0.124770777105684	0.294733620707325	25
0.042351459778267	0.280118898787308	7
-0.028441873937004	0.173900761007562	7
-0.032853071653119	0.166009532274329	140
0.039363278827352	0.724376278823797	17
0.019385640670627	0.703349162559042	17
0.120435523673394	0.827208821548971	17
0.115510637765797	0.654893517107058	9
-0.093796733139696	0.518210961598755	9
0.044919097746897	0.272157961317151	9
0.104949516830299	0.584448242321263	385
-0.101078542078174	0.590637466111605	9
0.108566484359221	0.680577634309659	9
0.084528020369369	0.492552157363547	385
-0.082298033241664	0.363786030882493	385
-0.073439267442614	0.35411929841685	9
-0.084890892908202	0.359773497131543	9
-0.046932131549482	0.461952141346059	9
-0.116292047199577	0.365943193708864	347
-0.047228377812079	0.449937153744817	347
0.05202334791261	0.689361067244768	347
-0.074194362163647	0.360045687545556	347
-0.00932963362989497	0.360102695371085	30
-0.060173690721356	0.430810240002389	30
-0.078445167580168	0.373029863199789	30
0.059153413830071	0.575255578454908	30
0.00314120747443303	0.473415683366205	71
0.047918208365663	0.563169050104289	12
0.102527898233324	0.665169750021106	71
-0.049347812372845	0.369477914369354	71
-0.02560328269255	0.261855382172365	71
-0.034767095839651	0.169258406159813	36
-0.028441873937004	0.173900761007562	71
0.041232239153472	0.279169289790194	71
-0.124552747526233	0.151289265075405	25
0.0779613482914851	0.390758413034084	25
-0.025098699439262	0.174305828211983	25
-0.029413832966949	0.172818763268529	25
0.039359686979131	0.274967793886388	25
-0.109907837900198	0.155095782934507	7
-0.028441873937004	0.173900761007562	40
-0.024455957271692	0.174341861986265	40
-0.02877631167436	0.173644512897175	40
0.039206504050804	0.868203770539295	17
0.0304460462052319	0.679641196960664	166
-0.016404393395843	0.748427773545463	17
-0.036800341093474	0.358315471624568	17
-0.12296655611177	0.357228023874097	17
-0.063843300993344	1.18751584760641	9
-0.106298481588856	0.811688720798496	9
-0.046098571572781	0.538071726871906	9
-0.083396591154086	0.902446830467248	385
0.078214478080764	0.373813934985565	385
0.011089196090601	1.51096874066819	385
-0.06986590048141	0.439455524264105	9
-0.028331599513212	0.355423916508949	347
-0.098642101029614	0.452280682660768	347
-0.010677113174322	0.545938636008359	347
-0.069931679097041	0.584618532666536	347
-0.108784245636259	0.429047076098716	347
0.00267550753381896	0.747394264727359	347
-0.0765349685119	0.72954302915873	30
-0.111442360691816	0.703892158905524	30
-0.09851957894609	0.501109597951639	30
0.011530071800126	0.540182077812983	12
0.090571056175614	0.808855077324271	71
0.046305343194414	0.278756957865266	71
0.042595973157626	0.279029471185379	71
-0.030787648698678	0.170475170397049	36
-0.11462934717056	0.157114309054217	36
0.12078273728821	0.282855462740182	36
0.036367615294073	0.275097339638026	36
0.030187517181148	0.377148264963926	71
-0.00363280860510501	0.452367106083353	71
-0.028322446560491	0.767166673794839	71
-0.112951775534906	0.154418887710246	71
-0.029413832966949	0.172818763268529	25
-0.026086955914055	0.267568775805167	21
-0.026237659060502	0.264691033849774	25
0.032219576831958	0.264707052248942	25
-0.118625748284016	0.156401863873602	25
-0.02479154844754	0.174086333588503	7
0.041232239153472	0.279169289790194	7
0.0707386154166531	0.484685227040214	40
-0.021628496031366	0.504135903379512	40
-0.030449843442321	0.168128956126301	40
0.120712869718874	0.290330747439082	40
0.085895984845668	1.28680445248483	17
-0.059347805033108	0.686299186615845	17
-0.124553414248224	0.594633677680733	17
0.07838000808618	0.89704813993613	17
0.059273355929116	0.48414782994337	17
-0.121357507890085	0.36064287205255	17
0.066977941299924	0.563065262864455	17
0.11129774279314	0.605799058332783	9
0.069881714281007	0.77069815084927	385
-0.107456523881184	0.801391489308269	385
-0.036698485265936	0.735360698368002	385
-0.090247372285109	0.809555815987181	385
-0.017216701310938	0.532711138227702	179
-0.051863175585046	0.615338148066623	179
0.027803115229069	0.934911384728465	179
0.099673696391953	1.0291536115268	9
0.084555572532657	0.502345237524012	347
-0.078292222977268	0.583468394554867	347
0.120342809637476	1.14088902657585	32
-0.034282202703396	0.802622597404931	30
0.010106723706151	1.06222838705512	30
0.03677012888244	0.274208809211784	30
-0.019569106599855	0.662665463538526	71
-0.019841607108566	0.26850409291732	36
-0.048166427718459	0.442553053600594	25
-0.066951171271548	0.259005560156235	25
0.04075550242024	0.272236653858907	25
-0.109907837900198	0.155095782934507	25
0.098512905949618	0.576696621545867	174
-0.045495905526017	0.368856799826098	25
-0.02877631167436	0.173644512897175	25
-0.030787648698678	0.170475170397049	25
-0.124198603434929	0.151516954174281	7
-0.117963442428011	0.156497220770852	7
-0.113657889799439	0.157858515534477	7
-0.031646132986729	0.366159625832957	40
0.021349480679382	0.475835481592033	40
-0.050813494623176	2.06079961718633	17
0.036408847537552	1.83987085973132	17
-0.041125746604475	1.09788361695229	17
-0.093079663385902	0.7106183150269	17
-0.050185418901961	0.798514153629375	17
-0.057856981235877	0.517670258382687	166
0.079807346019146	1.31324701140397	17
0.030859640403168	0.778333104021562	17
-0.00694247563429301	0.551151953079264	17
-0.079933867687953	0.368317728717794	17
0.113910116923279	0.511140541367912	17
0.088202162258506	0.715793324513149	17
0.071328920708488	0.668314707062386	17
0.087760958457172	0.574061072755601	17
-0.051241893279724	0.353506240769826	9
-0.11462934717056	0.157114309054217	9
-0.035961617537317	0.655192485658541	385
-0.030050643649408	0.524610789643435	9
-0.092157538847132	0.613862094616131	179
0.099351234122982	0.997583532724431	179
0.091455180175236	1.35576943809456	9
0.1062376221165	0.742461753381157	347
-0.112070020780516	0.431026459978708	347
-0.00502619135260601	0.621920336751341	347
-0.076589006973208	0.580337115825466	347
0.048014013450261	1.00965675623718	30
-0.106741381206648	0.572204279621362	30
0.104684947437992	0.791255980576883	30
0.078233633162641	0.72965035733737	71
-0.014637935019309	0.626601498354649	12
-0.015767328917673	0.459462779239273	71
-0.076825175418573	0.33949816329588	71
-0.081653155994776	0.365707703746015	71
0.000544525721357991	0.548947921189713	25
-0.030354890000504	0.37079222597309	25
0.063091024069338	0.353157908682645	25
0.075571683756133	0.386214542174266	25
-0.070781166902121	0.260231018061992	25
-0.029413832966949	0.172818763268529	25
-0.124906980441173	0.148557717557637	25
-0.118316174335936	0.155498649868734	25
0.033381758527708	0.265224302172952	25
-0.026334577721339	0.2611711826812	25
-0.028441873937004	0.173900761007562	7
-0.025098699439262	0.174305828211983	25
0.044313943697623	0.4828851899216	25
-0.034128317899022	0.17006053637181	180
-0.029078788846085	0.173073255821478	7
-0.119792104301872	0.153958688203184	209
-0.025434025034098	0.174050129956977	7
-0.068389480717872	1.98749830389802	17
-0.054080687184742	1.18061763957949	17
-0.056594037369922	1.19865891358805	139
-0.053953161917331	0.926016292133884	17
-0.110980533277874	0.673320929068826	17
-0.050212993437459	0.697592532102274	17
0.00253322337963102	0.476267775013557	17
0.085700382368524	0.775496936842777	9
0.0292754729340921	0.782423126506872	9
0.055881698741071	0.560885483948319	179
-0.022685030023526	0.443746198634423	179
0.026254256613958	0.995522506494187	347
-0.062596751900946	0.591329694082584	347
-0.00473277795271698	0.840563986446879	347
-0.019640637564352	0.614477645806869	30
0.105652968355389	0.654357737157632	30
-0.086750280693458	0.56948176776171	30
-0.050407593729379	0.663994588470112	30
-0.042200112522674	0.494345236262297	71
-0.053142989154869	0.352365766318952	71
-0.031909966838951	0.467696409628394	71
0.072573252161501	0.479971563305179	25
-0.065287859928776	0.257257084312254	25
-0.112389869414694	0.245919089674144	71
0.076037032893313	0.386949725857276	25
0.037199203403537	0.274673969788445	25
0.110956161289987	0.496348613082988	25
0.120677896305113	0.28515091989851	25
0.037199203403537	0.274673969788445	25
-0.118273208503661	0.155900053042255	25
-0.03544804314891	0.359403129463853	25
0.041553753586672	0.281472972707066	25
0.0765550925651191	0.384443765396875	25
-0.108495111051045	0.242660615596416	25
-0.114503424273895	0.23851332927907	25
0.079998279873724	0.386665533443724	180
-0.118978376095057	0.155402003494633	209
-0.117654391619483	0.15451194542219	209
-0.115335219437918	0.156614993594426	209
0.04655010722242	0.485733956546851	40
-0.036799900601556	0.159362578692434	40
0.0379185734231	0.27611373602271	40
-0.00549645289455703	1.30921382736369	17
-0.101578307076184	1.02641603142197	17
-0.099843912542762	0.600196587637201	166
-0.00347158451542501	0.601064429189795	17
0.100286565854193	0.590706831209665	17
-0.107209447376472	0.854684046607599	9
-0.049458260069648	0.851775342611387	385
-0.092663567469611	0.756730924895883	9
-0.066353455909071	0.652730519898331	179
0.015323515926021	0.793544980576547	179
-0.016452322037974	1.02665802887945	9
0.00736193826718901	0.609805427764928	347
0.083938300842455	1.06838898010652	347
-0.015834683737018	0.664429786963461	30
-0.112629030275411	0.587346785525626	30
-0.052446276552472	0.691267619439497	30
-0.019938551000349	0.688010829559771	30
-0.093545778302883	0.368224466694933	71
-0.049427703014205	0.356588949702151	71
-0.028286884482695	0.256546600143071	71
-0.108024023336937	0.249146471505106	25
-0.029939826094463	0.260278171970001	25
-0.027492516736473	0.169428702216176	25
-0.024324688461968	0.263246802812408	21
0.036802555662484	0.272143887116968	25
-0.012035056957392	0.362173915210259	25
-0.01163807602184	0.361351533468249	25
-0.02726267877552	0.265573192056132	25
-0.015784777004982	0.351902096563693	174
0.123217539394531	0.311281622871489	174
0.045984290620968	0.274977484675465	25
0.119987267656234	0.284338809014822	25
-0.029413832966949	0.172818763268529	7
-0.036505665850223	0.161904522873294	7
0.124772770298551	0.193637018333257	7
-0.010285370328669	0.36268062320788	40
0.075179716199539	0.493512144699603	40
0.029924511343745	2.02176462735442	17
0.016593645208706	0.967079721889332	166
-0.021358532952696	0.530266100904252	17
-0.066494615397337	1.20755438173124	9
-0.090036972204668	0.436866680541807	63
-0.090657972035236	0.797008006294375	9
-0.056173792725004	1.01221183910902	9
0.049702892515512	1.04244381689473	179
0.0887168921107731	0.575634512190705	22
0.0582396643951461	0.91837936346505	30
0.00618613128735202	0.930615235311665	71
-0.067708423823151	0.815927951252496	12
-0.01172182781669	0.622120612406386	71
-0.061021632002023	0.257386995016694	71
-0.10601450494799	0.436668797112818	71
0.111083733222999	0.478221420550943	71
-0.081705407585737	0.367903019358317	71
0.0364164592044089	0.612189497143749	25
0.09408204701614	0.88076692955684	25
0.076818868283632	0.388679568466127	21
-0.030527057592785	0.256735048609329	686
0.037492998726246	0.276883702765847	21
0.075055210153115	0.473851778971475	686
-0.026237659060502	0.264691033849774	25
0.0256504192473021	0.364354882507955	25
-0.118316174335936	0.155498649868734	25
-0.119443980543202	0.154530039605557	7
-0.029693633205376	0.169510793978325	25
0.074790377555942	0.38270530243834	25
-0.038182242002686	0.351651776381447	25
0.119673135942318	0.502589748965168	25
-0.118316174335936	0.155498649868734	209
-0.027492516736473	0.169428702216176	209
0.123493832958361	0.197795733894146	7
-0.124246920166802	0.149678560024963	7
-0.118668994365155	0.152173718727342	7
-0.02479154844754	0.174086333588503	7
0.121403848080645	0.29117708249682	25
-0.02877631167436	0.173644512897175	25
0.011895985393958	0.552721947748855	40
0.043073174816695	0.281025196494263	40
-0.115020203672419	0.564994013413987	17
-0.092297810191986	0.665412645711632	17
-0.100737789252166	0.593306688940203	17
0.014759450094158	1.00317312514208	17
-0.079709995580232	0.683871330557856	17
0.00208027842874903	1.08090730585615	9
-0.074259990542183	0.24893413665893	63
0.023812546666766	0.947969987708247	63
-0.036421129010294	0.540259269481683	385
0.105846467273177	1.09921811980256	9
-0.054809669983435	0.700974892468628	347
-0.122176317353302	0.538923832398584	9
-0.094091217544297	0.532589788442063	9
0.075580246116679	0.889291459956579	30
0.000529847488775048	0.770857302296911	30
-0.039162462836547	0.607589312670524	12
-0.029487630738863	0.531002848573392	71
-0.111342941874538	0.52124048022024	71
0.00377318638416602	0.471454015964546	71
-0.119613042630088	0.358586538886391	71
-0.00225618447127601	0.365505167837168	25
-0.076424625559299	0.3668411516749	25
0.025674149958159	0.451305196159424	25
0.030777591420236	0.480972712829803	25
-0.100226313562126	0.361969956923229	71
-0.051861117042763	0.367020868887907	71
-0.042544033004841	0.445958602309769	25
0.113815584525011	0.569077354242405	25
-0.047604974139687	0.360149179587903	686
0.010674967481034	0.47396406161537	686
-0.071259918652769	0.368956121570769	21
-0.11933109197843	0.152072672189953	25
0.114134026313899	0.492595605428035	174
-0.117890538903994	0.232660511124165	25
-0.006805598853797	0.374587919802268	25
-0.00140382021840502	0.372074627335955	25
0.047027896315644	0.27889303005266	25
-0.114592357957885	0.151672938971831	25
0.0259925846951919	0.362298999674414	25
-0.02479154844754	0.174086333588503	7
0.03896157247219	0.272446997392083	25
-0.028441873937004	0.173900761007562	7
-0.118625748284016	0.156401863873602	25
-0.118625748284016	0.156401863873602	761
-0.034128317899022	0.17006053637181	40
-0.020458084685342	0.168399385043788	40
0.03262684624743	0.265082324580891	81
0.08163109527669	0.645266879244109	17
-0.098296068503389	0.582550771305928	17
-0.120854650545092	0.788952495599352	17
-0.059757066531911	0.883764209783602	17
-0.102386159089742	0.723414786682273	9
-0.120467128777208	0.504997604432818	63
-0.086517355387796	0.650432429977347	9
0.109074502354192	0.972639695913077	9
-0.087043427176124	0.362916176676639	63
-0.069460170926457	0.260210458278827	179
0.094417962603065	1.07274678342161	9
-0.107068936617252	0.424254995665537	9
-0.051845843853902	0.454788910606818	9
-0.099782010811455	0.442415422087537	30
-0.121104093635062	0.439423814527621	30
-0.025718940962791	0.591389735743841	30
-0.099071005579138	0.570172354822662	12
0.076454582013	0.734487284447849	12
-0.013629435483434	0.346171430597364	71
0.123765515772037	1.06587192028118	71
0.091368454218414	0.69254121251079	71
-0.035400715015025	0.52043662684122	25
-0.101383348835632	0.426969915772751	25
0.060724140526819	0.581855447301156	686
-0.013984735181649	0.539788514941922	686
-0.111447201590742	0.367378478330758	21
-0.026892775707823	0.459743146839125	21
0.112413129258323	0.685823709416987	21
0.038678893511034	0.377403220872926	25
0.122422465109623	0.737323774405871	25
-0.048149659701032	0.364093468670733	25
-0.071213414234826	0.359870942508056	25
0.088054074359711	0.58033672690012	7
0.0275870739412279	0.374809169764312	25
-0.00100621972941001	0.370622497876446	25
0.026347691672706	0.364489316453125	25
-0.114319852295734	0.158428137895593	209
-0.010568631043123	0.352936157652303	25
0.080149112795018	0.389296654176163	25
-0.028676500652565	0.372455237143489	25
-0.014820062222786	0.339390256500152	25
0.124321293358932	0.291358223491368	24
-0.104437357766448	0.491055842252448	17
0.114134321324916	1.62028700445041	17
-0.010855361595429	0.957498993508462	9
-0.115656036222113	0.595029398474858	63
0.098413730104304	0.828498741124691	63
-0.116632326840988	0.568058960326981	9
-0.088287403657818	0.569472628495106	9
-0.124963870950343	0.426356533947633	9
0.061314434393859	0.660435591046266	9
0.121362832101701	0.975856019223756	9
-0.101292498420857	0.370244347553092	9
-0.02560328269255	0.261855382172365	63
0.0434723136132	0.275091660563614	179
0.068805009901649	0.813388598432208	9
-0.023483734968231	0.37183334133087	9
0.081676388468898	0.488790864168242	9
-0.037296784353777	0.448742257227669	347
0.089264140881077	0.597838618188476	9
0.113684119970338	0.606193497151225	9
-0.118978376095057	0.155402003494633	32
-0.122905695933094	0.354328617480723	30
-0.065896894279405	0.526780886965131	30
-0.099588604750114	0.47447305461385	12
-0.054735193624667	0.590740528417215	71
0.064521515690973	0.846274663757993	71
-0.043775869219654	0.582448646065326	71
-0.071829747702347	0.351883460845462	25
0.017988827421749	0.560563167758517	71
0.023361705145533	0.472077923268768	25
0.030030397193511	0.70778589878947	25
-0.00756099386521098	0.616378918857084	25
0.106726422948918	0.739406682901782	21
-0.062461659763125	0.445158147678544	25
0.025790659937095	0.639677857057511	25
-0.039950628525808	0.542817323789393	25
0.00734255204631895	0.476266774335645	25
0.124133365026761	0.197625616439368	25
0.078577997617392	0.62394561539702	25
-0.037853685191326	0.452982687686019	25
-0.118262579389834	0.350572791068695	25
-0.054640683645751	0.444244552205568	25
-0.03380428805409	0.46164598590857	25
0.039036224013886	0.276641593348037	25
0.026551899253677	0.477031531375089	25
-0.00961642770018201	0.355900265709019	7
0.0712962769312	0.376332309090791	7
-0.051243179666623	0.366080549085446	209
-0.111067176665078	0.351796323857658	25
0.038941117924165	0.2771188812206	25
-0.073924777770752	0.252100853974111	25
0.0728686146294381	0.368931384163915	25
-0.060559915006451	0.255059771604852	25
0.100996267460377	0.476467292992952	40
0.082329174646571	0.375473575018072	40
-0.02847052516916	0.258349635342101	24
-0.100575652029364	0.34502476852482	63
-0.026175648968752	0.600356434255589	63
-0.122385992776211	0.476139625257749	63
-0.112976451518019	0.594531427047161	9
0.00239227806828601	0.378035628278175	9
0.067240717587869	0.580153821058406	9
-0.069460170926457	0.260210458278827	9
0.053760371388314	0.872271977763431	9
-0.00132483322669202	0.369584499683633	9
-0.00549933498794703	0.698890920658459	32
-0.08288688670341	0.368873691091316	32
-0.009810422355232	0.358186769226721	32
-0.083429134371439	0.362438944343355	30
-0.082679973262021	0.544696598685669	30
0.047566448757786	0.519598857351009	12
-0.043864899929764	0.620343389412984	12
-0.069101844802282	0.445221920646707	12
0.1142499838676	0.931083837861534	12
-0.124071902997178	0.356492987347689	71
0.00352773211464497	0.472266689899328	71
-0.02950650533238	0.734038663227314	71
-0.029258635872906	0.451530229460584	25
0.034242873160849	0.492207106174161	25
0.060692190083426	0.642473257805413	71
-0.091764566651459	0.491204106347335	71
-0.083221881617492	0.448886112255415	25
0.042258117744398	0.783357017242649	25
0.053595053247729	0.656254490774929	25
0.070765087395639	0.59305627836945	25
0.016803916012779	0.35365598921385	25
-0.025058706617319	0.531787182790499	25
0.00463624582746103	0.46592428014571	25
0.029535567960288	0.485857934302804	25
0.111911218027896	0.49608640628042	25
0.00704015623057197	0.479728506959122	209
0.082171199818175	0.479462519027485	209
0.081048222584445	0.58548488465697	25
0.07623928013744	0.390104812348185	25
0.072594608487859	0.390377273900599	40
0.079874717215793	0.382854394685163	40
-0.025794945786422	0.267227743350938	40
-0.11462934717056	0.157114309054217	40
0.064265565111447	0.364473928067245	24
0.073481681607939	0.378009035785557	172
-0.071333609703434	0.609060031314912	17
0.109723315999605	0.747728103886016	17
-0.119085866334968	0.602693619996873	17
-0.035528812465911	0.688175327325741	9
0.077079266059722	0.712756128646406	63
0.018375536158152	0.632206145539279	9
-0.048400989729646	0.360888075764704	9
-0.123892135436319	0.503507470446945	9
-0.105437404380474	0.449957575154809	179
-0.080165726556805	0.650411585326671	9
-0.082594546571298	0.586510029135462	9
-0.113456259234732	0.42729266932609	9
-0.00332527675420502	0.378775282960335	9
0.114895522008374	0.880996515354483	347
-0.041639458067782	0.67103356965767	32
0.043351937380343	1.00736833692008	22
-0.00557438627839102	0.350794503639577	30
-0.047497144319463	0.657233760665725	12
-0.065092244954607	0.560230809006626	12
-0.010062338763871	0.61817196884324	12
-0.004074655751588	0.600660449535543	12
-0.037873693191135	0.468502344262865	71
0.00359261760160501	0.613439700829327	71
-0.088616733309345	0.510145760286382	25
0.02835025764761	0.566508088713492	25
-0.101345741132514	0.350929594337671	25
0.03856469693289	0.563049701690717	25
0.0791804812699	0.648657019694248	25
-0.029748978736977	0.16905111959911	25
-0.029512062075877	0.167755187394558	25
-0.11126243265681	0.357645649738573	7
-0.0925103887549	0.368000308709093	25
0.021519229976342	0.634640613438247	25
-0.081519614122011	0.358117436813734	25
-0.023396077482985	0.516322134025426	25
-0.110615939854597	0.246330819278778	25
0.082349547413516	0.558038925381418	25
-0.070456963868738	0.345837567093314	25
0.038930089787289	0.5714543764773	209
-0.063839858211358	0.366573884672618	25
-0.082060458904889	0.369699579343827	25
-0.094416428625874	0.252248835435801	25
0.02924113530892	0.371911528631573	40
0.105772394879208	0.477637273830157	40
-0.036241615308809	0.354524090175702	40
-0.120304029045502	0.150972752389564	40
-0.067972568249841	0.258201890866992	172
0.041060887352404	0.561711672052796	17
0.09539259060017	0.599327818537692	17
-0.078027540902484	0.252091898645156	166
0.031652113590665	1.0499591641834	17
-0.081969712753792	0.630970727901109	17
0.110420897516042	1.25727282239996	17
0.01234785591504	0.662913229657174	9
0.037004215443636	0.457307602083925	9
0.04501223103191	1.00541118525283	9
-0.090026255507441	0.475815193401675	9
-0.024910037359367	0.655354139185435	9
-0.008914073665026	0.620365656082104	347
-0.118396187262108	0.348941737424503	32
0.073351859965146	0.490319121602075	30
-0.048163033667948	0.453235883723961	12
0.121450676761845	0.798659351424595	12
-0.08732263402866	0.484026879231645	12
-0.02235618695721	0.449258734898939	71
-0.068043466884001	0.658795335474906	71
0.0238108692794951	0.902682910048656	71
0.078444282559892	0.895958805111038	71
0.082271356499623	0.471620313851603	25
-0.073007891120858	0.251845852982485	25
-0.075240031548043	0.367681223691347	25
-0.089742608890496	0.344325193367628	25
-0.041018302674138	0.578190400701944	71
0.115190645066076	0.493438395738361	25
-0.096765372539839	0.427050851350501	25
0.102661260123072	0.779209168387671	25
0.0832618387640121	0.581255121191174	25
-0.096207755484752	0.364225098169272	25
-0.06763856219603	0.448791218228046	25
0.031788660964339	0.635687772852586	25
0.0379185734231	0.27611373602271	25
0.049527014039047	0.27029541124497	25
0.00209644557631195	0.366918540984424	25
-0.068090962520573	0.365015801701637	25
-0.067000821555333	0.371057068843179	25
0.048560591641906	0.644754125669386	25
0.062539982326614	0.706605694599797	25
-0.087701668273131	0.359187447718972	25
0.11764456156637	0.579946000751123	25
-0.109124766338882	0.245438934885645	25
-0.112862567779058	0.242967517699766	25
0.035688169288655	0.263080530853842	25
0.065460463957153	0.357973573389823	25
0.033826561869399	0.472291781159829	25
-0.035740839847714	0.246865181996455	25
0.041154696164633	0.27881268979787	25
-0.118273208503661	0.155900053042255	25
0.07623928013744	0.390104812348185	7
-0.110755216801844	0.250585283398091	40
0.046305343194414	0.278756957865266	40
0.078199064318016	0.488252857875494	40
0.04187493988501	0.279711755469176	40
-0.09760721486456	0.571080747385357	17
-0.089147430561432	0.551409681939624	17
-0.122176352782417	0.766918182033401	17
-0.070821146688942	1.00617168713911	17
-0.068382756227266	0.567876075601226	17
-0.082785613879507	0.751411008029888	17
-0.00678511965586098	0.856024329604478	17
0.067323850391619	0.727708250502512	63
0.00403107712546602	0.624314011575289	9
-0.057528286266283	0.560509816654156	9
0.072745023470101	0.384605718257948	9
-0.058244126929231	0.665255526482294	9
-0.04486668200983	0.751431476729917	9
-0.030787648698678	0.170475170397049	63
-0.029693633205376	0.169510793978325	179
0.043661116293309	0.262309661148709	179
0.027835960569997	0.375700232191061	9
-0.038277159390012	0.644656711540163	9
0.048079225846509	0.479655312971464	9
-0.032901859488268	0.370196835365154	9
0.068519083891332	0.587344674360035	32
0.099080136787946	0.594901175289788	32
0.07979006063522	0.742069920762309	30
-0.055185636394222	0.521888381883644	30
-0.045706552606433	0.370372893001896	12
-0.118034513333133	0.151846156453999	12
-0.039144067970042	0.443386351329548	71
0.080029095622708	0.389447949903228	71
0.00931430647322895	0.678374187583345	71
0.076037032893313	0.386949725857276	25
0.018539277643932	0.683182437424683	25
-0.099548968105432	0.361821016199627	25
0.075399723043357	0.731421890965146	25
0.113304097690492	0.68674073298369	25
-0.092054981241929	0.50963826330787	25
-0.026903788407661	0.530516047545037	25
0.0866123760813991	0.734161250957082	21
-0.102718225521856	0.36908195444806	25
-0.123184173069933	0.150301068507796	25
0.020942500340995	0.354786469787805	25
0.069258795567315	0.379409224580712	25
0.101569997874185	0.655474647361023	25
-0.014744390609391	0.472175238176814	25
0.024822451068051	0.560711769039916	25
-0.039060007079782	0.35238628248563	25
0.069576445817539	0.376922174127801	25
-0.031947129618751	0.36667290509419	25
-0.024729231614745	0.26281149041328	25
-0.026971451981468	0.264539257528914	25
-0.113613947357624	0.15494071056255	25
-0.108024023336937	0.249146471505106	40
-0.00507951291057601	0.375206223535833	40
-0.019841607108566	0.26850409291732	40
-0.068256802384261	0.258981978523187	172
-0.00276177178988202	2.37703194752086	17
-0.030210438571439	2.04156721519488	17
0.042611400636692	1.149229839931	17
-0.100046515733358	0.255102520423733	9
-0.080718927213312	0.341220587092566	63
-0.028002452275889	0.7454556848459	9
-0.027164373989844	0.515780882775169	9
0.085058120974031	0.575038122056305	9
0.074236372364921	0.728416074222106	9
-0.044010684712286	0.74365111958056	9
-0.028441873937004	0.173900761007562	179
-0.056459269467555	0.527176554920755	9
-0.082370963819225	0.806580778366269	9
0.078184070257459	0.489310334563209	9
-0.10044738470165	0.515097340410764	347
-0.100857965894753	0.253537766182395	32
-0.077566486700002	0.251856540653324	32
-0.102540997837079	0.434748763710986	22
-0.121919823237963	0.253315691447119	22
0.114007329648679	1.00791626165813	30
-0.106605693852429	0.424299025766905	12
0.012010943121641	0.52955242840737	12
-0.094031094838151	0.441871558861645	12
-0.114674398848658	0.564945921903407	12
-0.021192243547233	0.593423509189928	12
-0.014937087629263	0.693965216140392	12
0.031714402688004	0.559588770231829	71
0.017944970032309	0.790855191039954	71
-0.099629750061834	0.513206770124433	71
-0.04116873509139	0.575113831455525	71
0.101785838296178	0.829752190823139	71
0.0197621059959791	0.359796988254186	71
0.095081943136673	0.672358623912397	71
0.073662931235181	0.664068099233742	71
0.038760458735009	0.649612201105296	71
0.0212547238663749	0.5447272089156	25
-0.105580006123143	0.436721958345653	25
-0.053614693076655	0.362955488261025	25
0.108595271350448	0.749829818463986	21
-0.030804710000395	0.457202702639355	21
-0.00714219126334598	0.450255811016441	25
0.016058571317872	0.474659322306858	25
-0.031244018937183	0.369858715063187	25
0.06646521504356	0.646470153851335	25
-0.069124789169839	0.351133561637892	25
-0.024216635027366	0.373160213817473	25
-0.123232841586817	0.152558557205109	25
0.026778522011124	0.36483208289056	25
0.103203071991998	0.481340278545043	25
-0.107404081318778	0.244976806431748	25
0.12007802854871	0.597118434864663	25
-0.099320119392482	0.250155715985401	25
-0.109325707917785	0.248494958950834	40
-0.066208651670735	0.260523362797263	40
0.0421590303010549	0.274981139624092	40
-0.118668994365155	0.152173718727342	40
-0.026114501396763	0.248746978308977	40
-0.026086955914055	0.267568775805167	40
-0.025897862611339	0.262420396715526	172
0.0955082596788101	0.982652040259245	17
0.112095231736383	0.729785124343146	17
-0.077253000982117	0.517387751100098	17
-0.059237157574792	0.789867866941004	17
-0.022039247713875	0.747138228816658	17
0.117356670246294	1.10472770884646	17
0.041511307834888	0.947315440421951	17
-0.105363536731303	0.43821583548907	9
-0.042524391357355	0.666104532474493	9
-0.045191030690949	0.75932941123675	63
-0.00666822273946399	0.545890397421634	63
-0.122181093467036	0.151851436230779	179
-0.08033749631928	0.515853933682244	9
-0.081873203316266	0.359613740586685	9
-0.049371818769619	0.868120341933244	9
-0.058413174084216	0.687813923295622	9
0.018308087394729	0.704997866493889	9
-0.065441320210101	0.369746325851449	30
-0.107270339097377	0.364592992393606	30
-0.052865474557645	0.724293602268745	12
0.084632672685214	0.868303607837198	12
0.060472869095668	0.575375671405841	71
0.022415258700657	0.475806449046171	71
-0.087948311711724	0.572320168045911	71
-0.119443980543202	0.154530039605557	71
-0.088680409647354	0.435738941173625	71
-0.007952066140686	0.534055391801461	71
-0.098946559991476	0.358334014485631	25
0.049297124420699	0.643716943171398	25
0.00278940519577697	0.548446095478886	25
-0.098200022859681	0.424577417386254	25
-0.062647572319328	0.525100602678029	25
0.026972995490077	0.658327255271889	21
-0.092240090535038	0.511033434423283	21
-0.110590235081438	0.505790035938497	21
-0.010792098486864	0.607968389575379	25
0.0816957044966991	0.479426312679367	25
-0.099760095042198	0.255233860183277	25
-0.106055084396748	0.250980824825876	25
0.121624163647444	0.611659602186622	25
0.03372168574436	0.469757101261495	25
0.010721091912087	0.482557927524561	25
0.056587319726723	0.570676000837792	25
0.0183322454556421	0.344580224798058	25
-0.025352385523439	0.267717665978132	25
0.108171592721025	0.676139557629172	7
-0.02847052516916	0.258349635342101	25
0.02905921816179	0.358899582764696	40
-0.11462934717056	0.157114309054217	40
0.031553404781171	0.382671703702599	172
-0.107966366586251	0.814418126577217	17
-0.096658983331984	0.545847334812907	17
0.123988535725001	1.18613595313229	17
0.0591401505968761	1.19110353286529	17
-0.09642476455858	0.521757606375224	17
0.114467025041399	1.53166777805415	17
-0.020679921718891	0.864489962073269	17
-0.090879076165241	0.514012010538768	63
-0.088219472637503	0.639958278529137	9
-0.057365520530281	0.509516256963634	63
0.055628457545496	0.710245068388757	63
-0.058450040190659	0.509189545586977	63
0.042996012414088	0.281683533635359	63
-0.029683782728734	0.255006378305809	179
-0.100358181610399	0.359509315177496	9
-0.049099953105724	0.531013692888198	9
-0.099750185908173	0.55595489809935	9
-0.095552954448631	0.450539926212303	9
-0.018210419084941	0.515232309430187	32
-0.067650991662071	0.535504882932591	30
0.112405929753426	0.75491071759949	12
0.015791692321533	0.53776918269844	71
-0.036975411031123	0.688995897824696	71
-0.110654645923485	0.514176276879131	71
0.110142133965347	0.828022771370868	71
-0.071804897438132	0.434001319904254	71
0.112880236001387	0.680460433913256	71
-0.080693686497305	0.438848627662205	71
-0.025337902245817	0.460797212379523	25
0.047271237530272	0.568902347934552	25
-0.109099140308938	0.353899787358373	25
-0.018850319554724	0.461921951829519	21
-0.124552747526233	0.151289265075405	25
0.026504151781207	0.373608010743559	25
-0.00177978467030099	0.366277881528078	7
-0.06147149684386	0.34727673578826	25
0.023812532766568	0.368676955328601	25
0.04339591485552	0.282131304679604	7
0.080464764200203	0.389568972069208	7
-0.117301555479459	0.15549131738934	25
0.124443002209963	0.292918897783287	25
-0.11321813745915	0.245626838886814	40
0.073693750389355	0.367173593754824	40
-0.105112576939192	0.256523619755864	40
-0.017162891285451	0.268549510953759	81
-0.02479154844754	0.174086333588503	40
0.0455835783051129	0.276657101383866	172
-0.108495111051045	0.242660615596416	172
0.086240204095931	0.898449092443052	17
-0.112420395908703	0.607327851684525	17
-0.066083933436922	0.784492409140887	9
-0.058308930065593	0.340343646057463	9
-0.10109313412077	0.531528096046504	9
-0.021945427863167	0.688348753985917	63
0.011855629752086	0.760071579201381	63
-0.037766564927862	0.600783866164498	63
0.00385695939516095	0.467151370845157	63
0.065054853186444	0.580774890736941	63
-0.117883303682867	0.507358717503106	63
0.026061602745748	0.380317091321691	9
-0.062634595462401	0.365299405385214	9
-0.042539003349797	0.683851833970011	9
-0.040030944607724	0.534055359815132	30
-0.045333027855459	0.607644032931187	30
-0.093396188863633	0.594927175105077	12
0.00196473781709094	0.698899740985514	12
-0.032468361468906	0.749230846694278	12
0.000181061429887053	0.539204770427627	71
0.048476292059543	0.860763506135164	143
0.00123178580157401	0.475502854950922	71
0.058186833346398	0.63730448256366	71
-0.120582982835844	0.438086838087982	25
-0.080993472847685	0.438953074568868	25
-0.111400330017652	0.357378781145223	25
0.00947073363392203	0.479235253441553	25
-0.071409215217288	0.358450482543206	25
0.00338421348214302	0.470391495704075	25
0.082060401615904	0.570435763362971	25
-0.00602113844935498	0.36542639957707	25
-0.025308991604232	0.258506618894017	25
-0.118273208503661	0.155900053042255	25
0.121403848080645	0.29117708249682	25
-0.118736636034454	0.15233101831154	81
-0.119443980543202	0.154530039605557	40
0.119726157692025	0.278882148659869	40
0.0282831379076171	0.258855973601707	40
0.038241109058168	0.273651889041503	8
0.114834635963918	2.30070278064597	17
-0.068522888565289	1.18341660222651	17
0.018823190597824	0.858964066936269	17
-0.118973897156844	0.523942481461967	17
0.059911496915789	0.650992179632197	63
0.0198754225039099	0.875852674900871	63
0.046756041891963	1.11430714730601	63
-0.083723816437811	0.699729558779841	63
0.012538876187591	0.633501211260781	9
-0.082652283874923	0.510553295456078	9
0.034487235791983	0.909693563903709	9
0.036904624972961	1.02425040502718	842
-0.114369077049215	0.647626483168255	842
0.018290720827055	0.853278956486212	9
-0.114413082630311	0.66176099460261	32
-0.1149498711432	0.656938211549208	32
-0.024232343256589	0.671154318691131	32
0.093041711067139	0.885841740285106	32
-0.092936651300772	0.611246948510127	32
-0.093507861952571	0.540729110662148	22
-0.00211089845092999	0.703865660214836	22
-0.045023901634072	0.799023563944344	12
0.02511253043293	0.713530457946454	12
-0.025342619118738	0.602695655555515	12
-0.123107858813798	0.486387145507549	71
-0.114024930139565	0.34948637169763	71
-0.035097576454051	0.459972650075146	71
-0.087254745460324	0.427925712945015	25
0.079385124797706	0.50201761302102	25
0.113656655117675	0.496319378808483	25
0.025750666379422	0.481992026579072	25
-0.061665291992634	0.253698730879091	25
-0.06469232580268	0.365147456632686	25
-0.022477431675832	0.268404057147586	25
-0.038465256453425	0.350893182271703	25
-0.050735328857033	0.464346303649869	25
0.079682939780484	0.388559161747719	25
-0.020451813245489	0.376705117707384	7
0.022567041856289	0.366171033945316	25
-0.111987277164398	0.247308557158083	25
-0.021891911621046	0.265603643462312	25
-0.117654391619483	0.15451194542219	25
-0.114672937136438	0.157413748425412	7
0.027598935490215	0.368737942747321	40
0.000345233567727976	0.372539075058776	40
-0.105065586099038	0.253469658525595	40
-0.080761571857852	0.369693486695804	8
-0.117301555479459	0.15549131738934	8
-0.087789233335421	1.61681234106834	17
-0.122419215235344	0.844314876609429	17
-0.00661060205651598	0.726538726201086	17
-0.102509247300972	0.508800921907268	17
0.00906336725452705	0.692738101258124	17
-0.099501076406358	0.754015747932672	9
-0.093600113165816	0.781080832430074	9
-0.006752933168298	0.691694233434055	63
-0.045647270954701	0.435598215128459	9
-0.00628304828019799	1.05865714364138	9
0.046061611293705	1.00577306531424	22
0.107693114487036	1.16304523703556	12
-0.00555335907567001	0.76575799770941	12
-0.00107454112627298	0.470035374696374	71
-0.00614566096519698	0.365077968171882	71
-0.112745720640441	0.246928391444036	25
0.056005496543742	0.562574622538653	25
0.037521437143376	0.273554577509786	25
0.0259925846951919	0.362298999674414	25
0.071615780020872	0.488070342266716	25
0.072791082300141	0.478680967244003	25
0.029838781602747	0.376123040697929	25
-0.103497711969303	0.252909940450894	25
-0.118742213907014	0.154014976686484	25
0.076037032893313	0.386949725857276	25
-0.035743103268909	0.16327109600063	25
0.042274488031622	0.282388833713572	7
-0.116640089368267	0.152535608099115	7
0.033863758549084	0.271590292117255	25
-0.029078788846085	0.173073255821478	25
-0.015696228294651	0.265641432118685	40
-0.110872780903783	2.48883536174843	139
0.080636907761101	1.1261566335171	17
-0.107056702019832	0.618325251101668	17
0.0496977704386941	0.701636998860775	17
-0.053954203462497	0.559987448807211	17
0.078877580010533	0.968563347033484	17
-0.123542088430903	0.705357948779745	9
0.001108205342502	0.767240202737282	63
0.0690733716323581	0.803735304245432	59
-0.121063522707596	0.510796884388896	9
-0.022888890536681	0.842290553673355	32
-0.070642030091577	0.573627760867113	22
-0.010582649035196	0.776147489988385	30
-0.0403388623731	0.366460123078077	12
0.015996218763906	0.916679311126349	12
-0.035097804368888	0.445712952187403	12
0.122638093770447	0.729567943233384	12
0.029925524534864	0.480078238653135	71
0.018791164198074	0.467594733388229	71
-0.122910994533274	0.338147463128287	367
0.063518671031809	0.581101543527616	71
-0.085427292361713	0.445398478745178	71
-0.070218640785467	0.248144702909884	25
-0.00541466759939502	0.444705954458337	25
-0.106772762364404	0.244868088955495	25
-0.035050493688742	0.357814361085572	25
0.059045932422729	0.498598382953814	25
-0.069888300550903	0.36326030573801	25
-0.041631849413732	0.370603488861792	25
-0.075237907481859	0.245054067952333	25
0.086285610662003	0.38436720069465	25
-0.00244734241262401	0.378233574987567	25
-0.119443980543202	0.154530039605557	25
-0.119090261183212	0.154762044119738	25
-0.119288471122515	0.155184266731623	7
-0.02299513412146	0.257095645416875	201
-0.014355940728486	0.260329830072231	25
0.048072550488601	0.271366024235484	25
-0.030028211657445	0.169266326339887	25
-0.118668994365155	0.152173718727342	25
-0.029413832966949	0.172818763268529	712
0.123493832958361	0.197795733894146	712
0.0288929526742711	0.374597518858953	40
0.037089991522186	0.277797196905933	40
0.041154696164633	0.27881268979787	40
-0.02479154844754	0.174086333588503	8
0.0375957162630221	0.27510369868001	8
-0.024324688461968	0.263246802812408	8
-0.021745874786027	0.269910043751504	77
-0.115768722563045	2.40386781003856	17
-0.064529293069606	0.432600833596028	17
-0.008905344755883	0.472762618453108	17
0.062134504568414	0.572963361036436	17
-0.00789187841564099	0.476664172695708	17
-0.00551473041287098	0.47403275947084	9
-0.048166501817133	1.01935397117691	9
0.050675538870511	0.492978931887553	9
0.114579564920267	1.10591873293816	9
-0.108341140851008	0.246105765155768	22
-0.036433307367935	0.592942517804933	30
-0.049968186199586	0.527429378476878	12
-0.038091517236849	0.454484716956819	12
-0.00585044102351201	0.372339139628485	12
0.076353360719431	0.387939276510766	12
0.096479981392555	0.652315837859449	12
-0.070662856736788	0.258925824146404	71
-0.017654070498873	0.562518988727341	71
0.077707771962491	0.493117474336918	71
-0.066235127621798	0.258299730892755	25
0.04926476961348	0.476594026396084	25
-0.026077264986138	0.170958339585501	25
-0.00804117977375901	0.356021274323221	25
0.119726157692025	0.278882148659869	7
0.119987267656234	0.284338809014822	7
-0.120493845321775	0.151008723428211	25
0.124133365026761	0.197625616439368	201
0.103241589942439	0.4826155993093	25
-0.118316174335936	0.155498649868734	25
-0.028441873937004	0.173900761007562	25
-0.033734190305386	0.35024254943736	8
-0.020763308403577	1.09943167225491	17
-0.00276973420952198	0.370866625715391	17
0.066497079759734	0.365677395825032	17
-0.105563552935713	0.248977885593253	9
0.0336411898405919	0.481330926508948	9
0.04783840224716	0.475448253221865	9
-0.097516343821669	0.361037697908743	63
-0.07986278216881	0.53313153563493	9
-0.117078448110482	0.729913922128159	9
0.0379920943188909	0.273398838612624	63
-0.067702954944131	0.831232651395489	63
0.090408657744957	0.372861796008908	9
-0.040582068005385	0.903163031318147	9
0.098221628854625	0.860604820601882	842
0.061246492589232	0.642793588707977	32
-0.105576616113711	0.726314659293466	32
-0.100621834326417	0.65114814633718	32
-0.086049017624105	1.08997347156811	22
-0.022333059849634	0.26287929368481	127
0.052476392318083	0.495257327140386	12
0.047498382117636	0.487849603679328	12
0.107841758237076	0.477033892949789	12
-0.00714459616368601	1.03735747766058	12
-0.029413832966949	0.172818763268529	12
-0.114276543314032	0.154172478009427	143
-0.03349030871786	0.169259172983608	367
0.070039108327172	0.792223733943256	25
-0.028441873937004	0.173900761007562	25
-0.028107525036302	0.170490516965899	25
-0.117301555479459	0.15549131738934	25
-0.0311255445481	0.167771162660396	25
0.013215275285718	0.563416911607638	7
0.121403848080645	0.29117708249682	25
-0.025742204616955	0.171205487264736	201
-0.124906980441173	0.148557717557637	7
0.026992912577557	0.638243520514481	40
-0.016870698427745	0.26824949696097	8
-0.03036312355824	0.370129742955223	8
-0.109377229639608	0.875709542059604	17
0.0304107334014569	0.664721511161253	17
-0.057059062823734	0.353166306508877	17
0.025317336854581	0.478008958204252	17
-0.012115819215677	0.357866762025891	9
-0.1190657334163	0.712486455144612	9
-0.010116286542961	0.459703728275061	63
0.042831623607178	0.62553113660936	63
-0.076146507592318	0.44024874881413	63
-0.049576026464298	0.361609319423938	842
-0.114626458585583	0.793362454191082	32
0.032518723106967	0.69209942838563	32
-0.108416045500514	0.591578630750972	32
-0.00589552831449203	0.902808387769032	32
-0.011582946183569	0.690483873879663	32
0.120350117859196	0.289968354715218	127
-0.062099203641573	0.571882765338747	30
-0.090816397927882	0.36414993338755	30
0.060658161892684	1.11731600071827	12
-0.104170683931097	0.256286904641915	12
-0.02479154844754	0.174086333588503	12
0.100185016013947	0.808152494932142	12
-0.078767989616399	0.441900367067657	12
0.109690529578332	0.49014443101081	143
-0.022394471684971	0.266170750440248	143
-0.074488312415832	0.258500171639823	143
-0.049283921585535	0.501166414766843	666
-0.072817836899244	0.259180171352255	71
-0.111665695933374	0.151528133412677	25
-0.025127229095696	0.170305793951334	25
0.04008143264696	0.272164171688356	25
0.075607363879052	0.387516869848135	25
-0.028441873937004	0.173900761007562	7
-0.071807162011656	0.255283494785376	207
-0.032853071653119	0.166009532274329	25
0.033061477312796	0.270779912051715	25
-0.110626821087077	0.245186045218201	25
-0.118583687328382	0.151821992210382	25
-0.028441873937004	0.173900761007562	25
0.124133365026761	0.197625616439368	8
-0.00708182846476302	0.353984114149266	40
0.029365944365508	0.376266161592691	40
0.114471582463561	0.589687387273113	40
-0.10838734502739	1.47773131652173	17
-0.084913436367908	0.681125139855514	17
-0.101086191198476	0.762255785590871	17
0.069803440346608	0.782433014107731	17
-0.072082330190341	0.427920298912331	17
0.0820681119394731	0.387044126243605	17
-0.048616564877812	0.512454780655085	17
-0.033175913518285	0.354269177090592	9
-0.027384848317195	0.530424655708501	63
-0.03473284674296	0.364717533419659	63
-0.00602113844935498	0.36542639957707	63
0.081632242586455	0.488695647868518	63
0.053964452807385	0.710386341131926	63
0.124614416526648	0.656657518050778	63
0.073936843277441	1.16082504722116	63
-0.066865763131905	0.726680353917679	9
0.012700337926395	0.55078722634669	842
-0.016396323469126	0.527276612518747	842
-0.11522752252115	0.367715420641183	32
0.016401334864526	0.465951958257744	32
0.1137636022437	1.61323015483479	32
0.029088910393946	1.11041910398643	22
0.064328246707512	0.582645888191894	30
-0.055398964196396	0.506149728957391	22
0.082795938726164	0.504078301558598	22
-0.053752965370985	0.700611917582539	12
-0.060933523215379	0.372599407570282	12
-0.077569752130274	0.665833944222972	12
-0.017603330150139	0.268859144190581	12
-0.030866507371658	0.25552560336319	12
0.046182065961366	0.267550260689775	143
-0.114946929695625	0.151451466436269	143
-0.027799332430055	0.173060458267072	143
0.081509874164464	0.709895034779454	666
-0.028497043576918	0.417809222320052	71
0.117422751340978	0.275151564568308	25
0.052398920033251	0.577634074035252	25
-0.023147584663197	0.677618321388529	25
-0.028743846322362	0.16970123630098	25
-0.029078788846085	0.173073255821478	25
-0.025434025034098	0.174050129956977	25
-0.120656537042141	0.147876692264235	25
0.037813160185701	0.278706941562913	25
-0.053280914481331	0.457598725260255	7
0.038638734259801	0.276207805014844	89
-0.065602223156573	0.789752797588472	17
-0.073902430673535	1.01649251086719	17
0.040325912532064	0.374115937454288	17
-0.122406432851065	0.247992826710679	17
-0.109340738977834	0.249039573226849	17
0.0687777908071761	0.658647806413169	17
0.118566088379001	0.189091298058498	280
-0.071541704925563	0.358253668414148	63
-0.081178570518107	0.7667204759999	63
-0.01374277523738	0.759910856543314	63
0.04962796483788	0.894510604456271	63
-0.100928536036393	0.911178092328502	9
0.070029326008343	0.584603154661963	63
-0.074913308701922	0.219541521488158	842
-0.033400018099327	0.612173940537567	32
-0.047462973934359	0.462457403815972	32
0.010270618139699	1.02638454851284	32
-0.083163247883621	0.73530985477873	32
0.074337091045441	0.719957860478846	30
-0.114773273054543	0.71900285780877	12
-0.0311255445481	0.167771162660396	25
0.120384462729811	0.282709034946047	25
-0.118625748284016	0.156401863873602	71
0.038638734259801	0.276207805014844	25
-0.106666995008718	0.253517177752079	21
-0.029477701933992	0.373934768546302	25
-0.093430050265334	0.360940256452688	25
0.124443002209963	0.292918897783287	89
0.114308704300669	0.509540916261743	89
0.050249574120139	0.271566424172021	7
-0.11462934717056	0.157114309054217	7
-0.01204107212402	1.07733844852635	17
0.028178503141964	1.40661033267974	17
-0.051728502792061	0.687733922862398	17
-0.070487168482882	0.256688333785792	17
-0.0572861102143	0.448334413762829	9
-0.115552696141955	0.415264231025009	9
-0.107338504438477	0.349830278048624	9
0.0848705042705	0.89894794144182	9
-0.118475750078392	0.341823893480862	63
-0.116814844065443	0.353768493792312	63
0.101460642752828	0.733596086356291	63
-0.00854336392344901	0.900609493653388	63
0.036071220794149	0.635036162824148	63
-0.033317562254372	0.363030410635255	63
-0.00072299096143702	0.377470316219826	63
0.038216661390954	0.27778704436884	63
0.030499937777013	0.478085919852843	59
-0.047995736877034	0.368456021418589	842
0.034915270391861	0.382377321744852	9
0.030413784249915	1.16115710634856	32
-0.116075317802866	0.63350509576659	22
-0.070860567493059	0.51283735243361	12
0.019471812895319	0.475298587124875	12
-0.016115921079252	0.592708577445131	12
0.054182119008962	0.795056608655009	12
0.089508798120488	0.595172563796932	12
-0.103368539932761	0.419452880205665	12
-0.00927607280522902	0.992391264679246	12
0.036876648122154	0.272052800687466	12
0.108624399769832	0.503726336495117	666
-0.079234072923102	0.249666159057936	71
0.070510822820868	0.378330653288851	71
-0.098661546182712	0.495503739685116	25
0.02463609599477	0.69845311465164	25
-0.061929899936356	0.517749690377956	25
-0.116948807468034	0.155003016540274	21
0.072551842781744	0.374560981765851	21
-0.027492516736473	0.169428702216176	21
0.124389535109194	0.197734208595323	25
0.029326727618578	0.259909944851392	25
0.123840685838083	0.277161607453512	329
-0.025098699439262	0.174305828211983	25
0.044557446374198	0.471410191533037	25
-0.034767095839651	0.169258406159813	207
-0.029110838291211	0.169836560265533	207
0.121403848080645	0.29117708249682	25
-0.025434025034098	0.174050129956977	7
0.0364806231360531	0.271631727229827	8
-0.065833666520736	0.577336475087568	17
-0.025200677454048	0.443425452751607	17
-0.108081879634579	0.35818140153669	17
-0.06787021260072	0.910561525579898	17
-0.097851360193284	0.3655057062955	17
0.049123594894956	0.267957996305677	9
-0.116082955364034	0.23963433755679	63
-0.090403013990102	0.65345441150799	63
-0.088545234794186	0.716920100389429	63
-0.026680118673038	0.600790702172397	63
-0.074025937975439	0.259840657485842	59
0.009941525209896	1.05151201264745	9
-0.091820244127389	0.345617067138433	32
-0.011542415148438	0.612899220017865	32
-0.117920756712673	0.152972618115877	127
-0.025434025034098	0.174050129956977	22
-0.100544078738764	0.255572526848399	22
-0.026334577721339	0.2611711826812	22
-0.019402486969362	0.26635962350985	12
0.019849272284673	0.698812380566291	12
0.047831151828255	0.271557804009486	12
-0.115649159946922	0.151284696297746	12
-0.025865243125136	0.367114045216745	666
0.0250122610443581	0.353656129565929	666
-0.03349030871786	0.169259172983608	25
-0.123892582275352	0.152459379316407	25
-0.101540322577894	0.533435847871404	25
-0.039504268196398	0.161565700522575	25
-0.028743846322362	0.16970123630098	25
0.033462686698001	0.272463104886097	71
0.050972920817144	0.270645642505363	71
-0.117963442428011	0.156497220770852	25
-0.027492516736473	0.169428702216176	25
-0.025742204616955	0.171205487264736	148
0.123109079862364	0.193957169452223	25
0.123493832958361	0.197795733894146	7
-0.028468825556319	0.169057345385475	8
-0.01612479535749	1.3490332727873	17
-0.097167795909452	0.792729287707966	17
0.012567752037784	0.728385009483415	17
0.123060460438931	0.757129874214221	17
-0.039845795212736	0.686340362941153	9
-0.030787648698678	0.170475170397049	280
0.123749369679057	0.197904329442775	280
-0.045469711933549	0.511940922289132	63
-0.07528180414649	0.710687832089616	63
0.006920949585696	0.474962889346604	63
-0.094975864777611	0.57964761740484	59
-0.110127436914775	0.50870559940784	9
-0.119040054107156	0.616689910886348	9
-0.017171343204516	0.969948773173028	842
-0.115535060456276	0.61611141836542	842
0.044344690604312	0.808151470236507	127
-0.021597045559386	0.460908464877047	127
-0.115238205081618	0.431159027901142	12
-0.070838888259846	0.599392129360787	12
-0.038772904987056	0.647934901076364	12
-0.046507107296546	0.674320194705445	12
0.00657792039399896	0.553500243125567	12
-0.076153530551068	0.493665312332205	71
-0.036653563055064	0.455331731445375	71
-0.014603160014228	0.472872645239418	71
-0.080035592000323	0.431927083646219	71
0.074584503774657	0.628931738756776	25
0.075046845279515	0.375463966903109	71
-0.027185555853817	0.253404977650458	21
-0.008955195114422	0.369580151473222	25
0.037089991522186	0.277797196905933	25
-0.079208919374844	0.364395366636586	25
-0.016712126140133	0.351063016321921	329
-0.109655109958118	0.252358002803606	148
-0.111665695933374	0.151528133412677	148
-0.1020538545027	0.254832859898281	7
-0.021013690450166	0.270045555845676	25
-0.025434025034098	0.174050129956977	25
-0.110260322559163	0.154153761441499	25
-0.120656537042141	0.147876692264235	201
-0.027492516736473	0.169428702216176	89
-0.02877631167436	0.173644512897175	8
-0.025897862611339	0.262420396715526	77
-0.026517793940716	0.827670255127848	17
0.00845911523138298	0.469456680074741	17
0.101662099797799	0.653706507290986	17
-0.11913193160124	0.35786446384866	9
0.116962765488044	0.508381800166244	9
-0.110383666816424	0.603404213694621	63
-0.085764758160586	0.80581620809181	63
0.045263797464863	0.477912275169641	63
-0.030749019358831	0.368258538067189	9
-0.109404165504638	0.867920357142098	842
-0.072760492941985	0.521491012452199	842
0.0106404725893871	0.576834100933554	32
-0.02637926470693	0.26448969493399	127
0.105559362813629	0.668489643297777	12
0.0205697314312	0.364526530992386	12
0.072234976821987	0.376512929862686	71
0.124745707839636	0.503272199335197	666
0.0511496515137529	0.495108346231102	25
-0.105065586099038	0.253469658525595	25
0.033462686698001	0.272463104886097	21
0.029365944365508	0.376266161592691	25
0.044680519351749	0.556077495968263	25
0.025750666379422	0.481992026579072	25
-0.114011079377239	0.156856312018295	25
0.09037427709124	0.773930168672989	25
-0.025098699439262	0.174305828211983	25
0.038563322155849	0.266217878371424	25
-0.063859900650239	0.522193165788319	148
-0.029693633205376	0.169510793978325	148
-0.117963442428011	0.156497220770852	7
-0.116596147543839	0.15214234592503	25
-0.00495110607536797	0.361330472557767	25
0.076967274919106	0.381479933384378	89
-0.02277063577195	0.264967999078782	89
-0.123469970376484	0.250777522195187	77
-0.027799332430055	0.173060458267072	77
-0.123892582275352	0.152459379316407	77
-0.085844075456504	1.5456789357663	17
0.034474476160784	1.63915238750969	17
-0.053372107338988	1.17322362646231	17
-0.00759112836959103	1.28059389747383	17
-0.040354307984455	0.658489893185179	17
-0.093816596658867	0.604457144061305	17
-0.087254745460324	0.427925712945015	9
-0.079481340235821	0.780395394263377	9
0.108386120742364	0.893250000591579	9
0.01910888180348	0.78546180725676	9
-0.10087213822087	0.831730049348556	63
0.034634236041308	1.2381670608804	63
-0.037923202777478	0.681889342163571	59
-0.00320075330042502	0.843474801448725	9
-0.088324868992846	0.440586317523156	842
-0.031382125371819	0.887133419592585	32
-0.034293867226011	0.660841843173614	32
0.082320779031809	1.2916083789618	32
-0.108287734873532	0.35517480410117	127
0.0228026608481821	0.818424390691563	22
-0.115486560762254	0.638134352593765	71
-0.016431923437962	0.729946284854862	71
-0.080388456810102	0.362579433875446	71
0.049445892035989	0.489841392229563	666
-0.074697484899465	0.591005651968245	666
-0.068432705171374	0.257671858059808	25
-0.024292430390792	0.260755498567134	25
-0.016870698427745	0.26824949696097	25
0.115961264147997	0.500456394649424	71
-0.00585044102351201	0.372339139628485	71
0.039036224013886	0.276641593348037	25
0.018998313487979	0.473238813945069	25
-0.11462934717056	0.157114309054217	21
-0.038237649521628	0.158011687182166	148
-0.108496952914315	0.249346568987447	148
-0.113657889799439	0.157858515534477	25
-0.086923587021667	0.360273178267937	8
-0.109124766338882	0.245438934885645	77
-0.049007438985587	0.370941940854881	77
0.0402468773825631	0.744048030213822	17
-0.042180600350405	0.539863308668577	9
-0.058373916921745	0.518206856281317	9
-0.018775541372845	0.266650527315131	9
0.099634574736415	1.11827038612709	9
-0.097895947193289	0.501446601598513	59
-0.073224418372372	0.486704889346228	59
0.054030335382303	0.702407032344438	9
0.027161531352377	1.00101686788629	9
0.052522345667727	0.832211809801731	9
-0.02213430283903	1.03121688222738	32
-0.023405986847962	0.813010322550636	127
-0.121852965924079	0.363434575334671	127
0.079723697619837	0.496070771229152	127
0.038970602371886	0.459128956763267	127
-0.066010237005564	0.439106669765343	127
-0.051058214877126	0.597584747404827	12
0.025450700844063	0.628984225292137	12
0.110606346028022	0.479345062286246	12
-0.00290371408386297	0.453657546119585	71
-0.107065735896677	0.363289193820475	71
-0.081873203316266	0.359613740586685	666
0.00752028877375	0.543465207476798	666
0.11065832300897	0.685684009459039	666
-0.084459521661716	0.355306242844521	666
-0.111917325616951	0.247219814881886	71
-0.05091412394823	0.358497637388801	71
-0.090855532407146	0.352303938427326	71
-0.049704847527651	0.367022956795854	71
-0.079933867687953	0.368317728717794	25
0.023135435729282	0.370812660414849	25
-0.071213414234826	0.359870942508056	25
0.111472436225485	0.494943004938965	25
-0.084184546201539	0.36541788006264	25
0.044441435187913	0.273236010675399	148
-0.124198603434929	0.151516954174281	148
-0.104907264525407	0.245755126785445	148
-0.124198603434929	0.151516954174281	25
-0.029110838291211	0.169836560265533	25
-0.022184523310483	0.268590545967482	25
-0.078027540902484	0.252091898645156	25
0.0242581040669611	0.483946128470259	8
-0.079057650153844	0.248463012291993	77
0.123749369679057	0.197904329442775	77
-0.031426607902758	0.167493204961426	77
-0.12053019018383	0.662657787837457	9
0.0305363127678771	0.374921985877047	9
-0.081620608977675	0.777046647733663	63
0.060872673647887	1.0081293302936	59
-0.058765551678196	0.458586405949048	59
-0.059408693401496	0.446193097718803	59
0.078106064086547	0.470191910917359	59
-0.080466278083875	0.369403868077712	9
-0.054361715829095	0.527511293821895	842
-0.051387548779708	0.363851079146583	842
-0.067085480721722	0.926152507179378	842
-0.039354503193548	0.852839908011948	32
-0.077018685026647	0.51593571474672	32
-0.075097337367579	0.492000621194569	32
0.0377556741888661	0.769912018003443	22
0.010424690902796	0.780275809065094	22
0.096231087924434	0.715969265549604	22
-0.039385340503419	0.753070767814901	22
-0.080116324414491	0.569748053963238	12
-0.037330176436123	0.658181255221286	12
0.066736779447547	0.782308323873004	71
0.109811301747379	0.720948333701313	666
-0.117333426480099	0.35784990691207	666
0.01061414757843	0.532448225235246	25
0.082246980849151	0.793758627753897	25
0.00369317617548903	0.612732546187564	71
-0.014787582521566	0.540731630468215	71
-0.053711367446826	0.443946593332209	71
-0.108680986325639	0.44274887790591	71
0.103425537260674	0.660391324969536	25
-0.116829349172984	0.349312753140649	25
-0.038951672212807	0.45239749800834	25
-0.023843879742078	0.464930021995222	25
0.085184445081801	0.548177251499032	25
0.056506524586639	0.485378595408167	25
-0.053422180414078	0.408115962385761	25
0.109021170954532	0.497840889152986	25
0.115999553956192	0.589454075953995	148
-0.071978095562704	0.252019488792616	25
-0.068892994505015	0.255823438401644	25
0.038638734259801	0.276207805014844	25
0.023486981126459	0.368363751418344	25
-0.021013690450166	0.270045555845676	25
-0.118316174335936	0.155498649868734	7
-0.080877800509758	0.366543909081819	7
-0.022184523310483	0.268590545967482	25
0.043718327783049	0.279182598194854	8
-0.024433870088787	0.26269782764036	77
-0.024376155152464	0.257650565503136	77
0.00608038616430695	1.36947819266284	17
0.0880347067344061	1.47335920990045	9
-0.013341156668557	1.081393723505	9
0.020089871570564	0.770319722672621	9
0.020745620305901	0.689918919111309	9
-0.062640743499677	0.726007315980166	63
0.00924540870705404	0.969326085054523	63
0.05499720804889	0.487872920701828	9
0.116905730601301	0.666897433842348	32
0.020843437821839	0.80187622289307	32
0.081786102734232	1.1896618616348	32
0.00712506582035599	0.731471309644339	127
-0.096085057588745	0.498989069409861	22
-0.101632036863182	0.524569736298405	22
0.034915270391861	0.382377321744852	22
-0.012877667185273	0.687865669624363	12
-0.032842965671664	0.684638847714094	71
0.027034892752023	0.555659255841845	666
-0.073195752294564	0.2512884573001	666
-0.029587419882342	0.525353524672775	71
0.086409824694961	0.57876375646576	25
-0.115062391162052	0.439415564760435	25
0.038224561563991	0.614413953380589	25
-0.110799705818402	0.489853547210817	71
-0.024941176940637	0.540400318838731	25
-0.079032627237305	0.368678326633929	25
-0.038624962885388	0.531567161275358	25
0.0176138857636799	0.536029195305255	25
0.081998923018463	0.492517380861085	25
0.046685394652082	0.635621073544555	25
0.0729114068308711	0.388441472322893	21
0.021972084207741	0.464545558504672	25
-0.068252827805821	0.439992724117744	25
-0.112349653529863	0.353520782071701	25
0.07542740366606	0.492931108724542	148
0.026820283486599	0.366067216320222	148
0.0674290831895999	0.578444513930336	148
-0.074209759042293	0.251472567876206	25
0.074640528778947	0.377954032294832	25
0.040479900827093	0.272585683932751	56
-0.074488312415832	0.258500171639823	77
-0.118978376095057	0.155402003494633	77
0.011648683375785	1.28627137341055	17
-0.109451937758277	0.639771706757636	9
-0.056321071010026	0.361023421649209	9
0.117798096224787	0.894684682321902	63
0.013558369094802	0.965640018887022	63
0.041745933558841	0.982616131101277	63
0.00571756195439699	0.868867362389948	9
-0.106743694741655	0.657568117835863	63
0.110664212293937	0.777233514658224	63
-0.029078788846085	0.173073255821478	9
-0.0715770709875	0.342943379298428	9
-0.083614150211645	0.365814270681483	842
0.0311210312629801	1.06295686513504	32
0.00498086541556797	0.846666106558422	32
0.104182971608771	0.557431225584292	32
-0.014201904651273	0.747601284066766	32
-0.102861189611164	0.508518398878587	32
-0.071989404565742	0.657142397631578	22
-0.124925464687784	0.501468549802302	22
0.025078247725795	0.626751500494969	22
0.056748523130834	0.703288350071502	12
-0.102267225499982	0.507187285479479	12
-0.118582199923244	0.526090821269667	71
0.068949324741408	0.916670384875504	71
-0.103497711969303	0.252909940450894	666
-0.024237735935292	0.473929431307397	25
0.052009786479156	0.675262300555184	25
0.01578915685355	0.548373559075696	25
-0.069142297686239	0.441876037443228	25
-0.117963442428011	0.156497220770852	25
-0.000447353679109974	0.468759866622369	25
-0.058211250597589	0.339825430293013	148
-0.022184523310483	0.268590545967482	25
0.02423337570313	0.35957728339147	25
0.029715232356886	0.367991672699528	25
0.038241109058168	0.273651889041503	147
-0.069284941556988	0.256173840799335	147
0.050013183646182	0.259524700851354	147
-0.102643092254823	0.250473896174489	77
0.067945761909516	1.55940502049576	9
-0.070704002189698	0.820346497166551	9
-0.036566156036659	0.826385865093189	9
0.011160982525965	1.07393993079462	9
-0.083298173612766	0.762408516273339	9
0.0164884445649059	1.11998248707747	9
-0.091098461573273	0.482302462483602	9
0.080063484169416	0.956161236888157	63
0.020194344008179	0.831911497065973	59
0.034513045375185	0.64621378228404	59
-0.115137432392237	0.237707803884666	9
-0.083977540336522	0.607286205985879	32
-0.020721659367098	0.757475223002748	32
-0.009532083487855	0.86534857373357	22
-0.022763767373582	0.463185162593337	127
-0.023685663935142	0.454587248056484	127
-0.097564515016668	0.679860676576626	127
-0.103209191119866	0.603802846268521	22
0.014441815645583	0.752767154828055	22
0.075877090748246	0.806584424939733	22
0.00491629479572298	0.6637377658697	12
0.012965335715609	0.70132591730737	12
-0.080889384512031	0.575738490783783	12
0.00322235916328495	0.778016528776607	71
-0.059202686936841	0.580276843910693	71
-0.111036177956149	0.364190407585613	666
0.011251196384197	0.467879548031991	666
-0.029804332419716	0.458018263661452	25
-0.100478485864964	0.517664340765934	71
0.00486456459094697	0.542793457236593	71
0.00917605677236699	0.482779311448804	25
-0.01405762528235	0.354656646726996	25
0.022181318024583	0.364249548711456	25
0.11663760934682	0.635847224667218	25
-0.082417387682578	0.344161526502188	25
-0.058555145925627	0.352860208709188	25
-0.029413832966949	0.172818763268529	25
-0.020720300171989	0.267518280178642	25
-0.031406586142057	0.257730613848921	25
0.077135408648437	0.388025565486924	25
-0.124552747526233	0.151289265075405	8
-0.104972622314407	0.255444140722156	147
-0.113657889799439	0.157858515534477	77
-0.023861810516417	0.262596471015251	77
-0.118418431613715	1.6436407171934	17
0.080765102173903	2.06255877449164	17
-0.112247478556411	0.586895942952102	9
-0.123392210007088	0.672320869352391	9
0.065996803453553	1.13150495156917	9
-0.055436036536401	0.345586600197498	9
-0.117416184184766	0.234860479482663	9
-0.041360122830125	0.66724297769673	9
-0.093263981092897	0.649789008385906	63
-0.084572455972841	0.597897348761868	59
-0.042993053494506	0.734709173885644	59
0.0141293035680961	1.03847227166542	59
-0.081083785952034	0.651002804773231	59
0.040331368104867	0.797715142564109	59
-0.041835830301211	0.533724684458035	59
-0.018718281436579	0.750454884785451	59
-0.11264530485156	0.360610808466721	59
-0.030198672126274	0.8444992891194	9
-0.073620491190342	0.568470156866229	32
-0.071026380007098	0.673163034708086	32
0.083028746410027	0.954048912731629	22
0.01809504838507	0.772352850729487	32
-0.048532480538503	0.513148728822133	32
-0.090056778801165	0.356448017863955	71
0.073229646717893	0.791110718278101	71
0.0439368785111121	0.630834291738	71
0.026951137089625	0.554648684494884	71
-0.054287930153945	0.449621214602783	71
0.038245696581078	0.565124565553559	25
-0.075327329122458	0.348249228303712	21
0.000958987738594042	0.472705528756784	25
-0.116197245944547	0.43396409180528	148
-0.078027540902484	0.252091898645156	25
0.0327408676951469	0.271041086186757	25
0.076037032893313	0.386949725857276	25
-0.066208651670735	0.260523362797263	25
-0.104641553674432	0.257106410022646	25
0.11527279165822	0.502346321460854	8
0.037005740927856	0.271013110559307	8
0.042351459778267	0.280118898787308	8
0.0379185734231	0.27611373602271	8
0.06394771675669	0.363001117028967	147
-0.030673523454202	0.259581900320893	77
-0.0932247496395	1.12583625425372	17
-0.068300350863695	1.4434336523026	17
0.059410676310219	1.06033284058636	9
-0.064466156591438	0.445393982738456	9
-0.058003173602139	0.367919949153998	9
0.112901067147161	1.36510672472785	63
-0.112141439488019	0.410641517767279	63
-0.02359711473547	0.679667166864713	63
-0.015416516934757	0.614033102800172	9
-0.039603554656157	0.372492221699023	59
0.108431611346896	0.735558457898065	59
0.00453038261272198	0.694356859086871	842
0.083909090755267	0.904845271427791	9
0.123075514352253	0.910559503586236	32
-0.078938964384231	0.452927002279611	32
0.000682446802131032	0.465791159518323	22
-0.093902480922869	0.363662432407505	22
0.0308522862899751	0.367193398335576	32
-0.022184523310483	0.268590545967482	32
-0.063142920108498	0.418317220067764	12
-0.030118706472124	0.644385301438146	12
-0.117610798599704	0.155996282087211	12
0.076170307655081	0.860109186900296	12
0.017819652989181	0.652474459662025	12
-0.062015946717782	0.603907671007283	12
-0.124173350149115	0.249468632733099	12
-0.051275656671828	0.699944964232997	71
-0.103201481364147	0.588121180706569	71
-0.096736362569352	0.361324159136384	71
0.064265565111447	0.364473928067245	71
0.048348663409452	0.48873462676247	71
-0.026219749100956	0.538653234824657	71
0.022583983008701	0.708467094570138	12
0.016695301603092	0.593925545252868	25
-0.080244080707135	0.511735904588151	25
0.01558005151876	0.544945220165602	25
-0.028441873937004	0.173900761007562	21
0.043856786952979	0.469930574209124	25
0.041492046901487	0.531215493880354	25
0.010427866316955	0.473458093734214	25
-0.09419525844326	0.33569308008279	148
-0.028441873937004	0.173900761007562	89
0.03896157247219	0.272446997392083	25
-0.070963490403899	0.256022067315427	95
0.027111549993153	0.36939234347926	8
-0.054495849997825	2.31478884653901	17
-0.088486751504366	1.3093126618103	17
-0.099507185376705	2.11936998418931	17
0.00953367698253205	0.473479674527075	9
-0.021758189059632	0.664337446300037	63
-0.031387891176878	0.535218655967726	63
0.065670383562892	0.829576259336598	63
0.0881025027379621	0.581817098132415	59
-0.062401798190923	0.60092362467759	59
-0.124745727957121	0.256771176291137	59
-0.052763714628929	0.596758002725397	59
-0.029693633205376	0.169510793978325	59
-0.118736636034454	0.15233101831154	9
-0.066524810686732	0.316337910444716	9
0.033879763728199	0.839670419008443	842
0.011601399808826	0.474042458179461	842
0.081431807710052	0.72693451780967	22
-0.094018543807296	0.368479246064925	32
-0.00768185509673902	0.374357770173079	32
-0.082110027733355	0.350917470194236	12
-0.098715131415699	0.522562566611643	12
-0.06145264866647	0.605416588749309	12
-0.026340786789548	0.470264918024879	12
0.00155408689442904	0.466177054101769	12
0.046335060926934	0.777041602182651	12
0.051817049080617	0.859575069866218	71
-0.056652529945822	0.51965499583201	71
0.049296317129924	0.482136399771673	71
-0.124986763859607	0.402787295715656	25
0.062508843485821	0.567287229900981	25
0.071715774345282	0.585653379983975	25
-0.090194527643369	0.42391012979799	25
-0.014737855963947	0.459484128851424	25
0.059373573506553	0.55478387060959	25
-0.049802486702628	0.513799662590181	25
0.033595245442483	0.55530353260832	148
0.124304802593108	0.604709930788588	25
0.083186751784634	0.378547789010241	25
0.078066588289146	0.387312257702204	25
-0.028965619920068	0.363810296835043	25
-0.118625748284016	0.156401863873602	25
0.0288929526742711	0.374597518858953	25
0.065840232368243	0.364802404823092	25
-0.022477431675832	0.268404057147586	8
-0.034713480166649	0.247732803639742	147
-0.00822451931512203	2.21776386877665	17
0.00974889698452297	1.31094506262741	9
-0.060622355044724	0.680584043796297	63
0.036959766058402	0.817213332746145	842
0.094440515306397	1.27032974246458	842
-0.034294721398981	0.816744737756391	32
-0.00200898711856301	0.641902665432035	32
-0.092216164951802	0.427698422557121	32
0.122921486444956	1.16000514345478	12
-0.094914230974797	0.497961210246503	22
-0.085745957284343	0.602082796469361	12
-0.070741282047715	0.363489813617873	71
-0.019882203843516	0.354560838566577	71
-0.068090962520573	0.365015801701637	71
0.021113946702918	0.556980056645897	71
-0.022939395481357	0.522211835485067	71
0.048683403912904	0.57138543323511	71
0.00852248194872995	0.547112730140522	25
0.025698768834598	0.47958730470166	25
0.026646152578677	0.484645270247872	456
0.00935279611008	0.485071463034404	25
-0.072997073483585	0.256505955993288	148
0.021500650861478	0.463541929170702	148
-0.108964326239155	0.239134411644619	148
-0.074209759042293	0.251472567876206	148
-0.073280284424846	0.259440205284312	25
-0.074205641059257	0.255023631757784	25
-0.034465315352361	0.167341962182455	25
-0.118978376095057	0.155402003494633	25
0.068232600531109	0.743868950707487	59
0.00854231202156896	0.930739504251314	32
-0.086710370243692	0.598959915621942	32
0.0913759542239429	0.972671653142107	22
-0.102640412976331	0.549668171352758	22
0.094430490740796	0.588473535926304	12
-0.120493396667047	0.525790694476112	12
-0.059405433488142	0.888366177428579	12
0.00415197574459703	0.525120217321154	12
0.025021416987029	0.550524461330442	22
-0.069804851554574	0.721366632841854	71
0.08152390210479	0.584428261504457	71
0.106528536535397	0.489165158366466	71
-0.112389869414694	0.245919089674144	71
-0.077008702889333	0.247397636596337	71
-0.029556082569228	0.364896462395655	71
0.12221794261296	0.615584951389859	71
-0.019066724489184	0.265281180394064	71
0.023903615971318	0.480498316617486	25
-0.00292536615871802	0.376463508250168	25
-0.015305736731916	0.354619003201577	25
-0.029499211975592	0.260748846886578	25
0.039252269115188	0.569499339958802	25
-0.122878487505061	0.152788630326036	148
-0.0311255445481	0.167771162660396	25
-0.120847209105255	0.15078539482546	25
0.042595973157626	0.279029471185379	25
-0.03251562976978	0.163819566894309	25
-0.022684718782212	0.265719418113653	25
0.050291570821879	0.542222213848118	25
0.0197621059959791	0.359796988254186	25
0.122094918293228	0.290390961560003	25
0.122854175633022	0.19385195429685	25
-0.109907837900198	0.155095782934507	25
0.124681786236784	0.293259506159697	25
-0.118625748284016	0.156401863873602	8
0.038241109058168	0.273651889041503	77
-0.026771442288199	0.258219804724156	63
-0.077532042700897	0.531529994541721	63
0.099630507468272	1.07890633401595	63
-0.004040240100042	0.903871580630605	63
0.095874808354391	1.17685860698102	59
-0.110913839771793	0.56789775829392	59
-0.019678316205074	0.539339926269917	59
-0.095738352690475	0.440644494611259	842
0.025013465314199	0.836602382463504	22
0.060517519620956	0.954703273794438	32
-0.054642832095685	0.624682454351605	32
0.122641804835543	0.974890655152715	32
-0.011591092252394	0.748243235063425	32
-0.046477381238205	0.579762694339135	32
0.000882423063387039	0.630413493805554	12
-0.072768242827862	0.447663912637465	12
-0.048050493974976	0.678166678222041	12
0.106648690860983	0.79872736105428	12
0.056764543084329	0.659878560526293	22
-0.12289063700661	0.354369149186971	22
-0.074266587743034	0.44587523710835	71
-0.083251419856349	0.511174380620443	71
0.049738045736339	0.479372766892302	71
-0.076319717360118	0.346086705351129	71
0.0256504192473021	0.364354882507955	71
0.086063971702027	0.5898591948071	12
0.08308238985434	0.58778373297203	12
-0.094600984142264	0.445538753426641	12
0.00520348169374096	0.467203082363383	25
-0.030713684546478	0.363264344374342	25
-0.029955169485933	0.373087242054695	25
0.119900781927731	0.498846609069041	25
0.114034158469563	0.599920572572154	25
-0.00332527675420502	0.378775282960335	25
-0.113559761478467	0.245030291818372	25
-0.039458457197891	0.353726249430718	25
-0.075949336128725	0.233295726535367	25
0.034185300154931	0.272567533205496	25
-0.02726267877552	0.265573192056132	25
-0.029078788846085	0.173073255821478	25
-0.040335008204028	0.352378696404274	25
-0.119792104301872	0.153958688203184	25
0.042274488031622	0.282388833713572	25
-0.118978376095057	0.155402003494633	25
-0.018925557122144	0.258104066792406	25
-0.02877631167436	0.173644512897175	8
-0.058368167417243	0.506147706644815	9
0.08106755516964	0.485164721800136	9
-0.117301555479459	0.15549131738934	9
0.033141447740575	0.270179798573207	63
0.041424103383334	0.782401214734567	32
-0.120863820436152	0.422461342247375	32
-0.107813710172666	0.753534748225487	32
-0.041637405892262	1.17896217799211	32
-0.034274185285823	0.365140932265447	12
-0.061168215254245	0.695707655275337	71
-0.02224113720955	0.264185697956452	71
0.114414716362813	0.889047599908949	12
-0.00622620687352699	0.364854852531761	71
-0.124136309014077	0.148069227853569	71
-0.074099061420005	0.247230542894151	25
-0.033791410565306	0.167700228204841	25
-0.061483502310218	0.258164174570483	25
-0.119792104301872	0.153958688203184	148
0.038315574538522	0.276547476791009	148
0.089845409646642	0.733996983384153	25
0.073164195401914	0.375869864514633	25
0.038638734259801	0.276207805014844	25
-0.029413832966949	0.172818763268529	8
-0.00514047554583103	0.366393698838899	8
-0.097781330822721	0.362167824276318	287
0.024636588793015	0.371022196374239	77
0.124133365026761	0.197625616439368	77
-0.060185662959429	0.368378385874057	9
-0.031067562382318	0.937407215100565	63
-0.081407796948684	0.81511283510932	63
-0.037553568280805	0.593146291403419	59
0.0327408676951469	0.271041086186757	59
-0.045234155261423	0.462351610299989	9
0.0716267241418071	0.838908457515251	32
-0.044186309177712	0.572331858399198	32
0.10470989485086	1.03583389891609	22
0.0879380865657859	0.955128670448508	32
-0.07026929166702	0.365712280932582	12
0.061201842683138	0.648972750927462	12
-0.075208067422864	0.603975918845569	71
-0.102198661071405	0.357415274002244	12
0.059462106374052	0.649842760557605	12
0.025691060818444	0.639412410914613	71
0.102440147638298	0.651740341062081	25
-0.095286981019828	0.349934211436398	25
0.088999640381051	0.577105193787585	25
-0.073742885780709	0.258108159388814	25
-0.023813981466244	0.171463641376464	25
-0.108082200646051	0.251804098079536	148
-0.013949109722279	0.356213755412	25
0.118431198175982	0.598801942695921	25
-0.115293384054301	0.239495285880653	148
-0.105225603590888	0.246024320981442	148
0.110458552332973	0.505019274470403	25
-0.082294537870343	0.239846890196966	25
-0.022184523310483	0.268590545967482	25
0.039359686979131	0.274967793886388	25
-0.124198603434929	0.151516954174281	25
-0.029078788846085	0.173073255821478	25
-0.069000639415548	0.259375922630416	25
-0.110090343138033	0.145992069942431	77
-0.112072587362186	0.874327606782082	9
0.032195142171107	0.565707434942034	9
-0.123338285892863	0.594873959576818	59
-0.046035850278784	0.374551981145313	59
-0.090794119857241	0.349528177446336	9
0.077739346784371	0.49300298988825	9
0.101112413821062	0.63612404832429	9
-0.119822114464403	0.592726230286295	9
0.1130993504393	0.759468526967694	32
-0.027407358127446	0.517064679663041	32
0.00153767851064002	0.959515845169509	32
-0.115318698526733	0.485988646340885	32
-0.012338639445129	0.545189011752299	32
0.082645967821689	0.384024485623691	32
-0.094496922495453	0.611218218967542	12
0.088544857046255	0.93123975526221	12
-0.022593412009174	0.448881884882288	12
-0.088624749594238	0.613527858393316	12
0.0600029134526811	0.957426250863787	71
-0.091470637952086	0.369968316512326	12
-0.109235959282944	0.353394546110342	12
-0.017269978768914	0.518851829700459	12
-0.035888165610322	0.529833253334964	25
-0.115370522289628	0.435934723987172	25
-0.00654382211976901	0.465360887431333	25
0.00919822045275298	0.631627766692698	25
-0.080750714698412	0.434165443322462	25
-0.117654391619483	0.15451194542219	25
0.065972912649117	0.366198760568805	25
-0.00127598316668398	0.468580704526224	148
-0.006805598853797	0.374587919802268	25
-0.046776047256551	0.365318626991262	25
-0.073640012941972	0.250496084157305	89
-0.071688712778546	0.254052753003118	8
-0.026086955914055	0.267568775805167	8
-0.030362891525725	0.165698574856198	8
-0.118978376095057	0.155402003494633	77
-0.11462934717056	0.157114309054217	77
-0.026796283691665	0.166634370100552	77
-0.00191601415521298	1.37279883963784	9
0.034829393128854	1.39385542673006	9
-0.015463540903587	0.870302691292933	9
-0.068345374629544	0.929897051875197	9
0.064837452212865	1.46314044947157	9
-0.04073430162471	0.666010333531332	63
0.035310765745151	0.270509762525111	63
-0.070928520239689	0.567956796916961	63
-0.07214539357257	0.492237654999209	59
0.021736672214541	0.555371377205458	59
0.036648676219496	0.257045347088052	59
-0.055515798545596	0.349445304297305	32
-0.109846865561401	0.658213554653641	32
0.075735780979536	0.379868055262977	32
-0.00336227267767503	0.469366622868045	32
-0.118273208503661	0.155900053042255	32
0.057068724041261	0.472670985595678	22
-0.01752136154846	0.535373101871667	12
-0.078549989629813	0.237197587224989	12
-0.090140588031053	0.417467858445622	12
-0.022933221172993	0.376399250839011	22
-0.000543835668876003	0.468566868769575	71
0.098902690216444	0.90620753789585	12
0.070484091254281	0.731710664547564	12
0.083187494114266	0.835655354890952	12
0.0855885921387301	0.575780040056315	12
-0.072486812813888	0.362770399489564	12
-0.00152271547572902	0.55484579437843	12
-0.097784060964525	0.354699378894478	12
0.0903071240008479	0.736500543918861	71
-0.06681622251585	0.52885274626359	25
0.0421533677427119	0.695118602448274	25
0.03234015040292	0.26937662731891	25
0.000485919599756968	0.470801171057675	25
-0.122786027915654	0.351892324688528	25
-0.027244311381013	0.374987942264621	25
-0.06071923951021	0.350683228534152	148
0.05456241613066	0.550589128541891	25
0.00756981291653303	0.471101587673093	25
-0.022529240311986	0.257893615948691	25
-0.073466258762199	0.252617405732311	301
0.069576445817539	0.376922174127801	301
-0.06577237615066	0.256323887184243	77
-0.073293626909349	0.248424005566273	77
-0.00321045961340999	0.536232542673506	63
-0.11262511634879	0.441210744125861	63
-0.115995273833566	0.441759170960961	63
-0.032473189741038	0.518981657837062	63
0.042274488031622	0.282388833713572	59
-0.034128317899022	0.17006053637181	9
-0.03818636868141	0.354000310933877	9
-0.049862274217668	0.368686915139625	9
-0.034857525154973	0.741413536457252	32
-0.014812601057755	0.470164267204282	32
-0.00324722602472999	0.375497648867545	32
0.04336351124223	0.478519480451292	32
-0.124136309014077	0.148069227853569	32
-0.113089415538011	0.24429950463825	12
0.124670156862688	0.79160566600989	12
-0.052595414409752	0.45733423304477	12
0.056613790473671	0.497646517755489	12
0.081598690260948	0.387558906202645	12
-0.085438313721113	0.507030542872284	12
-0.00448054893969402	0.366623006895381	12
0.028039592928582	0.472373949026947	12
0.039817973275645	0.69472932814579	12
-0.095541352577025	0.527853458286374	25
-0.116690210449482	0.504790924457006	25
0.122251019991809	0.904416389818861	25
0.025747171408275	0.36480622824501	25
-0.104769816863243	0.359507264428356	25
-0.120253571691817	0.432003882162606	148
0.010420491785511	0.47303025388328	25
0.047027896315644	0.27889303005266	25
-0.105848965141567	0.252213495130198	25
-0.121357507890085	0.36064287205255	25
-0.09521063529741	0.363780897101196	25
-0.093073156445821	0.366753812323091	25
-0.080877800509758	0.366543909081819	8
0.024762455277706	0.377070671377168	301
-0.110610752391575	0.154930797049672	77
0.041952674764828	0.281920583128311	77
-0.113727435530244	1.09604535610394	9
-0.034293864038122	0.941637198069394	9
0.089408267952149	0.583851735346139	63
-0.039727323529119	0.602989648341684	63
0.00929779526461305	0.46054136875301	63
-0.089015377645817	0.435423105577291	63
0.047789055440246	0.576191674088873	63
-0.035526376181886	0.566829104844513	63
-0.06998100131267	0.359424919580276	59
-0.063805248404268	0.434734832037099	59
0.031832038108119	0.374543381441767	59
-0.068242486990989	0.352971689720567	59
0.050675538870511	0.492978931887553	59
-0.025098699439262	0.174305828211983	9
0.06847013065205	0.357906533114296	9
-0.111246054497257	0.667054324884658	32
-0.00236976139438899	0.376480333114427	32
0.026300119448921	0.339856680549995	12
0.035612562308954	0.700965097371806	12
0.0631611922581981	0.359394102985153	12
-0.107060157915434	0.527064450420976	12
-0.107091890841944	0.532960034501664	12
-0.066951171271548	0.259005560156235	12
-0.068259921232591	0.455636574067596	12
0.019794175799277	0.752752552077332	71
-0.073220635400349	0.483720149267061	71
0.115561776093184	0.804118763700695	71
-0.068815585371979	0.585633320986393	25
-0.110233189167984	0.431396121383511	25
0.120350117859196	0.289968354715218	25
0.121403848080645	0.29117708249682	25
-0.030354890000504	0.37079222597309	25
-0.096826732828437	0.420907033508189	25
0.068586501052559	0.694464046045578	25
-0.00974283829043199	0.609367601992425	25
-0.10387417957122	0.348546344394729	148
0.076850529850471	0.484572129527355	148
0.087057790196255	0.484745484735388	25
0.00468161064690698	0.471482852719813	25
0.00382132901987997	0.373928435278964	25
0.030144316249809	0.483043878556562	25
-0.024455957271692	0.174341861986265	25
-0.029078788846085	0.173073255821478	8
0.025178225509343	0.364472640087065	287
0.050568511776619	0.268310190926587	77
-0.118668994365155	0.152173718727342	77
-0.068816031835681	1.23038112991984	9
0.043080186758264	0.369142376619402	63
-0.052076570250036	0.6363915671585	63
0.026148663744058	0.56437334830472	63
0.022919924817575	0.558839444175016	63
-0.016349450279456	0.347136851790531	59
-0.024763463145744	0.170916076525265	9
0.063838606438113	0.580796508189971	9
0.034423838770377	0.620372761981046	9
-0.074789837842267	0.355694774696734	32
0.117460775849573	0.726548106058241	32
0.053135905411004	0.474336695412351	32
0.024615667987652	0.599633724681832	32
-0.007052021238109	0.452284871080042	32
0.123990516620877	0.286709125230322	32
0.047972303437374	0.485743435015203	32
-0.051091246449771	0.535418402408447	12
0.038821723620725	0.672634970629534	12
0.083296103885639	0.484335882365174	12
-0.124505345530498	0.146159971195696	12
-0.108014208806774	0.357428717661666	12
-0.081363109591631	0.524074548747022	12
0.115234900768858	1.12069625131553	12
-0.120913824037017	0.598061090809237	12
-0.031626415573477	0.369883846811299	12
-0.085220170407441	0.358241983203227	12
-0.113191241696271	0.444437429014129	12
-0.117882487666912	0.523655799820186	71
0.059721322026326	0.870473054925957	25
-0.062409666257192	0.509114159344803	25
-0.04423730040443	0.439796428374169	25
-0.119623900051951	0.427098409823703	25
-0.071864859650719	0.255112656978146	148
-0.093661664464632	0.369529550777718	25
-0.037356341390937	0.349395360069713	25
-0.00621770311214198	0.469995279357484	25
0.04375643144649	0.473284180484625	25
-0.034706371664989	0.364017689716823	25
-0.113966855716624	0.157916651360879	25
-0.066490926064363	0.258195369298619	8
0.105604675470372	0.486180310511311	8
-0.073181116150041	0.252282071564038	8
0.024357885537424	0.361763835752028	8
0.072443324195537	0.383566903123666	595
-0.071347044035354	0.244302746876795	301
-0.021745874786027	0.269910043751504	56
0.030303700883577	1.28485106878996	9
-0.10477987221375	0.425703585701332	63
-0.010440106988304	0.622655351899372	63
-0.077160203582652	0.507996040945093	9
-0.00473074273853602	0.553493110531768	63
-0.087570967929048	0.609987498521049	63
0.110980552055691	0.684611144416476	63
0.118325208891116	0.817818395604872	63
0.0886820692823011	0.597654049845708	63
0.00392018184236198	0.846217021632943	59
-0.019571901049031	0.537323730021186	59
-0.00276973420952198	0.370866625715391	9
-0.123663511471616	0.492456953904499	32
-0.052542658537654	0.591997693958013	32
-0.073462846150899	0.45000549604165	32
0.11265210179643	0.691336190038517	32
0.0000560290035830358	0.627839199668516	32
-0.016281410161617	0.539943536985084	32
0.0739075845875	0.481198156986456	12
-0.000927353225326	0.372871240417768	12
-0.072981614740002	0.648806974005703	12
0.055818367954014	0.674465317308883	12
-0.029573572500606	0.526689043358393	12
0.091547903615848	0.958539088705718	12
-0.00707209857014401	0.629074872205888	12
-0.093835401916296	0.445053869044239	12
-0.095553695956353	0.491324723035765	12
0.07276458713877	0.902957288661819	12
-0.068164860260767	0.603539504088213	71
-0.088453065491385	0.636391241292857	25
-0.104888648577743	0.518489516430304	25
-0.094002404310843	0.430917932709904	25
-0.071692960078928	0.516634544860558	25
-0.022919338510383	0.368768560033677	25
-0.037703588470881	0.353277219968744	25
0.00711325527443096	0.521499200545618	25
0.00891794458432804	0.555854296519048	25
-0.102926908032766	0.367445897344502	148
-0.031190540802358	0.360316906711677	25
-0.023714032371702	0.36929694647401	25
0.0198658194642189	0.463387676010311	25
0.037287562890486	0.483478918523674	25
-0.000927353225326	0.372871240417768	25
-0.030149465626653	0.170514802132598	25
-0.031426607902758	0.167493204961426	25
-0.029413832966949	0.172818763268529	25
-0.020869029187433	0.267401516299483	8
0.071138102444812	0.485768431488604	8
-0.029960409291779	0.457027418484376	8
0.07760107462203	0.38876506718811	8
-0.025098699439262	0.174305828211983	8
0.075607363879052	0.387516869848135	8
0.000899497896285961	0.370375849678017	77
0.033061477312796	0.270779912051715	77
-0.078001453595261	1.90077350700993	63
-0.00467496735789702	1.32405145809769	9
-0.10511739832664	0.595416034429754	9
0.025586753817114	0.379530911316085	59
0.073772123672465	0.668354261963694	59
0.124389535109194	0.197734208595323	9
0.011605705499149	0.459386663891476	9
-0.106851206672336	0.591518609968244	32
-0.00156812777179099	0.547191102146869	32
0.00678107938178096	0.705102340316784	32
-0.10972859935945	0.354736908701965	32
0.081113650936653	0.491093560615585	32
-0.10918352000703	0.254318215130562	32
0.04334624602603	0.688351585913421	32
0.023964081673747	0.370305775962738	32
0.010433373759799	0.467547070340731	32
0.093692632140025	1.14166270445775	12
0.106082047305338	0.819593358596983	12
0.012848059327266	0.5435243612044	12
0.00833210240297799	0.705071638400273	12
-0.111324637583723	0.560688421404449	12
-0.030087919825394	0.652068232496232	12
-0.042737134895762	0.667294932176274	12
0.0397576657547291	0.275397703608674	12
-0.107310678002343	0.529497884334051	12
-0.063567230284164	0.518861989188813	25
-0.059767517062514	0.520862571242386	25
-0.073101650075799	0.2575003920763	25
0.085576139262102	0.687737102553592	25
0.047430509654909	0.635005899252862	25
0.025450127610795	0.569931030603253	25
0.052097444635837	0.492963340319041	25
0.049167677623311	0.626447645569553	25
-0.070781166902121	0.260231018061992	25
0.07889078839335	0.575424874169087	25
-0.123544432827391	0.356131807764881	25
0.025178225509343	0.364472640087065	89
0.087883250377138	0.38246159671186	8
-0.013701095632498	0.350251616464756	8
-0.019841607108566	0.26850409291732	8
-0.117963442428011	0.156497220770852	77
-0.119828746203438	2.06928200309095	63
-0.086123600582715	1.88974496438149	63
0.0365255335821419	2.19066224129501	63
0.056722149408964	0.922638860984473	63
0.107120009300207	0.481695050554689	63
-0.101022446406454	0.435071919236734	63
0.00426431727340004	0.686792233424038	63
-0.097311423276724	0.599543799485348	63
-0.056458832965664	0.644756031387272	63
0.028548519117075	0.719306075546965	63
-0.00217782724353699	0.367912196810422	59
0.025801694916449	0.364692388594931	59
-0.021745874786027	0.269910043751504	9
-0.00591266714669902	0.689048120032478	32
-0.020574806036933	0.269722437786369	32
-0.105585149400419	0.358463891609673	32
-0.049350615661943	0.457797346381394	12
-0.08711232545982	0.443582352620019	12
0.00453780048376695	0.54658150950047	12
-0.00360083243624898	0.621180666031609	12
-0.030325416108958	0.610181422073118	12
-0.103496250642491	0.442288054715722	12
0.100972424180959	1.03452228878689	12
0.0221963395106199	0.70909697370185	25
-0.118273208503661	0.155900053042255	25
-0.070360410439808	0.359660039326101	25
-0.080513678491726	0.358474963519188	25
0.084227483818818	0.664845885551645	25
-0.01818820263338	0.465130064686619	25
-0.0023142086929	0.553927988099533	25
-0.066905333034357	0.44666246919838	25
-0.111561126756677	0.245235397158836	148
-0.00340354255030101	0.372721898724938	25
0.0375957162630221	0.27510369868001	25
-0.017603330150139	0.268859144190581	25
-0.114276543314032	0.154172478009427	8
-0.103812441321807	0.253695707556154	8
0.033076580171425	0.378079455536604	77
-0.079206275085368	2.39254465220565	63
-0.00754864066127903	2.47990662455268	63
-0.00533340345272498	1.47409937772322	9
-0.047470395102029	1.13518916769916	9
0.05008833489627	1.62842550510105	9
0.113684119970338	0.606193497151225	63
0.0371436847314171	0.711804110098271	63
0.063380088983494	0.772680591850339	63
-0.102686557061739	0.344992713851319	63
-0.087224044144124	0.555990961819078	63
0.099195931169718	0.661849463349069	59
-0.011551042810984	0.543397511411126	9
-0.010213456925232	0.359131336393131	9
0.08139727461271	0.388857070094878	9
0.00494371455085796	0.690802390010035	32
0.109292034751663	0.658069677420773	32
0.050676947768043	0.845646461500561	32
-0.015212575414884	0.603263714478102	32
-0.115390381317544	0.366234617328389	12
-0.020971882366813	0.543337718347034	12
-0.018045032665245	0.464442403814766	12
0.050866394370917	0.77983731611212	12
-0.082147490433333	0.432514560713431	12
-0.036824708412825	0.604972219507309	12
-0.010664269027613	0.77385271663334	12
-0.084257742617096	0.526425031025921	12
-0.00502619135260601	0.621920336751341	12
-0.117323738849972	0.509491139549335	12
-0.103194059959979	0.366119796412885	12
-0.064149408130013	0.607922019110455	71
0.00291931988743899	0.700392533161417	71
-0.000942396545451973	0.674656533185978	71
-0.027275256010713	0.664219246410288	25
0.051632429804979	0.640490428526721	25
-0.000927353225326	0.372871240417768	25
-0.080548492054573	0.449164771990745	25
-0.041363525467032	0.491127851483788	25
0.087878802551168	0.674791531391871	25
-0.06339934407387	0.436314791989947	25
0.118608124078792	0.751095313902251	25
0.015730612694257	0.551337129183555	148
-0.056946390785584	0.515166310856921	148
-0.108822945958443	0.346089023346135	25
-0.064692463259008	0.37093945127944	25
0.028071959667024	0.372243487059399	25
0.0773263457265621	0.486555105339772	25
-0.108809899670171	0.245024676193739	89
-0.105758677824022	0.253370916607257	25
0.085969852811596	0.382379989063167	8
0.032654987132605	0.370872829152972	8
0.033674916899099	0.375745759180627	77
-0.022039319845647	0.268085593180919	56
-0.106148306479136	2.23976359467325	63
-0.115569047473307	1.08732781176091	9
-0.096191937386254	1.01686934870628	9
-0.10535090590923	0.44068112695471	63
-0.114428207349279	0.596120179202368	63
0.035919353186425	0.928485247973957	63
0.095560673965299	0.652782428510629	9
-0.042212567121764	0.58752285500182	9
-0.083743076755716	0.492860468701425	9
0.04819325015673	0.986131527755513	32
-0.01423800000599	0.741875857304576	32
-0.102209588186041	0.562834236786846	32
-0.069683968593487	0.577970388686366	32
-0.00715258395781299	0.683410784403234	32
-0.055490430575468	0.539324831214237	32
-0.030961246601473	0.517036991361769	32
0.00170944223903302	0.537465276086932	32
0.053690873394761	0.842114910939538	12
-0.102802180726978	0.533214218446087	12
-0.069784152430428	0.524504891174674	12
0.088789155620381	0.994487183168656	12
0.052173378538339	0.719047287519318	12
-0.113494996936506	0.35459200092452	12
-0.026320100295633	0.598114388945319	12
-0.068850844782046	0.439074639343489	12
-0.066433886993756	0.592157645587592	12
-0.033311241944248	0.613327423366309	12
-0.075621654393811	0.489204345729437	71
-0.124917071558814	0.356839123048549	25
-0.00579887796914402	0.546641239932872	25
-0.063944565314007	0.450995343027055	25
-0.103462837814602	0.409762443285657	25
-0.080104835380393	0.342716581945735	25
0.075101744125473	0.495515123830614	25
-0.102558776790732	0.251699488751456	25
0.112321610195855	0.602029921071062	25
0.123118216418618	0.499685666101469	25
-0.02877631167436	0.173644512897175	25
-0.119599276934462	0.151447745286751	25
-0.113966855716624	0.157916651360879	25
-0.028029135968107	0.258813048491635	8
-0.069176470636173	0.259271773591999	25
0.0379185734231	0.27611373602271	25
-0.101484296709537	0.2544337376037	8
-0.10399078709377	0.245627779087772	8
0.116962765488044	0.508381800166244	56
-0.10871208448491	0.25490009992713	56
-0.02877631167436	0.173644512897175	77
0.082628698420937	0.773813633263493	63
-0.111340327571628	0.6417806787455	63
-0.053583097852508	0.691399691927332	32
0.109485192916123	0.966027919534342	32
-0.047624094931956	0.593629742107638	32
0.057247162614942	0.918235408954951	12
-0.060039044435226	0.525128246407269	12
-0.066667264648481	0.56718580203404	12
-0.000064623041031997	0.783178827082493	12
0.104354487189199	1.01856249781483	12
-0.111495911695881	0.445000980981127	12
-0.090769566999155	0.517282125769665	71
-0.101582231437562	0.500178974718673	12
-0.117445117556126	0.44085189210878	12
-0.103669433256615	0.362870534529684	12
-0.071599660309221	0.454321982256913	25
-0.051249101330328	0.450916154184656	25
0.108986686144168	0.596669703214273	25
-0.052334828815988	0.368464353940397	25
-0.06260391877623	0.364591054995211	25
-0.100401544714445	0.256754720965415	25
-0.119288471122515	0.155184266731623	25
-0.000372733279235982	0.362244477797564	8
0.032254789102073	0.378422467944719	8
0.02470587769178	0.362902877673448	25
-0.028488979341531	0.365318265737621	8
0.091450698047817	0.490877314290746	8
-0.022477431675832	0.268404057147586	77
0.098249899214229	0.91052054560764	63
-0.087272918436091	0.594303701705574	63
0.044276826660975	0.463635550448417	63
-0.069919854481493	0.259671183434347	63
0.101813181855925	0.739012349474955	63
-0.039504268196398	0.161565700522575	9
0.1241586468424	1.26072816363248	32
0.053658113500996	0.898755449657339	32
-0.118449340896648	0.234963071045391	32
-0.041544491760745	0.331417306722908	32
0.109858091329459	0.502638235685451	32
-0.01670221113546	0.465259427093428	32
0.080572396577535	0.584200247746862	32
-0.014203107385913	0.264251573053596	32
-0.059018501487354	0.435238643709391	12
-0.096842361046419	0.443211407611879	12
0.064251387274422	0.587471222677295	12
0.076967274919106	0.381479933384378	12
0.049507327376081	0.564845882370631	12
0.11234369714175	0.884322969961606	12
0.036030100185806	0.780858217760567	12
-0.037995689500697	0.511815336892112	12
-0.018996624740953	0.681905270497156	12
-0.01497810955776	0.696839710477641	12
-0.024684988558217	0.446180117937139	12
0.069153631271196	0.659637802721242	12
-0.042267701805991	0.60423055154423	12
-0.077070192347358	0.441149553990812	12
0.056006406031643	0.863887482084408	12
-0.02534491565554	0.754339983746038	12
-0.116484460511718	0.478003818856194	71
0.0428093327383841	0.607457196854277	25
-0.023493292844011	0.738785589528348	25
0.019790194784561	0.621247521598435	25
0.0403057729010869	0.271117292110369	25
-0.078488748115123	0.250825710151551	25
0.058460523492902	0.490675700575135	25
0.067770111340547	0.561704249384638	25
-0.0299318918931	0.527232150535579	829
0.077802015707465	0.486577870205056	25
0.085392102299508	0.669272006892776	25
0.027432539564356	0.470925071600901	25
0.057769699882112	0.569830908922448	25
-0.083409388505161	0.334068331451681	25
0.042908607708101	0.471814671604495	25
-0.071038478845683	0.360630617433566	25
-0.00611892778334	0.4709462655288	25
-0.108341140851008	0.246105765155768	25
-0.023354106255858	0.264008686006791	89
0.121075523284425	0.285285526732816	25
-0.077281598063867	0.252283685545481	25
0.069962452453744	0.374284345282948	8
0.012029562344466	0.291128776978096	25
-0.028134034490003	0.172806906043131	77
-0.029693633205376	0.169510793978325	77
-0.014267535940299	0.474137323676412	63
-0.060206792806931	0.524198010106364	63
0.10438320232208	0.712944845380475	63
0.0234646930117171	0.634073813262925	63
0.011581286665232	0.613893917654827	63
-0.10075651878327	0.255680304789249	59
-0.085197261012467	0.363866313876358	9
0.07529126025349	0.378817141413374	434
-0.024588613126487	0.254623695289569	434
-0.063496587122188	0.638852674032044	32
0.09079354897068	0.815267377560849	32
-0.105243314966713	0.357679948697503	22
0.022046834257221	0.600888727095712	22
0.115351264247145	0.272663761702029	32
-0.035434156595364	0.46239931803454	32
0.0316778345987641	0.368910963166469	32
0.108387089182631	0.955360549665362	22
-0.035501747623326	0.537560800052637	12
-0.066538389593043	0.574346397961018	12
0.047427562054882	0.782433226288586	12
-0.012221694414695	0.362695667702077	12
0.028860910470404	0.675131699998928	12
0.021959636818897	0.451917508986669	12
-0.078512418040129	0.734113296754709	12
-0.045675795962909	0.672700895402512	12
-0.052495260070744	0.674785474139327	12
0.059039457934192	0.858333661988571	71
-0.056291956564234	0.701715996584836	25
-0.081982448420045	0.575775099285249	25
0.0359570506885351	0.562132943248827	25
0.040760306536442	0.629076055131662	25
-0.109304026101547	0.360030919441624	25
0.058098196128768	0.496460845398164	25
0.055551944047585	0.720243212035345	25
0.109386686591171	0.588498098976142	25
-0.02877631167436	0.173644512897175	25
0.038204923292978	0.379460653427185	8
0.039028083627871	0.378729002425147	8
0.020590417496661	0.358815137593179	77
0.107761110099672	0.494681899141199	77
0.028476221593377	0.37831854774924	77
-0.12287188483471	0.543585806739752	9
-0.067827053739464	0.574320822558517	63
-0.059244276938928	0.3700780781185	59
0.090944445178917	0.723355958296653	59
-0.123790755376245	0.252674343001596	9
0.00876972588078195	0.707715665758364	32
-0.00992865182191499	0.345408993070496	32
-0.029839944180183	0.364127578957027	32
0.011194837098279	0.484503810526745	32
-0.10236788546408	0.434289789224031	22
0.118057272547725	0.491423445102813	32
-0.113694067998144	0.701398460294062	22
-0.067104639216955	0.361393066581335	22
-0.041190423302661	0.668729297764671	12
-0.112071885934017	0.481983006687036	12
0.113629529478465	0.8970959721625	12
-0.049927236437357	0.440706739300813	12
-0.081588661704254	0.369965207353515	12
0.051291071469143	1.04912072584385	12
0.072978506435855	0.467379100166182	12
-0.111057786302385	0.596951972191227	71
-0.076808138067261	0.594258352601628	71
-0.083709253819766	0.56324472262313	25
-0.018608992733227	0.669958758256081	25
-0.047886114530959	0.456888383812819	25
0.0256504192473021	0.364354882507955	25
0.05346552433972	0.790661924438239	25
-0.087915298420952	0.4887881446744	25
-0.055978768147009	0.458470667456935	25
0.084599745721746	0.583178458321776	25
-0.035962429579127	0.453938235443928	89
-0.037140033733443	0.159250362688668	25
0.067917352826522	0.371852909874597	25
-0.043050099802626	0.368114525519889	8
0.079166600949279	0.383899438561473	8
0.073481681607939	0.378009035785557	8
0.122059427558701	0.281979432472966	77
0.028062441879618	0.377731831553495	77
-0.112044575647279	0.346534032923324	63
-0.1208778047575	0.368244465870722	63
0.00433610451198596	0.667196293067385	63
-0.12034552136785	0.441670621309309	63
-0.066293672901842	0.360260161330319	63
-0.109068645331756	0.515181846463516	63
0.102980330711343	0.888257216328578	63
-0.104088775600224	0.665156499346729	59
-0.01372195401311	0.470594581369217	59
-0.05298780904066	0.847736717321809	32
0.0100494609213651	0.559039132647624	32
0.017833545886678	0.677716924487083	32
-0.068208274657866	0.513895390221827	32
0.043031111891261	0.719348180092575	32
-0.054028237633218	0.373713710077724	32
-0.089935121591196	0.497393286094021	32
-0.103003823653852	0.42702429636156	32
0.0485159262591161	0.474300604359398	12
-0.018847672488239	0.258755449722135	12
-0.066208651670735	0.260523362797263	12
0.00632659555883997	0.549643431309441	12
0.00887606081891701	0.823463306016725	12
0.041457630983219	0.779871514354962	12
0.073486234337115	0.587129375963411	12
0.018223237552589	0.885368023661423	12
-0.099077055213809	0.597743071866004	12
0.114456527282159	1.00539876296397	12
-0.054559061675498	0.663154104007899	12
-0.01975669322544	0.812156567224493	12
-0.078459453785522	0.353233311115671	12
-0.011836360725307	0.46209691163324	12
-0.029449452671179	0.647014001423478	25
0.071219489207941	0.734872729229713	25
-0.10871208448491	0.25490009992713	25
-0.0640505035718	0.518201929170195	25
-0.103202685124578	0.433466283585434	25
-0.115823851775107	0.431328664607863	25
-0.00823650948356402	0.621161646951452	25
-0.04640551798454	0.512262685427212	25
0.113870929882487	0.674541032941227	25
0.081515069908177	0.498853213294819	25
-0.021745874786027	0.269910043751504	25
-0.036322638751569	0.359119083953909	25
0.085787433971348	0.664203240599062	89
-0.015920616492462	0.541326054804084	8
0.038638734259801	0.276207805014844	56
-0.098225023609428	0.253713085349514	77
0.066722699652084	1.24379538156633	63
-0.000905976550211019	0.887292202851439	59
0.075766796863994	1.09959035929807	59
0.087263525256128	1.17737121354533	59
0.028688625129815	0.363993581273674	9
-0.102541823633792	0.427099213271059	32
-0.012035056957392	0.362173915210259	32
-0.02164134798943	0.372172871612323	32
-0.030765866130535	0.367778220711465	32
-0.119930243609158	0.360459657911731	12
0.100702720855077	0.809363559548463	71
0.00690438444835395	0.629381268785988	12
-0.018489326141691	0.472989720200254	12
-0.056300076616871	0.504555751159492	12
0.068858552151474	0.530006715192652	12
-0.049093874213878	0.601587592521564	12
-0.064602806517078	0.361835895870205	12
-0.080357885638584	0.243748904094956	12
-0.080877800509758	0.366543909081819	12
-0.071456836241211	0.682218305945133	12
0.06031934489498	0.866513051490411	71
-0.102209145419664	0.506796790422779	71
-0.097930786681062	0.363392702814414	25
0.103698405924185	0.811507670776301	25
0.0766440219846199	0.736992866939692	25
0.067589217874816	0.63736398151253	25
0.0638163482956941	0.648206429710031	25
-0.025176326344012	0.496100273670433	25
0.104350041449295	0.744590215439957	25
-0.051580308850525	0.359071053431081	25
0.038241109058168	0.273651889041503	25
-0.113966855716624	0.157916651360879	25
-0.064722485926279	0.259560063413104	77
-0.029939826094463	0.260278171970001	56
-0.117610798599704	0.155996282087211	56
0.077135408648437	0.388025565486924	77
0.011556305135744	0.968287973738635	63
-0.080579201725161	0.358728457935859	63
-0.018803468051635	0.321039610901904	63
-0.120255767255567	0.35713392770632	63
-0.000233321021422983	1.01624496991663	59
-0.065419392912883	0.730516167600791	59
-0.075364479555986	0.445254449904097	9
-0.063639914635997	0.371561780031188	32
0.053461618011594	1.04192763849961	32
-0.029554742332194	0.546465715853995	32
0.076454158498192	0.496703098105851	32
0.0215407490010821	0.561071325989151	12
-0.00557438627839102	0.350794503639577	12
-0.045565609466327	0.462096454526685	12
-0.098200022859681	0.424577417386254	71
-0.074572364149333	0.513209299479524	71
0.00203266896338605	0.459545720044185	12
-0.04884445990429	0.584351440103104	12
-0.104029876826391	0.606024035847547	12
-0.00128393683135403	0.731549176955791	12
0.086342593708143	0.729619504552875	12
0.020734020129218	0.75694636404063	12
-0.002633023477913	0.459512045171989	12
0.050631095692773	0.782051422683734	71
-0.10677207911291	0.527539004574906	25
0.027701050915536	0.890498379034625	25
0.047184024621731	0.96151102369789	25
-0.117243880505935	0.50242450128458	25
0.061877951634123	0.846046781798967	167
0.063527209615857	0.787035532774848	25
0.042855490051377	0.618809600960652	25
0.111466500551681	0.672954092068491	25
0.070209766286815	0.64217173580447	25
0.104193739349558	0.836636635618834	25
-0.087146522567628	0.506639173349674	25
-0.124302434153956	0.365445369038836	25
-0.107172999711994	0.418012380120707	25
0.021729201390116	0.543831803985739	25
0.050801439154071	0.559349750324175	25
-0.062932841574471	0.445225582342328	25
-0.074309211853067	0.258811264167385	8
-0.066951171271548	0.259005560156235	8
-0.092904601984386	0.342516530742444	29
0.079160074124628	0.487072876329089	29
-0.028134034490003	0.172806906043131	8
-0.071978095562704	0.252019488792616	8
0.040826672022737	1.03844683813177	63
0.039519894566213	0.626796106478586	63
-0.1196113174901	0.335313551989352	63
-0.00648641543576001	0.942966720931057	59
-0.014542438355953	0.878353700151967	59
0.025440975111769	0.619272543848728	59
0.035632914692691	0.268631238899493	9
0.120787202575018	0.590852060185419	9
0.112162756610147	0.600141444091393	434
-0.071331504474889	0.248111517897039	434
0.020285987845402	0.348048321397168	32
0.06298349863969	0.567673169642565	32
-0.110902098222947	0.432988962007456	32
0.027068429596974	0.716594692433113	32
-0.092699097422518	0.44801894510668	32
-0.00200049037418598	0.367446089201823	32
-0.052381609273841	0.355671720959652	32
0.089703055154851	0.556329092731647	32
-0.073640012941972	0.250496084157305	32
-0.079548395342375	0.64052151088244	22
0.045509055615226	0.78347561806706	22
0.085523738144072	0.88224589774488	22
0.00161369728786798	0.825615924462646	22
-0.098740235797065	0.363108042247073	12
-0.102189734701254	0.435726954961408	12
0.07104030898378	0.782354641655633	12
-0.063172735926442	0.4194542167172	12
0.023005790272033	0.451038181691583	12
-0.116024530102806	0.4202363804445	12
-0.105922991301133	0.354753616794431	12
-0.042244423171175	0.538455846722425	12
0.011675215610395	0.539940014749934	12
-0.056334580933676	0.517779545705045	12
0.00121862433433995	0.772500908365672	12
0.089498073097076	0.738581537360421	12
-0.085463834878584	0.575304862275988	71
0.034226787234195	0.942709601081061	71
0.0294172627778641	0.742684803935359	25
-0.058413489794053	0.603858771626057	25
-0.095756316961682	0.494768077932209	25
0.109582431441087	0.505806456725959	25
0.00314120747443303	0.473415683366205	25
0.108468074867203	0.482135550737235	25
0.0298817628413141	0.356707366090045	25
-0.071007789704336	0.248573164755174	8
-0.101797575977319	0.254768097683403	29
0.0314335536256291	0.372735219262812	29
-0.105303244641223	0.360143209811097	8
-0.010486862121815	0.352744741658134	77
-0.103363402132823	0.249238064348442	77
-0.079234072923102	0.249666159057936	77
-0.026529127562497	0.267078795770179	77
0.0694077003106201	0.374854907194095	77
-0.039442880685458	0.815713440313239	63
-0.016129311186196	0.752091696961941	63
-0.051841921045748	0.598052462767987	63
-0.025169867002574	0.540820722201376	63
0.042204544857809	0.718438520907813	63
0.116190239041797	0.842788933109327	63
-0.067512583649324	0.257395970222565	63
-0.106728708676164	0.602322391329571	63
0.099831380019877	0.748745935219774	59
0.025977494536219	0.44464492170744	434
-0.066490926064363	0.258195369298619	434
-0.123594147030204	0.355111928070461	32
-0.108024023336937	0.249146471505106	32
-0.080879469358949	0.572128190898158	32
0.079752588935799	0.568805723386658	32
-0.00703913714367999	1.0153443817552	32
-0.039193397873674	0.584722017581738	32
-0.062392818384806	0.58150280107928	32
0.079072358892465	0.488404811559276	32
0.10087722633209	0.742517009885835	71
-0.06244925692418	0.518884110385883	12
0.071097736374592	0.880086813357701	12
-0.084728040903346	0.526601437074195	12
-0.060795893572885	0.679933684353111	12
-0.09282093061257	0.601489767082533	12
-0.02782183836171	0.459093152215276	12
0.103049776113915	0.574385018630209	12
0.099689448619724	0.73525378623491	12
-0.079408549571688	0.526369596710146	12
-0.116727654834231	0.350236056805751	12
0.075860293375257	0.957553928717779	12
0.0194952946657569	0.837533321815443	25
0.086214438255897	0.808895757392929	25
0.023620894645954	0.623594567300129	25
-0.018775541372845	0.266650527315131	25
0.08849658642281	0.80182664720558	25
-0.039721855565682	0.580487846839736	25
0.101479010973478	0.872783671684795	25
0.0297327606986461	0.6083569942942	25
-0.047041358621766	0.458711480392889	25
-0.023855778590479	0.255278326840074	116
-0.066706581996029	0.359312269489896	25
0.053326508191018	0.638345163998003	25
-0.075295165351935	0.37398003799853	25
0.089146533299118	0.667504635779553	25
-0.037867525829217	0.352523849623951	89
0.104055952777075	0.576131978267815	8
-0.117096778394897	0.36610632993635	8
0.078184734094236	0.369566899262383	29
0.026347691672706	0.364489316453125	29
-0.060170865172429	0.345920728183639	8
0.036802555662484	0.272143887116968	8
-0.011477453012469	0.353924727758267	77
0.026886487465041	0.381230989082168	77
-0.079679500514994	0.362425831293422	63
-0.061990168112106	0.449479065703988	63
0.07708066949166	0.376145240710213	63
-0.122547701727792	0.422591350277016	63
-0.120012771222204	0.427350446279386	59
0.119854911427691	0.508836758924092	9
-0.081483011193634	0.232579958115941	9
-0.071871665423297	0.362220730325627	434
0.022767875006537	0.524045796235246	32
-0.070270229954871	0.442206796095166	32
0.000258915276802996	0.466078051907551	32
-0.08902928900883	0.350800787986068	32
0.063064983309832	0.732021696345056	32
-0.00400407398456798	0.369001679377505	32
-0.000726432162145019	0.546097795405746	32
-0.072120060713005	0.245606355021923	22
0.083900565196059	0.488079718553841	12
0.011674497407009	0.478393030486428	12
-0.00355138859301501	0.516328731005239	12
-0.102940737155533	0.445135401910016	71
0.042028693838317	0.271660634219769	71
-0.113710008200263	0.438764490891193	71
0.041607050222053	0.472352957949666	71
0.055998222706462	0.472452547350252	12
0.0836754640084631	0.504196480354258	12
0.04315486890522	0.466324179880387	12
-0.018717831368774	0.607179186619328	12
-0.060964864313018	0.528539758042004	12
0.112765910891631	0.74929406690431	25
0.049363250049979	0.478088825915407	25
-0.103520595541442	0.249328203358959	25
0.020048872470643	0.351571160345987	25
-0.024659085194958	0.465323252353258	25
0.019052371516432	0.550549684129417	25
-0.095359953066093	0.425233255992293	25
0.00305120531554703	0.470196355267721	25
-0.044030174815719	0.455979276084718	829
0.077330513464929	0.495214309519963	25
-0.030129890192167	0.255695138842311	25
0.108862112223799	0.483448799044675	25
-0.029413832966949	0.172818763268529	8
-0.030028211657445	0.169266326339887	8
-0.02726267877552	0.265573192056132	29
-0.029078788846085	0.173073255821478	29
-0.107241822053794	0.243805627013004	29
-0.022039319845647	0.268085593180919	77
0.0730168381555481	0.37730192508523	77
-0.110963059707564	0.153988592002744	77
-0.107872534763951	0.246113569946762	77
0.040609362333762	0.375025223522327	77
-0.106318211039964	0.251081750754318	77
-0.113349648110613	0.15418984429269	77
-0.073563717226167	0.259576971922844	77
-0.00316399039506099	0.553652072627291	63
0.06377301962228	0.587226263383862	63
0.080508526311989	0.714845821648378	63
-0.0281989573498	0.375002075953912	63
0.081916996087847	0.50198051910184	63
0.067705301144725	0.583799847555492	63
-0.032005703819391	0.543752824685875	59
0.0323572258588341	0.370482495848411	59
-0.07968979218024	0.236224377232808	32
-0.025756698517214	0.258263316464697	32
0.054136518034801	0.716177692436647	32
-0.098809254402538	0.418022134941558	32
0.121040921410795	0.290813070958169	32
-0.070292303921661	0.452644824915659	32
0.085203194999337	0.589593610389123	32
-0.067863709707338	0.35804222467035	22
-0.066208651670735	0.260523362797263	32
0.12009196169385	0.282790558132133	22
0.118240824990958	0.511715606852405	12
-0.07725837154121	0.372108074668832	12
0.04742959294559	0.27718282282581	71
0.070242687600644	0.379067800326599	12
0.048695732117139	0.649120127186533	12
-0.016906915133502	0.466397621045299	12
0.016949944394631	0.55293301063553	12
-0.117475744456562	0.339975302127339	12
0.060532561385198	0.490814736536983	12
-0.025434025034098	0.174050129956977	12
0.031897529755671	0.569975759373706	12
0.112598226240031	0.605744280941844	12
-0.012353835672972	0.543770785509736	12
0.055507854129519	0.565625878391937	12
0.0336224576359599	0.574542380317466	12
-0.075626198917171	0.428554089007924	71
-0.092691279103566	0.451791878978214	25
0.023523043357087	0.481389916426505	25
-0.03211062975966	0.461492445133932	25
-0.076359190066233	0.250118387230514	25
-0.110259025940448	0.244090246884007	25
0.112156205052305	0.508973061946806	25
0.084170597538051	0.364170444211349	25
-0.026923532894136	0.256997894703307	25
-0.12353833325711	0.152689631867009	25
0.039786660550536	0.372807778823257	25
-0.02772156095346	0.375853084138277	25
0.023391826973032	0.365112330924872	25
0.107204020838424	0.474027745588603	25
-0.122524222303971	0.15040334456565	25
0.124133365026761	0.197625616439368	25
0.039359686979131	0.274967793886388	8
-0.025098699439262	0.174305828211983	8
-0.029693633205376	0.169510793978325	29
-0.02877631167436	0.173644512897175	29
-0.028441873937004	0.173900761007562	77
-0.114982239198046	0.157618957334399	77
-0.124583907285553	0.532558703960194	63
-0.040759030556725	0.626385763633603	63
-0.075175207722213	0.754281382781032	63
0.070988811448115	0.371617857502285	434
-0.045910521787025	0.368922378030809	9
0.113032891738026	0.511052570372952	32
0.036480295028712	0.794064368592647	32
-0.00173331819339101	0.740409562038336	32
-0.08877289934878	0.678687860199895	32
-0.035281226773186	0.684436690539209	32
-0.074157328679204	0.444525763686573	32
0.047016677274614	0.704743104406146	22
-0.054955109491512	0.645778888930475	22
-0.015146274715575	0.47201537892077	22
-0.105777301838665	0.532843360411272	12
-0.037018388929467	0.586017795405061	12
-0.057326623679322	0.59641222208021	12
-0.083134974483409	0.494413928878864	71
0.067086109950529	0.657705623293296	12
0.116036328703902	0.692962299157698	12
-0.100679116607928	0.535094926428427	12
-0.12344870860002	0.593575943039911	12
0.0519407184688681	0.702571352240148	12
-0.045216539810659	0.455071814278278	12
-0.013036546784166	0.528552838108328	12
-0.116532906542246	0.358174728428884	12
-0.057596134529675	0.520985908099247	12
0.0472526993586661	0.841695237943249	12
-0.076469696337425	0.527156923575267	71
0.123075514352253	0.910559503586236	71
-0.00400868711873198	0.752077441206889	25
0.058318565638792	0.836762651274896	25
-0.099549677990362	0.536266567457346	25
-0.013370367866193	0.80659075991028	25
0.00633272914487204	0.475894875365785	25
-0.00901092292354999	0.443186615084641	25
-0.029331356436965	0.536119562392468	25
-0.031148901024707	0.370722299180092	25
0.11830995492702	0.600603659062258	25
-0.034356333533424	0.457392463369423	108
-0.050813133064484	0.368657588272971	108
0.075101744125473	0.495515123830614	25
0.086454189300897	0.549198309079763	25
-0.102617927724094	0.242641341148124	25
-0.024763463145744	0.170916076525265	25
-0.117188392762471	0.237263010312584	25
-0.030954687804223	0.352578526793511	25
-0.108496952914315	0.249346568987447	25
0.061016967101745	0.346693382200178	8
-0.040753006686108	0.370893069829762	8
0.068474260859971	0.378590127650412	8
-0.115130720171555	0.238571180885157	29
-0.115649159946922	0.151284696297746	29
0.00167182750094996	0.368970267133745	77
-0.00706808034537698	0.693505364379349	63
-0.034274185285823	0.365140932265447	63
0.0495036950594851	0.83546844604837	63
-0.046954278078397	0.653570332782158	63
0.086131480502103	0.890929695332272	63
-0.109315097747808	0.571666496786236	63
-0.020364948233199	0.696391685733566	59
-0.093777876607018	0.347192684074226	32
0.061519445318963	0.868838783725661	32
-0.019505078377644	0.764762459661913	32
0.075169690402751	0.723147733462025	32
-0.094782798412914	0.449748550446208	22
-0.113095686831158	0.428069464558124	12
-0.060705824965424	0.453809226988917	12
-0.120664236939656	0.435399834254524	12
-0.061701814673614	0.591690865170726	12
0.080112412889618	0.717658701802505	12
0.046042172465201	0.675554128873276	12
-0.118321631864478	0.410726863382708	12
0.036996448376402	0.747745236360477	12
-0.045545710778415	0.458668598763093	12
0.0171595319305961	0.765060215104926	12
0.067135588914824	0.733799585175394	12
-0.042367476439665	0.515985681129165	12
-0.057537683767279	0.527329988918746	12
-0.072254782945727	0.530523522694713	71
-0.022489226242451	0.618893849496397	25
-0.107659351408924	0.527313075039926	25
-0.041719701420418	0.540263546448608	25
0.0674484158780691	0.648086202727957	25
0.00741214930176803	0.472255079945837	25
-0.036751330781489	0.531457880242913	25
-0.078450186573843	0.444743603658939	25
0.063021585442662	0.579051775445898	25
-0.032901859488268	0.370196835365154	108
0.025698768834598	0.47958730470166	25
-0.036989612727186	0.35921479336962	25
0.118454527378899	0.496652307177234	25
-0.068830841839046	0.368260625526222	25
-0.020574806036933	0.269722437786369	25
-0.011257065851555	0.25625268989129	25
-0.048954464388118	0.35998690080365	8
-0.000322640179876987	0.37764782676079	8
0.12283573293134	0.355165239292608	29
0.073849739566618	0.468219505610415	29
0.077135408648437	0.388025565486924	29
0.073946373229529	0.376655975798149	77
-0.016137443010136	0.265933453016797	77
0.068324427713786	0.37290094549168	77
-0.092082083769216	0.364443397841866	63
0.11878220524952	0.600790248900451	63
-0.094600984142264	0.445538753426641	63
-0.018281884073747	0.694019185249188	63
0.0796411233205791	0.962325300257204	63
0.068327658751423	0.484433228609383	63
-0.033210588720988	0.516489844940854	59
-0.017162891285451	0.268549510953759	32
0.0247258744754491	0.688424077135369	32
-0.058524041992646	0.520691317202154	32
-0.00136000496588101	0.539621132276486	22
0.046902531792922	0.639632453079874	22
-0.002859996540719	0.453564539613576	22
-0.020379822531222	0.376443198999741	22
0.029776810996657	0.383169028975307	22
-0.116145468105767	0.364953039364509	22
-0.045409591514765	0.680065574917551	22
-0.055825433102616	0.521885513148159	22
-0.109634447917321	0.434863233012466	12
0.00882257313924495	0.632402194178733	12
-0.045044694133577	0.448864325487938	12
-0.102761759151822	0.40209956862842	12
-0.10677231446996	0.506126306012179	12
-0.047806576545922	0.516618628934747	12
-0.122740676676372	0.358827412879071	12
-0.02277002682716	0.594397621970346	12
-0.092683686429003	0.528383404150523	12
-0.081393676511181	0.444516345927755	12
-0.016314042787683	0.345055356513329	12
0.026409202979602	0.636575177105524	12
-0.10047077359416	0.448245690695639	12
-0.032297646659842	0.60875227066868	12
0.017330264792073	0.604008450692002	12
0.02119247028835	0.648325200320487	71
-0.122956864353121	0.433183354801106	25
-0.123106902194984	0.35895519332168	25
-0.115879213447288	0.354524324737452	25
-0.05336928214927	0.453426964790448	25
0.088983255193904	0.592246823109814	25
-0.117494915992708	0.415266407363036	25
0.044892215317053	0.579103572692588	108
0.047747822901741	0.570168303887996	108
-0.102803710792836	0.361532461298273	25
-0.073640012941972	0.250496084157305	25
-0.017088586284624	0.260770704208974	25
-0.054964436572055	0.360431572809213	29
0.033076580171425	0.378079455536604	29
-0.024120455524871	0.170958341158025	77
0.039433578398855	0.27491852021689	77
-0.021013690450166	0.270045555845676	56
-0.065465756557384	0.260706375669353	77
0.0176223797795571	0.858418226941936	63
-0.00832042252704701	0.614676851262478	63
-0.014205949875285	1.14808822704743	63
-0.106093157477825	0.589738411082621	63
-0.092668140078783	0.650552506890331	63
-0.043611477476448	0.753865554882588	63
0.075873861226304	1.00753376803798	63
-0.049141040311298	0.73890539844515	63
-0.051987374510025	0.79851806568119	63
0.108354098295965	0.981004769251165	9
0.11716803055627	0.683232601536945	9
0.028460608938612	0.782884557153436	59
0.072016491302994	0.938178998102126	22
-0.053772090549265	0.598017125672388	32
-0.08362287196128	0.622511095648946	32
0.0618821330534231	0.650883072429865	22
0.091448869415415	0.821826361589687	22
-0.018069906204783	0.906738622267701	22
0.00735332549890799	0.626872573881137	12
0.09134424001868	0.752409065305989	12
-0.065155997030975	0.6700392485227	12
0.04253514873715	0.636295008199337	12
-0.083017376695321	0.448481108500694	12
-0.078948105441561	0.519293044446812	71
0.029008453776155	0.708224582368807	12
0.104101448597819	0.884257826264421	12
-0.103251063078088	0.429782404613941	12
-0.099441782242249	0.486233168828844	12
-0.00802551194121298	0.694084299331598	12
-0.067926493624376	0.521860792807785	12
-0.030930683528288	0.576273797847295	12
-0.065597208008399	0.447433323540889	71
-0.063693175334427	0.449462490049521	25
-0.01388491390535	0.660500459725271	25
-0.082213331233946	0.436488140423695	25
0.089953005417061	0.665268345799212	25
-0.091140978985295	0.453338813809259	167
-0.112215384352849	0.354124414063437	25
0.00673853685964898	0.474642967646235	25
0.091676430421234	0.801375538666783	25
-0.123857104965437	0.355397994365406	25
0.064185691358885	0.586092154955824	25
-0.0432533238767	0.515566065305452	108
-0.0896911640819	0.369417506137712	108
-0.112426147839847	0.431184861448894	108
0.027052150416891	0.473829805123442	25
0.065890615435905	0.489935050548512	25
0.114877095853272	0.501361824061359	25
-0.103343200628145	0.25246992790755	25
-0.026419268011973	0.368469998227114	25
0.086209973109481	0.502882068556405	8
0.108706848796478	0.504819822823427	29
-0.112996353659233	0.155145728857897	29
-0.080466278083875	0.369403868077712	29
-0.069460170926457	0.260210458278827	77
-0.110845084563148	0.240665834300953	56
-0.031947129618751	0.36667290509419	77
0.0680701588175751	0.374527375529314	77
-0.056685450008218	1.37632228268054	63
0.076376838209241	1.00500880665365	63
0.013260990044705	0.589045618379106	63
-0.010455984487544	0.590249518370046	63
0.061828078429787	1.07892952980992	63
-0.064475895761706	0.74589941386152	63
0.123150439932832	1.15400680109379	63
0.038722910825389	0.601219091316742	63
-0.08773938838216	0.448617911513525	59
0.0798517302901151	0.486228900074992	59
-0.015625830293448	0.465861613788876	59
-0.007150143224465	0.446278848514523	59
-0.093902480922869	0.363662432407505	59
-0.005762969963925	0.623964704117679	32
-0.00467571189174199	0.599165766143383	22
0.060812192754145	0.576543251316434	12
0.018934158320265	0.566128630622393	12
-0.09350572008337	0.40637286403694	71
0.029317585970534	0.482908358920786	71
0.090520506109292	0.807154451231047	71
0.00271318635477402	0.558261035211768	71
-0.084254229387095	0.363133695377569	71
-0.097791499531703	0.356785071171724	71
-0.054730013963449	0.523149493078873	12
0.099158486086325	0.864611689543788	12
-0.080635381237336	0.619033583642455	12
0.104014377165405	0.836241670524338	12
0.097560944505231	1.11278799772976	12
-0.0837446321426	0.531745671676989	12
-0.087659679854923	0.444886174162272	12
-0.095969301841103	0.366651096819732	12
-0.059127061855709	0.536026667263848	12
0.060210096258231	0.786590168110773	12
-0.059922745631422	0.56790717793015	12
0.055299866421869	0.790364800008906	25
0.104360180532975	0.65155155359409	25
-0.039675282942158	0.53409351549303	25
-0.10745408826769	0.254323916056391	25
-0.045655468063109	0.374595737440338	25
0.051528356309175	0.493109661513239	25
-0.09822858117422	0.441416092641592	25
0.03720837286198	0.563703157280589	25
0.05994250716724	0.705261864788482	108
0.041587060155503	0.467084729824981	108
0.032290608591223	0.552789955714678	108
0.088109824128343	0.494998380657061	108
0.054592919683184	0.543127840101414	108
0.10688175079629	0.495388621332845	108
-0.072437683702013	0.346778587724783	25
-0.010683046735274	0.362910264257007	25
0.081141622431379	0.498657869156627	25
-0.071244484843012	0.258901596842484	8
-0.029554936719177	0.372195760104492	29
0.069775390880527	0.377157611177955	29
0.076185493676609	0.378086684909098	77
-0.119090261183212	0.154762044119738	77
-0.114364357307754	0.153517646226589	77
0.080931095749419	0.390308995272408	77
0.0623699249618051	0.652353456717881	63
0.069723670829818	0.663607937084463	63
-0.11900679164324	0.441982660391225	63
-0.046472232726863	0.668523530746059	63
0.094145993612161	1.05627210365773	59
0.00581868657722295	0.816581293699042	63
0.042363153856612	0.470683647281008	63
-0.012169938789015	0.848369130175365	63
-0.07020339980131	0.259463267576366	59
-0.02877631167436	0.173644512897175	59
0.042564973292466	0.274116887303467	59
0.112433960525937	0.499935262627065	59
-0.112531702978309	0.517795482004282	59
0.101275780854789	1.00722236625379	32
0.04514777658109	0.57731384077341	32
0.077273900899853	0.91912649262682	22
-0.108515554319918	0.418431327666606	22
0.049356355988296	0.573076035110719	22
0.016729203649772	0.699078245263587	71
-0.03129887673151	0.535078592306733	71
0.04538571896017	0.641142093136408	71
-0.099010177872128	0.360719019957899	12
-0.061861997460675	0.520245983242057	12
0.103031866300737	0.485500235421234	12
-0.071859867276353	0.611649947931579	12
0.043447156606536	0.836737211780356	12
-0.059270133279846	0.350264618488932	12
-0.107900980239723	0.422851534211005	12
0.00754781040040098	0.609727293742936	12
-0.059297045668914	0.437878040811386	12
-0.10474616303885	0.511259725841989	12
-0.106909163722048	0.433597786224824	71
0.033736614004609	0.699239986494313	71
-0.024097793855474	0.593955583110666	71
0.041114383222824	0.691120157791884	25
0.102159887925919	0.808818359963851	25
-0.115892013762891	0.43796423150972	25
-0.071491874983286	0.439065450831445	25
-0.007057418609415	0.367926555473296	25
-0.084560720930764	0.365402473414517	25
-0.021027391327243	0.459905652790509	25
0.090886433916791	0.578694831789916	25
0.030968176113253	0.637357215539952	25
0.051454472187127	0.626780147427134	25
-0.0023142086929	0.553927988099533	108
-0.053004013549337	0.450428170158969	108
-0.122426929570252	0.436128636937808	108
0.114210840337543	0.592921561018785	108
-0.081519614122011	0.358117436813734	25
-0.107139989036522	0.354809164986289	25
-0.068061498753123	0.360622511155297	25
-0.096078828265196	0.365985027212975	25
0.073164195401914	0.375869864514633	25
-0.0733554651388	0.246509234041049	25
-0.118625748284016	0.156401863873602	25
-0.051981208455243	0.358626386218826	8
0.068156745031594	0.375832467427088	8
-0.075695654631565	0.254646565579641	8
0.042028693838317	0.271660634219769	77
-0.077281598063867	0.252283685545481	77
-0.083789833868811	0.238542288766521	77
-0.053686602531737	0.449116682946825	63
-0.116253421510006	0.597638159585702	63
0.037182913388128	0.954054185208533	63
-0.123746818750665	0.530213432033403	63
-0.00105833385470999	1.04942025159199	63
-0.08203767073721	0.723645261392062	63
-0.102471369073829	0.57084612529361	63
-0.095743343195206	0.517360167439158	63
-0.09874172493971	0.530139886913201	63
-0.025745792909623	0.583278534000407	59
-0.082744465187216	0.522917066320111	59
0.101639059036324	0.876015528180602	32
0.016726352919585	1.07877315878663	32
0.054625221079565	0.734212466483636	32
0.095845160469923	0.673048110497963	32
-0.104672087442157	0.422632177458721	22
0.096770720974203	0.895640366087882	22
-0.119633137407113	0.441609477455048	22
-0.070651399282243	0.439543326668133	22
-0.056165858423072	0.598580684537737	12
0.057510704193273	0.716180554585443	12
0.101974658403011	1.11292609659207	12
-0.101961824957394	0.526642174018804	71
0.00450289341773102	0.771451964731011	71
-0.019747126416606	0.463764572209124	71
0.041980094885864	0.71602592072825	12
0.042403609562278	0.649313970263035	12
-0.079958836592515	0.565972747044005	12
-0.022714474802932	0.527041816374327	12
0.00491362412002805	0.480551276680259	12
0.091116725017115	0.588130010295774	12
0.046626745355933	0.562385264451166	12
-0.085096363324733	0.444589197230956	12
-0.098051980296131	0.485677488871223	12
-0.091340171688926	0.491523793785803	12
-0.111446543165306	0.443898310242913	12
-0.10615359983572	0.439458247569186	12
0.075779014528383	0.786009290982981	25
-0.09795949303269	0.532266032795494	25
-0.000536691411981982	0.599345312264385	25
0.038638734259801	0.276207805014844	25
-0.060066296738834	0.510485384749559	25
0.033722577503233	0.472655689397018	25
0.039104810644768	0.642376573811807	108
-0.069893337394234	0.350415260077946	108
0.119726591114934	0.694071363519407	108
-0.108624123394961	0.354399040937349	108
0.036158934089996	0.562120867659409	25
-0.073847371302965	0.256745514816441	8
0.02854482937353	0.373891902221338	8
-0.106666995008718	0.253517177752079	29
0.072594608487859	0.390377273900599	29
-0.034128317899022	0.17006053637181	77
-0.091494989473527	0.81691950086791	63
-0.099207595955155	0.717567096235301	63
0.102118621258654	0.968695573628144	63
0.024948636706849	0.688621192828747	63
0.00133563870479303	0.918111656969194	63
0.102859101797051	1.19579636344301	63
0.032212832133928	0.869919003826797	63
0.018450166831072	0.777519967052707	63
-0.030765866130535	0.367778220711465	59
-0.019841607108566	0.26850409291732	59
-0.042580665553161	0.461747708030825	59
0.048103622109882	0.930336481151965	32
-0.021858877120079	0.620216042982501	32
0.065354387547228	0.799929671716474	32
0.078487562182237	0.934512322812696	32
-0.111372513699892	0.556698194181333	32
-0.076765816034589	0.512260195912595	22
-0.088294198825435	0.406468162185309	237
-0.056397558441063	0.603223102892182	237
0.024966311195142	0.825603231144511	22
-0.059389764039211	0.662807767568326	12
-0.00149502713830402	0.846170967488031	12
0.000577210756696034	0.737919645025756	12
0.044960798937991	0.865086064733172	71
-0.112541071379429	0.446646384150281	71
0.076765502440874	0.850489250453388	12
-0.085298204818285	0.444960009391415	71
0.00277176537408697	0.774787699110139	71
-0.055599077666496	0.556510148354598	12
-0.084297253648472	0.446411878728191	12
-0.05132126290231	0.578649987668641	12
-0.100177213050999	0.356166447631647	12
0.0460021319002361	0.554752775916243	12
-0.12492021785807	0.359631240733848	12
-0.049610264897667	0.526699835577046	71
-0.000191891816657019	0.627787864910317	71
-0.071405198565685	0.447149395948919	71
-0.060845256135285	0.452162332205638	25
-0.073630025670675	0.450652281132638	25
-0.018804133157222	0.670849398789723	167
0.022853331019838	0.457930055605264	167
0.073448076080112	0.478047046649728	25
-0.067413261136411	0.363747623636483	25
-0.113356142724083	0.356817220330698	108
-0.070662856736788	0.258925824146404	108
-0.038269904847282	0.355588019204323	108
-0.085550108971826	0.363846264300835	108
0.023990394041305	0.368396740477604	25
-0.030954687804223	0.352578526793511	25
0.114828958610073	0.592734364512852	25
-0.00332527675420502	0.378775282960335	8
0.046182065961366	0.267550260689775	8
0.077284223638036	0.387223229147387	29
-0.030449843442321	0.168128956126301	29
0.072443324195537	0.383566903123666	29
0.042673899649155	0.282838963018334	77
-0.117963442428011	0.156497220770852	77
-0.096025946596958	1.95895539647853	63
0.104467404804588	0.476426880153112	63
-0.071652905839012	0.995916860159529	59
-0.110612900846365	0.151023109701373	59
-0.043191066338681	0.734135137795869	59
0.122394295244367	1.20868635648651	22
-0.02523219238277	0.739565443523425	32
0.00474372376227605	0.922803367834137	32
-0.048239578949311	0.677534186709288	32
0.013194510693101	0.690847942788227	71
0.032919202405711	0.715477091830995	71
-0.091958121283432	0.436502438059848	71
-0.01806852979904	0.465333255163901	12
0.081311190584214	0.577930679609478	12
-0.042700726530107	0.560244969147336	12
-0.105039488456246	0.526975779911641	12
-0.013949109722279	0.356213755412	12
-0.050939550300707	0.910911349538909	12
0.101225433817646	0.756163389781035	12
0.057607625546564	0.489682702193102	71
0.085115734017116	0.574566591057108	71
-0.025407103457877	0.449653713942193	25
-0.042978450195959	0.640873265035015	25
-0.05703873085843	0.599065701135505	25
0.115037345883054	0.578507587275788	25
0.068474260859971	0.378590127650412	25
-0.030673523454202	0.259581900320893	108
-0.022039319845647	0.268085593180919	108
0.075106182414979	0.383331720938937	25
-0.11245807661423	0.246751435838627	25
-0.118742213907014	0.154014976686484	25
0.081916996087847	0.50198051910184	25
-0.070036245403233	0.260424894527491	8
-0.022477431675832	0.268404057147586	8
-0.074771205863127	0.259072910703671	29
-0.118316174335936	0.155498649868734	29
0.114602953589185	0.595036267554795	29
-0.022919338510383	0.368768560033677	77
-0.107449541780468	0.437730255641316	77
-0.034198904408062	0.458539394973802	77
-0.061231081641251	0.880932367617155	63
-0.089358140908696	0.91101196708331	63
-0.121796702378156	0.533341745778338	59
-0.114672937136438	0.157413748425412	59
-0.017328618901271	0.917533897581224	59
-0.078551862410752	0.508645222719009	59
-0.103989810097114	0.699088386374287	32
-0.115900506909222	0.519485540130535	12
-0.037513888011853	0.85121323146483	12
-0.118583403686356	0.640407631665896	12
-0.069450725768264	0.525260161113303	12
0.028240147959365	0.679473805443987	12
-0.034446033507532	0.459187707350941	12
-0.058244093918734	0.522235413918628	71
-0.062926771589986	0.435294302811497	71
-0.00213166156078698	0.608852964872007	25
-0.02382256736421	0.544571623567972	25
-0.026566392265782	0.54113427061255	25
-0.074839403927741	0.448260332631406	25
0.054235876512075	0.483711802515887	25
-0.07111940419089	0.348020393282204	25
-0.083284322904379	0.353823981094747	108
-0.104826708539164	0.368593704185084	108
-0.109246298178369	0.525788495976814	108
-0.014645259321107	0.263026612106286	25
0.0398307974926559	0.269264818156549	89
0.101877736967192	0.47905792197996	25
-0.025060132926146	0.266028161998601	25
-0.073280284424846	0.259440205284312	29
-0.028441873937004	0.173900761007562	29
-0.119640994971663	0.154201474425124	115
-0.099927254479312	0.36049128078762	77
0.071396336992423	0.723634555963618	63
-0.094850405527999	0.513307394379321	63
0.061825666748626	0.709703537475583	63
-0.109969557341512	0.253025226822109	59
-0.017249281226983	0.591956182214438	22
0.049633401667282	0.641344943964801	12
-0.119090261183212	0.154762044119738	12
0.053184438434162	0.483080080753021	71
-0.109942320550715	0.245301795816392	71
0.025301875110138	0.359773004904214	71
0.036614924466989	0.574960030338679	71
-0.114253188635063	0.365924128714422	71
0.028464181923876	0.36269395083555	71
-0.00961642770018201	0.355900265709019	71
-0.058944753269811	0.363871309724303	71
-0.048597425575814	0.361507353397294	71
-0.026064365742523	0.438697888549641	71
-0.106084616557715	0.349264682868994	71
0.102067659338038	0.482098212049592	25
0.00015552496261495	0.379415338650237	25
-0.094882172941713	0.251430630129985	25
-0.018043920683314	0.267568731121181	25
-0.109124766338882	0.245438934885645	25
0.033601481198418	0.368791469115403	108
-0.030028211657445	0.169266326339887	108
0.0374095200584	0.276946983337553	108
-0.113966855716624	0.157916651360879	25
-0.117258242809654	0.153072996928601	89
-0.120304029045502	0.150972752389564	25
-0.028441873937004	0.173900761007562	25
0.123493832958361	0.197795733894146	77
0.00557969019181503	0.594318357197735	59
0.044118721433134	0.279622670829526	63
-0.106651210684567	0.361574564367304	63
0.030202767918032	0.484816704326857	22
-0.022792937140853	0.16004548632459	22
-0.116110700340428	0.236584447561591	32
0.119401272022261	0.280796477684154	32
0.124350739510756	0.285665890708459	32
-0.028441873937004	0.173900761007562	32
-0.034767095839651	0.169258406159813	22
-0.033791410565306	0.167700228204841	237
0.0190554238988651	0.355319117851373	237
0.033462686698001	0.272463104886097	22
-0.123184173069933	0.150301068507796	22
0.03013821460717	0.256477305328122	12
-0.071864859650719	0.255112656978146	71
0.123025141746867	0.281069478108936	71
0.0434723136132	0.275091660563614	12
-0.062506712371145	0.256982721514195	71
-0.105379872244049	0.252210109583155	71
-0.027065241517049	0.259332369542762	71
-0.076996923736709	0.250248632199741	71
-0.00583663832821002	0.361043825195774	71
0.0700437109768191	0.378830625713152	217
-0.021013690450166	0.270045555845676	167
0.069894007764704	0.370451537279228	25
-0.111516631692019	0.246560938656424	25
-0.021013690450166	0.270045555845676	108
0.040155508877679	0.273702593316528	108
-0.118978376095057	0.155402003494633	108
0.036553772306002	0.264185970467826	25
-0.024292430390792	0.260755498567134	25
0.042996012414088	0.281683533635359	25
-0.0311255445481	0.167771162660396	25
-0.029512062075877	0.167755187394558	77
-0.028441873937004	0.173900761007562	77
-0.12014057556475	0.148730054636821	63
-0.020763856133946	0.167149342002281	63
-0.119288471122515	0.155184266731623	63
-0.02877631167436	0.173644512897175	59
-0.026628911415281	0.260563198903013	22
-0.02479154844754	0.174086333588503	184
-0.036800341093474	0.358315471624568	237
-0.029058749612648	0.259255410238839	41
-0.070774386614715	0.249464758060349	71
0.039666369375441	0.274708990471623	71
-0.070599989806317	0.256402088985925	12
0.121107439307688	0.277188428373083	71
-0.027704614559016	0.263063852579589	71
-0.070379690171513	0.257776345317714	393
0.0730622257404821	0.389823437502273	71
0.124443002209963	0.292918897783287	71
-0.027413929263692	0.258361359755959	71
-0.114982239198046	0.157618957334399	25
-0.033153134288469	0.166936747068741	217
-0.062407703232476	0.255839957359827	217
-0.028134034490003	0.172806906043131	217
-0.02877631167436	0.173644512897175	25
0.032254838906347	0.376291296358619	59
0.068125566533554	0.465146617068081	59
-0.038745466195474	0.353796107521978	59
0.069307940760628	0.372593072177186	59
0.04484232043156	0.273658442962621	22
0.122786079864041	0.287802972181245	22
-0.07020339980131	0.259463267576366	32
-0.110610752391575	0.154930797049672	184
-0.034430455244034	0.166924337100382	351
-0.029078788846085	0.173073255821478	237
-0.029811391995942	0.168172845773131	65
0.117057542974782	0.278417449742267	12
0.124350739510756	0.285665890708459	12
-0.119640994971663	0.154201474425124	12
0.0455835783051129	0.276657101383866	71
0.123109079862364	0.193957169452223	71
-0.039504268196398	0.161565700522575	71
-0.029110838291211	0.169836560265533	71
0.121766676363881	0.286101535760853	583
-0.02877631167436	0.173644512897175	583
-0.101484296709537	0.2544337376037	71
0.037089991522186	0.277797196905933	71
0.046224089493101	0.275909626993528	71
-0.029850495295475	0.165178578253882	217
0.120712869718874	0.290330747439082	25
0.0385371223323721	0.278028553836216	25
-0.034465315352361	0.167341962182455	25
-0.032337840267358	0.251293141917287	25
0.123109079862364	0.193957169452223	25
-0.029078788846085	0.173073255821478	29
0.123493832958361	0.197795733894146	115
-0.042626753404556	0.439884542535832	59
0.038638734259801	0.276207805014844	159
-0.083205954061435	0.23614980665057	71
0.038315574538522	0.276547476791009	12
-0.115026110280553	0.154032649150695	71
0.047348911218857	0.27665216625518	71
-0.123232841586817	0.152558557205109	71
-0.034128317899022	0.17006053637181	71
-0.02479154844754	0.174086333588503	217
-0.110610752391575	0.154930797049672	217
0.123493832958361	0.197795733894146	25
0.123493832958361	0.197795733894146	25
0.124389535109194	0.197734208595323	3
0.123493832958361	0.197795733894146	29
0.124133365026761	0.197625616439368	77
0.123493832958361	0.197795733894146	77
0.094046989124258	0.937204486277837	59
-0.00822599904075899	0.365123667472798	59
0.087567270128275	0.505130559879062	59
0.040878233070498	0.270946470606245	63
-0.025434025034098	0.174050129956977	22
-0.071489270033331	0.361730236968033	22
-0.024455957271692	0.174341861986265	22
-0.111315460559891	0.150857244691956	237
-0.104907264525407	0.245755126785445	237
-0.034430455244034	0.166924337100382	12
0.032254789102073	0.378422467944719	71
-0.070781166902121	0.260231018061992	71
-0.078204618657334	0.248101105992673	114
-0.073563717226167	0.259576971922844	393
0.066459901552096	0.356429036253144	71
-0.025461296868583	0.262123821064352	71
0.036876648122154	0.272052800687466	167
-0.025098699439262	0.174305828211983	3
-0.030449843442321	0.168128956126301	3
-0.118273208503661	0.155900053042255	25
0.041154696164633	0.27881268979787	25
-0.117963442428011	0.156497220770852	25
-0.029413832966949	0.172818763268529	25
-0.024149838579136	0.171216551002296	29
0.123109079862364	0.193957169452223	77
0.078066588289146	0.387312257702204	59
0.0374095200584	0.276946983337553	59
-0.025769439973445	0.170263190359371	131
-0.054231112584778	0.358868966580635	237
0.0826908272547719	0.380715818751116	12
-0.123184173069933	0.150301068507796	12
-0.029748978736977	0.16905111959911	12
-0.02479154844754	0.174086333588503	12
-0.119443980543202	0.154530039605557	159
-0.02479154844754	0.174086333588503	159
-0.021436735490616	0.170030268997322	71
0.067600433906841	0.37384071806993	393
0.121731816629364	0.290029166816514	393
0.118576330899204	0.503554133818232	217
-0.115292260949475	0.154093905241773	25
-0.024455957271692	0.174341861986265	25
-0.030787648698678	0.170475170397049	25
-0.045246408070017	0.152974993766871	25
-0.026077264986138	0.170958339585501	8
-0.025769439973445	0.170263190359371	77
-0.035070264977884	0.163616019853634	77
-0.109401672465334	0.365277137588438	59
-0.068541259857971	0.256904219273791	59
-0.103344493221893	0.255970465691754	59
0.050249574120139	0.271566424172021	63
-0.028468825556319	0.169057345385475	59
-0.0311255445481	0.167771162660396	12
-0.066882793861432	0.368731999197453	71
-0.03349030871786	0.169259172983608	71
-0.025746777346444	0.252319554978152	71
0.041952674764828	0.281920583128311	71
0.0379185734231	0.27611373602271	71
-0.028134034490003	0.172806906043131	71
-0.104437260247218	0.249476484993755	393
-0.117301555479459	0.15549131738934	217
-0.113657889799439	0.157858515534477	217
-0.025434025034098	0.174050129956977	3
-0.119090261183212	0.154762044119738	3
-0.118978376095057	0.155402003494633	3
-0.123844548125151	0.149173904676147	3
-0.028441873937004	0.173900761007562	25
-0.122887640691816	0.148902740634244	25
0.124389535109194	0.197734208595323	77
0.041567778265119	0.729951974891516	59
0.042599964931253	0.652029489858348	59
-0.058773795415219	0.369079176033662	63
0.048971734248169	0.487751773942796	63
0.07099837386243	0.468780465886827	63
-0.044799025690769	0.458096784184077	59
-0.015989196884674	0.265844452724589	59
-0.02572313720024	0.370021373209082	59
-0.034767095839651	0.169258406159813	22
0.046262348036525	0.483864940229374	22
-0.039873586867424	0.369840426484069	22
0.124133365026761	0.197625616439368	22
-0.02461718382956	0.266513584221076	22
-0.111265698192636	0.359625692867721	41
-0.113613947357624	0.15494071056255	12
0.041952674764828	0.281920583128311	12
0.012649675672448	0.451302663981515	12
-0.029499211975592	0.260748846886578	12
-0.087043427176124	0.362916176676639	159
-0.102988961504888	0.255207949641421	71
-0.045786019415023	0.461236431970158	71
0.076859515798702	0.491991115858587	114
0.046174620321745	0.485425165614399	114
-0.045968774572305	0.368022470519052	71
0.04684713768462	0.463088987778709	393
0.112951678947453	0.509038906531399	393
0.075904921203981	0.495281617285529	217
0.070377327244887	0.476262796538566	217
-0.027492516736473	0.169428702216176	3
-0.106772762364404	0.244868088955495	25
-0.028743846322362	0.16970123630098	3
0.073847110832623	0.389922001072113	3
-0.115292260949475	0.154093905241773	3
-0.035005327053369	0.248569832065654	3
0.037521437143376	0.273554577509786	3
0.04339591485552	0.282131304679604	25
0.072745023470101	0.384605718257948	25
-0.029078788846085	0.173073255821478	77
0.026383862341003	0.856830068936086	63
-0.096774181652174	0.363348503575313	63
0.097801006747159	0.802480222811468	63
-0.00156065163889302	0.826616476760212	63
-0.058549736198113	0.522407933374008	59
-0.114592357957885	0.151672938971831	22
-0.036125383432219	0.369670206082937	22
-0.023259425055926	0.591941938807005	22
0.077360662258595	0.81722875249787	22
-0.022234315526267	0.536451201019685	22
-0.086522941268423	0.340699712352752	22
0.0171315611249731	0.549068751491471	22
-0.016886036649582	0.53060578313411	22
0.068938423202103	0.714456915218403	22
-0.030157048255176	0.361448844789676	22
-0.06767516462551	0.35788819688267	22
0.018251402888631	0.468264362659993	12
-0.071694988577838	0.310506777355996	12
-0.101659802470717	0.357057610202088	12
-0.121563539031773	0.358564086344958	12
0.00767853838689003	0.604606061868822	71
-0.01419658227623	0.472669257236866	71
0.026886487465041	0.381230989082168	71
-0.096614349028327	0.440153129061418	114
-0.088234437790954	0.408566395370123	167
-0.013862497561105	0.473925476058764	167
0.035526975432116	0.558532254135081	217
0.073333920488255	0.374006943126372	3
0.046024945215727	0.577859379274389	25
-0.052587560937815	0.438562399234675	25
-0.064072885803561	0.365753915622429	25
-0.103797623996317	0.422213830076874	25
0.028547092454883	0.622193729178537	25
-0.110114387678149	0.356369684074864	25
-0.108240803300012	0.254085597845077	3
-0.034572861723714	0.358611656392654	3
-0.00787394821801801	0.358661480623912	29
-0.034174690550474	0.355929750050181	29
-0.034117958926383	0.243835827750262	29
-0.028441873937004	0.173900761007562	29
-0.108809899670171	0.245024676193739	29
-0.021163546652964	0.260204831398533	115
-0.025434025034098	0.174050129956977	77
-0.02404916147719	1.67579051751561	59
-0.05618891194457	1.20890754862468	59
-0.044672099425117	0.539079824773064	63
-0.023995568082641	0.708310929085346	63
0.013950132805894	0.631455638240064	63
-0.065901975009351	0.244804783496708	22
-0.046681759543613	0.948825205769272	22
-0.042679131491764	0.758424381323509	22
0.054616140962532	1.01574053335005	54
0.059919266087628	0.752519094146998	22
0.0956472988274441	0.737211047804729	12
-0.111363309685639	0.466799771043458	12
-0.00287732028876603	0.762361353284997	12
-0.103573058728411	0.430817529179646	12
-0.090547358507553	0.433828868358932	71
0.092621971404365	0.746954186123582	71
-0.003937976522494	0.707668604399945	114
0.062885270157052	0.854623210816704	114
-0.117616312292042	0.357321594843664	71
-0.000887570531768023	0.740578195336145	71
-0.052897565204548	0.678817699808561	71
0.122181065537406	0.918203557887519	71
0.029756594937897	0.706284320807574	71
0.019626756128388	0.710976682867462	217
-0.013322728147332	0.766820266143796	217
-0.051092278710349	0.535228314692289	217
-0.035622336801231	0.351220901604271	3
0.101908739664853	0.887204306174328	25
-0.118070103813956	0.429380448645545	25
0.118538339762254	0.844062023638331	3
-0.00693863647988302	0.569261941779602	3
0.00812803054167	0.519987533743902	3
-0.109912362400077	0.363895286947884	25
0.00877257668537002	0.56162392899378	25
-0.028548874617506	0.535682907504673	25
0.07319088505567	0.663494554766785	25
0.086033202367842	0.561093799276645	25
0.073379335679153	0.390474102322105	29
-0.102340680161591	0.35724565271652	29
-0.064132327216762	0.359578802568332	29
0.071136746061806	0.371246384291129	29
-0.024588613126487	0.254623695289569	77
0.07304997529125	0.480970714714173	77
-0.124198603434929	0.151516954174281	77
-0.038010845178322	1.00428481852254	63
-0.03783310339399	0.689986988860073	63
0.019400920977004	0.605109317457769	63
-0.026170870089451	0.774682014879363	63
-0.087143813302694	0.590840389819858	59
0.05495271212996	0.725053881699054	59
-0.010750285085206	0.465516490911379	22
-0.025224141235058	0.539585460968977	54
0.104695910079025	0.74405953090807	22
0.067234547484302	0.654245321999256	22
0.048395230136985	0.756889112868791	41
-0.028766825287566	0.530565914418541	226
-0.117956029234182	0.495300049173804	12
0.025329509526438	0.701106743044269	12
-0.061745406600663	0.429644157432098	12
-0.013314876267902	0.467434732723621	159
-0.053401868938356	0.353311460540551	71
-0.051243179666623	0.366080549085446	71
0.037651116266628	0.569385553771924	71
-0.041703288784134	0.34466330630005	71
-0.04231131328123	0.364513238416582	114
-0.012035056957392	0.362173915210259	114
-0.041670931553938	0.466505111247622	71
0.014740597041614	0.53582443516106	217
0.053101829573714	0.492421827610156	217
-0.102089538887019	0.249009299146485	217
-0.064583218635627	0.371193233006582	217
-0.042994983263768	0.375421052760733	217
-0.024590455795845	0.370367242103065	25
-0.105916612840597	0.255675699464425	25
0.038638734259801	0.276207805014844	29
-0.027799332430055	0.173060458267072	29
0.0397576657547291	0.275397703608674	29
-0.117610798599704	0.155996282087211	29
0.036405772962542	0.26588990024447	29
0.0387124405678529	0.27482102948189	29
-0.118316174335936	0.155498649868734	77
0.029650649406232	0.374749031518828	77
-0.060664104373203	0.25054746366655	77
-0.029078788846085	0.173073255821478	77
0.00668314344548104	0.472378644100799	22
-0.076918911310983	0.519256714219928	54
0.0127946805036649	0.667380405109682	54
0.058700907243489	0.866934115251336	54
-0.097282257360159	0.522351275820438	22
0.00388150447578095	0.626832174315836	41
-0.091530178138838	0.361005904092439	226
-0.095320634433676	0.364439998791288	226
-0.065023781791196	0.529995801342651	12
-0.076777084045277	0.67963042775768	12
-0.118238902505886	0.359853255493181	71
0.054523579341751	0.492415882318424	71
0.023994305742707	0.480592548975865	71
-0.110729667146634	0.246376764433633	71
-0.061894997390601	0.365325037413124	71
-0.021013690450166	0.270045555845676	217
0.112783670109275	0.497041132979194	217
0.04740043349816	0.486616594331649	167
0.017548259353193	0.475191430511402	217
-0.043455543611325	0.368625243162954	3
-0.11945683747962	0.366843105412591	25
0.123716069244954	0.286849747875519	3
0.028661552635229	0.375151514948282	3
-0.117301555479459	0.15549131738934	3
0.121040921410795	0.290813070958169	25
0.031962907783641	0.374065598254046	25
-0.029413832966949	0.172818763268529	29
-0.114939561459511	0.151303715107185	29
-0.029363269001639	0.365643204559315	29
0.029732541231994	0.260274835232453	29
-0.117654391619483	0.15451194542219	115
-0.023700925274184	0.261131782152926	77
0.124389535109194	0.197734208595323	77
0.117361964160245	0.512712220850758	77
0.043718327783049	0.279182598194854	77
-0.049179601725597	0.738763171493974	63
-0.106006040209548	0.500966994591222	59
0.101476309358464	0.757304984152749	59
0.029535567960288	0.485857934302804	22
-0.02910179670785	0.250659908707016	22
0.037692657248951	0.262810003723587	22
-0.065204926113917	0.623053544972898	54
0.00265489183241896	0.549449152761887	54
-0.086047556293764	0.354798582942105	22
-0.036177730803876	0.530279778162709	226
-0.057179484470967	0.441632852389289	226
-0.052575829810382	0.359248873641483	12
-0.034639452007579	0.613132566917156	12
0.044153857129201	0.6406106912876	12
-0.10475213518478	0.435381360424213	12
-0.055842614490184	0.449544068425844	12
-0.119552453610936	0.356889822378648	159
-0.033008740590218	0.5920710891373	71
-0.00216352883165	0.458363631648762	217
0.084109960618744	0.666620370995945	217
0.08675696206837	0.496718706200346	71
-0.071501499759289	0.363839544759404	71
0.022886540456487	0.473244845758365	71
-0.088838184221507	0.37269202331124	114
0.019347270882446	0.470617674431769	71
-0.104468315040935	0.339922691885495	217
-0.121459146786164	0.362038634263723	217
-0.044595731605279	0.371942765181258	217
-0.056725792989685	0.362070611578777	217
0.0380794343900031	0.377215683944294	217
0.077723283298427	0.486259352895702	3
0.08308238985434	0.58778373297203	3
-0.11245807661423	0.246751435838627	25
0.062566076660151	0.584501650262903	25
-0.119090261183212	0.154762044119738	3
-0.017603330150139	0.268859144190581	3
0.110992568335046	0.262358574367174	3
-0.022039319845647	0.268085593180919	29
-0.023938665214304	0.258851923872147	29
-0.114319852295734	0.158428137895593	77
0.121766676363881	0.286101535760853	77
-0.118625748284016	0.156401863873602	77
-0.097900629444817	0.580595612141934	63
-0.025170821425718	0.376751411147072	59
-0.019946505954206	0.261063211082633	22
-0.052086420999194	0.455914674020798	22
-0.017945520044074	0.616881310925252	54
0.056011184600806	0.799869305299731	54
-0.00469978044342301	0.473494777690541	54
-0.044839315154973	0.459295987077812	22
-0.072355543111553	0.257120694158098	22
0.026766662314713	0.487829988728471	12
-0.028387721386944	0.45353722750321	12
-0.049751506038548	0.537868514651148	12
0.059745128050916	0.641453596957692	12
0.102804099206529	0.733908404275815	217
-0.079448204106585	0.360938744001831	217
-0.016761748940779	0.466529036012444	71
-0.036032254794627	0.364583443723249	71
-0.007478043379608	0.357609194600985	71
0.081599701055273	0.493550331081817	114
0.048416797174657	0.474325546383758	71
-0.084018481505093	0.359979496373484	71
0.00912906809994796	0.467118492876221	217
0.044002769872236	0.473829363886496	217
-0.109593374676126	0.244361187652426	3
0.110718525610395	0.501698069822511	25
-0.010365196108579	0.356122719428326	25
-0.120351990842371	0.256203115303673	3
-0.043622488770094	0.336158306369821	25
0.035319586587137	0.377686521973827	3
0.0375957162630221	0.27510369868001	25
0.038241109058168	0.273651889041503	29
-0.073466258762199	0.252617405732311	29
0.065972912649117	0.366198760568805	29
-0.109655109958118	0.252358002803606	29
-0.02782757260574	0.165883739373871	29
0.124389535109194	0.197734208595323	29
-0.021745874786027	0.269910043751504	29
-0.025098699439262	0.174305828211983	29
0.043795680561226	0.280336229603978	77
-0.110610752391575	0.154930797049672	77
-0.106666995008718	0.253517177752079	77
-0.074075139747869	0.246748468827391	77
-0.118625748284016	0.156401863873602	77
-0.055001966249852	1.13944796160352	59
-0.122821128060962	0.724241356800472	63
-0.10007419997817	0.254339964014172	59
0.109664198934273	0.495135162009234	59
0.048153428066523	0.275410153254085	22
-0.02479154844754	0.174086333588503	22
0.097357586383806	0.805008115434727	54
-0.043897977505549	0.360392019430038	54
-0.00986032060992498	0.609534054905253	54
0.055619828400273	0.620074775094243	22
-0.020361014435281	0.368221176246548	226
-0.038841963692167	0.54126221239895	226
0.097547267761024	0.675053248174434	41
0.030727634553845	0.382507867579455	41
-0.062317708373942	0.453477187514654	12
0.041665466110452	0.483340077886757	71
-0.112551137279953	0.355052510369265	217
0.0740915180549691	0.555536318019111	217
-0.097283526276369	0.254835328275778	71
-0.046303312068702	0.372080684488344	71
0.055876437397221	0.493671434209246	114
-0.027771331504274	0.363896635402967	114
-0.066591861415108	0.356428723293074	114
-0.058308930065593	0.340343646057463	71
-0.00324722602472999	0.375497648867545	71
-0.038441006364891	0.438953758279634	217
-0.094013098905521	0.355352388609538	217
-0.079370875927709	0.335997799094843	217
-0.105758677824022	0.253370916607257	3
-0.055036473555059	0.362675722361931	3
-0.082862631951482	0.241213278831288	25
0.000958987738594042	0.472705528756784	25
-0.070543414542168	0.366504167084625	25
-0.106351253650722	0.252355457691405	3
0.031428331918162	0.381792444858321	25
-0.108026048867177	0.244847165886697	3
-0.071796559374262	0.247621508237756	3
-0.115395996605705	0.233612649147828	3
0.029838781602747	0.376123040697929	3
0.124770777105684	0.294733620707325	3
-0.022039319845647	0.268085593180919	3
-0.02877631167436	0.173644512897175	25
-0.025769439973445	0.170263190359371	29
-0.118936035255178	0.154693651039811	29
-0.023813981466244	0.171463641376464	29
-0.118273208503661	0.155900053042255	29
-0.029413832966949	0.172818763268529	115
0.121731816629364	0.290029166816514	77
-0.025794945786422	0.267227743350938	77
0.07522044946243	1.2394648498459	63
-0.06531912722053	0.676903756217015	59
-0.012058194157827	0.533546100263853	22
-0.085431384130008	0.359226060726299	22
-0.033777458449656	0.368028108341659	22
-0.006918606054725	0.689308109175036	54
-0.07698676051658	0.527438018464411	22
0.036631111572436	0.77780101806982	22
-0.120101316461244	0.424462965745617	22
0.055851211257083	0.490632087151975	22
-0.062828773095458	0.584658617310314	226
-0.012969768948554	0.609262049335671	226
-0.045266926927993	0.584584672600822	226
0.015579892438006	0.725481458408086	12
0.098021793205602	0.825331446771192	12
-0.111601759831176	0.358952639462603	12
-0.00817152514988001	0.540919853307634	71
0.00409360164164996	0.770399677263416	217
-0.039144067970042	0.443386351329548	71
-0.035478071385643	0.534848521057871	71
-0.066733059781543	0.484223495990972	71
0.071159573094516	0.58083991072687	217
-0.06832910169367	0.523340124779965	71
0.019998350843586	0.550834203235997	217
0.083342385752389	0.715148174208366	167
-0.074327151183588	0.440447952926653	167
0.062959473534985	0.5863853827765	217
-0.065314282196518	0.433324090035316	217
0.082474552142534	0.494543810595264	3
0.070708556791868	0.590073341486063	3
-0.033175913518285	0.354269177090592	3
0.078066588289146	0.387312257702204	25
-0.113657889799439	0.157858515534477	29
0.080149112795018	0.389296654176163	29
-0.027704614559016	0.263063852579589	29
-0.065465756557384	0.260706375669353	29
0.122376507608992	0.349214332948758	77
-0.082684007721783	0.233596792969537	77
0.121368616436967	0.284418490923795	77
0.0288929526742711	0.374597518858953	77
-0.109557484996987	0.152091419802035	77
-0.086794315167229	1.01901637722583	63
0.0737200512955219	0.483468841752077	22
0.018440079166881	0.541876411070017	22
0.097393469834805	1.36235974035102	54
0.071551125452709	1.25885392475446	54
0.092555488801286	0.678291111966594	54
0.088492303925412	0.880410358790476	22
0.053148761166662	0.940077042252162	22
0.089479390587855	0.731501803007884	22
0.121842739901399	0.867085496198164	226
-0.070855326367202	0.457212938335391	41
-0.116764853357772	0.581183475148433	226
-0.104385802680551	0.704116436033079	12
-0.006601828807763	0.679570361168545	217
-0.076549731807881	0.513191375307979	217
0.106579292495243	0.747662043511185	217
0.0152570205214549	0.549527569969026	71
-0.055876627486415	0.517723541435499	71
-0.092128843188429	0.435296860750989	217
-0.074440837586674	0.432827930103629	217
0.078920136142049	0.707591304976763	3
0.057681571737279	0.57235683501904	3
0.060508087382074	0.484219018742801	3
-0.115009842139378	0.352018078902431	3
0.066491027512037	0.587955019839391	3
-0.110972701354717	0.24513330135498	3
0.124953203257863	0.832036749496835	3
0.034185300154931	0.272567533205496	29
0.044641666522914	0.265528885710437	77
0.084504159899462	0.4985503792584	77
0.0305363127678771	0.374921985877047	77
-0.1248850377457	0.253933401203338	77
-0.06739890712814	1.09958331867838	63
-0.071407381876413	0.244922834411846	59
-0.064996613507878	0.607253906301413	22
0.106478461160387	0.497571287664338	22
-0.121842849171628	0.621143835023642	54
0.073196724367258	1.09962684847075	54
-0.07667686506132	0.776423538591922	22
0.00399460834971399	0.811180372522223	226
-0.114825767299954	0.572664046400265	226
0.0483492521557	0.720221305115966	217
-0.106023742941119	0.424978182901841	217
-0.072452759907701	0.514960130093134	71
-0.124716122816519	0.411912925508649	71
0.032431709279487	0.687331030128959	217
0.00580235668393403	0.470468501852467	217
-0.027162670804862	0.577178205666201	217
-0.07857142791153	0.451271164589521	217
0.043818325044752	0.561656084847353	217
0.032383664972824	0.553596403839573	217
-0.08257813185478	0.401932414057032	217
-0.058973130481299	0.447604447615617	3
0.037687036370631	0.686833949380134	3
-0.118472887302674	0.363904822912131	3
-0.00284744285266397	0.378644531429591	3
-0.100873238662017	0.256180710403119	25
-0.077798036609195	0.363591731996524	29
0.091345176272873	0.372312143273135	29
-0.034652471400958	0.36450329087245	29
0.071691112863739	0.369675211922928	29
-0.111355617692609	0.243669004742411	29
-0.017603330150139	0.268859144190581	77
0.120468033657809	0.503071609427379	77
0.07717631366541	0.391587147810548	77
-0.001225861506784	0.360641774911712	77
0.0342646929457811	0.266590955109722	77
-0.118188506037286	1.48916376598054	59
-0.064402093853859	1.48178976036513	63
0.0660493267021181	0.803384359371061	59
0.0958406477343789	0.848823658857931	59
-0.028134034490003	0.172806906043131	59
0.034072969401555	0.752432418557866	54
-0.083145235131921	1.04672080138786	22
-0.04500960952386	0.996286761755999	22
-0.098960543819531	0.801109248227794	22
-0.064420728195862	0.89293712727798	12
-0.106144920095404	0.349469351384033	217
0.018934269284427	0.359576469486526	71
-0.106567090724463	0.651485610222511	71
-0.077287560816699	0.453848236794606	71
0.062465122907582	0.471697147103026	217
0.018526389341059	0.462776993561947	217
-0.016173670501363	0.465937140321527	217
-0.063369140842735	0.366820098155942	217
-0.108763011731543	0.354272169861257	217
0.059273339414547	0.556833269446517	217
0.017353188587572	1.50115526468709	217
0.071658913096162	0.383458334917642	3
-0.023354106255858	0.264008686006791	3
0.082075219478678	0.493565893656403	3
-0.010943554597274	0.366445474536785	252
0.038315574538522	0.276547476791009	25
-0.114982239198046	0.157618957334399	25
-0.063891978800554	0.528705261935531	29
-0.021307376775217	0.269585794818174	29
-0.028134034490003	0.172806906043131	29
0.042274488031622	0.282388833713572	29
-0.029693633205376	0.169510793978325	77
-0.00420376099499298	0.526081634714415	77
-0.061025463581539	0.586500838733048	77
0.101051252634862	0.672229843594746	77
-0.029959862625101	0.36913100527731	77
-0.11529476711404	0.151506143013537	113
-0.112745720640441	0.246928391444036	113
-0.053849120046527	0.800664232324237	59
-0.118696449105595	0.719795410938293	22
-0.086384963728339	0.445403477744083	54
-0.108866322733597	0.597913851074268	41
-0.062211909013716	0.508027928242688	41
-0.098806503762134	0.361730294621559	217
0.084555572532657	0.502345237524012	217
-0.053711367446826	0.443946593332209	217
0.00431939308791995	0.469662413304869	217
-0.044806268367753	0.363474150622472	71
-0.084485232367244	0.501628439142354	71
-0.046042233837776	0.463985434917639	71
-0.029457236191558	0.466387110051529	217
-0.071060607546425	0.248984741570193	217
-0.006626167131077	0.546191345499129	217
-0.112746420059029	0.362143042491675	217
-0.077730620737823	0.370582217655515	217
-0.012512610092055	0.360519902058344	3
0.082779069376241	0.893432397325149	3
-0.066951171271548	0.259005560156235	3
0.077806934965612	0.493931957136943	252
-0.098545179218448	0.361847811869937	252
-0.089629158152634	0.362344248405985	252
-0.073145598277294	0.249539861535336	29
0.039036224013886	0.276641593348037	29
0.029759625452903	0.35883527652961	29
-0.039043423452505	0.509981551923363	77
-0.021717048841024	0.470270255503484	77
-0.028441873937004	0.173900761007562	42
-0.114319852295734	0.158428137895593	77
-0.123892582275352	0.152459379316407	113
-0.02416817665852	1.24935878692921	59
0.00968699280959795	0.852226005428389	59
0.061236149148403	1.19071302580367	59
0.00675448693361302	1.05195495019808	22
-0.080202199279106	0.546850765242584	54
-0.106450746024188	0.848454803922739	54
0.011583038596184	1.0316848877437	54
-0.109232226842712	0.753718428955033	22
-0.062738147704135	0.450239711947445	22
-0.106856888796124	0.365080047129596	226
-0.088670037790612	0.581869653024862	12
0.013213984879952	0.483020162302423	217
-0.078916942357889	0.34465181510334	607
0.078277539874851	0.484563023582929	217
0.046100920223527	0.465058529213358	217
-0.068001278188417	0.363916136601055	217
-0.089452830519507	0.420972543893017	217
0.078216387319282	0.486574939158757	217
0.11438910613766	0.5079661954609	217
0.090003872168412	0.585152196464443	217
0.022292604480967	0.471166056440822	3
0.000258915276802996	0.466078051907551	3
0.06218636416001	0.795270711054628	3
-0.048729383331605	0.515431016285994	3
0.123994451269818	0.50207487163172	252
0.111595108479236	0.503726264340524	252
-0.014428033616523	0.355453689672123	252
-0.067972568249841	0.258201890866992	252
-0.01848466297666	0.26451705281949	25
-0.118388316468157	0.154245254292467	29
-0.113966855716624	0.157916651360879	29
0.078750135618672	0.380273976126606	29
0.038315574538522	0.276547476791009	29
-0.029078788846085	0.173073255821478	77
0.106954599571603	0.745767753524114	77
-0.119288471122515	0.155184266731623	113
-0.102263342521878	0.823450954627319	59
-0.089329726608425	0.813550188540037	59
0.067076475096324	1.14121503182425	59
0.042996012414088	0.281683533635359	54
-0.113848374267597	0.438488451591557	54
-0.067775980491727	0.739583502848033	54
0.0368058582648511	1.06238664284377	22
-0.043088488292726	0.443367726087076	226
-0.012587395642943	0.602427052920267	226
-0.035465871002812	0.610898627346449	12
-0.078583072543349	0.64962602500527	12
-0.055846097795843	0.363513134087043	41
0.08230738498351	0.723657664340892	41
0.018572853256364	0.463700694262241	41
-0.075790758773315	0.456334518828879	217
0.042864292496559	0.667091029663363	217
-0.120916574996252	0.411765777158919	217
0.076842670996731	0.806972717601305	71
-0.090733455805708	0.353987752678731	607
-0.112349653529863	0.353520782071701	607
0.118096767694409	0.501268803694686	607
0.063377046389118	0.63088135604893	607
-0.00921796598518998	0.363205074512775	607
-0.029675656008322	0.466434612248546	607
-0.10911644504495	0.340297475323071	607
-0.072920465840062	0.447428862940567	217
0.082085480718626	0.726763318475988	217
0.095994500885635	0.638468767708584	217
-0.042287470140413	0.462296774537463	217
0.020655808163181	0.560043682058589	217
0.077451850886224	0.383613771918275	217
-0.072209540810082	0.35425782748793	217
-0.015681636211881	0.536167413544241	3
-0.033400577385576	0.456613195238768	3
-0.075954171110879	0.366587395460643	3
0.014950388614056	0.478836523449713	3
-0.036431910261132	0.362367787029937	3
-0.00657795278803203	0.370866754938758	29
0.032728352959386	0.377960488191914	29
-0.115335219437918	0.156614993594426	29
-0.027536137314436	0.364056296699376	19
-0.101327694255203	0.254763165454143	29
-0.046776047256551	0.365318626991262	29
0.03113328093567	0.37492420313712	77
-0.123380537356302	0.869562297489402	59
-0.093229912309446	1.78925606982005	59
0.0335084502476209	1.29046217595866	59
-0.013457899315801	0.872451007667614	59
0.059331771863815	1.28262366999538	59
0.119088333871256	0.826460275683639	59
-0.037288215971274	0.847096786705271	59
0.056724542198037	1.11672346407407	59
0.03737531252309	0.2588572046755	54
-0.122506360052252	0.676249032847198	22
0.084598775766957	1.21945371137585	54
0.048802635401172	1.24507605972155	54
-0.070292346294016	0.738532758035544	54
-0.036371578042287	0.871064013312509	54
0.054345946223297	0.856679377044387	54
-0.100814972827951	0.694750389275821	54
-0.041625859768522	0.524404768004156	226
-0.0475201541284	0.694172135596048	226
-0.030825672899824	0.751218509962111	12
-0.103729775390309	0.435635575537924	12
-0.100483646995267	0.246065602429932	41
0.051411907609469	0.793440479754232	41
-0.070818831508783	0.446960877014531	4
-0.01163807602184	0.361351533468249	217
0.034675748851857	0.633383399924442	217
-0.017255013723446	0.466841197991326	607
-0.009361728422349	0.42374306372892	607
0.071384841838363	0.62876775908093	607
0.036180042437146	0.530942575734144	607
0.024125178991469	0.465320005935427	607
-0.100679116607928	0.535094926428427	607
-0.053475714218408	0.445441962027962	217
-0.114499468522848	0.360445558165207	217
0.066252273201881	0.700279141647466	167
-0.040387313666748	0.468464116256647	217
-0.081053976456578	0.437645175724937	217
-0.072795423783399	0.452605105142974	217
-0.072959579973471	0.362643068690823	217
-0.067267146307975	0.250417586286266	217
-0.029154190944263	0.368095418221091	3
0.049204346824696	0.484378716333403	3
-0.083594745091953	0.363111856388081	3
0.069894007764704	0.370451537279228	252
-0.00527356194143303	0.368006917859067	25
-0.101576047922991	0.246313811534851	29
0.073946373229529	0.376655975798149	29
0.041232239153472	0.279169289790194	77
-0.119951609023473	0.151905822116921	29
-0.021307376775217	0.269585794818174	77
0.037089991522186	0.277797196905933	77
-0.053727293947885	0.358530644533824	77
-0.121378906644833	0.247791053438727	77
-0.026448923422892	0.252917290596863	77
-0.117920756712673	0.152972618115877	113
0.035079321037486	1.67885739887315	59
-0.041316091437085	1.65542099357506	59
-0.118198877415288	1.00672586828511	59
-0.1146161974295	1.08347450260529	59
-0.098993306071076	0.846202259299315	59
-0.050036413359078	1.00944946304083	59
-0.102646802640352	0.653582190686025	59
-0.117705629531036	0.673699402434148	59
-0.077565770302244	0.684308713724616	59
0.024731768166576	0.483994297667848	22
-0.124287149832082	0.493692188226733	54
-0.01285382480038	0.890549067821632	54
-0.068584622230793	0.617343712948657	54
-0.055456715183919	0.74448164630625	54
0.069843452700432	1.10645061980343	54
-0.069064284652442	0.695507039209563	54
-0.035266530567123	0.612042306524042	54
-0.048226663679007	0.789991254792802	54
-0.08519318521608	0.577324709121477	54
-0.025669150946037	0.464111956728892	226
0.080525258508242	0.829607725206103	226
-0.015054245613024	0.595365049990686	226
-0.064297266309553	0.524361536803921	226
0.017350373252196	0.712065186555019	226
0.033634214072766	0.640537987892363	4
0.12109576888328	0.60426069682283	41
-0.08344954476436	0.434215070802254	217
0.00358442108991797	0.458612510444254	217
0.110536219309803	0.687430791134121	217
0.110860859446499	0.688419550423521	217
-0.026446748811161	0.541032905485725	217
0.002991777619897	0.463140904491741	217
-0.100456455333637	0.412647621106857	217
0.103031866300737	0.485500235421234	217
0.0855060329418	0.583049872262436	217
-0.055913977117126	0.373074416946414	3
-0.061446116264542	0.343653340348772	3
0.044851276112613	0.47942746713222	3
-0.024138796741458	0.259905362370298	25
-0.023996534135192	0.262403326195934	25
-0.026237659060502	0.264691033849774	29
0.077284223638036	0.387223229147387	29
-0.075788537325425	0.249664082332375	29
-0.083610139356534	0.239130771436052	29
-0.026820895522298	0.266058749565999	29
-0.075126785757344	0.368010784931778	77
-0.11946537751429	1.33168513565778	59
-0.094446992371743	0.517240480866096	59
0.050108448649781	0.259792941054475	54
-0.10111640813624	0.654957580072741	54
-0.043662920976661	0.992062206248009	54
-0.09002153714019	0.627050325528239	54
-0.09270261887702	0.787832300096541	54
0.083715991507889	1.38171239931428	22
-0.108020911413517	0.666669014209646	22
-0.03886834758035	0.864414036036576	22
0.082707721101433	1.18119917630134	226
0.050733545677714	0.696090957699572	22
-0.11031639163568	0.362051692582212	226
0.071288879792201	1.21882690691705	12
-0.119164867811876	0.526499240622657	41
0.065336145637098	0.813672100293906	4
0.00209644557631195	0.366918540984424	217
0.092004179743074	0.58833854505109	217
-0.029477701933992	0.373934768546302	607
0.115265945456698	0.610282713174651	217
0.073662540258772	0.796161669038922	217
-0.104188112858786	0.439139385592377	217
-0.012573355729848	0.472718562395129	217
-0.00666806223841099	0.451270747918185	217
0.110738534664395	0.502762338231235	3
-0.122858862274561	0.425726276365951	3
0.016370256249257	0.483833536048723	3
-0.030832393055547	0.369955513066489	25
-0.124136309014077	0.148069227853569	25
-0.063611848335025	0.253038849752861	25
-0.025897862611339	0.262420396715526	29
0.09117915654935	0.58908464592882	77
0.02163889917079	0.555459280971867	77
-0.028958890332596	1.93265345826497	59
0.055230160685503	1.15206011935359	22
0.06817052074542	1.20357885470101	22
-0.02361992999495	1.07918935669988	54
-0.084611799343389	0.355536967233247	54
0.102216190187565	0.91085731528832	54
0.029491465706359	0.98644100111012	22
-0.00609864039661201	0.371671159181617	226
-0.00470322491810499	0.680789974423033	12
-0.022614537268103	0.542653985619987	12
-0.06678587622112	0.668440051533679	41
-0.109174020427982	0.446850033083949	41
0.096214976305108	1.46773075553293	4
-0.114304822537545	0.355001157106463	4
0.111828542178828	0.497305192995711	41
0.11247368243246	0.601360248175532	217
0.103996925932535	0.584785646428168	71
-0.086296702070686	0.353855631700999	71
0.071493586047609	0.384443327248559	607
0.0364806231360531	0.271631727229827	607
-0.037624381029645	0.352083393351499	607
0.042163041441872	0.46304961451289	217
0.024364573248013	0.455386098405159	217
0.051528356309175	0.493109661513239	217
0.116038653131677	0.885547761042217	3
0.073677409232336	0.814026845997248	217
0.013050842577473	0.626421288282883	217
0.029491376668918	0.573180113898987	217
-0.07438344823679	0.25031298643594	3
0.121026009491629	0.499929387587909	3
-0.10942929117112	0.24165850849768	252
-0.071519275778099	0.25126079009242	25
-0.032853071653119	0.166009532274329	29
-0.023881350313013	0.263722611884927	29
-0.117920756712673	0.152972618115877	19
0.03234015040292	0.26937662731891	29
0.121040921410795	0.290813070958169	250
-0.117610798599704	0.155996282087211	42
-0.05063405122045	0.361984068881065	77
-0.102462121957557	0.360001756134925	77
-0.048274149919639	1.29373531993592	59
-0.073808675056032	0.838949760053062	54
0.050384038361314	1.09032154670187	22
-0.068257732267987	0.921719329068931	54
-0.098147954416318	0.486230261636772	54
0.092386406695022	1.42612998632713	54
-0.044829052589231	0.83360135336029	22
-0.124727950187762	0.647756253116352	22
-0.045380496359149	0.847988446735249	226
-0.086570215730749	0.363808511667561	4
-0.117244303868991	0.357161889805554	217
0.028133315039049	0.475675756071364	71
-0.072534245175649	0.257814878184033	607
-0.111022655907679	0.238869900544585	607
-0.057931801497195	0.600083041363728	607
-0.068944506083346	0.366339141691356	217
0.075231492210016	0.558365141620084	217
-0.108544173371558	0.368861138583904	167
-0.029442406984774	0.360871550955083	3
0.118161314032693	0.506440107608577	217
-0.112861713800981	0.405270069547278	217
0.0205697314312	0.364526530992386	3
0.071691112863739	0.369675211922928	252
0.109582431441087	0.505806456725959	252
-0.085362496357147	0.359505759314044	252
0.071342645392893	0.386574995325481	252
0.042884301631022	0.273222345047354	252
-0.040031977554397	0.352668004570709	25
-0.022184523310483	0.268590545967482	19
0.107340686300496	0.596662196938846	29
-0.041903422659166	0.45747185306114	77
-0.025098699439262	0.174305828211983	77
-0.112953943190576	2.40163893445523	59
-0.10260406532803	0.711500688720094	59
0.080241537177294	1.07445207929754	54
0.079666315488317	0.563211313909731	22
0.044311993477371	0.97961186830093	54
0.00236167022250799	0.614958320902886	41
-0.108151090483075	0.355279341539319	217
-0.00482544717807498	0.513828727642465	217
0.086205485115907	0.595093830238122	71
0.022432571769191	0.363966238362186	607
0.088813210753262	0.493524983970752	607
-0.067234662080137	0.514377197209204	607
0.023523043357087	0.481389916426505	217
-0.058337118335017	0.434655055295162	217
-0.00550672873918601	0.4754781792491	217
0.085936919224782	0.577540899336967	217
0.083635162010549	0.652009372164516	217
0.103123343569742	0.56663144110769	3
-0.093156568886612	0.412677069187217	217
-0.087113263031339	0.346817733964852	217
-0.107190219965592	0.439695479168155	3
-0.100509827137403	0.368123698035256	252
-0.00479746674433401	0.367196191433059	252
-0.080333073173627	0.2397491195495	252
-0.029939826094463	0.260278171970001	228
-0.097818787146605	0.253870959582555	25
0.0718102582226941	0.388593077941679	29
0.036876648122154	0.272052800687466	29
0.109606591784923	0.490464887897789	29
-0.102558776790732	0.251699488751456	42
0.048142261410743	0.468199066599144	77
0.041553753586672	0.281472972707066	77
-0.025204205062678	0.690777544319758	59
-0.072323743618593	0.739605802598115	54
0.083076377885982	1.56305155353755	226
-0.012673864335957	0.94778348947332	22
0.109810596907373	0.59421911423862	12
-0.122567260072358	0.543928006732817	41
-0.019994218102238	0.436328284875911	41
-0.075723755801255	0.515280031872855	4
-0.104127252383829	0.252236601904224	4
-0.074194362163647	0.360045687545556	4
0.079713799717356	0.386656633994247	607
-0.024120455524871	0.170958341158025	71
0.015309660575915	0.931136114937746	607
0.052817362319097	0.480788290855919	607
0.070553933065588	1.01789424440252	607
-0.00690125218875498	0.363001949626502	607
0.06394771675669	0.363001117028967	217
0.123294804715556	0.355691715041706	217
0.0700437109768191	0.378830625713152	217
0.083614510489581	1.05997920036478	3
-0.070599989806317	0.256402088985925	217
-0.109907837900198	0.155095782934507	217
0.045502521935716	0.275771551221077	252
0.047027896315644	0.27889303005266	252
0.124133365026761	0.197625616439368	29
0.082950035492452	0.494558563990501	29
-0.104641553674432	0.257106410022646	29
-0.118936035255178	0.154693651039811	77
-0.036908576896909	0.356110928992196	59
0.0232307989888581	0.555800575906619	54
-0.026523341186858	0.692346836792835	22
-0.01186163306836	0.53974784902696	54
0.048226492815159	0.647635367465469	54
0.020225354882081	0.454495747148931	226
-0.05087779972345	0.598669604437283	226
0.048162565655434	1.12897678156669	226
-0.067972568249841	0.258201890866992	226
-0.011863708372598	0.599606440782254	4
-0.073721853309169	0.841955371313604	4
-0.071525708913988	0.25867930423733	4
-0.06929768118478	0.661811835413849	217
0.060141976275759	0.887682788615962	217
0.124432982821158	0.919625318205014	71
0.038405296913324	0.941553505751036	71
0.102894223149253	0.788563829480984	607
0.027010833900328	0.374806880407883	607
-0.118625748284016	0.156401863873602	607
-0.029413832966949	0.172818763268529	217
-0.030966746228041	0.258194125842696	217
0.02446453407974	0.364598956080904	217
-0.02487135588178	0.261450959129751	217
0.120712869718874	0.290330747439082	217
0.084568840960759	0.386984020467893	3
-0.118703991784561	0.36357810285766	217
-0.11462934717056	0.157114309054217	3
-0.024149838579136	0.171216551002296	3
-0.017455387466781	0.26551994967817	3
-0.118625748284016	0.156401863873602	3
-0.029078788846085	0.173073255821478	3
0.093204403473491	0.743011537931544	252
-0.027554204870633	0.262935036336356	29
-0.021436735490616	0.170030268997322	29
-0.028468825556319	0.169057345385475	29
0.057860285230158	0.317508428427002	29
-0.118390379940419	0.346912503509047	42
-0.109532038743138	0.419671072282812	42
-0.014099819421069	0.697285163991308	59
-0.112102658589359	0.467480778722674	59
-0.055619763804725	1.13679761015952	54
-0.071408458491786	0.707735592877774	22
0.038028124794263	0.556230739050488	54
-0.096801506477071	0.361591399165273	54
0.00445062241774996	0.822946715812853	54
0.00607569256219598	0.826315261573039	22
0.056363022846505	0.556730667723746	226
0.00272701739459902	1.15620569778074	226
-0.119633137407113	0.441609477455048	4
0.023527278957384	0.795191187292474	4
0.115434681646379	0.671115004679194	4
-0.1248850377457	0.253933401203338	4
0.041553753586672	0.281472972707066	4
-0.077851589081685	0.248776966213427	217
0.081282971852077	0.389045398969779	217
-0.025098699439262	0.174305828211983	217
0.042351459778267	0.280118898787308	217
-0.119438656945676	0.151555946575643	217
-0.070499790669983	0.259096644836165	607
-0.039504268196398	0.161565700522575	71
-0.023208361643548	0.26527266628483	217
-0.118668994365155	0.152173718727342	217
-0.069854993632107	0.257918797302832	217
-0.103034085729382	0.901746529469522	217
0.033863758549084	0.271590292117255	3
-0.109203149284211	0.151888146627481	192
0.102775153063492	0.571466942689811	252
-0.118034513333133	0.151846156453999	252
-0.022079408546514	0.167871280364289	25
-0.02479154844754	0.174086333588503	25
-0.030236974816506	0.364776608473953	29
-0.074409626082018	0.517305393284399	29
0.041952674764828	0.281920583128311	29
0.047348911218857	0.27665216625518	29
-0.035103826426053	0.166568443085508	29
0.120021983698475	0.287635502156229	29
-0.118625748284016	0.156401863873602	29
-0.027464719333534	0.169705163747628	29
0.075939297196215	0.590008988792563	29
-0.071576283187031	0.676740647562973	29
-0.020171750265001	0.764248300980837	54
0.03002797501579	0.483112284137224	54
-0.051951256727222	0.363329107441051	22
-0.104676660464962	0.853964699651748	54
-0.012282822614313	0.973583112784624	54
0.052076179492411	1.02012016972717	54
-0.116576511287284	0.503895879946325	226
0.049369915800869	1.04501695401364	226
-0.079829378142109	0.646809619314895	226
-0.080995960844473	0.492360855634177	4
0.098460193293505	1.08045634603529	4
0.063439838907026	0.653759296696078	217
-0.065429082947492	0.459150773562021	217
-0.061406017231349	0.372477878063392	217
0.104561871535447	0.491399168855243	217
-0.01980110540451	0.449495756650746	71
-0.062267006221705	0.372195142958192	71
0.072180036148788	0.636917836513066	71
-0.00726939055332099	0.445540651353576	71
0.0284979212055591	0.700479823028515	71
-0.069415548005864	0.495781822946816	217
-0.100358181610399	0.359509315177496	217
0.048680624505789	0.467551524988943	217
-0.08370426560936	0.432110197760082	217
0.117050395840306	0.560680422675163	217
0.114508219423324	0.606175937904741	217
-0.115958218150695	0.362702824395185	192
-0.103607552013557	0.357246793089296	192
-0.118856705903323	0.349180888538829	252
0.099353578881218	0.472643487996572	252
0.0858184482277921	0.385740562123309	25
-0.071233432536301	0.250201507488039	25
-0.1133047885325	0.157355077558861	25
0.075046845279515	0.375463966903109	29
-0.017895287400126	0.267626242997365	29
-0.069636533126924	0.257389466406859	29
-0.116668400391867	0.928604338616076	59
0.098579973825329	1.5309806873394	59
0.00726370570429602	0.727473873111739	59
0.055996977954157	0.71783291750668	22
0.09257854031571	0.872222160846928	54
0.087835347639893	0.653422162433853	226
-0.018530855399047	0.663790508204322	22
0.00144065271008398	0.720545651487022	226
0.024058056115139	0.931125667358969	226
-0.103610539413766	0.422456617057737	226
-0.076275114021795	0.533606002751631	4
-0.123091091507903	0.442881332550063	4
-0.0720162103416	0.436827020889652	217
-0.025066835175061	0.370270740096664	217
0.057566120156165	0.626181526229313	217
0.064321964747165	0.582611559391399	217
-0.073513746253721	0.530141145311677	217
0.110585098729514	0.833818871616532	217
-0.003911872970913	0.474148956247077	217
-0.093341953263747	0.444259049265227	217
-0.081604436532596	0.492463949456398	217
-0.09230866180385	0.437717645012925	3
-0.051357410492258	0.430945504096657	217
0.021811402957616	0.562805500826155	217
0.018019511860924	0.703533524796464	217
-0.04987017852619	0.512700076234162	217
0.02218724670371	0.463161469419231	252
0.0548106297616811	0.496266240181708	252
0.083376789228285	0.48854415169326	252
0.0421590303010549	0.274981139624092	252
0.034439295923839	0.383803436567268	19
-0.105916612840597	0.255675699464425	29
-0.119090261183212	0.154762044119738	19
0.042351459778267	0.280118898787308	29
-0.105534982549682	0.252328547004596	29
0.124079585073379	0.292552868311921	29
-0.026086955914055	0.267568775805167	29
-0.021745874786027	0.269910043751504	29
-0.042103414071167	0.345105648437859	29
-0.078773092135029	0.250921911347979	29
-0.118273208503661	0.155900053042255	77
-0.069458512778702	1.37895750451623	59
-0.072988003310924	1.110448207707	59
-0.07020339980131	0.259463267576366	59
-0.086373782226184	0.708997353167121	54
-0.112864188770618	0.767165985536402	54
-0.00148727750260802	0.876511380871865	226
-0.000323855964044995	0.771044571559476	4
-0.015551005207249	0.60502176940037	4
-0.113456369075555	0.439045886265541	217
-0.101252365995391	0.341997674466903	217
-0.044411103562331	0.434484827758055	217
0.060980713913973	0.481591126911982	217
-0.0112095453198	0.475663522212328	217
0.00715919784626495	0.476065687393996	217
-0.00021196799697798	0.517293033803662	217
0.0892079273051331	0.666806164826492	217
-0.100236974365491	0.354922718747935	217
-0.053361115014703	0.41901207687642	217
-0.01019544285423	0.460962385731229	3
-0.071244484843012	0.258901596842484	3
0.0325164075465561	0.538184191118741	217
-0.018966939458326	0.472582015849568	192
-0.058836986702498	0.349714865491097	252
-0.023996534135192	0.262403326195934	25
0.045262821353519	0.269394817366298	19
-0.074259990542183	0.24893413665893	29
0.124806320704132	0.287805219069411	29
0.074264075969972	0.377435420913471	29
-0.107088383150475	0.245932227890165	19
0.0379920943188909	0.273398838612624	29
-0.075054320817031	0.256816354206751	29
0.064734627653648	0.365133567049898	77
-0.076765307424887	0.245349121037507	77
-0.117301555479459	0.15549131738934	77
-0.00564269425744302	1.39126184801115	59
-0.019279971050994	0.603989358314742	54
0.074491862714148	0.738217227711919	54
-0.030753264671623	0.874331160865785	54
0.08996488458126	1.49998254626827	54
-0.01954981316158	1.04463558257784	54
-0.111481677898111	0.691376901414318	54
-0.111742663363297	0.738200202746586	226
-0.035539827273604	0.594600303941248	226
0.0616201994917191	0.575903874340113	226
0.086055667468781	1.18228089500469	226
-0.066109445424068	0.883430186413439	226
0.06622598401349	0.859113647547843	226
-0.003803306100019	0.780974007391053	226
-0.053377535527915	0.365940261924762	4
0.100251449136629	0.685046619665429	4
-0.06322049983196	0.523548494360031	4
0.091100531996763	0.599433086802669	217
0.079150188813309	0.486244248428416	217
-0.081221367632471	0.500427560676919	217
0.011446573421512	0.693920308730402	217
0.075025600823281	0.492467535882088	217
0.012594123416246	0.978649674670513	71
0.0960886738500411	1.37252075624681	217
0.110858332358903	0.557035162174241	217
0.115806890378142	0.608077596440878	217
-0.011808707462078	0.544419043590456	217
0.090814452944052	0.595978249537529	217
-0.068001278188417	0.363916136601055	217
0.112904598561518	0.657777324128838	217
-0.070178044769934	0.365260004033479	217
0.062642162932226	0.650984531870902	217
0.030159709419444	0.570890570905651	217
-0.089450910064641	0.435100868788044	217
0.043382769388215	0.471864891332748	3
0.0847014017749011	0.491414120751752	3
-0.034568819812198	0.537376010582889	217
0.058460523492902	0.490675700575135	217
-0.113280711193548	0.230993185082869	192
-0.070542569210309	0.249065462830521	192
0.017654953107315	0.635135159165668	252
-0.022837022469311	0.36683606031971	252
-0.068541259857971	0.256904219273791	252
0.083938874556717	0.384008392694869	25
-0.112773710138058	0.246621806591174	29
-0.018043920683314	0.267568731121181	29
0.0290289367100141	0.351214856808085	29
0.038638734259801	0.276207805014844	19
0.0889792873430571	0.375260798798711	19
0.034023697227262	0.379616660195709	19
-0.123232841586817	0.152558557205109	79
-0.103607552013557	0.357246793089296	29
0.033766915623879	0.68139423371428	29
-0.107879462767389	0.36439643837159	77
0.039582305951591	0.268162502677512	77
-0.118625748284016	0.156401863873602	77
0.096989828622792	1.81826648814909	59
-0.013264398937424	1.3386194413008	59
-0.025523322886065	0.798403341045656	54
0.010478282373405	1.07110068778871	54
-0.027960924001227	0.932162031167834	54
-0.010250640450945	0.755983413871267	54
-0.111370608895656	0.812126606486843	226
-0.117508985983471	0.601817338711667	226
-0.103496250642491	0.442288054715722	226
0.045651033531753	0.651704353903086	226
-0.039740139013131	0.818937040563078	226
0.0290088394246349	0.908330221389532	226
-0.02420977524168	0.693809048319887	226
0.094455988637688	0.816787273110506	41
-0.078434150585153	0.596955955793406	4
-0.083370308763788	0.726004261871096	4
-0.00890847991279298	0.549754023609006	4
-0.096028262958669	0.443533625697317	217
-0.029587764729698	0.438074729807369	217
-0.093108053212846	0.4440852904512	217
-0.025982212492752	0.540504088738803	217
-0.033518077916766	0.438689902824883	217
-0.025738198449223	0.468622713767451	71
-0.030950716400069	0.452954966092968	217
0.0141337699512391	0.658533507015597	217
0.103325701225366	0.710450774585518	217
-0.01548364820786	0.460260363885887	217
-0.113210919196056	0.439296893381374	217
-0.021140520016471	0.525408845953468	217
0.118107464290096	0.694291248512496	3
-0.089464899977128	0.366833979187344	3
0.042171635934793	0.572795768959841	3
0.093525614299704	0.599390631454215	192
-0.081403116784089	0.359375801456154	192
0.108986686144168	0.596669703214273	192
0.074881941738233	0.471176708589017	192
-0.102871682591556	0.427076995926838	192
-0.00880683398162802	0.553804067525677	252
0.07856027779611	0.57428575688779	252
-0.00738018506980698	0.366845915272581	252
0.117748040297495	0.276095865907175	79
-0.029939826094463	0.260278171970001	29
-0.02560328269255	0.261855382172365	29
-0.028441873937004	0.173900761007562	29
-0.109498271707603	0.253603224889538	77
-0.024729231614745	0.26281149041328	77
-0.106230445897917	0.25416504263721	77
-0.042077184026998	2.16792655940204	59
0.1105807856455	2.41940267128763	59
0.080635858873115	1.98126125848224	59
0.119754078956826	1.34614798530312	54
-0.060592950611313	0.635257399941197	54
-0.074708752516803	0.598376272722548	54
0.04117065401156	0.988937107911229	54
-0.031379276438401	0.921363747434725	54
-0.014791729306064	0.991138335907234	54
0.042684832047409	1.00650809833842	54
-0.116977132573351	0.69575859833579	54
-0.10872417116154	0.595486636014301	22
0.037247832803162	0.895857760590526	22
-0.097063374687014	0.519495991013572	226
-0.009575284332414	0.845176256241613	226
0.044567201888751	0.629247105349019	226
-0.105971364979147	0.502135368181676	226
-0.043550430039236	0.693633751973895	226
0.0743957309148891	1.01821426150614	226
-0.076347560757801	0.696877982903809	4
-0.011271713834633	0.88705959999394	4
-0.108575662815625	0.657296769846177	4
-0.074677103583695	0.571321840728234	4
0.00318428261410897	0.668689307554942	4
0.029290598186671	0.829665095164527	4
0.00297933136088902	0.553791960816592	217
-0.093829020554109	0.435020406296784	217
0.09280383851482	0.666211282648526	217
-0.107121921328982	0.362148985311607	217
-0.06867207440173	0.440992946883014	217
0.003240349294653	0.551756035888564	217
-0.07868522118219	0.439442695485983	217
0.101883672617642	0.802748171086343	3
0.07281726258976	0.731078393782433	3
0.035545196410447	0.492522170253668	3
0.041368829521773	0.479387162115029	3
0.00535514824732097	0.61739842166673	3
0.059808158256497	0.548662382567331	3
-0.052978713760523	0.442148326808798	252
-0.079889729180465	0.446260105705665	252
-0.113595166802135	0.357051702125903	192
-0.057736891765405	0.454850598982809	192
-0.105381400781344	0.359300390318731	192
-0.064806205507221	0.443100792485168	192
0.10933546580303	0.591687363390099	192
0.085404463518304	0.49455775104486	252
0.069079736208608	0.473593466175902	252
0.061757321393175	0.581381812030361	252
-0.117719852348567	0.351342959143109	19
-0.073432489378281	0.361041153050285	77
0.0250539307448679	0.36095703393022	42
-0.119672098440555	1.04092256911143	59
0.09803029619114	0.600634687988185	54
0.087674495494004	1.14931812573183	22
-0.068791121115084	0.994218444279179	54
-0.044053212223957	0.666602722368556	54
0.056305158336294	1.13097918948764	54
0.00216384902096101	1.20747190773111	54
0.0332861302504111	1.19536333985087	54
-0.01391741479835	0.663410695134664	54
-0.123499771500651	0.688656944007904	54
0.086123304958326	0.730050702357076	226
-0.101864276006509	0.358148870246289	226
0.00484412265932199	0.477233948442643	226
-0.009994771151004	0.46919841086666	226
-0.095039331161158	0.821743642642382	226
0.00244806599532299	1.14755842471584	226
-0.02121240949144	0.738902093275868	226
0.023550358366403	0.64225782936392	226
-0.032294068428946	0.604305819629933	226
-0.089083194825436	0.613638311266585	226
0.012643277943875	0.845227721941083	4
0.000124704233259054	1.27806095544886	4
0.072268282184025	0.807388806904321	4
-0.084435137027086	0.636412365287448	4
0.086395519060165	0.582167538535603	217
0.0823724148403679	0.886815818496038	217
0.014663220908953	0.449978879980605	217
-0.104626278748544	0.350575060405876	217
-0.047911193955415	0.959666271490924	217
0.118720016552544	0.508577746294541	217
-0.018792975322371	0.359163008983875	217
-0.00862429178545499	0.474796911309349	217
0.00507782277603397	0.477242031293918	217
0.043519929469497	0.555243293637531	217
-0.09695997226222	0.356348839304952	217
-0.014408176521536	0.46511693350794	217
-0.031286826320192	0.461640655049744	217
-0.079423985755576	0.533831412989903	3
-0.110368409602847	0.807062336741356	252
0.066988533159664	0.941055221176961	252
0.028043566612779	0.469296491433127	192
-0.104170683931097	0.256286904641915	192
-0.00961642770018201	0.355900265709019	252
0.106061719038597	0.471998379488949	19
-0.079046222034961	0.24675514174039	19
-0.024494049655851	0.45327309246441	29
-0.065350210733033	0.362706039068962	29
-0.026334577721339	0.2611711826812	29
-0.029939826094463	0.260278171970001	19
0.121766676363881	0.286101535760853	19
-0.116872138445722	0.238953670832594	19
-0.116003647384262	0.148663011747906	79
0.0374095200584	0.276946983337553	79
-0.123892582275352	0.152459379316407	79
-0.090458955697594	0.362546405470666	62
-0.086732716576599	0.367075849399898	77
0.123493832958361	0.197795733894146	77
-0.118978376095057	0.155402003494633	77
-0.019402486969362	0.26635962350985	54
-0.088230620373377	0.64753753402376	54
0.019920717329193	0.553500725309704	54
-0.022481880940313	0.752922280385271	54
-0.059982395795342	0.765889732952594	54
-0.111906173247425	0.658764992383367	54
-0.115335023959076	0.645688823323875	54
-0.093639316255003	0.710965150953199	54
-0.025412076349385	0.821853266186174	54
-0.081407053939293	0.566590286490829	22
-0.12034497529839	0.532292180778618	226
-0.114415154313693	0.603703727516657	226
-0.078255004492664	0.597266341398355	226
-0.073348692314568	0.771763973162223	226
0.003580168729311	0.747455189827073	4
-0.101933131445569	0.598632515112656	4
-0.11037809375283	0.499468671026857	217
-0.123609567120666	0.404332700101307	217
-0.108005563062564	0.43892812836515	217
0.110524692336648	0.978919952082163	217
-0.066015090519474	0.361127552020316	217
-0.055442483093717	0.444004669376474	217
0.119166364605494	0.765706837876796	217
0.000260216960125015	0.625067930675812	217
-0.06531678001985	0.576222867129335	217
-0.111633870750217	0.528724922534885	217
0.073149384127466	0.883340135086116	217
-0.00813005904630398	0.702030696903664	217
-0.110064433515442	0.523366853498228	3
-0.017381627789635	0.465312297347643	3
0.077952988429667	0.887134818836384	252
-0.017669408407915	0.62027038165471	252
0.061675783537532	0.707698162788536	252
0.081748250136211	0.796408125369127	252
-0.011064147177679	0.454536984236601	252
0.116125162483736	0.689202433741448	19
0.0275870739412279	0.374809169764312	29
-0.071864859650719	0.255112656978146	62
0.061597746048812	0.577781757477754	77
-0.026771442288199	0.258219804724156	77
-0.095240756030992	0.821069434043215	59
0.083911701075491	0.563447179038185	22
0.031542956624194	0.476422290902094	54
-0.071898259701583	0.49894338030557	54
-0.086825206326246	0.718506520245703	54
0.10939512758451	0.985803532209001	54
-0.103672748309927	0.338804359985052	54
0.07848814122658	0.717684067051672	54
-0.034058401722901	0.458271288787228	226
0.107300934919266	0.751636003442672	226
-0.011593676597513	0.691833802007587	226
-0.012530680394394	0.742862555174284	226
0.011950172001149	0.765864455472419	41
-0.059510810649215	0.435847566054792	41
0.036139311708837	0.573658749542561	4
-0.100489757534119	0.64267950471525	4
-0.072515060919244	0.595254237136598	217
0.08134615575586	0.948272599848862	217
-0.12346350147773	0.508327509288469	217
0.115190550643724	0.818345835889239	217
0.073595525114076	0.859627113203308	217
-0.092223834862068	0.568363011259168	217
-0.09109190119092	0.486202934866004	252
-0.071631001466993	0.601327779077319	252
-0.117348153474436	0.442001646997987	3
0.00976939958035705	0.715173140117845	3
-0.039757362336249	0.509523727326457	252
0.087574832106886	0.658414668713145	252
-0.116498559176052	0.419749364168781	252
0.025894181534835	0.56541536765945	19
-0.026086955914055	0.267568775805167	29
-0.122878487505061	0.152788630326036	29
-0.00761646585652298	0.447586516656335	19
0.068922570844051	0.578886728977737	29
-0.039080054780045	0.444445033641063	29
-0.010481784250294	0.466264592566678	19
0.021113946702918	0.556980056645897	79
0.071763393224045	0.373169833872018	62
0.061335786718013	0.348404880850151	77
0.050524904657353	0.483984636072241	77
0.021393237063006	0.367328773914441	77
0.11969349518832	0.276683480236803	22
-0.00839825847989401	0.349498834544066	54
0.00852438992440197	0.484170219050176	54
-0.073145603979383	0.613116357026299	54
-0.069122866557727	0.518204988359952	54
0.0617727019455771	0.753218880843216	226
-0.124557209092236	0.35042291072417	226
-0.025533263183492	0.471900880135552	226
0.073152727919624	0.716456722075852	226
-0.10776967636072	0.251610525739143	226
0.073943298721542	0.633796479826512	226
-0.09493590963536	0.369921342636889	4
-0.082806436897178	0.511499204001131	4
-0.069448158744613	0.525179647521603	217
0.066824072445042	0.872226174429742	217
-0.093200925509942	0.608104807138724	217
-0.00826317184111303	0.837320580183279	217
0.096270556932311	0.66576184232478	252
-0.049437124549044	0.528585581124857	252
0.077575280985465	0.725524102780423	252
-0.100667371812243	0.52495685373182	3
-0.013879559991469	0.821326144506527	3
0.03739102349207	0.733319461805903	3
-0.076952537855713	0.371136141887406	252
-0.00839030200318203	0.616236081529313	19
0.0730168381555481	0.37730192508523	29
-0.045091407735379	0.367706437346838	29
-0.050172451555797	0.451059283007687	19
0.054160324145345	0.48752510487422	79
-0.114805736695519	0.327602704519659	79
0.029748474297891	0.469696890468607	62
-0.066951171271548	0.259005560156235	77
-0.115997924336341	0.153610568373182	77
0.043462484429266	0.480516993949522	77
0.077027881907385	1.22267479517393	59
-0.091605324664398	0.448212459856155	59
0.0388393824793301	0.946925219289117	54
0.034439295923839	0.383803436567268	54
-0.068236849242685	0.367757949899983	54
-0.06633909212113	0.590567488590799	54
0.010303222716075	0.697736003501743	54
0.067071710199352	0.715263507308058	54
-0.092087118840103	0.523442049023196	54
-0.117737650522426	0.440796692868285	54
-0.103133702336458	0.35753595042097	22
-0.073610397263163	0.495966621669039	22
-0.062506712371145	0.256982721514195	22
0.112558554020677	1.15197590684543	226
0.0691731345689171	1.28877602666451	226
-0.019956042211167	0.816255665159985	226
-0.117510138151533	0.336551181891014	226
-0.121344540311678	0.461223650234811	226
-0.086691014676397	0.594596723914464	226
-0.095546285019891	0.512572908743273	41
0.049296317129924	0.482136399771673	41
0.117502361975396	0.820025531351516	41
0.046738058150944	0.821746575871113	4
0.118181571540965	1.04201260833166	4
0.118689525626337	0.697636011154017	4
-0.026116581072146	0.367967259739223	4
-0.035607742032965	0.685498121960673	217
-0.12179168074146	0.530742677376989	217
0.0858398222646341	1.00757236786732	217
-0.054722277072743	0.369962670892781	217
-0.03154827085955	0.370241086139509	217
-0.010871491927638	0.474597657743961	217
0.011566018787579	0.633374227990416	217
-0.057309757952223	0.586473435466565	217
0.040148436481294	0.646783070496852	252
-0.05104772965131	0.567918726076722	252
0.042122664919125	0.711329393968441	252
-0.062749044814504	0.655134369691443	252
-0.11922370536655	0.508831842118993	3
-0.097708957987478	0.509698732696855	252
0.071103384609454	0.593756858620842	252
-0.089444996705929	0.5246728472475	252
-0.030402674540814	0.603475088957443	19
-0.081789947292256	0.415175539013621	19
0.040959460932511	0.555657327502591	79
-0.00389622106478099	0.45840010709836	77
0.058722229098601	0.574283279104445	77
-0.102477119578992	0.435359871030999	59
-0.115199741122426	0.518071811906945	54
0.122911099734077	0.974676380703816	54
-0.107185711676432	0.5407013477422	54
-0.057332656652711	0.95674748620613	54
-0.083361971579756	0.51467177792208	54
-0.024932575856167	0.534662127141026	54
-0.067138902980714	0.605603683454973	54
0.111119116534196	0.738453265983725	54
0.088020978421801	0.959758946618969	54
0.061239318970073	0.647598545002435	54
0.022580094347323	0.477410787038985	22
-0.051173331696075	0.367195775830332	22
-0.083911857665764	0.42314341324251	226
0.0598360135659201	0.77165169430928	226
0.081113650936653	0.491093560615585	226
-0.101014110952244	0.255578453944039	226
0.039700106756506	0.626726923862175	41
-0.072524410575809	0.518368634050261	41
-0.106997191852408	0.429241884120371	41
-0.105433335192131	0.355075609881125	41
-0.041051886435771	0.445814350435177	4
-0.119028219584639	0.504682622895643	4
-0.108990067000006	0.651286542804291	4
-0.032196030032364	0.675480652591431	4
-0.118191101288061	0.559311165762399	217
-0.104465438652131	0.508452611703903	217
0.058459442578533	0.706323600542884	217
-0.054739196074621	0.689598304061869	217
0.070362151118325	0.926116474711286	217
0.122863918151304	0.979516455572674	217
-0.040100521141512	0.729432491206615	217
-0.075484312728414	0.686596894608386	217
-0.107946171755863	0.627320596181078	3
0.043556485458201	0.47458800167889	252
-0.084764322646953	0.447539723160746	252
0.054776985355542	0.818916382616053	252
-0.043441380880503	0.656222625720666	3
0.055038377774869	0.485581140543529	3
0.121112306618861	1.07295278114142	252
0.000852727358731986	0.613261877213441	19
0.103988443870192	0.822795511249942	19
-0.005668906500711	0.555159879084747	19
0.069000284410098	0.587245706417691	19
-0.111861706537715	0.4275990901095	79
0.087606941412981	0.675937366269197	79
-0.118625748284016	0.156401863873602	62
0.07699090439822	0.579952184435925	77
-0.063168474923068	0.369584910437054	77
0.0421590303010549	0.274981139624092	54
0.108903642413921	0.67517487509865	54
-0.034821878124448	0.769750627234981	54
-0.088665701390451	0.344212376315101	54
-0.040813868362803	0.369030656386252	226
-0.064454576965653	0.537468217524824	226
-0.00468606111074998	0.667342512835861	226
-0.103815490492225	0.256782241387307	226
0.025043601769462	0.563179691915079	41
-0.017286891818244	0.753008307466208	4
0.069971042036304	0.714164628559373	4
-0.076458843137151	0.347936939367806	4
0.044288583468892	0.913864101082106	217
0.100860791193188	0.652687504915965	217
0.082362319442678	0.80576666265668	217
0.113213738723351	0.685734596390858	217
-0.080759162861127	0.659181497694205	217
-0.034172926459497	0.67351764200227	217
-0.056477813620343	0.648688131915279	217
0.124067320003929	0.611361489957141	3
-0.062516089257394	0.367111546764839	252
-0.054854903909446	0.590024750478157	252
-0.051189583625026	0.581776542856749	3
-0.025885901447914	0.452981497223149	19
-0.111114350606003	0.423583387571968	19
0.076628871877001	0.466296411218109	19
-0.048605128562824	0.36885297243357	19
0.0724489527755861	0.582388966134904	19
0.073912143158275	0.666893700229328	19
-0.114000014459735	0.328656469642628	79
0.010008255192001	0.482931869335691	79
-0.022288834477161	0.461709970166457	79
-0.105585149400419	0.358463891609673	79
0.093131531484289	0.58766644031126	79
0.024983920142302	0.481376669043891	62
0.045166012554031	0.483770446444895	77
-0.08987878919757	0.901248723584725	59
-0.118302997256803	0.48926590276634	59
0.008915005516829	0.764542382392272	54
-0.07831226421839	0.250690417314737	54
0.117842765860531	0.4995928439263	54
0.00406094572870497	0.846378298452281	54
-0.056788562132338	0.517845255814662	54
-0.089191646982091	0.601830158057787	54
0.048444739376705	0.490124382607966	226
0.030968176113253	0.637357215539952	226
-0.054289579769453	0.358674493767728	226
-0.00309126680356703	0.371644366480999	226
-0.123569713830469	0.247663392053933	226
0.067836200131842	0.808244292751224	226
0.021412077116669	0.551006282874972	226
0.040700176350979	0.481751383718258	226
-0.02014514437708	0.612449898762012	41
-0.108929268886289	0.505692934292823	4
-0.119236349545412	0.525100661488832	217
0.035905634872467	0.920831623963672	217
0.039448471502729	0.638142885076266	217
0.039885110174577	0.788662523797007	217
-0.088169293434747	0.518679035575248	217
0.06073470642379	0.649853997198456	217
0.043727940306289	0.850259979876957	217
-0.066001304711624	0.617817559103473	217
-0.075928653978621	0.581213588746248	217
-0.013368296100613	0.628006121612156	217
0.087232292471138	0.496733488499257	252
-0.022010708028919	0.450328584956814	252
-0.009723574145373	0.599774952541973	3
-0.029136326375465	0.531543988739714	3
-0.066134644874337	0.456847504936718	19
0.00585983907152599	0.479280599946363	19
0.111728072182322	0.803105537105752	19
-0.036910404017399	0.362452147141303	19
0.0535758901832381	0.494529816414005	19
-0.110114387678149	0.356369684074864	19
-0.018575137946225	0.444887347924006	79
0.024890882800366	0.463800167402306	79
0.016399790596479	0.455985524540768	79
-0.042508638032328	0.448220425728549	79
0.0364806231360531	0.271631727229827	62
-0.097152727432541	0.365941561442916	62
-0.105065586099038	0.253469658525595	77
-0.054490617773683	0.359069508406027	77
0.026759350157625	1.21882348266203	59
0.079216614085479	0.385667823816042	54
0.040155508877679	0.273702593316528	54
-0.108971512080487	0.438294612433713	54
-0.117235812197424	0.525396816060743	54
0.019017528302282	0.852335520950806	54
-0.12200502969913	0.513110691680978	54
-0.096601856266912	0.533906114165048	22
0.00972336830067699	0.618992108431716	226
-0.100500792127765	0.530905280121993	226
-0.043194004497898	0.604406383440178	226
0.034186634718807	0.764027891796916	226
-0.027175016730911	0.688627751158053	226
-0.109206434114608	0.502022027987906	226
-0.034665951438364	0.435750747657059	226
0.046154519064919	0.723970982079066	41
-0.097087053483315	0.51788702800072	4
0.117153987310192	0.892391380026828	4
0.072816120700375	0.656755317905763	217
-0.03513243464972	0.532611101130048	4
0.079909904116126	0.725318196354363	217
-0.019607457944687	0.690794779174941	217
-0.028132736435452	0.566272673880308	217
-0.046865207064654	0.619283435642084	217
-0.117169807522835	0.435213097592235	217
0.10182973046597	0.979056273749316	217
-0.085730029514963	0.504181888982501	3
-0.016186853370254	0.615543887116829	3
-0.094828850285626	0.445606289196825	252
0.0385159833234749	0.563105072475403	3
-0.019744408678662	0.471822211226674	252
0.00733436713615099	0.686008257554343	252
0.012198895276201	0.47316420388226	19
-0.10902714031977	0.252799157256678	19
-0.03544804314891	0.359403129463853	19
-0.119371036157759	0.363080947160249	19
0.069109027251114	0.372362140327477	79
0.037856066351626	0.376341804519982	62
-0.100405229341647	2.26117234896877	59
0.119766799016423	0.27747490982947	54
-0.116247712922789	0.780598250296637	54
0.037833603551828	1.25449596051531	54
-0.055141076091191	1.32987548679053	54
-0.079720570882734	0.431651342219443	54
0.121811087487468	1.89223216930648	22
-0.118356857121535	0.959206559431063	54
0.02243829499689	1.08068336044081	22
0.079487220303134	1.09185851783175	22
-0.073748812481126	0.746212512720339	226
-0.067382074323057	0.942679553519722	226
0.059822130357335	0.573629012779117	226
-0.031071014673926	0.367550636951351	4
-0.060088706054838	0.537969802839984	4
-0.022333059849634	0.26287929368481	4
-0.071029748292337	0.363352851139289	217
-0.05289564660658	0.522686133193193	4
-0.122472381925657	0.449163787680054	4
-0.087869767387368	0.359856155163524	217
0.083767646807079	0.561519922243535	217
0.114399319442032	0.500352799879782	217
-0.082717179689643	0.366431608713876	217
0.079748370370873	0.582650180661659	217
0.047777059163409	0.481870337598983	217
-0.098144865433166	0.357656508683642	3
-0.029839292194193	0.253094102840763	3
-0.110972701354717	0.24513330135498	3
0.000957142487756024	0.533819792727021	3
-0.00344880973337403	0.366154818113898	252
-0.106303855589753	0.244880224427078	3
0.069962452453744	0.374284345282948	3
-0.049890386213733	0.371442129592968	3
-0.068432705171374	0.257671858059808	19
-0.033825025973274	0.248586996646352	530
0.029838781602747	0.376123040697929	530
0.0314826291804819	0.376444341603934	19
0.047166982604797	0.563985250942876	79
-0.035485707884831	0.236650710540825	79
-0.056599253190191	0.356174493135324	79
-0.105916612840597	0.255675699464425	79
-0.118742213907014	0.154014976686484	79
-0.016479072371369	0.699774433513938	79
0.029007440502078	0.260154374691576	79
0.12054829558404	0.503724244332248	77
-0.023263203882854	0.260846501199098	77
0.039359686979131	0.274967793886388	77
-0.026412414572265	0.167343841606058	77
-0.107112387457553	2.24713345196048	59
-0.116036613448042	2.43749929265918	59
-0.104241930004457	0.945019044415238	54
-0.117549483563283	1.06471004951365	54
-0.099329002013364	0.768071346356837	54
-0.051727307719968	1.00201481118347	22
0.030333581241063	0.990934521575157	226
-0.110871089461194	0.488791719963925	226
-0.113549886613712	0.362275537249888	226
-0.118636717379879	0.817928863184434	226
-0.0877817431378	0.436689409581581	226
0.061612967967984	1.01450384081535	4
0.00454667703189904	0.686664040360346	4
-0.077618945208466	0.854801886987993	4
-0.091064123423237	0.428446222521572	4
-0.023270651289534	0.849038225383496	4
-0.053767438883667	0.703725911581311	217
-0.094447399938715	0.804645666937988	217
0.0593832608148051	0.572708764592963	217
0.00633272914487204	0.475894875365785	217
-0.033314633228316	0.449155820705585	217
0.023360067516863	0.532388429841404	217
-0.09717699739051	0.436386154399405	3
-0.109201997545127	0.340246376497074	3
0.111312178832131	0.885530319083129	252
0.0537187451768511	0.576524732947696	252
0.079070588947303	0.542179356424145	252
-0.057778417130136	0.350541267014167	3
-0.070902674950139	0.355069055708169	3
0.049645867552105	0.5773279636416	3
0.072015885630473	0.487500989091573	252
0.061234497498094	0.494776611404833	252
-0.033438054563602	0.770809039570002	252
0.103869293490984	0.577328003630162	19
-0.042104456577174	0.37109791756013	19
0.110561881717897	0.494664628087513	19
0.080615133220348	0.387851931326473	19
0.033550216113405	0.379763029111793	19
-0.093189018089087	0.431623992568022	79
-0.062398716421842	0.375252609893366	79
-0.121827960815714	0.149516155076153	79
0.0376708004769279	0.874754277954307	79
0.11659939381932	0.991864014588962	79
-0.065748179553116	0.25970034648057	79
-0.099214821689805	0.364109108902598	79
-0.12040585895942	0.361534292007683	62
-0.00344933895990102	0.693982150470377	77
-0.046199190584777	1.23763219649262	59
0.0894522084378651	1.31943907612422	54
-0.064432922482272	0.419144248868104	54
0.026294425209702	0.486744274475538	54
0.044368047571083	0.76908259974865	54
0.101569663416925	1.21023034978493	22
0.031279238512167	0.859931146361005	22
0.0849154476681649	0.668834131703371	22
-0.00555203563860202	0.470454141493569	226
-0.110086913185752	0.364218205473401	226
0.034341029049229	0.644934842266487	4
-0.055666099638571	0.5126851014717	4
-0.041137085363501	0.453597298042718	4
0.064996552681475	0.584599715004308	217
-0.034402724932007	0.516013224767292	217
-0.047956088478196	0.459652613482612	217
0.005452366436696	0.553647578082302	217
-0.080136703099182	0.344268987028004	3
0.023328383768482	0.554303455232053	252
-0.093363148680387	0.3608365449279	252
-0.124276063848934	0.433209415051737	252
0.027063321977707	0.642248542534152	252
0.082384215128145	0.642223840464012	252
-0.020508836511459	0.456204389606109	3
-0.095781090278716	0.356624404841823	3
-0.112349653529863	0.353520782071701	3
-0.08070627918023	0.448992154127499	252
-0.097595327524453	0.363665804977801	19
0.119659406465365	0.287279041529021	19
-0.086328554623124	0.345045763665044	19
-0.021172248528806	0.462366694288963	19
0.031562395633722	0.492067075569615	530
-0.030233296547565	0.260050852399383	530
0.028825363182277	0.374573495408302	79
-0.07020339980131	0.259463267576366	79
0.120677896305113	0.28515091989851	79
-0.026412414572265	0.167343841606058	79
0.033201712259637	0.377817780831953	79
-0.032503223845182	0.370244290376394	79
-0.010568631043123	0.352936157652303	77
-0.096163380440268	1.31441806920442	59
0.108952422313686	1.10543048879541	54
-0.042691719450076	0.998740906956867	54
-0.047823857822007	0.514007207118759	54
-0.097071026648593	0.514957266762559	54
0.00450649905810396	0.880455080066957	54
-0.046531416113108	0.7345988328169	54
-0.096923442982569	0.584505924914035	54
-0.00685163084684698	0.722997956343305	22
-0.124085472628675	0.444400562057299	226
-0.066143377731013	0.455827398905161	226
0.035768020029647	0.590254546715279	226
-0.044900047757211	0.536004150748628	226
0.08286713335759	0.827200551935578	41
-0.032012255267736	0.61429504766996	41
0.113532254546733	0.955851743155843	4
-0.08397442376111	0.519584316992552	4
-0.038450703133889	0.540242144112432	4
0.048810066633429	0.71947686371659	4
0.023370735439092	0.467919598667191	4
-0.122958845329283	0.357369747387185	4
-0.009106028136803	0.366168114909774	217
-0.102988961504888	0.255207949641421	217
0.075101744125473	0.495515123830614	4
0.00416448938037195	0.463444647692301	217
0.087468303137092	0.665843842783273	217
-0.103566762349456	0.350882376221044	217
0.0876457476863159	0.596087898684702	217
-0.00818725536044401	0.550495675818077	217
0.00924615737454404	0.559606178054226	3
-0.00726371090361599	0.619665252598813	252
0.0748656594224471	0.369535864053169	252
0.068617387907598	0.47136804295168	19
0.071453490022348	0.374317673231527	19
-0.059202053406765	0.373251114337046	79
0.041553753586672	0.281472972707066	79
-0.051930960116771	0.368648494648961	62
-0.057703985296988	0.369947387391136	62
-0.019397229011136	1.39729354580703	59
0.079868022042945	0.483320375109084	54
0.056634886162993	0.65789606203138	22
0.083052440489186	0.718674208308725	22
0.024164430542057	0.519628780087344	226
-0.066658592452393	0.444735626012729	226
-0.084890446260039	0.448712291077009	41
-0.035563166161241	0.365882118421084	15
-0.03963521107453	0.452274094937452	4
-0.083969412670327	0.364115419315299	4
0.080003960935174	0.565663729175285	4
-0.022456272880351	0.373679335359775	4
-0.109498271707603	0.253603224889538	4
-0.124409343574678	0.253493837655575	4
-0.10455568437777	0.35301463158006	217
-0.068472821352351	0.36584652259369	217
0.025270264755898	0.367904876786287	217
-0.054765922025453	0.360656852564944	3
-0.00360691210263397	0.365578743815729	217
-0.062986784625939	0.366865441604907	217
-0.020763305188503	0.37170064571497	217
0.048218626835756	0.477201496265702	3
0.079682939780484	0.388559161747719	252
0.121215447818156	0.605993017664534	252
0.045226012106913	0.479220623120147	3
0.121344191264919	0.500035601075911	3
0.024762455277706	0.377070671377168	3
-0.00252513783640401	0.370699757654231	252
-0.030633499643026	0.362797173178481	252
-0.070499790669983	0.259096644836165	19
0.04339591485552	0.282131304679604	19
-0.113966855716624	0.157916651360879	530
-0.02726267877552	0.265573192056132	79
-0.019066724489184	0.265281180394064	79
0.0375957162630221	0.27510369868001	77
-0.024455957271692	0.174341861986265	77
-0.09629123388196	1.2237381773107	54
0.039374706371873	1.11300500547737	54
-0.115122765922121	0.588019209176032	22
-0.010911195347441	0.955795582809784	22
-0.074964140150011	0.619672829676032	226
-0.041062099945728	0.528202904631174	226
-0.013856629126765	0.605801626708066	22
0.00144573292874195	0.693936904058676	22
-0.084480771655219	0.727707428133313	226
0.109453932303044	0.821462150556695	15
-0.034408173318208	0.597613006584418	15
0.08845458682039	0.597855010476562	4
-0.050155288036199	0.454004808013464	4
0.077330513464929	0.495214309519963	4
0.028530236710079	0.479710294066031	4
-0.047721782910942	0.364972755893776	217
0.023081558173353	0.480731670422481	217
-0.089705237353628	0.359188072788443	217
-0.073582378637594	0.364806212958972	217
0.018702657753237	0.351052023149836	217
0.118717321482944	0.502859998069125	3
0.029909256821789	0.490183010037759	217
-0.01903737386612	0.338543616040096	3
0.0659495052290821	0.581232745480874	252
-0.00292536615871802	0.376463508250168	19
-0.027614105209668	0.363785362345267	19
0.0817134459502	0.389487215518337	19
0.1189687877181	0.280982340582248	19
0.0250539307448679	0.36095703393022	19
0.027522479309011	0.47405062691359	19
0.047027896315644	0.27889303005266	19
-0.115286284857495	0.240118770846182	79
-0.068892994505015	0.255823438401644	79
0.033863758549084	0.271590292117255	79
-0.074309211853067	0.258811264167385	79
0.0222922352098	0.476113034099215	79
0.02725142407767	0.368253293711209	79
-0.051052658860956	0.367782466831601	77
-0.116948807468034	0.155003016540274	77
0.10025113480303	0.865108039707911	54
-0.011560877882609	0.257615443455624	54
0.069862702781365	1.87627964148159	54
-0.021946795850746	0.603786174222355	54
-0.020071822181011	0.743645679014449	22
-0.013643506115418	0.509784660387176	22
0.081476039724671	0.875222956867356	22
-0.048517827109626	1.12647532782753	22
-0.124078867102715	0.757985780545589	22
-0.083347747288618	0.773951846653333	22
0.025827745206077	0.862566151646112	22
-0.069826109003985	0.89694914229873	226
-0.06469232580268	0.365147456632686	15
0.068916646636556	0.706985256105266	15
-0.085764254875512	0.514189982132921	4
-0.10889806767639	0.413464823271202	4
-0.112038623452564	0.866097107007381	4
0.017494169551275	0.693898162881611	4
-0.023150509801641	0.596211241861846	4
-0.119640994971663	0.154201474425124	4
-0.123226128440396	0.34445251228609	4
-0.123232841586817	0.152558557205109	4
-0.11134611219121	0.4410363256641	4
0.037492998726246	0.276883702765847	217
-0.11627905878122	0.435625059837284	109
-0.048863647082698	0.783174348217108	217
0.00621317654898501	0.480951619653882	217
-0.012825707271924	0.996444929605913	217
0.045049208501293	0.267076290411105	217
-0.105080933791649	0.248947095100005	217
-0.017603330150139	0.268859144190581	217
0.038678893511034	0.377403220872926	3
-0.046441786717953	0.365876772374752	252
-0.053115093601036	1.20311486977871	252
-0.03311979322853	0.462790654472172	252
-0.027157550000686	0.169672404181639	3
0.120712869718874	0.290330747439082	19
-0.117301555479459	0.15549131738934	19
-0.025742204616955	0.171205487264736	19
-0.04695324891881	0.447143004426606	19
-0.020763856133946	0.167149342002281	19
0.036158369051129	0.265732589109896	79
-0.1133047885325	0.157355077558861	79
-0.037672026272226	0.756272021115779	54
-0.00657590430428201	2.2582920767627	54
-0.050971659196367	2.12282027029332	54
-0.080249163440089	1.53669925754991	54
0.0412807818158431	2.03945756672858	54
-0.037419876522889	1.48866745573731	54
0.016875023908085	1.53648458947871	54
-0.067672582288886	1.68765911822364	54
-0.00495923045716101	1.15224622633273	54
-0.045892750731384	0.646107575710617	22
0.03834119027364	1.42413104349372	22
-0.122984897110447	0.504459225598807	22
-0.122320193152913	0.725001764133801	22
0.04909687824006	1.11047438738149	226
0.051684023491022	1.25992561154059	22
0.00783080559652505	0.782199049665581	22
0.093726817287871	0.676489627818306	15
-0.078668252902338	0.615488797174168	4
0.033886690966207	0.492290741625109	4
-0.035746630223274	0.454793483810662	4
0.046472086389668	0.565935549642901	4
-0.025897862611339	0.262420396715526	4
0.0375957162630221	0.27510369868001	4
-0.118519228704336	1.03768468888038	4
0.062798679808309	1.04632716588528	4
0.071918016868632	0.375016416979005	4
-0.06815348601257	0.25538791574876	217
-0.105694240447249	0.248661619566333	3
0.035319586587137	0.377686521973827	3
-0.062800786079751	0.52018485030099	252
-0.012373157067381	0.68978479196621	3
-0.016764679937888	0.463773297610874	19
0.117959141795652	0.600786168087687	199
-0.011881755958204	0.449115240806339	19
-0.104281835108376	0.253700780840795	79
-0.02479154844754	0.174086333588503	79
-0.016477988420877	1.1700801421366	54
-0.013003996787012	2.42772127902025	54
-0.103046591143173	1.49222823489486	54
0.04083024323268	1.52965869056424	54
-0.015860949266495	1.05161841365324	54
0.00927509339846899	0.878216591580738	54
0.046464779449962	1.17764229639016	54
-0.082521899703316	0.800116943579518	54
-0.091856741780916	0.859846492820423	54
-0.117364050679885	0.802064076083312	54
0.102869998159312	1.23636898401464	54
-0.086364124105653	0.589375026889064	226
-0.074553906079725	0.521389864249808	4
-0.082046556994993	0.508999494863423	4
0.081524236199261	0.662511736743081	109
-0.068170597951358	0.512244779423866	217
0.073614938072606	0.622554763083309	3
-0.00674399837431899	0.461388685592056	217
-0.110133884161013	0.432882184062905	3
-0.015812296697424	0.467183457055735	3
0.040271977863878	0.649111717392161	3
0.056688879968659	0.564367798638933	252
-0.060928643218708	0.527698475452872	252
-0.061298075152488	0.52009644549252	252
0.043215838043228	0.479438219790938	3
-0.073825203354733	0.449044065429617	3
-0.04618181014162	0.371196392128586	252
0.026499863278909	0.355320201283463	19
-0.115610116264838	0.239463465844245	79
-0.023996534135192	0.262403326195934	77
-0.102893821496721	0.249243964390739	77
-0.016870698427745	0.26824949696097	77
-0.060292939172113	1.33872477913332	54
0.092384298516641	0.822891124762229	54
0.00320382988283896	0.749533317403702	54
0.01874038513016	0.709427192896025	54
0.077329633290704	0.63391472080386	54
-0.086928805209675	0.78150752091829	54
-0.094348430126815	0.521027623278586	54
-0.072989459124718	0.515332089247596	54
-0.03620749931482	0.458226028377554	54
0.0000523754707250079	0.613720437027916	22
-0.016099575048027	0.465419927999429	226
-0.033639479423278	0.537496790542252	226
-0.04525614727006	0.686034095413522	226
-0.03131581003435	0.678931101654774	15
-0.042612547110791	0.372673154441037	41
0.018871591477296	0.786633540024597	4
-0.020178385533025	0.616456838899498	4
0.0151255810527841	0.625316208538135	4
0.031328519300479	0.565504365186212	4
0.00625368573487495	0.551436475537731	4
-0.039912990627007	0.447598437704719	4
0.056644122124754	0.552824743069594	4
-0.070963490403899	0.256022067315427	4
-0.033975916073048	0.36348636755918	4
-0.038065097569098	0.586553111128509	109
0.017695572522212	0.552295363458837	217
-0.068038623162974	0.452805015879456	3
0.02351484765169	0.550284672351086	3
-0.120966460000578	0.366626685730704	217
-0.113777214928193	0.367869733008717	217
0.013649215870666	0.546614504148313	217
-0.027389646928959	0.524559710384505	3
-0.076976030490072	0.354221841222437	252
-0.057250784684831	0.371838449984762	3
0.066578025491696	0.642785547365846	252
-0.068830841839046	0.368260625526222	199
-0.117610798599704	0.155996282087211	19
-0.104641553674432	0.257106410022646	19
0.0569958528314301	0.495033882873184	79
0.0730622257404821	0.389823437502273	79
-0.088370555709088	0.351475025654987	79
-0.10745408826769	0.254323916056391	79
-0.021307376775217	0.269585794818174	79
0.022432571769191	0.363966238362186	77
-0.118034513333133	0.151846156453999	54
0.00389864120517103	0.373663140233072	54
-0.014645259321107	0.263026612106286	54
-0.072534245175649	0.257814878184033	54
0.109858091329459	0.502638235685451	54
-0.117963442428011	0.156497220770852	54
0.123749369679057	0.197904329442775	54
-0.029110838291211	0.169836560265533	54
-0.117301555479459	0.15549131738934	22
-0.119443980543202	0.154530039605557	22
0.051056984969302	0.270415698197541	226
-0.120702994284185	0.143426949709514	15
-0.024485785292385	0.167611648346672	41
-0.1133047885325	0.157355077558861	4
-0.117920756712673	0.152972618115877	3
-0.021743190769196	0.16810798477004	3
-0.021100250863162	0.170272661232154	199
0.07833018864665	0.949941872930584	54
0.124507140407129	0.860609328802171	54
0.029450670623951	0.55908739257829	54
-0.075051456984282	0.509865079729224	54
-0.106955977613956	0.348230089957608	22
0.029061591299723	0.485807646173208	22
-0.044613111560362	0.369959445162095	54
0.0349778140692359	0.479521194068529	22
0.123749369679057	0.197904329442775	22
-0.119951609023473	0.151905822116921	22
-0.106666995008718	0.253517177752079	22
0.034497023605076	0.377521873880087	22
0.024762455277706	0.377070671377168	15
-0.103208142222518	0.247533998210434	15
-0.040020066558438	0.345639655399767	15
-0.030866507371658	0.25552560336319	41
-0.123844548125151	0.149173904676147	4
-0.025434025034098	0.174050129956977	4
-0.030966746228041	0.258194125842696	4
0.089133221588749	0.382151557967017	4
0.120021983698475	0.287635502156229	109
-0.118273208503661	0.155900053042255	3
0.039666369375441	0.274708990471623	198
-0.030028211657445	0.169266326339887	3
-0.030487629980486	0.167815192907649	3
0.038216661390954	0.27778704436884	3
0.03453506960171	0.370612987026763	252
-0.025098699439262	0.174305828211983	175
0.124133365026761	0.197625616439368	121
-0.117920756712673	0.152972618115877	19
-0.02409232116951	0.249282048931032	19
0.124133365026761	0.197625616439368	20
-0.030362891525725	0.165698574856198	79
-0.114939561459511	0.151303715107185	79
-0.029078788846085	0.173073255821478	77
-0.120169308256377	0.244831991960603	54
0.042673899649155	0.282838963018334	54
0.038941117924165	0.2771188812206	54
-0.025769439973445	0.170263190359371	22
-0.124246920166802	0.149678560024963	22
-0.117301555479459	0.15549131738934	22
-0.024455957271692	0.174341861986265	22
0.121040921410795	0.290813070958169	22
-0.119096205695938	0.15122383140165	41
0.123749369679057	0.197904329442775	4
-0.028743846322362	0.16970123630098	109
-0.021743190769196	0.16810798477004	109
-0.034767095839651	0.169258406159813	252
-0.027799332430055	0.173060458267072	19
0.082829853770139	1.37133233591544	54
0.077653390479442	0.809007170630635	54
0.117579882062792	0.498369614364671	54
-0.109850901959348	0.577973478272916	54
-0.038624962885388	0.531567161275358	54
-0.099349120981097	0.514105696761962	22
0.12096862439107	1.03598976125319	54
0.0925867953955341	0.9052593104682	54
-0.103917739035647	0.412756875366199	22
-0.112157697760846	0.238467029681433	22
-0.026652999862824	0.612202536969873	15
0.110663323196096	0.823516546312462	4
0.046926018828512	0.782978086166084	4
-0.029833400807517	0.530352656768463	4
-0.111279059083925	0.35849200504682	41
0.00015552496261495	0.379415338650237	4
0.00333474205964202	0.534083990642261	3
0.061536164442722	0.58037786626147	217
-0.068054930060235	0.256301999582774	252
0.108735311082277	0.486022121002766	252
0.07760107462203	0.38876506718811	252
-0.076280180169902	0.426585788451907	252
-0.00238766585345601	0.450573192273666	199
-0.026477932542644	0.252663285430609	53
-0.118978376095057	0.155402003494633	79
-0.079979006227433	0.247452883430428	79
-0.111987277164398	0.247308557158083	77
0.020095489096088	0.361783758057404	77
0.080725427303755	0.490814434129882	20
-0.066772588372178	0.787464016175763	54
-0.124387594616114	0.556756379441248	54
-0.102177965908193	0.585530800641857	54
-0.067355513590965	0.603897472320906	54
0.022057782819645	0.788572031023538	54
-0.0362734816332	0.524871514680808	22
0.076157605336562	0.736639728645788	22
0.098430052596563	0.943135327225851	22
0.116121895198657	0.590062569586003	22
-0.118533007650873	0.348727686474178	22
-0.081943533431879	0.368105488425341	15
0.016432261953884	0.443047457375305	15
0.023881852683397	0.464424378995815	15
-0.015025280417019	0.552806884238188	41
-0.020847894145823	0.360376733129337	4
0.027361301807883	0.379788850279256	4
0.041952674764828	0.281920583128311	109
-0.026820895522298	0.266058749565999	109
-0.114390485679855	0.354480505239557	3
-0.070036245403233	0.260424894527491	217
-0.070741282047715	0.363489813617873	3
-0.020688966421052	0.370867739397279	3
-0.00795528500099701	0.467002176304076	35
-0.092243224723291	0.368700637714149	35
-0.017311677014811	0.266968879784684	252
-0.010464454577352	0.367241669695821	252
0.086837622490069	0.592496313047585	252
0.115605859746117	0.508114728124127	78
0.021479562434385	0.36753226091515	252
-0.079234072923102	0.249666159057936	252
-0.026449081458995	0.370021743942251	252
0.113910116923279	0.511140541367912	199
0.021002822668446	0.365609744648274	199
-0.00448054893969402	0.366623006895381	199
0.11604167029029	0.275046245165251	79
-0.03394957114309	0.360264593541815	79
-0.118978376095057	0.155402003494633	79
-0.01973812743566	0.259711189707619	20
-0.12107944687585	1.63286903241787	54
-0.033509758704475	1.55637139731907	54
0.065203695041459	1.74976561913778	54
0.097318373874126	1.77300558014464	54
0.087911679330423	1.55471656653774	22
-0.048909917762234	0.931406471531964	22
-0.03512864640841	0.745824231348403	22
-0.119595962175612	0.614757828645194	15
0.0440041199594829	0.682068258980672	41
0.00365587745306195	0.623385436703439	41
0.108638268849252	0.597457830063576	41
-0.063693175334427	0.449462490049521	41
0.122535278550908	0.828571369718466	3
0.072369241271966	0.796032603803079	3
-0.108607301761393	0.355174572030612	217
-0.055438399019978	0.36031459978161	217
0.00873818476614496	0.553410910015433	3
0.038235140539419	0.621213119161773	252
-0.071501499759289	0.363839544759404	199
-0.017162891285451	0.268549510953759	53
-0.031312379236004	0.253949192676753	53
0.00302319454492805	0.371803827302893	19
0.031007658210832	0.473896218341542	79
0.0697257496203561	0.378904162287565	79
-0.072380047126864	0.415480321915226	79
0.064729607561959	0.585500182673857	79
-0.074209759042293	0.251472567876206	19
-0.096743412098641	1.57358529967881	54
-0.052034459778108	0.759290494700004	22
-0.046910773719382	0.872633436290319	22
0.06344016897573	1.15138560704539	22
0.050477252944045	1.12666277092416	22
0.048572119364237	0.871535646301076	15
0.022783966062164	0.369446698082703	15
-0.094258815822038	0.35670391782249	4
0.104329480929207	0.463393875962796	4
-0.124284046318082	0.248596105278795	109
-0.071512065297073	0.361414830839662	3
-0.112304728785687	0.577183689779529	109
0.079723697619837	0.496070771229152	109
-0.042520805515297	0.373958301513214	109
0.048142261410743	0.468199066599144	3
-0.027239978231669	0.47108578584835	3
0.038707071345883	0.492308736002537	3
0.0818476171671571	0.473673384522974	553
0.05183827390601	0.544951147582878	78
0.000899497896285961	0.370375849678017	252
0.088351075785899	0.383165713449001	252
0.030252300760811	0.383961625354499	252
-0.092663403825779	0.366993415457757	199
-0.028878847066732	0.254084075714732	199
-0.035196131856666	0.241036911520468	199
-0.055036473555059	0.362675722361931	199
-0.018043920683314	0.267568731121181	53
0.042274488031622	0.282388833713572	53
0.038941117924165	0.2771188812206	53
0.058572136264669	0.49857533668533	19
0.00169715092969602	0.371335053314752	19
-0.085162587639324	0.35262119974978	79
0.11047840449874	0.493108024934323	79
-0.020574806036933	0.269722437786369	79
-0.08759189815239	0.354758651637207	79
0.04339591485552	0.282131304679604	20
-0.023208361643548	0.26527266628483	20
-0.081889753269774	1.28736095338712	54
-0.050151737860796	1.96111852017128	54
-0.010259209730848	2.12002973008789	54
0.00830218497185797	1.2918083426649	54
0.065917644664426	1.43386838501981	54
0.123149258134052	0.282909585428415	498
-0.029748978736977	0.16905111959911	498
0.05771555787201	0.496494131261564	22
-0.029400324464157	0.367291928253116	15
0.072109447941448	0.572283278803905	15
-0.103991318455675	0.496703796609359	41
-0.077391066633531	0.243595957450377	4
-0.111200462330033	0.247118613850855	3
0.0830900823904041	0.740645111735154	252
-0.029413832966949	0.172818763268529	252
-0.118625748284016	0.156401863873602	252
-0.082740274593231	0.235612230343222	199
-0.072071570837148	0.257564328270814	53
-0.116003647384262	0.148663011747906	53
-0.02637926470693	0.26448969493399	19
-0.114319852295734	0.158428137895593	79
-0.028107525036302	0.170490516965899	79
-0.103386789708358	0.438652585552275	20
-0.121175021222319	1.52137369584979	54
0.089464126425805	2.06188500196378	54
0.009482660809227	2.17903574018558	54
-0.078102436175235	1.62435260556852	54
0.015021924087016	0.779732568363146	54
-0.060362991897162	0.370732549787729	54
-0.098571395172169	0.367746989862689	54
0.08115807692581	0.717711832614949	22
-0.113005191798949	0.599200090051125	22
0.0671146446563941	1.10713692076994	22
0.037692657248951	0.262810003723587	498
0.119401272022261	0.280796477684154	498
-0.087722226226594	0.333729390773174	15
0.01522489129214	0.51715077083988	41
-0.020136072284059	0.267541956313962	15
0.124681786236784	0.293259506159697	15
-0.100544078738764	0.255572526848399	4
0.045904001374855	0.278321172933168	4
0.119401272022261	0.280796477684154	109
-0.034430455244034	0.166924337100382	109
-0.114319852295734	0.158428137895593	3
-0.124136309014077	0.148069227853569	252
0.041630534396748	0.277414046294133	252
-0.062377283962373	0.667279713533422	252
0.037492998726246	0.276883702765847	252
-0.122878487505061	0.152788630326036	199
0.081599701055273	0.493550331081817	199
-0.0311255445481	0.167771162660396	53
0.075255568249028	0.383429021049455	19
-0.123232841586817	0.152558557205109	79
-0.025434025034098	0.174050129956977	19
0.123493832958361	0.197795733894146	20
-0.114364357307754	0.153517646226589	378
-0.024455957271692	0.174341861986265	492
-0.122666390001382	1.06824360471609	54
-0.069174670792809	1.97071237450583	54
-0.068881721214147	1.73796642610393	54
0.020991643765241	0.896552790386661	54
0.034023697227262	0.379616660195709	54
-0.077566486700002	0.251856540653324	54
-0.110273079498861	0.353562176286818	22
-0.100972978889048	0.36098970845646	54
0.107281348206553	0.677038331727235	54
-0.0520727908918	0.989635576632082	22
0.050247259908021	1.02409862422909	22
-0.00623159786000399	0.927775543496927	22
-0.004629243519502	0.678235603072444	498
0.037492998726246	0.276883702765847	498
-0.11096152899988	0.151992663032758	498
-0.062890563856207	0.524507064102077	22
-0.00489402128448802	0.534758057330315	22
0.044030368178758	0.370579985742748	22
-0.025434025034098	0.174050129956977	15
-0.098759903055216	0.469478363192755	15
-0.069674952221986	0.755091276656158	41
-0.116948807468034	0.155003016540274	15
0.032944716240342	0.26554477904123	15
-0.031089070660357	0.165258387402773	3
-0.03176423560844	0.164910083769207	3
0.02868782016449	0.255096718558705	252
0.094862063044341	1.08639731282472	252
-0.024149838579136	0.171216551002296	199
-0.044617326466027	0.152386488812976	79
-0.033153134288469	0.166936747068741	79
-0.023478213910337	0.168244824967691	79
-0.06629360427655	0.362325342607654	378
-0.033439437542067	2.39628327469669	54
-0.055704245520102	1.07576315094272	54
0.028816282457933	0.855822887663601	54
-0.122341031559251	0.384523754095399	54
-0.08536990515995	0.571614248111185	54
0.075277430959908	0.473898398238132	15
-0.092925145052951	0.477990125172689	15
0.082645967821689	0.384024485623691	15
-0.107123235112752	0.353967225789182	4
0.112771319575499	0.479539450175195	109
-0.112996353659233	0.155145728857897	109
0.091454915623584	0.747410813199449	109
-0.038336484215841	0.622408269654432	109
-0.118273208503661	0.155900053042255	3
-0.016429871748318	0.267944594995713	3
0.0387124405678529	0.27482102948189	3
-0.028441873937004	0.173900761007562	35
-0.025958918751984	0.590009736434437	252
0.108308679719909	0.654947775232994	252
-0.065784862747581	0.332069022620745	252
0.098088795548286	0.942405101368447	252
-0.034128317899022	0.17006053637181	252
-0.107830727319608	0.445941221969447	252
0.030052131119537	0.258864438018792	252
-0.019697489100781	0.261753074460556	175
-0.072817836899244	0.259180171352255	199
-0.113657889799439	0.157858515534477	53
-0.113966855716624	0.157916651360879	53
-0.016870698427745	0.26824949696097	19
-0.116948807468034	0.155003016540274	19
-0.115335219437918	0.156614993594426	79
0.106473150529501	0.736760798453877	414
0.11952320875317	1.19948717702565	54
-0.030153927432297	0.465318787767595	54
0.055144790919998	0.770780875282269	22
0.113948069434959	1.12797243817604	22
0.014369740320063	0.343668107819107	498
0.106795067855115	0.712181174186151	22
-0.057073264682022	0.356053284429376	15
0.0385371223323721	0.278028553836216	41
-0.122902626992252	0.445243103851265	15
0.024143682104193	0.246198711245231	109
-0.121160312645737	0.250230636901298	109
0.102006962142965	0.729214055368865	109
-0.028743846322362	0.16970123630098	35
-0.120226315132567	0.300576160931487	252
0.026820283486599	0.366067216320222	252
0.0314826291804819	0.376444341603934	252
-0.069460170926457	0.260210458278827	252
0.039036224013886	0.276641593348037	252
-0.029793221158109	0.258564491943851	93
-0.022915693782422	0.267099328138138	252
-0.025769439973445	0.170263190359371	252
-0.03349030871786	0.169259172983608	252
-0.030966746228041	0.258194125842696	252
-0.017162891285451	0.268549510953759	252
0.033670652333297	0.264968958117918	199
0.0374095200584	0.276946983337553	53
0.024357885537424	0.361763835752028	19
-0.024909978178697	0.266129505555408	19
-0.096127052456204	0.244939130704332	79
-0.04077213377025	0.716542308497941	378
0.110822497581863	0.60316540287681	378
-0.027799332430055	0.173060458267072	414
-0.058949242334972	1.43990508466594	54
0.115893411479929	1.8056229411849	54
0.088486275119297	0.660409621087034	54
-0.035047136104833	0.574113350968832	22
-0.083135472960755	0.440258496916099	22
-0.089334653365117	0.463376423710385	15
-0.04502584495129	0.454717703649757	15
0.042874813117399	0.610173424647318	15
0.02738132124353	0.781904975210228	15
-0.073742885780709	0.258108159388814	109
0.124443002209963	0.292918897783287	109
-0.071988799564703	0.257365066392596	3
-0.103812441321807	0.253695707556154	3
-0.022042504640802	0.37127436081722	3
-0.033095181757872	0.348921261530525	3
0.044851276112613	0.47942746713222	252
-0.021950346705056	0.266654000373997	252
-0.104127252383829	0.252236601904224	252
0.110061217676306	0.502680296634056	252
-0.072355543111553	0.257120694158098	252
-0.03544804314891	0.359403129463853	252
-0.00662186925031	0.364300924614716	199
0.030602339372271	0.383330422046711	199
-0.103460239935505	0.254635503051672	199
-0.118625748284016	0.156401863873602	53
-0.122878487505061	0.152788630326036	19
-0.118625748284016	0.156401863873602	378
-0.029748978736977	0.16905111959911	20
-0.058742615639181	0.453065171121541	22
-0.012591108537168	0.606565855757111	22
0.072009561108077	0.36678304559668	22
-0.00943273765966901	0.36969480667696	22
-0.087204386133479	0.366708429672496	41
0.00135501026878504	0.369357521463026	109
-0.023208361643548	0.26527266628483	109
-0.113613947357624	0.15494071056255	3
-0.033381029828971	0.2444763320685	3
-0.114946929695625	0.151451466436269	3
0.0375957162630221	0.27510369868001	3
0.121040921410795	0.290813070958169	3
-0.02847052516916	0.258349635342101	3
0.0375957162630221	0.27510369868001	252
-0.09797735720863	0.417003644915541	252
0.031902004994913	0.262643834082841	252
-0.01102814430802	0.461700771066404	93
0.122094918293228	0.290390961560003	252
0.018585313627985	0.766284722696162	252
-0.12353833325711	0.152689631867009	252
-0.123079035743668	0.146079495395712	199
-0.00861513980881001	0.253700779613792	19
-0.02479154844754	0.174086333588503	19
-0.024763463145744	0.170916076525265	79
0.069514581026116	0.845477562644269	378
-0.054093313913451	0.404706834070571	378
-0.029110838291211	0.169836560265533	378
0.02811456184881	0.364905797225673	414
-0.112247113856578	0.828505777777564	54
-0.08399696830127	0.234424379929879	54
-0.030354454143773	0.453844920548162	22
0.010430449773845	1.20465311618633	22
-0.050319875370911	0.482668690330493	22
0.00419110399459599	0.367708809599018	22
-0.110000245045902	0.249197164186103	109
-0.050289134454783	0.605871963464455	109
0.0399879661585441	0.267202498654243	3
-0.029811391995942	0.168172845773131	3
-0.034767095839651	0.169258406159813	3
0.124133365026761	0.197625616439368	3
-0.029078788846085	0.173073255821478	3
-0.029811391995942	0.168172845773131	3
-0.113657889799439	0.157858515534477	3
-0.035103826426053	0.166568443085508	3
-0.118273208503661	0.155900053042255	3
0.042750108705605	0.274223341230448	3
-0.103699967618275	0.253799525341214	252
-0.117610798599704	0.155996282087211	252
-0.104972622314407	0.255444140722156	252
-0.027799332430055	0.173060458267072	252
-0.112951775534906	0.154418887710246	199
-0.090566903608675	0.477635112159805	19
-0.024455957271692	0.174341861986265	79
-0.118034513333133	0.151846156453999	79
-0.112290029795498	0.151887690676418	79
-0.02877631167436	0.173644512897175	378
0.00565115257092197	0.37251177686604	22
-0.088755489891251	0.439184306875052	22
-0.113021088079835	0.35760035573799	15
0.0767547365606101	0.493352402504957	15
-0.12104632885002	0.435719386912495	41
-0.118978376095057	0.155402003494633	15
-0.114319852295734	0.158428137895593	15
0.091119621411611	0.674825038496994	15
-0.115335219437918	0.156614993594426	109
-0.029693633205376	0.169510793978325	109
-0.122878487505061	0.152788630326036	3
-0.026237659060502	0.264691033849774	3
0.029326727618578	0.259909944851392	3
-0.072534245175649	0.257814878184033	3
-0.030233296547565	0.260050852399383	3
0.00245662993819995	0.452254880252468	252
-0.035444799047774	0.502559512648641	252
0.123749369679057	0.197904329442775	93
-0.028468825556319	0.169057345385475	199
0.039109171588784	0.269158407422387	199
-0.021745874786027	0.269910043751504	378
-0.113966855716624	0.157916651360879	378
-0.116596147543839	0.15214234592503	378
0.118532616985235	0.564507123976546	19
-0.029078788846085	0.173073255821478	414
-0.118316174335936	0.155498649868734	20
-0.030675663913763	0.351352912056289	22
-0.045371024352437	0.650019785481673	22
0.060266490198699	0.649328344442583	22
-0.011902214650858	0.358203807000848	109
-0.030749019358831	0.368258538067189	109
-0.123933804092562	0.251910249550325	3
-0.016722603997599	0.26642843753064	3
-0.00101418615892002	0.371344580578151	3
0.108281544961672	1.31408778516831	252
-0.049514676746375	0.359219315951689	252
0.014212430909	0.470951075402986	252
0.017981426455345	0.353411632307197	199
-0.028134034490003	0.172806906043131	19
-0.071244484843012	0.258901596842484	79
0.116367134285822	0.279107916178705	378
-0.090796305844778	0.770578168042344	22
-0.043217316347877	0.980628600920224	15
-0.104663929244429	0.346476671696026	22
-0.035967233995296	0.534895864656941	22
0.073556856028732	0.664040582604059	22
-0.00854560297148399	0.925705733463118	41
-0.033960927013573	0.363508781335898	15
0.104164175180719	0.49265774844733	15
-0.051981208455243	0.358626386218826	109
-0.111917325616951	0.247219814881886	109
0.102159041092911	0.480551269779817	3
0.051528356309175	0.493109661513239	3
-0.063611848335025	0.253038849752861	3
-0.060996326807014	0.349590664987614	93
-0.012620655641515	0.356931279422999	93
0.035195312016352	0.378445498642739	93
-0.011791630168261	0.351158392222543	199
-0.026412414572265	0.167343841606058	19
-0.021452725614582	0.26872736593669	79
-0.077873313753001	0.486773035606295	19
-0.117610798599704	0.155996282087211	19
-0.031426607902758	0.167493204961426	19
0.072573252161501	0.479971563305179	22
-0.094349327556335	0.609697874567963	22
-0.122529560148717	0.521779473672595	15
-0.077091000987995	0.432514328427273	109
-0.116022206695996	0.226416802633883	109
0.107352934094272	0.502305745911869	109
-0.025779181029517	0.451487556529932	3
-0.11419438741374	0.355386180685154	3
0.048540485622641	0.483283219935552	3
-0.001979616882607	0.462355538650785	3
-0.029955169485933	0.373087242054695	35
0.0718102582226941	0.388593077941679	35
-0.024990025480314	0.368701174221813	252
0.085503001962652	0.38630910960688	716
0.085879974925976	0.496582872438581	716
-0.048282385834549	0.457618922780289	93
0.073553615506982	0.583151515436966	199
-0.123679553726621	0.425059244931177	52
0.079532538026126	0.382801056331776	19
-0.071973392902115	0.362975603155558	79
-0.060745366992989	0.599349292566149	19
0.116448128831976	0.668718612547389	19
-0.045578157157842	0.537737220613044	19
-0.035626049034181	0.859277874121965	15
-0.018699058291925	0.833459127269087	15
-0.103934593311342	0.910651695861489	15
-0.097815600128441	0.810094767265203	22
-0.063661365280004	0.68455638086623	15
-0.05235781312105	1.1641607209874	15
-0.058403961512147	0.455510748302326	15
-0.12353833325711	0.152689631867009	15
-0.030233296547565	0.260050852399383	15
0.076818868283632	0.388679568466127	15
0.0327408676951469	0.271041086186757	109
0.070510822820868	0.378330653288851	3
-0.026527537630748	0.373294630571704	3
0.041147005314334	0.375366245691887	3
0.116280706958723	0.609371375400103	3
-0.124059296061457	0.2531771698048	3
0.113261005794035	0.493290918011443	252
0.094363201406101	0.726919973864831	252
-0.106823138602856	0.251787609746609	93
-0.071062772358721	0.258426488513028	93
-0.023700925274184	0.261131782152926	93
-0.107088383150475	0.245932227890165	93
0.0340789178734759	0.265344500271016	186
-0.030673523454202	0.259581900320893	186
0.124218555290432	0.986666767341515	52
-0.033791410565306	0.167700228204841	19
-0.073181116150041	0.252282071564038	79
-0.027799332430055	0.173060458267072	19
-0.07831226421839	0.250690417314737	19
0.110685747349715	0.899249021436036	15
0.00603997862178196	0.548150253985826	15
0.085954223388418	0.492523378707479	15
-0.070781166902121	0.260231018061992	109
-0.106945816306276	0.246092381965647	109
-0.041922127992796	0.57756108913191	109
-0.075091856291264	0.681457970020862	109
-0.055036473555059	0.362675722361931	3
-0.116872138445722	0.238953670832594	3
-0.00760255992343301	0.370518281614496	3
-0.124076230320982	0.205181332286991	3
0.027010833900328	0.374806880407883	3
-0.00733062282733499	0.469530079035931	3
-0.086725851937366	0.35928336729239	3
0.082950035492452	0.494558563990501	35
0.077749426873488	0.383154503627019	252
-0.117963442428011	0.156497220770852	93
0.041549058696876	0.944915052782639	716
-0.025170821425718	0.376751411147072	199
-0.05069952582889	0.367306517429407	199
-0.00481519549488602	0.368399701722093	186
0.124407085580479	0.28892816733955	186
-0.079151090086397	0.490077772120511	52
0.075511853250161	0.37414760061315	19
-0.07438344823679	0.25031298643594	19
-0.107257162201575	0.245036646783965	79
-0.026628911415281	0.260563198903013	19
-0.077798174221937	0.248802916780514	378
-0.117963442428011	0.156497220770852	378
0.07799827700648	0.912751308098698	19
0.03270884140722	0.680404217448131	19
-0.021743190769196	0.16810798477004	19
-0.062584221355415	0.532420168688659	15
0.01091913510156	0.978454122483001	15
-0.107659351408924	0.527313075039926	15
0.00983482783380296	0.751568454800077	15
-0.041616954965406	0.762099653413454	15
-0.029252209124857	0.612646239610555	15
0.022969316769895	0.531025191276372	15
0.10993640883706	0.59393691127864	109
-0.115257050659134	0.357243351705062	109
0.0611896990441641	0.57697808406813	109
-0.103295891076249	0.592027413463491	109
0.120971989904894	1.09446422121388	109
0.068922090543426	0.658805295834715	109
-0.124647967409736	0.420740730839458	3
-0.057179484470967	0.441632852389289	3
-0.021667207212135	0.525633415727201	3
-0.094076775879454	0.429991975682055	3
0.042757743873857	0.564596853424837	3
0.0562595821294301	0.609486534228485	3
0.08258728228171	0.661227491115114	35
0.083940969439001	0.570490534103192	252
-0.020604945435295	0.448778221648034	252
0.013293741172288	0.549638660395746	252
0.0886894591704131	0.898275579131268	252
-0.048220528657417	0.426328295074994	716
-0.03556312719843	0.455575118177203	716
0.053659407026016	0.637133352965431	716
0.081246955886205	0.388751207455905	199
-0.055883244670484	0.504575700922726	199
0.082684877085014	0.584043718954163	199
0.019325322719787	0.479741576976506	199
0.122895577338181	0.745010756722202	199
-0.01096284951901	0.35200648989074	19
-0.027928936855156	0.4962333135136	79
0.035195312016352	0.378445498642739	79
-0.09589635194461	0.338157956500025	19
0.048444739376705	0.490124382607966	378
0.043855391529851	0.556045009537093	19
-0.025090215982932	0.621140993899466	15
-0.064467222045306	0.904358815940721	15
-0.022596483829404	0.68838485053762	22
0.100268907646427	1.12342135030279	22
0.079218411855545	1.0823712547011	15
-0.04456159359681	0.591308960772004	15
-0.043957913754369	0.525611930680025	15
0.039200830948268	0.564186281889658	15
-0.071684806747949	0.437112284878833	109
0.00483016476805898	0.598325134720267	109
0.070553735240747	0.724148457660791	3
0.048479565215964	0.635944493947849	3
-0.083688444307339	0.449344990447298	3
-0.070675534922873	0.489615155393987	3
0.028623662639181	0.912043214401736	716
-0.100872768559708	0.355299735242386	716
-0.094914925018186	0.367788033151093	199
0.030888290030912	0.715441104338821	199
-0.067383251786228	0.370465365304134	199
0.069193580138829	0.576391477702995	79
-0.028146702965293	0.256960250864279	19
-0.040753006686108	0.370893069829762	19
-0.013070821214802	0.35593142192367	19
-0.079893064185629	0.440504309679461	19
0.012409458730955	1.55669463906338	15
-0.00979078173206299	1.28722112941234	15
0.034999332614961	0.557699852909755	22
0.084526280964612	0.723135416645852	22
0.028123415193546	0.755112033546914	15
-0.08789411156746	0.569354121290285	22
-0.041905464814819	0.758955512948149	22
0.0521264046275251	0.94552273075443	22
0.0481133459073551	1.2330987748103	22
-0.073199046175581	1.05830395756912	15
-0.027719459058427	1.10162384176076	15
-0.036055884765885	0.453861961740248	15
-0.083815924809038	0.447856275793967	15
-0.015436058682796	0.736894303061398	15
0.00642080009283197	0.371824814171238	15
0.029243074905541	0.472348921341381	109
0.08635534064104	0.496597168423075	109
-0.062870394345646	0.374365579961265	109
0.034023697227262	0.379616660195709	109
0.112431939407573	0.673870288431417	3
0.051206954923287	0.577839542701807	3
0.00278940519577697	0.548446095478886	3
-0.118310448245375	0.569742844602601	252
0.00528240521573598	0.612431356178344	252
-0.10463720060764	0.520798819689017	252
0.076749405495332	0.656880542677217	252
-0.021811296185473	0.373944334387557	93
-0.016870698427745	0.26824949696097	93
0.079632431186806	0.382511170604371	199
-0.016661895174037	0.349959213347278	199
0.079786488997564	0.497819756132109	19
0.0375957162630221	0.27510369868001	19
-0.023881350313013	0.263722611884927	19
0.027055298764464	0.791898051457374	19
-0.005154637000374	0.774817663226382	19
-0.017895287400126	0.267626242997365	19
-0.117610798599704	0.155996282087211	19
-0.074320757928721	1.49117003818008	15
-0.108773244506885	0.972190304214516	15
-0.087701668273131	0.359187447718972	22
-0.102977599861987	0.437859913950701	15
0.112943784623286	0.907771214342024	15
-0.12189981153381	0.499179579404483	15
-0.073111541241406	0.570661742375007	15
0.112306182267041	0.498308337073429	15
-0.08490757973025	0.451590984431815	15
0.0350278986792471	1.04274870804834	15
0.030321396337891	0.473834883669435	109
-0.073385684120797	0.251183565620511	109
0.091765790445808	0.603025702766803	15
-0.071344606434662	0.253325411568031	109
0.042409423902159	0.442394395475509	109
0.00417082695269999	0.855559733896596	109
0.082189031697985	0.722330475100652	109
0.119096252465402	0.587837196444071	109
-0.00409099466929602	0.445934372100969	3
-0.007416157248685	0.479337604765167	3
0.086533874212502	0.57259659207128	3
-0.0877888406277	0.358077957274175	3
0.080263082667788	0.501244111105432	3
-0.109388708424119	0.334403452379885	3
-0.065228610736472	0.668368358667159	252
0.004173104761517	0.552040210497427	252
0.022815396522759	0.362983093280046	252
0.000516154952436954	0.36685303267742	716
-0.05971573516592	0.349864976903757	199
-0.076615668818091	0.36349141480327	199
-0.00409614628621402	0.368714246487949	199
-0.059488519677117	0.350990322645304	199
-0.119792104301872	0.153958688203184	199
0.029776810996657	0.383169028975307	19
-0.020869029187433	0.267401516299483	52
0.103343259435173	0.480005578724589	79
0.046626061858237	0.278457068083501	19
-0.114045931386925	0.244357071100293	19
-0.027157550000686	0.169672404181639	378
0.103425537260674	0.660391324969536	378
-0.123844431923376	0.53655512743977	19
0.025796661084267	0.82413923682796	19
-0.049762003942924	0.456403022929553	22
-0.08950274818217	0.512996529365615	15
0.068110130288662	0.793917935708577	15
-0.076891074903123	0.807073350385115	22
0.0231460281313241	1.3651994478498	22
-0.021754289105984	0.839863605533322	15
0.047499878782061	0.579967188995955	15
-0.064828615842178	0.771140333731194	15
-0.025864495809113	0.467700494495765	109
0.078066588289146	0.387312257702204	109
-0.00701722298113699	0.360603304683007	109
-0.104586340084449	0.517636338298044	15
-0.020770987282916	0.264532069191122	109
0.110458552332973	0.505019274470403	109
0.079861608096116	0.503086409118121	109
0.011434286669488	0.475334039087687	3
0.027052150416891	0.473829805123442	3
-0.076443745113249	0.432875185669199	3
0.00741214930176803	0.472255079945837	3
-0.111611930696261	0.358675058438301	3
-0.117096778394897	0.36610632993635	252
-0.10639141017534	0.571926779192479	252
0.113574903567587	0.494146524894543	93
-0.066470300943675	0.351150750375482	199
-0.124088252253935	0.546307698831198	199
0.0379273108506381	0.564181771740644	199
0.029254537166284	0.482679263284257	199
0.058722229098601	0.574283279104445	199
-0.038851208087781	0.443983133495956	93
-0.05662723748769	0.364102289318547	199
-0.107872534763951	0.246113569946762	199
-0.078726308178325	0.240893694258573	199
-0.068432705171374	0.257671858059808	199
0.04553178125519	0.895458841968014	52
-0.107101067750724	0.24873148872414	52
-0.062870394345646	0.374365579961265	19
-0.105080933791649	0.248947095100005	52
0.065665666364962	0.718329365920926	19
-0.056588583341277	0.459494272178956	378
0.018223966525434	0.971314959413173	15
0.00590067628041902	0.692084958392309	15
-0.056978467773876	0.812014610145634	15
-0.102790034156707	0.827692772529937	15
-0.066174167338786	0.871486580974097	15
0.048359901370569	0.578242031609462	22
-0.067554794047431	0.796780019683241	22
0.036174274799112	0.829097733767066	109
0.065869927617799	0.656176335106095	109
-0.014264795602176	0.45986187685209	109
-0.037892372776663	0.673923153394971	109
0.029859743024506	0.704941255490985	3
0.00673383143943096	0.830443835393586	3
-0.00762087799366201	0.703345537188365	3
0.074902135791131	0.829421531913818	3
-0.113015961916096	0.448000703922398	35
0.101349372033817	0.725322124707205	252
-0.091713422314991	0.448693056855275	252
-0.090182910909988	0.51509874227722	93
0.121951060856081	1.29525037602418	93
-0.092801917612356	0.514159978882042	716
0.00824629886749495	0.692363215147032	199
-0.10349785662683	0.522797831874003	199
0.039987477296268	0.699093314639619	199
-0.019958211111996	0.361776074459462	52
-0.078938964384231	0.452927002279611	19
-0.114440180696337	0.345406367304327	52
-0.090543683246353	0.447232400085523	52
-0.122802939451662	0.500597886258094	19
-0.010023626231865	0.58683871909524	19
-0.095373589672091	0.415706646961662	378
0.056868347358002	0.660096834265139	378
-0.105259530816246	0.352902570834595	378
0.027910245237381	0.826445890837473	15
0.088200514298334	1.10843770413515	15
-0.111864139028491	0.71308185762528	22
0.081676345406163	0.901972416407187	15
-0.058830434963766	0.580502239216163	15
-0.027051154186735	1.02059237911501	15
0.035146402244923	1.0330202048259	15
-0.022494133049261	0.726220010350284	15
-0.037292844531592	0.365318099109941	22
0.022601212245755	0.716261762878504	22
-0.064435736885356	0.803158109954923	15
0.043329268836428	0.840647318974354	109
0.113901004523403	1.00046349461985	109
-0.073019162718397	0.64306773093076	109
-0.089435686311187	0.584479576168697	109
-0.098136874277975	0.510021187539381	109
-0.016186790739311	0.51060434857372	109
-0.082298305242326	0.753584847310357	109
0.063982724012865	0.784024630033336	3
-0.039381038316747	0.678631884137824	579
-0.083673594931766	0.6581426093573	3
0.076291729402737	0.822202647639639	3
-0.077636157643663	0.587272028557651	35
0.0303007543831531	0.573258140555004	252
0.053462604155729	0.874148577832917	252
0.039265751409303	0.860035259965294	252
0.040072804488434	0.912479158436958	252
-0.000944050003152008	0.736379119870723	716
0.041750289359407	0.70816594828347	716
-0.121824382180574	0.527775874219569	93
-0.041667278028471	0.45019837483726	199
0.035148669580062	0.619542958448559	199
-0.024998714218362	0.464316102309461	52
0.082795938726164	0.504078301558598	19
-0.000613297132902979	0.537979010230575	19
0.035612047839424	0.373915028814348	378
0.0240672290577521	0.552314624996898	153
-0.00202365309441799	0.466077158331104	153
-0.052469450540327	1.05925121935397	15
0.063425313505982	0.911480642846237	15
0.089508798120488	0.595172563796932	15
-0.083584910539186	0.515963462687818	15
0.025240931676686	0.609633789554447	15
-0.035871021297158	0.692596179219761	15
-0.064315626288853	0.855329039816983	15
-0.037175389666008	0.839490127051565	15
-0.095577549946443	0.660922920545454	15
-0.013561049028836	0.670008282905828	15
-0.039345942924821	0.767344495116535	109
-0.043493533115705	0.51986216056535	15
-0.071525708913988	0.25867930423733	109
-0.044451573350896	0.519854326805414	109
-0.038912367463402	0.718808661701515	109
-0.052935622241722	0.70232366659977	109
0.06346853018055	0.734888554113696	3
0.074666337496504	0.92917599006201	579
0.0986956170709849	1.10232032128502	3
0.00495260537184805	0.838589985773398	3
-0.00367363653701103	0.839613294202211	252
-0.059336185555872	0.838166959244771	252
0.116590704470506	1.04128120648868	93
-0.106733643092749	0.528400869004057	199
-0.088961931745901	0.489051126863458	199
0.03347188428155	0.478853995090158	52
-0.03688148603724	0.352230442003042	52
0.112511511211437	0.604482595135782	19
-0.035692286508194	0.519239448254927	19
-0.099781794763238	0.532035465610288	52
0.028258462852797	0.854754387629256	19
-0.106407186960601	0.511663900350064	19
0.115837109133059	0.889110689582972	19
-0.106850938140938	0.425754613416613	19
-0.068708668568121	0.366886445705434	153
-0.122986462308025	0.336413095874916	153
-0.032138327960615	0.460598191412887	153
0.062694617045309	0.805071046791443	15
0.107072224161884	1.72961947910703	15
0.04428893634845	1.29422863994916	15
0.09161557856166	1.18968975738866	15
-0.021566351995068	0.369879638421047	15
0.085059987707708	0.559859737987858	15
0.061202239124085	0.582101841230802	15
-0.072808324509204	0.366856601846732	15
0.013072972057673	0.780003364930147	15
-0.120467202059746	0.432160564001667	15
-0.069192269995686	0.614663753133405	15
0.09342966582829	0.58334402735131	15
0.114005931874659	0.944801948612295	15
0.011949301082589	0.854107151962244	15
-0.067603467438467	0.665809698143129	109
-0.03056149628582	0.937051486041334	109
0.040679240865934	1.23335542886052	15
-0.022725776841654	0.701497900120341	15
-0.049407310386728	0.528745211163028	109
0.00791672032561996	0.906665861805953	3
0.075884595788464	0.988113129878393	3
0.013499119716438	0.476952613885553	252
-0.027240364771667	0.888726951050719	252
-0.07966110889357	0.752209812155729	93
0.054425306012957	0.982800253589716	93
-0.122797580193994	0.446289836915858	199
-0.11144638199431	0.538342010140511	199
-0.122712765660093	0.43053040943047	199
-0.109313979967643	0.242757518175736	52
-0.035428601624223	0.58202999570765	19
0.069630400212994	0.814747271350301	19
-0.123784690979787	0.505282385515669	52
-0.089254089439407	0.49707490632853	52
0.11047840449874	0.493108024934323	153
-0.022066764423832	0.453874129159327	153
-0.032131728071917	0.530983013521199	153
0.059819667206526	0.724588892788845	153
-0.060559332158926	0.510409033543339	153
-0.050496533025165	0.649574813711113	15
-0.103504595853492	0.612075431105637	15
0.046629713516601	0.832751571303117	15
-0.113446288704708	0.71608737981197	15
0.038497753117093	0.85622503614972	15
-0.059827381911224	0.562883096862805	22
0.061844429393233	0.48676288077718	22
-0.104643287324767	0.58385020293361	15
-0.062141489019389	0.518522763526596	15
-0.115032924255928	0.620108386701843	15
-0.034654526900986	0.793846880760589	15
-0.097255427228874	0.788414454518838	109
-0.033497022926396	0.92326991630612	15
0.057392245643107	0.945543925773728	15
-0.123572489475009	0.634768571488297	109
-0.02254446144424	0.45454129295719	109
-0.049700757001822	0.711287596112658	109
-0.090311135574643	0.789198295610284	109
-0.07669079027609	0.727032182613345	579
0.065062119021441	0.93691066411076	579
-0.04931676090511	0.911022642790175	579
-0.076924298490578	0.700629959626833	3
0.068050229573107	0.996945252652757	3
0.000667362175247988	0.860977498860345	3
0.108947257331686	1.15962155662676	3
-0.066503419432892	0.791440981824247	35
-0.069744094771599	0.258633344317115	35
-0.102050725956775	0.356009830153696	252
0.058669157616614	0.783669301682311	252
0.095126530234982	0.983656074213799	252
-0.011070378161344	0.472104270478707	716
-0.081494382022545	0.516844679976672	52
-0.114956203827174	0.510385382069629	52
-0.067945918387967	0.510426011149398	52
0.0890010820560591	0.652489929349097	19
-0.061935860179747	0.440060569873587	19
0.0760548763476771	0.495266352233664	19
-0.070599989806317	0.256402088985925	19
0.07670226036016	0.55985608887534	153
-0.066470093368995	0.454749543900308	153
0.00894622222054398	1.60882296108595	15
0.00438763151921695	0.820123006502268	15
-0.113473773720166	0.658832228342754	15
0.100672449568796	1.67156304041078	15
0.032081570449834	1.39851864875079	15
0.063825396333562	0.987273344718979	15
0.05576895973553	0.961230241456543	15
-0.092943522464152	0.926287237054523	22
-0.0985694075998	0.620730728505626	15
0.116014164944622	0.686188275431057	15
-0.013144258345288	0.961681093375216	15
-0.112427687949198	0.581969154582745	15
0.124562895545936	1.41951773199164	15
-0.068999963095846	0.611820681339664	109
-0.03987929218934	0.761747427363244	109
-0.096765372539839	0.427050851350501	109
-0.077741475594322	0.585405705979458	109
0.123673086626064	1.20263056383097	109
0.107859407456922	0.984882028743701	109
-0.047827842087293	0.683923827640187	579
0.105613277292319	0.909342500807941	3
0.029401532204854	0.784732320236997	3
-0.019885303890695	0.76181986175167	3
-0.09032156327696	0.56648369438864	35
-0.038991427036979	0.670008776921537	35
0.0977488080556	0.755528574666807	252
-0.113070792401025	0.430449484047613	252
-0.060278118083656	0.620773877555089	252
0.004048061412676	0.830671406149482	252
0.124242119117671	1.172310136934	93
-0.101961824957394	0.526642174018804	199
-0.033067736690391	0.612629896224851	199
0.067015312295141	0.806692436779551	93
-0.104054327717623	0.518647382022821	93
0.018951980489089	0.460531656916863	52
-0.00414478708606802	0.465677187027362	52
-0.084725673164565	0.364133098097894	19
-0.033936150292003	0.514881159789554	19
-0.077352777637827	0.408748500607621	19
0.00410451892744701	0.556577557110031	19
-0.023663956832474	0.521184966395055	19
-0.00372487016984702	0.377652962632444	19
-0.027293804221035	0.47090058927421	153
-0.112298175376699	0.917173666307324	15
0.051233117765049	0.869727731447865	15
-0.084083395829429	0.618184324196731	15
-0.060360308667203	0.767677324351278	15
-0.032833779177678	0.880748246514923	22
0.061301664607826	1.26596731292898	15
-0.113521844184126	0.511234142484678	109
0.111810275010057	0.90996001211011	109
-0.092201847926477	0.481443541820278	109
-0.05159762601573	0.539472388306694	109
-0.093508485213062	0.44648930830326	579
-0.051235585250066	0.596542964051474	579
0.004588674801558	0.621470091521154	3
-0.00119420300620199	0.704722470879207	3
-0.077113454816084	0.443905088202743	35
-0.078476471841117	0.517196492883423	35
-0.082977690908022	0.434739994440278	252
-0.024217408545653	0.521878760740543	252
0.020717644825907	0.676791203755953	252
0.063518671031809	0.581101543527616	199
0.067046990804194	0.646006163113692	199
0.012001621863129	0.534667733275117	199
-0.061246818689721	0.437840494547942	52
-0.074022716873153	0.349024136157849	52
0.076975873146481	0.562773588867211	52
-0.099884459807276	0.357180195346677	52
-0.106318211039964	0.251081750754318	52
-0.110388815594296	0.362959078001409	19
0.07637790447508	0.628949191285129	19
0.014354184612091	1.53675839027166	15
-0.090036782998038	0.961425544688628	15
0.060341525855966	0.874945465616142	22
-0.100200543937802	0.427262408922975	22
0.08047511742331	0.554858992231194	15
0.027710699881773	0.484168529610015	15
-0.107007851391724	0.35274517067303	109
0.033984267325773	0.544764145046838	109
-0.114858624786578	0.34635699575328	109
0.08788418455874	0.939161626189722	109
-0.102072722795177	0.73520837006197	109
0.017431965108861	0.481871015491726	579
-0.050511114367796	0.451362173837208	3
0.085478968040608	0.494580489300495	3
-0.003317473276641	1.04598565797639	252
0.023654763116797	0.465095438628223	252
-0.097801325731643	0.360165804318476	252
-0.085323178971207	0.840228602791589	93
-0.09731324754008	0.354058073799724	93
0.0249619780025661	0.884680579538052	199
-0.065955309945191	0.450167467847373	93
-0.100700614016618	0.254100231122912	93
-0.074855100985775	0.35164057272873	52
-0.00170176868348298	0.365365905977032	52
-0.025143505045102	0.364710124539061	52
-0.085822710129866	0.348356534005557	52
-0.123232841586817	0.152558557205109	19
-0.045308506547713	0.956544309245386	15
0.073830392880534	1.03325547382448	15
-0.093060973008427	0.517558594873915	15
0.063890798621388	0.93341364027392	15
-0.055251482966425	0.619242225773825	15
-0.074842843866478	0.715581785127957	15
-0.107873790944196	0.638426247882769	15
-0.034174431690368	1.03655924621934	15
-0.00500966212931597	1.03267346504654	15
-0.037465165050544	0.828418227236986	15
-0.043450707072298	0.677596299003404	109
-0.034351661345017	0.611847412342772	109
-0.011217796919296	1.01146050672677	109
0.104649503983265	0.905752289721258	109
0.099243187638601	0.887814539502759	109
-0.018036951589352	0.735625762225323	109
0.0513341593200209	1.14288628208901	109
-0.077178508019974	0.598778901742973	3
-0.099136407374138	0.508066038159904	579
-0.027819233280612	0.590257258145973	3
0.095198883450853	0.730139071084664	3
0.032823083457864	0.639830145626771	35
0.086150152870863	0.729831075469977	252
0.023821766121873	0.601442352582903	252
-0.060469391955997	0.619803902029445	252
0.124288394424031	0.658075630887303	252
0.0398061480131811	0.549251434708342	93
0.054273209985255	0.722778900955634	93
-0.114546193691687	0.547122138547712	199
-0.036634168202671	0.668674979284129	93
0.068056320552937	0.649570927117962	52
-0.026086955914055	0.267568775805167	52
-0.06856383147913	0.435000938589029	52
0.054926957950627	0.56677547120926	52
-0.012056151967334	0.673715898362999	52
0.081998923018463	0.492517380861085	52
-0.062357161223905	0.500149268388708	52
0.096635375088027	0.543241736594457	19
-0.086286714193452	1.27500903189465	15
0.123787511910339	1.55552239785984	15
0.050955174233727	1.16603203189413	15
-0.079359751433309	0.684011872771118	15
-0.059695195739945	0.886822831808128	22
-0.060673409936512	0.662558993072013	15
-0.023566979302179	0.685853217374242	15
-0.098081010255175	0.623563753824582	15
0.059554907740507	0.858642887323209	109
-0.012754674016645	0.732020660983864	109
0.091663846532624	0.732824189557453	109
0.114746847247597	1.05848429019063	3
-0.09781275145823	0.47281404723541	3
-0.075935757444661	0.495088343426955	3
-0.010738056849318	0.698640531507244	3
0.032146728053683	0.71771364630368	35
-0.035416054576845	0.45208520883335	252
-0.070635483169776	0.654410840701815	252
-0.071847395991083	0.532729292085466	252
0.000467537746057012	0.446663616606332	52
-0.013782573190583	0.356864271101943	52
-0.115060159010763	0.365612232860835	52
0.101358867803829	0.739407036559248	52
-0.024927117876467	0.540624333577198	52
0.106043660397477	0.591627602773959	19
-0.107067144943842	0.36386668002064	19
-0.023319363975399	0.363266376483815	421
-0.049139583855245	1.29598352750344	15
-0.115288358222902	0.523293760999284	15
-0.039398876278395	0.954688459099354	15
-0.115711339828885	0.881800357581516	15
0.00106984387026798	1.01978006249707	15
-0.095519747699764	0.603674516276812	15
-0.000854102952503988	0.770005246097381	109
-0.023896933223702	0.695010865540343	109
-0.11665227485651	0.431568856682828	109
-0.041519347129547	0.605762694615546	109
0.027156041449043	0.530181362834816	109
-0.013717955646729	0.46801983780716	109
-0.065940112888624	0.430192353291518	109
0.050364018717703	0.564504444490185	109
0.122298491414492	0.682426382364859	3
0.010856642835593	0.760185685058107	3
-0.099955577170675	0.52232975019787	579
-0.122389807841558	0.444185135804747	3
-0.065339424917166	0.517636201330695	3
-0.052481863879678	0.621037512170702	3
-0.029750138729357	0.457916264782622	579
-0.104174947111077	0.430596743260758	252
-0.100563352147558	0.447798245620761	252
0.100484826827748	0.824585271015235	252
-0.054812571870002	0.448088243425495	199
-0.055504360545258	0.450051792536358	199
0.024912155521193	0.624691463715357	199
-0.00154902420767	0.468957905334652	52
0.090348864841587	0.579760921052231	52
0.00593104285968704	0.46655036012821	52
0.085035998042936	0.387708771587209	52
-0.060713530435318	0.451813006617897	52
0.062393729596997	0.620956570640769	52
0.038884312894616	0.558013466017345	19
-0.088407373067142	0.359998967236447	19
-0.10840004023976	0.599520503502428	22
-0.096884268866034	0.675288633234819	15
0.103166520366091	1.06743212139521	15
-0.091987834808134	1.0331350576382	15
0.091581930472032	1.38913673867377	109
0.025077384501205	0.631681610139764	109
-0.008918548494257	0.607084291025422	109
0.071636275496917	0.578947077925772	109
0.046399107705219	0.919227839924827	109
0.083958459988161	0.801525168085134	109
-0.016299069200909	0.530999277079098	109
0.090655772218889	0.662074541281778	109
0.0839670400888321	0.580027665480641	3
0.06473749023991	0.572059582469626	3
-0.011213756678759	0.536792726297393	579
0.068263704855123	0.583430043763867	3
-0.027027351501635	0.535918609970666	3
-0.035662326007251	0.448324193873558	3
-0.079967025685937	0.432342787967354	3
-0.106263223945794	0.42376157862101	3
-0.115113382889624	0.352966137292354	3
-0.096252845659981	0.441480544696235	35
-0.084479359311661	0.553488363099836	252
0.108477385135302	0.587142851165169	252
-0.039099190970117	0.451273590536926	93
-0.121175411127622	0.727073139747426	93
-0.078116228270889	0.249603022495618	199
0.083131653021164	0.662512414966237	199
-0.098265795103467	0.360728800397752	52
-0.104777156017041	0.434991472054551	52
0.030660476277212	0.377004006394293	52
0.086360887234843	0.593577506127946	52
0.057026678239252	0.720949094755399	19
-0.048481369000427	0.362071700028511	153
0.050568511776619	0.268310190926587	153
-0.106071716996146	1.41837984146233	15
-0.109487935231726	0.532303623569004	15
-0.071804783278888	0.513413073171848	15
0.029618356121884	1.13671543728441	15
0.009138289442012	1.03195589682975	15
-0.087116059737136	0.968590758705449	15
-0.092825628943487	0.704045785609338	15
0.037184300102011	0.924014100929019	109
-0.024573686881898	0.682982920482054	109
0.067407590604771	0.71336604260133	109
-0.085576325754668	0.361074665395656	109
0.043159031720548	0.632817763129443	109
-0.064391627336466	0.458928127851075	109
-0.114697046351006	0.503096398828831	109
-0.021754353651074	0.622152914761072	579
0.0296462226883441	0.53782516525904	579
-0.089067668304352	0.441511929142993	3
-0.01196723081957	0.605214530310478	3
0.117850267274991	0.841448802189354	3
-0.04824691007469	0.501417760222891	579
-0.12338168995508	0.422333277724011	579
0.084504748006527	0.581746056378115	579
-0.00750935100972799	0.531800252843248	579
0.04031339693013	0.558473937868571	252
0.008431554677934	0.618895142865162	252
-0.031856196876681	0.581982230941331	252
0.109443653485069	0.801915842124527	252
-0.037168884030152	0.461050382811516	93
0.07714285610926	0.733545669351766	93
-0.010773364568437	0.617921908210021	93
0.081576836290089	0.560346853781702	199
0.020561918663907	0.638198858719947	93
0.063713765183984	0.644981337555019	93
-0.050965688356958	0.370705606949931	52
-0.078131549906995	0.494784721381267	52
0.03113328093567	0.37492420313712	19
0.023831084630682	0.565289206934126	19
-0.00361872111385803	0.364301444948747	153
-0.101641363852912	0.251542363163254	421
-0.108082200646051	0.251804098079536	421
-0.041905682701526	0.519263471956799	15
0.017209961416505	0.552281674451225	109
-0.045180956081757	0.376228472234723	109
0.00640118671949497	0.552784456890394	109
0.109582431441087	0.505806456725959	109
0.066193700805419	0.630800645499959	109
0.02225932491797	0.780792711438939	3
-0.046623129766988	0.532864499722813	3
-0.03428689441648	0.59841757887934	579
-0.115993648133556	0.360054835865588	579
-0.111003323913892	0.428319423134933	3
-0.109557309921733	0.446222130757476	3
0.055785583527036	0.48938381574417	579
-0.086477484833444	0.430535425925648	579
-0.103354320994938	0.431760199991296	252
-0.117858714053097	0.411471306256838	252
0.111217149488054	0.912842191969037	252
0.097573080054874	0.665050107080106	252
0.07074410797717	0.709895986222232	52
-0.091144174148678	0.447342019776152	93
0.049994554298626	0.720604050330955	93
-0.115528533598906	0.35473319673936	93
-0.106116879549108	0.367896771057148	52
0.094681119069157	0.663654002983485	52
0.028950152761939	0.559132657329856	52
0.052476392318083	0.495257327140386	52
0.12400199545127	0.592712309305217	52
0.00505264744378098	0.557575831928494	52
0.029365944365508	0.376266161592691	52
0.019746691726088	0.360218653589277	19
0.024887679081318	0.372292964681698	19
-0.011911339820502	0.570687539108164	153
0.039317699962128	0.795910086776044	153
0.119673135942318	0.502589748965168	421
-0.00547633001120101	1.81881445778313	15
0.066098031554098	0.646918110653939	15
-0.034174690550474	0.355929750050181	15
-0.122692547486539	0.692515899275202	15
0.094702095651411	1.24886691967902	15
0.059050101434223	1.20027272990267	15
0.016356536123211	0.977198196100616	15
-0.122534380080848	0.593761101470106	15
-0.082486120197139	0.678237949175662	15
0.021834096445805	0.636383155207366	109
-0.014749604658657	0.770747272680524	109
-0.117862004901466	0.346276734496919	109
-0.096371130986212	0.410983113487426	109
-0.034796758244395	0.461605427770547	109
-0.015359513316399	0.5267665356639	109
-0.003972535070636	0.858636058291434	3
0.063289757555629	0.952975061361949	3
0.087746667712038	0.739866126790653	3
-0.01597210809947	0.533831743411739	579
-0.033969590216394	0.526071637571277	579
-0.09496450606254	0.36549410086237	3
-0.036988286231417	0.530221497198219	3
0.074746808414163	0.808981602190327	3
-0.070698580600026	0.441358290814345	3
-0.062514723335036	0.454209065734952	579
0.072396560640417	0.591341116112288	579
-0.082164490242375	0.409636248910655	579
0.099815410259739	0.736344433157138	35
0.0496338266954069	0.646218459819174	579
0.059427787937672	0.809980244323821	579
0.12007601543411	0.609153904027074	579
-0.074728185189448	0.453050092860939	252
0.00116479418811299	0.452415161468943	252
-0.092508262651851	0.57562635506519	199
-0.094817623211336	0.345673487190839	199
-0.0107629987406	0.361031001343646	199
-0.100726371459336	0.582594563197448	93
-0.027100467257419	0.500739804660797	93
0.032243397078778	0.48047576962666	93
0.052438023292454	0.472076707016583	52
0.021393237063006	0.367328773914441	52
0.099930195355363	0.731757983070626	52
0.040036284096325	0.457776217761536	52
0.042546779927146	0.630843000289554	52
-0.121919823237963	0.253315691447119	52
0.069258795567315	0.379409224580712	52
-0.106271140031929	0.424638002110041	153
-0.041428774029024	0.457972192057584	153
0.018556222202152	0.923744585896387	15
0.0108582645669441	0.99336400425589	15
-0.100596102837983	0.715905747963065	15
-0.063416599803843	0.648222702269993	15
0.073111621437823	0.839025416556672	15
0.021776801993175	0.691050948893429	15
-0.100675802496883	0.429385612208876	109
0.0888636618287571	0.590635308385072	109
-0.037445973157832	0.53124651979799	109
-0.014053409541416	0.533473349660865	3
0.122701667365096	0.753986801782324	579
-0.01897443549248	0.592251735265825	579
-0.023531142298753	0.544506210819943	579
-0.113006862057981	0.334392718224145	3
0.093775971472104	0.582743666122939	93
0.049348325452368	0.571746051867328	252
-0.017727191078016	0.457465009728348	252
-0.022760224051802	0.456348505571108	252
0.123185891882429	0.918119834460513	199
0.017683701781484	0.524246827559623	52
0.088649641827292	0.572345135574989	52
0.0664896789763511	0.656933385058286	52
-0.124207729432605	0.347067026145522	52
0.01054544003602	0.474732647609344	52
-0.000451037842035984	0.37204031872517	52
0.10155403912302	0.66566607139606	52
0.045543593583391	0.482147220121261	52
-0.100972978889048	0.36098970845646	52
-0.075353430255355	0.361782547786626	52
0.085879974925976	0.496582872438581	52
-0.110892425742533	0.438213684507451	52
0.051444246397979	0.582370504388133	52
0.104652195218938	0.7288185195526	19
-0.063955265581869	0.51505078410985	153
0.028157354645706	0.524103219491978	153
0.11911423929193	0.500716513844859	153
-0.109124766338882	0.245438934885645	15
0.0921566286076651	1.16538217580178	15
0.03770691449979	0.765835047698765	15
0.103766799648447	0.48906044580556	109
0.014847818928821	0.344331804276661	109
0.060203086509566	0.564463882950979	109
-0.072322233517096	0.519682708286623	109
0.072194117866432	0.775731082330336	109
0.091047862578322	1.04894800399641	109
-0.093437307389562	0.364562884982905	109
-0.082740958893752	0.708346060148947	109
-0.093594276111437	0.793815924172303	109
0.106132332920852	0.490303913989489	579
-0.028566815404722	0.360818124625478	579
-0.017895287400126	0.267626242997365	3
0.104383928557438	0.488502238309171	3
-0.00268870144702799	0.368983204914563	3
0.061961738139525	1.65406783396717	93
0.078531949740726	0.383251972003135	252
-0.123389406431284	0.255249198114748	252
-0.106351253650722	0.252355457691405	52
0.090213949340821	0.495466793883705	52
-0.098820190244189	0.251293419436911	52
-0.108852905209048	0.248297036363114	52
-0.076999710492694	0.441108699645413	52
0.043795680561226	0.280336229603978	52
-0.108240803300012	0.254085597845077	52
-0.08022392750977	0.502388113991595	52
-0.02691243383425	0.238000313068589	52
-0.109204822801596	0.152998505674002	52
-0.034128317899022	0.17006053637181	52
-0.095977768551224	0.45204931942148	19
-0.120031399309812	0.736976883506744	153
-0.024729231614745	0.26281149041328	153
0.034429776263266	0.790197716892135	15
-0.018125302658793	0.740115811930902	15
0.020895628719366	0.911293973940817	15
0.100894712492827	0.970080560501509	15
-0.096315281371427	0.897729746740865	15
-0.026544637794347	0.83314948891029	15
0.050056716795755	0.886461434962071	15
0.097649312787267	0.72827903583117	109
-0.04199314511729	0.458220128424093	109
-0.027797475157727	0.371338292258138	109
-0.028226383990906	0.433920599477276	109
0.107815523405164	0.596635992775704	109
0.116733321098316	1.38665905466673	109
0.076850529850471	0.484572129527355	109
-0.049821438827434	0.370934411625523	579
0.027404890328834	0.487179014626559	579
-0.046564468923546	0.371490429235103	579
0.011093349511296	0.530146707354682	579
0.038447775057959	0.834412802170789	579
0.069548712570616	0.65955226821038	579
-0.00606533750294402	0.357413887344614	252
0.111972803661685	0.601739233883324	252
-0.070662856736788	0.258925824146404	252
-0.06485966894523	0.601321839610931	52
-0.03577865826407	0.364998407079307	52
-0.034572861723714	0.358611656392654	52
-0.017557193919639	0.627612568228252	52
0.024009953993379	0.357496248109144	52
-0.053602140554768	0.449619568289322	52
-0.042895659171868	0.465206294229178	52
-0.029499211975592	0.260748846886578	52
-0.00182413886914001	0.619961617088619	52
-0.003037946047794	0.755512391074244	52
-0.00489402128448802	0.534758057330315	52
-0.043376895895256	0.375101149230791	52
0.044791208547685	0.885615645116132	52
-0.026543151126582	0.957675525431673	52
-0.103812441321807	0.253695707556154	19
-0.030954687804223	0.352578526793511	153
-0.076704629928143	1.12666930185162	22
-0.098461922672267	0.696949726113702	15
-0.067747517292134	0.773342608959314	15
-0.058685681523084	1.07077509903559	15
0.047174252188624	0.579719192526661	109
-0.016170829767851	1.04230792953055	109
0.04973664827905	0.582019568390093	109
-0.024913076464017	0.358917629129351	109
-0.021738383850081	0.375322196236214	109
-0.093938519296101	0.660487557951391	109
0.0202197272732469	0.757111487474705	109
-0.021080139947429	0.603267989891235	109
-0.00414272661341503	0.84822603124279	109
-0.110388539635115	0.679397023992949	109
-0.078863837255235	0.248860601206484	3
-0.073924777770752	0.252100853974111	579
0.106478461160387	0.497571287664338	579
-0.083074968132697	0.361713748835892	579
0.083252486776377	0.484359582248194	579
0.00177440863434397	0.369903258113722	579
-0.0593912677989	0.772832018368874	579
-0.024801356426931	0.525268472979793	579
0.039157971743236	0.759050330318899	252
0.01656325944272	0.343865726086169	252
0.008327362958647	0.364594534375827	252
-0.030087520144988	0.251769276268148	252
-0.088453915833701	0.338136291944985	199
-0.011080407448553	0.360112957445657	199
-0.065926608349899	0.26017062748781	199
-0.032901859488268	0.370196835365154	52
0.046075753488523	0.481559509954814	52
-0.124759316345638	0.251617101550024	52
-0.00292536615871802	0.376463508250168	52
0.00934778661107805	0.581610724486835	52
-0.029353760643219	0.250296653911706	52
-0.100668109880364	0.435102935721725	52
0.085287618242754	0.648363898610023	52
0.047988118087149	0.861098822189326	153
0.025334315816736	0.6409999528827	153
-0.027466947216302	0.768356480548324	153
0.0433271568095051	1.15780990660639	15
-0.045917338203862	0.693780871689716	15
-0.078366149799134	0.757359212471344	15
-0.084889374448671	0.718176023912876	15
0.046656235621577	0.640002657730857	15
-0.03384505203617	0.860382008930447	15
0.018237503516513	0.706155441747263	109
0.081190792339767	0.787910907722758	109
0.042147064618704	0.633533353898734	109
-0.114304822537545	0.355001157106463	109
0.086686213584802	0.503935778349336	109
0.102023187645088	0.731420073177652	109
0.022607992826905	0.480680298504314	109
0.112310285832621	0.59884277743829	109
0.116458787033392	0.813484762023422	109
-0.082060458904889	0.369699579343827	109
0.03833906629239	0.689240026055483	109
-0.00489407050493401	0.675708016048497	109
0.062277843052898	0.638157683172508	3
-0.083882988432692	0.501687812427382	579
-0.05452098724156	0.481784776791572	579
-0.035146490209149	0.540913254346755	579
-0.074798177281014	0.442283191088467	579
0.118586294408091	0.840843960235363	579
-0.075325421607396	0.606625422148926	252
-0.00293508814453602	0.517622000305741	252
0.115588485598587	0.669994906432814	252
0.047115715223625	0.487295130559204	52
-0.016104279143905	0.46476910219233	52
0.026348898324412	0.617325230128504	52
-0.058140579862856	0.458494022552389	52
-0.080280721676905	0.364754220438388	52
-0.03015337933012	0.454618707088336	52
0.105879877658216	0.672381031951004	52
0.007103785729213	0.47828191489244	52
-0.04715336955332	0.460409730765871	52
0.050675538870511	0.492978931887553	52
-0.069325736020104	0.366086291366467	52
0.0728686146294381	0.368931384163915	52
-0.038172584837483	0.36287504430261	52
-0.027871694981144	0.461967717099779	52
-0.055108367383561	0.357472112133056	52
-0.106142573957582	0.423284574932655	52
0.025372454900091	0.478425304213079	153
0.083349981163371	0.493831426207038	52
-0.116348863166267	1.07651354023976	15
0.016950989280282	0.779256282271632	15
0.000167690890969019	0.837628493338337	15
0.01832208018173	0.763313778116981	15
-0.029703539831682	0.821121580043932	15
-0.114699502238712	0.712625490641532	15
-0.027282132364488	1.02032642006864	15
-0.022066764423832	0.453874129159327	15
-0.105981765563598	0.44388159650605	15
-0.0184562451901	0.655701474075486	109
0.012234812303358	0.622587468733618	109
-0.083674064300839	0.453900851399944	109
-0.00844127918635201	0.616670304424065	109
-0.057357032540459	0.599331737707218	109
0.117120219267151	0.837906573916585	109
-0.036528277122325	0.532103390965889	109
0.074984969032257	0.575214835237382	109
-0.117524191503396	0.427185392887908	109
-0.122916696795792	0.353633736076276	109
-0.093486862034913	0.514300268645708	109
-0.080745619397776	0.537713295739128	579
0.037123448541134	0.644567941010261	579
-0.027438183782982	0.454413223951484	579
-0.110293553429149	0.448695738049849	579
-0.052432739312972	0.525245405833313	579
-0.034760818929218	0.604246929190061	252
-0.0568572792873	0.680042764067314	252
0.040120094725142	0.724658255947862	252
0.090641719924584	0.819877039246408	252
-0.036769788490276	0.523500395061445	93
-0.085901349274619	0.368521818629583	199
0.00898925409443896	0.545264207997388	199
-0.093779799622641	0.432781902529093	52
0.067785362120229	0.58776161404584	52
0.087704459897669	0.57962677835679	52
0.086287592017702	0.627437314881699	52
-0.02964805342654	0.366871796387877	52
0.078900115851402	0.480324759757618	52
-0.106051039918911	0.355873470139091	52
0.068209240359179	0.474157072167256	52
0.031963818464752	0.646828031103339	52
0.103706844973721	0.7399633388148	52
-0.030681422791752	0.466941629187032	52
-0.103497711969303	0.252909940450894	52
-0.022477431675832	0.268404057147586	52
0.112757854182527	0.597169932408313	52
-0.001013297971588	0.556758003984155	153
-0.032709026734733	0.457590377871704	153
-0.115221175134842	1.31407796402867	15
-0.022332494706574	1.61878186780451	22
-0.047221997143185	0.875088580750129	15
-0.04076461603335	0.674730668883714	15
0.085253392381476	1.0143998960487	15
0.0335237255867999	1.13918509063512	15
0.018187749744807	1.28262839448852	15
0.041802700050961	1.07324414139868	15
-0.102306335819452	0.671106448017314	15
-0.095246610790915	0.755331006379577	15
-0.068652130925996	0.446433807443697	109
0.01909293168458	0.526791834306537	3
-0.066961427573894	0.529186599092475	3
0.036490377572824	0.488889608570773	109
-0.00527158791065602	0.604754716258296	109
-0.034366165396584	0.421620705147049	109
-0.015714162071718	0.819267041287995	109
0.00154995699193505	0.544809102604596	109
-0.118087580455237	0.36131537075378	579
0.00838204204333204	0.607635918063008	579
-0.108828104710817	0.426723595595522	579
-0.105203033758029	0.36975698626223	579
-0.01588725513366	0.533533716181899	579
-0.11937295293617	0.420046736932862	579
0.00722325164368198	0.481502886888409	579
-0.013594948115513	0.467530612075658	579
-0.032586133487594	0.459797203836216	579
-0.067765171548382	0.367259440338127	579
-0.094527443779742	0.42619640057284	579
-0.061771846055677	0.448376205897138	579
-0.060567621450343	0.534141509745149	579
0.114755016766451	0.604541338442685	579
-0.019569091062858	0.595167840752582	579
0.067416120362602	0.951342601093163	252
-0.064812852843619	0.450552338344336	93
0.036532824274081	0.932527299035996	93
-0.028766076516226	0.369418589587334	199
0.069344058735001	0.466415291991307	52
0.122213339846324	0.979540377097865	153
-0.025203070558308	0.26060032848942	153
0.037005740927856	0.271013110559307	153
0.0817134459502	0.389487215518337	52
0.064577256437431	0.981977716885618	15
-0.00890025985790999	1.06121731505647	15
-0.02416688253169	0.688534142322421	109
-0.075901650658762	0.447442266018227	109
-0.010068589228183	0.546068583153238	3
0.0125245636375479	0.54127172531825	109
0.007110529241668	0.528407848288666	109
0.066637455468462	0.650968771882885	109
-0.122263643063911	0.360301133433799	579
-0.104167457291388	0.441611991245154	579
-0.023800905253337	0.600166725790795	579
0.03165390307422	0.620144090871485	579
0.070963547314029	0.565634589347999	579
0.00330445144790703	0.555183351294749	579
0.089158569847523	0.912220674954479	252
-0.06669803007954	0.258542855821861	93
0.104028666236319	0.750253587509464	93
0.0855323009060051	0.555504486516851	199
-0.119454767575813	0.358308162923252	199
-0.031454956887239	0.602043785032933	93
-0.017595994658003	0.466474266723911	52
0.015144749147989	0.540806488674493	52
0.026411517448667	0.380442753193678	52
-0.114320440763304	0.355495742771839	52
0.00174334322492997	0.466620427010873	52
0.07192084899055	0.472501663532002	52
0.049774185547945	0.488990327517275	52
-0.039937182782144	0.352085640221875	52
-0.054488381628267	0.448886041684891	52
-0.101484296709537	0.2544337376037	153
-0.00227753916086498	0.369610936942411	153
-0.054561126497879	1.68909267101414	15
-0.121558604065003	1.26482620593763	15
0.04417328061477	0.762536305676316	15
-0.00730079969076303	0.464624274580418	15
-0.067550534995955	0.517049017260955	15
-0.048352392836607	0.671043663537334	15
0.050557506693087	0.800031415219356	109
0.00990643652626799	0.635608802464335	109
-0.110800224968513	0.357386126772653	109
0.044951179467429	0.475862654330576	109
0.114959145821054	0.49240976070006	109
0.0716009630415601	0.369955727328523	109
-0.024371779297183	0.369798513791106	109
0.115845153962662	0.732318677010591	3
0.037143699127296	0.447064710312527	109
-0.017895287400126	0.267626242997365	109
-0.074322980461508	0.237823479431877	109
-0.070036245403233	0.260424894527491	109
-0.090628174113618	0.706740024329397	109
-0.092751229624994	0.340647472753903	579
-0.081296616868797	0.36912737229003	3
-0.021506375572223	0.265109012990125	579
-0.024941143793155	0.599836428036291	579
0.029962512588309	0.367342070225402	202
-0.054444753504236	0.355493557110036	202
0.033863758549084	0.271590292117255	93
0.083705118295028	0.885596112348202	199
-0.04203761600282	0.367085051455705	52
0.075511853250161	0.37414760061315	52
-0.113559761478467	0.245030291818372	52
-0.028441873937004	0.173900761007562	153
-0.064922948416729	0.529368694620305	15
-0.075522144795508	0.611764309573906	109
-0.013107390480146	0.450664025321558	109
-0.031798256952467	0.359621909069157	3
0.0311753072429301	0.373267955081349	109
-0.106982811661081	0.251852130438597	109
-0.119441559685637	0.252410529503659	109
0.026411517448667	0.380442753193678	109
0.112951678947453	0.509038906531399	579
0.056904340197269	0.484411124792664	579
-0.12453391377152	0.349960925222293	579
-0.067855048792971	0.369584645633943	579
-0.011852282575646	0.260582628969467	579
0.00416726181901705	1.17016253888506	93
0.117976949380116	0.500408836806242	202
0.0000251260194340519	0.369427501610219	202
-0.023559347931003	0.260363509407997	93
-0.00672677217226803	0.372104148457984	199
0.029344832796206	0.362118624741201	199
0.072875002906762	0.487001166923981	93
-0.007102829529674	0.448707707768955	52
0.106993383990362	0.594158903521025	52
-0.041378538154676	0.368450170154844	52
-0.006805598853797	0.374587919802268	52
-0.106303855589753	0.244880224427078	52
-0.110258538566191	0.154465654427502	52
-0.098537340693268	0.253274124919141	52
0.037521437143376	0.273554577509786	52
-0.021647445250261	0.371318536469208	52
-0.074993151397792	0.347463283361133	15
0.051719008418236	0.48663488696258	15
0.017054227665203	0.624595350299562	15
-0.122502816406928	0.22479118822778	109
0.056232243524148	0.496245682503379	109
-0.029237830378988	0.250661650362871	109
-0.074209759042293	0.251472567876206	109
-0.018932432975654	0.368463654988278	579
-0.111200462330033	0.247118613850855	579
-0.028097155257682	0.755370344634532	93
-0.084313105444743	0.963958993939232	93
0.085035998042936	0.387708771587209	199
0.115265945456698	0.610282713174651	52
-0.028441873937004	0.173900761007562	52
-0.06500505748813	0.259884854066371	52
-0.11978332770899	0.506940420520816	187
-0.097301504768691	0.409132938344491	187
-0.098225023609428	0.253713085349514	52
0.039036224013886	0.276641593348037	52
0.065236378823291	1.1301896807215	52
0.045182728737033	0.276227229470904	52
0.029331236478542	0.795168802809652	52
-0.01775280760142	0.263942637065997	52
0.019503939260496	0.805455899504424	15
-0.092930909187264	0.626920155748225	15
0.07831459305262	1.33701468092674	15
0.07486707726474	0.568162876076008	109
0.108794088708098	0.89647299387568	109
-0.044381506810314	0.72409799925785	391
0.024762455277706	0.377070671377168	109
-0.074286730052801	0.421745894446342	3
-0.085270097761607	0.365248767325635	109
0.074688599299118	0.579835830311315	3
0.113048486686958	0.493157372888544	3
0.01496842337594	0.544011241372233	579
0.113458608078242	0.604634948868521	579
-0.077754234096452	0.449137855892472	93
0.083313825452064	0.64413386908709	93
0.035365162334274	0.370828209168123	93
-0.104805905112783	0.516216730851089	199
-0.012086489205086	0.5379874641581	199
-0.0927606080214	0.369406193829752	199
0.078674699462425	0.488273769659529	199
-0.065202623143047	0.371707419771656	93
-0.028807723960648	0.360505219169209	52
-0.071370449520967	0.353825407981893	187
0.042856826607387	0.374716896224391	52
-0.098661505836037	0.250673602052872	52
0.115877042050288	0.579181577232675	52
-0.124387427283291	0.348743707927138	52
-0.118034513333133	0.151846156453999	52
-0.086952148585318	0.443381595845534	52
-0.102874112936861	0.249744339415088	93
0.066498531287541	0.874129597650954	52
-0.00865108180749402	0.761345459600027	52
0.123914922761063	0.502443042230793	52
-0.109942320550715	0.245301795816392	52
-0.103123902142188	2.27481972930134	15
-0.119587531194839	1.7564674254731	15
0.016608184755858	1.86551012836767	15
0.0739679395348301	1.37667482476208	15
-0.06023203072462	0.454329796691678	15
0.046648708165737	0.485457948884767	109
0.114982133759133	0.609915621524581	109
-0.061987580961301	0.447988070675396	109
0.067777750475607	0.574575584175472	3
-0.1123160692744	0.500353739753471	3
-0.068869322165064	0.583974666601051	3
0.087878802551168	0.674791531391871	3
0.022307262812588	0.369903331685021	109
0.0712962769312	0.376332309090791	109
0.056385608598015	0.49028847565583	109
-0.026742085681798	0.602004375801547	3
0.00336076999005797	0.476433551550918	3
0.1085791682228	0.494533961863146	579
-0.022800942712503	0.444874529182328	579
0.090758568901719	0.59142458492329	579
-0.033860808620134	0.450375274174865	579
-0.06842298533128	0.694874839997235	93
0.085546707992209	0.801985773890615	93
-0.00177532545654202	0.463787420693314	93
-0.069803294041033	0.667172891376972	199
-0.00632794376666401	0.374463679950686	93
0.043795680561226	0.280336229603978	52
0.020092316206373	0.473159279310745	52
-0.072269871452321	0.255523038866438	52
0.056278120632403	0.573253266532493	52
-0.058822383161289	0.674954223609517	52
-0.116098896938821	0.49598736351076	52
-0.087694311739175	2.46032683715188	15
-0.038850166312965	0.627080864338405	15
0.029810508742579	0.747867071413406	15
0.113391409034504	0.676826587486259	109
0.042589778124331	0.855103789621467	109
0.00392313548662004	0.5175120381287	391
-0.051845843853902	0.454788910606818	391
-0.033004033830002	0.365148686686117	391
-0.087299788903738	0.358440975845288	3
-0.087141097927382	0.523105633220355	3
-0.044145883095322	0.368049454339711	109
0.00705973328825604	0.468968209743895	109
-0.027059935701781	0.361061688920956	3
0.02548370425483	0.556762135386493	579
0.00864284007404004	0.476866565291464	579
-0.059643781967717	0.352200252484822	579
0.119831935359195	0.9247261195519	93
-0.071506755371753	0.508448398919981	93
0.042996012414088	0.281683533635359	199
-0.027089153743439	0.455117760164739	52
-0.02164134798943	0.372172871612323	52
0.088423526364357	0.67115671594878	52
-0.107610310852892	0.253740353054832	52
-0.107610310852892	0.253740353054832	52
-0.009409711705267	0.361171271018949	52
-0.054194567172827	0.455702508840133	52
-0.069109617899652	0.258116253603766	52
0.07472892577432	0.376093151079969	52
-0.082067802025983	0.672983376740829	52
0.045984290620968	0.274977484675465	52
-0.03042079047246	0.254835579529608	52
0.0221506566472049	0.801411887703785	93
0.067223315192775	0.374434993281576	52
-0.018187547788558	0.262933743600618	52
-0.093253879892953	1.22737502780344	15
-0.055569339249143	0.86483418956228	15
-0.002914369663372	0.877508265988271	15
-0.00345211987687799	0.626939407659135	15
0.011441015071479	0.851805709208904	15
-0.044789994837618	1.14747572834408	15
-0.117096778394897	0.36610632993635	109
-0.123344046766602	0.436375268748541	109
0.120409438420367	1.376679912351	109
-0.046790638090335	0.510035482075319	3
0.0751849615517281	0.798968212257977	3
0.07078998417525	0.738221921878931	3
0.114064608409579	0.595620040596193	3
-0.112774011143447	0.586560487756483	3
-0.11915008384585	0.637343664120179	3
0.089775662544332	0.561268338298987	3
-0.000135595254926013	0.369369759028346	3
0.047174252188624	0.579719192526661	3
0.082563029048278	0.577946152537588	579
-0.066259762233227	0.50906452127436	93
-0.00848106934353998	0.538251834765514	93
-0.073011738693071	0.447591109914471	93
0.0728375434479051	0.482459884508071	93
-0.044078156200827	0.362990955237788	202
-0.064261559864719	0.258754200984865	202
0.107831803860984	0.502021085477582	199
0.078367477608849	0.795965217588808	52
0.096448480732702	0.60119438006559	52
0.026886487465041	0.381230989082168	52
-0.058433910412684	0.360882786787141	52
0.00253322337963102	0.476267775013557	52
0.0539559233877071	0.495251870882884	52
0.111350749756019	0.494057651652882	52
-0.068410509514574	0.443260694289748	52
-0.067575570210887	0.359971162625379	52
0.075923370541392	0.391090745541367	52
-0.01664154251805	0.802199528906803	52
-0.099574694246165	0.255670913657617	52
-0.072989459124718	0.515332089247596	52
-0.025742204616955	0.171205487264736	52
-0.118273208503661	0.155900053042255	52
0.046230388503872	1.23645948733418	15
0.028388180531607	0.749922699131265	15
0.096899059708744	0.678822916451382	15
-0.034347698445988	0.522206470002068	109
-0.01067233122578	0.608325575933963	109
0.034614889230465	0.695273844153593	3
-0.00345709801602701	0.5518294621082	109
-0.078447134180318	0.43982434510845	3
0.0591022074073601	0.580266700194505	579
-0.115340637872419	0.421300282409353	3
-0.110186247528952	0.441285026953273	579
-0.025635250287538	0.542339779184472	579
-0.085990686908725	0.438246433555348	579
-0.029329636380852	0.459086248375375	579
0.083905313821031	0.589343085679112	579
0.023432740564524	0.483069001239192	202
-0.073886827709807	0.44922524448989	93
-0.012030448551834	0.464513038114626	199
-0.057769151037981	0.492662687342454	353
-0.080457381747096	0.429698071374631	93
-0.052220813102753	0.456186474010757	52
0.04514777658109	0.57731384077341	52
-0.087582224009571	0.497774528181869	52
0.00472343402341502	0.479315561642468	52
0.026855490716587	0.371843574207039	52
-0.03337944480193	0.369356095923097	52
-0.012670980906231	0.353764223731992	52
-0.049006277973865	0.367059172918833	52
-0.011147797368541	0.47603790070319	52
0.108310520636537	0.498943219143061	52
-0.078692912683054	0.433142147526199	93
-0.013383616273397	0.469802372496675	52
-0.082527675625367	1.15193336299887	15
0.118444681352225	1.55731556436075	15
0.102278003752403	0.947164108389859	391
0.027678138000048	0.622299526156108	391
-0.09314611705313	0.453044913230885	391
-0.097585642480808	0.362531528772704	391
0.0478083007029	0.648260444690721	443
-0.077932106511023	0.409361159411113	3
-0.119780420157788	0.353828315685091	579
-0.079510822464649	0.453436893058997	579
0.105321325086994	0.752538820509897	579
-0.033808869718743	0.49568378308452	3
0.047791503702026	0.535643177788724	579
0.091370624785481	0.599712241143421	579
-0.119427034810768	0.359878151819028	3
-0.043639089151076	0.519151653999375	353
0.119726591114934	0.694071363519407	353
-0.016973181597369	0.533194526104479	353
-0.086828042480506	0.408770108620266	93
-0.095410749865963	0.402518669967916	93
-0.079091604764598	0.369690350343473	199
-0.072070221657424	0.453193468796926	52
-0.036729383668582	0.43549727244045	52
0.117361964160245	0.512712220850758	93
0.048395055137573	0.56762308696686	93
-0.040110631587938	0.346779587497178	52
0.06983055468041	0.72471029099332	52
-0.085550108971826	0.363846264300835	52
-0.032300534009247	0.442042090315388	52
-0.017936791339797	0.456170960209404	52
-0.067575570210887	0.359971162625379	52
0.074703187631334	0.494804704732904	52
-0.101399062975712	1.45565985047925	15
-0.000738343643834016	1.05581247107689	15
-0.045925365497791	0.681813846382216	15
-0.101153653336537	0.838096860037636	15
-0.080209381175654	0.767202473040827	15
0.108691947125678	1.110032881525	15
0.101090373798448	0.879478432845119	15
-0.00763704936294102	0.550151672411988	15
-0.063007267399744	0.596953273453838	109
0.111537857461446	0.715187745472539	391
0.06567589405317	0.584381382530234	391
-0.075257867628768	0.492249785292851	3
-0.073744746596228	0.5732511590427	391
-0.051438735217935	0.519998673097606	74
-0.113216835290369	0.352376858188686	3
-0.00519975932806799	0.55505036810678	579
-0.103504225243091	0.422577681525749	579
-0.018850319554724	0.461921951829519	579
-0.077426991418411	0.451452270907333	579
-0.044176943946807	0.465193567452192	93
-0.099525554332992	0.434715195912767	353
0.030853124613385	0.567499088202493	353
0.083682277409918	0.57871355787616	353
0.00953304087803897	0.481832383880919	93
-0.038207897371868	0.450702404951304	52
-0.117029099610716	0.235624801627978	52
-0.089742608890496	0.344325193367628	52
0.027794511272939	0.615469889933179	52
0.056376525302427	0.481611280409187	52
0.082121044032909	0.887868323044864	93
-0.084451270469881	1.94914032772763	15
0.067098620735404	0.994201339970408	15
0.061346495642851	0.575837586792087	15
0.057915844335924	0.781256481270178	15
-0.00117725361941801	0.884690287621678	15
-0.058746867251301	1.25434340167849	15
0.116051983470345	0.599620593697962	15
-0.00148948652782199	0.802324258199213	391
0.045799640849793	0.48150126300421	3
0.078460977973679	0.382369079458906	443
-0.042647826649731	0.36778187353602	3
0.079320334374696	0.456316055234906	579
-0.104534803900348	0.363304458026202	3
0.029714403555684	0.375474651888802	579
-0.034345499856379	0.611491200695668	93
0.06608514321284	0.461378243628532	353
0.00216402222691403	0.463313978663677	202
0.119845237112945	0.320539551157856	202
-0.106151328366381	0.242273798833885	202
0.11247223000722	0.503828805815208	93
0.04573077088875	0.454791689683878	52
-0.00275411959285998	0.367237022995618	52
-0.077758163667993	0.237469352800278	93
-0.030749019358831	0.368258538067189	52
-0.00745850631928102	0.369879834038557	52
0.08249616358576	0.386743945642953	52
-0.031431149660136	0.35382618717858	52
-0.072216743463319	0.348793683898046	52
0.110561881717897	0.494664628087513	52
0.102366225928368	0.920382928972744	52
-0.057919208169341	0.959852029182802	15
-0.093499147227527	0.662910098559731	15
0.066293445512447	0.788647212729463	15
-0.073521532448335	0.682154494897658	15
-0.076212910784156	0.33281239949437	391
0.019945166009553	0.475354763882466	391
0.067130554099278	0.37019897045095	391
-0.07718988762993	0.881489603819455	391
-0.071810655548644	0.42791502772466	391
-0.068256802384261	0.258981978523187	3
-0.09566437554083	0.356458144309195	3
0.020164945735065	1.03166339104808	74
-0.115137432392237	0.237707803884666	579
-0.00170176868348298	0.365365905977032	579
-0.083258514340035	0.364942833928128	579
0.038241109058168	0.273651889041503	579
0.105489086024147	0.479124349880341	579
-0.094134765274119	0.36744094123847	353
-0.038979879228552	0.353661217513301	93
-0.017378021512116	0.260949618518139	93
0.080931095749419	0.390308995272408	93
-0.112951775534906	0.154418887710246	52
0.113656655117675	0.496319378808483	52
-0.074771205863127	0.259072910703671	52
0.080149112795018	0.389296654176163	52
-0.00185709409650497	1.06338865325263	52
-0.02673771823629	0.254951051697438	52
0.0739305160378551	0.47300985497738	52
0.025178225509343	0.364472640087065	52
0.067455965328191	0.636770476221842	52
-0.114107300905158	1.29426196318293	15
-0.00437647206084402	0.608718652779128	15
-0.024190593338589	0.51337052231022	15
-0.100817544951188	0.368376893498574	15
-0.00614566096519698	0.365077968171882	15
-0.055001215826514	0.527201896201402	15
0.017621724388573	0.704102095562894	15
0.104862476309219	0.485623722517099	391
-0.052322675386761	0.454362811664213	391
0.104340339369192	0.67955425109461	391
-0.060960198727242	0.515378843519198	391
0.050771458111637	0.493352117871655	391
0.025801694916449	0.364692388594931	3
0.041154696164633	0.27881268979787	3
0.041752946985541	0.273301394316807	3
-0.06815348601257	0.25538791574876	3
-0.026334577721339	0.2611711826812	579
-0.106982811661081	0.251852130438597	579
-0.070781166902121	0.260231018061992	579
0.038857249142598	0.273886682508748	3
0.044785099016183	1.04329374370402	3
-0.076056528939399	0.613127724285746	353
0.079053328415671	0.575149434597323	353
0.030311464477718	0.374050861298694	353
-0.072722370953765	0.252798379026758	353
-0.028107525036302	0.170490516965899	353
0.039109171588784	0.269158407422387	93
0.029017544701472	0.373754008257153	52
0.038638734259801	0.276207805014844	52
0.037714463508649	0.966143029432529	52
-0.071853257292215	0.454871417998725	52
-0.071361414607576	0.836126267041976	52
-0.086287512560257	0.35879506260544	52
0.024870805974439	0.246332862998635	52
-0.077538772144742	1.68927790505259	15
-0.102419747078035	0.812995656759325	15
-0.11929392180803	1.00827569974831	15
-0.109708489124337	0.454670761859454	15
-0.080965946978201	0.711231241492732	15
-0.124200663016822	0.704750692467376	15
-0.024364946210332	0.373881797832498	15
0.0822600620987311	0.584673441878217	391
0.0323120201111	0.378815300267594	15
0.0880289013932321	0.574191871639911	391
0.051532678443607	0.480484363234187	391
0.064794342857864	1.12071726792921	74
-0.074945316829878	0.444116738688582	74
-0.076314306541122	0.371342494335467	3
0.087232292471138	0.496733488499257	579
-0.078748604736066	0.361809167993455	579
-0.056303234721745	0.442659244720869	353
-0.041317658245264	0.368952071818231	353
-0.115921241208186	0.350041916840894	93
0.104561871535447	0.491399168855243	93
-0.000451037842035984	0.37204031872517	52
0.075898460085756	0.474443838518035	52
0.016965571092908	0.531588302509364	52
0.022217209100461	0.368789700193501	52
-0.045023179500814	0.368364568548191	52
0.08580574097595	0.500522547089269	52
0.000266951285848971	0.364142737164738	93
0.012448459589175	0.464542341674376	52
0.031832038108119	0.374543381441767	52
-0.069460170926457	0.260210458278827	52
-0.083951457734217	0.446242296687613	52
-0.024190376931383	0.369198673591675	52
0.025936391665859	0.377452007568043	52
-0.040317481642409	1.23598477526514	15
-0.08865927482491	1.17810183067031	15
-0.04038780722146	0.445300762883876	391
-0.07112616995201	0.342545824358056	391
0.043855391529851	0.556045009537093	391
0.028535006216691	0.485040787631014	391
-0.041984984547079	0.438021858176182	391
-0.03734856749296	0.67976840590102	391
-0.114542405319345	0.433466223458476	74
0.00165096880996196	0.545444862340182	74
0.091765790445808	0.603025702766803	3
-0.011713139364769	0.353316323501562	579
-0.046422916892132	0.44435298294643	579
0.0117889848014811	0.676886531778041	3
-0.068441015287144	0.442735807798668	353
-0.064056916632172	0.441303183037373	353
-0.067885645976075	0.366937430106912	353
-0.057408738686109	0.449075585568484	52
0.024731768166576	0.483994297667848	52
-0.047995736877034	0.368456021418589	52
0.00823674915007599	0.473753198264399	52
-0.077281598063867	0.252283685545481	93
-0.054011540964902	0.449310999235767	52
-0.081770441844249	0.435300553845372	52
0.053418636279353	1.16783344867506	433
0.115563574409029	1.03201912935397	433
0.113598779948921	1.5430223429993	433
0.033761258554272	1.71722439728689	433
0.087885569469878	1.64685908811422	15
-0.083911643809014	0.693861752028749	15
-0.105150869796721	0.926382132772821	15
-0.104311974612228	0.63908237976477	15
-0.120085086562964	0.334931246345353	15
-0.00492262644076902	0.88924446690638	15
0.068507582881949	0.714325495878962	391
-0.106132791999535	0.35282053580136	391
-0.048514741015761	0.450251571933464	443
0.090232597470742	0.584681776584881	3
-0.119329059752249	0.347141632058882	3
0.072061180644472	0.667090834592144	3
0.091461881239137	0.501140404411537	3
0.064596727998778	0.567222394007748	579
0.057559964739955	0.569617428347427	579
-0.027569299551535	0.355343197572281	3
-0.059271283194548	0.589727135582267	353
-0.065280038830898	0.442586603067951	353
-0.044687586601571	0.448511700684278	353
-0.122223082862819	0.351363707097445	353
0.033376525248939	0.984128772994781	353
0.025996267127116	0.554745057616786	353
-0.010092453649616	0.355151688981234	353
-0.116197245944547	0.43396409180528	93
0.093539065028063	0.601762110207567	93
-0.12167301991416	0.2270891981481	93
-0.076478851354352	0.370649414809129	52
0.110677877343617	0.602041093428814	52
0.00208737190744801	0.465786295021659	52
-0.026449081458995	0.370021743942251	52
-0.058388740920216	0.369747636475596	52
-0.018019177898473	0.521732043604923	52
-0.080350300840741	0.363514352237303	52
-0.090056654894726	0.502674847095206	433
-0.065411587001302	1.46671034746636	433
-0.099107856781114	0.861619288376452	15
0.051933790093266	0.917409643688614	15
0.106562718793917	0.876563197878301	15
0.00179734380304397	0.521182842079612	15
-0.082415938535506	0.582400802306939	15
-0.110831546399702	0.517580387435112	15
-0.099560425440112	0.595558112625469	15
-0.089597317406155	0.559643957427652	15
-0.111449572427206	0.824196980943752	15
-0.050228790800433	0.675045428990895	15
-0.104274319653009	0.944015731174687	15
-0.069776606456103	0.363465589390163	391
0.079081486133696	0.733033071225337	391
0.075923370541392	0.391090745541367	391
-0.00367656282474999	0.9709018545246	74
0.0194104558396651	0.359162583919698	74
-0.018113157795106	0.260751149387078	579
-0.074025937975439	0.259840657485842	3
-0.099016215561035	0.646125663374999	353
-0.012513517115763	0.456698547991386	353
-0.036248034716289	0.46102755247753	353
-0.107298703575489	0.245786217732876	353
-0.10918352000703	0.254318215130562	353
0.116563883607785	0.498474210997934	353
0.083313254268459	0.591160546024139	93
0.121040921410795	0.290813070958169	93
-0.104596342740595	0.253464229836364	52
0.03270938502248	0.36383589289151	52
0.084568840960759	0.386984020467893	52
-0.071405477433557	0.25696936678286	52
-0.026820895522298	0.266058749565999	52
0.07838365211013	0.387214724690169	52
-0.022125149890791	0.369966127124002	52
-0.027464719333534	0.169705163747628	93
-0.12144116763153	0.434642398573556	52
-0.059487924017934	0.453008865914045	52
0.075607363879052	0.387516869848135	52
0.091822049338267	2.47724510680094	433
0.093431428124692	0.751891808193475	433
0.046631792658216	0.94542759570336	433
0.122252197679585	0.984096687390209	15
-0.00206783233503799	0.54270427695228	15
-0.013568750260325	0.718149369937826	15
-0.116302837448761	0.443120524113188	15
0.023943816853221	0.706810325538318	15
-0.070318003196053	0.259972430046524	15
0.026278481216097	0.356466930775937	391
0.107035777802022	0.479291651189619	391
0.053709869739674	0.490518079270354	391
-0.075987484625948	0.444788071103558	391
-0.112351605650051	0.499261874278131	391
0.073535746686426	0.470854700978955	443
0.073847110832623	0.389922001072113	3
0.00928514908540501	0.372144083530722	3
0.0841270782489491	0.385008589149363	3
-0.023700925274184	0.261131782152926	3
-0.01362369924747	0.258761462606046	3
-0.026917859606831	0.368787273621182	3
-0.038817517017616	0.345843894863784	3
0.112433960525937	0.499935262627065	3
0.054017329277379	1.06254852709487	353
0.043048678012405	0.787175141687957	353
-0.004680615804459	0.376006750183354	353
0.057791137081645	0.870372034194242	353
-0.022042504640802	0.37127436081722	93
-0.106151328366381	0.242273798833885	93
-0.086397852107436	0.517205403065141	52
0.038315574538522	0.276547476791009	52
0.112212411011329	0.497971785648381	52
0.124407085580479	0.28892816733955	52
0.114481709433779	0.496119133586355	52
0.036052929798025	0.563635842351166	52
0.024315980452705	0.366434081185555	52
-0.117920756712673	0.152972618115877	52
0.039036224013886	0.276641593348037	52
0.061444573811601	0.827625666020573	433
0.000834868279944945	0.823362912879042	391
-0.057514687741422	0.631827985638217	391
0.121905195057093	0.74686810176993	391
-0.121199484832263	0.227581254432467	3
-0.00420266673356901	0.377782268668974	74
0.00437502468822704	0.371064097747032	3
-0.033140847423756	0.350808522533462	3
-0.103254699299742	0.356512938206615	3
-0.073280284424846	0.259440205284312	3
-0.115211081834087	0.871315580386239	353
-0.090891716007146	0.673698449104428	353
0.072818512423102	0.373114009252202	353
0.04655010722242	0.485733956546851	353
0.046626061858237	0.278457068083501	93
0.037089991522186	0.277797196905933	93
-0.099322235287566	0.524592286334369	93
-0.065163206258507	0.363706294360905	52
-0.096941455518709	0.917087679344329	52
-0.099310219881281	0.670358622868297	93
0.097933688930653	0.678369232114471	15
-0.122532638000791	1.03533682636575	15
0.065990990587266	0.363763486677575	15
-0.085658201972459	0.599262963774435	15
0.10460590309302	0.481343510813359	391
0.06937733981532	0.465864123553996	74
0.027361301807883	0.379788850279256	74
0.0290836128502	0.486711712304326	3
-0.106772762364404	0.244868088955495	3
-0.06042392096797	0.360797719655908	3
-0.109842003680861	0.361366110388474	3
-0.015741344648231	0.457055728671731	353
0.077451850886224	0.383613771918275	353
0.0385371223323721	0.278028553836216	353
0.027169288677996	0.363457723598371	353
-0.078853692048853	0.362202137407292	93
-0.112969500385496	0.367165330528368	93
-0.058836986702498	0.349714865491097	93
0.121053816017286	1.05566817600623	52
0.024315980452705	0.366434081185555	52
-0.073007891120858	0.251845852982485	52
0.072993604607051	1.64115234779458	433
0.11842873367043	1.85851108274307	433
0.0382715784419651	1.87480457765273	433
-0.078325429525633	0.770188848483054	15
-0.096965975666268	0.423033839721498	15
-0.09034290539435	0.685040063228644	15
0.029902171761078	1.03048316908519	3
0.0900959980813431	1.22194420019707	15
-0.069087915832312	0.429861206428483	15
0.049311119094082	0.565954129344133	3
-0.023539461113487	0.44617133810538	3
-0.045645337916565	0.587985261766738	3
-0.051647281189102	0.36561557948074	3
0.072477785394313	0.485091601090885	3
-0.054828736649328	0.463151029869008	74
-0.079037817813873	0.450156852920083	74
-0.034728008770417	0.518400043505206	74
0.028957800500206	0.640069534863233	3
-0.00846774252020699	0.617221969979184	3
-0.026807313957864	0.53346687177977	3
0.061911418408571	0.773538203442305	3
-0.075342215078634	0.423162531125452	3
-0.103821351310937	0.432182876553944	3
0.076784853640999	0.727702737817309	353
0.063790198390649	0.88335000007175	353
0.045251643518736	0.898064682270844	353
0.021665057608233	0.565918111629045	353
0.055440219033902	0.799465111844029	93
-0.059263036760408	0.428735230239027	353
-0.09613528314152	0.357109410604633	93
-0.079255667264408	0.444893877653913	93
-0.122629182864168	0.353340967951761	52
-0.120079837578776	0.361901595684899	52
0.080421795376515	0.48704244555301	93
-0.108801040523125	0.443319144589355	93
0.054426316565839	0.482218864375257	52
-0.04489313726748	0.365738677944007	52
-0.07895224472612	2.07539856583872	15
0.0781637097824101	1.42349245561629	433
0.00993067443211504	0.841712895902724	433
-0.034134462258867	1.00896981313686	433
-0.036285003162857	0.954251284196909	15
0.010058925417295	1.06496369031819	15
-0.022413917030735	0.929948626659765	3
0.014667594748113	0.999584365270601	15
0.081468500624151	0.726847248281239	3
0.116948127427183	0.753417572673984	3
-0.10308212333842	0.352575201621922	3
0.010549506574864	0.633857856555112	3
-0.099453328655472	0.435587370517768	3
-0.013599652130646	0.457091809059925	579
0.00193654399286902	0.473166507945	3
-0.034925756030396	0.460565933452483	353
-0.116145468105767	0.364953039364509	403
0.100800831230634	0.646866019813544	353
-0.029760411530279	0.364877306723994	353
0.021941757885534	0.475748508794909	353
0.03080057362616	0.708249535695347	93
0.012817108453112	0.542542696505998	93
0.11751227639759	0.681027186203895	93
0.026766662314713	0.487829988728471	93
0.115329756027044	0.589012491137151	52
-0.073632491698418	0.518607126744491	52
0.085627542737859	1.7478532577459	15
-0.027311168805339	0.605408383602754	3
0.081358076491697	0.862107643424239	3
0.04035433609522	0.704846449974386	3
-0.036822017597062	0.605760233910198	3
-0.118009582837386	0.427778640685489	3
-0.10513136382558	0.508689349186084	3
0.00854693833179498	0.560500017557179	74
0.122187039355496	0.933110767124614	579
0.03273815306529	0.710077732675708	3
-0.11031639163568	0.362051692582212	93
-0.102550780139479	0.497099782108387	93
0.104949010370288	1.77413605102558	783
-0.05240238996484	0.642775980595187	783
0.024466543810013	1.26970078313884	783
-0.103000336954059	0.749873640641484	15
-0.005650323318452	0.479411551097501	15
0.066187955785025	0.746068201876256	3
0.0326535633387191	0.792310665056357	3
-0.062800786079751	0.52018485030099	3
-0.099997311306015	0.369879777387677	3
-0.005395395900894	0.835706092919443	3
-0.011336288702779	0.818423402704235	3
-0.099875931895289	0.651733463718994	3
-0.088391604505684	0.436388854586082	3
0.049996177142976	0.947733629916711	353
-0.00980295402048198	0.547264698355646	353
0.09787419292753	1.18182314142047	88
-0.075448177896017	0.812305039878396	93
0.068866368888223	0.937707537452362	93
-0.067547212151611	0.444058755090611	93
-0.114493441949383	0.676502484428146	52
-0.049654085947442	0.743167588724202	93
0.041899428256016	0.55378383223898	93
-0.068380234083075	0.586582475878449	52
0.079645722411111	1.65215828589133	783
0.091921852451758	0.896849643128509	783
-0.122013149081092	0.844599926742971	783
0.053613646753058	1.47621720988603	783
0.040912925967785	0.990655345391161	783
-0.082304830586984	0.67882748657539	3
0.031070028937339	0.62738646560379	3
-0.061655302303131	0.445725269173219	74
-0.124310840241568	0.65868183940512	74
-0.069160548121804	0.739404072049159	74
-0.00761749916048499	0.474637426055609	353
0.0968631239529279	1.39684168782446	353
0.110078215792509	1.40598680614125	353
-0.083783933810936	0.448744790382271	353
-0.065192329928314	0.736185321254656	88
0.00655543979327	0.554667152522758	93
-0.057161549906861	0.707396956238666	93
-0.105000939068438	0.668909384021867	93
-0.071002503703366	0.727335977071007	93
-0.122618053563211	0.431844244869368	93
-0.094150951860248	2.06337390576681	783
-0.027352759038468	2.3775008074345	783
-0.10395184160498	0.864408387021239	15
-0.079558655125513	0.881093281431692	3
0.025763568857503	1.04607684582751	3
0.020117934338015	0.955253012720207	214
0.066051409875533	0.963449220634284	3
0.046244364071128	0.93296620632868	214
0.062328949925565	1.009135371316	3
-0.055968483376819	1.00825135304917	74
-0.063976217393711	0.610169857285843	74
-0.006382467292121	0.953154361719125	74
-0.016975828541458	0.828900887162976	353
-0.012645462926638	0.833552142356777	353
0.082112253438854	1.02024833213456	52
-0.019175941211204	0.833643440699913	52
0.054064235225465	1.19610145776333	93
0.059765009919128	0.727977836499275	52
0.122501798038383	0.909778077350645	52
0.103856336403934	2.18615119342791	783
-0.00841979962314099	0.886642281804049	783
-0.070358401084294	0.813273958067876	15
-0.107625282031356	0.588825215295547	15
-0.00614157921020297	0.972628354403089	74
0.0507534788340011	1.02974525568357	3
-0.041225267182329	0.764498690062079	579
-0.074807464572863	0.754212648188061	3
0.027116243524753	0.626489797301966	353
0.033040375807331	1.40376553748772	353
-0.017257047167739	0.507417931741849	52
-0.054620688556658	0.609679299453306	52
0.038087156604069	0.819199033639837	52
-0.00491852514687302	1.57169985378912	783
-0.083522636467383	1.0962490892066	783
-0.082633257057211	0.886341932567687	783
0.00760750829770596	1.25284531498345	783
-0.065704346428061	1.06684620508141	783
-0.016226900418939	1.27597813786554	783
-0.070882204628978	0.248029143368019	15
0.029868086422294	0.372629233699346	15
-0.095866328535569	0.517491390400547	15
-0.065621920516085	0.450302516034343	15
0.096093068029927	0.962469926636253	214
-0.034428186330723	0.975613881231746	74
-0.013418185889606	0.523799814886562	74
-0.055735191489664	0.826009407026478	3
-0.094654670398715	0.670851217958103	579
-0.060418369995408	0.455350000130623	353
-0.122361482135404	0.592129468831821	353
-0.02156338520495	1.10557438584858	353
-0.054026515772244	0.689791022771232	353
0.070051142681043	0.77078055776363	353
0.032322711600992	1.19092953060013	88
0.00961257054075804	1.13752896159754	88
0.092574742386844	0.601203894753956	93
-0.020275956674766	0.814301764515639	52
-0.117963442428011	0.156497220770852	93
-0.030380592061052	0.257872512010022	52
0.011394005871134	0.854252463452892	52
0.00231491615538404	0.851523304092024	52
0.055833812204261	0.698344459236919	783
0.021298452671539	1.30362034894989	783
0.012003770948138	1.30967352127305	783
-0.027393238321906	0.608845470406858	15
-0.00931717153191403	0.798719243601675	15
-0.119608676038522	0.358506919628321	3
0.115447960706418	0.760344500597908	3
0.062164293370138	1.09849193426659	214
-0.045247132266671	0.643485689726497	214
-0.119223700354151	0.360731618428578	214
-0.039242936652546	0.454821783975412	214
0.00655184449784496	1.04954928313567	3
0.101419365994249	1.16098247284924	3
-0.098118271437782	0.80911431458771	74
0.0334053890541221	0.637048815344741	74
-0.00523545014421201	0.945118837553106	74
0.081201683676802	1.17273456376435	3
-0.092513979213545	0.834788706137791	3
0.11331496958912	0.503283090466482	353
-0.087654308308386	0.354564658088055	353
0.092770482881371	1.04795776087014	353
0.00282975401598096	1.20666989440697	353
-0.064678977133734	0.900820541451956	353
0.050798103499334	0.803975009949518	93
-0.092606446751245	0.342759595462977	93
0.00725860025121206	0.768935979352987	93
-0.07206581203144	0.359055406432085	52
0.077294568073385	0.65397026600884	52
-0.038421159498245	1.6304241056096	15
-0.059880614682538	0.97874365254855	783
-0.05050259889462	1.00204008436413	783
0.057823023600568	0.479411034069828	783
-0.099846720339727	0.631608173937104	15
0.060012297296727	0.882867317395004	15
-0.065199742690249	0.651540007924289	15
0.00466342423187405	0.472518814991134	214
0.113441737634454	0.807109326819652	74
-0.037112989372394	0.775625822264365	3
-0.028564945121827	0.933226143761617	3
-0.106335137143031	0.617067527160395	3
-0.115217720085171	0.599651728140271	3
0.094736963564594	1.04303600383472	353
-0.036183972045741	0.538163035815638	88
-0.068653409479143	0.356655651896887	93
0.112966362776904	1.0549466386765	93
-0.00290607071004401	1.17670861383028	783
0.096605007495898	1.34542159509118	783
0.114168040397711	1.67919004019658	783
-0.024579541990353	0.474150688393641	783
0.01656617733467	0.898226152791819	15
-0.083027507102529	0.634631061310044	15
-0.027507860835252	0.464840976516078	15
-0.066811369920693	0.743349793032883	3
-0.104641553674432	0.257106410022646	3
0.013618100214897	0.971615098214586	3
0.012065878545254	0.926621361092167	214
0.052263487972087	0.783761883813026	214
0.065606267589685	0.795439460687222	3
-0.034844259928977	0.609012084443858	3
-0.014017729478465	0.538199380756785	74
-0.043308254862016	0.509219039068731	353
-0.075917814995915	0.681625031086915	353
-0.11963223245014	0.332097074072402	93
0.103919931913829	0.924274867218726	88
0.039237296443405	0.646001926190014	93
0.0830053479384421	0.38467190687715	320
-0.117445117556126	0.44085189210878	93
0.00901662426146499	0.772448860924137	52
0.123954843677829	0.97465895003351	52
-0.074011034124102	1.50886721738065	783
0.101081736961934	1.63809058278773	783
-0.030331142853666	0.735566990456317	783
-0.10701456226549	1.20401081443101	783
-0.065287913346515	0.448165025675863	15
-0.103849571464003	0.767792773789711	15
-0.00640011857012302	0.70234800193909	15
-0.015820989783688	0.87740570824227	15
0.051663514085033	0.834813315946774	15
-0.084993958495269	0.736479411809675	3
0.037772276305285	0.832580688623055	3
-0.027824491663573	0.720616611697238	3
-0.04374933343648	0.746082640618883	3
-0.107610310852892	0.253740353054832	353
-0.048630542208103	0.45473440603474	353
0.09408593893773	0.666383836287892	353
0.00948113136068196	0.756927890370371	353
-0.094538948285073	0.598786220967935	353
-0.051792345830606	0.784512257530224	353
-0.101654947237933	0.657537387564928	88
0.123086384313808	0.895327677669891	93
0.060288347280086	1.01162108034279	52
0.013499253365394	0.821489841894682	214
0.0441456248293191	0.850863155864564	214
0.055858805327787	0.713448892833209	214
-0.00399573019768701	0.766623863952494	3
-0.048389078373396	0.661695449311204	74
0.022543631992305	0.552970062552754	353
-0.030394102026242	0.572930936098	353
0.046984329559329	0.710458626144895	353
0.00971694078079899	0.833108881828526	88
-0.030539287043649	0.599590843120927	88
-0.120285616121919	0.516108561284365	88
-0.082428555717115	0.51663683077689	88
-0.027542413065653	0.683848363053928	52
0.099689156336622	0.893369462505336	52
0.00999427950144405	0.698356488524002	52
0.084356208052038	0.643671620283271	52
-0.015214757452291	0.465272114398682	52
0.01237442811623	0.545866939838267	3
-0.107611817896995	0.345547402842532	214
0.093038323086408	0.653176364662326	214
-0.011747108637742	0.549179454573038	214
-0.067267902966777	0.368136016607492	214
-0.042010642424567	0.67285315455948	214
-0.032417334233575	0.461879051037085	3
-0.075710869841798	0.365701810610157	3
-0.055010752573574	0.459461338353736	3
-0.105301684308715	0.368197948095193	3
0.049316610075566	0.570773146833795	3
-0.018304078500039	0.819366739635914	353
0.00749267800919196	0.955344321188897	353
0.063637006543285	1.02295436253578	88
0.05258929713216	0.562539592377927	88
-0.066497168861181	0.366469728215357	88
-0.077311877897566	0.371012847807325	93
-0.016761748940779	0.466529036012444	88
0.021241172978791	0.474818797699791	88
-0.098187584215054	0.359584772128895	88
-0.044595731605279	0.371942765181258	88
0.093205099158611	0.601274483139221	93
-0.087166187567225	0.436453811908185	52
-0.096739398849312	0.352766065660942	52
-0.031431149660136	0.35382618717858	52
0.0739305160378551	0.47300985497738	93
-0.076722278721118	0.252284490909458	52
-0.019091956341679	0.376088473910301	52
0.00982997154390597	1.55996276696443	15
-0.062381051609709	0.515146251140666	15
-0.07342750052515	0.517526898720137	15
-0.078337838152555	0.591853377630663	15
-0.117482755369854	0.347283301391588	214
-0.057082442689993	0.512056239789151	214
-0.030291207345772	0.494175976987282	214
-0.103387168728121	0.446622501499424	214
0.023030143909847	0.700286294626281	214
-0.123690385554468	0.552021566924806	214
0.109830602458949	0.566432133770539	214
-0.053104377930348	0.523669913429264	74
0.114487280912484	1.01407186447653	74
0.0914975961273931	0.648074439032744	74
-0.087957450626169	0.446834806070358	74
0.103237673460935	0.650421672138241	3
-0.072370429330507	0.361111249331968	3
-0.102659996894023	0.356573471120076	3
-0.05164893250072	0.517292477319064	353
0.068319288710775	0.869306991835793	88
0.101281753517557	0.567572707729371	88
-0.039952333615068	0.450182572297381	88
0.073828570533363	0.491357226168641	88
0.08889181415102	1.29357845322047	88
-0.06403479272332	0.436980348877762	88
-0.044208800532384	0.526800954760788	88
-0.024714728716117	0.472092362241228	88
-0.098080448256744	0.343909960058201	93
-0.044323522362241	0.60293112850487	52
-0.038979879228552	0.353661217513301	93
0.121363131620651	0.836469430479365	52
-0.014817277825191	0.722524657895647	52
0.082230564807981	1.02137173280994	52
0.048628624863872	0.479856977827812	52
-0.076894655435065	1.02552312392905	15
-0.066150394807383	0.65568346247844	15
0.096607483727807	0.947617009355638	15
0.068303853747442	0.935220973120505	15
-0.089605538680637	0.764438393221911	15
-0.124697721704902	0.506502350077824	214
-0.00156970691598801	0.533441353690313	214
-0.017149884665711	0.452157542796097	214
-0.099279137332835	0.359229966154282	214
-0.00282804236139	0.843809020227256	74
0.12319967390671	0.72628349827781	74
-0.098405433496702	0.364391413233192	74
0.029241132203911	0.485936137904637	74
0.00535574535133998	0.602363891234231	74
-0.0172173147442	0.591550352407578	3
0.073845551246687	0.659567603156156	3
-0.026341721375558	0.532577444410425	3
-0.013450675726787	0.45933273775869	3
-0.065925146503194	0.439212608746309	3
-0.095283281828204	0.371691839815403	353
-0.068845112897955	0.437396420423761	353
0.043447889513537	0.570231410333054	88
0.013212984459363	0.473366458452403	88
0.051600417640996	0.719932995827824	88
-0.020413065147317	0.527883874815698	88
-0.005955815844918	0.370882066573722	88
0.052919318555788	0.559810843357277	88
0.080259258797262	0.744955320347312	88
-0.095749121146727	0.35444666745465	320
0.0140174495891719	0.341819563631318	93
-0.109099140308938	0.353899787358373	52
-0.083134974483409	0.494413928878864	52
0.023432092872919	0.477592676783517	93
0.087855941305593	0.598472491662143	93
-0.028122640639484	0.374731985210961	93
0.0764199435810849	0.80998526239167	52
-0.119223700354151	0.360731618428578	52
-0.059168936839867	0.351466844830293	52
-0.085978271313546	1.56775986809056	15
-0.037895189058549	1.72705749519478	15
0.035409192458829	1.48951227322172	15
0.117129707805584	1.89410736396066	15
-0.064121323358028	1.01262780664359	15
-0.031417427325468	0.585583282319474	15
0.034685404951372	0.615258816903799	15
0.030372374096802	1.08668556106691	15
-0.030297023354008	0.516641123010508	15
-0.050576065880154	0.669941257249348	15
-0.018128881427772	0.583637781379237	214
0.035436912066645	0.698509348952692	214
-0.105704064827004	0.440100795425585	214
0.00401575805836096	0.473272891407282	214
-0.025045359697592	0.505405693258689	214
-0.07555793587455	0.322259318219437	214
0.111604882569445	0.983413399546071	214
-0.09456936787303	0.341570743406242	214
0.124871220191021	0.502188349549267	214
0.105283849979122	0.740063832135769	74
-0.091063711362211	0.640162857377746	74
-0.03667932975477	0.965473608412785	74
0.090326504539931	0.674544386764808	74
-0.015416347684096	0.533273640987789	3
-0.073343079123734	0.449689795074199	3
0.037226410543467	0.568716888966518	3
0.112475634018868	0.65261463292432	3
0.10925496207232	0.681597112177249	288
0.120814317334628	1.0605082816	353
-0.032384843824652	0.686623079538617	353
0.085478968040608	0.494580489300495	88
-0.024523985601154	0.462812301049403	88
-0.067000821555333	0.371057068843179	88
0.101809569727559	0.594650876715658	88
-0.085834243958792	0.358045803359909	88
-0.02909650651953	0.461809210172403	88
-0.121752394682799	0.333136489156757	88
-0.052808684178055	0.368355904303116	52
-0.047262246726777	0.462170905708662	52
-0.068256802384261	0.258981978523187	52
-0.105777321438871	0.449596751771945	52
-0.045786019415023	0.461236431970158	93
0.00306628917238505	0.472943809885697	93
-0.029760411530279	0.364877306723994	52
-0.039030050447727	0.745888491346042	93
0.00217358065653295	0.370526945480425	52
-0.094729994626061	1.81923100853081	15
0.085290569650041	0.645931622308148	214
0.050088131731327	0.648152029181702	214
0.025043601769462	0.563179691915079	214
-0.088406783645527	0.414378081016411	214
-0.077401591393809	0.454136599382897	214
-0.035397245707015	0.350463652571572	214
-0.105916612840597	0.255675699464425	214
-0.02793412168102	0.361357090504914	214
-0.08348736009369	0.492234092489707	74
0.07496205708141	0.8923637382375	74
-0.049697108064633	0.514760883846059	74
0.055292269024135	0.628897440016778	74
0.023094775883487	0.561700046229352	74
-0.092726874463897	0.433171746147047	74
-0.068526648751855	0.409270864216994	74
0.055404401733689	0.564942653925286	288
-0.069235010976948	0.359760982622078	288
-0.106609274166658	0.430585488315546	353
0.104050947559765	0.810812776827223	353
0.0616682407613131	0.581506225852347	353
0.088764483830758	0.557380001386478	88
-0.106994817209456	0.444746808979107	88
0.087336287959668	0.666471005634231	88
-0.080755331042951	0.520319435206411	88
-0.118275161388566	0.362151599341166	88
-0.00777271078426101	0.552546360769928	320
-0.00688100080265103	0.464689337801112	52
-0.092880461738917	0.445371262289316	52
-0.010080823592157	0.466518830351962	93
0.02507415675032	0.48136120940501	52
-0.012714985024317	0.775882938981773	52
-0.023637524238552	0.602167997162754	52
0.086425553123152	0.570915985366813	52
0.001139043697164	0.96267432125348	15
-0.048469183990899	0.371694547119778	214
-0.081943533431879	0.368105488425341	214
0.055377605184514	0.49523402071306	214
-0.00950447506385599	0.61138722640236	214
-0.042841048890108	0.640202619581966	214
-0.107991146909256	0.348327143165148	214
0.099640760502923	0.553752037865383	3
0.031680076300494	0.488256125323847	74
-0.088370555709088	0.351475025654987	3
0.118053412787418	0.600929691111706	353
-0.060475473973072	0.521001779905689	353
0.0769306157366581	0.495403530429082	88
-0.107796913012013	0.332075346334762	88
-0.07688370141727	0.352471619297335	88
-0.106055084396748	0.250980824825876	88
-0.090562908524663	0.353343613676826	88
-0.016856800705561	0.372143274423067	88
0.065071023542566	0.566509252966694	88
0.061741792668136	0.574058274726506	320
-0.036910404017399	0.362452147141303	52
-0.078116228270889	0.249603022495618	93
-0.074399621142448	0.250026846837965	93
0.113656655117675	0.496319378808483	52
-0.091312352308372	0.905593847526347	15
0.075607363879052	0.387516869848135	15
0.035013406946119	0.367559348778964	3
0.067610065708822	0.455489492005516	214
0.067223315192775	0.374434993281576	214
0.0769306157366581	0.495403530429082	74
-0.075138340361736	0.350695330198058	74
0.05089636610465	0.474215884656439	74
0.022154598610069	0.463211532934837	74
-0.022692918321419	0.372005805186934	3
-0.026895974932166	0.365466845395387	288
0.081998923018463	0.492517380861085	288
0.034970195338824	0.373039307546767	353
0.095659775424341	0.731699385486995	353
-0.053718395861768	1.36485331508263	353
0.032419930704801	0.267215927384442	353
-0.00994373418553701	0.747635051035666	88
-0.120968132223249	0.248785524947995	88
-0.082957786300725	0.360110016895242	88
0.104644495786447	0.493661685016207	88
0.0712962769312	0.376332309090791	88
-0.00925241321311299	0.355750398734517	88
-0.05820008013132	0.254999137516244	52
-0.110610752391575	0.154930797049672	93
-0.059794566496094	0.720799152183089	93
0.124681786236784	0.293259506159697	52
0.027169288677996	0.363457723598371	52
0.065570204022664	1.64409442055311	15
-0.024846066873091	0.873915171213737	15
-0.112797909015562	0.528657521380998	15
-0.105489371068464	0.420106208381492	214
-0.096967643358922	0.450759641291889	214
0.027067686058497	0.563906966737765	214
0.044618458070542	0.770320030175109	74
-0.066919691100455	0.529076588053274	74
-0.113021088079835	0.35760035573799	74
0.088158549475246	0.742255465727977	3
0.070467629715208	0.719697944662742	288
0.0286033589663151	0.548377270341546	353
-0.121033055568696	0.331473017321998	353
-0.00869488924321399	0.366057794046265	353
-0.031970733464633	0.579607328850085	353
0.055545052065433	0.776727223100608	353
-0.094416867358878	0.421958215032893	353
-0.123239228576187	0.420854105784359	353
0.091668190750443	0.805068491838812	353
0.075829989750721	0.3719512661516	88
0.05387824105605	0.564552592599031	88
0.036549921538126	0.643059532201636	320
0.085552953194006	0.587896648581945	93
-0.117134575907762	0.356514238371405	93
-0.109227058361117	0.357979645084439	93
-0.052133803053576	0.52139578130702	52
-0.100336924887597	0.435422581288639	52
-0.072203056182028	0.619039238304399	52
-0.024184153592621	0.465128912056718	52
-0.094835314160082	0.778830494155138	15
-0.071429404424847	0.79165278135196	15
0.029144758127338	1.03549668281287	15
-0.033817589295182	0.725753296504755	214
-0.051528774095785	0.576433780991564	214
0.01487048979769	0.627045461111553	214
0.114316606454546	0.692241384972706	214
-0.030493342019265	0.462045800134273	214
0.064189604947901	0.810571536457617	74
0.026879060937908	0.716404924243916	288
0.018493708528055	0.7927217255899	288
-0.116231826498441	0.479011754298026	288
-0.082247615811623	0.509079198602171	288
-0.03387999141837	0.524492321553271	353
-0.093175604115818	0.515571341067824	353
0.032483522497939	0.478465563777024	353
0.054354291824522	0.571123987059081	353
0.109507487623306	0.897547241631888	353
-0.10267895591709	0.424416161603386	353
-0.059452498061505	0.58769804206721	88
-0.074864003851049	0.611173381165871	88
0.035218901080328	0.698713702011059	88
-0.117352239177032	0.45426137782815	88
0.012103787442138	0.68014535829778	88
-0.034274185285823	0.365140932265447	320
-0.089208042411592	0.438626237289952	93
-0.122928391931696	0.424732091460757	52
-0.049658337744676	0.527582915372367	806
0.118596655764941	0.615743259230027	93
-0.003108222273011	0.542072347911606	52
-0.025754088893946	0.541322573828874	52
-0.10872435675143	0.420938679155409	52
0.010528028299748	0.711033324343792	52
-0.056598763180042	1.62515008061539	15
-0.027726610527541	0.812893581661216	15
-0.051938067151748	0.834142781500006	15
-0.067942753403263	0.863115057066031	214
0.060942853683906	1.0308941032064	214
-0.009634918791388	0.805510638694959	214
0.057276720967847	0.96745969838027	214
0.083515651189248	0.95250741364978	214
-0.05241654036411	0.597930744797639	214
0.124314112218536	0.753536426423974	214
-0.119472762306247	0.425106321846584	214
0.121190247590567	0.827514999681653	214
-0.08695029132711	0.514092845789752	214
0.109196016375014	0.90023143807172	214
0.037653117329518	0.700337277709443	214
-0.095426589168388	0.508878699491415	214
-0.0000180355555209899	0.673694518247618	74
0.0987082697228669	0.869234405937508	74
-0.076445977496363	0.506824072166575	74
0.09615011907185	1.04824411880075	288
-0.096788669225	0.486173463303448	288
0.005374703172917	0.624651260592813	288
-0.013463285376141	0.817348492699089	288
0.000672709652970949	0.610909628992508	288
0.017181397908152	0.766618957850938	353
-0.06646886665346	0.517535995334702	353
-0.03789615031871	0.683749282274648	88
-0.084402176592749	0.517049276499662	88
0.059693919860524	0.883359606332127	88
0.110098485293105	0.744236310169081	88
-0.016937855084846	0.60305909823878	88
-0.122339196083889	0.419473402551287	88
-0.051648939768034	0.52146580465481	93
-0.115820180284696	0.437155455497696	806
-0.119425707805626	0.347226624861514	52
0.012782753089284	0.540600502399147	52
0.0587071571625311	0.805811294515135	52
0.047048106400497	0.795186299275839	52
0.063863163338734	0.789794685716586	52
0.083503510792746	2.42395042388157	15
-0.098868762463459	0.662297916910112	15
-0.124122716343004	0.514208188773392	15
0.058775552684958	1.30091203945378	214
-0.088516890574976	0.668288660913835	214
0.039784375191151	1.01203553947549	214
-0.100427801858257	0.443569006917906	214
-0.01691916842167	0.465914767915304	214
-0.00460082164181802	0.467103688064078	214
-0.049702013643357	0.614700676479697	214
-0.042491484591554	0.600384733062768	214
0.027238146509872	0.697741413612296	74
0.044066470425479	0.755310176954966	74
0.059266489288389	0.704656471560327	74
-0.00403932233216497	0.647586815996404	288
0.103710064366507	0.982566782563098	288
-0.102292362459898	0.504814091476909	288
-0.112311947356977	0.487604912578423	288
0.0111557589450439	0.693835024125123	288
-0.057509505962465	0.579650412532364	288
-0.045087213597067	0.37318524575991	353
-0.00796458485636797	0.359312506568372	353
-0.074357203722849	0.63765646385726	353
0.048511725741621	0.840574606081854	353
-0.026036363807644	0.763892010779918	88
0.103000038543169	0.828183243249995	88
-0.081414190720928	0.597672216482	88
0.111979219119312	0.807692744163196	88
0.026397976101346	0.484586370263664	88
-0.071652776170122	0.517285180346055	88
-0.034411475320393	0.595377233243231	88
-0.066430252563855	0.449046844700464	88
-0.023445007408324	0.533692610208769	88
-0.056716519300114	0.436204090226638	320
0.00723961923488203	0.554849487117619	320
0.069234259603816	0.783397967996766	93
0.020969382173143	0.682218532650424	806
0.037116691119548	0.794039321246955	806
-0.071614223366023	0.508139056024351	806
-0.115779847696749	0.418821627996353	806
0.055247653588238	0.719050782360722	806
-0.013684807106416	0.538714422841104	52
0.053029022737515	0.772241168269331	52
-0.077009658318059	0.362303022093385	52
-0.028688843663099	1.73459837139499	15
-0.04048945700183	1.625340822208	15
-0.091959307237922	1.24732337513104	15
-0.116959832975863	1.00974934356675	15
-0.068904419501743	0.8009621698597	15
-0.035517511013055	0.882278926361785	15
-0.084423176857336	0.449844231766954	214
-0.019722028937648	0.848030435596462	214
-0.074070661987149	0.588246083052769	214
0.073739511053057	0.570673648234148	214
-0.03412313423991	0.461366008225898	214
-0.094036240604505	0.493670112158227	214
-0.034527155408352	0.653896771367205	214
-0.00179852836361599	0.537275524335489	214
-0.034532103493068	0.625122477150138	74
-0.123385393159598	0.513394799203061	74
-0.09953109050719	0.518190701234448	74
-0.059686192194956	0.559946393181996	74
-0.053531506418226	0.520362149450412	74
-0.095970427000707	0.506860734256764	288
-0.00849908851401499	0.635619478028114	288
0.089323784212791	1.03100170345344	288
-0.070620041942547	0.654153489988933	288
0.043694431574709	0.470991822896759	353
-0.117577814010132	0.350533179645984	353
-0.057366082041343	0.482885435784611	353
-0.120976550982688	0.500695899558212	353
-0.066092312204567	0.595071281319625	353
-0.108421319278457	0.502851602207193	88
0.068155654637505	0.702033381257447	88
-0.049771054567124	0.63562210585796	88
-0.045335972222202	0.642739569655345	88
-0.075838105105868	0.512654247210391	88
-0.028631053354174	0.582238873257672	88
0.039916126019426	0.865411852573678	88
-0.050571667654213	0.511883427421621	88
-0.084775324894584	0.354822458962858	320
0.030660476277212	0.377004006394293	320
0.081776707738393	0.768037083265212	806
-0.022586486836881	0.533545790025677	806
-0.080510050930702	0.510830348615964	52
-0.089500428121537	0.351710562318056	52
-0.099160112736138	0.355279822601127	52
0.084259427200104	1.54129669559967	15
0.033212530288246	2.42963004284318	15
-0.048844412342991	0.719373264527584	15
-0.053269679945432	0.944166808408279	15
0.063324443668628	1.28357140292488	214
-0.05979004014942	0.672667696631918	214
0.082461588727087	1.04422584386164	74
-0.043631118184374	0.536178327811912	74
-0.099979669806516	0.48798978748173	288
-0.103804118255539	0.51258559379883	288
-0.019647560684279	0.706624827694124	288
-0.058277914250818	0.582605923364815	288
-0.059748019895052	0.49679774969158	288
-0.090153570442655	0.509250853373398	288
0.025519125859142	0.791380454821376	288
0.052573132516173	0.726922864744946	353
0.118386344253221	0.785512581968381	353
0.00560294268162198	0.755038709839269	353
0.005929414743712	0.866986670986033	88
-0.039586630714903	0.607772001267737	88
-0.081986872172694	0.795858303176371	88
-0.093715610753821	0.540937017846978	88
0.00274237588856197	0.776683002580811	88
-0.080375560751921	0.583744595020244	88
0.0328974810306329	0.791644759449211	88
0.087336287959668	0.666471005634231	320
0.016819239297007	0.696606038620526	320
0.017507134786855	0.6916666518496	806
-0.058961799772266	0.594147567939456	806
0.069830521601564	0.704989312723373	806
0.119882618021034	0.75309807335304	52
-0.007405815860066	0.743161773963898	52
0.111669076190212	0.904475904903833	52
-0.061092076985838	0.50145055033065	52
-0.060209146607646	0.432837083476834	52
-0.021445645982404	0.532830588889145	52
-0.058438490679628	1.70499842073665	15
0.058359926816782	2.36256901662656	15
-0.105683700700585	1.14520138958595	15
-0.036391778466111	1.44497501670893	15
0.116237774915832	1.2584449904448	15
-0.120250355216639	0.471909690507211	214
-0.020741607392156	0.606410801272183	214
-0.061582496101024	0.759766554918236	74
-0.018212222339376	0.669422066469725	74
-0.018041045711938	0.613286307190307	74
0.020643994408922	0.594302292337491	74
-0.113539327746574	0.452967143198639	74
0.013981911931463	0.687420171078714	74
-0.00910406055333901	0.448982450770763	288
-0.040575794932512	0.460843100805642	288
0.071907101715022	0.534121701626433	288
-0.102787371564908	0.431862547599127	288
0.033280736448852	0.815851939617695	288
-0.116468462406243	0.437899146175775	353
-0.00435958308163997	0.545226081694981	353
0.102727050526657	0.815436863253713	353
0.085522651457683	0.618288253672202	353
-0.01404964594582	0.79431622504568	88
0.1040004061378	0.905661737618751	353
-0.046340717247467	0.594891364810163	88
-0.031895085046447	0.599040067753333	88
-0.071287064972562	0.433447266365477	88
-0.059037565396768	0.510535133429479	88
0.00416138080419004	0.610038374296243	88
0.016902778240012	0.786383837983126	88
-0.010384859332179	0.419868473787316	88
-0.110386650101259	0.422509380564526	88
-0.109467112915503	0.337527610138177	93
0.104466755803469	0.672691826395697	93
0.04301676777351	0.6304364712352	806
0.084113384309758	0.649845360618449	806
0.079400671990855	0.580837781650393	806
-0.071518368012936	0.455130586407299	52
-0.020845943153682	0.528614207533427	52
0.101385821116619	0.721102392279201	52
-0.084817277245944	0.426572327310744	52
-0.02888177940997	0.823395577563175	52
0.016287239403001	0.476946919985307	52
-0.100445516466324	1.43279914194364	15
-0.088620700597973	0.832072606889608	15
-0.119961776216691	0.711323469847723	15
0.104680214084954	1.1182964195508	15
0.073599303088526	1.01362000364602	214
-0.10559257552153	0.558685550175484	214
-0.086617647380427	0.506763015479672	214
-0.052823075821406	0.61767070550476	134
-0.098404793745474	0.410382900662605	134
-0.00843918663405802	0.548218479691402	134
-0.110115680820079	0.345412503173672	214
-0.062040075342565	0.452710170660183	74
-0.00669927692121403	0.701351646370854	74
-0.080141861708599	0.493596013358012	74
0.024619196305994	0.605760980688083	288
-0.009928866900904	0.718271242086946	288
-0.124746014028782	0.396455328833259	288
-0.011688897872925	0.671825037371907	288
-0.013704787953557	0.355717320203222	661
0.120743499599385	0.599459585104264	353
-0.00696258008958101	0.538784523234959	353
0.012947834503152	0.688722000568508	353
0.094028999364706	0.751348286251882	353
0.04247827283424	0.752831433568756	353
0.078642133079198	0.856977370871317	88
0.08571263625257	0.868067440203604	88
0.0548176558201841	0.651260712513241	88
-0.124665458520756	0.434466241121616	88
0.018552869134994	0.770102424729144	88
0.024790268649624	0.744947840970004	88
-0.102580672974752	0.252743012812737	320
-0.104672087442157	0.422632177458721	806
0.013115144018165	0.562546252555499	806
-0.082317320247713	0.448700529384553	806
0.12021737709253	0.828892615450029	806
0.056792712451892	0.474769320188716	52
-0.107972019319421	0.432861102461971	52
-0.027384597455523	0.603118999819384	52
-0.066760070165815	2.02156500372844	15
-0.018328227653086	2.10439828154096	15
-0.021403825460277	0.835019244784544	15
-0.074782824178954	0.840766559992177	15
-0.020389012742607	0.595898864669606	214
-0.082340584719224	0.420856321707757	214
-0.099202421570652	0.443922374722871	74
-0.025572986312512	0.37329035928687	74
-0.065613444668836	0.753248279640636	134
-0.05455953378614	0.459698172437435	74
0.00400110788839403	0.513420166320018	74
0.02499360374516	0.639600087455921	74
-0.017152609387527	0.620302028587715	74
-0.000404281206865975	0.547951206673685	288
0.00677274372884895	0.549342631198002	353
-0.089482375115484	0.435836119022285	88
-0.099987756637695	0.436970734255697	88
-0.02646779576993	0.44914107707715	88
-0.01404858568243	0.773378486616483	88
-0.102778890003535	0.424731199321825	88
-0.002719108035942	0.789628621569107	88
-0.120017049575498	0.365530004415246	88
0.072704030389237	0.539755898388566	88
-0.01263931888598	0.658076544925965	88
0.124577418074539	0.692858864806301	88
0.094335402781457	0.595803420717337	320
0.073662931235181	0.664068099233742	806
-0.08306362392494	0.528368850079739	52
0.031495535384328	0.547447957671477	52
-0.077840981687213	0.534405383771188	52
0.12126970680957	0.615442081183356	52
-0.105379872244049	0.252210109583155	52
0.058098196128768	0.496460845398164	52
0.110257947412463	0.501737107349187	52
-0.0910412649557	1.87169886436817	15
-0.058067752911411	2.1552978064938	15
-0.100056240295945	0.769749424660224	15
-0.091185395082081	0.657801507059225	15
0.124810233407056	1.11683147736829	15
-0.076329488294144	0.483821822069004	214
-0.038411978810334	0.542913134385406	214
-0.00390593922863203	0.538974347369527	74
-0.012110354654048	0.529382810912472	288
0.00226690195815105	0.699824389598663	288
-0.018770089778307	0.535030828153294	288
-0.057043868844956	0.440610530403531	661
0.01926640883033	0.4708451210708	353
-0.106729588041006	0.443093563136984	353
-0.101645941710172	0.442968988716062	353
0.045871322874396	0.630002599380186	353
0.089500577479117	0.771442106562737	353
0.025258079887164	0.620777889608404	353
-0.112623166702603	0.431513771128714	353
0.057361919494908	0.699064078885394	88
-0.107134419298861	0.358681618427876	88
-0.106058013791349	0.359502262320877	88
-0.089343866624502	0.41181993167375	88
-0.00826990354367002	0.516118714561501	88
0.00921961387403103	0.626262202964413	88
0.071615780020872	0.488070342266716	93
-0.081401938518389	0.371390718879915	93
0.034612687646146	0.47550005790541	320
0.086025905302442	0.658553226456656	320
0.039652679681728	0.488729341979744	320
-0.118517245003114	0.348292780837534	320
0.083299638627626	0.574669600884502	806
0.10812322750047	0.872515571319316	52
0.069873090620037	0.567890839604536	52
0.00782624809532595	0.523368102645846	52
0.0635002380934609	0.843029231835191	52
-0.030080616225655	0.608745781225922	52
-0.041910089462454	0.715827195432677	52
-0.034198904408062	0.458539394973802	52
-0.044218232199941	0.453837390053175	52
-0.115637906985627	1.11193628412693	15
0.029678506918403	1.01496173214371	15
-0.102531837987411	0.727127691488773	15
0.11127121285584	1.16374311093241	15
-0.02939609777314	0.913422199735282	15
-0.109033081016078	0.359305374882422	214
0.0947709981164549	0.883917312847409	134
0.040003254728039	0.637576348676248	74
0.0777834802998471	0.728727947782294	288
-0.074945316829878	0.444116738688582	288
-0.052201177190177	0.527690037313958	88
-0.00634175820857302	0.618934868463637	88
-0.110093883232033	0.529114653853671	88
-0.102670531761648	0.363976420056127	88
0.089747972443659	0.59590599422367	93
-0.123544432827391	0.356131807764881	93
-0.06986590048141	0.439455524264105	93
-0.081302619799435	0.524757242921452	93
0.103314480538459	0.659298915748715	52
-0.050689888649258	2.09463256645802	15
0.064394745262627	0.731751739576549	15
0.074627718719564	1.47567272112555	15
0.054790147466654	0.884533879008079	214
-0.065896894279405	0.526780886965131	214
0.019442847933637	0.552220000895029	214
-0.078197403345677	0.486739983336068	288
-0.068564151676355	0.919126678984923	288
0.065402238377639	0.584007665138574	74
0.071382298655132	0.47361225412441	288
0.041534469762969	0.55957837342255	3
-0.123450603987176	0.355164559993533	288
-0.004462423576507	0.723703039506417	353
-0.075899484717356	0.352838920578711	88
-0.0432612875926	0.372136090801722	88
-0.00112302475412401	0.373547480248929	88
-0.102805189651068	0.831228947394149	88
0.075672835031289	0.566407720491712	88
0.091782100093142	0.678554364291225	353
0.11751972167332	0.600555696316517	88
-0.053052125127639	0.361224364106153	88
0.11884978571324	0.74568896694111	320
-0.063661556033686	0.49238645207329	320
-0.104188022796141	0.238091283999461	200
-0.103535608472178	0.368236318801173	806
-0.051637594986955	0.686571468661505	52
-0.006805598853797	0.374587919802268	52
-0.01855869874993	0.262196058525902	52
-0.110149428204263	0.336373160159687	52
-0.010943554597274	0.366445474536785	52
-0.064228023144727	1.34759473167286	15
0.029732541231994	0.260274835232453	214
-0.021950346705056	0.266654000373997	214
0.105125571824066	0.488429962605973	134
0.044118721433134	0.279622670829526	214
-0.02877631167436	0.173644512897175	74
-0.119090261183212	0.154762044119738	288
-0.024729231614745	0.26281149041328	288
0.116624644444381	0.503463390567234	288
-0.120043388547918	0.219754955865462	288
-0.020869029187433	0.267401516299483	288
0.0379920943188909	0.273398838612624	288
0.08249616358576	0.386743945642953	288
0.032823716692238	0.477230647281513	288
-0.071244484843012	0.258901596842484	661
-0.036102688091255	0.698914377377396	353
-0.123910773337852	0.642918941607168	353
-0.00877319512877001	0.548891497714903	353
0.0286827400422161	0.571615898468436	353
-0.068683716540776	1.29098775927321	353
-0.056061046257758	0.528929205778978	353
-0.073847371302965	0.256745514816441	353
-0.112951775534906	0.154418887710246	88
-0.110610752391575	0.154930797049672	88
-0.115292260949475	0.154093905241773	88
-0.069284941556988	0.256173840799335	88
0.120712869718874	0.290330747439082	88
-0.039504268196398	0.161565700522575	88
0.124443002209963	0.292918897783287	88
0.076707873938801	0.392139043314669	93
-0.063700874280651	0.688790070957834	320
0.096112339520394	0.604333905792012	200
0.050884921206527	0.526697285239229	93
0.034023697227262	0.379616660195709	93
-0.028441873937004	0.173900761007562	93
-0.050295208808793	0.370827755211809	214
-0.061021632002023	0.257386995016694	214
-0.078027540902484	0.252091898645156	74
0.111684582492545	0.263062503493359	74
0.028561417430216	0.36775608132221	134
-0.077851589081685	0.248776966213427	288
0.053101829573714	0.492421827610156	288
-0.00835005113717902	0.357905800156136	288
0.085404463518304	0.49455775104486	288
0.027765004514137	0.36402005063123	288
0.04148525718308	0.459933177866712	288
-0.075646313177904	0.355889780535723	288
-0.00657795278803203	0.370866754938758	288
-0.121311952235098	0.458606231592239	353
-0.089923963465698	0.591047341361735	353
-0.035329533244827	0.621083485363178	353
0.068857272564964	0.376218904963681	88
0.00199053229861301	0.377376611295127	353
0.110321825919226	0.50273901586374	93
-0.095240802359956	0.525041219600955	320
-0.086912047691807	0.364578044692049	200
0.056293236854525	0.483680037110147	200
0.042274488031622	0.282388833713572	200
0.04187493988501	0.279711755469176	93
-0.114982239198046	0.157618957334399	93
-0.070802634686758	0.575436350748118	52
0.085327814887982	0.583276029677196	52
-0.02461718382956	0.266513584221076	52
0.015545403417776	1.21518441697953	15
-0.086344820498221	0.421137792180975	214
-0.024386238866804	0.59502870756519	214
0.107064022229763	0.75539425725321	134
0.030700547431085	0.615645425919515	134
-0.00372487016984702	0.377652962632444	74
-0.0885937946058	0.610101898036019	288
0.048802639942783	0.618866516619122	288
0.092831011179103	0.735736512639598	288
0.097741169495363	0.747501273996913	288
0.047174252188624	0.579719192526661	661
-0.077253000982117	0.517387751100098	353
-0.086173545717728	0.509251321685111	353
-0.068436796695808	0.529695639036123	353
-0.078722542489779	0.434597933426441	353
-0.113504315241218	0.354447397234846	353
-0.058913866282352	0.459003278312478	353
-0.104350131349113	0.511961432956319	353
0.074022056177946	0.653490919294009	88
-0.077480735727674	0.35799423949621	353
-0.115247196751046	0.446347230202576	353
0.053068623900246	0.563807929037381	353
0.070843150576595	0.620683388068234	353
0.0309465718944431	0.707304753369588	353
0.061280864561345	0.580083163931941	200
0.016647297892585	0.460218308041786	200
-0.053093387091671	0.460201986128415	200
-0.046850160377965	0.456909411038857	93
-0.02447574049337	0.541689612866138	52
-0.11088834460229	0.608308592875024	214
-0.067362024005446	0.615019472832429	214
0.014738295366526	0.764570722589821	214
0.097082474854095	0.775497849240934	214
-0.092168008720283	0.43500875847895	134
0.105111584326409	0.835798996426149	134
-0.094982400535061	0.525038808060595	134
0.014670043395612	0.708296847920042	134
-0.095463239224767	0.57747733836325	288
-0.108568569920749	0.590671635999704	288
0.061034179740857	0.867005427125665	288
-0.019395943847114	0.603874142464325	288
-0.039641655152666	0.616200917698703	288
0.0854362628163901	0.73173210357824	288
0.053162626079726	0.717341779786234	3
-0.082285421148168	0.570120167550338	288
0.067724325001316	0.868577892641871	353
-0.116329454198145	0.431390750993547	353
-0.04157101131393	0.440914064214812	88
-0.109160461723625	0.367735766587873	353
-0.028533728772578	0.535085474448955	353
0.058926211402117	0.722870039587412	353
0.049852860162892	0.647699157070992	320
0.118600426064356	0.684442239144805	200
-0.082333266110353	0.529579086961977	93
-0.024785367392512	0.616121233172907	93
-0.045178760161637	0.516894858233863	93
-0.00184308180145198	0.535723822017209	93
0.095170812927393	0.752284085089016	52
0.015998382954068	1.40738206980238	15
-0.02635005391426	0.981806437128726	15
0.0696832188283441	1.16626268884747	214
0.032882944731059	1.10635130191761	214
-0.00487382155390598	0.815568629859812	214
-0.00725052275209598	0.689861343307378	214
0.0384998656937851	0.843349196475039	214
-0.072652805974127	0.585348927445996	214
-0.119378809500731	0.448360236089401	214
0.124786142061635	0.971516258596185	214
-0.069068606993287	0.45538208491884	134
0.110784985246421	0.762263279635983	288
0.030642929382164	0.717166139937704	288
0.036848027993285	0.780381122127794	288
0.101065212853345	0.901175430450085	288
0.0607885897067541	0.782764639128106	288
-0.074798403152854	0.496920067445749	288
-0.070347642668161	0.451075102815814	288
-0.062653111368942	0.666057543921049	288
0.024173739194665	0.678026581617404	288
-0.078258934158831	0.532836726655811	288
0.095097435049846	0.789913846563495	288
0.058601208529406	0.565245927241417	353
0.089071863174796	0.898192184040983	353
-0.03844516067177	0.599592426295607	353
-0.099797931550041	0.543224457576589	353
0.018013096819641	0.703095656304027	88
0.11125156598397	0.758378101253605	88
0.084625865610917	0.704962313312859	353
0.021465178356867	0.69345005591855	353
-0.105974963001104	0.432249068548296	353
-0.051064569641004	0.526145900023816	353
-0.00905910308146701	0.684073562948312	353
0.028644692031319	0.559629286391734	320
0.103102794787578	0.741266576757751	93
-0.00600901922517499	0.524535873254245	93
0.02252262093757	0.552213445426369	93
-0.049648780230348	0.452367438903415	93
-0.070754879719405	0.50640997138321	93
0.072861709039791	0.666317751306895	72
-0.065158273204473	0.525748884977216	52
0.0494306798731981	0.64499511670622	52
-0.120275886394737	0.441447224509425	52
0.060724140526819	0.581855447301156	52
-0.04993755560255	1.01759078153699	15
-0.120130317970052	0.691405919539291	15
-0.117580257038551	0.659121902813188	15
0.029585649780594	1.06335625932855	214
-0.110224228937443	0.624598666022216	214
-0.079466872599019	0.476382506155944	134
0.044055102179196	0.851884649183834	134
-0.071797809453135	0.445384868087199	134
-0.086282662905376	0.35773171573595	134
-0.103154484884247	0.354731860392499	134
-0.112165867364064	0.592528380965754	288
0.016072480855318	0.747991929861835	288
-0.111053929754814	0.432970761580637	288
0.111150884812266	0.823135166081787	288
0.081092767133972	0.880143825246385	288
-0.116802892688324	0.47719851413229	288
0.108045875796506	0.79082975262329	288
0.00387723770524495	0.688752296219753	288
0.00865218282885605	0.673155730307084	288
-0.112672908168123	0.427614687992562	288
0.093914799015845	0.89730809295388	353
0.045680774315229	0.756592839664475	353
0.0442403115014201	0.650314072484178	353
-0.075875079573558	0.528997336414268	353
0.02695021634581	0.767680834639479	353
0.023850944235751	0.714228582131635	88
-0.072187459487285	0.452306603173366	353
0.037753043134621	0.694619030913152	353
0.054183770460992	0.4905493705529	93
-0.090852494339289	0.451192493265202	320
-0.086965159959242	0.359341667844802	93
0.030393297183977	0.629917161048086	93
0.067234547484302	0.654245321999256	93
0.060956656791892	0.568340903229435	93
-0.099428530443219	0.517408641563738	93
0.094245240804721	0.749503941779385	72
0.093115784995078	0.885746365890296	52
-0.12485512419476	0.47556125669001	52
0.080029059264255	1.14862973352892	52
0.025267427591677	0.55799302508309	52
0.072936962253776	0.666662801739381	52
-0.107184949839122	1.33116217886829	15
-0.00390338441662702	2.02973725097852	15
0.034172296546182	1.46035226658696	15
-0.104082577895381	0.861574027092735	15
-0.082513722795395	1.01948809952631	15
0.074331948702194	1.03324766443442	214
0.083466593657152	0.92683714529301	134
-0.00604861066616003	0.609464178440227	134
-0.074698780579491	0.599216098629973	134
-0.053906572387088	0.682708289825181	288
-0.07258413535638	0.564592934602007	288
0.025662849481822	0.698934406753551	288
0.00792216087418896	0.618326209290008	288
0.057490024415741	0.853134155098369	288
0.017324345203345	0.737809942152503	288
-0.031132167409272	0.519195380354673	353
-0.114995699500542	0.351655139460792	353
0.052318693682873	0.536500981226487	353
0.078893753795236	0.834101473824869	353
-0.093774085210052	0.500228771079831	353
0.0225478800928181	0.771656679273818	353
0.106142594104644	0.819506214086482	88
-0.013695416449523	0.611726900968419	353
-0.031233894299472	0.688207181762646	353
0.072955877186301	0.73374728020768	88
0.028240147959365	0.679473805443987	353
0.028574788910652	0.782455680447454	93
0.021865233160643	0.453448892655844	93
-0.091079962941645	0.429681402844609	93
0.0263325626415361	0.562091485734513	93
-0.092180405640023	0.514421619575282	93
0.063465767012262	1.00091240758559	93
-0.036004651369703	0.512888555914413	93
-0.096252845659981	0.441480544696235	72
0.059535244392686	0.811855396147984	93
0.025533866879545	0.686483789894695	93
-0.08044906615975	2.48835534993443	15
-0.112182314109985	1.95445499703866	15
0.10876747107486	1.21159609811607	15
0.077425065484853	1.03311649855807	15
-0.120352644766211	1.03797041144878	15
0.0747810012974069	0.791752662581381	214
-0.010382412465478	0.532681822644053	214
0.00483173571015705	0.804388050302024	134
-0.036054266939334	0.687198084870405	134
-0.00205531542547299	0.439825771883368	134
-0.108607301761393	0.355174572030612	134
0.039069541690149	0.711003261365658	134
-0.011282665423718	0.58874013971026	288
-0.080688347338852	0.453252246996692	288
0.104981324467794	0.747681129225282	288
-0.003262215934136	0.622586288593159	288
-0.077343162578396	0.524917677803917	288
0.056929925718603	0.603390079699253	288
-0.00817694526555501	0.536832261393184	288
0.080502795722837	0.648726320493511	288
-0.027930830114568	0.68670873051509	353
0.072880371370611	1.67230891367974	353
-0.017101370376961	0.541652947688966	353
-0.041428774029024	0.457972192057584	353
-0.093957775477988	0.41079424515692	353
-0.072561543283838	0.367316374329134	88
-0.086443431757043	0.426530249545051	88
0.08692231674203	1.17569861986085	353
0.056139941945017	0.497624048178779	353
-0.112788757995614	0.605771815034822	353
-0.038769358520254	0.466363365061959	353
0.00681385810233703	0.60060504820572	353
0.116882653658646	0.513011522262209	93
-0.028033827708782	0.588013547500797	320
0.050935805038003	1.06328145545776	320
0.066161631550268	0.567914084614061	93
0.028899859207826	0.480082896792351	72
-0.00516692124031498	0.477766575063426	72
-0.05611709807784	0.342676145722949	93
0.05319453447706	0.873758688154575	52
0.110956161289987	0.496348613082988	52
-0.110655661297436	0.345237742533285	52
-0.075399760749942	0.943622175835382	15
-0.041568393700497	1.22239858140425	214
0.110828884673415	1.34032016801153	214
0.050728190232626	0.895464962727043	214
0.030637169615808	0.854406325985018	214
0.011845351750395	0.743653958585862	214
-0.124912099643505	0.451214753574965	134
-0.091510881038181	0.532167690930375	134
-0.055640936246627	0.461752227073622	134
-0.022290426526045	0.525761266166252	134
-0.092098937320129	0.497955226664132	288
0.089149113715588	0.812950640471264	288
-0.101154395574176	0.442250433938272	353
0.061957014367389	0.567998188278127	661
0.03164746595172	0.632132363894101	661
-0.020900044934921	0.62232347812809	353
0.020265905071379	0.685893536285291	353
-0.114818610142879	0.515622811096712	353
-0.103239344383335	0.619934771989319	353
-0.088972444869813	0.429672898131531	88
-0.115734013725133	0.445688865854617	353
0.048418015516253	0.852702931047558	93
0.0366230453683361	0.606434344271573	93
0.0558898661864961	0.734300874964751	93
0.117012029616778	0.583875814005663	93
-0.081764140672531	0.496799381972769	93
0.049190660563337	0.776363052747271	93
0.01105917432095	0.902337894194988	93
0.0537345156037921	0.646229742102175	72
-0.00204961153259298	0.684609422789839	52
0.02183113992772	0.633963700994078	52
-0.096671658436887	1.31243046125267	15
-0.089400038575046	1.10830983714651	15
-0.105454832909606	1.04169562599196	15
0.0964206364571371	0.853639599858223	134
0.0277320028411781	0.703672380246048	134
0.048892400015374	0.646932945735715	134
-0.074563102387818	0.524201700405713	134
-0.013633660717935	0.538693313689256	288
0.025654238208587	1.05104947344453	288
0.045573998634857	0.697980200958578	288
0.00130046519201998	0.656422427869925	288
0.025043941874164	0.697755599413407	288
-0.002716545874484	0.602215743028176	288
-0.030309424258132	0.616346187183324	288
-0.00914057812689201	0.698608250374847	288
-0.046885859352918	0.451446407247671	288
-0.064689125410911	0.646378211286729	353
-0.100388547471948	0.443978086262111	353
0.00839183186319004	0.700575025581953	353
-0.072620453103495	0.441042888767461	93
0.114907482172761	0.693598019837476	72
0.076011944474691	0.637670169479069	72
0.105153316224768	0.803011707780182	72
0.066477659038145	0.77711561418277	93
0.071630274769255	0.726341945796918	93
-0.098814965090468	0.593855196156108	93
0.073842616507063	0.884791569606117	93
0.083568941668883	0.667848130317518	52
-0.058374360477482	0.65332730267683	52
0.083908110141851	0.663235185630745	52
-0.102128431221009	1.98745300540226	15
-0.028002241990521	1.93401167395528	15
0.058481474673112	1.16408283513566	15
-0.04850748867255	0.981033096324875	15
0.039070873492827	2.12297549535291	15
-0.00447921162280202	0.854539532417767	15
-0.119103998261228	1.1365599144	214
-0.027812124081612	1.73866934493324	214
-0.040598570315661	0.789585681416034	214
-0.013045824214989	0.806220772358524	214
0.028957925912503	0.626436252742935	214
-0.097829413515662	0.439088914075104	214
-0.038219657374034	0.614081785047479	134
0.044952183881007	0.997207538299177	134
-0.078314644758176	0.682198519154775	134
0.071676379754725	0.647265852239328	134
-0.119471850840568	0.348881432663322	134
-0.094330856638126	0.916074118346184	288
0.063624058526072	0.943248802524787	288
-0.00128854969466202	0.476859970875508	288
0.046932025170159	0.65063697343968	288
-0.03909812281239	0.611941239774851	288
-0.073008060725191	0.497299088076832	288
-0.118576419134138	0.348826808910105	288
-0.092845484291771	0.426631802574207	288
0.111611215822368	0.754980871767304	661
-0.062563531990812	0.452058682180093	661
0.022837860818526	0.54258905335339	353
-0.100431469192604	0.359017053309011	353
-0.056234814506858	1.0426964959621	353
-0.038228543455244	0.369827714723195	353
-0.026095440329655	0.948744628614033	353
0.086215718811839	0.73176894441681	72
0.078306704987907	0.71397659990823	93
-0.059005981940887	0.525181263122829	72
0.11731271510238	0.765056944505689	93
-0.048645142612514	0.445125049321389	93
-0.00227753916086498	0.369610936942411	72
-0.00378742937070098	0.457226237016859	72
-0.094498717336082	0.958085569508703	52
-0.032190662480102	1.04749536472905	52
0.059722460872779	0.64017235248687	52
0.010348608017389	1.92555084023619	15
0.0527767085124981	1.67260477208785	214
-0.043878253315248	0.83418237762209	214
-0.03350066821559	0.808266327664363	214
0.0429771908886391	0.994692060298649	214
-0.090646291807641	0.553529937235604	214
-0.081720474228983	0.537957308205455	214
0.109607359854709	0.893410174962438	214
0.088943535999984	0.813775529729787	134
0.111314818368144	0.810971597953314	134
-0.09213017990643	0.506094526826848	134
0.112355896384317	0.836849742154142	134
-0.043327346019274	0.46107464964031	134
0.028861416102231	1.03193667071695	288
-0.082125431527033	0.517650550190771	134
0.021622268940246	0.635683728885907	288
-0.096548836705884	0.522766416213079	353
-0.057126318945075	0.686041260617781	353
-0.114549721448221	0.612679539123873	353
-0.07917949529436	0.435415348492344	353
-0.039414164478804	0.530496674712117	353
0.092327095002334	0.669066221410972	72
-0.054220494170634	0.455718433325234	93
-0.012713605480638	0.464052754229242	93
0.04209397106702	0.702743710047645	93
-0.118177732099272	0.44239035291989	93
0.020780107590495	0.544203787293874	93
-0.059018664591962	0.451255164276503	72
0.084067091000428	0.654605011527469	93
-0.053093387091671	0.460201986128415	72
-0.077639024586673	0.450164102630171	72
-0.094212663492705	0.504006262573638	52
0.111663895506115	1.04812088173238	52
0.050360526782551	1.03289415306092	15
-0.108379930402657	0.908484841350494	15
-0.042079962320033	1.48180147821164	214
-0.071460867697483	0.451900654330281	214
-0.093377286587185	0.554075511484868	134
-0.018271538433146	0.665733149924429	134
-0.101731137243359	0.348469089171371	134
0.02093460936967	0.550160625563942	288
0.04543292124513	0.994563436373314	288
-0.019552118973539	1.14421543179051	288
-0.06615824052875	0.688798257173333	288
-0.088880277527673	0.360466803070182	134
-0.087390811015197	0.44280269478805	288
-0.00268014989084697	0.536384486438637	288
0.00742178951318695	0.55955178041668	288
-0.012908344880195	0.472437195847019	661
-0.100472905943221	0.368421636285808	661
0.0884872001913229	0.672555530746625	353
0.121389614166039	0.613500557721172	353
0.116814266990228	1.23891379210362	353
-0.084874745089815	0.419707643638905	353
0.00519833867906605	0.480418646110091	353
0.067777773687515	0.572338263879744	353
0.091320982609402	0.645364565763121	353
0.097753062812526	0.645391131611505	241
-0.118564292553172	0.36197833114457	72
0.020051875334243	0.560128057177909	72
-0.11964177569022	0.422286145089257	72
0.00691588205654503	0.81400151339793	52
-0.069906792268696	0.877353159644238	52
0.038480151200992	0.785985247236769	52
-0.074855100985775	0.35164057272873	52
0.075571683756133	0.386214542174266	52
0.015596063842413	0.780421407986287	214
0.106171849870872	0.589981688669558	214
0.122098727849254	0.818435918237105	214
-0.028901397524388	0.897286326387158	288
0.015618497328467	1.38879142291493	134
-0.027244311381013	0.374987942264621	134
-0.030297586464481	0.856700228788955	661
0.043110733827458	0.452344836305314	353
-0.112966937462556	0.236294973937938	353
0.032015172482121	0.822435457826614	353
-0.118048646454032	0.363210633579155	353
-0.020174926373978	0.624253915917107	93
-0.107872534763951	0.246113569946762	72
0.024636588793015	0.371022196374239	52
-0.072817836899244	0.259180171352255	52
0.039547471635189	1.00559010631444	214
-0.084709174134933	0.60285804256557	214
-0.00388468751723903	0.771327970777811	214
0.080936897070132	1.14235504030868	214
-0.080392830086841	0.797211645504206	214
-0.056483441288353	0.835609007291609	134
0.109880727270067	0.658178910946362	134
0.039287633177665	0.750251078941292	134
-0.034207090680481	0.524087562028575	134
-0.01286860946717	0.607124959147016	288
-0.075199629738545	0.448114800316149	288
0.1206233574735	0.604075190220994	661
-0.058811470820721	0.44845888661387	661
-0.068684905882757	0.45751204932536	353
0.11660280084775	0.691811860565113	353
-0.117758000069833	0.747871828330564	241
0.117439473274549	0.817245917257815	353
-0.090158816931704	0.441176340151452	241
-0.093837858963384	0.365103665398407	72
-0.018261181293763	0.590663051869417	72
-0.112397255068035	0.434760477043438	72
0.038129894993815	0.570701775124484	72
-0.062330919834873	0.668949644027673	93
-0.088472905769382	0.337663972263176	72
-0.032832941382047	0.437640501454378	72
0.00877257668537002	0.56162392899378	72
-0.041057218482686	0.459453215490783	52
-0.103147185493524	1.22419729536306	15
-0.100941854715611	0.522012695514472	214
0.048787778305609	0.888664602394275	134
-0.108261217100262	0.594605593709457	134
0.00420059804565698	0.905393491480766	134
-0.124312670001768	0.600950275179043	134
-0.088345114822244	0.579145272582241	134
-0.00768948532151897	0.751553740632253	134
0.00278249749856796	0.776491950329074	288
-0.115088739580172	0.51814881532409	288
-0.047938440995807	0.356716256843145	661
-0.050288423970706	0.447148307678706	661
0.00284850105291101	0.857383261365602	353
-0.002194608966885	0.904502455772635	353
-0.051065631653459	0.766345395201164	241
-0.063760142129375	0.60109969890963	72
-0.064993129445649	0.518871707322972	72
-0.083118120352597	0.581201517840149	72
-0.086488346716014	0.586803116522539	72
0.00986418549259405	0.945576422736404	72
-0.01218736690237	0.70497439574459	72
0.10799807061449	0.745354013529913	72
-0.121633234666464	0.523304108046271	52
0.077302274514448	0.893779565624322	52
-0.12167475610047	0.538135491538064	52
-0.09521321380082	1.02885806171101	214
0.123956943424345	1.31899998935429	134
0.058390238451821	0.921450768887747	214
-0.019422008870036	0.676492722427904	134
-0.080287697339951	0.493150345632893	134
-0.043572654585853	0.681323116784984	134
-0.103086120004104	0.537477799045877	134
-0.10037426276568	0.527105563718951	288
-0.058385390102004	0.657170977432331	288
-0.121699098350908	0.509479023384027	288
-0.1247100485753	0.522812613903971	661
-0.045510863189071	0.610029848646975	661
-0.073232503903532	0.502892091729466	661
0.024244428647991	0.788883299880024	353
-0.07238965093079	0.609867016283911	353
-0.068034772935656	0.529471692236046	72
-0.117333426480099	0.35784990691207	72
-0.067916868723688	0.533771278841247	72
-0.028408265427429	0.747381848272414	72
0.010176178840286	0.704799831571029	72
-0.10169868905827	0.512470739533922	161
-0.024051081400128	0.754293877759982	52
-0.124375741535753	0.501532329003521	52
-0.050595725981735	0.597860712590419	52
0.045159038208651	2.04737687290547	15
0.0729592804904931	2.3545777882744	15
-0.061978293680831	1.05148573175376	214
-0.10907540243361	0.60598596693627	214
-0.080958047039378	0.679801277784555	214
-0.042733592378848	0.602767276603917	134
-0.00814316548072402	0.686684108720824	134
-0.085919429235601	0.587680695630087	134
0.056953621078772	0.799267336528879	134
0.045389431100152	1.06522277250466	134
-0.025686647416953	0.775386485421393	288
-0.054326360483153	0.673211649913435	661
-0.093254983625656	0.434845433591781	661
0.109811912777674	0.978179565842532	353
-0.013472330396034	0.76448537315861	353
-0.079807228062624	0.679254197558122	353
-0.063581204714856	0.613890542055256	241
0.081072603208142	1.03029611298193	353
-0.022436808653063	0.693636599459694	353
0.033369993726529	0.957330002272059	241
0.076025861939267	0.997483640059301	241
-0.115294614813462	0.4467954532356	72
-0.035101301426344	0.740022656181677	72
0.016272683157296	0.765189867878662	72
-0.078133854722132	0.523749149503633	52
-0.122811545154692	0.526872308302343	52
-0.111741966316979	0.939859604720354	214
0.114481661801636	1.74182710082538	214
-0.049099457554049	0.512771935170081	134
-0.057302295756117	0.7339974404728	134
-0.076218952497608	0.607023031247931	288
-0.073390416471255	0.639368144180542	288
-0.119065746445209	0.521174834664541	288
0.048546623747006	0.64402931478921	661
0.093417493988075	0.801417591678913	353
-0.080614726159261	0.545626174722889	353
-0.00940670861062098	0.911651526603684	353
0.017051319387313	0.848211829876907	353
-0.089111181833458	0.612740447483774	241
0.076661977714598	0.976111277185229	353
-0.102985827139898	0.539625289644413	241
-0.00776719139717702	0.609420523938399	72
-0.116083437734577	0.451806411353263	72
-0.062266544488409	0.585054803881376	72
0.059812671576064	0.726504024005752	72
-0.072651006439199	0.52542032141158	72
-0.116378714402507	0.515113884080279	72
-0.03381180129883	0.675505948639981	72
0.096778890257866	1.02580272723441	72
0.118881192563218	1.05501202909377	72
0.00387063613304595	0.790498157537604	72
-0.103321271746282	0.480220260554153	52
0.081368637482242	1.09383095784702	288
0.079823230485688	0.967302760570327	288
0.025383552877479	0.790051588169306	661
0.059925949335914	1.08027772114284	353
-0.064878828033205	0.749144869796737	353
-0.091572307194002	0.618540766655541	353
-0.12368401535763	0.650109066465705	241
0.013765995235885	0.684067478819118	241
-0.075333148010444	0.661213931345161	241
-0.008806027129449	0.779033428627839	241
-0.102535597487529	0.493885094001223	72
-0.053040370672377	0.4554543443698	72
-0.065808389142299	0.606891767421096	72
0.00926268371685701	0.774362112635034	72
0.072655110373224	0.843912509678703	52
-0.115602017551563	0.439339317291853	52
-0.119920235221681	0.65415724829443	161
-0.05607123988895	1.02050528235551	214
-0.113390880703653	1.33998951104184	214
-0.029396993340813	1.69594792786202	214
0.072176455380662	2.07644375925856	214
-0.01421614857727	0.994474050607014	134
-0.097140950192816	0.79008346500282	134
-0.101835075620693	0.825506612971806	134
-0.065330602489799	0.599547190921734	134
0.02919311465312	0.643603890735434	134
0.091255859882636	1.09759000452955	134
-0.047760387023641	0.8085124395869	288
0.116599369981667	1.30694771122648	288
-0.078849769485695	0.693468929676973	288
-0.101332309347407	0.662903125507366	288
0.0911211004393681	0.712458813853815	661
0.00937034962926697	0.841144105361122	353
-0.118269290565207	0.820863922478114	353
-0.0722008336474	0.525112620339568	241
0.026789105313478	1.01507224434107	241
-0.020426865725337	0.883885023158006	241
-0.025563648874836	0.89769390490772	241
-0.052758271723734	0.758838046595637	241
-0.011762384155941	0.474243664764415	72
-0.00796591833216798	0.851589990264982	72
-0.090818345541305	0.730277182765815	72
-0.077912576843917	0.365023847230389	72
0.109372528495523	0.679643929381432	161
0.0849651066744031	2.09718760452527	214
-0.073653665592514	1.48176675000666	214
0.060310914825879	2.30180025987997	214
-0.086036871578148	1.01510269443377	134
-0.042821388470096	1.1246514242358	134
0.11463839917802	1.73779292029114	134
-0.118677541234069	0.51194180938438	134
-0.099743997174643	0.436722410876139	134
-0.00308523761402102	0.914278498196348	134
0.113921518957567	1.1125840545943	134
0.077988582513417	1.09720680713357	134
-0.086148320988028	0.757821180202568	288
-0.119140885517989	0.5636222415498	288
0.02608817787172	0.977344525215956	288
0.0585929590500039	1.03233185156061	288
-0.070882679502009	0.642501230089799	661
0.0527332626306251	1.06571157638466	661
-0.12007055494378	0.600081637196591	288
-0.070682155724267	0.59946518361295	353
0.123687592902456	1.49540693867974	353
-0.049395614247809	0.946160221021181	353
-0.010680622555826	1.06941180226585	353
-0.115511817988722	0.73186674617238	353
0.124342039880032	1.31287226271384	241
0.078735462590486	1.16977838036893	241
-0.086014933137684	0.590054599499099	241
-0.095076922791891	0.739064956589521	241
-0.102349525731624	0.827763765576458	241
0.088021410466967	1.03649986678932	72
-0.05976230178548	0.619852524888415	72
-0.123857792651793	0.687169856509527	93
-0.03555087180995	0.945125361938708	72
-0.089839187396476	0.36693829262602	72
0.08922128296862	0.494860073283468	161
-0.00960738016632801	0.466897690943707	161
-0.099927254479312	0.36049128078762	161
0.086892223937973	2.45782233322506	214
0.029679220140963	1.91072384683486	214
0.049673985915936	1.29488377169006	214
-0.048315311857389	1.57768655572476	214
-0.081654699017838	1.51981370606745	214
-0.069618656600908	1.46566710206848	214
-0.045391978619494	1.43991045265576	214
-0.091385488633732	1.08843463576409	134
-0.038104165590769	1.08322939025531	134
-0.040141228271894	0.454384679077057	134
-0.018889603254203	0.837526527497234	134
0.064450693828925	0.883172211902159	134
-0.028829886655734	0.829157156404432	134
-0.094084554606104	0.677065929371449	288
0.082182855559555	1.00929669475871	288
0.00977268466383796	0.94601704217553	288
0.00668347192575403	0.773498832832186	353
-0.019338396282691	0.873090007983413	353
-0.055801273386532	0.973570258416975	241
-0.112454570872876	0.693764507148205	241
0.082547654390291	1.07614053964462	241
0.049826880855124	0.937631959863783	72
-0.068140182777217	0.373136347498907	72
0.0814157315012199	1.02623202518799	72
-0.04088959204347	2.41081345922356	214
-0.11236178109599	1.61045871944471	214
-0.105657284044375	1.2298617367981	214
-0.089837972560712	0.99102810111633	134
0.015440013812283	0.854969583870013	134
-0.12106354003218	0.429236754196471	134
0.029407870329036	0.795361059766377	134
0.064250582183625	1.00624043556013	134
-0.115245087736561	0.519276362816175	134
-0.12418972275799	0.765914603977559	134
0.094653177222276	1.09282369330543	134
-0.035746692205722	0.680682910118054	134
0.00375880279417795	0.791227522024888	288
0.0852934943810481	1.03823681903768	288
0.079761773854322	0.812721998717457	288
0.09279796439122	0.950009563958001	134
-0.115208413767357	0.499987088622464	72
0.095117446563878	0.783052182004139	72
0.077386409229711	2.4313149380515	214
-0.061868869095428	1.61291581547515	214
-0.107185400769346	1.49789668692397	214
-0.085232306579655	1.57947823671299	214
0.066373639139121	1.57313685339951	134
-0.088635963084427	0.72018211680778	134
-0.00780891057400901	0.701279891572237	134
-0.084649743471414	0.79073759004454	134
-0.092441890385452	0.761300114071271	134
-0.117325605369361	0.613764479316899	134
-0.084625354198875	0.692604090851573	661
-0.118799264909025	0.655837031544813	288
0.113511846445681	0.507870187313713	134
-0.101458018700022	0.356021576291629	353
0.025453444109966	0.898728800027831	134
-0.1129824582632	0.649667262516774	353
-0.084923451872057	0.731868811259652	353
-0.071052716890166	0.863779189442649	353
-0.024560002585618	0.967703132455576	353
-0.066390527676718	0.808119876320877	241
-0.082386919072941	0.600803029538094	241
-0.029123897891607	0.449295846311153	72
0.124475152740132	0.599352757978667	72
-0.103239493313465	0.731803673248776	161
0.113032451188593	0.687073137597402	161
-0.00882959393292099	0.835201961266012	161
-0.056662041860524	0.742511573317346	134
-0.023663488011518	0.882407359783788	288
0.104779126455394	0.490421811214674	134
0.100238395453467	0.648699260098731	353
0.054541159166653	0.929546591540115	134
-0.00262033931494499	0.844393358675189	241
0.00789306920830701	0.930092554788118	241
-0.093678066883871	0.654827804591937	161
-0.084286042140164	1.61739035358114	214
-0.057989874100395	0.805336641138329	134
-0.01200218103756	0.763377077619277	134
-0.06990408082537	0.65998238030006	661
-0.074680461028259	0.718530994048549	288
-0.116504421453286	0.59142071233483	288
-0.123503210153492	0.517024108582731	241
0.057552664953088	0.861396392007787	72
-0.022242248002465	0.543376830346963	72
-0.040769870490054	0.686398230494235	72
0.0369384697222031	1.03920639349557	72
-0.120652430780237	0.64120823276205	72
-0.052719377833325	0.797807202602667	72
0.016786453578179	0.911600812675841	161
-0.02634435331207	0.837779171913333	134
-0.042440487181351	0.667192984044624	134
-0.082256507847738	0.583999806074162	134
-0.041030627676417	0.752868731454154	134
-0.092979400794558	0.599840515703773	288
0.000730658060425049	0.868108348750217	661
-0.108750357699184	0.573857170114951	353
0.065227851056071	1.0519191670812	241
-0.089764931220579	0.57933647671546	241
-0.096905774545713	0.615444839280913	241
0.026409202979602	0.636575177105524	72
0.104921483179475	0.882927079493338	72
-0.044789383285044	0.653167549084537	72
-0.05525064128905	0.653525697424971	72
0.00467317966556002	0.769965674331786	161
-0.068900391489111	0.506421386225502	161
0.12000889592644	1.02468563056141	161
-0.116192557590028	0.536629625102318	161
-0.027261144246845	0.717637116565748	161
-0.038221102967311	0.638970781197765	161
0.012599372640529	2.09509863297443	214
0.03518603871816	0.938433859883187	134
-0.086162321684407	0.508705433377504	134
0.013150324783472	0.715553083709711	134
-0.082749425371051	0.503736358241927	134
-0.03804141542271	0.533447392656536	661
0.00680077466175699	0.551918798049212	661
0.006208124324527	0.4713137472931	134
0.034815198391544	0.784769801514227	353
-0.061668586809954	0.958152266382084	241
0.100249904598944	0.801229613361881	241
-0.111624187908793	0.517889024525623	241
-0.000680576262392985	0.682501118357243	241
-0.048767260469736	0.458624410416661	72
-0.120995143950406	0.487152273024863	72
-0.115022267167966	0.513809517245555	72
-0.074222904951241	0.449341824995765	72
-0.036214630026832	0.962055500316191	161
-0.022138346750714	0.52954741157358	161
-0.111325861618748	0.350139184989821	161
-0.02117739979328	1.00523961405572	161
0.00768974115238497	0.849577946009657	72
-0.07305821849519	1.12551049124145	214
-0.018984200335067	0.749399287950904	134
0.040879438174785	0.632896040834864	134
0.089495504516888	0.963006935992954	134
0.025236597342755	0.609816448604758	134
-0.06066740853081	0.525417990466194	661
-0.097076053309441	0.440847807725515	661
0.047918208365663	0.563169050104289	241
0.086740147005676	0.807946777953461	241
0.084227483818818	0.664845885551645	72
0.100607098697114	0.807899179602715	72
-0.107067144943842	0.36386668002064	72
0.120150800312012	0.601766291537825	72
0.033868167935359	0.638778496478033	161
-0.022785733299229	0.458512542805916	72
-0.121330248278672	0.516574726156831	161
0.068810705837556	0.787527981938799	134
0.024640390738119	0.629155748334351	134
-0.10834802765672	0.422269185762303	661
-0.000977319723869996	0.762974220418947	353
-0.052129222067183	0.808469458433785	353
-0.124399880834284	0.35342167626145	241
0.05899678466801	0.787262621669079	241
0.062676638797821	0.737397742126593	241
-0.099454712819671	0.361390844784584	72
-0.000661285549719004	1.35260109201866	72
-0.082158161456103	1.00902145847794	72
-0.057091930223124	0.590992634145759	72
0.0367056254411841	0.685142479764932	72
-0.057963949587735	0.459966868826518	72
0.000365054833257994	0.661003360562786	72
-0.020393868095938	0.454543997228162	161
0.067039128735721	0.579742403690176	161
0.121621002294762	0.681534364190371	134
-0.104448071089867	0.360481458055134	134
-0.038985504565116	0.449968008310549	134
0.023950594045543	0.566018070862415	134
-0.102585098872284	0.370106055651541	241
-0.028044305350308	0.470915504264149	241
-0.068708668568121	0.366886445705434	241
0.092126632693481	0.580572225158206	72
-0.014425767659849	0.640492287547445	72
-0.094071649583193	1.31746463324693	72
0.062823507387449	0.473813580248874	161
-0.0000294594677249793	1.09005338205537	134
0.058607666051733	1.23113007855271	661
-0.053435902091065	0.788650173321124	134
-0.035779626605971	0.944856651303762	353
-0.027747790773305	0.885490165497046	353
0.059396050004623	1.18941824924891	353
0.102611146740078	1.39278636544196	353
-0.00380213934705398	1.03179562971419	353
0.051624611057862	1.13131293907036	241
-0.077582016116784	0.673415794913411	72
-0.032183849090601	0.965141506420725	72
0.051475998267399	1.32368392944501	161
-0.089956087962245	0.890466495456755	72
-0.001917706686765	0.700656107512028	353
-0.106405552340597	0.480477550303151	353
-0.019772100840412	1.2729844064256	241
-0.058917862405737	1.03267030911434	241
-0.034854086068952	1.18630853996722	241
-0.120218694258619	0.665794994595318	241
-0.052019049330164	0.903106360313673	241
-0.056821368288779	1.08725458215046	241
-0.013869697737722	1.04725750631634	72
-0.061132646611667	0.833095544601707	72
0.0789858140148571	1.08484575377562	161
0.032016150924239	0.801142598592964	72
-0.099492593994996	1.02934760571402	134
-0.013654695354802	1.17546408686998	661
-0.072437891087009	0.876988919502625	134
-0.068472821352351	0.36584652259369	353
0.0978835993271781	1.24952842159524	353
-0.07418331844781	0.746786563376087	353
-0.116315477678849	0.480108311805125	241
-0.115645572022033	0.939279592126223	241
-0.054635900838524	1.03021493362243	72
0.036747948010565	1.66159969784669	134
-0.011596756766464	1.2511539427779	134
-0.124302434153956	0.365445369038836	353
-0.046941608162294	0.661089614826155	353
-0.04845937482134	0.813933676629346	353
-0.047444719286916	1.1359946031794	241
-0.042868769160523	1.28025705706687	241
-0.037046153136753	1.09146263466358	72
-0.05892822593524	1.13897808197653	241
-0.124508618356743	0.766706691057241	72
0.00835698958952502	0.794220234634249	72
-0.117074677569283	0.585348902168428	72
-0.092273724261222	0.847346114626555	72
-0.030954209155101	1.22713166205195	72
-0.035963752596636	0.681947890526531	72
0.0669772413888921	1.72746564876529	72
0.117995285156588	1.24560275753852	82
0.023761564344882	0.866494327013022	134
-0.117683226275715	0.973248864106429	134
-0.047988208841308	1.10726904402449	134
-0.049868052618649	1.14736546502085	134
-0.049098623353	1.08876356811368	134
0.093354169012751	0.867189129688576	353
0.081320386184346	1.12394653521295	353
0.040402753798685	0.711539771107075	353
-0.088745251566991	0.972121306784816	241
0.00398960850149499	0.542288349450163	72
-0.119881851304001	0.495978367609807	72
-0.063934931184088	1.03618151809609	72
-0.089259150553242	0.597206101676159	72
-0.084122513327957	0.605912442714919	72
-0.014967526980901	1.112388798268	82
-0.07134201996614	1.02442258203281	134
-0.091816124335878	0.953020853737692	134
-0.061887348796204	0.587108142061126	353
0.109054826723271	1.17005020798486	353
-0.00363707823273601	1.45926209212521	353
-0.101144452193828	0.673483465142898	241
-0.059326118626536	1.05277098090909	241
-0.091294971573226	0.88902676278167	241
-0.123280755397621	0.738833556118467	72
0.00447520951610303	0.944656641025784	72
-0.109311746989074	0.508764102101484	72
-0.066112040861469	1.17561393773214	134
0.011372516318563	1.39726814880954	134
-0.105876767620561	1.03204762366445	134
-0.099648241037336	0.902154315750183	134
-0.059791007747568	1.10202945472035	134
0.022896792361854	0.785368485952236	353
0.115296008813134	1.65286232216673	353
-0.096224886353714	0.949678073929936	353
-0.012365869629231	1.25745481184585	241
-0.018836135206981	0.895593654133401	241
-0.112792120681892	0.801717199038476	241
-0.040893192942442	0.684266517582202	72
-0.074323136697296	1.12023492641692	72
-0.056989188494453	1.06922308916312	72
0.00412377869235903	1.27519533066691	72
-0.056307218688075	1.02770722544872	134
-0.014906573475766	1.25417262247699	134
-0.106858888550701	0.841942572117745	134
0.066720031116419	1.12464962716236	353
-0.106126791775054	0.887776591833583	241
-0.092746478896524	0.676749830218152	72
-0.113126563585089	0.967382432574571	241
-0.017656988729015	1.14479584178322	241
-0.095106226738153	0.918386073530658	241
0.00748290475804603	0.856911572922348	72
-0.124360943135285	0.78384159386579	72
-0.038771591448609	1.08247811302342	161
-0.014424747727337	1.20813506287141	72
-0.018174103112266	0.770265876965547	72
-0.09681408162352	0.779671036287837	72
-0.006012281433323	1.16277652122421	72
-0.123776674945761	0.842811053650926	134
-0.099174090584584	0.954092815669354	134
-0.116710867171048	0.911307548970948	134
-0.013560080719645	0.612381313235807	353
-0.053931227480111	0.600074512871147	353
-0.067467941073165	0.688226656514565	353
-0.00988002263905702	1.38796271299003	241
-0.050853570009526	0.742586552199187	72
0.000976367674765055	0.795774995632689	72
-0.082937087245885	1.05725989751584	241
-0.087789769559349	0.610637679768264	72
0.017069490361988	0.992046573810894	72
-0.040162460218002	0.982868288884866	72
0.060133339173973	1.68421247824005	72
-0.029919088784691	1.16290128056903	72
-0.023242312641955	1.15224087949106	72
0.089647408601835	1.95428491112624	72
-0.096599432131234	1.07990477348196	72
0.022472756993081	0.566696089465988	72
-0.06037652526851	0.983193536299584	72
-0.031838427347906	1.2281872411081	134
-0.089034181764645	0.926682169102017	134
-0.024618387625248	1.16414629645527	134
-0.104360783994903	0.66781228063512	353
0.024579520861241	1.17506473382766	353
-0.032594607131767	1.10398560021396	72
-0.086401621027255	0.864941250597058	72
-0.070315187910033	0.610959457693007	72
0.0473204355992331	1.57435489998195	241
-0.057561694282626	1.08261857586144	241
-0.093097702310537	1.01376251417334	72
-0.114855318615277	0.447014549657155	72
-0.019124399846488	1.17299503711569	72
-0.080214100274362	1.0394602116883	134
0.049828684678719	1.46154777533961	134
-0.05768773364735	0.989291026348663	134
0.06270457149569	1.44691478603712	134
0.031555336056212	0.706688332079664	353
-0.122831521098181	0.661838630610819	353
-0.110930808844431	0.784440614495868	241
0.030323174472718	1.4055575796421	241
-0.12008780569497	0.767790880748177	241
0.033785055230718	1.44280694416173	241
0.019647838896225	0.630577631732347	72
0.047367351901604	1.37510180756599	72
0.069349875718153	1.52427989723118	72
-0.060104001845467	0.939149098939094	72
-0.023623466540194	1.08793415002606	72
-0.019356330083487	0.971214335831147	72
-0.019459006016938	0.713220966153077	72
-0.071440933413218	0.621114911146853	72
-0.075594634213744	1.06995034935482	134
-0.103839005715695	0.962221921195327	134
-0.092263101154173	0.939285503811404	134
0.05840469988064	1.39336766835246	134
0.044708200913386	0.846160191642525	353
-0.013999767984229	0.746454394459159	353
0.000166750170663033	0.851161030617837	353
-0.111337925426406	0.900182804502908	241
-0.117357794292537	0.844705017852191	241
0.041880517207098	1.24985520141829	72
0.102119008232973	0.980900928700473	72
-0.021351476528474	1.22411810520705	72
-0.056422485885931	0.599151230805423	72
-0.106399339202782	0.881583973304542	72
-0.012299716488634	0.945220882646796	161
-0.00351489821295797	0.521622897554033	72
-0.118854904778868	0.773491604669608	72
-0.098670842056327	0.825453944722275	134
-0.034559583270673	1.06105783066137	134
0.076417868070677	0.807844336737503	353
-0.119002715654747	0.681900078837321	353
-0.094893389295711	1.01095725297187	241
0.097010242915473	1.32329465306374	72
-0.118831578596548	0.863829846689772	72
-0.093380483675956	0.947011554186324	241
-0.021948136295859	1.16855191983004	241
-0.00512658101869801	0.860851985540012	72
-0.022138496665859	0.776206090205647	72
-0.110666697975726	0.511275085331768	72
-0.039838191295404	0.923073972801071	72
-0.066879243253904	1.00963413228964	72
-0.047608352640922	1.10341292692324	72
0.097702273563635	1.05482678406811	72
0.092176969711261	1.36933885215165	72
-0.01018879100078	1.50839799322658	134
0.108962907446541	1.56893432767753	134
-0.000337294623832973	0.905560742651941	353
-0.068546730111158	0.988518376035475	353
-0.116599569333623	0.751848396644688	353
-0.081012460422841	0.927370597632417	353
-0.00130835058728601	1.20444387945224	241
0.089509117859726	1.52012407875112	72
-0.104957900305599	0.915830278085502	72
-0.057400407286814	0.885698363810806	72
0.041833195819479	1.18968422755304	72
0.026739896781834	1.19074722900083	72
-0.117963901773101	0.906271066701142	72
-0.00135711989995202	1.01004356632873	241
-0.123550109312021	0.854671308275982	72
0.00181258907372495	1.2127645246192	72
-0.048290935689376	0.674183808475239	72
-0.084332514440525	0.532958916377482	72
-0.112287718822693	1.74605659812655	82
-0.1177957436018	0.67356741244851	134
-0.043666165054483	1.01493376299021	134
0.118048485422031	0.910369446420372	353
0.093215750420611	1.27760086718394	353
-0.103789294252481	0.883583271093869	353
-0.101640772256849	0.87788565549344	241
-0.120243616269406	0.835615358338851	241
-0.084908564731182	0.867048631715959	72
0.024185574925186	1.40134135256547	72
0.029971994202974	1.28018625039997	72
-0.00107948347034198	0.58646549004191	72
-0.09657297575618	0.756282881785122	72
-0.065489771584547	0.942093463016624	72
-0.021543293773377	1.16306119572106	72
0.0789483232831461	0.958941325708517	72
-0.038936746163116	1.05625651879617	134
0.016547964380477	1.12253448608226	134
-0.083693756638901	0.86321687200316	134
-0.02850489475024	0.919053995275211	134
-0.022732561074562	0.995291658132111	134
-0.090030814537008	0.729302971188416	353
-0.00668261621810701	1.09048700302567	353
0.017350277452176	1.04371079439544	353
0.0157117787179381	1.03819335727422	72
0.082623834919318	1.44304659636686	72
-0.082614958413575	0.771196987447585	72
0.048607782201485	1.11881594039444	72
0.040247217630975	1.37732061666107	72
0.105204403198201	1.53210356607142	72
0.123637646289105	1.6339928469232	72
0.022734783722381	1.37524703412659	72
-0.051356334862362	0.858266308779349	72
0.105406907946941	1.2632705252139	72
0.00999173659294095	0.990356507417692	72
0.101279791594146	1.58027885284196	72
-0.066159405081256	0.843333120933444	72
-0.061565158070854	0.863701341897283	72
-0.0339316675329	0.811493034843595	72
-0.096453852217831	0.857643677577579	72
-0.077145463645296	1.71569249395747	82
-0.08356372525169	0.960888551239922	82
-0.019091997045631	1.0601755654831	134
-0.120403416236254	0.67758274339533	134
0.101713446301166	1.24499502604716	134
-0.065520344338653	0.754197112406271	134
-0.108648195152647	0.603020811840596	134
-0.073172080993348	0.764697575768854	134
-0.045858742615689	0.699751046917417	134
-0.102509124616556	0.612348146078878	353
-0.063998698204682	0.757116789694503	353
0.03368264736296	0.918091943495842	353
-0.098497566998281	0.892429467818067	241
0.123296531458499	1.26382791332458	72
-0.087849887219561	0.894911154093217	72
0.087327809264485	0.9731383469194	72
-0.117339601125018	0.693428784973061	72
0.086220548482148	1.29528224642886	72
-0.01007620409733	0.917966464211172	72
0.057997115775548	1.06768391018549	241
-0.098870713951508	0.74527536549997	72
-0.087677586897487	0.74896728364249	72
-0.058907279126764	0.755476028542961	72
0.095062986439714	0.950765114174541	72
0.083356099655293	1.02445376264913	72
-0.079613266729417	0.655983501019369	72
0.033247865772708	0.99639089953472	134
0.00185360926223299	0.774735455094709	134
-0.035806677038452	1.10958975154384	353
-0.08252843577513	1.01596514601321	353
-0.035065669767762	0.779588097888171	353
0.049760775226621	0.777398098915428	241
0.119003454266817	1.09816973407121	72
-0.089140160911904	0.583410764929908	72
-0.012433345115511	1.17705181852287	72
-0.095585068193453	0.608810179954087	72
0.010219066819305	1.19834179003442	72
-0.010120831193513	1.01814794524273	72
0.00608451767906804	0.857806825645994	241
-0.09505448115605	0.656303112637184	72
-0.122828718330432	0.539014836857794	72
-0.111176064708017	0.525529996107141	72
0.0893499397268101	0.882133277106804	72
-0.022904727391651	0.803495911088831	72
-0.04070037282455	0.690379559827456	72
-0.055080985210418	0.763400032423343	134
-0.076858810023949	0.563252023023673	134
0.060285610201559	1.05694572951817	134
-0.121702856519013	0.53507778794455	134
-0.097877368688248	0.649162580061409	134
0.043306014388423	0.918638134582095	134
-0.041128415258823	0.671968932607313	134
-0.080071296131642	0.630627122991295	134
-0.108195953096024	0.511595571541574	134
0.112614031270314	0.830359307501977	134
-0.058394831651147	1.29460667254856	353
-0.019365747950964	0.700930617732216	353
-0.111684353178662	0.518831821878412	353
-0.050602062589835	0.589514665830164	353
-0.050029016941876	0.672995143540117	241
-0.029032584791737	0.684395870409942	241
0.035290502676558	0.694384947755304	72
-0.053340156189297	0.617724416679696	72
-0.104058326011652	0.660833254825043	72
-0.108613640182819	0.537251795533184	72
0.000667362175247988	0.860977498860345	72
-0.117796507949901	0.512060581592766	241
0.00752299574799697	0.727328788950885	72
-0.00884526645902001	1.22086809357808	241
-0.048333293278053	0.667683017182533	72
0.05570045001837	0.884080730252024	72
-0.038076231547999	0.666333368206243	72
0.047480000403288	0.92821553251608	72
0.040901740141114	1.06678786768158	72
0.068911507630485	1.02578781942496	72
0.00390189974753297	1.05307983216134	72
-0.11672323835188	0.509031939520074	72
0.056145545181852	1.3039784246371	82
-0.116721615338125	0.599386003537122	134
0.094687626094767	1.34907560712516	134
-0.040687636158175	0.76159182684339	134
-0.124847265404996	0.585770316157473	134
0.00594010777175102	0.738589902879276	134
-0.024453149651423	0.816422076462928	134
-0.00648521469976798	0.764143582317444	134
-0.077555116446511	0.610053623423196	134
0.093561267594424	0.966605498534258	134
0.00359620390550197	0.865486971749347	353
-0.058202843460002	0.607145926217321	353
-0.074910735821062	0.685499753713991	353
0.074570697920581	0.94571483122756	353
0.00016532042930395	1.23696033153621	353
-0.076469909195263	0.901678285027725	72
-0.104776028041308	0.497772757917323	72
-0.088070084696468	0.738905066682157	72
0.118137663649196	1.56631541363974	72
-0.078771640799954	0.574895590112907	72
0.053302795706996	0.999138349448659	72
0.0507978445183001	0.795734087604647	72
-0.051936472478905	0.806701362308476	72
0.109529390310466	1.12124167589416	72
-0.023168531745366	0.807053120115042	241
0.033110388787616	0.849592496980605	241
-0.031758016593189	0.533828399697072	72
0.104018327148664	0.980462777153061	72
0.0171397798920711	0.923455289110868	241
-0.076516458443919	0.633560248114229	72
-0.066246908311193	0.595229629520268	72
-0.049901042172107	0.610464862322109	72
0.013316784732586	0.851061046399698	72
-0.093374478623094	0.621307584942965	72
0.0000898975176619743	1.13224137111283	72
-0.084504253251301	0.519271481956041	72
-0.029182645406462	0.572687884409934	161
0.035373440906638	1.00424938298995	72
-0.053648654517307	0.621096288783873	72
0.00655462158128695	2.38709785567478	82
0.092036984529375	0.982722407306982	134
0.090416292963631	0.740603650064465	134
-0.090850477768271	0.516905988589816	134
0.11213671238126	0.802346517744017	134
-0.035579318710524	0.614504091759846	353
0.108897708553771	0.746956859594566	353
-0.102374093892304	0.700147882376265	353
-0.078921176084305	0.498283594794792	353
0.11579928608309	0.686200159626113	353
0.046243619770459	0.644337001098123	72
0.102329631514847	1.44685031551174	72
-0.077014672992397	0.57963637396333	72
-0.103107020309985	0.514757120029065	72
0.08900165595772	0.673654436357453	72
-0.114416955288126	0.434573041826915	72
0.07489126805012	0.729056148475494	72
0.0351590411878771	0.562059143264337	72
-0.043559911382909	0.614306908137714	72
0.079857812865317	0.817031768010425	72
-0.001868366698972	0.735984221848598	241
0.042978403433525	0.803686895031856	241
0.022220495537405	0.669567258545135	241
0.033287541061618	0.763180281576458	72
-0.116083369454658	0.435702841939899	72
-0.042184897880615	0.464013740214885	72
-0.023885002063626	0.443280004933085	72
-0.020524870485237	0.541631781041592	72
-0.013786649703141	0.542580593679154	161
-0.089422676810414	0.706979513096815	72
-0.071512065297073	0.361414830839662	72
-0.093403021312999	0.968295627495615	82
0.036374067113681	1.15034422974239	134
0.05214875971836	1.07706760813433	134
0.039549722802248	1.094218961776	134
-0.078737005014323	0.868095164231768	134
-0.062083782831362	0.756045971354403	134
-0.069648277818418	0.81150660370369	134
-0.044086722136035	0.75110884781212	134
-0.000339486889935015	0.75615781806111	134
-0.090800068678023	0.604799034020591	134
-0.108180383878798	0.590831790012773	134
-0.00591535806627902	1.05222194459324	353
-0.11086315121376	0.908090718232007	353
-0.061648514509069	0.658742912893575	353
0.014168755221168	0.910987901439867	72
-0.124424466193863	0.556971748874201	72
0.045566723856767	1.02614582241166	241
-0.066084158183559	0.592646199943467	241
0.123483136524057	0.916465183188723	72
-0.093011135497717	0.725824095930949	72
0.048913675131651	0.909101217819762	72
0.058542770696433	0.927041034965885	72
-0.05984342174034	0.643970566436702	72
-0.071085825928381	0.70951207294265	72
0.013455662599884	1.09686598751592	72
-0.122369543355772	0.517499499929752	161
0.091313813102292	0.943221333837826	72
-0.016008389739248	0.946172473755981	134
-0.049688952296915	0.784305269453519	134
-0.052155631351235	0.797443070020252	134
-0.015962547574484	0.759058095998929	134
-0.088318804170467	0.443224489437156	353
0.030854061064305	0.845632190892803	353
-0.086117359448555	0.571229468094152	353
-0.038169347542335	0.650027772208881	353
0.024598168496009	0.741694430922649	353
0.00446954800414301	0.852246950697175	353
-0.023005730702656	0.734141375255807	241
0.123019681088849	1.36913710379395	72
-0.00379345898393901	0.971220479230461	72
0.0506461239859271	1.06783070886395	72
-0.045743356867873	0.659270391529708	72
0.0270041425786151	0.839881167319014	72
0.01016550293318	0.816016806499274	72
-0.02504511294456	0.771126776303297	241
0.052997257796819	0.974356176901716	72
-0.108222922492775	0.642410767415642	72
-0.063019136272354	0.670750516902081	72
0.081208913834752	1.03813043826085	72
-0.092173994093022	0.650189966743498	72
-0.035567744514514	0.919946808939125	134
0.045699267094737	0.946390370946326	134
-0.041538481093191	0.436417063760902	353
-0.070022333894951	0.450135575706827	353
-0.090093934912335	0.438938571784972	353
0.110790000214246	1.00086737580035	353
0.103554026188876	1.04843988151789	353
0.049017677796943	1.17437577908235	353
0.07196450654243	1.09935033409976	72
-0.078685867001638	0.748987978036976	72
-0.07677417858357	0.598409580802178	72
-0.123652266555611	0.591916006423156	72
0.10373455332078	1.16600710648632	72
-0.018595906015421	0.680585707764035	72
0.09990695047446	1.18296323967933	241
-0.00391773996371397	0.964563256512898	72
-0.078794089659393	0.711671500307868	72
-0.072362783746337	0.787092240884026	72
0.068052830287979	1.20202720215932	72
-0.0439695388978	0.688073533731803	72
0.023885883258245	0.792711084496229	72
-0.010531984252344	0.966520205190979	72
-0.014290703832533	1.21609021384566	134
0.060245114660278	1.37257883197932	134
-0.09815668184129	0.606023368374975	353
0.073787528079695	1.21832640139624	353
-0.105211347468413	0.663147050654335	353
0.02833600975961	1.19761456198215	72
0.11484431203342	1.31148496838307	72
-0.03597515841825	0.815615792642745	72
-0.056800965835985	0.882323189910064	241
-0.070610916532138	0.759076408912262	72
0.00906798642208395	0.694608085285996	241
0.00888971271287098	0.611551473479859	241
0.113164239275504	1.50824060048175	241
-0.096044391291066	0.825041705412025	241
-0.029475340802745	0.598886567912037	72
-0.032794588844295	0.698633464303136	72
-0.09683734841353	0.764275212666186	72
-0.097396881324037	0.791849188956978	134
0.00430547065931797	0.706278153883415	353
-0.015939204795812	0.768064694071734	353
0.057795357944146	0.71454169148124	353
-0.023154257883427	0.872652402477172	353
0.108104666444446	1.30729053437679	353
-0.087792661928317	0.469460603977392	353
-0.078752779818959	0.960473307449285	353
-0.063018511199957	0.920956878675783	353
-0.115892476240135	0.79874838639478	72
-0.017144788065806	0.815807805913233	72
-0.009948522268589	0.664955672934477	72
-0.007877266680546	1.06102695459471	241
-0.109212022764355	0.840911433371969	72
-0.116402491227022	0.929772895989301	72
-0.0454004695017	0.835305782299118	72
-0.112109452573182	0.82359574376545	72
-0.117838216228925	0.885012945790608	134
-0.106331982241666	0.802910759169213	134
0.01163844775167	0.792028502282116	353
0.051061010863949	1.03812993508083	353
-0.059004419423496	0.521483666789876	353
0.03938380720364	1.29814002231969	72
-0.117889755555919	0.764590424494518	72
0.033355340159625	1.08959058534315	72
-0.107831838329843	0.701126194634663	72
-0.051403892965061	0.914865356028207	72
-0.112203387974441	0.763749105027283	72
-0.049908224340803	0.914628126248134	72
0.107729343699097	1.17235706598842	72
-0.059285630946415	0.785991558412511	72
-0.045454621807344	0.766745087986616	72
-0.099877835508514	0.583057503956185	72
-0.053136378934977	0.555891855342817	72
-0.073735683254286	0.805693775916949	241
0.00646120185952304	1.17290211606358	72
-0.050702550421392	0.891050949904511	72
0.119311647244774	0.903640974534593	72
-0.108953793999014	0.704554565436396	72
0.077067459825709	1.42026566030218	72
0.074370946769887	1.34074994486015	72
-0.118080717055399	0.83997449600112	134
-0.026035273276072	1.20603150646665	134
-0.104125672987335	0.870457798962646	134
0.040054093836508	0.643938506652848	353
0.04369516090235	1.14110865103494	353
-0.104917181244603	0.79391094237576	72
-0.008405656311963	1.22248711727147	72
0.087253053673354	1.5179584427405	72
0.075080374350588	1.53409855800028	72
-0.08360337096752	0.771885325675579	72
0.015123529649119	1.17882988618348	72
0.096712731533559	1.0222090274786	72
-0.008550707186675	0.846867616350169	241
-0.00762798747310201	1.1714188459757	72
-0.037031262563094	1.04391716233085	72
-0.120609530785632	0.830965070349216	72
-0.100129185551388	0.878252681519804	72
-0.056508863702002	0.926369098037788	72
0.073703950355243	0.967656190875558	72
-0.105364182070024	0.801648531168232	134
-0.047976492471692	0.996234880389804	134
0.02495778704538	0.600556536510911	353
0.040632513754332	0.647864579731921	353
0.046270079800674	0.789972732884691	353
-0.028449999058755	0.778572387280002	353
-0.11107515338846	0.654257642316104	353
-0.071575579425468	0.927073463471779	353
-0.046799785431514	0.979830918144694	353
-0.051566375579091	1.01404409273204	353
-0.092693608386749	0.855347733097344	353
-0.112173046367756	0.799156314333275	353
0.045794219656357	1.26953539106518	72
0.027450342919272	1.06356304646453	72
-0.112802968022691	0.680125964360726	241
0.041224560649495	1.30772689838039	72
-0.054380474905284	0.998070429562125	72
-0.064097147407262	0.887168126474881	72
-0.032925187806343	1.04769486326994	72
-0.083393845687008	0.513234778355516	72
-0.027761157191215	1.06101124590854	72
-0.0527164064416	1.05676201775859	134
-0.050320074326116	0.976665120983191	134
-0.024784448474294	1.04764833499965	134
-0.114211154612202	0.785268415287666	134
0.008344472497545	0.481014067487712	353
0.034429776263266	0.790197716892135	353
0.00176083892345902	1.03821666823116	353
-0.00521740041657198	1.12429078965768	353
0.06712809066729	1.23976083511192	353
0.00226418731953504	1.05779707076931	72
0.110931301086949	1.43259659615342	72
0.010895810714492	1.1741287039499	72
0.00867917390847395	0.744188801923767	72
-0.020744016545519	0.953966662628353	72
-0.074702871220408	0.839865216352549	72
-0.104422810969416	0.682342980110577	72
0.014517194560479	1.15777346528197	72
0.020009893280562	1.26977569134966	72
-0.047041289855923	1.01350197736568	72
-0.030641144228814	0.968618158463368	72
-0.098228749183617	0.524887684035975	72
-0.068830841839046	0.368260625526222	72
-0.112200322816941	0.699531990168193	72
-0.064345471343013	0.963331827806408	72
0.032718709152616	1.35494608024529	134
0.073855205324614	1.65366468110916	134
-0.064853473126216	0.980966533324464	134
-0.067331124156084	0.74298200524502	353
-0.111940894684254	0.722617933151398	353
-0.036134286087196	0.612242355069777	353
-0.042544970935347	1.04759849877784	353
-0.094955938174338	0.914915521832501	353
0.066603273010956	1.43042928541719	72
-0.11143076517639	0.523898515990966	72
-0.070548052255183	0.769758661567742	72
-0.118711136474809	0.841211184070231	72
0.038593457448304	1.41838174889516	72
-0.012982810103976	1.0342121163305	72
-0.05423419326074	0.946479493491695	23
-0.124647451943925	0.792320803252378	134
0.035927871202184	1.11601323571743	72
0.04468763943501	0.61795951493581	353
-0.106633339279741	0.446677668737573	353
-0.087167696108648	0.625122521464663	353
0.035192848952576	1.17708476780222	353
0.00459387528102695	1.0242401038938	72
-0.031673946172417	0.927057364895188	72
0.00435214888855395	1.22879024728487	72
0.062434275661325	1.44054917582014	72
-0.040163505948829	1.04494659897067	72
-0.089017081898022	0.774363859518702	72
-0.121434226350292	0.337236565769388	72
0.070229439336144	0.58769401142085	72
-0.053048593798208	0.63627831422052	72
-0.00178681643127598	1.02436196454747	72
-0.062722960784499	0.780383070363594	72
-0.019075458058889	1.04684464513903	72
-0.069905847264043	0.926095790298042	72
-0.073599951748895	0.867106916335014	72
-0.010283193238109	0.982849250958473	72
0.026174549078704	0.846716054192053	72
-0.05492148279737	0.805422926818167	72
-0.072553383805463	2.4663110224975	134
-0.079577216050882	0.438516416031232	353
0.024696692148874	0.963171679965219	353
-0.031568968852044	0.855297989658099	353
0.084201258139907	1.49770631918835	72
0.00763349209576303	1.2372488743655	72
-0.012240594896173	1.20432074517599	72
-0.031310081236418	0.761468884632841	72
0.057667080173653	1.02466031728432	72
-0.115373755812923	0.870322343298953	72
-0.123635448946221	0.820347907346301	72
-0.039015566849524	0.458646403530888	72
0.022203042541532	0.769089284856102	72
-0.049779007245582	0.916401604656373	72
-0.09845571063636	0.970481277332393	72
-0.103339827132221	0.812961067389237	72
-0.099301399053931	0.572018129132638	72
-0.02154397806428	0.454903838329193	72
-0.098110653371453	0.507527030250102	72
-0.100879162831876	0.883517600724528	72
-0.088340238871589	2.33603714566835	134
0.049093157282617	1.5897815552918	134
0.054893656874391	1.48119127627344	72
-0.101620293343416	1.00349393747766	72
0.049121139361141	0.721673431095243	353
0.00951742196719196	0.947784025547686	353
-0.051105573701787	0.792551999724316	353
-0.097116632115506	0.896321382086716	72
0.023408055251797	0.808693252530042	72
-0.065675289488365	0.945949129806713	72
-0.106887691397933	0.785824522052848	72
-0.00483008059692103	1.06690723224376	72
-0.012179687003838	1.21390702530026	72
0.09984502484293	1.53692829732607	72
-0.075196458005087	0.926512574296013	72
0.092799016569233	1.43545298979901	72
-0.001357882302567	1.19750190550196	23
0.090934113824973	1.42623984252861	72
-0.083100945153831	1.38836439933391	134
-0.014386108815224	1.43746164601608	134
0.076334286552632	1.15528674652399	353
0.052285910307749	1.23311590349117	353
-0.08594310845905	0.952644221082769	72
-0.105667171119972	0.894840654097554	72
-0.113619041277635	0.799563000250555	72
-0.043475624900202	0.932778170234581	72
0.041909900332435	1.16852444411989	72
-0.037277965425587	0.843476859570523	72
-0.069739366501383	0.82266361203056	72
-0.12320856767509	0.904056607289686	72
-0.067564473754252	1.04053379071074	72
-0.043686382007209	1.18872840269633	72
0.044533060535879	1.37442386123672	72
-0.016480966055217	1.42164131535579	72
0.113237675057235	1.13472407245802	72
0.061074930449132	1.55442109637446	72
0.00498121759898096	0.974384299369727	72
0.105772001700298	0.827979444854229	72
-0.09375832661737	1.16688128174378	134
-0.083586839606774	1.02569271836789	134
-0.014542008435858	1.01109457767769	134
0.027514624855195	1.24880245497382	134
-0.044235852608971	0.82967817664854	72
0.122031276376297	1.43223979842181	72
-0.121372565805714	0.828486811518384	72
-0.079149272438043	0.74685924477842	72
-0.088241358545371	0.717828011145996	72
0.0255762152322609	0.980477827625898	72
0.096976251213222	1.33272779600812	72
-0.006367867429735	1.04325856803494	72
-0.047233170019566	0.736474949148389	72
-0.00118636321017401	1.2418589562578	72
-0.014165794017088	0.822665416951758	72
0.0146228717015781	1.11898837779167	72
-0.070745159676012	0.809974186329999	72
-0.054079574245891	0.865882249735439	72
-0.089904245715909	0.985423663735486	72
0.019476965042442	1.58677871053172	72
-0.095828876991283	1.06642677643098	72
-0.038146727882876	0.980237041919054	134
0.0605431015311521	0.950302606670052	134
-0.093424124564194	0.645855191762524	134
0.029493299824231	0.862190426809601	72
0.032761632941079	0.770149678739163	72
-0.00992567871885802	0.630370643563047	72
0.027700835624655	0.717784464329935	72
-0.113373649102885	0.494734090740416	72
0.071233068081732	1.07862327360907	72
-0.110558538240426	0.599285269199281	72
-0.013147270712667	0.831434873741953	72
-0.094817733946471	0.730742814631643	72
0.018014250848014	0.776955101737153	72
0.101797763904111	1.65794948293783	72
-0.034164873042883	0.821803215356249	72
-0.081605456906947	0.664140982173416	23
-0.012443105091881	0.703582828098267	72
0.069450176232559	0.833192991883138	72
-0.02110358407532	0.669241505200364	72
-0.08555674128673	0.444846458873665	72
-0.082715635586096	0.589174080581699	72
-0.117395135819298	0.457579126683116	72
0.052063906236902	0.794569997858044	72
-0.091707616909866	1.65412458548831	134
-0.11312878520723	0.983151512730559	134
0.111043986522636	1.716224266922	134
0.069389077552876	1.43231458017784	134
-0.047480989534646	0.923158477852084	134
-0.058162259778155	0.760075609852917	72
0.027698879315354	1.14731850405794	72
-0.092214518051385	0.648789258788797	72
0.021101809064587	0.692802973883846	72
-0.072169094449606	0.682696942270965	72
-0.097097618946067	0.545296474807872	72
-0.044826140570953	0.678317688409954	72
0.02498138682635	0.856646379078037	72
0.07677003814628	0.935035152966138	72
0.08721867484547	0.910641162222027	72
-0.112978280030498	0.710082719405894	72
0.100902096878546	1.30522533750846	72
-0.122105425818096	0.524222445884184	72
0.012790533602227	0.858348869100113	72
-0.105163083062022	0.615134301614602	72
0.0683466992096891	0.959930151050358	23
-0.037918388790722	0.878049027360721	23
0.107958410271051	0.950723987383499	72
-0.013764406658207	0.955942394164286	72
-0.12008968965435	0.896936203458047	134
0.075683008139585	1.34478374155217	134
0.061638084943588	1.24984087105056	72
-0.093391499090529	0.565011958445286	72
0.118080298469196	0.949687475537273	72
0.011250498074627	1.00287725142078	72
-0.032591738811625	0.966803372489973	72
-0.028638303276886	0.847140770502449	72
-0.121745850666559	0.618171172751875	72
0.040162972627975	1.21575991395453	72
-0.030404743762738	0.973524462285542	72
-0.116359912195694	0.670520080005145	72
-0.09850658083072	0.846406013306931	72
-0.051075057635941	0.849131462606484	72
-0.033327512149212	0.728919532711666	72
0.107658437305936	0.970586053137324	72
0.109152544476148	1.0620824654746	72
-0.00231492158368501	0.707039997931707	72
-0.098560099428664	0.643893344361162	72
-0.07814515867535	0.781979422476111	72
-0.114092443814874	0.57405947427995	72
-0.063662967845129	0.855122739002871	23
-0.121317402360893	0.606172640873469	72
-0.074373353048333	0.729616753773297	72
0.116145909533263	1.48920356105435	72
-0.106142556795747	0.678025443365014	72
-0.078969140473149	0.645842638271639	72
-0.040774457744966	0.808869239155597	72
-0.09536911259212	0.589550317178528	72
-0.066834965720102	0.744970737427837	72
-0.088020176533361	0.729633308875725	72
-0.076757156918062	1.45024052647416	72
0.0545584019118141	0.910742626721775	72
-0.046393992073557	0.680863714660884	72
-0.041697972675319	1.00446455204015	72
-0.083100950682274	0.569273398734958	72
0.03301048821821	0.927635084605642	72
0.06489643197374	0.914248284045646	72
-0.085572775438885	1.02265140404313	72
-0.104353825788941	0.696375075230889	72
-0.068696398207942	1.04275671840617	72
-0.096330092043792	0.855053033724311	72
-0.076848072897305	0.9361039177322	72
0.082688592805102	1.44332589112651	72
-0.056808036735707	0.933990174349882	72
-0.108201325925716	0.532238400034647	72
-0.066359847598798	0.79822653195547	72
-0.078788788576286	0.642373143484608	72
0.088202105828659	1.10332658920848	72
-0.117819052641246	0.525098922292811	72
-0.110971902540929	0.802754946029749	72
-0.033066081319753	1.32081320889564	134
0.095084799138205	1.62205743437319	72
0.02422313153124	1.38162200123499	72
-0.117486932197188	0.752175503761079	72
-0.00937941429839501	1.34868574094913	72
-0.120514987512656	0.715357657687173	72
-0.123808650663669	0.669623474448261	72
0.051274285777665	1.50272492039193	23
0.07241744265162	1.2244158922327	23
0.00382135869440303	0.817603091720319	72
-0.033089523589828	0.765931531645061	72
-0.036877972604369	0.677893541673292	72
0.00176607937266804	0.781075310992205	72
-0.025824659829953	1.07930246556206	72
-0.06677226537155	1.49620228849336	134
-0.115194517030483	0.964564573668957	72
-0.113357935205727	0.876686673495105	72
-0.018385045655261	0.54454896206972	72
0.072934915761105	1.13327809145293	72
-0.077509045052938	0.766489455378636	72
-0.111678211563354	0.986813003820012	72
-0.095126280568895	1.04571275354299	72
-0.035360580946789	1.0262606101716	72
-0.007131573734109	1.2851592110371	72
-0.00713104923594199	0.921502834964722	72
-0.066532246772457	1.05735590289623	72
-0.116676672243218	0.871640098460992	23
-0.113560985771753	0.581555834994406	72
-0.034869680443491	0.722404862410027	72
-0.098620548190961	1.41884934430409	134
-0.044391073543037	1.34152546986549	134
-0.000951439968892021	0.548535621738563	72
0.063999473715872	0.723413228858913	72
0.048449416792509	1.07551719956706	72
0.0828872789175989	0.74102430728572	72
-0.108069442027932	0.915966802906605	72
-0.00879756007273502	1.22020195072902	72
-0.044279731280475	1.02496075194716	72
-0.123907497259921	0.653787634173335	72
0.070278597984246	1.2090124701683	23
-0.081947381955697	0.956518257724308	23
-0.045240335636413	1.08361837155593	23
0.065421339808888	1.12974603496059	72
-0.066759626536954	1.03919512444504	72
-0.087950039061374	1.41529070200673	134
0.011615311384044	1.41988068408501	134
-0.104515395625319	0.931051971479049	134
-0.014113327179038	0.89661788130315	72
-0.00119063843234202	1.30068153839587	72
0.086119846610251	1.72304611740239	72
-0.038123955914907	1.14271115808117	72
-0.00423075043676802	1.14634151503562	72
-0.016974441583756	1.13266068942708	72
-0.036834499720001	1.02669647177166	72
0.042718092420577	1.35813617022515	72
-0.106291026716323	0.725107014946825	72
-0.037502763785165	0.606154393085413	72
0.121673305283565	1.6451738757026	72
-0.061576985581675	1.14784823241902	72
0.063355178361413	1.36601255953102	23
-0.07999128716408	1.10034298680787	23
-0.107112984569529	0.348229293823109	72
-0.113944655983435	0.760776103182915	23
-0.074858318305148	0.950115409960597	23
-0.028544245748277	1.10551553569741	72
-0.122677217419044	1.29581518610588	134
0.049905102570828	1.79741671626263	134
-0.000442068305164023	1.50556182777035	134
0.017643831224269	0.694615345050918	72
0.10627797988864	1.4781031035615	72
0.0783170296850491	1.53556109409766	72
-0.06973562845429	0.909701435120896	72
-0.028671050124102	1.04718175882452	72
0.065130388920281	1.30721795575187	72
0.034071359518333	1.32637496336471	72
-0.065331267029513	0.748116493841986	72
-0.084847053785984	0.815835326965344	72
-0.09216994514026	0.576912559463799	72
-0.094814912641105	0.93964307232134	23
-0.030589503596356	1.10312513182214	23
-0.05134593996721	1.05993472505575	23
-0.110221255400014	0.849035095679497	72
-0.123614489155218	0.512328793788198	23
-0.006295747856914	1.23979682504791	23
-0.096800455886304	0.896658167637203	23
-0.035377376188059	0.648590978612713	72
-0.074942847372316	1.16282326465642	134
-0.11613969082175	0.899777548047338	134
-0.033915788214969	0.616120524644999	72
-0.105268535522151	0.867047337272862	72
0.093329561104649	1.50546567198543	72
-0.122089090156494	0.850550542763201	72
0.100551737758507	1.69423706710494	72
-0.095335971999664	0.709929314910502	72
0.021969703093178	0.814151478811926	72
0.067035872473307	1.23870318887998	72
-0.030077779541896	1.15164857727188	72
-0.110310065444787	0.356372282338571	72
-0.124910985529291	0.793384962133327	72
0.00132505623362	0.846252900387239	72
-0.09123618498247	0.675251180811897	72
-0.08085309355841	0.573915846546622	72
0.123349895140715	1.20235493706984	72
-0.02472553923194	1.05018336026553	72
-0.017529715778567	0.903370372697788	72
-0.047435331375552	0.655891793352036	72
-0.024575771876514	0.601070841992452	72
-0.036801037337074	0.750223417697574	72
-0.10098200453118	0.976520313422985	23
-0.092072554065888	0.506805789917147	72
0.076087058902224	0.802555750231236	72
-0.053125579248599	0.799779912899752	72
-0.053423380746436	0.677021751022138	72
-0.040895677687178	1.13224927691218	72
-0.040213459845588	1.01067437395137	72
-0.114153252455932	0.73837987320266	72
-0.05212128576387	0.912088577759103	72
-0.040322355086481	1.10133056483484	72
-0.017212016077884	0.881799228681441	72
-0.090150020255703	1.03167869676398	72
0.072217126800765	1.07889186643472	72
0.054814430288341	1.05706665827581	72
0.000792495515094971	0.616162747109302	72
0.042815468045709	1.28457058702412	23
-0.113459471583263	0.63831589004671	72
-0.044303776260791	0.747202425632868	72
-0.09201839759739	0.951544339136418	72
0.120135623756947	0.902099978370107	72
-0.043810626134937	0.681291527950839	72
0.105989760132442	1.39291582793466	72
-0.060947824662282	0.998491110189038	72
-0.025423860973408	0.798248472938806	72
0.051837029611131	1.40194203150403	72
0.019687333551501	1.44976130025377	72
-0.046237937547339	0.88174296589579	72
-0.115660137328919	0.546416678688243	72
-0.046943377815554	0.567511926452315	23
-0.024467433244244	0.784269885467362	72
-0.047039170405374	1.0353876834562	72
-0.084542714910571	0.736660513405284	72
0.00374644382893397	1.30817930992907	23
-0.061521885380709	0.676442756710845	72
0.070649002919055	0.88300808671474	72
0.00694165492401899	1.17919168099094	72
-0.063837410219544	1.06621085444654	72
-0.0320349716097	0.760291626521459	72
0.113435464887431	1.6899170986373	72
-0.085415796063079	0.988219063134039	72
-0.113915499623812	0.680517924519851	72
0.031736932275747	0.82128317878685	72
0.050372606607398	1.24940419676171	23
-0.100837459427957	0.8370998849046	23
-0.084523600303911	0.708552134146181	23
-0.122961204800778	0.84624248032733	72
0.033735666042879	1.23704955586493	72
-0.101049622209892	0.843245432298732	72
-0.036397702566312	0.730039035150212	72
0.076249026245344	1.09000236367438	72
-0.058238672238677	0.818498206654043	72
0.033099644230198	1.28243755453291	72
-0.038961717589245	1.11407049999784	72
-0.066635333709611	0.850226237361483	72
-0.088274319131292	0.81212457243894	72
-0.016511266500254	1.10821970963325	72
-0.122584440435308	0.664937297626389	72
0.045755941908737	1.48718639427025	72
-0.04490848591799	0.600480329745161	72
-0.117079576573774	0.542275032569381	72
-0.088063050965271	0.835309397096603	23
-0.040975151162544	1.1193675012003	23
-0.042212567121764	0.58752285500182	23
-0.062874650126057	0.614263614585891	72
-0.09177760477542	0.654038593563677	72
-0.111611612908792	0.763668071011653	72
-0.050805640320806	0.946657378436988	72
0.026326139480179	1.21739379428614	72
0.022685080214405	1.28201467225614	72
0.0616641334786821	1.38622165586443	72
-0.121874761588983	0.922321186601575	72
-0.050775107577806	1.04734427454736	72
-0.059801595652296	0.648649516636666	72
-0.093240726232308	0.590015978385529	72
-0.028210127952912	0.809746537150718	72
0.0776431686868581	1.47923036110779	23
-0.05874541113547	0.757322197873519	23
-0.043377364473513	0.612422215906642	23
-0.043218300481316	1.10033327400562	23
-0.079122644214154	0.602715387111054	72
-0.114594918388008	0.582360838762896	72
-0.08184305256403	0.911299356412796	72
-0.093406500839046	0.584010998900621	72
0.00298141164806998	1.353314029459	72
-0.042115758897229	1.19678152399851	72
0.0637677030862031	1.3802756335107	72
-0.045223759073801	1.13482813148016	72
-0.050016814783839	1.02998289154487	72
0.00837246225206101	1.31012714672858	23
-0.119730025661184	0.84122015046051	23
0.0204802460522709	1.34577276285473	23
-0.111653790282693	0.811741666907969	23
-0.036812593910812	1.01844138375808	23
0.035013110309009	0.787077633030172	72
0.072469679767349	1.01187875522957	72
0.113743558335723	1.65575041892058	72
0.00322083786898297	1.37957055315881	72
-0.049434947360505	0.994910823997378	72
-0.0925265161791	0.906090965240538	72
-0.111559701266185	0.881208812027881	72
-0.085725441019854	0.801427725542947	72
0.081961912997536	1.02811725657588	72
0.042724235612657	1.30888105647115	72
0.0201043140789821	1.26850191476627	72
-0.093593273594297	0.753700873650081	72
0.056383211128056	1.2834953497872	72
-0.094960961358571	0.689299322648998	72
-0.013452262970564	0.541942048445374	23
-0.108210817212433	0.820413126499099	23
0.023907984859695	1.27964655773501	72
-0.110394390222392	0.583285604921356	72
-0.07553802650269	1.02979183507554	72
-0.072032701424763	0.785993025069818	72
-0.052253195689694	0.988111097831693	72
-0.089799172990865	0.97296535828192	72
-0.059531749788457	0.75601360220062	72
-0.089472348209785	0.60482197506775	72
0.057590956647376	0.728326425038973	72
-0.016208205264058	0.817387219960183	72
0.083593058057138	1.58567552362525	23
-0.024414917225602	0.840667931779322	23
-0.034802303269302	1.11133284706941	23
-0.00995442448911998	1.18156098241097	23
-0.096911794714614	0.896801282821057	23
-0.12183282544087	0.78895720593838	72
-0.032794833389945	1.08925526668643	72
-0.075763280758933	0.623112062309572	72
-0.110834514871547	0.864077773031073	72
0.082897181547321	1.57141037069168	72
-0.025829285298409	1.11226011810649	72
0.030410785313868	1.3602194764464	72
0.110189595129715	1.60384266342443	72
-0.111420760017702	0.70327386950454	72
0.02502681521372	1.35178373678102	72
-0.097309803309599	0.970128292790695	72
0.079126968882411	1.31435004366996	72
0.056325614814276	0.79206378272198	72
0.09042115249559	0.747072394705636	72
-0.118555727011818	0.861073529131365	23
-0.078764323480159	0.998511319895429	23
-0.019627159744295	1.03291157494692	23
-0.064468681642844	0.571216377709491	72
-0.094182028629118	0.739076038760303	72
-0.123093625510847	0.845464685702991	72
-0.015117602037883	1.3706914259058	72
-0.074486036872166	0.944968026929124	72
-0.10324763826019	0.67214300761911	72
0.037763603277673	1.28598046877765	72
-0.053225697009715	0.908952579085795	72
-0.076742982937598	0.727731596999629	72
-0.113907605177792	0.769956377936479	72
-0.050206969786072	1.23137368750728	72
-0.024254493206366	1.00352004056315	72
-0.013352542101402	1.13684756478395	23
-0.094323235681041	0.894708160088232	23
0.000631397568052972	1.24931474860667	23
0.124629593333861	1.65830104039482	23
-0.081445819082156	0.982109815633948	23
-0.024087350319159	0.547973236967024	72
-0.069047264069364	1.31001299243795	134
0.00808665509996898	0.627351433993953	72
-0.02611828443928	0.674677144102095	72
0.069035076162457	1.30832154383725	72
0.040745586220147	1.44928267362256	72
-0.058303207034244	1.22084154713528	72
-0.090502839438798	1.03199402888926	72
0.024980079143162	1.24085576166624	72
0.083397013221086	1.49089070628562	72
-0.087338202264987	0.98894775107904	72
0.0617140712298791	1.24312123441977	72
-0.026344225504971	1.17478452667902	72
-0.064013942388898	1.06156092058694	72
-0.01057151574797	1.14979599530038	72
-0.097280465833108	0.522822710592935	72
-0.093213142803426	0.51798099941721	72
0.000315777728607025	1.2703210126227	23
-0.032476600052131	1.12443800500718	23
-0.085163978302624	0.875454711152555	23
-0.09689494440694	0.884682818548171	23
-0.051379253026785	1.44522230186202	134
-0.00308686764771399	0.880000270744208	72
-0.030281922163821	1.19509968815973	72
0.033041572656167	1.60040285195216	72
0.052247625730429	1.4822020826499	72
0.050301095137625	1.28015060349832	72
-0.121212078196453	0.703178076911307	72
-0.078993683468548	0.802483645207155	72
-0.046218383072294	1.083519571137	72
0.000170541581563044	1.1861704082245	72
-0.047307041129007	0.798455624431134	72
-0.075330321288222	0.97777252978147	23
0.108006515308378	1.58755848769488	23
-0.038840643384921	0.973450763004154	23
-0.056178742747209	0.865489280807097	72
-0.05345454877125	0.993932930518884	72
-0.056001293589243	1.02021633238721	72
0.075332043707936	0.989032175822982	72
0.065789331396098	1.1965928757349	72
-0.111094790590824	0.853713696517713	72
0.101959022902923	1.69163882208077	72
-0.081463694295237	0.836835951216476	72
-0.054705654843559	1.11969062609108	72
-0.028556729676203	1.29292928074295	72
0.039006377120034	1.10489933324145	72
0.082012063580146	1.32806480703338	23
-0.104534916341154	0.879694891190177	23
0.085894678150444	0.796361507446544	23
-0.07544008417328	0.532995352296875	72
0.048149353689641	1.03100577847326	72
-0.047395585728196	1.14597109700695	72
-0.103075890276233	0.772923399317998	72
-0.075553174280109	1.10705610242016	72
-0.080072121591673	1.0209928802076	72
-0.072099910791659	0.97376754242775	72
-0.09316289248898	1.05413012203225	72
-0.057955304576327	0.751403808559936	72
-0.080619289759615	0.780573535495974	72
0.00195519880111605	1.18087171268042	72
0.037971957622573	1.06940345265492	72
-0.016907343520232	1.03282849866061	72
-0.102013398792687	0.523081930764563	72
-0.082265350379577	0.866144233770601	23
-0.056425489438056	1.05949035919817	23
-0.098047639479667	0.880626773297435	23
-0.025693071136573	1.14100055805808	23
-0.098403362154051	0.861463113393793	23
0.084034168427906	1.01278323113876	72
-0.055895663533996	0.811210810918343	72
-0.00335742259964	0.949584905243048	72
-0.078181783560343	0.901612034655881	72
-0.06736405117731	1.03456692097358	72
0.092264186270105	1.60518541610785	72
-0.110148753895793	1.01811667933832	72
-0.116640246598601	0.88411311323824	72
0.117119556015653	1.17012239662611	72
-0.054330906967512	0.890123025347029	72
-0.082837463367203	0.849846806093544	72
-0.102798699543527	0.917492035430147	72
-0.044162613079435	1.30161314605606	72
0.093344731095509	1.32892930818484	72
-0.09714777803523	0.594471516858789	72
0.097264268174861	1.18731789608023	72
0.025880990724966	0.908006168241707	72
-0.120024636384029	0.871464298799254	23
-0.070478341453782	0.978060233165813	23
0.00824286946615704	1.20996316656696	23
-0.068175850257983	0.905946092504366	23
-0.077142036606532	0.711323750332611	72
-0.071694751156126	0.71413970507161	72
-0.084034892732664	1.05607815751476	72
-0.101617118450396	0.56669057937968	72
-0.020215143072769	1.01640577238631	72
-0.054020381766591	0.997026348467279	72
0.007365638006814	1.3454892962337	72
-0.058059616011604	0.635601623756148	72
-0.11301045241875	0.761759902281603	23
-0.076618758108995	0.978684783292367	23
-0.031525864617152	0.908444097844357	72
0.117004811845479	0.87940001580583	72
-0.02671857615288	1.12682795767499	72
0.065104006221833	1.41474100654629	72
-0.054047882049123	0.971967132065668	72
-0.099394491582778	0.770488065974437	72
0.105676981755559	1.6482108905138	72
0.042128434689964	1.31884877552	72
-0.035640108048873	0.880103281661965	72
-0.034633790803047	0.950950604339904	72
-0.065566448659902	0.531436270519877	72
0.113589350801487	1.11333875086383	72
-0.08763101108436	0.726551231026345	72
0.115666180910888	1.69670176610411	23
0.0347894792907	1.07237539008816	23
0.089049184822259	1.51504930046818	23
0.116291567086022	1.42122739932459	23
-0.045186404909111	1.01411910677974	23
-0.05993655540569	0.889680205881139	72
-0.031001067460503	0.803958212218391	72
0.039162278418715	1.42195235747018	72
0.047816669235069	1.60401707734549	72
-0.047140225798736	1.24267943116261	72
-0.046767475336437	0.863538408432893	72
-0.062991667807648	0.99934706625173	72
-0.077975045405384	0.828062995806855	72
0.102876358255568	1.23634591411047	72
0.016919084893549	1.05466044104198	72
0.077341412436809	1.1489406827161	72
-0.02702036209275	0.816597289284915	72
0.00716691802897596	0.683838617691164	72
-0.036600587856659	0.745110903369674	72
-0.00508241882295402	0.964242908638879	23
0.060930481156383	1.58316528981379	23
0.067300087474289	1.46029371064638	23
-0.100004528238334	0.630451383744547	23
-0.023844177065617	1.12930754408381	23
-0.09443465332488	0.919110815067047	23
-0.083627453470734	0.737417788072261	72
0.072652397122294	1.61011842619403	72
0.092793252730809	0.879396792240769	72
0.036280041232306	0.957030660101798	72
0.117299551990466	1.21648756704345	72
-0.051089990208774	0.908401532809293	72
-0.103257127342611	0.892906782761287	72
-0.101096750501995	0.829337603359071	72
-0.039662161331677	0.774689834135216	72
0.047168804935634	1.35937380224381	72
0.064819047826068	1.34184548404586	72
-0.089342712615411	0.733006442584762	72
-0.016905970221692	0.899065891171674	72
-0.083573495018939	0.601456648522173	72
0.017935869292342	0.71323251832796	72
-0.043557285963737	1.2012557323488	23
-0.116384875796019	0.845830843621693	23
-0.095344538027293	0.737464316934877	23
-0.015597904680979	1.27133323531258	23
-0.057354535159839	0.99967723031306	23
0.013351801495685	0.789475442495549	72
-0.090704309862013	0.864886205100852	72
-0.022336161145061	1.15620319900315	72
-0.122187247076252	1.89417223587965	134
-0.064229581169577	0.673727851354424	72
-0.058880879113337	0.806455070328683	72
0.082742418700956	0.981461837645285	72
-0.084119815549034	0.757573225808408	72
-0.078344300895839	0.769371614671324	72
-0.028480919111008	1.18980727610555	72
-0.047750277281146	1.04826325833284	72
-0.043051058375228	1.23889074048535	72
-0.0950874145372	0.925927730931307	72
0.0107913287886	1.45892623621623	72
-0.055110098514706	0.616422804449721	72
0.070741019444577	1.0931208696227	72
-0.030067564041355	1.12877402823607	72
-0.002302844541204	1.15790396744143	72
-0.049874209725532	1.06457226626096	72
-0.050426631838181	0.923157241577112	72
-0.00519957904431601	0.704052093043376	72
-0.073469909528214	0.989517460529966	23
0.118115538678565	1.72184762014851	23
-0.041573119578391	1.14424708235391	72
-0.124450430188497	0.791797331298708	72
-0.057473358339188	0.674349356105843	72
0.065048117636344	1.51250097857051	72
-0.102349824536859	0.795547179113623	72
0.023168528034871	1.46407027804428	72
-0.000577673385708022	1.23334628577884	72
-0.101634712697563	0.632512919152183	72
0.083927201883209	1.30065538732786	72
-0.070341249847433	0.927908673114698	72
-0.112277469041186	0.860878699991762	72
0.00276918828225603	0.685764072941518	72
0.077941835425109	1.31478352740801	72
-0.047097526195946	1.04080584394177	23
-0.079964135709971	0.906492808522784	23
-0.027387086668649	0.947670373275891	23
-0.054341544374037	0.674589914502395	23
-0.083937488626989	0.745347319072313	23
-0.110393967458783	0.604851253715861	72
-0.076537710858343	0.929713344463525	72
0.073286606244358	1.70282788613128	72
-0.124247828693065	0.888596688664642	72
-0.094871446036706	1.02325607811185	72
-0.103502679773254	0.98659729289719	72
-0.083317481533468	0.670106442234772	72
-0.108526525457401	0.810036470456725	72
-0.025838275473515	1.11390002551231	72
0.100367357119937	1.21347964407439	72
0.06864712912238	1.38258393834777	23
-0.087702033477565	0.658699620253402	23
0.00774035364718595	0.850662727994206	72
-0.051919392014492	2.13191020320481	134
0.037026643982116	1.19693695560262	72
0.028658301190097	1.42821612852706	72
-0.081308989294057	1.1947612013903	72
0.00863214349672004	1.15149233428845	72
-0.085820545904079	0.989277107824737	72
-0.101945632450198	0.52105312537262	72
-0.045125379664943	0.756249783408008	72
0.00455770792938604	1.16903078501115	23
0.019086933208148	1.25057763079382	23
-0.083162420392667	0.914010798015158	72
0.067916494152045	1.77616921284159	72
-0.00508931724631001	1.58563048676845	72
-0.031907452128308	1.46148886017916	72
-0.019465703062443	1.02682924365865	72
0.015661988781202	1.06382009273927	72
-0.055679900198795	1.03862548913478	72
-0.104284157586198	0.761681633712957	72
-0.068766719966321	0.621273401313688	72
-0.060416490963889	0.717912456631699	72
-0.080943302307223	0.590255356278999	72
0.00331781991664804	1.20533876326325	72
0.092852786869833	1.54038613558706	72
-0.036880991810977	1.39125274114098	72
-0.12079023277576	0.866343175385054	72
-0.066904317405144	1.03453656733695	72
0.020640416627667	0.862917965781659	72
0.025112031157231	1.30762649820273	23
-0.03777036597665	0.759318292417586	23
-0.037700063683849	0.999116051249676	72
0.036562298210271	1.28015062867017	72
-0.036209536094564	1.12836134578066	72
-0.065634859650976	1.07581741658037	72
-0.016783730814889	0.745938351750138	72
-0.088242546113663	0.906864079650511	23
-0.097941319084396	0.805183507804084	23
0.030397969827216	0.799689695818412	72
-0.078268866225674	0.940266397039929	72
-0.096418306916372	1.17968483186319	72
0.036431579171429	1.40822350264629	72
-0.121441785568528	0.615857063527479	72
0.078987160233798	1.16813056939152	72
0.00355945658361001	1.20197607788936	72
0.106196900220171	1.23399218249001	72
0.045767215692625	1.55030506462447	72
0.11215266129573	1.6415196719159	72
-0.098716688885366	0.985617864154704	72
-0.072574966993904	1.39256620697678	72
-0.104890520336638	1.20876610696123	72
-0.029101926631489	0.892760236511215	72
-0.119342488969743	0.830051851446827	38
0.074445594926409	0.884244545171322	72
0.057441918024997	0.939248099130267	72
-0.100640288579099	0.779442202886777	72
-0.074451524539068	1.08329246430774	72
-0.03580825749201	1.1731365354687	23
-0.074847567268849	0.517748181776133	23
0.001357524723684	0.897251227929891	72
-0.010958290657551	0.851801422895008	72
-0.098434506351766	0.843291700152598	72
0.072363787275235	1.53454756094359	72
0.045317117776746	2.08994426774956	72
0.104691237961396	2.45403557755417	72
-0.098502509055692	1.20497567030944	72
-0.110095706950804	0.717493298005997	72
-0.012508873617513	1.36762927408957	72
-0.092551708007677	0.618170153669592	72
0.08004222875823	0.811539302516273	72
-0.065364950657119	0.645328182248777	72
-0.10203720204464	0.87696682728244	72
0.100103074177498	1.68349849268418	23
-0.118560186024838	0.771173088579961	72
-0.071376888449349	0.862331739875409	72
-0.08061519794546	0.81772461482715	72
-0.028546679905373	1.05840324650819	72
-0.068880852992742	0.873812964391707	72
0.055424529521634	2.06031505603744	72
-0.084534831946044	0.89587182285625	72
-0.025525310504837	1.00511613755049	72
-0.044329048313267	1.07251774211625	72
-0.00904195257165102	1.24612138301214	72
-0.124967142825678	0.656266875982279	38
-0.060007205701194	0.684719418693569	72
-0.001225773192506	0.608899667503586	72
-0.107767619688046	0.417394192524221	72
-0.093612754247908	0.583385277358963	72
-0.121826943766986	1.317059583006	72
-0.098224658005122	0.903141823033072	72
-0.078946102242379	0.968234419212306	72
-0.109161400533163	0.895978499884124	72
-0.033218308330801	1.05500056064122	72
-0.087237114386746	0.770027387210449	72
-0.053890949342278	1.14331979348827	23
-0.072286061174937	0.616991720453129	23
0.00214143009753298	1.17741272519483	72
0.096675789836786	2.11425425646828	72
-0.030271773877795	1.76842982650032	72
-0.01606917548554	1.99701890829018	72
-0.056751982900073	0.844610736500977	72
-0.00198269279764901	1.23932274001668	72
-0.111746029191269	0.83412586513358	72
-0.050033445413963	0.8696960656607	72
-0.121000155573988	0.501608719423031	72
0.108404005600282	1.85230993235139	23
0.000568304097204986	1.37129894390692	23
0.032763335085639	0.930234502967149	23
-0.00733741588567299	0.910378475312331	72
0.0636029346807661	1.70829998674458	72
-0.00615690589527102	1.65480507669732	72
0.019948713094214	1.7968588415612	72
-0.011991375606403	1.63016882156761	72
0.00193522580545802	2.2022064718744	72
-0.077414904758779	1.71321259011586	72
0.016219181840865	1.18270016408075	72
-0.124929857590266	0.751211572141056	38
0.051042771212596	1.04416147807067	23
-0.120587726591357	0.703207238924896	23
-0.071644266238678	1.12890561328764	23
-0.067752947013379	0.936332103758848	23
-0.079833002769404	0.928220142036996	72
0.0564041244022589	1.898465552606	72
-0.065591984709847	1.90645280003396	72
-0.01260271388997	2.32888033348338	72
-0.023802056252606	1.04956250837559	72
-0.121832949808117	0.966007754206426	72
0.026665631461946	0.940060382914476	72
-0.114462141152217	0.447057916513367	72
0.094655515657103	1.57100630765775	23
-0.04393650480201	1.01503494320669	356
0.050597310146994	1.76275004047988	23
-0.060821200223913	0.767781270034737	23
0.020001345595843	1.72121178785608	72
-0.083427379827913	1.64478139195494	72
-0.095232218966839	1.59997861831707	72
0.037827724932321	1.91710978499687	38
-0.041956362861448	1.01642247957535	72
-0.065856000067864	0.707516879309684	38
-0.106964378851552	0.503943651800831	72
0.048934221082109	1.35282382654462	23
0.018562433170604	1.18705901596473	23
-0.11911765747802	0.761910523780365	356
-0.120224825316248	0.824528662229993	356
0.052669933609273	1.44466713738481	23
-0.074478943916099	0.943225229462745	23
-0.098070467109663	0.469924290471316	23
-0.005802549796594	0.552553899292069	23
-0.050410209891737	0.598231938739662	23
0.091379924331212	1.1073256235826	23
-0.09493931089639	0.431445397882787	23
0.045017922463825	0.85657048550091	23
0.064884077656458	1.61563871698858	72
0.100700983572367	2.38438682925985	72
-0.082790169332048	1.89094039728988	72
-0.012243071100023	2.36544879824132	72
-0.08984533282483	1.76476648443745	72
-0.089252657169339	0.758715362734561	72
-0.122174304598583	0.651708356412618	38
0.060447234298991	1.12017760088177	72
-0.110699268501567	0.758161613942223	23
0.017669892404389	0.817640522376498	23
0.051559921431559	0.703419374685789	23
-0.034318003759961	0.601497418769504	23
-0.073221872370152	0.677524402216697	23
0.101549801586807	0.972787744727631	72
0.043165135316345	1.27035830952755	23
-0.064974445133591	2.43749567242208	72
-0.0649553532521	0.694462552022114	72
0.032038686233406	1.05107744157022	72
-0.102576112556891	0.75856595949801	356
-0.100581015759285	0.592059750167709	23
-0.051213256164246	0.952359253213266	23
-0.013672368148248	1.07114884600932	23
-0.108509931052359	0.607202471214221	356
-0.043327346019274	0.46107464964031	23
0.017655972237812	0.605701580691355	356
0.0808904090353419	0.747904653318272	356
0.1031853976925	0.669328262501366	356
-0.053234753040061	0.506093854400512	23
-0.124679731394599	0.366363538066434	356
0.041482764414815	0.703324322130073	23
-0.002784910711564	0.543525113800336	72
-0.00392189781501001	0.67928272529722	23
0.0112953618178659	0.638071128805959	23
-0.034243680398847	1.01511951722207	23
-0.087234789398735	0.532957411449151	356
-0.089621102791379	0.499676410479887	356
-0.00989517584212202	0.752371995122565	356
-0.120308213486991	0.35709787802003	356
-0.067971127464297	0.583732325062166	356
0.06602666885055	0.769726080348874	356
-0.014515410748445	0.739475406821011	356
-0.027520682574595	0.764668003268015	23
0.074177734089201	0.791992952805526	23
-0.114482286282534	0.426952669719954	23
0.072226470970955	1.39065803978544	356
0.0636871656124181	1.14031909049802	356
-0.024349620039406	0.608531970137286	356
-0.119930356083113	0.368277568298375	356
0.065439418968939	1.10123235521648	23
0.00818105791023005	0.931315594336385	23
0.092618214524222	0.752747146747562	23
-0.037132932199395	0.593824065812567	23
0.046585873629484	0.603677584110255	23
-0.020324331246441	0.842014650343861	23
-0.116834263717684	0.516436924585937	72
-0.012686973761326	0.687736823846682	72
-0.102796377763861	0.495332709255181	72
-0.102655066687771	0.51476137696188	23
-0.107019541649903	0.440217591481048	23
-0.111492194175086	0.530766549948282	356
-0.094983461434831	0.602071808614116	356
0.0918427168693981	0.839759592896856	356
-0.035361808652992	0.849268414816516	356
-0.021904784404589	0.693880883189074	23
-0.109729656651208	0.503807917224547	356
0.050260989493507	0.835430683357272	356
-0.083049505744717	0.598766865769795	356
-0.070021573402488	0.862153067112046	23
-0.040194950105651	0.820977994788179	23
0.00726272328088295	0.682663790520346	23
-0.019935858445407	0.721692253248636	356
-0.025499404900801	0.761149693402348	356
-0.093028750633259	0.686484114484498	356
0.069382158042588	0.711794445973211	356
-0.021775080422492	0.534950859068051	356
-0.098000012043747	0.44194244012752	356
-0.01436624552551	0.736387766582596	356
-0.072687538773518	0.673477035827188	356
-0.067571098358864	0.803852218836666	23
0.020785750422696	0.777921730963957	23
-0.060369992534634	0.620625334398726	23
-0.039580667429474	0.699725417450962	23
-0.060475612413382	0.508251272611638	23
0.042723190265349	1.26238146828276	23
0.12493535922524	1.47217342536357	23
-0.031059905674503	0.766719592504667	72
-0.076011218188526	0.581758949343	23
-0.117511909695417	0.635839029702994	356
-0.076966189132571	0.501997351195464	356
0.09099139848768	1.09140287566052	356
-0.112729391920977	0.531842360775168	356
0.046319841922175	1.00263436371239	356
-0.00141259062736898	0.756393748365118	356
-0.115837067403808	0.611519808841397	356
-0.04615603684426	0.604310477539818	356
-0.022082147950046	1.11072991829651	23
0.061758987515568	0.838649139332816	23
0.031896596252827	1.35841734236771	23
-0.120512967992487	0.64574173511805	72
-0.029469780474351	1.21605656591565	23
-0.105838997160859	0.861360780383418	23
-0.094983546325915	0.677061071782462	23
0.019519851964848	0.897392118618901	356
-0.107339199049829	0.692098562845072	356
0.00876308586803198	0.931071702236838	356
0.0627849815984281	1.13977136328749	356
-0.024292987323978	0.680739204712667	356
0.00311910820757799	1.03469743204718	356
-0.027096110109107	0.835354681854076	356
0.065223189607566	1.09226838802647	356
0.08007922560799	1.20780859763177	356
-0.054066006142644	0.759881840635104	356
-0.00639188413470698	1.24052286759933	23
0.045661594911257	0.935368285764647	356
-0.043997954731006	0.775071137605289	356
-0.000224134302352019	0.851997880704037	72
0.115496271313985	1.33775068404748	356
-0.04201416227518	0.963613162646021	356
0.005158739715447	0.768464974975734	356
-0.041043125306639	0.701391637361466	356
-0.074759160806144	0.701443776679093	356
0.0201828562459	1.05472150295212	356
-0.076470957688241	0.7628088940005	356
-0.040271285968406	0.836737690101044	23
0.115233373008908	1.14566475138674	356
-0.033777498756504	0.938218431158429	356
0.0100215932158501	0.949188639090839	356
-0.124093034113499	0.636127277079207	356
-0.001801393361966	0.946764214430238	356
-0.029823237174974	0.853852830537014	356
0.097537343592885	1.55179938404886	23
-0.119045582403272	0.785474605599077	23
0.026387267749578	1.04937475898656	23
0.068463552551129	1.36512228413285	23
-0.075011457504199	0.793101341310134	356
0.059063398895848	0.864549651803664	356
-0.120243929137243	0.481007730764005	356
-0.034467567512474	0.583592126013295	356
-0.062951082886167	0.866592965433114	356
-0.00409371033658101	0.929339344705613	356
-0.081182202158594	0.784254883871111	356
0.098698282977442	1.32175884235674	23
-0.094128813914986	0.831138541753234	356
0.078600783759724	1.08689224212419	356
-0.078797617289137	0.784965437222905	356
-0.109799299230401	0.712552200039439	356
-0.021744733254339	1.03860499921558	356
0.107699134496947	1.23006192273741	356
-0.044273379740625	0.915214490158601	356
-0.082348997009974	0.912950659662014	356
0.029029673587691	1.35802748820734	72
-0.056986415800789	0.786040899976312	72
0.025684619709613	1.24485613423988	72
-0.053341278648835	1.0298415253934	23
0.087228020156739	1.21382944092886	23
-0.084144899977771	0.808256054621473	356
-0.018200608108576	0.955582415842133	356
-0.10150779015125	0.603478683750733	356
-0.017428363884191	0.753490317554088	356
0.090828598459603	0.999875767574702	356
0.00898791043526204	0.963436905762212	356
-0.066783074049462	0.84431521562786	356
0.0251599045737571	1.1672202230564	356
0.064320095437663	1.30064547641749	356
0.097321388015388	1.61252047988093	356
-0.023891272620428	1.10552061797535	356
-0.031285921256507	1.04932413339724	23
0.0794488024318309	1.24185049455258	356
0.0547360559265569	1.25081831093645	356
0.00425227562470698	1.10671702101433	356
0.069831804400161	1.13312986455726	356
-0.109255143194913	0.615867887259238	356
-0.114185369973559	0.638204114428895	356
-0.042505304690588	0.939329520549853	356
0.070323328177278	1.43713291516404	72
0.066554577881985	1.19679889069509	72
-0.055172920998762	0.948303267595299	72
-0.106047438538636	0.847707776918488	23
0.103554190799612	1.49357164496819	23
-0.016642462132072	1.18554998381517	356
-0.098999428591228	0.678837520556854	356
-0.027302858268167	0.776256650728343	356
0.033994596265198	0.846211345111991	356
-0.10253202606156	0.669250356869374	356
0.118615197541739	1.63418556346347	23
0.062184163794818	1.18046801222494	356
0.012449928655458	1.22197447489013	356
-0.096333078907104	0.74104484620877	356
-0.114529314074646	0.749191928888419	356
-0.000674942041435978	0.939948851625989	356
-0.116545293448309	0.691571828207561	356
0.00740057608330003	1.19614355130332	356
0.023581339844344	1.25258596719602	356
0.08735166034643	1.34636883878503	356
0.116393139838182	1.87870027939833	356
0.041069712728664	1.21733982469674	72
-0.107580112947633	0.897751359103161	72
0.059363719111376	1.34817791767692	72
-0.080886205800744	0.873737348998491	72
-0.115783842121726	0.602760382060724	356
-0.111919641211131	0.446303377010444	356
-0.042299041386803	1.12217043806439	356
0.038184746083852	0.857594106860462	356
-0.042094125006055	0.667411855630312	356
0.00407659983488395	0.53833723765213	356
-0.014859397642134	1.04486101594342	356
-0.095751046616559	0.79121592209334	23
-0.082415292504991	0.966293219958466	356
0.115239149286288	1.60780613972566	356
-0.045147719017097	1.15292547074871	356
0.10709777150237	1.74923656372726	356
-0.066143748170536	0.766069149350348	356
-0.113651583359161	0.725606447485613	356
0.099347379149496	1.24384753700455	356
0.115926977708586	1.23459166621402	356
0.00183688244851798	1.06785022723157	356
0.086865011489599	1.40162051193093	356
0.053651945301897	1.11153030655682	356
0.113200677190603	1.58230181097559	356
-0.016855868405267	1.16838986015006	23
0.118159606646378	1.72227605839022	23
-0.027457983174542	1.11191581088606	356
-0.101974979547358	0.845950721062539	356
-0.104437240449204	0.844710810816806	356
-0.104379815923037	0.861880022264567	356
-0.058429019455582	0.883700362144411	356
-0.109872667819138	0.425551552229562	356
-0.111703495004634	0.687070038787186	356
-0.076890209732179	0.964660744170706	356
-0.055237434648057	1.08062655809955	23
0.00632524217102504	1.3840854356493	356
-0.052425016927802	0.652569671196102	356
-0.11422245393696	0.979704036231488	356
-0.061850929402908	1.22925535754683	23
-0.065113980542912	0.533181498283725	72
0.029873952599346	1.50349302327285	23
-0.070451608495071	1.07478265038543	23
0.022699897665687	1.50591073608299	23
-0.071641927248549	1.32447255238906	23
0.065068594534978	2.18262484181886	23
-0.086166950690235	0.899093943835801	23
-0.110089438230992	0.891137893260894	23
-0.00069333501595098	1.45117589625644	356
-0.089360086949275	1.01092218061869	356
-0.041599569241846	1.00878331064674	356
-0.099220362830109	0.652543290272948	356
-0.030264751120279	0.967490036683014	356
-0.081932547074684	1.08471956378732	23
0.054636018636828	0.892194718897658	356
-0.054883723228136	1.18795184545867	356
-0.020656550336457	1.47810867455454	23
0.041606579244984	0.933529342843248	72
-0.036797801191664	1.30938193392549	23
-0.124328846867214	0.865679329682826	23
-0.029556700572388	1.34247610232726	23
-0.083342885495268	1.09008963879192	23
-0.00559714107623699	1.7563458154491	23
0.035266603649167	1.16536093834858	356
0.095652076372322	0.956832312608624	23
-0.098853189034787	0.860163297746867	356
-0.072028559281523	1.10174501407327	356
-0.069453678125798	1.14341942660865	356
-0.038894374136896	0.83351048533197	72
0.039073391208505	0.712598238825799	72
0.00952788295800999	0.833610403924215	72
-0.064284203923148	1.782522064759	23
-0.093455016765713	1.16353759722996	23
-0.110456776891672	0.879991155709258	23
-0.08390536816688	0.91724468340521	356
-0.010539235414451	1.21010321574154	356
-0.077126281205098	1.17974072465645	356
-0.016025962242749	0.98877921102461	356
-0.089955420465773	0.573628217553482	356
-0.010504848958919	0.880297790922521	356
-0.097279711288601	0.922048673047771	356
0.075292932715976	1.398216321556	356
-0.074151896603554	0.931941480678062	356
-0.055335864714103	1.14939526444334	356
-0.013596759690801	1.26931926553674	23
-0.097956435004674	0.85142076639993	23
0.113480417166477	1.05482909274574	23
-0.04616850009336	0.449149529335142	356
-0.110755109449628	0.577167321486003	356
0.011084958995377	1.38373614553151	356
-0.057784452025187	1.06268074777944	356
-0.100908393203714	0.976800921421406	356
0.029521786293063	1.27962022823008	23
0.028403406109585	0.619760373136474	72
0.057454860948911	0.954072129155653	72
0.014770848556523	1.44976778812788	23
-0.060388321637471	1.57647193652722	23
-0.05264803416763	1.05158766134529	356
0.013797790779097	1.07462272646062	23
0.106201806049811	0.976071101155283	356
-0.072443289737003	1.00374561433772	356
-0.017005835561054	1.3638303771651	23
0.045837501650516	1.50670491583838	23
-0.052432459273471	0.853993900348246	23
-0.029850435256855	0.934838245694744	356
0.106722266256855	0.915539328348454	23
0.023458304856016	0.650497883556172	23
-0.091567034422527	0.714833593137874	356
-0.00282757543308698	0.994546646634728	356
-0.070245583917442	0.935525039152891	356
-0.080194618248534	0.867884523654894	356
0.09030202183257	0.939871340324883	72
-0.049831949196361	1.26368287240007	23
0.111375086311533	2.07853495781743	356
-0.08283379358336	1.21660706442404	356
-0.060080932416831	1.14192244965396	356
-0.020188775219475	1.02902395440775	23
0.04243818497814	1.20986783952708	23
-0.12418231288114	0.744727872155812	356
-0.00359184122395501	1.07326358871257	356
-0.052195918954693	1.01776895926645	23
-0.018097286774045	1.02914858252416	72
0.024141084915507	2.04697454311724	23
-0.11236367142428	1.10621927950423	23
-0.034893309132607	1.4388935740677	356
-0.011360407571191	1.22549672167452	356
0.050806782750484	1.51891269366843	356
-0.105017826467309	0.952447925199885	356
-0.040538830453825	1.15018061981802	356
-0.108588567998439	0.979322058904867	356
-0.093135495896637	0.64644750340941	72
0.120640833337802	0.920565844558855	72
-0.061108462043623	1.22856667852686	23
-0.11649027602862	0.948919285453803	23
-0.079187977895612	1.09108820803305	23
-0.031054416656981	1.14134372547021	356
-0.059807537466615	1.07330494924953	356
0.022684229940927	0.617129754601454	23
0.056524776724059	0.783571889980191	356
0.085615569041843	0.746925100783817	356
-0.014150575616292	0.847285638222277	356
-0.023334289438768	1.04640241848197	356
0.024025498304326	1.19422240469844	356
0.040466328982287	1.33244185341496	356
-0.111438625259192	0.688286231572949	356
-0.072474379765111	0.9822396645577	356
-0.100138182574005	1.00201678291104	356
-0.080347827276335	1.02992613006517	356
0.103103792860658	0.920314235459479	356
-0.118152516063103	0.719808846999889	356
-0.085168689072075	0.426825503724929	72
0.069489522994964	1.14017627657044	72
-0.114089377520949	0.580318984139933	72
-0.096095482193272	0.984644597544797	356
0.025605719754449	0.635701161121936	356
0.016187162583931	0.972789225563355	356
-0.047512912453871	1.01632035824394	356
-0.071915161553494	1.05748126089154	356
-0.080455574898294	0.9657413384001	356
-0.106735819229652	0.994787248375393	356
0.084575464909446	1.03747780125547	72
-0.004220644770566	0.993383819786312	23
-0.123162201079152	0.850719230191676	23
-0.062627136911933	0.825169057834725	356
-0.00748930531601999	1.15554890457397	356
0.093433124820432	1.40449915486683	23
-0.076409990245558	1.49377415460455	23
0.038361422724041	1.39216439883806	23
-0.123895072768368	0.417420213402928	23
0.06006916652712	1.33162389739356	356
-0.09687925761751	0.826805800741221	23
-0.056618549561667	0.741737199815957	23
-0.118217767500339	1.81881089539447	23
-0.039793349701278	1.79353637659597	23
0.0752125939464811	1.83070791699199	23
-0.123920410435832	0.735073290164758	23
0.055565340912037	1.11026843792364	23
0.012770047928951	1.23994457697899	356
0.016544043401779	0.786945736335968	356
0.00504920899086203	0.987511757877501	356
0.023019037251667	0.914135596172529	23
-0.10492821899049	0.888538695825673	23
-0.122258410364635	1.10988058243504	23
-0.10864956684953	1.58050985416516	23
-0.108113332034655	1.1954035145612	23
-0.07029602012934	1.28454682224606	23
-0.018755502055134	0.760591540530358	23
-0.058361085254566	0.659958109866205	23
-0.088393502888679	0.819652698937117	356
-0.079005791471442	0.967759939106175	356
0.048313124920754	1.48058004156414	356
-0.089874971099869	1.11067657470219	356
0.087227733147056	1.6189144660106	356
0.031656378821822	1.25021633267834	23
-0.111668236229515	0.584938005611724	356
-0.043905284127964	0.443458008730918	356
-0.022780918835516	0.694701711980207	23
-0.099067798124697	0.562815818073561	23
-0.067445591454564	1.10948304541113	23
-0.055933591006159	1.96395549751232	23
-0.123817217099776	1.55854523848743	23
-0.013736774273395	1.44539249737443	23
0.040029620572938	1.40400735008498	23
-0.106848352044521	0.928259577515167	23
-0.070567024728664	1.3482720599777	23
-0.110270715318475	1.19422779218188	23
0.118539936840219	1.90759388472306	23
-0.02537353989434	1.07213326390021	23
-0.124039365370635	0.75887653602488	23
0.088843191683978	0.901065999628758	356
0.065982997793274	1.19099723143071	356
-0.066605464853193	0.965627820810493	356
-0.051717911112733	1.11012688412681	23
-0.055359781590356	1.04615167140836	23
-0.059526217683006	1.0147542021118	23
0.03457476066706	0.71778848230218	356
-0.120506367317243	0.768488953933756	356
-0.027998343436744	0.666856039113499	23
0.106109776929418	1.8619840202603	23
-0.115335204725464	0.95048287981203	23
-0.121651546853367	1.93686958879325	23
-0.04769721565617	2.25441436463971	23
-0.00302659024256602	1.61369506084503	23
-0.015812311693981	1.19742910203543	23
-0.075332151574358	0.796037803830445	23
0.0502993384028581	1.64392260884111	23
0.09268670389636	1.73855837326339	23
-0.016951659335879	1.46158238159404	23
-0.067238627445125	0.601741288901384	356
0.057774279964111	1.59228209048938	356
-0.072013089442526	1.11603207405266	356
0.00378408709839495	0.655803444369017	23
0.024138992697882	1.5379687900103	23
-0.081191357789382	1.22537425590437	23
-0.081180328546594	2.36828080966688	23
-0.057201318263297	1.37869509044427	23
-0.07810222072847	0.787875539683603	356
-0.050566047152613	1.0138288485969	23
-0.016332428620726	0.597077301191369	356
-0.107395885131775	0.680923051624246	23
0.051963503987149	0.913925751621834	23
0.0411987261321251	0.999158987774642	23
-0.041523385563559	0.774173839623153	356
0.057572315135495	1.06170530885932	356
0.073858925639825	1.90216869879376	356
-0.056043683574997	0.796375364477402	356
-0.099438613663865	0.678312697425023	23
-0.00352847520071598	1.46704831786579	23
-0.017578977285871	0.876337367946445	23
-0.066258676621128	0.696148483194023	23
-0.0905878083833	0.58078937230515	23
-0.11926414179166	0.991439722753162	356
0.09566051822321	0.885740646079731	23
0.056794708316076	0.994968823353134	23
-0.109631709904885	1.14525270070846	356
-0.124693023352246	1.38581383049126	23
-0.03344297803761	0.817877273658335	23
0.011117577501543	1.09941199867896	23
-0.068901624592256	2.45118300133664	23
-0.03019997871471	1.22967394664816	23
-0.116193257952023	1.21762457849137	23
-0.09042696653819	0.959364422501072	23
0.00636418576855302	1.10758656661052	23
0.007712411611421	0.738459559209103	23
-0.05820230043172	0.861825496660474	23
0.047935056862889	1.1208584447703	23
0.041135574351888	0.946399487207669	23
-0.046144339934075	0.919420898162431	23
0.023070155795527	0.861272923455044	23
-0.122837443797815	0.539858429777629	23
0.020774386453546	0.81360045564664	356
-0.067057930986136	1.14907284194346	23
-0.059133939350342	1.26318919609688	23
-0.063019136272354	0.670750516902081	356
0.044422729179931	1.38666689376954	356
-0.051231916929866	0.837611032371458	23
0.036007972863657	1.31571753439989	23
-0.082910480894288	0.613409438007178	356
-0.113904751313873	0.632381565505577	356
-0.033438707106465	0.528287117664113	23
-0.047472159217473	0.664975584534382	23
-0.083948632407326	0.916533989479993	23
-0.122870235347667	0.484344371020216	23
-0.093357930627392	1.00146901040982	23
-0.113048264926896	0.961232521958486	23
0.00995575312114205	1.90843293352724	23
-0.026303912776454	1.08437142732446	23
-0.015025878397774	0.95432114239847	23
-0.10767317140753	0.51387052461158	23
-0.069125070774668	1.00591593303938	23
-0.054058863639595	0.494564459216845	23
0.07029456470425	1.15999230871432	23
-0.014296344936657	0.926703798843983	23
-0.123191509042639	0.738306707998949	23
-0.060335608809736	1.65028949504532	23
-0.122208366686902	1.35375520229805	23
0.032281430391001	2.15909106233209	23
-0.068768320957331	1.34125003645778	23
-0.081662348440246	0.849502743974335	23
0.0733833994583461	1.4664218079102	23
-0.079401363971512	0.656550917043642	356
-0.105662910486816	0.473761722865343	356
-0.106912520734035	0.564903707858541	23
0.033432862685871	1.35736063459039	23
-0.013457683467409	1.1695374169013	23
-0.061240205678076	0.684444722255	23
0.0398875609306349	1.49788619230223	23
0.025100662886387	1.21574114096983	23
-0.012161109739369	1.86813215069299	23
0.037243473706965	1.19056998519998	356
-0.023094194879961	0.89993446383402	356
-0.051672770559257	0.963714506040365	23
-0.08857543072313	0.878598189645677	23
-0.059095044416971	0.749645044109008	23
0.081646874972567	1.19022644626581	23
0.04710305993339	1.21432988336998	23
-0.022860518603258	1.17812380662447	23
-0.00389166985408901	1.29487309317941	23
-0.029779157991849	0.947972805992356	23
0.0601219054032	1.34711806414235	23
0.02517336335642	0.756393324566963	356
0.076247338460286	0.66998502759646	356
-0.087322532156145	0.935294414824951	356
-0.111223801426067	0.766536076580286	23
0.014789470359123	1.18768973773694	23
-0.113992811687384	0.794047192260528	23
-0.042804120266516	0.773747260727711	489
0.00745234377458903	0.541032337449185	489
-0.114140776094456	0.92043948388902	23
-0.00195612418318197	1.23484062955212	23
-0.046700340571104	1.03873389224778	23
-0.058733830813239	1.83082549791133	23
-0.029183479927238	1.06436232111421	23
-0.101059761333432	0.640456637153643	356
-0.055551167550955	1.03007381491454	356
-0.106669647848427	1.08209665850499	356
0.014889754815572	1.46636804901033	23
0.067144373561041	1.58504702976517	489
0.026012873489221	0.928460427919024	489
-0.08891819724431	0.514775221894541	489
0.116693196016295	0.838768694826454	489
-0.11443715073228	0.87289421738114	23
-0.112315271701378	1.02926620430295	23
-0.117239602478094	0.511056958915142	23
-0.07708434509126	0.656310985279687	23
-0.093376005130422	0.684853190137463	356
-0.063163836254526	1.16352659036146	356
-0.023689105866451	0.933010375566944	356
0.11279884378557	1.4182022838296	356
-0.105913860685646	0.8090242128102	356
-0.067905199658089	1.09723821545801	23
0.072047938876341	1.20452647348916	489
0.085234164821672	1.23462414812378	489
-0.074113619226519	0.797268625822608	489
-0.124981491606088	0.709146444611322	489
-0.093659511961103	1.39113190332053	23
-0.085556745182055	1.37477695050599	23
-0.04787344350771	2.24271508389969	23
-0.00878453208807301	2.26372556639424	23
-0.04896821030439	1.11019868358451	356
-0.01401706574154	1.0403202429182	356
-0.115932707878346	0.883732948855228	23
-0.109217091210632	0.830888796218439	489
-0.037420443524809	1.10712360825981	23
0.120650933593629	1.49798587601143	23
-0.00375005860433197	1.17684727886349	23
-0.0931464473932	0.948359783249486	23
0.00595253622209302	1.14023201669736	23
-0.068956769900165	2.41401826288959	23
-0.04867188696527	0.807804294023036	356
-0.123986641827648	0.848889459602737	356
-0.114520403038501	0.619396006013854	23
-0.076314263120857	0.748428681069072	23
-0.047170487893325	1.35180651528678	23
-0.113392012811237	2.45075801601822	23
-0.106492207843857	1.46782220925462	23
0.034790467142312	0.697571923960223	356
0.111513774554672	1.10323644691603	489
-0.068334652349346	0.501305635366212	489
0.028328908841483	1.36538931332178	23
-0.010779069519642	0.692233262129092	23
-0.094364077160007	2.38062800633582	23
-0.00336694937895898	0.811563926972372	356
0.10904397395659	1.65066008246001	23
-0.099126101180165	0.93893090372133	23
-0.088390134183548	0.928913630039112	23
0.075089663953349	0.878908884176004	23
0.050271772270158	0.981701821929255	23
-0.118639210030433	0.788977047079126	489
-0.059441683739041	0.902116976910771	23
-0.02034923802206	1.12281407083111	23
-0.030164056551876	1.224047002642	23
-0.06035025201632	0.947463145743663	23
0.021245293704844	1.30841936905535	23
-0.120068604073407	0.641272362329813	489
-0.077318920933997	0.884437863722521	23
0.103582768318078	1.1206522690479	489
0.028486874526207	1.04655735599512	23
-0.03781651515045	0.867946476894025	23
-0.000820877801825992	1.10288563483937	23
-0.000838850994938023	0.683881257898459	489
0.036874748846766	0.992963640356507	23
-0.058824940678685	0.738878722189431	23
-0.056542339360715	0.827300577534555	23
-0.010936716235594	1.04589615590558	23
0.081133870021772	1.19152319193395	23
-0.080465910013899	0.988082263956436	23
-0.010281625795688	1.15211802904422	489
-0.110002866861104	0.742053707796059	489
-0.026470956970978	1.0985001988288	489
-0.118413203523362	0.840641840825359	489
-0.05120690760142	0.431361562942379	23
-0.084257851414404	0.794937226738364	23
0.032931558812037	1.37002743696644	23
0.058740679713342	1.37434232954694	23
-0.116300371629149	0.521712035734984	23
-0.035058074905269	0.69505145939614	23
-0.088299026077967	0.894867621027375	23
-0.071756635014836	0.590627950161497	489
-0.085142764332552	0.953581522700834	489
-0.118149756841211	0.970904519104829	489
-0.080404151064866	0.981927562389258	489
0.07528188393562	1.51402188318693	489
-0.058280355782271	0.881025565703004	489
-0.055902704037413	0.601935658658069	23
-0.040078239754343	0.795147485288143	23
-0.099549590653477	0.728188129947638	23
0.109266533248645	1.16246778155679	489
-0.114726065274561	0.974559791734772	489
-0.082197099955774	0.960575665658117	489
-0.121247550091567	0.695810717921044	23
0.092049415998978	0.749094630585342	23
-0.094140144075254	0.897680517763055	432
-0.114191975638132	0.852262171722582	432
0.046421083799025	1.49375398525298	489
-0.115928176183354	1.00508539949367	489
0.04897629752507	1.5527267223897	489
-0.072899495877281	0.784190814327149	23
-0.110456743073398	0.803355723496347	432
0.098425930779987	1.33707202360151	489
-0.00383309997929399	1.29563269751093	489
0.051297884390929	1.45461180193436	489
-0.096830709037027	1.0139301163908	489
-0.030453301084157	1.31599975515601	489
-0.043470553557677	0.594540596839298	23
-0.093665673277588	0.956111589208149	23
-0.031797699881621	1.24060765385802	23
-0.090750839183486	1.30213383915793	489
-0.112070589117751	1.11723918250201	489
-0.077707332298072	1.06648078021889	489
0.00764138164716	1.41293914947977	489
-0.117372937619479	0.909654417850864	489
-0.063493296013995	1.14933867585432	489
-0.03763574351486	1.14894433317249	23
0.029249770808917	1.33714674820256	23
-0.096051259112884	0.675992208430554	23
0.027132261472956	0.933561014038547	23
0.00362949002728596	0.976796014489529	23
-0.112469006190504	1.00199116217141	432
0.0130796515926001	1.07253370380487	489
-0.045178305961174	0.995836338209756	489
-0.103883809154551	1.05927906408181	489
-0.109016132579551	0.775117547854727	489
-0.00616865824784502	1.15396252786783	489
-0.116818389645423	0.816547023734999	489
-0.114645625916543	0.859823656299846	489
-0.00521493991441702	1.00548161901643	23
0.120182298557816	1.17448663964722	23
-0.014382827423992	1.1615802045164	432
-0.033924271661428	1.18502724352467	489
-0.063686787727506	1.29785295499283	489
0.011603904493672	1.57772749135355	489
-0.079761261557865	1.08016508205938	489
0.046448180685798	1.48319131993786	489
0.102072758394151	1.77951339024507	489
0.121384518696062	1.32641144358446	23
0.045782395287975	1.00780577674629	23
-0.018621393995986	0.990682144175437	432
0.008959019159968	1.26283974234306	489
-0.02078793275052	1.63675825928512	489
-0.061574110226003	1.01121224081239	489
-0.118595223274291	1.06018947453129	489
-0.111886250040447	0.595168487897859	432
0.00546329478196195	1.41752745393679	432
-0.031260132661458	1.24460656394488	432
-0.011497099619787	1.12275014533703	489
-0.091053185913895	1.20147950848122	489
-0.038876777119219	1.48146559186425	489
-0.081069188907928	1.06001263058866	489
-0.062359932140494	0.79093602897951	432
-0.108790512274458	0.833567832331753	489
0.112743227662879	2.12688784020745	489
0.059728301739526	1.25200810400726	23
-0.124318610730284	0.642078733128377	23
-0.122910942153555	0.523509344100987	432
-0.047702976345293	0.727301393623987	432
-0.109626367261274	0.800860443171857	432
-0.022616547229017	1.19845315047387	432
-0.11460284276224	0.881328070076982	432
-0.105011014455947	0.901473604789321	489
-0.053297189425792	1.32043386704561	489
0.098398133020667	2.29263261568356	489
-0.114852292020592	1.0358649696092	432
0.017143164785849	1.36013249566916	432
-0.103990835729654	0.93181663993705	489
-0.060116476673098	1.09504052711981	489
0.049154886628646	1.35443768000565	489
-0.043539629243442	1.20587834333267	489
-0.057806788678472	1.15303144994729	23
0.010173609174205	1.19895176615589	23
-0.00575746512176201	0.939731215028367	432
-0.010164222490709	1.63407379383893	489
-0.068039291146819	0.942346229388025	489
-0.122547367600418	1.13423003932358	489
-0.026425536391035	1.70590507236523	489
0.106339610553055	0.731223720658951	432
0.044177496963663	1.24460220753302	432
0.0443748479274469	1.23202787017119	432
-0.023264873540615	1.42103564982942	489
-0.085123864781106	1.41850694851245	489
-0.036469281904512	1.05157955161745	489
-0.024756744503148	0.678299104307699	23
-0.047836042877477	0.931975435826212	23
-0.070976254464648	0.58213920572859	432
-0.074561334163101	0.598490305282786	432
0.109678358585087	1.59494282929688	432
-0.085566079355097	1.02372710855728	244
0.02345894967447	1.28859155349727	489
0.00491077461688705	1.21327169660917	489
-0.084877583255278	0.906657657042322	489
-0.072728041600034	0.654272301272694	23
0.102696290549649	1.01402515657492	23
-0.100273238617864	0.612124855791611	23
-0.010527494876458	0.870831614114226	23
-0.061771918492862	0.918885104635641	432
-0.049705157924305	0.909125644963927	432
-0.000558803670642982	1.66916220622003	489
-0.068683775198327	1.0694553881386	489
-0.119733558725462	1.42719544885816	489
-0.123014711041214	1.55318600542311	489
-0.102631738734505	1.51478114235928	489
-0.11341422487006	1.44270382750599	489
-0.020135291780998	1.93851714244668	489
-0.057872981555004	1.33330781890335	244
0.112955212056656	1.58539335175538	489
-0.040872529711393	1.14479681506682	489
0.077044445193403	0.959386580775663	23
0.049174861755974	1.29307751047839	23
-0.090480745066353	0.720654708600795	432
0.029838090945315	1.29577063988509	432
-0.0748541483589	0.872675892575352	432
0.013652891954688	1.4924185241547	489
-0.015579370136121	1.63326573976892	489
0.027739700121596	2.09984886195391	489
-0.033062116364957	1.90367599192519	489
-0.048610382930285	1.67773713893041	489
0.00704327616895095	1.10310180492381	489
0.057738863266772	1.66358893410089	489
-0.123076589321151	0.36285484361872	23
-0.01228801305125	1.05619136558751	23
0.05508737719649	1.02315927194698	432
-0.00412403028121899	2.17377242785901	489
-0.084178112029802	1.61147767617779	489
0.054978889813564	1.90613347590054	489
0.0324354648878979	2.41058647136497	489
-0.031735214234056	2.39665850176205	489
0.021692804353187	2.43439097715348	489
0.037398075542158	2.43022716113341	489
-0.08782419233049	0.998126500965808	489
-0.020091342866695	0.58865443261618	23
0.042499155568433	1.30490544611726	23
0.03760959682204	1.32396781964226	23
-0.035691160950128	0.739423460987904	432
-0.118797602072868	0.506403304658789	432
0.04929659434431	1.4050753898564	432
0.088924011472538	1.52907306098141	432
0.00504106967543505	2.37675476688703	489
-0.077349295839713	2.13035097452903	489
-0.079851810082618	2.24055141826318	489
-0.113971556416003	1.66416064837637	489
-0.12044843284624	0.85160746924168	489
0.014990354347716	1.16184095342803	23
-0.00437598119138199	0.830388238956594	23
-0.039299646100771	0.924324493186379	432
0.094540134670983	1.47083846672177	432
0.094147198886461	1.2419159092441	23
-0.039747967382872	0.580974621533168	432
-0.093938907139599	0.722848452961687	432
-0.109995044030143	0.619300532818234	23
-0.041512534615196	0.911065026412331	23
-0.123025276690741	0.712482557607058	432
0.033845492839666	0.992722607482699	432
-0.046003020240932	0.792487297873775	432
0.047641334477701	1.05462059912289	489
-0.116764059207307	0.52212643769263	489
-0.051533182435096	0.669769060122877	23
-0.118961348616974	0.527934796183164	23
-0.060070665360748	0.612185328615794	23
0.099403870042343	0.946737169983719	23
-0.025898115078271	0.809347141033075	489
0.082238984457578	1.34079158324622	432
0.0602304553905521	0.859588592762142	489
-0.07422139125461	0.625234467791737	23
0.085143484879789	0.939871098828437	23
0.043781306644027	0.962051912426089	489
-0.068415754827501	0.549571467428972	489
0.056044177750298	0.823270123578557	489
-0.00840690190784799	0.609220215297011	23
0.026314360611371	0.841342010741801	432
-0.055009899515566	1.12106176363454	244
0.0356646067651371	0.920166056496262	23
-0.102235808602649	0.603845876963736	23
-0.00146979135098402	1.18896334606089	23
-0.096693859105504	0.80712731235308	489
0.000835606275450984	0.965755818459208	489
-0.122554900003921	0.636294242851561	489
0.033280577212684	1.17186435777556	23
0.0149362754368489	0.976264431699389	23
-0.058290088230836	1.23734810545234	489
0.049877757218912	1.07663512811315	489
0.020010959384426	1.03801480837679	23
0.026343682934187	1.19025938174109	432
0.07622038296962	1.36100492404782	432
-0.106106310786795	0.937941205673823	489
-0.069416644560796	0.798443157053662	489
0.111679391933403	1.76002314146328	489
-0.118663663482901	0.798444843560759	23
0.0122506211700369	1.20975125137383	432
-0.086805038844497	0.7762709538335	432
-0.079009123767407	0.782014400474282	432
-0.035292123972141	1.12884962568172	432
-0.022835325121505	1.21206607077469	432
-0.022428889089439	0.83056417928038	489
-0.00355711964771299	1.38893656562885	23
-0.098875677309967	0.871834887475112	23
-0.053310751878632	1.19389168290211	23
0.0706518417163809	1.07867914266658	23
-0.080342340445854	0.867779683374445	432
0.04717558821729	1.10033682083472	432
-0.076173136612884	1.05272516588655	432
-0.065353704729521	1.1256489692956	432
-0.083819236597194	1.43726160796324	489
0.0183352720186259	1.30169637582867	23
-0.10727734183504	0.943726664352942	432
0.0480461764743521	2.47555425994923	489
-0.112005914261694	1.4293857474889	489
-0.00522983525071802	1.41599882369389	23
-0.070578357062257	0.869030171045501	432
-0.010817199024147	1.40267822179325	432
-0.095261996170619	0.911219856318286	432
-0.02866061866718	1.30522500927315	432
-0.122829205994983	1.00678084078692	23
-0.080083248227622	1.01523337533095	23
0.0940642277052099	1.35451494821489	432
0.012054445417683	1.55234963248178	432
-0.086685609610469	0.896502388277767	23
0.085631900705927	1.91241116330112	23
-0.070437432888779	0.647003643472421	23
-0.116929538698165	0.648933824148167	432
-0.05632416659515	1.742831941675	489
-0.017483380065124	2.10140692528884	489
-0.100978213332354	1.29393045826227	23
0.025239857015839	1.70543682508849	432
0.038247297214896	1.63636509703687	432
-0.117796498251748	1.57230089225349	489
-0.070836497189208	2.02326007267594	489
-0.00751104779321399	0.847902316124764	23
-0.123968524740918	1.06178450477889	23
-0.024378075324737	0.884634354929397	23
-0.108167510469838	1.24327389221926	23
-0.116040370378102	1.09276971545845	23
-0.070565663005639	1.11156877703756	432
0.063581174098343	1.89909218964545	432
-0.10404506061914	2.04363494659714	489
-0.102230780209089	0.877404718730542	23
0.108934476151054	1.66187933228545	23
-0.092424240663068	0.652322230713877	23
-0.119827192994302	0.822755654828424	432
-0.119232912254976	1.04027890078661	23
0.00208203622304204	1.06827685912881	23
-0.113842365209106	1.2473578509422	23
-0.03995361303088	1.17356394426863	23
-0.087283395457916	1.26630764476673	432
-0.079108345064984	1.37226603505292	23
-0.048262321164308	1.30819385825987	432
-0.101405559792886	1.14883049316519	432
-0.091150202764057	0.762828501288203	23
-0.069196631598916	2.09397315111499	23
-0.034810975191867	2.17983891095294	23
-0.086015798888819	1.54631256093599	23
-0.076983536058884	1.48857264861973	23
0.0331290741738109	0.838132369779138	432
-0.021555123456136	1.12984404772143	432
-0.049912210474562	0.949710727038506	432
0.039110181359345	1.69583322249346	432
-0.042225278835128	2.45689527433285	23
-0.076495831301376	2.19238252870681	23
-0.074685446660714	2.16364718088506	23
-0.096694814192381	0.837881445178336	432
-0.108887244456975	0.81434887196613	432
-0.110525320200285	1.17635004534155	432
0.027676086965197	2.00385114810212	432
0.019651803824561	2.02481913527219	432
-0.090277652025985	2.22625868307753	23
-0.115151097910403	1.8798555998697	23
-0.06569585750441	2.1793044648233	23
-0.084294036826676	1.83988632440071	23
-0.016026968855841	2.03686459589778	23
-0.047202306826242	1.21171518154397	23
0.0249066254253511	1.21578969976382	432
-0.094359511164405	2.01032696116219	23
-0.066583992047425	1.75534558104237	23
-0.112605913698949	2.43538804319188	23
-0.031653002073192	1.92792830394685	23
-0.068487822214892	1.62330185584394	23
-0.027445934263153	2.12077578143488	23
0.065382280947144	1.50008442216895	432
0.022814595868172	1.2120526328317	432
-0.091199544425996	0.932383200650662	432
-0.071854098730286	1.41240436385977	432
-0.080195614519184	1.75124181305915	23
-0.114125854484169	2.23832296249956	23
-0.034750940441147	2.24142709800259	23
0.103493541513085	1.17589528075986	432
-0.124633733395017	1.98165086327349	23
-0.108923538137344	1.90307239097907	23
-0.067106761071014	1.98082358395891	23
-0.112006930348974	1.61161323189119	432
0.075784562506933	1.56030510930141	432
-0.081082134113699	2.12553956186161	23
-0.026462650771548	1.74343907071662	432
-0.071844883267915	2.03865997125964	432
-0.06228680677409	1.63623524023188	23
-0.089297749527671	2.25709604874257	432
-0.097058868139985	1.91822880873432	432
-0.036382825643852	0.724719914040452	432
-0.075968423713014	0.733487373737315	432
-0.086976488135569	0.780560594430241	432
-0.04189520254332	1.71901610334015	432
0.0459397054835891	1.82261605956343	432
-0.038973548740104	1.41311180044178	432
-0.087455637904869	1.58233105920963	432
-0.038588678423209	1.5975435403419	432
-0.093453809774178	1.11775745325771	432
-0.082095861182557	1.31616493032641	432
-0.091731140424739	1.49974173426618	432
0.028316826753943	1.25266426584788	432
-0.035471660968244	2.23970221693943	432
-0.073632138019063	1.65949448066605	432
-0.067134488530306	1.7632537135014	432
-0.084323423322736	1.54594789801851	432
-0.027915390531127	1.6450300602429	432
-0.012894014210631	1.57198108495017	432
-0.081081066246728	1.77453289920264	432
-0.101842723517525	1.5399520144258	432
-0.031723025814104	1.99667992534143	432
-0.032565607919158	2.18811984739926	432
-0.059285601916146	1.68498463474039	432
-0.050467361095194	2.26141439251624	432
-0.046318233215758	1.52233736107673	432
-0.031106228518095	2.1197796756274	432
-0.009578571552119	1.66944009438833	432
-0.108753346230154	1.9028376726256	432
-0.095349595810398	2.18011953725547	432
-0.052285667972785	2.08345030948581	432
-0.069005332836678	1.88924718860807	432
-0.093725728029894	1.92918818002426	432
-0.024562409794596	2.46613130657476	432
-0.077424994292953	2.11074948290574	432
-0.068184103303997	2.43995762189052	432
-0.079300153778211	2.32526935708826	432
0.022356093893667	1.8637759236969	432
0.013291425713553	2.09614199435416	432
-0.088737193136686	1.93817300588685	432
